[2025-02-21 08:48:40;INFO]====================================================================================================
[2025-02-21 08:48:40;INFO]Config
[2025-02-21 08:48:40;INFO]----------------------------------------------------------------------------------------------------
[2025-02-21 08:48:40;INFO]seed : 2025
[2025-02-21 08:48:40;INFO]mode : train
[2025-02-21 08:48:40;INFO]device : cuda
[2025-02-21 08:48:40;INFO]dataset_path : ../../../Datasets
[2025-02-21 08:48:40;INFO]dataset_name : wisigeq
[2025-02-21 08:48:40;INFO]source : {'d': 3}
[2025-02-21 08:48:40;INFO]num_classes : 6
[2025-02-21 08:48:40;INFO]backbone : scnn
[2025-02-21 08:48:40;INFO]lr : 0.001
[2025-02-21 08:48:40;INFO]batch_size : 128
[2025-02-21 08:48:40;INFO]train_epochs : 500
[2025-02-21 08:48:40;INFO]root_dir : ./result/wisigeq_scnn
[2025-02-21 08:48:40;INFO]work_dir : ./result/wisigeq_scnn/train/day3
[2025-02-21 08:48:40;INFO]logger : <Logger Logger_train (INFO)>
[2025-02-21 08:48:40;INFO]====================================================================================================


[2025-02-21 08:48:43;INFO]Start training ...
[2025-02-21 08:48:43;INFO]No. train samples: 3150
[2025-02-21 08:48:43;INFO]No. valid samples: 1350
[2025-02-21 08:48:43;INFO]----------------------------------------------------------------------------------------------------

[2025-02-21 08:48:43;INFO]Current Epoch: 1 / 500 | Learning Rate : 0.001
[2025-02-21 08:48:45;INFO]Train | Loss : 0.839926 | ACC : 2675/3150 (84.921%)
[2025-02-21 08:48:45;INFO]Valid | Loss : 0.800863 | ACC : 1206/1350 (89.333%)
[2025-02-21 08:48:45;INFO]      | Loss dropped from inf to 0.800863, model has been saved!

[2025-02-21 08:48:45;INFO]best epoch: 1, best loss: 0.800863
[2025-02-21 08:48:45;INFO]----------------------------------------------------------------------------------------------------

[2025-02-21 08:48:45;INFO]Current Epoch: 2 / 500 | Learning Rate : 0.00014644660940672617
[2025-02-21 08:48:45;INFO]Train | Loss : 0.520930 | ACC : 3092/3150 (98.159%)
[2025-02-21 08:48:45;INFO]Valid | Loss : 0.476246 | ACC : 1329/1350 (98.444%)
[2025-02-21 08:48:45;INFO]      | Loss dropped from 0.800863 to 0.476246, model has been saved!

[2025-02-21 08:48:45;INFO]best epoch: 2, best loss: 0.476246
[2025-02-21 08:48:45;INFO]----------------------------------------------------------------------------------------------------

[2025-02-21 08:48:45;INFO]Current Epoch: 3 / 500 | Learning Rate : 0.0004999999999999998
[2025-02-21 08:48:46;INFO]Train | Loss : 0.384910 | ACC : 3136/3150 (99.556%)
[2025-02-21 08:48:46;INFO]Valid | Loss : 0.442941 | ACC : 1349/1350 (99.926%)
[2025-02-21 08:48:46;INFO]      | Loss dropped from 0.476246 to 0.442941, model has been saved!

[2025-02-21 08:48:46;INFO]best epoch: 3, best loss: 0.442941
[2025-02-21 08:48:46;INFO]----------------------------------------------------------------------------------------------------

[2025-02-21 08:48:46;INFO]Current Epoch: 4 / 500 | Learning Rate : 0.0008535533905932656
[2025-02-21 08:48:46;INFO]Train | Loss : 0.361673 | ACC : 3140/3150 (99.683%)
[2025-02-21 08:48:46;INFO]Valid | Loss : 0.312674 | ACC : 1349/1350 (99.926%)
[2025-02-21 08:48:46;INFO]      | Loss dropped from 0.442941 to 0.312674, model has been saved!

[2025-02-21 08:48:46;INFO]best epoch: 4, best loss: 0.312674
[2025-02-21 08:48:46;INFO]----------------------------------------------------------------------------------------------------

[2025-02-21 08:48:46;INFO]Current Epoch: 5 / 500 | Learning Rate : 0.0
[2025-02-21 08:48:47;INFO]Train | Loss : 0.331774 | ACC : 3138/3150 (99.619%)
[2025-02-21 08:48:47;INFO]Valid | Loss : 0.316759 | ACC : 1350/1350 (100.000%)
[2025-02-21 08:48:47;INFO]      | Loss didn't drop!

[2025-02-21 08:48:47;INFO]best epoch: 4, best loss: 0.312674
[2025-02-21 08:48:47;INFO]----------------------------------------------------------------------------------------------------

[2025-02-21 08:48:47;INFO]Current Epoch: 6 / 500 | Learning Rate : 0.0008535533905932675
[2025-02-21 08:48:47;INFO]Train | Loss : 0.302889 | ACC : 3143/3150 (99.778%)
[2025-02-21 08:48:47;INFO]Valid | Loss : 0.292081 | ACC : 1349/1350 (99.926%)
[2025-02-21 08:48:47;INFO]      | Loss dropped from 0.312674 to 0.292081, model has been saved!

[2025-02-21 08:48:47;INFO]best epoch: 6, best loss: 0.292081
[2025-02-21 08:48:47;INFO]----------------------------------------------------------------------------------------------------

[2025-02-21 08:48:47;INFO]Current Epoch: 7 / 500 | Learning Rate : 0.0005000000000000214
[2025-02-21 08:48:48;INFO]Train | Loss : 0.292853 | ACC : 3147/3150 (99.905%)
[2025-02-21 08:48:48;INFO]Valid | Loss : 0.290080 | ACC : 1350/1350 (100.000%)
[2025-02-21 08:48:48;INFO]      | Loss dropped from 0.292081 to 0.290080, model has been saved!

[2025-02-21 08:48:48;INFO]best epoch: 7, best loss: 0.290080
[2025-02-21 08:48:48;INFO]----------------------------------------------------------------------------------------------------

[2025-02-21 08:48:48;INFO]Current Epoch: 8 / 500 | Learning Rate : 0.00014644660940673355
[2025-02-21 08:48:48;INFO]Train | Loss : 0.287427 | ACC : 3147/3150 (99.905%)
[2025-02-21 08:48:49;INFO]Valid | Loss : 0.366741 | ACC : 1310/1350 (97.037%)
[2025-02-21 08:48:49;INFO]      | Loss didn't drop!

[2025-02-21 08:48:49;INFO]best epoch: 7, best loss: 0.290080
[2025-02-21 08:48:49;INFO]----------------------------------------------------------------------------------------------------

[2025-02-21 08:48:49;INFO]Current Epoch: 9 / 500 | Learning Rate : 0.001
[2025-02-21 08:48:49;INFO]Train | Loss : 0.288534 | ACC : 3147/3150 (99.905%)
[2025-02-21 08:48:49;INFO]Valid | Loss : 0.260350 | ACC : 1350/1350 (100.000%)
[2025-02-21 08:48:49;INFO]      | Loss dropped from 0.290080 to 0.260350, model has been saved!

[2025-02-21 08:48:49;INFO]best epoch: 9, best loss: 0.260350
[2025-02-21 08:48:49;INFO]----------------------------------------------------------------------------------------------------

[2025-02-21 08:48:49;INFO]Current Epoch: 10 / 500 | Learning Rate : 0.00014644660940671945
[2025-02-21 08:48:50;INFO]Train | Loss : 0.275747 | ACC : 3148/3150 (99.937%)
[2025-02-21 08:48:50;INFO]Valid | Loss : 0.252453 | ACC : 1350/1350 (100.000%)
[2025-02-21 08:48:50;INFO]      | Loss dropped from 0.260350 to 0.252453, model has been saved!

[2025-02-21 08:48:50;INFO]best epoch: 10, best loss: 0.252453
[2025-02-21 08:48:50;INFO]----------------------------------------------------------------------------------------------------

[2025-02-21 08:48:50;INFO]Current Epoch: 11 / 500 | Learning Rate : 0.000499999999999981
[2025-02-21 08:48:50;INFO]Train | Loss : 0.256061 | ACC : 3149/3150 (99.968%)
[2025-02-21 08:48:50;INFO]Valid | Loss : 0.264880 | ACC : 1350/1350 (100.000%)
[2025-02-21 08:48:50;INFO]      | Loss didn't drop!

[2025-02-21 08:48:50;INFO]best epoch: 10, best loss: 0.252453
[2025-02-21 08:48:50;INFO]----------------------------------------------------------------------------------------------------

[2025-02-21 08:48:50;INFO]Current Epoch: 12 / 500 | Learning Rate : 0.0008535533905933208
[2025-02-21 08:48:51;INFO]Train | Loss : 0.252222 | ACC : 3147/3150 (99.905%)
[2025-02-21 08:48:51;INFO]Valid | Loss : 0.234781 | ACC : 1350/1350 (100.000%)
[2025-02-21 08:48:51;INFO]      | Loss dropped from 0.252453 to 0.234781, model has been saved!

[2025-02-21 08:48:51;INFO]best epoch: 12, best loss: 0.234781
[2025-02-21 08:48:51;INFO]----------------------------------------------------------------------------------------------------

[2025-02-21 08:48:51;INFO]Current Epoch: 13 / 500 | Learning Rate : 0.0
[2025-02-21 08:48:51;INFO]Train | Loss : 0.243498 | ACC : 3150/3150 (100.000%)
[2025-02-21 08:48:51;INFO]Valid | Loss : 0.288387 | ACC : 1350/1350 (100.000%)
[2025-02-21 08:48:51;INFO]      | Loss didn't drop!

[2025-02-21 08:48:51;INFO]best epoch: 12, best loss: 0.234781
[2025-02-21 08:48:51;INFO]----------------------------------------------------------------------------------------------------

[2025-02-21 08:48:51;INFO]Current Epoch: 14 / 500 | Learning Rate : 0.0008535533905933215
[2025-02-21 08:48:52;INFO]Train | Loss : 0.236683 | ACC : 3149/3150 (99.968%)
[2025-02-21 08:48:52;INFO]Valid | Loss : 0.257347 | ACC : 1350/1350 (100.000%)
[2025-02-21 08:48:52;INFO]      | Loss didn't drop!

[2025-02-21 08:48:52;INFO]best epoch: 12, best loss: 0.234781
[2025-02-21 08:48:52;INFO]----------------------------------------------------------------------------------------------------

[2025-02-21 08:48:52;INFO]Current Epoch: 15 / 500 | Learning Rate : 0.0005000000000000251
[2025-02-21 08:48:52;INFO]Train | Loss : 0.229282 | ACC : 3150/3150 (100.000%)
[2025-02-21 08:48:53;INFO]Valid | Loss : 0.217277 | ACC : 1350/1350 (100.000%)
[2025-02-21 08:48:53;INFO]      | Loss dropped from 0.234781 to 0.217277, model has been saved!

[2025-02-21 08:48:53;INFO]best epoch: 15, best loss: 0.217277
[2025-02-21 08:48:53;INFO]----------------------------------------------------------------------------------------------------

[2025-02-21 08:48:53;INFO]Current Epoch: 16 / 500 | Learning Rate : 0.0001464466094067354
[2025-02-21 08:48:53;INFO]Train | Loss : 0.225193 | ACC : 3149/3150 (99.968%)
[2025-02-21 08:48:53;INFO]Valid | Loss : 0.293327 | ACC : 1350/1350 (100.000%)
[2025-02-21 08:48:53;INFO]      | Loss didn't drop!

[2025-02-21 08:48:53;INFO]best epoch: 15, best loss: 0.217277
[2025-02-21 08:48:53;INFO]----------------------------------------------------------------------------------------------------

[2025-02-21 08:48:53;INFO]Current Epoch: 17 / 500 | Learning Rate : 0.0010000000000000633
[2025-02-21 08:48:54;INFO]Train | Loss : 0.215288 | ACC : 3150/3150 (100.000%)
[2025-02-21 08:48:54;INFO]Valid | Loss : 0.190882 | ACC : 1350/1350 (100.000%)
[2025-02-21 08:48:54;INFO]      | Loss dropped from 0.217277 to 0.190882, model has been saved!

[2025-02-21 08:48:54;INFO]best epoch: 17, best loss: 0.190882
[2025-02-21 08:48:54;INFO]----------------------------------------------------------------------------------------------------

[2025-02-21 08:48:54;INFO]Current Epoch: 18 / 500 | Learning Rate : 0.0001464466094067349
[2025-02-21 08:48:54;INFO]Train | Loss : 0.211091 | ACC : 3150/3150 (100.000%)
[2025-02-21 08:48:54;INFO]Valid | Loss : 0.219416 | ACC : 1350/1350 (100.000%)
[2025-02-21 08:48:54;INFO]      | Loss didn't drop!

[2025-02-21 08:48:54;INFO]best epoch: 17, best loss: 0.190882
[2025-02-21 08:48:54;INFO]----------------------------------------------------------------------------------------------------

[2025-02-21 08:48:54;INFO]Current Epoch: 19 / 500 | Learning Rate : 0.0005000000000000322
[2025-02-21 08:48:55;INFO]Train | Loss : 0.204870 | ACC : 3150/3150 (100.000%)
[2025-02-21 08:48:55;INFO]Valid | Loss : 0.233531 | ACC : 1349/1350 (99.926%)
[2025-02-21 08:48:55;INFO]      | Loss didn't drop!

[2025-02-21 08:48:55;INFO]best epoch: 17, best loss: 0.190882
[2025-02-21 08:48:55;INFO]----------------------------------------------------------------------------------------------------

[2025-02-21 08:48:55;INFO]Current Epoch: 20 / 500 | Learning Rate : 0.0008535533905932506
[2025-02-21 08:48:56;INFO]Train | Loss : 0.202883 | ACC : 3150/3150 (100.000%)
[2025-02-21 08:48:56;INFO]Valid | Loss : 0.192627 | ACC : 1350/1350 (100.000%)
[2025-02-21 08:48:56;INFO]      | Loss didn't drop!

[2025-02-21 08:48:56;INFO]best epoch: 17, best loss: 0.190882
[2025-02-21 08:48:56;INFO]----------------------------------------------------------------------------------------------------

[2025-02-21 08:48:56;INFO]Current Epoch: 21 / 500 | Learning Rate : 0.0
[2025-02-21 08:48:57;INFO]Train | Loss : 0.199728 | ACC : 3150/3150 (100.000%)
[2025-02-21 08:48:57;INFO]Valid | Loss : 0.221065 | ACC : 1349/1350 (99.926%)
[2025-02-21 08:48:57;INFO]      | Loss didn't drop!

[2025-02-21 08:48:57;INFO]best epoch: 17, best loss: 0.190882
[2025-02-21 08:48:57;INFO]----------------------------------------------------------------------------------------------------

[2025-02-21 08:48:57;INFO]Current Epoch: 22 / 500 | Learning Rate : 0.000853553390593335
[2025-02-21 08:48:58;INFO]Train | Loss : 0.193970 | ACC : 3150/3150 (100.000%)
[2025-02-21 08:48:58;INFO]Valid | Loss : 0.190105 | ACC : 1350/1350 (100.000%)
[2025-02-21 08:48:58;INFO]      | Loss dropped from 0.190882 to 0.190105, model has been saved!

[2025-02-21 08:48:58;INFO]best epoch: 22, best loss: 0.190105
[2025-02-21 08:48:58;INFO]----------------------------------------------------------------------------------------------------

[2025-02-21 08:48:58;INFO]Current Epoch: 23 / 500 | Learning Rate : 0.000499999999999992
[2025-02-21 08:48:59;INFO]Train | Loss : 0.186764 | ACC : 3150/3150 (100.000%)
[2025-02-21 08:48:59;INFO]Valid | Loss : 0.165411 | ACC : 1350/1350 (100.000%)
[2025-02-21 08:48:59;INFO]      | Loss dropped from 0.190105 to 0.165411, model has been saved!

[2025-02-21 08:48:59;INFO]best epoch: 23, best loss: 0.165411
[2025-02-21 08:48:59;INFO]----------------------------------------------------------------------------------------------------

[2025-02-21 08:48:59;INFO]Current Epoch: 24 / 500 | Learning Rate : 0.0001464466094067277
[2025-02-21 08:49:00;INFO]Train | Loss : 0.181221 | ACC : 3150/3150 (100.000%)
[2025-02-21 08:49:01;INFO]Valid | Loss : 0.248315 | ACC : 1349/1350 (99.926%)
[2025-02-21 08:49:01;INFO]      | Loss didn't drop!

[2025-02-21 08:49:01;INFO]best epoch: 23, best loss: 0.165411
[2025-02-21 08:49:01;INFO]----------------------------------------------------------------------------------------------------

[2025-02-21 08:49:01;INFO]Current Epoch: 25 / 500 | Learning Rate : 0.0010000000000000722
[2025-02-21 08:49:01;INFO]Train | Loss : 0.181703 | ACC : 3149/3150 (99.968%)
[2025-02-21 08:49:02;INFO]Valid | Loss : 0.158469 | ACC : 1350/1350 (100.000%)
[2025-02-21 08:49:02;INFO]      | Loss dropped from 0.165411 to 0.158469, model has been saved!

[2025-02-21 08:49:02;INFO]best epoch: 25, best loss: 0.158469
[2025-02-21 08:49:02;INFO]----------------------------------------------------------------------------------------------------

[2025-02-21 08:49:02;INFO]Current Epoch: 26 / 500 | Learning Rate : 0.00014644660940672642
[2025-02-21 08:49:03;INFO]Train | Loss : 0.174499 | ACC : 3150/3150 (100.000%)
[2025-02-21 08:49:03;INFO]Valid | Loss : 0.146912 | ACC : 1350/1350 (100.000%)
[2025-02-21 08:49:03;INFO]      | Loss dropped from 0.158469 to 0.146912, model has been saved!

[2025-02-21 08:49:03;INFO]best epoch: 26, best loss: 0.146912
[2025-02-21 08:49:03;INFO]----------------------------------------------------------------------------------------------------

[2025-02-21 08:49:03;INFO]Current Epoch: 27 / 500 | Learning Rate : 0.0005000000000000001
[2025-02-21 08:49:04;INFO]Train | Loss : 0.168986 | ACC : 3150/3150 (100.000%)
[2025-02-21 08:49:04;INFO]Valid | Loss : 0.192513 | ACC : 1350/1350 (100.000%)
[2025-02-21 08:49:04;INFO]      | Loss didn't drop!

[2025-02-21 08:49:04;INFO]best epoch: 26, best loss: 0.146912
[2025-02-21 08:49:04;INFO]----------------------------------------------------------------------------------------------------

[2025-02-21 08:49:04;INFO]Current Epoch: 28 / 500 | Learning Rate : 0.0008535533905931913
[2025-02-21 08:49:05;INFO]Train | Loss : 0.181324 | ACC : 3149/3150 (99.968%)
[2025-02-21 08:49:05;INFO]Valid | Loss : 0.255633 | ACC : 1338/1350 (99.111%)
[2025-02-21 08:49:05;INFO]      | Loss didn't drop!

[2025-02-21 08:49:05;INFO]best epoch: 26, best loss: 0.146912
[2025-02-21 08:49:05;INFO]----------------------------------------------------------------------------------------------------

[2025-02-21 08:49:05;INFO]Current Epoch: 29 / 500 | Learning Rate : 0.0
[2025-02-21 08:49:06;INFO]Train | Loss : 0.170195 | ACC : 3150/3150 (100.000%)
[2025-02-21 08:49:06;INFO]Valid | Loss : 0.195256 | ACC : 1350/1350 (100.000%)
[2025-02-21 08:49:06;INFO]      | Loss didn't drop!

[2025-02-21 08:49:06;INFO]best epoch: 26, best loss: 0.146912
[2025-02-21 08:49:06;INFO]----------------------------------------------------------------------------------------------------

[2025-02-21 08:49:06;INFO]Current Epoch: 30 / 500 | Learning Rate : 0.0008535533905932689
[2025-02-21 08:49:07;INFO]Train | Loss : 0.160508 | ACC : 3150/3150 (100.000%)
[2025-02-21 08:49:07;INFO]Valid | Loss : 0.200726 | ACC : 1349/1350 (99.926%)
[2025-02-21 08:49:07;INFO]      | Loss didn't drop!

[2025-02-21 08:49:07;INFO]best epoch: 26, best loss: 0.146912
[2025-02-21 08:49:07;INFO]----------------------------------------------------------------------------------------------------

[2025-02-21 08:49:07;INFO]Current Epoch: 31 / 500 | Learning Rate : 0.0004999999999999518
[2025-02-21 08:49:08;INFO]Train | Loss : 0.158759 | ACC : 3150/3150 (100.000%)
[2025-02-21 08:49:08;INFO]Valid | Loss : 0.161288 | ACC : 1350/1350 (100.000%)
[2025-02-21 08:49:08;INFO]      | Loss didn't drop!

[2025-02-21 08:49:08;INFO]best epoch: 26, best loss: 0.146912
[2025-02-21 08:49:08;INFO]----------------------------------------------------------------------------------------------------

[2025-02-21 08:49:08;INFO]Current Epoch: 32 / 500 | Learning Rate : 0.0001464466094067151
[2025-02-21 08:49:09;INFO]Train | Loss : 0.155150 | ACC : 3150/3150 (100.000%)
[2025-02-21 08:49:09;INFO]Valid | Loss : 0.177696 | ACC : 1350/1350 (100.000%)
[2025-02-21 08:49:09;INFO]      | Loss didn't drop!

[2025-02-21 08:49:09;INFO]best epoch: 26, best loss: 0.146912
[2025-02-21 08:49:09;INFO]----------------------------------------------------------------------------------------------------

[2025-02-21 08:49:09;INFO]Current Epoch: 33 / 500 | Learning Rate : 0.0010000000000000002
[2025-02-21 08:49:10;INFO]Train | Loss : 0.153129 | ACC : 3150/3150 (100.000%)
[2025-02-21 08:49:10;INFO]Valid | Loss : 0.135562 | ACC : 1350/1350 (100.000%)
[2025-02-21 08:49:10;INFO]      | Loss dropped from 0.146912 to 0.135562, model has been saved!

[2025-02-21 08:49:10;INFO]best epoch: 33, best loss: 0.135562
[2025-02-21 08:49:10;INFO]----------------------------------------------------------------------------------------------------

[2025-02-21 08:49:10;INFO]Current Epoch: 34 / 500 | Learning Rate : 0.0001464466094067694
[2025-02-21 08:49:11;INFO]Train | Loss : 0.143897 | ACC : 3150/3150 (100.000%)
[2025-02-21 08:49:11;INFO]Valid | Loss : 0.150679 | ACC : 1350/1350 (100.000%)
[2025-02-21 08:49:11;INFO]      | Loss didn't drop!

[2025-02-21 08:49:11;INFO]best epoch: 33, best loss: 0.135562
[2025-02-21 08:49:11;INFO]----------------------------------------------------------------------------------------------------

[2025-02-21 08:49:11;INFO]Current Epoch: 35 / 500 | Learning Rate : 0.000500000000000137
[2025-02-21 08:49:12;INFO]Train | Loss : 0.142930 | ACC : 3150/3150 (100.000%)
[2025-02-21 08:49:12;INFO]Valid | Loss : 0.136748 | ACC : 1350/1350 (100.000%)
[2025-02-21 08:49:12;INFO]      | Loss didn't drop!

[2025-02-21 08:49:12;INFO]best epoch: 33, best loss: 0.135562
[2025-02-21 08:49:12;INFO]----------------------------------------------------------------------------------------------------

[2025-02-21 08:49:12;INFO]Current Epoch: 36 / 500 | Learning Rate : 0.0008535533905934294
[2025-02-21 08:49:13;INFO]Train | Loss : 0.141719 | ACC : 3150/3150 (100.000%)
[2025-02-21 08:49:13;INFO]Valid | Loss : 0.131612 | ACC : 1349/1350 (99.926%)
[2025-02-21 08:49:13;INFO]      | Loss dropped from 0.135562 to 0.131612, model has been saved!

[2025-02-21 08:49:13;INFO]best epoch: 36, best loss: 0.131612
[2025-02-21 08:49:13;INFO]----------------------------------------------------------------------------------------------------

[2025-02-21 08:49:13;INFO]Current Epoch: 37 / 500 | Learning Rate : 0.0
[2025-02-21 08:49:14;INFO]Train | Loss : 0.135819 | ACC : 3150/3150 (100.000%)
[2025-02-21 08:49:14;INFO]Valid | Loss : 0.125388 | ACC : 1350/1350 (100.000%)
[2025-02-21 08:49:14;INFO]      | Loss dropped from 0.131612 to 0.125388, model has been saved!

[2025-02-21 08:49:14;INFO]best epoch: 37, best loss: 0.125388
[2025-02-21 08:49:14;INFO]----------------------------------------------------------------------------------------------------

[2025-02-21 08:49:14;INFO]Current Epoch: 38 / 500 | Learning Rate : 0.000853553390593364
[2025-02-21 08:49:15;INFO]Train | Loss : 0.134621 | ACC : 3150/3150 (100.000%)
[2025-02-21 08:49:15;INFO]Valid | Loss : 0.210472 | ACC : 1345/1350 (99.630%)
[2025-02-21 08:49:15;INFO]      | Loss didn't drop!

[2025-02-21 08:49:15;INFO]best epoch: 37, best loss: 0.125388
[2025-02-21 08:49:15;INFO]----------------------------------------------------------------------------------------------------

[2025-02-21 08:49:15;INFO]Current Epoch: 39 / 500 | Learning Rate : 0.0005000000000000043
[2025-02-21 08:49:16;INFO]Train | Loss : 0.133620 | ACC : 3150/3150 (100.000%)
[2025-02-21 08:49:16;INFO]Valid | Loss : 0.102493 | ACC : 1350/1350 (100.000%)
[2025-02-21 08:49:16;INFO]      | Loss dropped from 0.125388 to 0.102493, model has been saved!

[2025-02-21 08:49:16;INFO]best epoch: 39, best loss: 0.102493
[2025-02-21 08:49:16;INFO]----------------------------------------------------------------------------------------------------

[2025-02-21 08:49:16;INFO]Current Epoch: 40 / 500 | Learning Rate : 0.00014644660940672243
[2025-02-21 08:49:17;INFO]Train | Loss : 0.128732 | ACC : 3150/3150 (100.000%)
[2025-02-21 08:49:18;INFO]Valid | Loss : 0.155239 | ACC : 1349/1350 (99.926%)
[2025-02-21 08:49:18;INFO]      | Loss didn't drop!

[2025-02-21 08:49:18;INFO]best epoch: 39, best loss: 0.102493
[2025-02-21 08:49:18;INFO]----------------------------------------------------------------------------------------------------

[2025-02-21 08:49:18;INFO]Current Epoch: 41 / 500 | Learning Rate : 0.0010000000000002884
[2025-02-21 08:49:18;INFO]Train | Loss : 0.123513 | ACC : 3150/3150 (100.000%)
[2025-02-21 08:49:19;INFO]Valid | Loss : 0.119602 | ACC : 1350/1350 (100.000%)
[2025-02-21 08:49:19;INFO]      | Loss didn't drop!

[2025-02-21 08:49:19;INFO]best epoch: 39, best loss: 0.102493
[2025-02-21 08:49:19;INFO]----------------------------------------------------------------------------------------------------

[2025-02-21 08:49:19;INFO]Current Epoch: 42 / 500 | Learning Rate : 0.0001464466094067509
[2025-02-21 08:49:20;INFO]Train | Loss : 0.122097 | ACC : 3150/3150 (100.000%)
[2025-02-21 08:49:20;INFO]Valid | Loss : 0.120293 | ACC : 1350/1350 (100.000%)
[2025-02-21 08:49:20;INFO]      | Loss didn't drop!

[2025-02-21 08:49:20;INFO]best epoch: 39, best loss: 0.102493
[2025-02-21 08:49:20;INFO]----------------------------------------------------------------------------------------------------

[2025-02-21 08:49:20;INFO]Current Epoch: 43 / 500 | Learning Rate : 0.0005000000000000981
[2025-02-21 08:49:21;INFO]Train | Loss : 0.119523 | ACC : 3150/3150 (100.000%)
[2025-02-21 08:49:21;INFO]Valid | Loss : 0.122604 | ACC : 1350/1350 (100.000%)
[2025-02-21 08:49:21;INFO]      | Loss didn't drop!

[2025-02-21 08:49:21;INFO]best epoch: 39, best loss: 0.102493
[2025-02-21 08:49:21;INFO]----------------------------------------------------------------------------------------------------

[2025-02-21 08:49:21;INFO]Current Epoch: 44 / 500 | Learning Rate : 0.00085355339059337
[2025-02-21 08:49:22;INFO]Train | Loss : 0.116613 | ACC : 3150/3150 (100.000%)
[2025-02-21 08:49:22;INFO]Valid | Loss : 0.111611 | ACC : 1350/1350 (100.000%)
[2025-02-21 08:49:22;INFO]      | Loss didn't drop!

[2025-02-21 08:49:22;INFO]best epoch: 39, best loss: 0.102493
[2025-02-21 08:49:22;INFO]----------------------------------------------------------------------------------------------------

[2025-02-21 08:49:22;INFO]Current Epoch: 45 / 500 | Learning Rate : 0.0
[2025-02-21 08:49:23;INFO]Train | Loss : 0.115608 | ACC : 3150/3150 (100.000%)
[2025-02-21 08:49:23;INFO]Valid | Loss : 0.111982 | ACC : 1350/1350 (100.000%)
[2025-02-21 08:49:23;INFO]      | Loss didn't drop!

[2025-02-21 08:49:23;INFO]best epoch: 39, best loss: 0.102493
[2025-02-21 08:49:23;INFO]----------------------------------------------------------------------------------------------------

[2025-02-21 08:49:23;INFO]Current Epoch: 46 / 500 | Learning Rate : 0.0008535533905933007
[2025-02-21 08:49:24;INFO]Train | Loss : 0.111796 | ACC : 3150/3150 (100.000%)
[2025-02-21 08:49:25;INFO]Valid | Loss : 0.113387 | ACC : 1350/1350 (100.000%)
[2025-02-21 08:49:25;INFO]      | Loss didn't drop!

[2025-02-21 08:49:25;INFO]best epoch: 39, best loss: 0.102493
[2025-02-21 08:49:25;INFO]----------------------------------------------------------------------------------------------------

[2025-02-21 08:49:25;INFO]Current Epoch: 47 / 500 | Learning Rate : 0.000499999999999957
[2025-02-21 08:49:26;INFO]Train | Loss : 0.114375 | ACC : 3150/3150 (100.000%)
[2025-02-21 08:49:26;INFO]Valid | Loss : 0.107848 | ACC : 1349/1350 (99.926%)
[2025-02-21 08:49:26;INFO]      | Loss didn't drop!

[2025-02-21 08:49:26;INFO]best epoch: 39, best loss: 0.102493
[2025-02-21 08:49:26;INFO]----------------------------------------------------------------------------------------------------

[2025-02-21 08:49:26;INFO]Current Epoch: 48 / 500 | Learning Rate : 0.0001464466094067199
[2025-02-21 08:49:28;INFO]Train | Loss : 0.109985 | ACC : 3150/3150 (100.000%)
[2025-02-21 08:49:28;INFO]Valid | Loss : 0.139875 | ACC : 1350/1350 (100.000%)
[2025-02-21 08:49:28;INFO]      | Loss didn't drop!

[2025-02-21 08:49:28;INFO]best epoch: 39, best loss: 0.102493
[2025-02-21 08:49:28;INFO]----------------------------------------------------------------------------------------------------

[2025-02-21 08:49:28;INFO]Current Epoch: 49 / 500 | Learning Rate : 0.0010000000000002162
[2025-02-21 08:49:29;INFO]Train | Loss : 0.107411 | ACC : 3150/3150 (100.000%)
[2025-02-21 08:49:29;INFO]Valid | Loss : 0.097498 | ACC : 1350/1350 (100.000%)
[2025-02-21 08:49:29;INFO]      | Loss dropped from 0.102493 to 0.097498, model has been saved!

[2025-02-21 08:49:29;INFO]best epoch: 49, best loss: 0.097498
[2025-02-21 08:49:29;INFO]----------------------------------------------------------------------------------------------------

[2025-02-21 08:49:29;INFO]Current Epoch: 50 / 500 | Learning Rate : 0.00014644660940674238
[2025-02-21 08:49:31;INFO]Train | Loss : 0.104506 | ACC : 3150/3150 (100.000%)
[2025-02-21 08:49:31;INFO]Valid | Loss : 0.105616 | ACC : 1350/1350 (100.000%)
[2025-02-21 08:49:31;INFO]      | Loss didn't drop!

[2025-02-21 08:49:31;INFO]best epoch: 49, best loss: 0.097498
[2025-02-21 08:49:31;INFO]----------------------------------------------------------------------------------------------------

[2025-02-21 08:49:31;INFO]Current Epoch: 51 / 500 | Learning Rate : 0.0005000000000000591
[2025-02-21 08:49:33;INFO]Train | Loss : 0.101288 | ACC : 3150/3150 (100.000%)
[2025-02-21 08:49:33;INFO]Valid | Loss : 0.104313 | ACC : 1350/1350 (100.000%)
[2025-02-21 08:49:33;INFO]      | Loss didn't drop!

[2025-02-21 08:49:33;INFO]best epoch: 49, best loss: 0.097498
[2025-02-21 08:49:33;INFO]----------------------------------------------------------------------------------------------------

[2025-02-21 08:49:33;INFO]Current Epoch: 52 / 500 | Learning Rate : 0.0008535533905933027
[2025-02-21 08:49:35;INFO]Train | Loss : 0.101047 | ACC : 3150/3150 (100.000%)
[2025-02-21 08:49:35;INFO]Valid | Loss : 0.089928 | ACC : 1350/1350 (100.000%)
[2025-02-21 08:49:35;INFO]      | Loss dropped from 0.097498 to 0.089928, model has been saved!

[2025-02-21 08:49:35;INFO]best epoch: 52, best loss: 0.089928
[2025-02-21 08:49:35;INFO]----------------------------------------------------------------------------------------------------

[2025-02-21 08:49:35;INFO]Current Epoch: 53 / 500 | Learning Rate : 0.0
[2025-02-21 08:49:37;INFO]Train | Loss : 0.100943 | ACC : 3150/3150 (100.000%)
[2025-02-21 08:49:37;INFO]Valid | Loss : 0.119119 | ACC : 1350/1350 (100.000%)
[2025-02-21 08:49:37;INFO]      | Loss didn't drop!

[2025-02-21 08:49:37;INFO]best epoch: 52, best loss: 0.089928
[2025-02-21 08:49:37;INFO]----------------------------------------------------------------------------------------------------

[2025-02-21 08:49:37;INFO]Current Epoch: 54 / 500 | Learning Rate : 0.0008535533905932371
[2025-02-21 08:49:39;INFO]Train | Loss : 0.098483 | ACC : 3150/3150 (100.000%)
[2025-02-21 08:49:40;INFO]Valid | Loss : 0.092428 | ACC : 1350/1350 (100.000%)
[2025-02-21 08:49:40;INFO]      | Loss didn't drop!

[2025-02-21 08:49:40;INFO]best epoch: 52, best loss: 0.089928
[2025-02-21 08:49:40;INFO]----------------------------------------------------------------------------------------------------

[2025-02-21 08:49:40;INFO]Current Epoch: 55 / 500 | Learning Rate : 0.0004999999999999381
[2025-02-21 08:49:41;INFO]Train | Loss : 0.097200 | ACC : 3150/3150 (100.000%)
[2025-02-21 08:49:42;INFO]Valid | Loss : 0.087849 | ACC : 1350/1350 (100.000%)
[2025-02-21 08:49:42;INFO]      | Loss dropped from 0.089928 to 0.087849, model has been saved!

[2025-02-21 08:49:42;INFO]best epoch: 55, best loss: 0.087849
[2025-02-21 08:49:42;INFO]----------------------------------------------------------------------------------------------------

[2025-02-21 08:49:42;INFO]Current Epoch: 56 / 500 | Learning Rate : 0.00014644660940671717
[2025-02-21 08:49:43;INFO]Train | Loss : 0.093746 | ACC : 3150/3150 (100.000%)
[2025-02-21 08:49:44;INFO]Valid | Loss : 0.096045 | ACC : 1350/1350 (100.000%)
[2025-02-21 08:49:44;INFO]      | Loss didn't drop!

[2025-02-21 08:49:44;INFO]best epoch: 55, best loss: 0.087849
[2025-02-21 08:49:44;INFO]----------------------------------------------------------------------------------------------------

[2025-02-21 08:49:44;INFO]Current Epoch: 57 / 500 | Learning Rate : 0.0010000000000001355
[2025-02-21 08:49:46;INFO]Train | Loss : 0.091895 | ACC : 3150/3150 (100.000%)
[2025-02-21 08:49:46;INFO]Valid | Loss : 0.085489 | ACC : 1350/1350 (100.000%)
[2025-02-21 08:49:46;INFO]      | Loss dropped from 0.087849 to 0.085489, model has been saved!

[2025-02-21 08:49:46;INFO]best epoch: 57, best loss: 0.085489
[2025-02-21 08:49:46;INFO]----------------------------------------------------------------------------------------------------

[2025-02-21 08:49:46;INFO]Current Epoch: 58 / 500 | Learning Rate : 0.00014644660940672387
[2025-02-21 08:49:48;INFO]Train | Loss : 0.091153 | ACC : 3150/3150 (100.000%)
[2025-02-21 08:49:48;INFO]Valid | Loss : 0.078640 | ACC : 1350/1350 (100.000%)
[2025-02-21 08:49:48;INFO]      | Loss dropped from 0.085489 to 0.078640, model has been saved!

[2025-02-21 08:49:48;INFO]best epoch: 58, best loss: 0.078640
[2025-02-21 08:49:48;INFO]----------------------------------------------------------------------------------------------------

[2025-02-21 08:49:48;INFO]Current Epoch: 59 / 500 | Learning Rate : 0.0005000000000000343
[2025-02-21 08:49:50;INFO]Train | Loss : 0.087531 | ACC : 3150/3150 (100.000%)
[2025-02-21 08:49:50;INFO]Valid | Loss : 0.089729 | ACC : 1350/1350 (100.000%)
[2025-02-21 08:49:50;INFO]      | Loss didn't drop!

[2025-02-21 08:49:50;INFO]best epoch: 58, best loss: 0.078640
[2025-02-21 08:49:50;INFO]----------------------------------------------------------------------------------------------------

[2025-02-21 08:49:50;INFO]Current Epoch: 60 / 500 | Learning Rate : 0.0008535533905935409
[2025-02-21 08:49:52;INFO]Train | Loss : 0.087368 | ACC : 3150/3150 (100.000%)
[2025-02-21 08:49:52;INFO]Valid | Loss : 0.080515 | ACC : 1350/1350 (100.000%)
[2025-02-21 08:49:52;INFO]      | Loss didn't drop!

[2025-02-21 08:49:52;INFO]best epoch: 58, best loss: 0.078640
[2025-02-21 08:49:52;INFO]----------------------------------------------------------------------------------------------------

[2025-02-21 08:49:52;INFO]Current Epoch: 61 / 500 | Learning Rate : 0.0
[2025-02-21 08:49:54;INFO]Train | Loss : 0.086218 | ACC : 3150/3150 (100.000%)
[2025-02-21 08:49:54;INFO]Valid | Loss : 0.075947 | ACC : 1350/1350 (100.000%)
[2025-02-21 08:49:54;INFO]      | Loss dropped from 0.078640 to 0.075947, model has been saved!

[2025-02-21 08:49:54;INFO]best epoch: 61, best loss: 0.075947
[2025-02-21 08:49:54;INFO]----------------------------------------------------------------------------------------------------

[2025-02-21 08:49:54;INFO]Current Epoch: 62 / 500 | Learning Rate : 0.000853553390593165
[2025-02-21 08:49:56;INFO]Train | Loss : 0.083709 | ACC : 3150/3150 (100.000%)
[2025-02-21 08:49:57;INFO]Valid | Loss : 0.090087 | ACC : 1349/1350 (99.926%)
[2025-02-21 08:49:57;INFO]      | Loss didn't drop!

[2025-02-21 08:49:57;INFO]best epoch: 61, best loss: 0.075947
[2025-02-21 08:49:57;INFO]----------------------------------------------------------------------------------------------------

[2025-02-21 08:49:57;INFO]Current Epoch: 63 / 500 | Learning Rate : 0.000500000000000071
[2025-02-21 08:49:58;INFO]Train | Loss : 0.081781 | ACC : 3150/3150 (100.000%)
[2025-02-21 08:49:59;INFO]Valid | Loss : 0.075011 | ACC : 1350/1350 (100.000%)
[2025-02-21 08:49:59;INFO]      | Loss dropped from 0.075947 to 0.075011, model has been saved!

[2025-02-21 08:49:59;INFO]best epoch: 63, best loss: 0.075011
[2025-02-21 08:49:59;INFO]----------------------------------------------------------------------------------------------------

[2025-02-21 08:49:59;INFO]Current Epoch: 64 / 500 | Learning Rate : 0.00014644660940674731
[2025-02-21 08:50:00;INFO]Train | Loss : 0.080565 | ACC : 3150/3150 (100.000%)
[2025-02-21 08:50:01;INFO]Valid | Loss : 0.067454 | ACC : 1350/1350 (100.000%)
[2025-02-21 08:50:01;INFO]      | Loss dropped from 0.075011 to 0.067454, model has been saved!

[2025-02-21 08:50:01;INFO]best epoch: 64, best loss: 0.067454
[2025-02-21 08:50:01;INFO]----------------------------------------------------------------------------------------------------

[2025-02-21 08:50:01;INFO]Current Epoch: 65 / 500 | Learning Rate : 0.0010000000000000636
[2025-02-21 08:50:03;INFO]Train | Loss : 0.078311 | ACC : 3150/3150 (100.000%)
[2025-02-21 08:50:03;INFO]Valid | Loss : 0.074524 | ACC : 1350/1350 (100.000%)
[2025-02-21 08:50:03;INFO]      | Loss didn't drop!

[2025-02-21 08:50:03;INFO]best epoch: 64, best loss: 0.067454
[2025-02-21 08:50:03;INFO]----------------------------------------------------------------------------------------------------

[2025-02-21 08:50:03;INFO]Current Epoch: 66 / 500 | Learning Rate : 0.0001464466094067769
[2025-02-21 08:50:05;INFO]Train | Loss : 0.078641 | ACC : 3150/3150 (100.000%)
[2025-02-21 08:50:05;INFO]Valid | Loss : 0.074014 | ACC : 1350/1350 (100.000%)
[2025-02-21 08:50:05;INFO]      | Loss didn't drop!

[2025-02-21 08:50:05;INFO]best epoch: 64, best loss: 0.067454
[2025-02-21 08:50:05;INFO]----------------------------------------------------------------------------------------------------

[2025-02-21 08:50:05;INFO]Current Epoch: 67 / 500 | Learning Rate : 0.0005000000000001566
[2025-02-21 08:50:07;INFO]Train | Loss : 0.077924 | ACC : 3150/3150 (100.000%)
[2025-02-21 08:50:07;INFO]Valid | Loss : 0.083478 | ACC : 1350/1350 (100.000%)
[2025-02-21 08:50:07;INFO]      | Loss didn't drop!

[2025-02-21 08:50:07;INFO]best epoch: 64, best loss: 0.067454
[2025-02-21 08:50:07;INFO]----------------------------------------------------------------------------------------------------

[2025-02-21 08:50:07;INFO]Current Epoch: 68 / 500 | Learning Rate : 0.000853553390593194
[2025-02-21 08:50:09;INFO]Train | Loss : 0.075629 | ACC : 3150/3150 (100.000%)
[2025-02-21 08:50:09;INFO]Valid | Loss : 0.066173 | ACC : 1350/1350 (100.000%)
[2025-02-21 08:50:09;INFO]      | Loss dropped from 0.067454 to 0.066173, model has been saved!

[2025-02-21 08:50:09;INFO]best epoch: 68, best loss: 0.066173
[2025-02-21 08:50:09;INFO]----------------------------------------------------------------------------------------------------

[2025-02-21 08:50:09;INFO]Current Epoch: 69 / 500 | Learning Rate : 0.0
[2025-02-21 08:50:11;INFO]Train | Loss : 0.074292 | ACC : 3150/3150 (100.000%)
[2025-02-21 08:50:11;INFO]Valid | Loss : 0.077809 | ACC : 1350/1350 (100.000%)
[2025-02-21 08:50:11;INFO]      | Loss didn't drop!

[2025-02-21 08:50:11;INFO]best epoch: 68, best loss: 0.066173
[2025-02-21 08:50:11;INFO]----------------------------------------------------------------------------------------------------

[2025-02-21 08:50:11;INFO]Current Epoch: 70 / 500 | Learning Rate : 0.0008535533905934297
[2025-02-21 08:50:13;INFO]Train | Loss : 0.074220 | ACC : 3150/3150 (100.000%)
[2025-02-21 08:50:13;INFO]Valid | Loss : 0.087703 | ACC : 1349/1350 (99.926%)
[2025-02-21 08:50:13;INFO]      | Loss didn't drop!

[2025-02-21 08:50:13;INFO]best epoch: 68, best loss: 0.066173
[2025-02-21 08:50:13;INFO]----------------------------------------------------------------------------------------------------

[2025-02-21 08:50:13;INFO]Current Epoch: 71 / 500 | Learning Rate : 0.0004999999999998388
[2025-02-21 08:50:15;INFO]Train | Loss : 0.074123 | ACC : 3150/3150 (100.000%)
[2025-02-21 08:50:16;INFO]Valid | Loss : 0.082506 | ACC : 1350/1350 (100.000%)
[2025-02-21 08:50:16;INFO]      | Loss didn't drop!

[2025-02-21 08:50:16;INFO]best epoch: 68, best loss: 0.066173
[2025-02-21 08:50:16;INFO]----------------------------------------------------------------------------------------------------

[2025-02-21 08:50:16;INFO]Current Epoch: 72 / 500 | Learning Rate : 0.00014644660940669072
[2025-02-21 08:50:17;INFO]Train | Loss : 0.071785 | ACC : 3150/3150 (100.000%)
[2025-02-21 08:50:18;INFO]Valid | Loss : 0.161634 | ACC : 1347/1350 (99.778%)
[2025-02-21 08:50:18;INFO]      | Loss didn't drop!

[2025-02-21 08:50:18;INFO]best epoch: 68, best loss: 0.066173
[2025-02-21 08:50:18;INFO]----------------------------------------------------------------------------------------------------

[2025-02-21 08:50:18;INFO]Current Epoch: 73 / 500 | Learning Rate : 0.0009999999999999907
[2025-02-21 08:50:20;INFO]Train | Loss : 0.069018 | ACC : 3150/3150 (100.000%)
[2025-02-21 08:50:20;INFO]Valid | Loss : 0.062283 | ACC : 1350/1350 (100.000%)
[2025-02-21 08:50:20;INFO]      | Loss dropped from 0.066173 to 0.062283, model has been saved!

[2025-02-21 08:50:20;INFO]best epoch: 73, best loss: 0.062283
[2025-02-21 08:50:20;INFO]----------------------------------------------------------------------------------------------------

[2025-02-21 08:50:20;INFO]Current Epoch: 74 / 500 | Learning Rate : 0.00014644660940676846
[2025-02-21 08:50:22;INFO]Train | Loss : 0.069182 | ACC : 3150/3150 (100.000%)
[2025-02-21 08:50:22;INFO]Valid | Loss : 0.083745 | ACC : 1349/1350 (99.926%)
[2025-02-21 08:50:22;INFO]      | Loss didn't drop!

[2025-02-21 08:50:22;INFO]best epoch: 73, best loss: 0.062283
[2025-02-21 08:50:22;INFO]----------------------------------------------------------------------------------------------------

[2025-02-21 08:50:22;INFO]Current Epoch: 75 / 500 | Learning Rate : 0.000500000000000146
[2025-02-21 08:50:24;INFO]Train | Loss : 0.069017 | ACC : 3150/3150 (100.000%)
[2025-02-21 08:50:24;INFO]Valid | Loss : 0.083914 | ACC : 1350/1350 (100.000%)
[2025-02-21 08:50:24;INFO]      | Loss didn't drop!

[2025-02-21 08:50:24;INFO]best epoch: 73, best loss: 0.062283
[2025-02-21 08:50:24;INFO]----------------------------------------------------------------------------------------------------

[2025-02-21 08:50:24;INFO]Current Epoch: 76 / 500 | Learning Rate : 0.0008535533905931065
[2025-02-21 08:50:26;INFO]Train | Loss : 0.067637 | ACC : 3150/3150 (100.000%)
[2025-02-21 08:50:26;INFO]Valid | Loss : 0.058417 | ACC : 1350/1350 (100.000%)
[2025-02-21 08:50:26;INFO]      | Loss dropped from 0.062283 to 0.058417, model has been saved!

[2025-02-21 08:50:26;INFO]best epoch: 76, best loss: 0.058417
[2025-02-21 08:50:26;INFO]----------------------------------------------------------------------------------------------------

[2025-02-21 08:50:26;INFO]Current Epoch: 77 / 500 | Learning Rate : 0.0
[2025-02-21 08:50:28;INFO]Train | Loss : 0.064742 | ACC : 3150/3150 (100.000%)
[2025-02-21 08:50:28;INFO]Valid | Loss : 0.065555 | ACC : 1350/1350 (100.000%)
[2025-02-21 08:50:28;INFO]      | Loss didn't drop!

[2025-02-21 08:50:28;INFO]best epoch: 76, best loss: 0.058417
[2025-02-21 08:50:28;INFO]----------------------------------------------------------------------------------------------------

[2025-02-21 08:50:28;INFO]Current Epoch: 78 / 500 | Learning Rate : 0.0008535533905933459
[2025-02-21 08:50:30;INFO]Train | Loss : 0.062624 | ACC : 3150/3150 (100.000%)
[2025-02-21 08:50:31;INFO]Valid | Loss : 0.063663 | ACC : 1350/1350 (100.000%)
[2025-02-21 08:50:31;INFO]      | Loss didn't drop!

[2025-02-21 08:50:31;INFO]best epoch: 76, best loss: 0.058417
[2025-02-21 08:50:31;INFO]----------------------------------------------------------------------------------------------------

[2025-02-21 08:50:31;INFO]Current Epoch: 79 / 500 | Learning Rate : 0.0005000000000001948
[2025-02-21 08:50:32;INFO]Train | Loss : 0.063233 | ACC : 3150/3150 (100.000%)
[2025-02-21 08:50:33;INFO]Valid | Loss : 0.059459 | ACC : 1350/1350 (100.000%)
[2025-02-21 08:50:33;INFO]      | Loss didn't drop!

[2025-02-21 08:50:33;INFO]best epoch: 76, best loss: 0.058417
[2025-02-21 08:50:33;INFO]----------------------------------------------------------------------------------------------------

[2025-02-21 08:50:33;INFO]Current Epoch: 80 / 500 | Learning Rate : 0.00014644660940678372
[2025-02-21 08:50:34;INFO]Train | Loss : 0.063134 | ACC : 3150/3150 (100.000%)
[2025-02-21 08:50:35;INFO]Valid | Loss : 0.070855 | ACC : 1349/1350 (99.926%)
[2025-02-21 08:50:35;INFO]      | Loss didn't drop!

[2025-02-21 08:50:35;INFO]best epoch: 76, best loss: 0.058417
[2025-02-21 08:50:35;INFO]----------------------------------------------------------------------------------------------------

[2025-02-21 08:50:35;INFO]Current Epoch: 81 / 500 | Learning Rate : 0.0010000000000006406
[2025-02-21 08:50:37;INFO]Train | Loss : 0.061708 | ACC : 3150/3150 (100.000%)
[2025-02-21 08:50:37;INFO]Valid | Loss : 0.056745 | ACC : 1350/1350 (100.000%)
[2025-02-21 08:50:37;INFO]      | Loss dropped from 0.058417 to 0.056745, model has been saved!

[2025-02-21 08:50:37;INFO]best epoch: 81, best loss: 0.056745
[2025-02-21 08:50:37;INFO]----------------------------------------------------------------------------------------------------

[2025-02-21 08:50:37;INFO]Current Epoch: 82 / 500 | Learning Rate : 0.00014644660940673983
[2025-02-21 08:50:39;INFO]Train | Loss : 0.060980 | ACC : 3150/3150 (100.000%)
[2025-02-21 08:50:39;INFO]Valid | Loss : 0.090194 | ACC : 1350/1350 (100.000%)
[2025-02-21 08:50:39;INFO]      | Loss didn't drop!

[2025-02-21 08:50:39;INFO]best epoch: 81, best loss: 0.056745
[2025-02-21 08:50:39;INFO]----------------------------------------------------------------------------------------------------

[2025-02-21 08:50:39;INFO]Current Epoch: 83 / 500 | Learning Rate : 0.0005000000000001073
[2025-02-21 08:50:41;INFO]Train | Loss : 0.057698 | ACC : 3150/3150 (100.000%)
[2025-02-21 08:50:41;INFO]Valid | Loss : 0.055609 | ACC : 1350/1350 (100.000%)
[2025-02-21 08:50:41;INFO]      | Loss dropped from 0.056745 to 0.055609, model has been saved!

[2025-02-21 08:50:41;INFO]best epoch: 83, best loss: 0.055609
[2025-02-21 08:50:41;INFO]----------------------------------------------------------------------------------------------------

[2025-02-21 08:50:41;INFO]Current Epoch: 84 / 500 | Learning Rate : 0.0008535533905936628
[2025-02-21 08:50:43;INFO]Train | Loss : 0.058457 | ACC : 3150/3150 (100.000%)
[2025-02-21 08:50:43;INFO]Valid | Loss : 0.054072 | ACC : 1350/1350 (100.000%)
[2025-02-21 08:50:43;INFO]      | Loss dropped from 0.055609 to 0.054072, model has been saved!

[2025-02-21 08:50:43;INFO]best epoch: 84, best loss: 0.054072
[2025-02-21 08:50:43;INFO]----------------------------------------------------------------------------------------------------

[2025-02-21 08:50:43;INFO]Current Epoch: 85 / 500 | Learning Rate : 0.0
[2025-02-21 08:50:45;INFO]Train | Loss : 0.057810 | ACC : 3150/3150 (100.000%)
[2025-02-21 08:50:45;INFO]Valid | Loss : 0.071509 | ACC : 1350/1350 (100.000%)
[2025-02-21 08:50:45;INFO]      | Loss didn't drop!

[2025-02-21 08:50:45;INFO]best epoch: 84, best loss: 0.054072
[2025-02-21 08:50:45;INFO]----------------------------------------------------------------------------------------------------

[2025-02-21 08:50:45;INFO]Current Epoch: 86 / 500 | Learning Rate : 0.0008535533905932943
[2025-02-21 08:50:47;INFO]Train | Loss : 0.060473 | ACC : 3150/3150 (100.000%)
[2025-02-21 08:50:48;INFO]Valid | Loss : 0.057826 | ACC : 1350/1350 (100.000%)
[2025-02-21 08:50:48;INFO]      | Loss didn't drop!

[2025-02-21 08:50:48;INFO]best epoch: 84, best loss: 0.054072
[2025-02-21 08:50:48;INFO]----------------------------------------------------------------------------------------------------

[2025-02-21 08:50:48;INFO]Current Epoch: 87 / 500 | Learning Rate : 0.0005000000000001333
[2025-02-21 08:50:49;INFO]Train | Loss : 0.058416 | ACC : 3150/3150 (100.000%)
[2025-02-21 08:50:50;INFO]Valid | Loss : 0.044440 | ACC : 1350/1350 (100.000%)
[2025-02-21 08:50:50;INFO]      | Loss dropped from 0.054072 to 0.044440, model has been saved!

[2025-02-21 08:50:50;INFO]best epoch: 87, best loss: 0.044440
[2025-02-21 08:50:50;INFO]----------------------------------------------------------------------------------------------------

[2025-02-21 08:50:50;INFO]Current Epoch: 88 / 500 | Learning Rate : 0.00014644660940677106
[2025-02-21 08:50:52;INFO]Train | Loss : 0.056141 | ACC : 3150/3150 (100.000%)
[2025-02-21 08:50:52;INFO]Valid | Loss : 0.064373 | ACC : 1350/1350 (100.000%)
[2025-02-21 08:50:52;INFO]      | Loss didn't drop!

[2025-02-21 08:50:52;INFO]best epoch: 87, best loss: 0.044440
[2025-02-21 08:50:52;INFO]----------------------------------------------------------------------------------------------------

[2025-02-21 08:50:52;INFO]Current Epoch: 89 / 500 | Learning Rate : 0.000999999999999838
[2025-02-21 08:50:54;INFO]Train | Loss : 0.052774 | ACC : 3150/3150 (100.000%)
[2025-02-21 08:50:54;INFO]Valid | Loss : 0.050029 | ACC : 1350/1350 (100.000%)
[2025-02-21 08:50:54;INFO]      | Loss didn't drop!

[2025-02-21 08:50:54;INFO]best epoch: 87, best loss: 0.044440
[2025-02-21 08:50:54;INFO]----------------------------------------------------------------------------------------------------

[2025-02-21 08:50:54;INFO]Current Epoch: 90 / 500 | Learning Rate : 0.0001464466094067515
[2025-02-21 08:50:56;INFO]Train | Loss : 0.052891 | ACC : 3150/3150 (100.000%)
[2025-02-21 08:50:56;INFO]Valid | Loss : 0.049929 | ACC : 1350/1350 (100.000%)
[2025-02-21 08:50:56;INFO]      | Loss didn't drop!

[2025-02-21 08:50:56;INFO]best epoch: 87, best loss: 0.044440
[2025-02-21 08:50:56;INFO]----------------------------------------------------------------------------------------------------

[2025-02-21 08:50:56;INFO]Current Epoch: 91 / 500 | Learning Rate : 0.0005000000000000683
[2025-02-21 08:50:58;INFO]Train | Loss : 0.051848 | ACC : 3150/3150 (100.000%)
[2025-02-21 08:50:58;INFO]Valid | Loss : 0.056929 | ACC : 1350/1350 (100.000%)
[2025-02-21 08:50:58;INFO]      | Loss didn't drop!

[2025-02-21 08:50:58;INFO]best epoch: 87, best loss: 0.044440
[2025-02-21 08:50:58;INFO]----------------------------------------------------------------------------------------------------

[2025-02-21 08:50:58;INFO]Current Epoch: 92 / 500 | Learning Rate : 0.0008535533905929878
[2025-02-21 08:51:00;INFO]Train | Loss : 0.053067 | ACC : 3150/3150 (100.000%)
[2025-02-21 08:51:00;INFO]Valid | Loss : 0.049341 | ACC : 1350/1350 (100.000%)
[2025-02-21 08:51:00;INFO]      | Loss didn't drop!

[2025-02-21 08:51:00;INFO]best epoch: 87, best loss: 0.044440
[2025-02-21 08:51:00;INFO]----------------------------------------------------------------------------------------------------

[2025-02-21 08:51:00;INFO]Current Epoch: 93 / 500 | Learning Rate : 0.0
[2025-02-21 08:51:02;INFO]Train | Loss : 0.049508 | ACC : 3150/3150 (100.000%)
[2025-02-21 08:51:03;INFO]Valid | Loss : 0.046589 | ACC : 1350/1350 (100.000%)
[2025-02-21 08:51:03;INFO]      | Loss didn't drop!

[2025-02-21 08:51:03;INFO]best epoch: 87, best loss: 0.044440
[2025-02-21 08:51:03;INFO]----------------------------------------------------------------------------------------------------

[2025-02-21 08:51:03;INFO]Current Epoch: 94 / 500 | Learning Rate : 0.0008535533905932314
[2025-02-21 08:51:04;INFO]Train | Loss : 0.051223 | ACC : 3150/3150 (100.000%)
[2025-02-21 08:51:05;INFO]Valid | Loss : 0.046810 | ACC : 1350/1350 (100.000%)
[2025-02-21 08:51:05;INFO]      | Loss didn't drop!

[2025-02-21 08:51:05;INFO]best epoch: 87, best loss: 0.044440
[2025-02-21 08:51:05;INFO]----------------------------------------------------------------------------------------------------

[2025-02-21 08:51:05;INFO]Current Epoch: 95 / 500 | Learning Rate : 0.0005000000000001003
[2025-02-21 08:51:07;INFO]Train | Loss : 0.049940 | ACC : 3150/3150 (100.000%)
[2025-02-21 08:51:07;INFO]Valid | Loss : 0.046416 | ACC : 1350/1350 (100.000%)
[2025-02-21 08:51:07;INFO]      | Loss didn't drop!

[2025-02-21 08:51:07;INFO]best epoch: 87, best loss: 0.044440
[2025-02-21 08:51:07;INFO]----------------------------------------------------------------------------------------------------

[2025-02-21 08:51:07;INFO]Current Epoch: 96 / 500 | Learning Rate : 0.00014644660940675837
[2025-02-21 08:51:09;INFO]Train | Loss : 0.048013 | ACC : 3150/3150 (100.000%)
[2025-02-21 08:51:09;INFO]Valid | Loss : 0.042680 | ACC : 1350/1350 (100.000%)
[2025-02-21 08:51:09;INFO]      | Loss dropped from 0.044440 to 0.042680, model has been saved!

[2025-02-21 08:51:09;INFO]best epoch: 96, best loss: 0.042680
[2025-02-21 08:51:09;INFO]----------------------------------------------------------------------------------------------------

[2025-02-21 08:51:09;INFO]Current Epoch: 97 / 500 | Learning Rate : 0.0010000000000004873
[2025-02-21 08:51:11;INFO]Train | Loss : 0.047028 | ACC : 3150/3150 (100.000%)
[2025-02-21 08:51:11;INFO]Valid | Loss : 0.043585 | ACC : 1350/1350 (100.000%)
[2025-02-21 08:51:11;INFO]      | Loss didn't drop!

[2025-02-21 08:51:11;INFO]best epoch: 96, best loss: 0.042680
[2025-02-21 08:51:11;INFO]----------------------------------------------------------------------------------------------------

[2025-02-21 08:51:11;INFO]Current Epoch: 98 / 500 | Learning Rate : 0.00014644660940682722
[2025-02-21 08:51:13;INFO]Train | Loss : 0.047150 | ACC : 3150/3150 (100.000%)
[2025-02-21 08:51:13;INFO]Valid | Loss : 0.050878 | ACC : 1350/1350 (100.000%)
[2025-02-21 08:51:13;INFO]      | Loss didn't drop!

[2025-02-21 08:51:13;INFO]best epoch: 96, best loss: 0.042680
[2025-02-21 08:51:13;INFO]----------------------------------------------------------------------------------------------------

[2025-02-21 08:51:13;INFO]Current Epoch: 99 / 500 | Learning Rate : 0.0005000000000003854
[2025-02-21 08:51:15;INFO]Train | Loss : 0.045664 | ACC : 3150/3150 (100.000%)
[2025-02-21 08:51:15;INFO]Valid | Loss : 0.044197 | ACC : 1350/1350 (100.000%)
[2025-02-21 08:51:15;INFO]      | Loss didn't drop!

[2025-02-21 08:51:15;INFO]best epoch: 96, best loss: 0.042680
[2025-02-21 08:51:15;INFO]----------------------------------------------------------------------------------------------------

[2025-02-21 08:51:15;INFO]Current Epoch: 100 / 500 | Learning Rate : 0.000853553390593544
[2025-02-21 08:51:17;INFO]Train | Loss : 0.045638 | ACC : 3150/3150 (100.000%)
[2025-02-21 08:51:18;INFO]Valid | Loss : 0.039836 | ACC : 1350/1350 (100.000%)
[2025-02-21 08:51:18;INFO]      | Loss dropped from 0.042680 to 0.039836, model has been saved!

[2025-02-21 08:51:18;INFO]best epoch: 100, best loss: 0.039836
[2025-02-21 08:51:18;INFO]----------------------------------------------------------------------------------------------------

[2025-02-21 08:51:18;INFO]Current Epoch: 101 / 500 | Learning Rate : 0.0
[2025-02-21 08:51:19;INFO]Train | Loss : 0.046176 | ACC : 3150/3150 (100.000%)
[2025-02-21 08:51:20;INFO]Valid | Loss : 0.046587 | ACC : 1350/1350 (100.000%)
[2025-02-21 08:51:20;INFO]      | Loss didn't drop!

[2025-02-21 08:51:20;INFO]best epoch: 100, best loss: 0.039836
[2025-02-21 08:51:20;INFO]----------------------------------------------------------------------------------------------------

[2025-02-21 08:51:20;INFO]Current Epoch: 102 / 500 | Learning Rate : 0.000853553390593783
[2025-02-21 08:51:22;INFO]Train | Loss : 0.044267 | ACC : 3150/3150 (100.000%)
[2025-02-21 08:51:22;INFO]Valid | Loss : 0.043386 | ACC : 1350/1350 (100.000%)
[2025-02-21 08:51:22;INFO]      | Loss didn't drop!

[2025-02-21 08:51:22;INFO]best epoch: 100, best loss: 0.039836
[2025-02-21 08:51:22;INFO]----------------------------------------------------------------------------------------------------

[2025-02-21 08:51:22;INFO]Current Epoch: 103 / 500 | Learning Rate : 0.0005000000000000626
[2025-02-21 08:51:24;INFO]Train | Loss : 0.042640 | ACC : 3150/3150 (100.000%)
[2025-02-21 08:51:24;INFO]Valid | Loss : 0.042574 | ACC : 1350/1350 (100.000%)
[2025-02-21 08:51:24;INFO]      | Loss didn't drop!

[2025-02-21 08:51:24;INFO]best epoch: 100, best loss: 0.039836
[2025-02-21 08:51:24;INFO]----------------------------------------------------------------------------------------------------

[2025-02-21 08:51:24;INFO]Current Epoch: 104 / 500 | Learning Rate : 0.00014644660940674444
[2025-02-21 08:51:26;INFO]Train | Loss : 0.042927 | ACC : 3150/3150 (100.000%)
[2025-02-21 08:51:26;INFO]Valid | Loss : 0.039878 | ACC : 1350/1350 (100.000%)
[2025-02-21 08:51:26;INFO]      | Loss didn't drop!

[2025-02-21 08:51:26;INFO]best epoch: 100, best loss: 0.039836
[2025-02-21 08:51:26;INFO]----------------------------------------------------------------------------------------------------

[2025-02-21 08:51:26;INFO]Current Epoch: 105 / 500 | Learning Rate : 0.001000000000000415
[2025-02-21 08:51:28;INFO]Train | Loss : 0.041671 | ACC : 3150/3150 (100.000%)
[2025-02-21 08:51:28;INFO]Valid | Loss : 0.038566 | ACC : 1350/1350 (100.000%)
[2025-02-21 08:51:28;INFO]      | Loss dropped from 0.039836 to 0.038566, model has been saved!

[2025-02-21 08:51:28;INFO]best epoch: 105, best loss: 0.038566
[2025-02-21 08:51:28;INFO]----------------------------------------------------------------------------------------------------

[2025-02-21 08:51:28;INFO]Current Epoch: 106 / 500 | Learning Rate : 0.00014644660940671305
[2025-02-21 08:51:30;INFO]Train | Loss : 0.042007 | ACC : 3150/3150 (100.000%)
[2025-02-21 08:51:30;INFO]Valid | Loss : 0.037838 | ACC : 1350/1350 (100.000%)
[2025-02-21 08:51:30;INFO]      | Loss dropped from 0.038566 to 0.037838, model has been saved!

[2025-02-21 08:51:30;INFO]best epoch: 106, best loss: 0.037838
[2025-02-21 08:51:30;INFO]----------------------------------------------------------------------------------------------------

[2025-02-21 08:51:30;INFO]Current Epoch: 107 / 500 | Learning Rate : 0.0004999999999999858
[2025-02-21 08:51:32;INFO]Train | Loss : 0.040872 | ACC : 3150/3150 (100.000%)
[2025-02-21 08:51:33;INFO]Valid | Loss : 0.050657 | ACC : 1350/1350 (100.000%)
[2025-02-21 08:51:33;INFO]      | Loss didn't drop!

[2025-02-21 08:51:33;INFO]best epoch: 106, best loss: 0.037838
[2025-02-21 08:51:33;INFO]----------------------------------------------------------------------------------------------------

[2025-02-21 08:51:33;INFO]Current Epoch: 108 / 500 | Learning Rate : 0.0008535533905928404
[2025-02-21 08:51:34;INFO]Train | Loss : 0.040123 | ACC : 3150/3150 (100.000%)
[2025-02-21 08:51:35;INFO]Valid | Loss : 0.036838 | ACC : 1350/1350 (100.000%)
[2025-02-21 08:51:35;INFO]      | Loss dropped from 0.037838 to 0.036838, model has been saved!

[2025-02-21 08:51:35;INFO]best epoch: 108, best loss: 0.036838
[2025-02-21 08:51:35;INFO]----------------------------------------------------------------------------------------------------

[2025-02-21 08:51:35;INFO]Current Epoch: 109 / 500 | Learning Rate : 0.0
[2025-02-21 08:51:37;INFO]Train | Loss : 0.039284 | ACC : 3150/3150 (100.000%)
[2025-02-21 08:51:37;INFO]Valid | Loss : 0.051478 | ACC : 1350/1350 (100.000%)
[2025-02-21 08:51:37;INFO]      | Loss didn't drop!

[2025-02-21 08:51:37;INFO]best epoch: 108, best loss: 0.036838
[2025-02-21 08:51:37;INFO]----------------------------------------------------------------------------------------------------

[2025-02-21 08:51:37;INFO]Current Epoch: 110 / 500 | Learning Rate : 0.000853553390593719
[2025-02-21 08:51:39;INFO]Train | Loss : 0.039310 | ACC : 3150/3150 (100.000%)
[2025-02-21 08:51:39;INFO]Valid | Loss : 0.038278 | ACC : 1350/1350 (100.000%)
[2025-02-21 08:51:39;INFO]      | Loss didn't drop!

[2025-02-21 08:51:39;INFO]best epoch: 108, best loss: 0.036838
[2025-02-21 08:51:39;INFO]----------------------------------------------------------------------------------------------------

[2025-02-21 08:51:39;INFO]Current Epoch: 111 / 500 | Learning Rate : 0.0005000000000000009
[2025-02-21 08:51:41;INFO]Train | Loss : 0.040157 | ACC : 3150/3150 (100.000%)
[2025-02-21 08:51:41;INFO]Valid | Loss : 0.041332 | ACC : 1349/1350 (99.926%)
[2025-02-21 08:51:41;INFO]      | Loss didn't drop!

[2025-02-21 08:51:41;INFO]best epoch: 108, best loss: 0.036838
[2025-02-21 08:51:41;INFO]----------------------------------------------------------------------------------------------------

[2025-02-21 08:51:41;INFO]Current Epoch: 112 / 500 | Learning Rate : 0.0001464466094067317
[2025-02-21 08:51:43;INFO]Train | Loss : 0.038082 | ACC : 3150/3150 (100.000%)
[2025-02-21 08:51:43;INFO]Valid | Loss : 0.057092 | ACC : 1349/1350 (99.926%)
[2025-02-21 08:51:43;INFO]      | Loss didn't drop!

[2025-02-21 08:51:43;INFO]best epoch: 108, best loss: 0.036838
[2025-02-21 08:51:43;INFO]----------------------------------------------------------------------------------------------------

[2025-02-21 08:51:43;INFO]Current Epoch: 113 / 500 | Learning Rate : 0.0010000000000003333
[2025-02-21 08:51:45;INFO]Train | Loss : 0.038159 | ACC : 3150/3150 (100.000%)
[2025-02-21 08:51:46;INFO]Valid | Loss : 0.035480 | ACC : 1350/1350 (100.000%)
[2025-02-21 08:51:46;INFO]      | Loss dropped from 0.036838 to 0.035480, model has been saved!

[2025-02-21 08:51:46;INFO]best epoch: 113, best loss: 0.035480
[2025-02-21 08:51:46;INFO]----------------------------------------------------------------------------------------------------

[2025-02-21 08:51:46;INFO]Current Epoch: 114 / 500 | Learning Rate : 0.0001464466094067046
[2025-02-21 08:51:47;INFO]Train | Loss : 0.038320 | ACC : 3150/3150 (100.000%)
[2025-02-21 08:51:48;INFO]Valid | Loss : 0.032824 | ACC : 1350/1350 (100.000%)
[2025-02-21 08:51:48;INFO]      | Loss dropped from 0.035480 to 0.032824, model has been saved!

[2025-02-21 08:51:48;INFO]best epoch: 114, best loss: 0.032824
[2025-02-21 08:51:48;INFO]----------------------------------------------------------------------------------------------------

[2025-02-21 08:51:48;INFO]Current Epoch: 115 / 500 | Learning Rate : 0.0004999999999999749
[2025-02-21 08:51:50;INFO]Train | Loss : 0.036017 | ACC : 3150/3150 (100.000%)
[2025-02-21 08:51:50;INFO]Valid | Loss : 0.040471 | ACC : 1350/1350 (100.000%)
[2025-02-21 08:51:50;INFO]      | Loss didn't drop!

[2025-02-21 08:51:50;INFO]best epoch: 114, best loss: 0.032824
[2025-02-21 08:51:50;INFO]----------------------------------------------------------------------------------------------------

[2025-02-21 08:51:50;INFO]Current Epoch: 116 / 500 | Learning Rate : 0.0008535533905940328
[2025-02-21 08:51:52;INFO]Train | Loss : 0.035858 | ACC : 3150/3150 (100.000%)
[2025-02-21 08:51:52;INFO]Valid | Loss : 0.032821 | ACC : 1350/1350 (100.000%)
[2025-02-21 08:51:52;INFO]      | Loss dropped from 0.032824 to 0.032821, model has been saved!

[2025-02-21 08:51:52;INFO]best epoch: 116, best loss: 0.032821
[2025-02-21 08:51:52;INFO]----------------------------------------------------------------------------------------------------

[2025-02-21 08:51:52;INFO]Current Epoch: 117 / 500 | Learning Rate : 0.0
[2025-02-21 08:51:54;INFO]Train | Loss : 0.036525 | ACC : 3150/3150 (100.000%)
[2025-02-21 08:51:54;INFO]Valid | Loss : 0.034122 | ACC : 1349/1350 (99.926%)
[2025-02-21 08:51:54;INFO]      | Loss didn't drop!

[2025-02-21 08:51:54;INFO]best epoch: 116, best loss: 0.032821
[2025-02-21 08:51:54;INFO]----------------------------------------------------------------------------------------------------

[2025-02-21 08:51:54;INFO]Current Epoch: 118 / 500 | Learning Rate : 0.0008535533905936482
[2025-02-21 08:51:56;INFO]Train | Loss : 0.034568 | ACC : 3150/3150 (100.000%)
[2025-02-21 08:51:56;INFO]Valid | Loss : 0.033767 | ACC : 1350/1350 (100.000%)
[2025-02-21 08:51:56;INFO]      | Loss didn't drop!

[2025-02-21 08:51:56;INFO]best epoch: 116, best loss: 0.032821
[2025-02-21 08:51:56;INFO]----------------------------------------------------------------------------------------------------

[2025-02-21 08:51:56;INFO]Current Epoch: 119 / 500 | Learning Rate : 0.0004999999999999676
[2025-02-21 08:51:58;INFO]Train | Loss : 0.035545 | ACC : 3150/3150 (100.000%)
[2025-02-21 08:51:58;INFO]Valid | Loss : 0.033767 | ACC : 1350/1350 (100.000%)
[2025-02-21 08:51:58;INFO]      | Loss didn't drop!

[2025-02-21 08:51:58;INFO]best epoch: 116, best loss: 0.032821
[2025-02-21 08:51:58;INFO]----------------------------------------------------------------------------------------------------

[2025-02-21 08:51:58;INFO]Current Epoch: 120 / 500 | Learning Rate : 0.00014644660940671913
[2025-02-21 08:52:00;INFO]Train | Loss : 0.033740 | ACC : 3150/3150 (100.000%)
[2025-02-21 08:52:01;INFO]Valid | Loss : 0.032048 | ACC : 1350/1350 (100.000%)
[2025-02-21 08:52:01;INFO]      | Loss dropped from 0.032821 to 0.032048, model has been saved!

[2025-02-21 08:52:01;INFO]best epoch: 120, best loss: 0.032048
[2025-02-21 08:52:01;INFO]----------------------------------------------------------------------------------------------------

[2025-02-21 08:52:01;INFO]Current Epoch: 121 / 500 | Learning Rate : 0.00099999999999954
[2025-02-21 08:52:02;INFO]Train | Loss : 0.033726 | ACC : 3150/3150 (100.000%)
[2025-02-21 08:52:03;INFO]Valid | Loss : 0.030717 | ACC : 1350/1350 (100.000%)
[2025-02-21 08:52:03;INFO]      | Loss dropped from 0.032048 to 0.030717, model has been saved!

[2025-02-21 08:52:03;INFO]best epoch: 121, best loss: 0.030717
[2025-02-21 08:52:03;INFO]----------------------------------------------------------------------------------------------------

[2025-02-21 08:52:03;INFO]Current Epoch: 122 / 500 | Learning Rate : 0.0001464466094068205
[2025-02-21 08:52:05;INFO]Train | Loss : 0.033859 | ACC : 3150/3150 (100.000%)
[2025-02-21 08:52:05;INFO]Valid | Loss : 0.029173 | ACC : 1350/1350 (100.000%)
[2025-02-21 08:52:05;INFO]      | Loss dropped from 0.030717 to 0.029173, model has been saved!

[2025-02-21 08:52:05;INFO]best epoch: 122, best loss: 0.029173
[2025-02-21 08:52:05;INFO]----------------------------------------------------------------------------------------------------

[2025-02-21 08:52:05;INFO]Current Epoch: 123 / 500 | Learning Rate : 0.0005000000000002637
[2025-02-21 08:52:07;INFO]Train | Loss : 0.032974 | ACC : 3150/3150 (100.000%)
[2025-02-21 08:52:07;INFO]Valid | Loss : 0.032302 | ACC : 1350/1350 (100.000%)
[2025-02-21 08:52:07;INFO]      | Loss didn't drop!

[2025-02-21 08:52:07;INFO]best epoch: 122, best loss: 0.029173
[2025-02-21 08:52:07;INFO]----------------------------------------------------------------------------------------------------

[2025-02-21 08:52:07;INFO]Current Epoch: 124 / 500 | Learning Rate : 0.0008535533905933374
[2025-02-21 08:52:09;INFO]Train | Loss : 0.031707 | ACC : 3150/3150 (100.000%)
[2025-02-21 08:52:09;INFO]Valid | Loss : 0.028499 | ACC : 1350/1350 (100.000%)
[2025-02-21 08:52:09;INFO]      | Loss dropped from 0.029173 to 0.028499, model has been saved!

[2025-02-21 08:52:09;INFO]best epoch: 124, best loss: 0.028499
[2025-02-21 08:52:09;INFO]----------------------------------------------------------------------------------------------------

[2025-02-21 08:52:09;INFO]Current Epoch: 125 / 500 | Learning Rate : 0.0
[2025-02-21 08:52:11;INFO]Train | Loss : 0.032588 | ACC : 3150/3150 (100.000%)
[2025-02-21 08:52:11;INFO]Valid | Loss : 0.034637 | ACC : 1350/1350 (100.000%)
[2025-02-21 08:52:11;INFO]      | Loss didn't drop!

[2025-02-21 08:52:11;INFO]best epoch: 124, best loss: 0.028499
[2025-02-21 08:52:11;INFO]----------------------------------------------------------------------------------------------------

[2025-02-21 08:52:11;INFO]Current Epoch: 126 / 500 | Learning Rate : 0.0008535533905929886
[2025-02-21 08:52:13;INFO]Train | Loss : 0.031332 | ACC : 3150/3150 (100.000%)
[2025-02-21 08:52:14;INFO]Valid | Loss : 0.028686 | ACC : 1350/1350 (100.000%)
[2025-02-21 08:52:14;INFO]      | Loss didn't drop!

[2025-02-21 08:52:14;INFO]best epoch: 124, best loss: 0.028499
[2025-02-21 08:52:14;INFO]----------------------------------------------------------------------------------------------------

[2025-02-21 08:52:14;INFO]Current Epoch: 127 / 500 | Learning Rate : 0.000500000000000324
[2025-02-21 08:52:15;INFO]Train | Loss : 0.032043 | ACC : 3150/3150 (100.000%)
[2025-02-21 08:52:16;INFO]Valid | Loss : 0.028930 | ACC : 1350/1350 (100.000%)
[2025-02-21 08:52:16;INFO]      | Loss didn't drop!

[2025-02-21 08:52:16;INFO]best epoch: 124, best loss: 0.028499
[2025-02-21 08:52:16;INFO]----------------------------------------------------------------------------------------------------

[2025-02-21 08:52:16;INFO]Current Epoch: 128 / 500 | Learning Rate : 0.0001464466094068323
[2025-02-21 08:52:18;INFO]Train | Loss : 0.031145 | ACC : 3150/3150 (100.000%)
[2025-02-21 08:52:18;INFO]Valid | Loss : 0.030794 | ACC : 1350/1350 (100.000%)
[2025-02-21 08:52:18;INFO]      | Loss didn't drop!

[2025-02-21 08:52:18;INFO]best epoch: 124, best loss: 0.028499
[2025-02-21 08:52:18;INFO]----------------------------------------------------------------------------------------------------

[2025-02-21 08:52:18;INFO]Current Epoch: 129 / 500 | Learning Rate : 0.0010000000000001893
[2025-02-21 08:52:20;INFO]Train | Loss : 0.030065 | ACC : 3150/3150 (100.000%)
[2025-02-21 08:52:20;INFO]Valid | Loss : 0.027170 | ACC : 1350/1350 (100.000%)
[2025-02-21 08:52:20;INFO]      | Loss dropped from 0.028499 to 0.027170, model has been saved!

[2025-02-21 08:52:20;INFO]best epoch: 129, best loss: 0.027170
[2025-02-21 08:52:20;INFO]----------------------------------------------------------------------------------------------------

[2025-02-21 08:52:20;INFO]Current Epoch: 130 / 500 | Learning Rate : 0.00014644660940677187
[2025-02-21 08:52:22;INFO]Train | Loss : 0.028941 | ACC : 3150/3150 (100.000%)
[2025-02-21 08:52:22;INFO]Valid | Loss : 0.031119 | ACC : 1350/1350 (100.000%)
[2025-02-21 08:52:22;INFO]      | Loss didn't drop!

[2025-02-21 08:52:22;INFO]best epoch: 129, best loss: 0.027170
[2025-02-21 08:52:22;INFO]----------------------------------------------------------------------------------------------------

[2025-02-21 08:52:22;INFO]Current Epoch: 131 / 500 | Learning Rate : 0.0005000000000002247
[2025-02-21 08:52:24;INFO]Train | Loss : 0.031044 | ACC : 3150/3150 (100.000%)
[2025-02-21 08:52:24;INFO]Valid | Loss : 0.028038 | ACC : 1349/1350 (99.926%)
[2025-02-21 08:52:24;INFO]      | Loss didn't drop!

[2025-02-21 08:52:24;INFO]best epoch: 129, best loss: 0.027170
[2025-02-21 08:52:24;INFO]----------------------------------------------------------------------------------------------------

[2025-02-21 08:52:24;INFO]Current Epoch: 132 / 500 | Learning Rate : 0.0008535533905926543
[2025-02-21 08:52:26;INFO]Train | Loss : 0.029254 | ACC : 3150/3150 (100.000%)
[2025-02-21 08:52:26;INFO]Valid | Loss : 0.028259 | ACC : 1349/1350 (99.926%)
[2025-02-21 08:52:26;INFO]      | Loss didn't drop!

[2025-02-21 08:52:26;INFO]best epoch: 129, best loss: 0.027170
[2025-02-21 08:52:26;INFO]----------------------------------------------------------------------------------------------------

[2025-02-21 08:52:26;INFO]Current Epoch: 133 / 500 | Learning Rate : 0.0
[2025-02-21 08:52:28;INFO]Train | Loss : 0.028858 | ACC : 3150/3150 (100.000%)
[2025-02-21 08:52:29;INFO]Valid | Loss : 0.039363 | ACC : 1350/1350 (100.000%)
[2025-02-21 08:52:29;INFO]      | Loss didn't drop!

[2025-02-21 08:52:29;INFO]best epoch: 129, best loss: 0.027170
[2025-02-21 08:52:29;INFO]----------------------------------------------------------------------------------------------------

[2025-02-21 08:52:29;INFO]Current Epoch: 134 / 500 | Learning Rate : 0.0008535533905941366
[2025-02-21 08:52:30;INFO]Train | Loss : 0.028945 | ACC : 3150/3150 (100.000%)
[2025-02-21 08:52:31;INFO]Valid | Loss : 0.029131 | ACC : 1349/1350 (99.926%)
[2025-02-21 08:52:31;INFO]      | Loss didn't drop!

[2025-02-21 08:52:31;INFO]best epoch: 129, best loss: 0.027170
[2025-02-21 08:52:31;INFO]----------------------------------------------------------------------------------------------------

[2025-02-21 08:52:31;INFO]Current Epoch: 135 / 500 | Learning Rate : 0.000499999999999954
[2025-02-21 08:52:33;INFO]Train | Loss : 0.112373 | ACC : 3109/3150 (98.698%)
[2025-02-21 08:52:33;INFO]Valid | Loss : 9.167550 | ACC : 254/1350 (18.815%)
[2025-02-21 08:52:33;INFO]      | Loss didn't drop!

[2025-02-21 08:52:33;INFO]best epoch: 129, best loss: 0.027170
[2025-02-21 08:52:33;INFO]----------------------------------------------------------------------------------------------------

[2025-02-21 08:52:33;INFO]Current Epoch: 136 / 500 | Learning Rate : 0.00014644660940669254
[2025-02-21 08:52:35;INFO]Train | Loss : 0.096762 | ACC : 3137/3150 (99.587%)
[2025-02-21 08:52:35;INFO]Valid | Loss : 2.999338 | ACC : 742/1350 (54.963%)
[2025-02-21 08:52:35;INFO]      | Loss didn't drop!

[2025-02-21 08:52:35;INFO]best epoch: 129, best loss: 0.027170
[2025-02-21 08:52:35;INFO]----------------------------------------------------------------------------------------------------

[2025-02-21 08:52:35;INFO]Current Epoch: 137 / 500 | Learning Rate : 0.0010000000000001171
[2025-02-21 08:52:37;INFO]Train | Loss : 0.053695 | ACC : 3144/3150 (99.810%)
[2025-02-21 08:52:37;INFO]Valid | Loss : 0.039999 | ACC : 1349/1350 (99.926%)
[2025-02-21 08:52:37;INFO]      | Loss didn't drop!

[2025-02-21 08:52:37;INFO]best epoch: 129, best loss: 0.027170
[2025-02-21 08:52:37;INFO]----------------------------------------------------------------------------------------------------

[2025-02-21 08:52:37;INFO]Current Epoch: 138 / 500 | Learning Rate : 0.00014644660940676333
[2025-02-21 08:52:39;INFO]Train | Loss : 0.040978 | ACC : 3149/3150 (99.968%)
[2025-02-21 08:52:39;INFO]Valid | Loss : 0.047583 | ACC : 1350/1350 (100.000%)
[2025-02-21 08:52:39;INFO]      | Loss didn't drop!

[2025-02-21 08:52:39;INFO]best epoch: 129, best loss: 0.027170
[2025-02-21 08:52:39;INFO]----------------------------------------------------------------------------------------------------

[2025-02-21 08:52:39;INFO]Current Epoch: 139 / 500 | Learning Rate : 0.0005000000000002425
[2025-02-21 08:52:41;INFO]Train | Loss : 0.036857 | ACC : 3150/3150 (100.000%)
[2025-02-21 08:52:42;INFO]Valid | Loss : 0.059847 | ACC : 1348/1350 (99.852%)
[2025-02-21 08:52:42;INFO]      | Loss didn't drop!

[2025-02-21 08:52:42;INFO]best epoch: 129, best loss: 0.027170
[2025-02-21 08:52:42;INFO]----------------------------------------------------------------------------------------------------

[2025-02-21 08:52:42;INFO]Current Epoch: 140 / 500 | Learning Rate : 0.0008535533905938267
[2025-02-21 08:52:43;INFO]Train | Loss : 0.034420 | ACC : 3149/3150 (99.968%)
[2025-02-21 08:52:44;INFO]Valid | Loss : 0.026138 | ACC : 1350/1350 (100.000%)
[2025-02-21 08:52:44;INFO]      | Loss dropped from 0.027170 to 0.026138, model has been saved!

[2025-02-21 08:52:44;INFO]best epoch: 140, best loss: 0.026138
[2025-02-21 08:52:44;INFO]----------------------------------------------------------------------------------------------------

[2025-02-21 08:52:44;INFO]Current Epoch: 141 / 500 | Learning Rate : 0.0
[2025-02-21 08:52:46;INFO]Train | Loss : 0.031318 | ACC : 3150/3150 (100.000%)
[2025-02-21 08:52:46;INFO]Valid | Loss : 0.039531 | ACC : 1348/1350 (99.852%)
[2025-02-21 08:52:46;INFO]      | Loss didn't drop!

[2025-02-21 08:52:46;INFO]best epoch: 140, best loss: 0.026138
[2025-02-21 08:52:46;INFO]----------------------------------------------------------------------------------------------------

[2025-02-21 08:52:46;INFO]Current Epoch: 142 / 500 | Learning Rate : 0.0008535533905940727
[2025-02-21 08:52:48;INFO]Train | Loss : 0.029950 | ACC : 3150/3150 (100.000%)
[2025-02-21 08:52:48;INFO]Valid | Loss : 0.036462 | ACC : 1349/1350 (99.926%)
[2025-02-21 08:52:48;INFO]      | Loss didn't drop!

[2025-02-21 08:52:48;INFO]best epoch: 140, best loss: 0.026138
[2025-02-21 08:52:48;INFO]----------------------------------------------------------------------------------------------------

[2025-02-21 08:52:48;INFO]Current Epoch: 143 / 500 | Learning Rate : 0.000499999999999864
[2025-02-21 08:52:50;INFO]Train | Loss : 0.030018 | ACC : 3150/3150 (100.000%)
[2025-02-21 08:52:50;INFO]Valid | Loss : 0.026021 | ACC : 1350/1350 (100.000%)
[2025-02-21 08:52:50;INFO]      | Loss dropped from 0.026138 to 0.026021, model has been saved!

[2025-02-21 08:52:50;INFO]best epoch: 143, best loss: 0.026021
[2025-02-21 08:52:50;INFO]----------------------------------------------------------------------------------------------------

[2025-02-21 08:52:50;INFO]Current Epoch: 144 / 500 | Learning Rate : 0.00014644660940667988
[2025-02-21 08:52:52;INFO]Train | Loss : 0.029221 | ACC : 3150/3150 (100.000%)
[2025-02-21 08:52:52;INFO]Valid | Loss : 0.032387 | ACC : 1350/1350 (100.000%)
[2025-02-21 08:52:52;INFO]      | Loss didn't drop!

[2025-02-21 08:52:52;INFO]best epoch: 143, best loss: 0.026021
[2025-02-21 08:52:52;INFO]----------------------------------------------------------------------------------------------------

[2025-02-21 08:52:52;INFO]Current Epoch: 145 / 500 | Learning Rate : 0.0010000000000000362
[2025-02-21 08:52:54;INFO]Train | Loss : 0.028427 | ACC : 3150/3150 (100.000%)
[2025-02-21 08:52:55;INFO]Valid | Loss : 0.024150 | ACC : 1350/1350 (100.000%)
[2025-02-21 08:52:55;INFO]      | Loss dropped from 0.026021 to 0.024150, model has been saved!

[2025-02-21 08:52:55;INFO]best epoch: 145, best loss: 0.024150
[2025-02-21 08:52:55;INFO]----------------------------------------------------------------------------------------------------

[2025-02-21 08:52:55;INFO]Current Epoch: 146 / 500 | Learning Rate : 0.0001464466094067951
[2025-02-21 08:52:56;INFO]Train | Loss : 0.028731 | ACC : 3149/3150 (99.968%)
[2025-02-21 08:52:57;INFO]Valid | Loss : 0.048911 | ACC : 1350/1350 (100.000%)
[2025-02-21 08:52:57;INFO]      | Loss didn't drop!

[2025-02-21 08:52:57;INFO]best epoch: 145, best loss: 0.024150
[2025-02-21 08:52:57;INFO]----------------------------------------------------------------------------------------------------

[2025-02-21 08:52:57;INFO]Current Epoch: 147 / 500 | Learning Rate : 0.0005000000000001469
[2025-02-21 08:52:58;INFO]Train | Loss : 0.027167 | ACC : 3150/3150 (100.000%)
[2025-02-21 08:52:59;INFO]Valid | Loss : 0.060688 | ACC : 1350/1350 (100.000%)
[2025-02-21 08:52:59;INFO]      | Loss didn't drop!

[2025-02-21 08:52:59;INFO]best epoch: 145, best loss: 0.024150
[2025-02-21 08:52:59;INFO]----------------------------------------------------------------------------------------------------

[2025-02-21 08:52:59;INFO]Current Epoch: 148 / 500 | Learning Rate : 0.0008535533905937675
[2025-02-21 08:53:01;INFO]Train | Loss : 0.027507 | ACC : 3150/3150 (100.000%)
[2025-02-21 08:53:01;INFO]Valid | Loss : 0.024310 | ACC : 1350/1350 (100.000%)
[2025-02-21 08:53:01;INFO]      | Loss didn't drop!

[2025-02-21 08:53:01;INFO]best epoch: 145, best loss: 0.024150
[2025-02-21 08:53:01;INFO]----------------------------------------------------------------------------------------------------

[2025-02-21 08:53:01;INFO]Current Epoch: 149 / 500 | Learning Rate : 0.0
[2025-02-21 08:53:03;INFO]Train | Loss : 0.025032 | ACC : 3150/3150 (100.000%)
[2025-02-21 08:53:03;INFO]Valid | Loss : 0.029875 | ACC : 1350/1350 (100.000%)
[2025-02-21 08:53:03;INFO]      | Loss didn't drop!

[2025-02-21 08:53:03;INFO]best epoch: 145, best loss: 0.024150
[2025-02-21 08:53:03;INFO]----------------------------------------------------------------------------------------------------

[2025-02-21 08:53:03;INFO]Current Epoch: 150 / 500 | Learning Rate : 0.0008535533905928101
[2025-02-21 08:53:05;INFO]Train | Loss : 0.024930 | ACC : 3150/3150 (100.000%)
[2025-02-21 08:53:05;INFO]Valid | Loss : 0.023377 | ACC : 1350/1350 (100.000%)
[2025-02-21 08:53:05;INFO]      | Loss dropped from 0.024150 to 0.023377, model has been saved!

[2025-02-21 08:53:05;INFO]best epoch: 150, best loss: 0.023377
[2025-02-21 08:53:05;INFO]----------------------------------------------------------------------------------------------------

[2025-02-21 08:53:05;INFO]Current Epoch: 151 / 500 | Learning Rate : 0.0005000000000005524
[2025-02-21 08:53:07;INFO]Train | Loss : 0.025255 | ACC : 3150/3150 (100.000%)
[2025-02-21 08:53:07;INFO]Valid | Loss : 0.022732 | ACC : 1350/1350 (100.000%)
[2025-02-21 08:53:07;INFO]      | Loss dropped from 0.023377 to 0.022732, model has been saved!

[2025-02-21 08:53:07;INFO]best epoch: 151, best loss: 0.022732
[2025-02-21 08:53:07;INFO]----------------------------------------------------------------------------------------------------

[2025-02-21 08:53:07;INFO]Current Epoch: 152 / 500 | Learning Rate : 0.00014644660940691886
[2025-02-21 08:53:09;INFO]Train | Loss : 0.023775 | ACC : 3150/3150 (100.000%)
[2025-02-21 08:53:10;INFO]Valid | Loss : 0.031952 | ACC : 1350/1350 (100.000%)
[2025-02-21 08:53:10;INFO]      | Loss didn't drop!

[2025-02-21 08:53:10;INFO]best epoch: 151, best loss: 0.022732
[2025-02-21 08:53:10;INFO]----------------------------------------------------------------------------------------------------

[2025-02-21 08:53:10;INFO]Current Epoch: 153 / 500 | Learning Rate : 0.000999999999999964
[2025-02-21 08:53:11;INFO]Train | Loss : 0.024285 | ACC : 3150/3150 (100.000%)
[2025-02-21 08:53:12;INFO]Valid | Loss : 0.020421 | ACC : 1350/1350 (100.000%)
[2025-02-21 08:53:12;INFO]      | Loss dropped from 0.022732 to 0.020421, model has been saved!

[2025-02-21 08:53:12;INFO]best epoch: 153, best loss: 0.020421
[2025-02-21 08:53:12;INFO]----------------------------------------------------------------------------------------------------

[2025-02-21 08:53:12;INFO]Current Epoch: 154 / 500 | Learning Rate : 0.00014644660940674504
[2025-02-21 08:53:14;INFO]Train | Loss : 0.023893 | ACC : 3150/3150 (100.000%)
[2025-02-21 08:53:14;INFO]Valid | Loss : 0.040042 | ACC : 1350/1350 (100.000%)
[2025-02-21 08:53:14;INFO]      | Loss didn't drop!

[2025-02-21 08:53:14;INFO]best epoch: 153, best loss: 0.020421
[2025-02-21 08:53:14;INFO]----------------------------------------------------------------------------------------------------

[2025-02-21 08:53:14;INFO]Current Epoch: 155 / 500 | Learning Rate : 0.0005000000000001031
[2025-02-21 08:53:16;INFO]Train | Loss : 0.022477 | ACC : 3150/3150 (100.000%)
[2025-02-21 08:53:16;INFO]Valid | Loss : 0.023330 | ACC : 1350/1350 (100.000%)
[2025-02-21 08:53:16;INFO]      | Loss didn't drop!

[2025-02-21 08:53:16;INFO]best epoch: 153, best loss: 0.020421
[2025-02-21 08:53:16;INFO]----------------------------------------------------------------------------------------------------

[2025-02-21 08:53:16;INFO]Current Epoch: 156 / 500 | Learning Rate : 0.0008535533905937077
[2025-02-21 08:53:18;INFO]Train | Loss : 0.022769 | ACC : 3150/3150 (100.000%)
[2025-02-21 08:53:18;INFO]Valid | Loss : 0.020072 | ACC : 1350/1350 (100.000%)
[2025-02-21 08:53:18;INFO]      | Loss dropped from 0.020421 to 0.020072, model has been saved!

[2025-02-21 08:53:18;INFO]best epoch: 156, best loss: 0.020072
[2025-02-21 08:53:18;INFO]----------------------------------------------------------------------------------------------------

[2025-02-21 08:53:18;INFO]Current Epoch: 157 / 500 | Learning Rate : 0.0
[2025-02-21 08:53:20;INFO]Train | Loss : 0.022121 | ACC : 3150/3150 (100.000%)
[2025-02-21 08:53:20;INFO]Valid | Loss : 0.021833 | ACC : 1350/1350 (100.000%)
[2025-02-21 08:53:20;INFO]      | Loss didn't drop!

[2025-02-21 08:53:20;INFO]best epoch: 156, best loss: 0.020072
[2025-02-21 08:53:20;INFO]----------------------------------------------------------------------------------------------------

[2025-02-21 08:53:20;INFO]Current Epoch: 158 / 500 | Learning Rate : 0.0008535533905939376
[2025-02-21 08:53:22;INFO]Train | Loss : 0.022667 | ACC : 3150/3150 (100.000%)
[2025-02-21 08:53:23;INFO]Valid | Loss : 0.019523 | ACC : 1350/1350 (100.000%)
[2025-02-21 08:53:23;INFO]      | Loss dropped from 0.020072 to 0.019523, model has been saved!

[2025-02-21 08:53:23;INFO]best epoch: 158, best loss: 0.019523
[2025-02-21 08:53:23;INFO]----------------------------------------------------------------------------------------------------

[2025-02-21 08:53:23;INFO]Current Epoch: 159 / 500 | Learning Rate : 0.0005000000000005147
[2025-02-21 08:53:24;INFO]Train | Loss : 0.022772 | ACC : 3150/3150 (100.000%)
[2025-02-21 08:53:25;INFO]Valid | Loss : 0.018588 | ACC : 1350/1350 (100.000%)
[2025-02-21 08:53:25;INFO]      | Loss dropped from 0.019523 to 0.018588, model has been saved!

[2025-02-21 08:53:25;INFO]best epoch: 159, best loss: 0.018588
[2025-02-21 08:53:25;INFO]----------------------------------------------------------------------------------------------------

[2025-02-21 08:53:25;INFO]Current Epoch: 160 / 500 | Learning Rate : 0.0001464466094069048
[2025-02-21 08:53:27;INFO]Train | Loss : 0.021591 | ACC : 3150/3150 (100.000%)
[2025-02-21 08:53:27;INFO]Valid | Loss : 0.032674 | ACC : 1350/1350 (100.000%)
[2025-02-21 08:53:27;INFO]      | Loss didn't drop!

[2025-02-21 08:53:27;INFO]best epoch: 159, best loss: 0.018588
[2025-02-21 08:53:27;INFO]----------------------------------------------------------------------------------------------------

[2025-02-21 08:53:27;INFO]Current Epoch: 161 / 500 | Learning Rate : 0.0009999999999998918
[2025-02-21 08:53:29;INFO]Train | Loss : 0.021031 | ACC : 3150/3150 (100.000%)
[2025-02-21 08:53:29;INFO]Valid | Loss : 0.018614 | ACC : 1350/1350 (100.000%)
[2025-02-21 08:53:29;INFO]      | Loss didn't drop!

[2025-02-21 08:53:29;INFO]best epoch: 159, best loss: 0.018588
[2025-02-21 08:53:29;INFO]----------------------------------------------------------------------------------------------------

[2025-02-21 08:53:29;INFO]Current Epoch: 162 / 500 | Learning Rate : 0.00014644660940673664
[2025-02-21 08:53:31;INFO]Train | Loss : 0.020953 | ACC : 3150/3150 (100.000%)
[2025-02-21 08:53:31;INFO]Valid | Loss : 0.021098 | ACC : 1350/1350 (100.000%)
[2025-02-21 08:53:31;INFO]      | Loss didn't drop!

[2025-02-21 08:53:31;INFO]best epoch: 159, best loss: 0.018588
[2025-02-21 08:53:31;INFO]----------------------------------------------------------------------------------------------------

[2025-02-21 08:53:31;INFO]Current Epoch: 163 / 500 | Learning Rate : 0.0005000000000001212
[2025-02-21 08:53:33;INFO]Train | Loss : 0.020353 | ACC : 3150/3150 (100.000%)
[2025-02-21 08:53:33;INFO]Valid | Loss : 0.019337 | ACC : 1350/1350 (100.000%)
[2025-02-21 08:53:33;INFO]      | Loss didn't drop!

[2025-02-21 08:53:33;INFO]best epoch: 159, best loss: 0.018588
[2025-02-21 08:53:33;INFO]----------------------------------------------------------------------------------------------------

[2025-02-21 08:53:33;INFO]Current Epoch: 164 / 500 | Learning Rate : 0.0008535533905936401
[2025-02-21 08:53:35;INFO]Train | Loss : 0.020642 | ACC : 3150/3150 (100.000%)
[2025-02-21 08:53:35;INFO]Valid | Loss : 0.017852 | ACC : 1350/1350 (100.000%)
[2025-02-21 08:53:36;INFO]      | Loss dropped from 0.018588 to 0.017852, model has been saved!

[2025-02-21 08:53:36;INFO]best epoch: 164, best loss: 0.017852
[2025-02-21 08:53:36;INFO]----------------------------------------------------------------------------------------------------

[2025-02-21 08:53:36;INFO]Current Epoch: 165 / 500 | Learning Rate : 0.0
[2025-02-21 08:53:37;INFO]Train | Loss : 0.020175 | ACC : 3150/3150 (100.000%)
[2025-02-21 08:53:38;INFO]Valid | Loss : 0.017429 | ACC : 1350/1350 (100.000%)
[2025-02-21 08:53:38;INFO]      | Loss dropped from 0.017852 to 0.017429, model has been saved!

[2025-02-21 08:53:38;INFO]best epoch: 165, best loss: 0.017429
[2025-02-21 08:53:38;INFO]----------------------------------------------------------------------------------------------------

[2025-02-21 08:53:38;INFO]Current Epoch: 166 / 500 | Learning Rate : 0.0008535533905938744
[2025-02-21 08:53:39;INFO]Train | Loss : 0.019579 | ACC : 3150/3150 (100.000%)
[2025-02-21 08:53:40;INFO]Valid | Loss : 0.017864 | ACC : 1350/1350 (100.000%)
[2025-02-21 08:53:40;INFO]      | Loss didn't drop!

[2025-02-21 08:53:40;INFO]best epoch: 165, best loss: 0.017429
[2025-02-21 08:53:40;INFO]----------------------------------------------------------------------------------------------------

[2025-02-21 08:53:40;INFO]Current Epoch: 167 / 500 | Learning Rate : 0.0004999999999997599
[2025-02-21 08:53:42;INFO]Train | Loss : 0.019179 | ACC : 3150/3150 (100.000%)
[2025-02-21 08:53:42;INFO]Valid | Loss : 0.019248 | ACC : 1350/1350 (100.000%)
[2025-02-21 08:53:42;INFO]      | Loss didn't drop!

[2025-02-21 08:53:42;INFO]best epoch: 165, best loss: 0.017429
[2025-02-21 08:53:42;INFO]----------------------------------------------------------------------------------------------------

[2025-02-21 08:53:42;INFO]Current Epoch: 168 / 500 | Learning Rate : 0.0001464466094066406
[2025-02-21 08:53:44;INFO]Train | Loss : 0.018696 | ACC : 3150/3150 (100.000%)
[2025-02-21 08:53:44;INFO]Valid | Loss : 0.019275 | ACC : 1350/1350 (100.000%)
[2025-02-21 08:53:44;INFO]      | Loss didn't drop!

[2025-02-21 08:53:44;INFO]best epoch: 165, best loss: 0.017429
[2025-02-21 08:53:44;INFO]----------------------------------------------------------------------------------------------------

[2025-02-21 08:53:44;INFO]Current Epoch: 169 / 500 | Learning Rate : 0.0009999999999998107
[2025-02-21 08:53:46;INFO]Train | Loss : 0.019027 | ACC : 3150/3150 (100.000%)
[2025-02-21 08:53:46;INFO]Valid | Loss : 0.016186 | ACC : 1350/1350 (100.000%)
[2025-02-21 08:53:46;INFO]      | Loss dropped from 0.017429 to 0.016186, model has been saved!

[2025-02-21 08:53:46;INFO]best epoch: 169, best loss: 0.016186
[2025-02-21 08:53:46;INFO]----------------------------------------------------------------------------------------------------

[2025-02-21 08:53:46;INFO]Current Epoch: 170 / 500 | Learning Rate : 0.0001464466094067281
[2025-02-21 08:53:48;INFO]Train | Loss : 0.018462 | ACC : 3150/3150 (100.000%)
[2025-02-21 08:53:48;INFO]Valid | Loss : 0.017308 | ACC : 1350/1350 (100.000%)
[2025-02-21 08:53:48;INFO]      | Loss didn't drop!

[2025-02-21 08:53:48;INFO]best epoch: 169, best loss: 0.016186
[2025-02-21 08:53:48;INFO]----------------------------------------------------------------------------------------------------

[2025-02-21 08:53:48;INFO]Current Epoch: 171 / 500 | Learning Rate : 0.0005000000000000823
[2025-02-21 08:53:50;INFO]Train | Loss : 0.018247 | ACC : 3150/3150 (100.000%)
[2025-02-21 08:53:51;INFO]Valid | Loss : 0.016227 | ACC : 1350/1350 (100.000%)
[2025-02-21 08:53:51;INFO]      | Loss didn't drop!

[2025-02-21 08:53:51;INFO]best epoch: 169, best loss: 0.016186
[2025-02-21 08:53:51;INFO]----------------------------------------------------------------------------------------------------

[2025-02-21 08:53:51;INFO]Current Epoch: 172 / 500 | Learning Rate : 0.0008535533905935405
[2025-02-21 08:53:52;INFO]Train | Loss : 0.017803 | ACC : 3150/3150 (100.000%)
[2025-02-21 08:53:53;INFO]Valid | Loss : 0.016250 | ACC : 1350/1350 (100.000%)
[2025-02-21 08:53:53;INFO]      | Loss didn't drop!

[2025-02-21 08:53:53;INFO]best epoch: 169, best loss: 0.016186
[2025-02-21 08:53:53;INFO]----------------------------------------------------------------------------------------------------

[2025-02-21 08:53:53;INFO]Current Epoch: 173 / 500 | Learning Rate : 0.0
[2025-02-21 08:53:55;INFO]Train | Loss : 0.017681 | ACC : 3150/3150 (100.000%)
[2025-02-21 08:53:55;INFO]Valid | Loss : 0.018352 | ACC : 1350/1350 (100.000%)
[2025-02-21 08:53:55;INFO]      | Loss didn't drop!

[2025-02-21 08:53:55;INFO]best epoch: 169, best loss: 0.016186
[2025-02-21 08:53:55;INFO]----------------------------------------------------------------------------------------------------

[2025-02-21 08:53:55;INFO]Current Epoch: 174 / 500 | Learning Rate : 0.0008535533905938505
[2025-02-21 08:53:57;INFO]Train | Loss : 0.017170 | ACC : 3150/3150 (100.000%)
[2025-02-21 08:53:57;INFO]Valid | Loss : 0.015664 | ACC : 1350/1350 (100.000%)
[2025-02-21 08:53:57;INFO]      | Loss dropped from 0.016186 to 0.015664, model has been saved!

[2025-02-21 08:53:57;INFO]best epoch: 174, best loss: 0.015664
[2025-02-21 08:53:57;INFO]----------------------------------------------------------------------------------------------------

[2025-02-21 08:53:57;INFO]Current Epoch: 175 / 500 | Learning Rate : 0.0005000000000004482
[2025-02-21 08:53:59;INFO]Train | Loss : 0.017594 | ACC : 3150/3150 (100.000%)
[2025-02-21 08:53:59;INFO]Valid | Loss : 0.016460 | ACC : 1350/1350 (100.000%)
[2025-02-21 08:53:59;INFO]      | Loss didn't drop!

[2025-02-21 08:53:59;INFO]best epoch: 174, best loss: 0.015664
[2025-02-21 08:53:59;INFO]----------------------------------------------------------------------------------------------------

[2025-02-21 08:53:59;INFO]Current Epoch: 176 / 500 | Learning Rate : 0.00014644660940687945
[2025-02-21 08:54:01;INFO]Train | Loss : 0.017375 | ACC : 3150/3150 (100.000%)
[2025-02-21 08:54:01;INFO]Valid | Loss : 0.015818 | ACC : 1350/1350 (100.000%)
[2025-02-21 08:54:01;INFO]      | Loss didn't drop!

[2025-02-21 08:54:01;INFO]best epoch: 174, best loss: 0.015664
[2025-02-21 08:54:01;INFO]----------------------------------------------------------------------------------------------------

[2025-02-21 08:54:01;INFO]Current Epoch: 177 / 500 | Learning Rate : 0.001000000000001181
[2025-02-21 08:54:03;INFO]Train | Loss : 0.016124 | ACC : 3150/3150 (100.000%)
[2025-02-21 08:54:03;INFO]Valid | Loss : 0.015244 | ACC : 1349/1350 (99.926%)
[2025-02-21 08:54:04;INFO]      | Loss dropped from 0.015664 to 0.015244, model has been saved!

[2025-02-21 08:54:04;INFO]best epoch: 177, best loss: 0.015244
[2025-02-21 08:54:04;INFO]----------------------------------------------------------------------------------------------------

[2025-02-21 08:54:04;INFO]Current Epoch: 178 / 500 | Learning Rate : 0.00014644660940671834
[2025-02-21 08:54:05;INFO]Train | Loss : 0.016483 | ACC : 3150/3150 (100.000%)
[2025-02-21 08:54:06;INFO]Valid | Loss : 0.015326 | ACC : 1350/1350 (100.000%)
[2025-02-21 08:54:06;INFO]      | Loss didn't drop!

[2025-02-21 08:54:06;INFO]best epoch: 177, best loss: 0.015244
[2025-02-21 08:54:06;INFO]----------------------------------------------------------------------------------------------------

[2025-02-21 08:54:06;INFO]Current Epoch: 179 / 500 | Learning Rate : 0.0004999999999999818
[2025-02-21 08:54:07;INFO]Train | Loss : 0.016178 | ACC : 3150/3150 (100.000%)
[2025-02-21 08:54:08;INFO]Valid | Loss : 0.016201 | ACC : 1350/1350 (100.000%)
[2025-02-21 08:54:08;INFO]      | Loss didn't drop!

[2025-02-21 08:54:08;INFO]best epoch: 177, best loss: 0.015244
[2025-02-21 08:54:08;INFO]----------------------------------------------------------------------------------------------------

[2025-02-21 08:54:08;INFO]Current Epoch: 180 / 500 | Learning Rate : 0.0008535533905935213
[2025-02-21 08:54:10;INFO]Train | Loss : 0.015709 | ACC : 3150/3150 (100.000%)
[2025-02-21 08:54:10;INFO]Valid | Loss : 0.014346 | ACC : 1350/1350 (100.000%)
[2025-02-21 08:54:10;INFO]      | Loss dropped from 0.015244 to 0.014346, model has been saved!

[2025-02-21 08:54:10;INFO]best epoch: 180, best loss: 0.014346
[2025-02-21 08:54:10;INFO]----------------------------------------------------------------------------------------------------

[2025-02-21 08:54:10;INFO]Current Epoch: 181 / 500 | Learning Rate : 0.0
[2025-02-21 08:54:12;INFO]Train | Loss : 0.016048 | ACC : 3150/3150 (100.000%)
[2025-02-21 08:54:12;INFO]Valid | Loss : 0.014568 | ACC : 1350/1350 (100.000%)
[2025-02-21 08:54:12;INFO]      | Loss didn't drop!

[2025-02-21 08:54:12;INFO]best epoch: 180, best loss: 0.014346
[2025-02-21 08:54:12;INFO]----------------------------------------------------------------------------------------------------

[2025-02-21 08:54:12;INFO]Current Epoch: 182 / 500 | Learning Rate : 0.0008535533905937797
[2025-02-21 08:54:14;INFO]Train | Loss : 0.015929 | ACC : 3150/3150 (100.000%)
[2025-02-21 08:54:14;INFO]Valid | Loss : 0.015489 | ACC : 1350/1350 (100.000%)
[2025-02-21 08:54:14;INFO]      | Loss didn't drop!

[2025-02-21 08:54:14;INFO]best epoch: 180, best loss: 0.014346
[2025-02-21 08:54:14;INFO]----------------------------------------------------------------------------------------------------

[2025-02-21 08:54:14;INFO]Current Epoch: 183 / 500 | Learning Rate : 0.000500000000000415
[2025-02-21 08:54:16;INFO]Train | Loss : 0.015742 | ACC : 3150/3150 (100.000%)
[2025-02-21 08:54:16;INFO]Valid | Loss : 0.014063 | ACC : 1349/1350 (99.926%)
[2025-02-21 08:54:16;INFO]      | Loss dropped from 0.014346 to 0.014063, model has been saved!

[2025-02-21 08:54:16;INFO]best epoch: 183, best loss: 0.014063
[2025-02-21 08:54:16;INFO]----------------------------------------------------------------------------------------------------

[2025-02-21 08:54:16;INFO]Current Epoch: 184 / 500 | Learning Rate : 0.00014644660940686682
[2025-02-21 08:54:18;INFO]Train | Loss : 0.014828 | ACC : 3150/3150 (100.000%)
[2025-02-21 08:54:19;INFO]Valid | Loss : 0.013963 | ACC : 1350/1350 (100.000%)
[2025-02-21 08:54:19;INFO]      | Loss dropped from 0.014063 to 0.013963, model has been saved!

[2025-02-21 08:54:19;INFO]best epoch: 184, best loss: 0.013963
[2025-02-21 08:54:19;INFO]----------------------------------------------------------------------------------------------------

[2025-02-21 08:54:19;INFO]Current Epoch: 185 / 500 | Learning Rate : 0.0009999999999996665
[2025-02-21 08:54:20;INFO]Train | Loss : 0.015169 | ACC : 3150/3150 (100.000%)
[2025-02-21 08:54:21;INFO]Valid | Loss : 0.013778 | ACC : 1350/1350 (100.000%)
[2025-02-21 08:54:21;INFO]      | Loss dropped from 0.013963 to 0.013778, model has been saved!

[2025-02-21 08:54:21;INFO]best epoch: 185, best loss: 0.013778
[2025-02-21 08:54:21;INFO]----------------------------------------------------------------------------------------------------

[2025-02-21 08:54:21;INFO]Current Epoch: 186 / 500 | Learning Rate : 0.0001464466094067098
[2025-02-21 08:54:23;INFO]Train | Loss : 0.014774 | ACC : 3150/3150 (100.000%)
[2025-02-21 08:54:23;INFO]Valid | Loss : 0.013380 | ACC : 1349/1350 (99.926%)
[2025-02-21 08:54:23;INFO]      | Loss dropped from 0.013778 to 0.013380, model has been saved!

[2025-02-21 08:54:23;INFO]best epoch: 186, best loss: 0.013380
[2025-02-21 08:54:23;INFO]----------------------------------------------------------------------------------------------------

[2025-02-21 08:54:23;INFO]Current Epoch: 187 / 500 | Learning Rate : 0.0004999999999999995
[2025-02-21 08:54:25;INFO]Train | Loss : 0.014690 | ACC : 3150/3150 (100.000%)
[2025-02-21 08:54:25;INFO]Valid | Loss : 0.015440 | ACC : 1350/1350 (100.000%)
[2025-02-21 08:54:25;INFO]      | Loss didn't drop!

[2025-02-21 08:54:25;INFO]best epoch: 186, best loss: 0.013380
[2025-02-21 08:54:25;INFO]----------------------------------------------------------------------------------------------------

[2025-02-21 08:54:25;INFO]Current Epoch: 188 / 500 | Learning Rate : 0.0008535533905934617
[2025-02-21 08:54:27;INFO]Train | Loss : 0.014773 | ACC : 3150/3150 (100.000%)
[2025-02-21 08:54:27;INFO]Valid | Loss : 0.013481 | ACC : 1349/1350 (99.926%)
[2025-02-21 08:54:27;INFO]      | Loss didn't drop!

[2025-02-21 08:54:27;INFO]best epoch: 186, best loss: 0.013380
[2025-02-21 08:54:27;INFO]----------------------------------------------------------------------------------------------------

[2025-02-21 08:54:27;INFO]Current Epoch: 189 / 500 | Learning Rate : 0.0
[2025-02-21 08:54:29;INFO]Train | Loss : 0.014099 | ACC : 3150/3150 (100.000%)
[2025-02-21 08:54:29;INFO]Valid | Loss : 0.013290 | ACC : 1350/1350 (100.000%)
[2025-02-21 08:54:29;INFO]      | Loss dropped from 0.013380 to 0.013290, model has been saved!

[2025-02-21 08:54:29;INFO]best epoch: 189, best loss: 0.013290
[2025-02-21 08:54:29;INFO]----------------------------------------------------------------------------------------------------

[2025-02-21 08:54:29;INFO]Current Epoch: 190 / 500 | Learning Rate : 0.0008535533905936753
[2025-02-21 08:54:31;INFO]Train | Loss : 0.013572 | ACC : 3150/3150 (100.000%)
[2025-02-21 08:54:32;INFO]Valid | Loss : 0.013450 | ACC : 1349/1350 (99.926%)
[2025-02-21 08:54:32;INFO]      | Loss didn't drop!

[2025-02-21 08:54:32;INFO]best epoch: 189, best loss: 0.013290
[2025-02-21 08:54:32;INFO]----------------------------------------------------------------------------------------------------

[2025-02-21 08:54:32;INFO]Current Epoch: 191 / 500 | Learning Rate : 0.0005000000000003773
[2025-02-21 08:54:33;INFO]Train | Loss : 0.014548 | ACC : 3150/3150 (100.000%)
[2025-02-21 08:54:34;INFO]Valid | Loss : 0.013473 | ACC : 1349/1350 (99.926%)
[2025-02-21 08:54:34;INFO]      | Loss didn't drop!

[2025-02-21 08:54:34;INFO]best epoch: 189, best loss: 0.013290
[2025-02-21 08:54:34;INFO]----------------------------------------------------------------------------------------------------

[2025-02-21 08:54:34;INFO]Current Epoch: 192 / 500 | Learning Rate : 0.00014644660940685286
[2025-02-21 08:54:36;INFO]Train | Loss : 0.013292 | ACC : 3150/3150 (100.000%)
[2025-02-21 08:54:36;INFO]Valid | Loss : 0.013585 | ACC : 1349/1350 (99.926%)
[2025-02-21 08:54:36;INFO]      | Loss didn't drop!

[2025-02-21 08:54:36;INFO]best epoch: 189, best loss: 0.013290
[2025-02-21 08:54:36;INFO]----------------------------------------------------------------------------------------------------

[2025-02-21 08:54:36;INFO]Current Epoch: 193 / 500 | Learning Rate : 0.0009999999999995943
[2025-02-21 08:54:38;INFO]Train | Loss : 0.013576 | ACC : 3150/3150 (100.000%)
[2025-02-21 08:54:38;INFO]Valid | Loss : 0.012977 | ACC : 1349/1350 (99.926%)
[2025-02-21 08:54:38;INFO]      | Loss dropped from 0.013290 to 0.012977, model has been saved!

[2025-02-21 08:54:38;INFO]best epoch: 193, best loss: 0.012977
[2025-02-21 08:54:38;INFO]----------------------------------------------------------------------------------------------------

[2025-02-21 08:54:38;INFO]Current Epoch: 194 / 500 | Learning Rate : 0.00014644660940691263
[2025-02-21 08:54:40;INFO]Train | Loss : 0.013543 | ACC : 3150/3150 (100.000%)
[2025-02-21 08:54:40;INFO]Valid | Loss : 0.013611 | ACC : 1349/1350 (99.926%)
[2025-02-21 08:54:40;INFO]      | Loss didn't drop!

[2025-02-21 08:54:40;INFO]best epoch: 193, best loss: 0.012977
[2025-02-21 08:54:40;INFO]----------------------------------------------------------------------------------------------------

[2025-02-21 08:54:40;INFO]Current Epoch: 195 / 500 | Learning Rate : 0.0005000000000006822
[2025-02-21 08:54:42;INFO]Train | Loss : 0.013379 | ACC : 3150/3150 (100.000%)
[2025-02-21 08:54:42;INFO]Valid | Loss : 0.012497 | ACC : 1349/1350 (99.926%)
[2025-02-21 08:54:42;INFO]      | Loss dropped from 0.012977 to 0.012497, model has been saved!

[2025-02-21 08:54:42;INFO]best epoch: 195, best loss: 0.012497
[2025-02-21 08:54:42;INFO]----------------------------------------------------------------------------------------------------

[2025-02-21 08:54:42;INFO]Current Epoch: 196 / 500 | Learning Rate : 0.0008535533905933947
[2025-02-21 08:54:44;INFO]Train | Loss : 0.013186 | ACC : 3150/3150 (100.000%)
[2025-02-21 08:54:45;INFO]Valid | Loss : 0.012230 | ACC : 1349/1350 (99.926%)
[2025-02-21 08:54:45;INFO]      | Loss dropped from 0.012497 to 0.012230, model has been saved!

[2025-02-21 08:54:45;INFO]best epoch: 196, best loss: 0.012230
[2025-02-21 08:54:45;INFO]----------------------------------------------------------------------------------------------------

[2025-02-21 08:54:45;INFO]Current Epoch: 197 / 500 | Learning Rate : 0.0
[2025-02-21 08:54:46;INFO]Train | Loss : 0.013033 | ACC : 3150/3150 (100.000%)
[2025-02-21 08:54:47;INFO]Valid | Loss : 0.011174 | ACC : 1349/1350 (99.926%)
[2025-02-21 08:54:47;INFO]      | Loss dropped from 0.012230 to 0.011174, model has been saved!

[2025-02-21 08:54:47;INFO]best epoch: 197, best loss: 0.011174
[2025-02-21 08:54:47;INFO]----------------------------------------------------------------------------------------------------

[2025-02-21 08:54:47;INFO]Current Epoch: 198 / 500 | Learning Rate : 0.0008535533905936523
[2025-02-21 08:54:49;INFO]Train | Loss : 0.013064 | ACC : 3150/3150 (100.000%)
[2025-02-21 08:54:49;INFO]Valid | Loss : 0.012417 | ACC : 1349/1350 (99.926%)
[2025-02-21 08:54:49;INFO]      | Loss didn't drop!

[2025-02-21 08:54:49;INFO]best epoch: 197, best loss: 0.011174
[2025-02-21 08:54:49;INFO]----------------------------------------------------------------------------------------------------

[2025-02-21 08:54:49;INFO]Current Epoch: 199 / 500 | Learning Rate : 0.0004999999999996229
[2025-02-21 08:54:51;INFO]Train | Loss : 0.013004 | ACC : 3150/3150 (100.000%)
[2025-02-21 08:54:51;INFO]Valid | Loss : 0.011479 | ACC : 1350/1350 (100.000%)
[2025-02-21 08:54:51;INFO]      | Loss didn't drop!

[2025-02-21 08:54:51;INFO]best epoch: 197, best loss: 0.011174
[2025-02-21 08:54:51;INFO]----------------------------------------------------------------------------------------------------

[2025-02-21 08:54:51;INFO]Current Epoch: 200 / 500 | Learning Rate : 0.0001464466094066288
[2025-02-21 08:54:53;INFO]Train | Loss : 0.012241 | ACC : 3150/3150 (100.000%)
[2025-02-21 08:54:53;INFO]Valid | Loss : 0.013024 | ACC : 1349/1350 (99.926%)
[2025-02-21 08:54:53;INFO]      | Loss didn't drop!

[2025-02-21 08:54:53;INFO]best epoch: 197, best loss: 0.011174
[2025-02-21 08:54:53;INFO]----------------------------------------------------------------------------------------------------

[2025-02-21 08:54:53;INFO]Current Epoch: 201 / 500 | Learning Rate : 0.001000000000000956
[2025-02-21 08:54:55;INFO]Train | Loss : 0.013337 | ACC : 3150/3150 (100.000%)
[2025-02-21 08:54:55;INFO]Valid | Loss : 0.011740 | ACC : 1349/1350 (99.926%)
[2025-02-21 08:54:55;INFO]      | Loss didn't drop!

[2025-02-21 08:54:55;INFO]best epoch: 197, best loss: 0.011174
[2025-02-21 08:54:55;INFO]----------------------------------------------------------------------------------------------------

[2025-02-21 08:54:55;INFO]Current Epoch: 202 / 500 | Learning Rate : 0.00014644660940669286
[2025-02-21 08:54:57;INFO]Train | Loss : 0.012392 | ACC : 3150/3150 (100.000%)
[2025-02-21 08:54:57;INFO]Valid | Loss : 0.013503 | ACC : 1349/1350 (99.926%)
[2025-02-21 08:54:57;INFO]      | Loss didn't drop!

[2025-02-21 08:54:57;INFO]best epoch: 197, best loss: 0.011174
[2025-02-21 08:54:57;INFO]----------------------------------------------------------------------------------------------------

[2025-02-21 08:54:57;INFO]Current Epoch: 203 / 500 | Learning Rate : 0.0004999999999999215
[2025-02-21 08:54:59;INFO]Train | Loss : 0.012028 | ACC : 3150/3150 (100.000%)
[2025-02-21 08:55:00;INFO]Valid | Loss : 0.012810 | ACC : 1349/1350 (99.926%)
[2025-02-21 08:55:00;INFO]      | Loss didn't drop!

[2025-02-21 08:55:00;INFO]best epoch: 197, best loss: 0.011174
[2025-02-21 08:55:00;INFO]----------------------------------------------------------------------------------------------------

[2025-02-21 08:55:00;INFO]Current Epoch: 204 / 500 | Learning Rate : 0.0008535533905932949
[2025-02-21 08:55:01;INFO]Train | Loss : 0.011683 | ACC : 3150/3150 (100.000%)
[2025-02-21 08:55:02;INFO]Valid | Loss : 0.010994 | ACC : 1350/1350 (100.000%)
[2025-02-21 08:55:02;INFO]      | Loss dropped from 0.011174 to 0.010994, model has been saved!

[2025-02-21 08:55:02;INFO]best epoch: 204, best loss: 0.010994
[2025-02-21 08:55:02;INFO]----------------------------------------------------------------------------------------------------

[2025-02-21 08:55:02;INFO]Current Epoch: 205 / 500 | Learning Rate : 0.0
[2025-02-21 08:55:04;INFO]Train | Loss : 0.011588 | ACC : 3150/3150 (100.000%)
[2025-02-21 08:55:04;INFO]Valid | Loss : 0.012848 | ACC : 1349/1350 (99.926%)
[2025-02-21 08:55:04;INFO]      | Loss didn't drop!

[2025-02-21 08:55:04;INFO]best epoch: 204, best loss: 0.010994
[2025-02-21 08:55:04;INFO]----------------------------------------------------------------------------------------------------

[2025-02-21 08:55:04;INFO]Current Epoch: 206 / 500 | Learning Rate : 0.0008535533905935807
[2025-02-21 08:55:06;INFO]Train | Loss : 0.011940 | ACC : 3150/3150 (100.000%)
[2025-02-21 08:55:06;INFO]Valid | Loss : 0.010568 | ACC : 1350/1350 (100.000%)
[2025-02-21 08:55:06;INFO]      | Loss dropped from 0.010994 to 0.010568, model has been saved!

[2025-02-21 08:55:06;INFO]best epoch: 206, best loss: 0.010568
[2025-02-21 08:55:06;INFO]----------------------------------------------------------------------------------------------------

[2025-02-21 08:55:06;INFO]Current Epoch: 207 / 500 | Learning Rate : 0.0005000000000003113
[2025-02-21 08:55:08;INFO]Train | Loss : 0.011617 | ACC : 3150/3150 (100.000%)
[2025-02-21 08:55:08;INFO]Valid | Loss : 0.011079 | ACC : 1350/1350 (100.000%)
[2025-02-21 08:55:08;INFO]      | Loss didn't drop!

[2025-02-21 08:55:08;INFO]best epoch: 206, best loss: 0.010568
[2025-02-21 08:55:08;INFO]----------------------------------------------------------------------------------------------------

[2025-02-21 08:55:08;INFO]Current Epoch: 208 / 500 | Learning Rate : 0.00014644660940682755
[2025-02-21 08:55:10;INFO]Train | Loss : 0.011451 | ACC : 3150/3150 (100.000%)
[2025-02-21 08:55:10;INFO]Valid | Loss : 0.011770 | ACC : 1349/1350 (99.926%)
[2025-02-21 08:55:10;INFO]      | Loss didn't drop!

[2025-02-21 08:55:10;INFO]best epoch: 206, best loss: 0.010568
[2025-02-21 08:55:10;INFO]----------------------------------------------------------------------------------------------------

[2025-02-21 08:55:10;INFO]Current Epoch: 209 / 500 | Learning Rate : 0.0010000000000008834
[2025-02-21 08:55:12;INFO]Train | Loss : 0.011059 | ACC : 3150/3150 (100.000%)
[2025-02-21 08:55:13;INFO]Valid | Loss : 0.010702 | ACC : 1349/1350 (99.926%)
[2025-02-21 08:55:13;INFO]      | Loss didn't drop!

[2025-02-21 08:55:13;INFO]best epoch: 206, best loss: 0.010568
[2025-02-21 08:55:13;INFO]----------------------------------------------------------------------------------------------------

[2025-02-21 08:55:13;INFO]Current Epoch: 210 / 500 | Learning Rate : 0.00014644660940689433
[2025-02-21 08:55:14;INFO]Train | Loss : 0.010616 | ACC : 3150/3150 (100.000%)
[2025-02-21 08:55:15;INFO]Valid | Loss : 0.010935 | ACC : 1349/1350 (99.926%)
[2025-02-21 08:55:15;INFO]      | Loss didn't drop!

[2025-02-21 08:55:15;INFO]best epoch: 206, best loss: 0.010568
[2025-02-21 08:55:15;INFO]----------------------------------------------------------------------------------------------------

[2025-02-21 08:55:15;INFO]Current Epoch: 211 / 500 | Learning Rate : 0.0005000000000006001
[2025-02-21 08:55:17;INFO]Train | Loss : 0.010827 | ACC : 3150/3150 (100.000%)
[2025-02-21 08:55:17;INFO]Valid | Loss : 0.010393 | ACC : 1349/1350 (99.926%)
[2025-02-21 08:55:17;INFO]      | Loss dropped from 0.010568 to 0.010393, model has been saved!

[2025-02-21 08:55:17;INFO]best epoch: 211, best loss: 0.010393
[2025-02-21 08:55:17;INFO]----------------------------------------------------------------------------------------------------

[2025-02-21 08:55:17;INFO]Current Epoch: 212 / 500 | Learning Rate : 0.0008535533905932359
[2025-02-21 08:55:19;INFO]Train | Loss : 0.010681 | ACC : 3150/3150 (100.000%)
[2025-02-21 08:55:19;INFO]Valid | Loss : 0.010616 | ACC : 1349/1350 (99.926%)
[2025-02-21 08:55:19;INFO]      | Loss didn't drop!

[2025-02-21 08:55:19;INFO]best epoch: 211, best loss: 0.010393
[2025-02-21 08:55:19;INFO]----------------------------------------------------------------------------------------------------

[2025-02-21 08:55:19;INFO]Current Epoch: 213 / 500 | Learning Rate : 0.0
[2025-02-21 08:55:21;INFO]Train | Loss : 0.011137 | ACC : 3150/3150 (100.000%)
[2025-02-21 08:55:21;INFO]Valid | Loss : 0.010035 | ACC : 1350/1350 (100.000%)
[2025-02-21 08:55:21;INFO]      | Loss dropped from 0.010393 to 0.010035, model has been saved!

[2025-02-21 08:55:21;INFO]best epoch: 213, best loss: 0.010035
[2025-02-21 08:55:21;INFO]----------------------------------------------------------------------------------------------------

[2025-02-21 08:55:21;INFO]Current Epoch: 214 / 500 | Learning Rate : 0.0008535533905935171
[2025-02-21 08:55:23;INFO]Train | Loss : 0.010506 | ACC : 3150/3150 (100.000%)
[2025-02-21 08:55:23;INFO]Valid | Loss : 0.010271 | ACC : 1349/1350 (99.926%)
[2025-02-21 08:55:23;INFO]      | Loss didn't drop!

[2025-02-21 08:55:23;INFO]best epoch: 213, best loss: 0.010035
[2025-02-21 08:55:23;INFO]----------------------------------------------------------------------------------------------------

[2025-02-21 08:55:23;INFO]Current Epoch: 215 / 500 | Learning Rate : 0.0005000000000009427
[2025-02-21 08:55:25;INFO]Train | Loss : 0.010800 | ACC : 3150/3150 (100.000%)
[2025-02-21 08:55:26;INFO]Valid | Loss : 0.010446 | ACC : 1350/1350 (100.000%)
[2025-02-21 08:55:26;INFO]      | Loss didn't drop!

[2025-02-21 08:55:26;INFO]best epoch: 213, best loss: 0.010035
[2025-02-21 08:55:26;INFO]----------------------------------------------------------------------------------------------------

[2025-02-21 08:55:26;INFO]Current Epoch: 216 / 500 | Learning Rate : 0.0001464466094070665
[2025-02-21 08:55:27;INFO]Train | Loss : 0.010803 | ACC : 3150/3150 (100.000%)
[2025-02-21 08:55:28;INFO]Valid | Loss : 0.011542 | ACC : 1349/1350 (99.926%)
[2025-02-21 08:55:28;INFO]      | Loss didn't drop!

[2025-02-21 08:55:28;INFO]best epoch: 213, best loss: 0.010035
[2025-02-21 08:55:28;INFO]----------------------------------------------------------------------------------------------------

[2025-02-21 08:55:28;INFO]Current Epoch: 217 / 500 | Learning Rate : 0.0009999999999993686
[2025-02-21 08:55:30;INFO]Train | Loss : 0.010635 | ACC : 3150/3150 (100.000%)
[2025-02-21 08:55:30;INFO]Valid | Loss : 0.009659 | ACC : 1349/1350 (99.926%)
[2025-02-21 08:55:30;INFO]      | Loss dropped from 0.010035 to 0.009659, model has been saved!

[2025-02-21 08:55:30;INFO]best epoch: 217, best loss: 0.009659
[2025-02-21 08:55:30;INFO]----------------------------------------------------------------------------------------------------

[2025-02-21 08:55:30;INFO]Current Epoch: 218 / 500 | Learning Rate : 0.0001464466094068859
[2025-02-21 08:55:32;INFO]Train | Loss : 0.010206 | ACC : 3150/3150 (100.000%)
[2025-02-21 08:55:32;INFO]Valid | Loss : 0.010242 | ACC : 1349/1350 (99.926%)
[2025-02-21 08:55:32;INFO]      | Loss didn't drop!

[2025-02-21 08:55:32;INFO]best epoch: 217, best loss: 0.009659
[2025-02-21 08:55:32;INFO]----------------------------------------------------------------------------------------------------

[2025-02-21 08:55:32;INFO]Current Epoch: 219 / 500 | Learning Rate : 0.0005000000000005604
[2025-02-21 08:55:34;INFO]Train | Loss : 0.010178 | ACC : 3150/3150 (100.000%)
[2025-02-21 08:55:34;INFO]Valid | Loss : 0.009405 | ACC : 1350/1350 (100.000%)
[2025-02-21 08:55:34;INFO]      | Loss dropped from 0.009659 to 0.009405, model has been saved!

[2025-02-21 08:55:34;INFO]best epoch: 219, best loss: 0.009405
[2025-02-21 08:55:34;INFO]----------------------------------------------------------------------------------------------------

[2025-02-21 08:55:34;INFO]Current Epoch: 220 / 500 | Learning Rate : 0.0008535533905931687
[2025-02-21 08:55:36;INFO]Train | Loss : 0.009735 | ACC : 3150/3150 (100.000%)
[2025-02-21 08:55:36;INFO]Valid | Loss : 0.009138 | ACC : 1350/1350 (100.000%)
[2025-02-21 08:55:36;INFO]      | Loss dropped from 0.009405 to 0.009138, model has been saved!

[2025-02-21 08:55:36;INFO]best epoch: 220, best loss: 0.009138
[2025-02-21 08:55:36;INFO]----------------------------------------------------------------------------------------------------

[2025-02-21 08:55:36;INFO]Current Epoch: 221 / 500 | Learning Rate : 0.0
[2025-02-21 08:55:38;INFO]Train | Loss : 0.009875 | ACC : 3150/3150 (100.000%)
[2025-02-21 08:55:39;INFO]Valid | Loss : 0.010202 | ACC : 1350/1350 (100.000%)
[2025-02-21 08:55:39;INFO]      | Loss didn't drop!

[2025-02-21 08:55:39;INFO]best epoch: 220, best loss: 0.009138
[2025-02-21 08:55:39;INFO]----------------------------------------------------------------------------------------------------

[2025-02-21 08:55:39;INFO]Current Epoch: 222 / 500 | Learning Rate : 0.0008535533905934136
[2025-02-21 08:55:40;INFO]Train | Loss : 0.009598 | ACC : 3150/3150 (100.000%)
[2025-02-21 08:55:41;INFO]Valid | Loss : 0.009841 | ACC : 1349/1350 (99.926%)
[2025-02-21 08:55:41;INFO]      | Loss didn't drop!

[2025-02-21 08:55:41;INFO]best epoch: 220, best loss: 0.009138
[2025-02-21 08:55:41;INFO]----------------------------------------------------------------------------------------------------

[2025-02-21 08:55:41;INFO]Current Epoch: 223 / 500 | Learning Rate : 0.0005000000000002405
[2025-02-21 08:55:42;INFO]Train | Loss : 0.009689 | ACC : 3150/3150 (100.000%)
[2025-02-21 08:55:43;INFO]Valid | Loss : 0.009492 | ACC : 1349/1350 (99.926%)
[2025-02-21 08:55:43;INFO]      | Loss didn't drop!

[2025-02-21 08:55:43;INFO]best epoch: 220, best loss: 0.009138
[2025-02-21 08:55:43;INFO]----------------------------------------------------------------------------------------------------

[2025-02-21 08:55:43;INFO]Current Epoch: 224 / 500 | Learning Rate : 0.00014644660940680096
[2025-02-21 08:55:45;INFO]Train | Loss : 0.009395 | ACC : 3150/3150 (100.000%)
[2025-02-21 08:55:45;INFO]Valid | Loss : 0.008904 | ACC : 1349/1350 (99.926%)
[2025-02-21 08:55:45;INFO]      | Loss dropped from 0.009138 to 0.008904, model has been saved!

[2025-02-21 08:55:45;INFO]best epoch: 224, best loss: 0.008904
[2025-02-21 08:55:45;INFO]----------------------------------------------------------------------------------------------------

[2025-02-21 08:55:45;INFO]Current Epoch: 225 / 500 | Learning Rate : 0.0009999999999992875
[2025-02-21 08:55:47;INFO]Train | Loss : 0.009219 | ACC : 3150/3150 (100.000%)
[2025-02-21 08:55:47;INFO]Valid | Loss : 0.009291 | ACC : 1349/1350 (99.926%)
[2025-02-21 08:55:47;INFO]      | Loss didn't drop!

[2025-02-21 08:55:47;INFO]best epoch: 224, best loss: 0.008904
[2025-02-21 08:55:47;INFO]----------------------------------------------------------------------------------------------------

[2025-02-21 08:55:47;INFO]Current Epoch: 226 / 500 | Learning Rate : 0.00014644660940687736
[2025-02-21 08:55:49;INFO]Train | Loss : 0.009279 | ACC : 3150/3150 (100.000%)
[2025-02-21 08:55:49;INFO]Valid | Loss : 0.039348 | ACC : 1349/1350 (99.926%)
[2025-02-21 08:55:49;INFO]      | Loss didn't drop!

[2025-02-21 08:55:49;INFO]best epoch: 224, best loss: 0.008904
[2025-02-21 08:55:49;INFO]----------------------------------------------------------------------------------------------------

[2025-02-21 08:55:49;INFO]Current Epoch: 227 / 500 | Learning Rate : 0.0005000000000005216
[2025-02-21 08:55:51;INFO]Train | Loss : 0.009589 | ACC : 3150/3150 (100.000%)
[2025-02-21 08:55:51;INFO]Valid | Loss : 0.008482 | ACC : 1349/1350 (99.926%)
[2025-02-21 08:55:51;INFO]      | Loss dropped from 0.008904 to 0.008482, model has been saved!

[2025-02-21 08:55:51;INFO]best epoch: 227, best loss: 0.008482
[2025-02-21 08:55:51;INFO]----------------------------------------------------------------------------------------------------

[2025-02-21 08:55:51;INFO]Current Epoch: 228 / 500 | Learning Rate : 0.0008535533905943401
[2025-02-21 08:55:53;INFO]Train | Loss : 0.009246 | ACC : 3150/3150 (100.000%)
[2025-02-21 08:55:54;INFO]Valid | Loss : 0.008504 | ACC : 1349/1350 (99.926%)
[2025-02-21 08:55:54;INFO]      | Loss didn't drop!

[2025-02-21 08:55:54;INFO]best epoch: 227, best loss: 0.008482
[2025-02-21 08:55:54;INFO]----------------------------------------------------------------------------------------------------

[2025-02-21 08:55:54;INFO]Current Epoch: 229 / 500 | Learning Rate : 0.0
[2025-02-21 08:55:55;INFO]Train | Loss : 0.008583 | ACC : 3150/3150 (100.000%)
[2025-02-21 08:55:56;INFO]Valid | Loss : 0.008679 | ACC : 1350/1350 (100.000%)
[2025-02-21 08:55:56;INFO]      | Loss didn't drop!

[2025-02-21 08:55:56;INFO]best epoch: 227, best loss: 0.008482
[2025-02-21 08:55:56;INFO]----------------------------------------------------------------------------------------------------

[2025-02-21 08:55:56;INFO]Current Epoch: 230 / 500 | Learning Rate : 0.0008535533905933417
[2025-02-21 08:55:58;INFO]Train | Loss : 0.008715 | ACC : 3150/3150 (100.000%)
[2025-02-21 08:55:58;INFO]Valid | Loss : 0.009422 | ACC : 1349/1350 (99.926%)
[2025-02-21 08:55:58;INFO]      | Loss didn't drop!

[2025-02-21 08:55:58;INFO]best epoch: 227, best loss: 0.008482
[2025-02-21 08:55:58;INFO]----------------------------------------------------------------------------------------------------

[2025-02-21 08:55:58;INFO]Current Epoch: 231 / 500 | Learning Rate : 0.0005000000000002072
[2025-02-21 08:56:00;INFO]Train | Loss : 0.008559 | ACC : 3150/3150 (100.000%)
[2025-02-21 08:56:00;INFO]Valid | Loss : 0.008540 | ACC : 1350/1350 (100.000%)
[2025-02-21 08:56:00;INFO]      | Loss didn't drop!

[2025-02-21 08:56:00;INFO]best epoch: 227, best loss: 0.008482
[2025-02-21 08:56:00;INFO]----------------------------------------------------------------------------------------------------

[2025-02-21 08:56:00;INFO]Current Epoch: 232 / 500 | Learning Rate : 0.00014644660940678838
[2025-02-21 08:56:02;INFO]Train | Loss : 0.008379 | ACC : 3150/3150 (100.000%)
[2025-02-21 08:56:02;INFO]Valid | Loss : 0.009287 | ACC : 1350/1350 (100.000%)
[2025-02-21 08:56:02;INFO]      | Loss didn't drop!

[2025-02-21 08:56:02;INFO]best epoch: 227, best loss: 0.008482
[2025-02-21 08:56:02;INFO]----------------------------------------------------------------------------------------------------

[2025-02-21 08:56:02;INFO]Current Epoch: 233 / 500 | Learning Rate : 0.0010000000000021006
[2025-02-21 08:56:04;INFO]Train | Loss : 0.008482 | ACC : 3150/3150 (100.000%)
[2025-02-21 08:56:04;INFO]Valid | Loss : 0.008424 | ACC : 1349/1350 (99.926%)
[2025-02-21 08:56:04;INFO]      | Loss dropped from 0.008482 to 0.008424, model has been saved!

[2025-02-21 08:56:04;INFO]best epoch: 233, best loss: 0.008424
[2025-02-21 08:56:04;INFO]----------------------------------------------------------------------------------------------------

[2025-02-21 08:56:04;INFO]Current Epoch: 234 / 500 | Learning Rate : 0.00014644660940661607
[2025-02-21 08:56:06;INFO]Train | Loss : 0.008453 | ACC : 3150/3150 (100.000%)
[2025-02-21 08:56:07;INFO]Valid | Loss : 0.008068 | ACC : 1349/1350 (99.926%)
[2025-02-21 08:56:07;INFO]      | Loss dropped from 0.008424 to 0.008068, model has been saved!

[2025-02-21 08:56:07;INFO]best epoch: 234, best loss: 0.008068
[2025-02-21 08:56:07;INFO]----------------------------------------------------------------------------------------------------

[2025-02-21 08:56:07;INFO]Current Epoch: 235 / 500 | Learning Rate : 0.0004999999999997563
[2025-02-21 08:56:08;INFO]Train | Loss : 0.008039 | ACC : 3150/3150 (100.000%)
[2025-02-21 08:56:09;INFO]Valid | Loss : 0.008459 | ACC : 1350/1350 (100.000%)
[2025-02-21 08:56:09;INFO]      | Loss didn't drop!

[2025-02-21 08:56:09;INFO]best epoch: 234, best loss: 0.008068
[2025-02-21 08:56:09;INFO]----------------------------------------------------------------------------------------------------

[2025-02-21 08:56:09;INFO]Current Epoch: 236 / 500 | Learning Rate : 0.0008535533905942809
[2025-02-21 08:56:11;INFO]Train | Loss : 0.008247 | ACC : 3150/3150 (100.000%)
[2025-02-21 08:56:11;INFO]Valid | Loss : 0.007747 | ACC : 1349/1350 (99.926%)
[2025-02-21 08:56:11;INFO]      | Loss dropped from 0.008068 to 0.007747, model has been saved!

[2025-02-21 08:56:11;INFO]best epoch: 236, best loss: 0.007747
[2025-02-21 08:56:11;INFO]----------------------------------------------------------------------------------------------------

[2025-02-21 08:56:11;INFO]Current Epoch: 237 / 500 | Learning Rate : 0.0
[2025-02-21 08:56:13;INFO]Train | Loss : 0.008254 | ACC : 3150/3150 (100.000%)
[2025-02-21 08:56:13;INFO]Valid | Loss : 0.008674 | ACC : 1350/1350 (100.000%)
[2025-02-21 08:56:13;INFO]      | Loss didn't drop!

[2025-02-21 08:56:13;INFO]best epoch: 236, best loss: 0.007747
[2025-02-21 08:56:13;INFO]----------------------------------------------------------------------------------------------------

[2025-02-21 08:56:13;INFO]Current Epoch: 238 / 500 | Learning Rate : 0.0008535533905933593
[2025-02-21 08:56:15;INFO]Train | Loss : 0.007867 | ACC : 3150/3150 (100.000%)
[2025-02-21 08:56:15;INFO]Valid | Loss : 0.008658 | ACC : 1349/1350 (99.926%)
[2025-02-21 08:56:15;INFO]      | Loss didn't drop!

[2025-02-21 08:56:15;INFO]best epoch: 236, best loss: 0.007747
[2025-02-21 08:56:15;INFO]----------------------------------------------------------------------------------------------------

[2025-02-21 08:56:15;INFO]Current Epoch: 239 / 500 | Learning Rate : 0.0005000000000001742
[2025-02-21 08:56:17;INFO]Train | Loss : 0.007919 | ACC : 3150/3150 (100.000%)
[2025-02-21 08:56:17;INFO]Valid | Loss : 0.007150 | ACC : 1350/1350 (100.000%)
[2025-02-21 08:56:17;INFO]      | Loss dropped from 0.007747 to 0.007150, model has been saved!

[2025-02-21 08:56:17;INFO]best epoch: 239, best loss: 0.007150
[2025-02-21 08:56:17;INFO]----------------------------------------------------------------------------------------------------

[2025-02-21 08:56:17;INFO]Current Epoch: 240 / 500 | Learning Rate : 0.0001464466094067756
[2025-02-21 08:56:19;INFO]Train | Loss : 0.007899 | ACC : 3150/3150 (100.000%)
[2025-02-21 08:56:20;INFO]Valid | Loss : 0.009622 | ACC : 1349/1350 (99.926%)
[2025-02-21 08:56:20;INFO]      | Loss didn't drop!

[2025-02-21 08:56:20;INFO]best epoch: 239, best loss: 0.007150
[2025-02-21 08:56:20;INFO]----------------------------------------------------------------------------------------------------

[2025-02-21 08:56:20;INFO]Current Epoch: 241 / 500 | Learning Rate : 0.001000000000000586
[2025-02-21 08:56:21;INFO]Train | Loss : 0.007831 | ACC : 3150/3150 (100.000%)
[2025-02-21 08:56:22;INFO]Valid | Loss : 0.007734 | ACC : 1350/1350 (100.000%)
[2025-02-21 08:56:22;INFO]      | Loss didn't drop!

[2025-02-21 08:56:22;INFO]best epoch: 239, best loss: 0.007150
[2025-02-21 08:56:22;INFO]----------------------------------------------------------------------------------------------------

[2025-02-21 08:56:22;INFO]Current Epoch: 242 / 500 | Learning Rate : 0.0001464466094066076
[2025-02-21 08:56:23;INFO]Train | Loss : 0.007661 | ACC : 3150/3150 (100.000%)
[2025-02-21 08:56:24;INFO]Valid | Loss : 0.007540 | ACC : 1350/1350 (100.000%)
[2025-02-21 08:56:24;INFO]      | Loss didn't drop!

[2025-02-21 08:56:24;INFO]best epoch: 239, best loss: 0.007150
[2025-02-21 08:56:24;INFO]----------------------------------------------------------------------------------------------------

[2025-02-21 08:56:24;INFO]Current Epoch: 243 / 500 | Learning Rate : 0.0004999999999996604
[2025-02-21 08:56:26;INFO]Train | Loss : 0.007663 | ACC : 3150/3150 (100.000%)
[2025-02-21 08:56:26;INFO]Valid | Loss : 0.007643 | ACC : 1350/1350 (100.000%)
[2025-02-21 08:56:26;INFO]      | Loss didn't drop!

[2025-02-21 08:56:26;INFO]best epoch: 239, best loss: 0.007150
[2025-02-21 08:56:26;INFO]----------------------------------------------------------------------------------------------------

[2025-02-21 08:56:26;INFO]Current Epoch: 244 / 500 | Learning Rate : 0.0008535533905942619
[2025-02-21 08:56:28;INFO]Train | Loss : 0.007949 | ACC : 3150/3150 (100.000%)
[2025-02-21 08:56:28;INFO]Valid | Loss : 0.007017 | ACC : 1350/1350 (100.000%)
[2025-02-21 08:56:28;INFO]      | Loss dropped from 0.007150 to 0.007017, model has been saved!

[2025-02-21 08:56:28;INFO]best epoch: 244, best loss: 0.007017
[2025-02-21 08:56:28;INFO]----------------------------------------------------------------------------------------------------

[2025-02-21 08:56:28;INFO]Current Epoch: 245 / 500 | Learning Rate : 0.0
[2025-02-21 08:56:30;INFO]Train | Loss : 0.007276 | ACC : 3150/3150 (100.000%)
[2025-02-21 08:56:30;INFO]Valid | Loss : 0.008102 | ACC : 1350/1350 (100.000%)
[2025-02-21 08:56:30;INFO]      | Loss didn't drop!

[2025-02-21 08:56:30;INFO]best epoch: 244, best loss: 0.007017
[2025-02-21 08:56:30;INFO]----------------------------------------------------------------------------------------------------

[2025-02-21 08:56:30;INFO]Current Epoch: 246 / 500 | Learning Rate : 0.0008535533905944864
[2025-02-21 08:56:32;INFO]Train | Loss : 0.007444 | ACC : 3150/3150 (100.000%)
[2025-02-21 08:56:32;INFO]Valid | Loss : 0.007276 | ACC : 1350/1350 (100.000%)
[2025-02-21 08:56:32;INFO]      | Loss didn't drop!

[2025-02-21 08:56:32;INFO]best epoch: 244, best loss: 0.007017
[2025-02-21 08:56:32;INFO]----------------------------------------------------------------------------------------------------

[2025-02-21 08:56:32;INFO]Current Epoch: 247 / 500 | Learning Rate : 0.0005000000000000798
[2025-02-21 08:56:34;INFO]Train | Loss : 0.007339 | ACC : 3150/3150 (100.000%)
[2025-02-21 08:56:35;INFO]Valid | Loss : 0.006548 | ACC : 1349/1350 (99.926%)
[2025-02-21 08:56:35;INFO]      | Loss dropped from 0.007017 to 0.006548, model has been saved!

[2025-02-21 08:56:35;INFO]best epoch: 247, best loss: 0.006548
[2025-02-21 08:56:35;INFO]----------------------------------------------------------------------------------------------------

[2025-02-21 08:56:35;INFO]Current Epoch: 248 / 500 | Learning Rate : 0.00014644660940676173
[2025-02-21 08:56:36;INFO]Train | Loss : 0.006936 | ACC : 3150/3150 (100.000%)
[2025-02-21 08:56:37;INFO]Valid | Loss : 0.008645 | ACC : 1349/1350 (99.926%)
[2025-02-21 08:56:37;INFO]      | Loss didn't drop!

[2025-02-21 08:56:37;INFO]best epoch: 247, best loss: 0.006548
[2025-02-21 08:56:37;INFO]----------------------------------------------------------------------------------------------------

[2025-02-21 08:56:37;INFO]Current Epoch: 249 / 500 | Learning Rate : 0.0010000000000005141
[2025-02-21 08:56:39;INFO]Train | Loss : 0.007068 | ACC : 3150/3150 (100.000%)
[2025-02-21 08:56:39;INFO]Valid | Loss : 0.006910 | ACC : 1350/1350 (100.000%)
[2025-02-21 08:56:39;INFO]      | Loss didn't drop!

[2025-02-21 08:56:39;INFO]best epoch: 247, best loss: 0.006548
[2025-02-21 08:56:39;INFO]----------------------------------------------------------------------------------------------------

[2025-02-21 08:56:39;INFO]Current Epoch: 250 / 500 | Learning Rate : 0.00014644660940659913
[2025-02-21 08:56:41;INFO]Train | Loss : 0.006923 | ACC : 3150/3150 (100.000%)
[2025-02-21 08:56:41;INFO]Valid | Loss : 0.007741 | ACC : 1350/1350 (100.000%)
[2025-02-21 08:56:41;INFO]      | Loss didn't drop!

[2025-02-21 08:56:41;INFO]best epoch: 247, best loss: 0.006548
[2025-02-21 08:56:41;INFO]----------------------------------------------------------------------------------------------------

[2025-02-21 08:56:41;INFO]Current Epoch: 251 / 500 | Learning Rate : 0.0004999999999997352
[2025-02-21 08:56:43;INFO]Train | Loss : 0.006986 | ACC : 3150/3150 (100.000%)
[2025-02-21 08:56:43;INFO]Valid | Loss : 0.006692 | ACC : 1350/1350 (100.000%)
[2025-02-21 08:56:43;INFO]      | Loss didn't drop!

[2025-02-21 08:56:43;INFO]best epoch: 247, best loss: 0.006548
[2025-02-21 08:56:43;INFO]----------------------------------------------------------------------------------------------------

[2025-02-21 08:56:43;INFO]Current Epoch: 252 / 500 | Learning Rate : 0.0008535533905929625
[2025-02-21 08:56:45;INFO]Train | Loss : 0.007000 | ACC : 3150/3150 (100.000%)
[2025-02-21 08:56:45;INFO]Valid | Loss : 0.006865 | ACC : 1350/1350 (100.000%)
[2025-02-21 08:56:45;INFO]      | Loss didn't drop!

[2025-02-21 08:56:45;INFO]best epoch: 247, best loss: 0.006548
[2025-02-21 08:56:45;INFO]----------------------------------------------------------------------------------------------------

[2025-02-21 08:56:45;INFO]Current Epoch: 253 / 500 | Learning Rate : 0.0
[2025-02-21 08:56:47;INFO]Train | Loss : 0.006654 | ACC : 3150/3150 (100.000%)
[2025-02-21 08:56:48;INFO]Valid | Loss : 0.006107 | ACC : 1350/1350 (100.000%)
[2025-02-21 08:56:48;INFO]      | Loss dropped from 0.006548 to 0.006107, model has been saved!

[2025-02-21 08:56:48;INFO]best epoch: 253, best loss: 0.006107
[2025-02-21 08:56:48;INFO]----------------------------------------------------------------------------------------------------

[2025-02-21 08:56:48;INFO]Current Epoch: 254 / 500 | Learning Rate : 0.0008535533905944226
[2025-02-21 08:56:49;INFO]Train | Loss : 0.006641 | ACC : 3150/3150 (100.000%)
[2025-02-21 08:56:50;INFO]Valid | Loss : 0.006741 | ACC : 1350/1350 (100.000%)
[2025-02-21 08:56:50;INFO]      | Loss didn't drop!

[2025-02-21 08:56:50;INFO]best epoch: 253, best loss: 0.006107
[2025-02-21 08:56:50;INFO]----------------------------------------------------------------------------------------------------

[2025-02-21 08:56:50;INFO]Current Epoch: 255 / 500 | Learning Rate : 0.0005000000000000467
[2025-02-21 08:56:52;INFO]Train | Loss : 0.006368 | ACC : 3150/3150 (100.000%)
[2025-02-21 08:56:52;INFO]Valid | Loss : 0.006116 | ACC : 1350/1350 (100.000%)
[2025-02-21 08:56:52;INFO]      | Loss didn't drop!

[2025-02-21 08:56:52;INFO]best epoch: 253, best loss: 0.006107
[2025-02-21 08:56:52;INFO]----------------------------------------------------------------------------------------------------

[2025-02-21 08:56:52;INFO]Current Epoch: 256 / 500 | Learning Rate : 0.00014644660940674908
[2025-02-21 08:56:54;INFO]Train | Loss : 0.006477 | ACC : 3150/3150 (100.000%)
[2025-02-21 08:56:54;INFO]Valid | Loss : 0.007540 | ACC : 1349/1350 (99.926%)
[2025-02-21 08:56:54;INFO]      | Loss didn't drop!

[2025-02-21 08:56:54;INFO]best epoch: 253, best loss: 0.006107
[2025-02-21 08:56:54;INFO]----------------------------------------------------------------------------------------------------

[2025-02-21 08:56:54;INFO]Current Epoch: 257 / 500 | Learning Rate : 0.0010000000000004328
[2025-02-21 08:56:56;INFO]Train | Loss : 0.006426 | ACC : 3150/3150 (100.000%)
[2025-02-21 08:56:56;INFO]Valid | Loss : 0.006316 | ACC : 1350/1350 (100.000%)
[2025-02-21 08:56:56;INFO]      | Loss didn't drop!

[2025-02-21 08:56:56;INFO]best epoch: 253, best loss: 0.006107
[2025-02-21 08:56:56;INFO]----------------------------------------------------------------------------------------------------

[2025-02-21 08:56:56;INFO]Current Epoch: 258 / 500 | Learning Rate : 0.00014644660940680188
[2025-02-21 08:56:58;INFO]Train | Loss : 0.006608 | ACC : 3150/3150 (100.000%)
[2025-02-21 08:56:58;INFO]Valid | Loss : 0.005798 | ACC : 1350/1350 (100.000%)
[2025-02-21 08:56:58;INFO]      | Loss dropped from 0.006107 to 0.005798, model has been saved!

[2025-02-21 08:56:58;INFO]best epoch: 258, best loss: 0.005798
[2025-02-21 08:56:58;INFO]----------------------------------------------------------------------------------------------------

[2025-02-21 08:56:58;INFO]Current Epoch: 259 / 500 | Learning Rate : 0.0005000000000004176
[2025-02-21 08:57:00;INFO]Train | Loss : 0.006258 | ACC : 3150/3150 (100.000%)
[2025-02-21 08:57:01;INFO]Valid | Loss : 0.007058 | ACC : 1349/1350 (99.926%)
[2025-02-21 08:57:01;INFO]      | Loss didn't drop!

[2025-02-21 08:57:01;INFO]best epoch: 258, best loss: 0.005798
[2025-02-21 08:57:01;INFO]----------------------------------------------------------------------------------------------------

[2025-02-21 08:57:01;INFO]Current Epoch: 260 / 500 | Learning Rate : 0.000853553390592823
[2025-02-21 08:57:02;INFO]Train | Loss : 0.006319 | ACC : 3150/3150 (100.000%)
[2025-02-21 08:57:03;INFO]Valid | Loss : 0.006373 | ACC : 1350/1350 (100.000%)
[2025-02-21 08:57:03;INFO]      | Loss didn't drop!

[2025-02-21 08:57:03;INFO]best epoch: 258, best loss: 0.005798
[2025-02-21 08:57:03;INFO]----------------------------------------------------------------------------------------------------

[2025-02-21 08:57:03;INFO]Current Epoch: 261 / 500 | Learning Rate : 0.0
[2025-02-21 08:57:05;INFO]Train | Loss : 0.005915 | ACC : 3150/3150 (100.000%)
[2025-02-21 08:57:05;INFO]Valid | Loss : 0.006361 | ACC : 1350/1350 (100.000%)
[2025-02-21 08:57:05;INFO]      | Loss didn't drop!

[2025-02-21 08:57:05;INFO]best epoch: 258, best loss: 0.005798
[2025-02-21 08:57:05;INFO]----------------------------------------------------------------------------------------------------

[2025-02-21 08:57:05;INFO]Current Epoch: 262 / 500 | Learning Rate : 0.0008535533905943588
[2025-02-21 08:57:07;INFO]Train | Loss : 0.006519 | ACC : 3150/3150 (100.000%)
[2025-02-21 08:57:07;INFO]Valid | Loss : 0.006382 | ACC : 1350/1350 (100.000%)
[2025-02-21 08:57:07;INFO]      | Loss didn't drop!

[2025-02-21 08:57:07;INFO]best epoch: 258, best loss: 0.005798
[2025-02-21 08:57:07;INFO]----------------------------------------------------------------------------------------------------

[2025-02-21 08:57:07;INFO]Current Epoch: 263 / 500 | Learning Rate : 0.0005000000000007349
[2025-02-21 08:57:09;INFO]Train | Loss : 0.006094 | ACC : 3150/3150 (100.000%)
[2025-02-21 08:57:09;INFO]Valid | Loss : 0.006161 | ACC : 1350/1350 (100.000%)
[2025-02-21 08:57:09;INFO]      | Loss didn't drop!

[2025-02-21 08:57:09;INFO]best epoch: 258, best loss: 0.005798
[2025-02-21 08:57:09;INFO]----------------------------------------------------------------------------------------------------

[2025-02-21 08:57:09;INFO]Current Epoch: 264 / 500 | Learning Rate : 0.00014644660940698795
[2025-02-21 08:57:11;INFO]Train | Loss : 0.005872 | ACC : 3150/3150 (100.000%)
[2025-02-21 08:57:11;INFO]Valid | Loss : 0.006088 | ACC : 1350/1350 (100.000%)
[2025-02-21 08:57:11;INFO]      | Loss didn't drop!

[2025-02-21 08:57:11;INFO]best epoch: 258, best loss: 0.005798
[2025-02-21 08:57:11;INFO]----------------------------------------------------------------------------------------------------

[2025-02-21 08:57:11;INFO]Current Epoch: 265 / 500 | Learning Rate : 0.0009999999999989182
[2025-02-21 08:57:13;INFO]Train | Loss : 0.005954 | ACC : 3150/3150 (100.000%)
[2025-02-21 08:57:14;INFO]Valid | Loss : 0.006063 | ACC : 1350/1350 (100.000%)
[2025-02-21 08:57:14;INFO]      | Loss didn't drop!

[2025-02-21 08:57:14;INFO]best epoch: 258, best loss: 0.005798
[2025-02-21 08:57:14;INFO]----------------------------------------------------------------------------------------------------

[2025-02-21 08:57:14;INFO]Current Epoch: 266 / 500 | Learning Rate : 0.0001464466094070449
[2025-02-21 08:57:15;INFO]Train | Loss : 0.005959 | ACC : 3150/3150 (100.000%)
[2025-02-21 08:57:16;INFO]Valid | Loss : 0.005804 | ACC : 1350/1350 (100.000%)
[2025-02-21 08:57:16;INFO]      | Loss didn't drop!

[2025-02-21 08:57:16;INFO]best epoch: 258, best loss: 0.005798
[2025-02-21 08:57:16;INFO]----------------------------------------------------------------------------------------------------

[2025-02-21 08:57:16;INFO]Current Epoch: 267 / 500 | Learning Rate : 0.0005000000000010433
[2025-02-21 08:57:18;INFO]Train | Loss : 0.005777 | ACC : 3150/3150 (100.000%)
[2025-02-21 08:57:18;INFO]Valid | Loss : 0.005841 | ACC : 1350/1350 (100.000%)
[2025-02-21 08:57:18;INFO]      | Loss didn't drop!

[2025-02-21 08:57:18;INFO]best epoch: 258, best loss: 0.005798
[2025-02-21 08:57:18;INFO]----------------------------------------------------------------------------------------------------

[2025-02-21 08:57:18;INFO]Current Epoch: 268 / 500 | Learning Rate : 0.000853553390592804
[2025-02-21 08:57:20;INFO]Train | Loss : 0.005634 | ACC : 3150/3150 (100.000%)
[2025-02-21 08:57:20;INFO]Valid | Loss : 0.005639 | ACC : 1350/1350 (100.000%)
[2025-02-21 08:57:20;INFO]      | Loss dropped from 0.005798 to 0.005639, model has been saved!

[2025-02-21 08:57:20;INFO]best epoch: 268, best loss: 0.005639
[2025-02-21 08:57:20;INFO]----------------------------------------------------------------------------------------------------

[2025-02-21 08:57:20;INFO]Current Epoch: 269 / 500 | Learning Rate : 0.0
[2025-02-21 08:57:22;INFO]Train | Loss : 0.005613 | ACC : 3150/3150 (100.000%)
[2025-02-21 08:57:22;INFO]Valid | Loss : 0.005638 | ACC : 1350/1350 (100.000%)
[2025-02-21 08:57:22;INFO]      | Loss dropped from 0.005639 to 0.005638, model has been saved!

[2025-02-21 08:57:22;INFO]best epoch: 269, best loss: 0.005638
[2025-02-21 08:57:22;INFO]----------------------------------------------------------------------------------------------------

[2025-02-21 08:57:22;INFO]Current Epoch: 270 / 500 | Learning Rate : 0.000853553390593016
[2025-02-21 08:57:24;INFO]Train | Loss : 0.005459 | ACC : 3150/3150 (100.000%)
[2025-02-21 08:57:24;INFO]Valid | Loss : 0.005280 | ACC : 1350/1350 (100.000%)
[2025-02-21 08:57:24;INFO]      | Loss dropped from 0.005638 to 0.005280, model has been saved!

[2025-02-21 08:57:24;INFO]best epoch: 270, best loss: 0.005280
[2025-02-21 08:57:24;INFO]----------------------------------------------------------------------------------------------------

[2025-02-21 08:57:24;INFO]Current Epoch: 271 / 500 | Learning Rate : 0.0005000000000000328
[2025-02-21 08:57:26;INFO]Train | Loss : 0.005717 | ACC : 3150/3150 (100.000%)
[2025-02-21 08:57:27;INFO]Valid | Loss : 0.005951 | ACC : 1350/1350 (100.000%)
[2025-02-21 08:57:27;INFO]      | Loss didn't drop!

[2025-02-21 08:57:27;INFO]best epoch: 270, best loss: 0.005280
[2025-02-21 08:57:27;INFO]----------------------------------------------------------------------------------------------------

[2025-02-21 08:57:27;INFO]Current Epoch: 272 / 500 | Learning Rate : 0.00014644660940672246
[2025-02-21 08:57:28;INFO]Train | Loss : 0.005748 | ACC : 3150/3150 (100.000%)
[2025-02-21 08:57:29;INFO]Valid | Loss : 0.004857 | ACC : 1350/1350 (100.000%)
[2025-02-21 08:57:29;INFO]      | Loss dropped from 0.005280 to 0.004857, model has been saved!

[2025-02-21 08:57:29;INFO]best epoch: 272, best loss: 0.004857
[2025-02-21 08:57:29;INFO]----------------------------------------------------------------------------------------------------

[2025-02-21 08:57:29;INFO]Current Epoch: 273 / 500 | Learning Rate : 0.0010000000000002884
[2025-02-21 08:57:31;INFO]Train | Loss : 0.005393 | ACC : 3150/3150 (100.000%)
[2025-02-21 08:57:31;INFO]Valid | Loss : 0.005693 | ACC : 1350/1350 (100.000%)
[2025-02-21 08:57:31;INFO]      | Loss didn't drop!

[2025-02-21 08:57:31;INFO]best epoch: 272, best loss: 0.004857
[2025-02-21 08:57:31;INFO]----------------------------------------------------------------------------------------------------

[2025-02-21 08:57:31;INFO]Current Epoch: 274 / 500 | Learning Rate : 0.00014644660940678358
[2025-02-21 08:57:33;INFO]Train | Loss : 0.005420 | ACC : 3150/3150 (100.000%)
[2025-02-21 08:57:33;INFO]Valid | Loss : 0.005180 | ACC : 1350/1350 (100.000%)
[2025-02-21 08:57:33;INFO]      | Loss didn't drop!

[2025-02-21 08:57:33;INFO]best epoch: 272, best loss: 0.004857
[2025-02-21 08:57:33;INFO]----------------------------------------------------------------------------------------------------

[2025-02-21 08:57:33;INFO]Current Epoch: 275 / 500 | Learning Rate : 0.0005000000000003351
[2025-02-21 08:57:35;INFO]Train | Loss : 0.005420 | ACC : 3150/3150 (100.000%)
[2025-02-21 08:57:35;INFO]Valid | Loss : 0.006379 | ACC : 1350/1350 (100.000%)
[2025-02-21 08:57:35;INFO]      | Loss didn't drop!

[2025-02-21 08:57:35;INFO]best epoch: 272, best loss: 0.004857
[2025-02-21 08:57:35;INFO]----------------------------------------------------------------------------------------------------

[2025-02-21 08:57:35;INFO]Current Epoch: 276 / 500 | Learning Rate : 0.0008535533905939354
[2025-02-21 08:57:37;INFO]Train | Loss : 0.005545 | ACC : 3150/3150 (100.000%)
[2025-02-21 08:57:37;INFO]Valid | Loss : 0.005392 | ACC : 1350/1350 (100.000%)
[2025-02-21 08:57:37;INFO]      | Loss didn't drop!

[2025-02-21 08:57:37;INFO]best epoch: 272, best loss: 0.004857
[2025-02-21 08:57:37;INFO]----------------------------------------------------------------------------------------------------

[2025-02-21 08:57:37;INFO]Current Epoch: 277 / 500 | Learning Rate : 0.0
[2025-02-21 08:57:39;INFO]Train | Loss : 0.005231 | ACC : 3150/3150 (100.000%)
[2025-02-21 08:57:40;INFO]Valid | Loss : 0.007496 | ACC : 1349/1350 (99.926%)
[2025-02-21 08:57:40;INFO]      | Loss didn't drop!

[2025-02-21 08:57:40;INFO]best epoch: 272, best loss: 0.004857
[2025-02-21 08:57:40;INFO]----------------------------------------------------------------------------------------------------

[2025-02-21 08:57:40;INFO]Current Epoch: 278 / 500 | Learning Rate : 0.0008535533905942238
[2025-02-21 08:57:41;INFO]Train | Loss : 0.005197 | ACC : 3150/3150 (100.000%)
[2025-02-21 08:57:42;INFO]Valid | Loss : 0.005184 | ACC : 1350/1350 (100.000%)
[2025-02-21 08:57:42;INFO]      | Loss didn't drop!

[2025-02-21 08:57:42;INFO]best epoch: 272, best loss: 0.004857
[2025-02-21 08:57:42;INFO]----------------------------------------------------------------------------------------------------

[2025-02-21 08:57:42;INFO]Current Epoch: 279 / 500 | Learning Rate : 0.0005000000000006641
[2025-02-21 08:57:44;INFO]Train | Loss : 0.005321 | ACC : 3150/3150 (100.000%)
[2025-02-21 08:57:44;INFO]Valid | Loss : 0.005362 | ACC : 1350/1350 (100.000%)
[2025-02-21 08:57:44;INFO]      | Loss didn't drop!

[2025-02-21 08:57:44;INFO]best epoch: 272, best loss: 0.004857
[2025-02-21 08:57:44;INFO]----------------------------------------------------------------------------------------------------

[2025-02-21 08:57:44;INFO]Current Epoch: 280 / 500 | Learning Rate : 0.00014644660940696125
[2025-02-21 08:57:46;INFO]Train | Loss : 0.005055 | ACC : 3150/3150 (100.000%)
[2025-02-21 08:57:46;INFO]Valid | Loss : 0.006080 | ACC : 1350/1350 (100.000%)
[2025-02-21 08:57:46;INFO]      | Loss didn't drop!

[2025-02-21 08:57:46;INFO]best epoch: 272, best loss: 0.004857
[2025-02-21 08:57:46;INFO]----------------------------------------------------------------------------------------------------

[2025-02-21 08:57:46;INFO]Current Epoch: 281 / 500 | Learning Rate : 0.0010000000000016593
[2025-02-21 08:57:48;INFO]Train | Loss : 0.004974 | ACC : 3150/3150 (100.000%)
[2025-02-21 08:57:48;INFO]Valid | Loss : 0.004761 | ACC : 1350/1350 (100.000%)
[2025-02-21 08:57:48;INFO]      | Loss dropped from 0.004857 to 0.004761, model has been saved!

[2025-02-21 08:57:48;INFO]best epoch: 281, best loss: 0.004761
[2025-02-21 08:57:48;INFO]----------------------------------------------------------------------------------------------------

[2025-02-21 08:57:48;INFO]Current Epoch: 282 / 500 | Learning Rate : 0.00014644660940652362
[2025-02-21 08:57:50;INFO]Train | Loss : 0.004871 | ACC : 3150/3150 (100.000%)
[2025-02-21 08:57:50;INFO]Valid | Loss : 0.005787 | ACC : 1350/1350 (100.000%)
[2025-02-21 08:57:50;INFO]      | Loss didn't drop!

[2025-02-21 08:57:50;INFO]best epoch: 281, best loss: 0.004761
[2025-02-21 08:57:50;INFO]----------------------------------------------------------------------------------------------------

[2025-02-21 08:57:50;INFO]Current Epoch: 283 / 500 | Learning Rate : 0.000499999999999518
[2025-02-21 08:57:52;INFO]Train | Loss : 0.004748 | ACC : 3150/3150 (100.000%)
[2025-02-21 08:57:53;INFO]Valid | Loss : 0.005073 | ACC : 1350/1350 (100.000%)
[2025-02-21 08:57:53;INFO]      | Loss didn't drop!

[2025-02-21 08:57:53;INFO]best epoch: 281, best loss: 0.004761
[2025-02-21 08:57:53;INFO]----------------------------------------------------------------------------------------------------

[2025-02-21 08:57:53;INFO]Current Epoch: 284 / 500 | Learning Rate : 0.0008535533905951398
[2025-02-21 08:57:54;INFO]Train | Loss : 0.005092 | ACC : 3150/3150 (100.000%)
[2025-02-21 08:57:55;INFO]Valid | Loss : 0.005033 | ACC : 1350/1350 (100.000%)
[2025-02-21 08:57:55;INFO]      | Loss didn't drop!

[2025-02-21 08:57:55;INFO]best epoch: 281, best loss: 0.004761
[2025-02-21 08:57:55;INFO]----------------------------------------------------------------------------------------------------

[2025-02-21 08:57:55;INFO]Current Epoch: 285 / 500 | Learning Rate : 0.0
[2025-02-21 08:57:57;INFO]Train | Loss : 0.005128 | ACC : 3150/3150 (100.000%)
[2025-02-21 08:57:57;INFO]Valid | Loss : 0.004440 | ACC : 1350/1350 (100.000%)
[2025-02-21 08:57:57;INFO]      | Loss dropped from 0.004761 to 0.004440, model has been saved!

[2025-02-21 08:57:57;INFO]best epoch: 285, best loss: 0.004440
[2025-02-21 08:57:57;INFO]----------------------------------------------------------------------------------------------------

[2025-02-21 08:57:57;INFO]Current Epoch: 286 / 500 | Learning Rate : 0.000853553390592961
[2025-02-21 08:57:59;INFO]Train | Loss : 0.004783 | ACC : 3150/3150 (100.000%)
[2025-02-21 08:57:59;INFO]Valid | Loss : 0.005814 | ACC : 1349/1350 (99.926%)
[2025-02-21 08:57:59;INFO]      | Loss didn't drop!

[2025-02-21 08:57:59;INFO]best epoch: 285, best loss: 0.004440
[2025-02-21 08:57:59;INFO]----------------------------------------------------------------------------------------------------

[2025-02-21 08:57:59;INFO]Current Epoch: 287 / 500 | Learning Rate : 0.0004999999999999664
[2025-02-21 08:58:01;INFO]Train | Loss : 0.004824 | ACC : 3150/3150 (100.000%)
[2025-02-21 08:58:01;INFO]Valid | Loss : 0.006052 | ACC : 1349/1350 (99.926%)
[2025-02-21 08:58:01;INFO]      | Loss didn't drop!

[2025-02-21 08:58:01;INFO]best epoch: 285, best loss: 0.004440
[2025-02-21 08:58:01;INFO]----------------------------------------------------------------------------------------------------

[2025-02-21 08:58:01;INFO]Current Epoch: 288 / 500 | Learning Rate : 0.00014644660940669714
[2025-02-21 08:58:03;INFO]Train | Loss : 0.004650 | ACC : 3150/3150 (100.000%)
[2025-02-21 08:58:04;INFO]Valid | Loss : 0.004217 | ACC : 1350/1350 (100.000%)
[2025-02-21 08:58:04;INFO]      | Loss dropped from 0.004440 to 0.004217, model has been saved!

[2025-02-21 08:58:04;INFO]best epoch: 288, best loss: 0.004217
[2025-02-21 08:58:04;INFO]----------------------------------------------------------------------------------------------------

[2025-02-21 08:58:04;INFO]Current Epoch: 289 / 500 | Learning Rate : 0.0010000000000001358
[2025-02-21 08:58:05;INFO]Train | Loss : 0.004556 | ACC : 3150/3150 (100.000%)
[2025-02-21 08:58:06;INFO]Valid | Loss : 0.004942 | ACC : 1349/1350 (99.926%)
[2025-02-21 08:58:06;INFO]      | Loss didn't drop!

[2025-02-21 08:58:06;INFO]best epoch: 288, best loss: 0.004217
[2025-02-21 08:58:06;INFO]----------------------------------------------------------------------------------------------------

[2025-02-21 08:58:06;INFO]Current Epoch: 290 / 500 | Learning Rate : 0.00014644660940676664
[2025-02-21 08:58:08;INFO]Train | Loss : 0.004668 | ACC : 3150/3150 (100.000%)
[2025-02-21 08:58:08;INFO]Valid | Loss : 0.004515 | ACC : 1349/1350 (99.926%)
[2025-02-21 08:58:08;INFO]      | Loss didn't drop!

[2025-02-21 08:58:08;INFO]best epoch: 288, best loss: 0.004217
[2025-02-21 08:58:08;INFO]----------------------------------------------------------------------------------------------------

[2025-02-21 08:58:08;INFO]Current Epoch: 291 / 500 | Learning Rate : 0.0005000000000001432
[2025-02-21 08:58:10;INFO]Train | Loss : 0.004381 | ACC : 3150/3150 (100.000%)
[2025-02-21 08:58:10;INFO]Valid | Loss : 0.005304 | ACC : 1349/1350 (99.926%)
[2025-02-21 08:58:10;INFO]      | Loss didn't drop!

[2025-02-21 08:58:10;INFO]best epoch: 288, best loss: 0.004217
[2025-02-21 08:58:10;INFO]----------------------------------------------------------------------------------------------------

[2025-02-21 08:58:10;INFO]Current Epoch: 292 / 500 | Learning Rate : 0.0008535533905938892
[2025-02-21 08:58:12;INFO]Train | Loss : 0.004366 | ACC : 3150/3150 (100.000%)
[2025-02-21 08:58:12;INFO]Valid | Loss : 0.004406 | ACC : 1350/1350 (100.000%)
[2025-02-21 08:58:12;INFO]      | Loss didn't drop!

[2025-02-21 08:58:12;INFO]best epoch: 288, best loss: 0.004217
[2025-02-21 08:58:12;INFO]----------------------------------------------------------------------------------------------------

[2025-02-21 08:58:12;INFO]Current Epoch: 293 / 500 | Learning Rate : 0.0
[2025-02-21 08:58:14;INFO]Train | Loss : 0.004232 | ACC : 3150/3150 (100.000%)
[2025-02-21 08:58:14;INFO]Valid | Loss : 0.004532 | ACC : 1350/1350 (100.000%)
[2025-02-21 08:58:14;INFO]      | Loss didn't drop!

[2025-02-21 08:58:14;INFO]best epoch: 288, best loss: 0.004217
[2025-02-21 08:58:14;INFO]----------------------------------------------------------------------------------------------------

[2025-02-21 08:58:14;INFO]Current Epoch: 294 / 500 | Learning Rate : 0.0008535533905940888
[2025-02-21 08:58:16;INFO]Train | Loss : 0.004320 | ACC : 3150/3150 (100.000%)
[2025-02-21 08:58:17;INFO]Valid | Loss : 0.005075 | ACC : 1349/1350 (99.926%)
[2025-02-21 08:58:17;INFO]      | Loss didn't drop!

[2025-02-21 08:58:17;INFO]best epoch: 288, best loss: 0.004217
[2025-02-21 08:58:17;INFO]----------------------------------------------------------------------------------------------------

[2025-02-21 08:58:17;INFO]Current Epoch: 295 / 500 | Learning Rate : 0.0005000000000005978
[2025-02-21 08:58:18;INFO]Train | Loss : 0.004191 | ACC : 3150/3150 (100.000%)
[2025-02-21 08:58:19;INFO]Valid | Loss : 0.004495 | ACC : 1349/1350 (99.926%)
[2025-02-21 08:58:19;INFO]      | Loss didn't drop!

[2025-02-21 08:58:19;INFO]best epoch: 288, best loss: 0.004217
[2025-02-21 08:58:19;INFO]----------------------------------------------------------------------------------------------------

[2025-02-21 08:58:19;INFO]Current Epoch: 296 / 500 | Learning Rate : 0.000146446609406936
[2025-02-21 08:58:21;INFO]Train | Loss : 0.003975 | ACC : 3150/3150 (100.000%)
[2025-02-21 08:58:21;INFO]Valid | Loss : 0.004129 | ACC : 1350/1350 (100.000%)
[2025-02-21 08:58:21;INFO]      | Loss dropped from 0.004217 to 0.004129, model has been saved!

[2025-02-21 08:58:21;INFO]best epoch: 296, best loss: 0.004129
[2025-02-21 08:58:21;INFO]----------------------------------------------------------------------------------------------------

[2025-02-21 08:58:21;INFO]Current Epoch: 297 / 500 | Learning Rate : 0.0010000000000015066
[2025-02-21 08:58:23;INFO]Train | Loss : 0.004058 | ACC : 3150/3150 (100.000%)
[2025-02-21 08:58:23;INFO]Valid | Loss : 0.004232 | ACC : 1350/1350 (100.000%)
[2025-02-21 08:58:23;INFO]      | Loss didn't drop!

[2025-02-21 08:58:23;INFO]best epoch: 296, best loss: 0.004129
[2025-02-21 08:58:23;INFO]----------------------------------------------------------------------------------------------------

[2025-02-21 08:58:23;INFO]Current Epoch: 298 / 500 | Learning Rate : 0.00014644660940650532
[2025-02-21 08:58:25;INFO]Train | Loss : 0.007587 | ACC : 3148/3150 (99.937%)
[2025-02-21 08:58:25;INFO]Valid | Loss : 16.850727 | ACC : 216/1350 (16.000%)
[2025-02-21 08:58:25;INFO]      | Loss didn't drop!

[2025-02-21 08:58:25;INFO]best epoch: 296, best loss: 0.004129
[2025-02-21 08:58:25;INFO]----------------------------------------------------------------------------------------------------

[2025-02-21 08:58:25;INFO]Current Epoch: 299 / 500 | Learning Rate : 0.0004999999999995491
[2025-02-21 08:58:27;INFO]Train | Loss : 0.049293 | ACC : 3137/3150 (99.587%)
[2025-02-21 08:58:27;INFO]Valid | Loss : 1.946803 | ACC : 620/1350 (45.926%)
[2025-02-21 08:58:27;INFO]      | Loss didn't drop!

[2025-02-21 08:58:27;INFO]best epoch: 296, best loss: 0.004129
[2025-02-21 08:58:27;INFO]----------------------------------------------------------------------------------------------------

[2025-02-21 08:58:27;INFO]Current Epoch: 300 / 500 | Learning Rate : 0.0008535533905925578
[2025-02-21 08:58:29;INFO]Train | Loss : 0.019583 | ACC : 3147/3150 (99.905%)
[2025-02-21 08:58:30;INFO]Valid | Loss : 0.009774 | ACC : 1350/1350 (100.000%)
[2025-02-21 08:58:30;INFO]      | Loss didn't drop!

[2025-02-21 08:58:30;INFO]best epoch: 296, best loss: 0.004129
[2025-02-21 08:58:30;INFO]----------------------------------------------------------------------------------------------------

[2025-02-21 08:58:30;INFO]Current Epoch: 301 / 500 | Learning Rate : 0.0
[2025-02-21 08:58:31;INFO]Train | Loss : 0.010668 | ACC : 3150/3150 (100.000%)
[2025-02-21 08:58:32;INFO]Valid | Loss : 0.020049 | ACC : 1350/1350 (100.000%)
[2025-02-21 08:58:32;INFO]      | Loss didn't drop!

[2025-02-21 08:58:32;INFO]best epoch: 296, best loss: 0.004129
[2025-02-21 08:58:32;INFO]----------------------------------------------------------------------------------------------------

[2025-02-21 08:58:32;INFO]Current Epoch: 302 / 500 | Learning Rate : 0.0008535533905952973
[2025-02-21 08:58:34;INFO]Train | Loss : 0.008208 | ACC : 3149/3150 (99.968%)
[2025-02-21 08:58:34;INFO]Valid | Loss : 0.008231 | ACC : 1349/1350 (99.926%)
[2025-02-21 08:58:34;INFO]      | Loss didn't drop!

[2025-02-21 08:58:34;INFO]best epoch: 296, best loss: 0.004129
[2025-02-21 08:58:34;INFO]----------------------------------------------------------------------------------------------------

[2025-02-21 08:58:34;INFO]Current Epoch: 303 / 500 | Learning Rate : 0.0004999999999997821
[2025-02-21 08:58:36;INFO]Train | Loss : 0.007393 | ACC : 3150/3150 (100.000%)
[2025-02-21 08:58:36;INFO]Valid | Loss : 0.006815 | ACC : 1350/1350 (100.000%)
[2025-02-21 08:58:36;INFO]      | Loss didn't drop!

[2025-02-21 08:58:36;INFO]best epoch: 296, best loss: 0.004129
[2025-02-21 08:58:36;INFO]----------------------------------------------------------------------------------------------------

[2025-02-21 08:58:36;INFO]Current Epoch: 304 / 500 | Learning Rate : 0.0001464466094066705
[2025-02-21 08:58:38;INFO]Train | Loss : 0.006273 | ACC : 3150/3150 (100.000%)
[2025-02-21 08:58:38;INFO]Valid | Loss : 0.006107 | ACC : 1350/1350 (100.000%)
[2025-02-21 08:58:38;INFO]      | Loss didn't drop!

[2025-02-21 08:58:38;INFO]best epoch: 296, best loss: 0.004129
[2025-02-21 08:58:38;INFO]----------------------------------------------------------------------------------------------------

[2025-02-21 08:58:38;INFO]Current Epoch: 305 / 500 | Learning Rate : 0.0009999999999999913
[2025-02-21 08:58:40;INFO]Train | Loss : 0.006049 | ACC : 3150/3150 (100.000%)
[2025-02-21 08:58:40;INFO]Valid | Loss : 0.004563 | ACC : 1350/1350 (100.000%)
[2025-02-21 08:58:40;INFO]      | Loss didn't drop!

[2025-02-21 08:58:40;INFO]best epoch: 296, best loss: 0.004129
[2025-02-21 08:58:40;INFO]----------------------------------------------------------------------------------------------------

[2025-02-21 08:58:40;INFO]Current Epoch: 306 / 500 | Learning Rate : 0.00014644660940674837
[2025-02-21 08:58:42;INFO]Train | Loss : 0.005594 | ACC : 3150/3150 (100.000%)
[2025-02-21 08:58:43;INFO]Valid | Loss : 0.008960 | ACC : 1350/1350 (100.000%)
[2025-02-21 08:58:43;INFO]      | Loss didn't drop!

[2025-02-21 08:58:43;INFO]best epoch: 296, best loss: 0.004129
[2025-02-21 08:58:43;INFO]----------------------------------------------------------------------------------------------------

[2025-02-21 08:58:43;INFO]Current Epoch: 307 / 500 | Learning Rate : 0.0005000000000001748
[2025-02-21 08:58:44;INFO]Train | Loss : 0.005557 | ACC : 3150/3150 (100.000%)
[2025-02-21 08:58:45;INFO]Valid | Loss : 0.006738 | ACC : 1350/1350 (100.000%)
[2025-02-21 08:58:45;INFO]      | Loss didn't drop!

[2025-02-21 08:58:45;INFO]best epoch: 296, best loss: 0.004129
[2025-02-21 08:58:45;INFO]----------------------------------------------------------------------------------------------------

[2025-02-21 08:58:45;INFO]Current Epoch: 308 / 500 | Learning Rate : 0.0008535533905936823
[2025-02-21 08:58:47;INFO]Train | Loss : 0.005669 | ACC : 3150/3150 (100.000%)
[2025-02-21 08:58:47;INFO]Valid | Loss : 0.004467 | ACC : 1350/1350 (100.000%)
[2025-02-21 08:58:47;INFO]      | Loss didn't drop!

[2025-02-21 08:58:47;INFO]best epoch: 296, best loss: 0.004129
[2025-02-21 08:58:47;INFO]----------------------------------------------------------------------------------------------------

[2025-02-21 08:58:47;INFO]Current Epoch: 309 / 500 | Learning Rate : 0.0
[2025-02-21 08:58:49;INFO]Train | Loss : 0.004909 | ACC : 3150/3150 (100.000%)
[2025-02-21 08:58:49;INFO]Valid | Loss : 0.006475 | ACC : 1350/1350 (100.000%)
[2025-02-21 08:58:49;INFO]      | Loss didn't drop!

[2025-02-21 08:58:49;INFO]best epoch: 296, best loss: 0.004129
[2025-02-21 08:58:49;INFO]----------------------------------------------------------------------------------------------------

[2025-02-21 08:58:49;INFO]Current Epoch: 310 / 500 | Learning Rate : 0.0008535533905939615
[2025-02-21 08:58:51;INFO]Train | Loss : 0.004709 | ACC : 3150/3150 (100.000%)
[2025-02-21 08:58:51;INFO]Valid | Loss : 0.004045 | ACC : 1350/1350 (100.000%)
[2025-02-21 08:58:51;INFO]      | Loss dropped from 0.004129 to 0.004045, model has been saved!

[2025-02-21 08:58:51;INFO]best epoch: 310, best loss: 0.004045
[2025-02-21 08:58:51;INFO]----------------------------------------------------------------------------------------------------

[2025-02-21 08:58:51;INFO]Current Epoch: 311 / 500 | Learning Rate : 0.0005000000000005271
[2025-02-21 08:58:53;INFO]Train | Loss : 0.004818 | ACC : 3150/3150 (100.000%)
[2025-02-21 08:58:53;INFO]Valid | Loss : 0.003790 | ACC : 1350/1350 (100.000%)
[2025-02-21 08:58:53;INFO]      | Loss dropped from 0.004045 to 0.003790, model has been saved!

[2025-02-21 08:58:53;INFO]best epoch: 311, best loss: 0.003790
[2025-02-21 08:58:53;INFO]----------------------------------------------------------------------------------------------------

[2025-02-21 08:58:53;INFO]Current Epoch: 312 / 500 | Learning Rate : 0.00014644660940690935
[2025-02-21 08:58:55;INFO]Train | Loss : 0.004695 | ACC : 3150/3150 (100.000%)
[2025-02-21 08:58:56;INFO]Valid | Loss : 0.004301 | ACC : 1350/1350 (100.000%)
[2025-02-21 08:58:56;INFO]      | Loss didn't drop!

[2025-02-21 08:58:56;INFO]best epoch: 311, best loss: 0.003790
[2025-02-21 08:58:56;INFO]----------------------------------------------------------------------------------------------------

[2025-02-21 08:58:56;INFO]Current Epoch: 313 / 500 | Learning Rate : 0.001000000000001362
[2025-02-21 08:58:57;INFO]Train | Loss : 0.004415 | ACC : 3150/3150 (100.000%)
[2025-02-21 08:58:58;INFO]Valid | Loss : 0.003326 | ACC : 1350/1350 (100.000%)
[2025-02-21 08:58:58;INFO]      | Loss dropped from 0.003790 to 0.003326, model has been saved!

[2025-02-21 08:58:58;INFO]best epoch: 313, best loss: 0.003326
[2025-02-21 08:58:58;INFO]----------------------------------------------------------------------------------------------------

[2025-02-21 08:58:58;INFO]Current Epoch: 314 / 500 | Learning Rate : 0.00014644660940699134
[2025-02-21 08:59:00;INFO]Train | Loss : 0.004262 | ACC : 3150/3150 (100.000%)
[2025-02-21 08:59:00;INFO]Valid | Loss : 0.003379 | ACC : 1350/1350 (100.000%)
[2025-02-21 08:59:00;INFO]      | Loss didn't drop!

[2025-02-21 08:59:00;INFO]best epoch: 313, best loss: 0.003326
[2025-02-21 08:59:00;INFO]----------------------------------------------------------------------------------------------------

[2025-02-21 08:59:00;INFO]Current Epoch: 315 / 500 | Learning Rate : 0.0005000000000008003
[2025-02-21 08:59:02;INFO]Train | Loss : 0.003972 | ACC : 3150/3150 (100.000%)
[2025-02-21 08:59:02;INFO]Valid | Loss : 0.003362 | ACC : 1350/1350 (100.000%)
[2025-02-21 08:59:02;INFO]      | Loss didn't drop!

[2025-02-21 08:59:02;INFO]best epoch: 313, best loss: 0.003326
[2025-02-21 08:59:02;INFO]----------------------------------------------------------------------------------------------------

[2025-02-21 08:59:02;INFO]Current Epoch: 316 / 500 | Learning Rate : 0.0008535533905924312
[2025-02-21 08:59:04;INFO]Train | Loss : 0.004445 | ACC : 3150/3150 (100.000%)
[2025-02-21 08:59:04;INFO]Valid | Loss : 0.003268 | ACC : 1350/1350 (100.000%)
[2025-02-21 08:59:04;INFO]      | Loss dropped from 0.003326 to 0.003268, model has been saved!

[2025-02-21 08:59:04;INFO]best epoch: 316, best loss: 0.003268
[2025-02-21 08:59:04;INFO]----------------------------------------------------------------------------------------------------

[2025-02-21 08:59:04;INFO]Current Epoch: 317 / 500 | Learning Rate : 0.0
[2025-02-21 08:59:06;INFO]Train | Loss : 0.003955 | ACC : 3150/3150 (100.000%)
[2025-02-21 08:59:06;INFO]Valid | Loss : 0.003578 | ACC : 1350/1350 (100.000%)
[2025-02-21 08:59:06;INFO]      | Loss didn't drop!

[2025-02-21 08:59:06;INFO]best epoch: 316, best loss: 0.003268
[2025-02-21 08:59:06;INFO]----------------------------------------------------------------------------------------------------

[2025-02-21 08:59:06;INFO]Current Epoch: 318 / 500 | Learning Rate : 0.000853553390592699
[2025-02-21 08:59:08;INFO]Train | Loss : 0.003815 | ACC : 3150/3150 (100.000%)
[2025-02-21 08:59:09;INFO]Valid | Loss : 0.003121 | ACC : 1350/1350 (100.000%)
[2025-02-21 08:59:09;INFO]      | Loss dropped from 0.003268 to 0.003121, model has been saved!

[2025-02-21 08:59:09;INFO]best epoch: 318, best loss: 0.003121
[2025-02-21 08:59:09;INFO]----------------------------------------------------------------------------------------------------

[2025-02-21 08:59:09;INFO]Current Epoch: 319 / 500 | Learning Rate : 0.0005000000000011587
[2025-02-21 08:59:10;INFO]Train | Loss : 0.003819 | ACC : 3150/3150 (100.000%)
[2025-02-21 08:59:11;INFO]Valid | Loss : 0.003045 | ACC : 1350/1350 (100.000%)
[2025-02-21 08:59:11;INFO]      | Loss dropped from 0.003121 to 0.003045, model has been saved!

[2025-02-21 08:59:11;INFO]best epoch: 319, best loss: 0.003045
[2025-02-21 08:59:11;INFO]----------------------------------------------------------------------------------------------------

[2025-02-21 08:59:11;INFO]Current Epoch: 320 / 500 | Learning Rate : 0.00014644660940714836
[2025-02-21 08:59:13;INFO]Train | Loss : 0.003767 | ACC : 3150/3150 (100.000%)
[2025-02-21 08:59:13;INFO]Valid | Loss : 0.003738 | ACC : 1350/1350 (100.000%)
[2025-02-21 08:59:13;INFO]      | Loss didn't drop!

[2025-02-21 08:59:13;INFO]best epoch: 319, best loss: 0.003045
[2025-02-21 08:59:13;INFO]----------------------------------------------------------------------------------------------------

[2025-02-21 08:59:13;INFO]Current Epoch: 321 / 500 | Learning Rate : 0.0009999999999998378
[2025-02-21 08:59:15;INFO]Train | Loss : 0.003784 | ACC : 3150/3150 (100.000%)
[2025-02-21 08:59:15;INFO]Valid | Loss : 0.003056 | ACC : 1350/1350 (100.000%)
[2025-02-21 08:59:15;INFO]      | Loss didn't drop!

[2025-02-21 08:59:15;INFO]best epoch: 319, best loss: 0.003045
[2025-02-21 08:59:15;INFO]----------------------------------------------------------------------------------------------------

[2025-02-21 08:59:15;INFO]Current Epoch: 322 / 500 | Learning Rate : 0.0001464466094067301
[2025-02-21 08:59:17;INFO]Train | Loss : 0.003493 | ACC : 3150/3150 (100.000%)
[2025-02-21 08:59:17;INFO]Valid | Loss : 0.004937 | ACC : 1350/1350 (100.000%)
[2025-02-21 08:59:17;INFO]      | Loss didn't drop!

[2025-02-21 08:59:17;INFO]best epoch: 319, best loss: 0.003045
[2025-02-21 08:59:17;INFO]----------------------------------------------------------------------------------------------------

[2025-02-21 08:59:17;INFO]Current Epoch: 323 / 500 | Learning Rate : 0.0005000000000000924
[2025-02-21 08:59:19;INFO]Train | Loss : 0.003725 | ACC : 3150/3150 (100.000%)
[2025-02-21 08:59:19;INFO]Valid | Loss : 0.003896 | ACC : 1350/1350 (100.000%)
[2025-02-21 08:59:19;INFO]      | Loss didn't drop!

[2025-02-21 08:59:19;INFO]best epoch: 319, best loss: 0.003045
[2025-02-21 08:59:19;INFO]----------------------------------------------------------------------------------------------------

[2025-02-21 08:59:19;INFO]Current Epoch: 324 / 500 | Learning Rate : 0.0008535533905935632
[2025-02-21 08:59:21;INFO]Train | Loss : 0.003927 | ACC : 3150/3150 (100.000%)
[2025-02-21 08:59:22;INFO]Valid | Loss : 0.002843 | ACC : 1350/1350 (100.000%)
[2025-02-21 08:59:22;INFO]      | Loss dropped from 0.003045 to 0.002843, model has been saved!

[2025-02-21 08:59:22;INFO]best epoch: 324, best loss: 0.002843
[2025-02-21 08:59:22;INFO]----------------------------------------------------------------------------------------------------

[2025-02-21 08:59:22;INFO]Current Epoch: 325 / 500 | Learning Rate : 0.0
[2025-02-21 08:59:23;INFO]Train | Loss : 0.003323 | ACC : 3150/3150 (100.000%)
[2025-02-21 08:59:24;INFO]Valid | Loss : 0.002752 | ACC : 1350/1350 (100.000%)
[2025-02-21 08:59:24;INFO]      | Loss dropped from 0.002843 to 0.002752, model has been saved!

[2025-02-21 08:59:24;INFO]best epoch: 325, best loss: 0.002752
[2025-02-21 08:59:24;INFO]----------------------------------------------------------------------------------------------------

[2025-02-21 08:59:24;INFO]Current Epoch: 326 / 500 | Learning Rate : 0.000853553390593826
[2025-02-21 08:59:26;INFO]Train | Loss : 0.003366 | ACC : 3150/3150 (100.000%)
[2025-02-21 08:59:26;INFO]Valid | Loss : 0.003001 | ACC : 1350/1350 (100.000%)
[2025-02-21 08:59:26;INFO]      | Loss didn't drop!

[2025-02-21 08:59:26;INFO]best epoch: 325, best loss: 0.002752
[2025-02-21 08:59:26;INFO]----------------------------------------------------------------------------------------------------

[2025-02-21 08:59:26;INFO]Current Epoch: 327 / 500 | Learning Rate : 0.000500000000000461
[2025-02-21 08:59:28;INFO]Train | Loss : 0.003271 | ACC : 3150/3150 (100.000%)
[2025-02-21 08:59:28;INFO]Valid | Loss : 0.002684 | ACC : 1350/1350 (100.000%)
[2025-02-21 08:59:28;INFO]      | Loss dropped from 0.002752 to 0.002684, model has been saved!

[2025-02-21 08:59:28;INFO]best epoch: 327, best loss: 0.002684
[2025-02-21 08:59:28;INFO]----------------------------------------------------------------------------------------------------

[2025-02-21 08:59:28;INFO]Current Epoch: 328 / 500 | Learning Rate : 0.00014644660940688414
[2025-02-21 08:59:30;INFO]Train | Loss : 0.003488 | ACC : 3150/3150 (100.000%)
[2025-02-21 08:59:30;INFO]Valid | Loss : 0.002986 | ACC : 1350/1350 (100.000%)
[2025-02-21 08:59:30;INFO]      | Loss didn't drop!

[2025-02-21 08:59:30;INFO]best epoch: 327, best loss: 0.002684
[2025-02-21 08:59:30;INFO]----------------------------------------------------------------------------------------------------

[2025-02-21 08:59:30;INFO]Current Epoch: 329 / 500 | Learning Rate : 0.0010000000000012087
[2025-02-21 08:59:32;INFO]Train | Loss : 0.003247 | ACC : 3150/3150 (100.000%)
[2025-02-21 08:59:32;INFO]Valid | Loss : 0.002845 | ACC : 1350/1350 (100.000%)
[2025-02-21 08:59:32;INFO]      | Loss didn't drop!

[2025-02-21 08:59:32;INFO]best epoch: 327, best loss: 0.002684
[2025-02-21 08:59:32;INFO]----------------------------------------------------------------------------------------------------

[2025-02-21 08:59:32;INFO]Current Epoch: 330 / 500 | Learning Rate : 0.00014644660940697307
[2025-02-21 08:59:34;INFO]Train | Loss : 0.003105 | ACC : 3150/3150 (100.000%)
[2025-02-21 08:59:35;INFO]Valid | Loss : 0.002780 | ACC : 1350/1350 (100.000%)
[2025-02-21 08:59:35;INFO]      | Loss didn't drop!

[2025-02-21 08:59:35;INFO]best epoch: 327, best loss: 0.002684
[2025-02-21 08:59:35;INFO]----------------------------------------------------------------------------------------------------

[2025-02-21 08:59:35;INFO]Current Epoch: 331 / 500 | Learning Rate : 0.0005000000000007178
[2025-02-21 08:59:36;INFO]Train | Loss : 0.002990 | ACC : 3150/3150 (100.000%)
[2025-02-21 08:59:37;INFO]Valid | Loss : 0.003147 | ACC : 1350/1350 (100.000%)
[2025-02-21 08:59:37;INFO]      | Loss didn't drop!

[2025-02-21 08:59:37;INFO]best epoch: 327, best loss: 0.002684
[2025-02-21 08:59:37;INFO]----------------------------------------------------------------------------------------------------

[2025-02-21 08:59:37;INFO]Current Epoch: 332 / 500 | Learning Rate : 0.0008535533905947759
[2025-02-21 08:59:39;INFO]Train | Loss : 0.003071 | ACC : 3150/3150 (100.000%)
[2025-02-21 08:59:39;INFO]Valid | Loss : 0.002755 | ACC : 1350/1350 (100.000%)
[2025-02-21 08:59:39;INFO]      | Loss didn't drop!

[2025-02-21 08:59:39;INFO]best epoch: 327, best loss: 0.002684
[2025-02-21 08:59:39;INFO]----------------------------------------------------------------------------------------------------

[2025-02-21 08:59:39;INFO]Current Epoch: 333 / 500 | Learning Rate : 0.0
[2025-02-21 08:59:41;INFO]Train | Loss : 0.003099 | ACC : 3150/3150 (100.000%)
[2025-02-21 08:59:41;INFO]Valid | Loss : 0.002819 | ACC : 1350/1350 (100.000%)
[2025-02-21 08:59:41;INFO]      | Loss didn't drop!

[2025-02-21 08:59:41;INFO]best epoch: 327, best loss: 0.002684
[2025-02-21 08:59:41;INFO]----------------------------------------------------------------------------------------------------

[2025-02-21 08:59:41;INFO]Current Epoch: 334 / 500 | Learning Rate : 0.0008535533905925715
[2025-02-21 08:59:43;INFO]Train | Loss : 0.003077 | ACC : 3150/3150 (100.000%)
[2025-02-21 08:59:43;INFO]Valid | Loss : 0.002628 | ACC : 1350/1350 (100.000%)
[2025-02-21 08:59:43;INFO]      | Loss dropped from 0.002684 to 0.002628, model has been saved!

[2025-02-21 08:59:43;INFO]best epoch: 334, best loss: 0.002628
[2025-02-21 08:59:43;INFO]----------------------------------------------------------------------------------------------------

[2025-02-21 08:59:43;INFO]Current Epoch: 335 / 500 | Learning Rate : 0.0004999999999997587
[2025-02-21 08:59:45;INFO]Train | Loss : 0.003304 | ACC : 3150/3150 (100.000%)
[2025-02-21 08:59:46;INFO]Valid | Loss : 0.002840 | ACC : 1350/1350 (100.000%)
[2025-02-21 08:59:46;INFO]      | Loss didn't drop!

[2025-02-21 08:59:46;INFO]best epoch: 334, best loss: 0.002628
[2025-02-21 08:59:46;INFO]----------------------------------------------------------------------------------------------------

[2025-02-21 08:59:46;INFO]Current Epoch: 336 / 500 | Learning Rate : 0.00014644660940661865
[2025-02-21 08:59:47;INFO]Train | Loss : 0.003007 | ACC : 3150/3150 (100.000%)
[2025-02-21 08:59:48;INFO]Valid | Loss : 0.002660 | ACC : 1350/1350 (100.000%)
[2025-02-21 08:59:48;INFO]      | Loss didn't drop!

[2025-02-21 08:59:48;INFO]best epoch: 334, best loss: 0.002628
[2025-02-21 08:59:48;INFO]----------------------------------------------------------------------------------------------------

[2025-02-21 08:59:48;INFO]Current Epoch: 337 / 500 | Learning Rate : 0.0010000000000025793
[2025-02-21 08:59:49;INFO]Train | Loss : 0.002856 | ACC : 3150/3150 (100.000%)
[2025-02-21 08:59:50;INFO]Valid | Loss : 0.002503 | ACC : 1350/1350 (100.000%)
[2025-02-21 08:59:50;INFO]      | Loss dropped from 0.002628 to 0.002503, model has been saved!

[2025-02-21 08:59:50;INFO]best epoch: 337, best loss: 0.002503
[2025-02-21 08:59:50;INFO]----------------------------------------------------------------------------------------------------

[2025-02-21 08:59:50;INFO]Current Epoch: 338 / 500 | Learning Rate : 0.0001464466094067131
[2025-02-21 08:59:52;INFO]Train | Loss : 0.002916 | ACC : 3150/3150 (100.000%)
[2025-02-21 08:59:52;INFO]Valid | Loss : 0.002614 | ACC : 1350/1350 (100.000%)
[2025-02-21 08:59:52;INFO]      | Loss didn't drop!

[2025-02-21 08:59:52;INFO]best epoch: 337, best loss: 0.002503
[2025-02-21 08:59:52;INFO]----------------------------------------------------------------------------------------------------

[2025-02-21 08:59:52;INFO]Current Epoch: 339 / 500 | Learning Rate : 0.000500000000000014
[2025-02-21 08:59:54;INFO]Train | Loss : 0.002857 | ACC : 3150/3150 (100.000%)
[2025-02-21 08:59:54;INFO]Valid | Loss : 0.003016 | ACC : 1350/1350 (100.000%)
[2025-02-21 08:59:54;INFO]      | Loss didn't drop!

[2025-02-21 08:59:54;INFO]best epoch: 337, best loss: 0.002503
[2025-02-21 08:59:54;INFO]----------------------------------------------------------------------------------------------------

[2025-02-21 08:59:54;INFO]Current Epoch: 340 / 500 | Learning Rate : 0.0008535533905934365
[2025-02-21 08:59:56;INFO]Train | Loss : 0.002662 | ACC : 3150/3150 (100.000%)
[2025-02-21 08:59:56;INFO]Valid | Loss : 0.002482 | ACC : 1350/1350 (100.000%)
[2025-02-21 08:59:56;INFO]      | Loss dropped from 0.002503 to 0.002482, model has been saved!

[2025-02-21 08:59:56;INFO]best epoch: 340, best loss: 0.002482
[2025-02-21 08:59:56;INFO]----------------------------------------------------------------------------------------------------

[2025-02-21 08:59:56;INFO]Current Epoch: 341 / 500 | Learning Rate : 0.0
[2025-02-21 08:59:58;INFO]Train | Loss : 0.002691 | ACC : 3150/3150 (100.000%)
[2025-02-21 08:59:59;INFO]Valid | Loss : 0.002729 | ACC : 1350/1350 (100.000%)
[2025-02-21 08:59:59;INFO]      | Loss didn't drop!

[2025-02-21 08:59:59;INFO]best epoch: 340, best loss: 0.002482
[2025-02-21 08:59:59;INFO]----------------------------------------------------------------------------------------------------

[2025-02-21 08:59:59;INFO]Current Epoch: 342 / 500 | Learning Rate : 0.0008535533905937795
[2025-02-21 09:00:00;INFO]Train | Loss : 0.002725 | ACC : 3150/3150 (100.000%)
[2025-02-21 09:00:01;INFO]Valid | Loss : 0.002355 | ACC : 1350/1350 (100.000%)
[2025-02-21 09:00:01;INFO]      | Loss dropped from 0.002482 to 0.002355, model has been saved!

[2025-02-21 09:00:01;INFO]best epoch: 342, best loss: 0.002355
[2025-02-21 09:00:01;INFO]----------------------------------------------------------------------------------------------------

[2025-02-21 09:00:01;INFO]Current Epoch: 343 / 500 | Learning Rate : 0.0005000000000002764
[2025-02-21 09:00:03;INFO]Train | Loss : 0.003285 | ACC : 3150/3150 (100.000%)
[2025-02-21 09:00:03;INFO]Valid | Loss : 0.002464 | ACC : 1350/1350 (100.000%)
[2025-02-21 09:00:03;INFO]      | Loss didn't drop!

[2025-02-21 09:00:03;INFO]best epoch: 342, best loss: 0.002355
[2025-02-21 09:00:03;INFO]----------------------------------------------------------------------------------------------------

[2025-02-21 09:00:03;INFO]Current Epoch: 344 / 500 | Learning Rate : 0.00014644660940685742
[2025-02-21 09:00:05;INFO]Train | Loss : 0.002786 | ACC : 3150/3150 (100.000%)
[2025-02-21 09:00:05;INFO]Valid | Loss : 0.002915 | ACC : 1350/1350 (100.000%)
[2025-02-21 09:00:05;INFO]      | Loss didn't drop!

[2025-02-21 09:00:05;INFO]best epoch: 342, best loss: 0.002355
[2025-02-21 09:00:05;INFO]----------------------------------------------------------------------------------------------------

[2025-02-21 09:00:05;INFO]Current Epoch: 345 / 500 | Learning Rate : 0.001000000000001055
[2025-02-21 09:00:07;INFO]Train | Loss : 0.002719 | ACC : 3150/3150 (100.000%)
[2025-02-21 09:00:07;INFO]Valid | Loss : 0.002196 | ACC : 1350/1350 (100.000%)
[2025-02-21 09:00:07;INFO]      | Loss dropped from 0.002355 to 0.002196, model has been saved!

[2025-02-21 09:00:07;INFO]best epoch: 345, best loss: 0.002196
[2025-02-21 09:00:07;INFO]----------------------------------------------------------------------------------------------------

[2025-02-21 09:00:07;INFO]Current Epoch: 346 / 500 | Learning Rate : 0.0001464466094064518
[2025-02-21 09:00:09;INFO]Train | Loss : 0.002606 | ACC : 3150/3150 (100.000%)
[2025-02-21 09:00:09;INFO]Valid | Loss : 0.002662 | ACC : 1350/1350 (100.000%)
[2025-02-21 09:00:09;INFO]      | Loss didn't drop!

[2025-02-21 09:00:09;INFO]best epoch: 345, best loss: 0.002196
[2025-02-21 09:00:09;INFO]----------------------------------------------------------------------------------------------------

[2025-02-21 09:00:09;INFO]Current Epoch: 347 / 500 | Learning Rate : 0.000499999999999306
[2025-02-21 09:00:11;INFO]Train | Loss : 0.002675 | ACC : 3150/3150 (100.000%)
[2025-02-21 09:00:12;INFO]Valid | Loss : 0.002062 | ACC : 1350/1350 (100.000%)
[2025-02-21 09:00:12;INFO]      | Loss dropped from 0.002196 to 0.002062, model has been saved!

[2025-02-21 09:00:12;INFO]best epoch: 347, best loss: 0.002062
[2025-02-21 09:00:12;INFO]----------------------------------------------------------------------------------------------------

[2025-02-21 09:00:12;INFO]Current Epoch: 348 / 500 | Learning Rate : 0.0008535533905946488
[2025-02-21 09:00:13;INFO]Train | Loss : 0.002601 | ACC : 3150/3150 (100.000%)
[2025-02-21 09:00:14;INFO]Valid | Loss : 0.002214 | ACC : 1350/1350 (100.000%)
[2025-02-21 09:00:14;INFO]      | Loss didn't drop!

[2025-02-21 09:00:14;INFO]best epoch: 347, best loss: 0.002062
[2025-02-21 09:00:14;INFO]----------------------------------------------------------------------------------------------------

[2025-02-21 09:00:14;INFO]Current Epoch: 349 / 500 | Learning Rate : 0.0
[2025-02-21 09:00:16;INFO]Train | Loss : 0.002398 | ACC : 3150/3150 (100.000%)
[2025-02-21 09:00:16;INFO]Valid | Loss : 0.002330 | ACC : 1350/1350 (100.000%)
[2025-02-21 09:00:16;INFO]      | Loss didn't drop!

[2025-02-21 09:00:16;INFO]best epoch: 347, best loss: 0.002062
[2025-02-21 09:00:16;INFO]----------------------------------------------------------------------------------------------------

[2025-02-21 09:00:16;INFO]Current Epoch: 350 / 500 | Learning Rate : 0.000853553390594907
[2025-02-21 09:00:18;INFO]Train | Loss : 0.002800 | ACC : 3150/3150 (100.000%)
[2025-02-21 09:00:18;INFO]Valid | Loss : 0.002420 | ACC : 1350/1350 (100.000%)
[2025-02-21 09:00:18;INFO]      | Loss didn't drop!

[2025-02-21 09:00:18;INFO]best epoch: 347, best loss: 0.002062
[2025-02-21 09:00:18;INFO]----------------------------------------------------------------------------------------------------

[2025-02-21 09:00:18;INFO]Current Epoch: 351 / 500 | Learning Rate : 0.0004999999999995787
[2025-02-21 09:00:20;INFO]Train | Loss : 0.002576 | ACC : 3150/3150 (100.000%)
[2025-02-21 09:00:20;INFO]Valid | Loss : 0.002675 | ACC : 1350/1350 (100.000%)
[2025-02-21 09:00:20;INFO]      | Loss didn't drop!

[2025-02-21 09:00:20;INFO]best epoch: 347, best loss: 0.002062
[2025-02-21 09:00:20;INFO]----------------------------------------------------------------------------------------------------

[2025-02-21 09:00:20;INFO]Current Epoch: 352 / 500 | Learning Rate : 0.0001464466094065933
[2025-02-21 09:00:22;INFO]Train | Loss : 0.002303 | ACC : 3150/3150 (100.000%)
[2025-02-21 09:00:22;INFO]Valid | Loss : 0.002206 | ACC : 1350/1350 (100.000%)
[2025-02-21 09:00:22;INFO]      | Loss didn't drop!

[2025-02-21 09:00:22;INFO]best epoch: 347, best loss: 0.002062
[2025-02-21 09:00:22;INFO]----------------------------------------------------------------------------------------------------

[2025-02-21 09:00:22;INFO]Current Epoch: 353 / 500 | Learning Rate : 0.00099999999999954
[2025-02-21 09:00:24;INFO]Train | Loss : 0.002319 | ACC : 3150/3150 (100.000%)
[2025-02-21 09:00:25;INFO]Valid | Loss : 0.002279 | ACC : 1350/1350 (100.000%)
[2025-02-21 09:00:25;INFO]      | Loss didn't drop!

[2025-02-21 09:00:25;INFO]best epoch: 347, best loss: 0.002062
[2025-02-21 09:00:25;INFO]----------------------------------------------------------------------------------------------------

[2025-02-21 09:00:25;INFO]Current Epoch: 354 / 500 | Learning Rate : 0.00014644660940711868
[2025-02-21 09:00:26;INFO]Train | Loss : 0.002393 | ACC : 3150/3150 (100.000%)
[2025-02-21 09:00:27;INFO]Valid | Loss : 0.002306 | ACC : 1350/1350 (100.000%)
[2025-02-21 09:00:27;INFO]      | Loss didn't drop!

[2025-02-21 09:00:27;INFO]best epoch: 347, best loss: 0.002062
[2025-02-21 09:00:27;INFO]----------------------------------------------------------------------------------------------------

[2025-02-21 09:00:27;INFO]Current Epoch: 355 / 500 | Learning Rate : 0.0005000000000013789
[2025-02-21 09:00:29;INFO]Train | Loss : 0.002335 | ACC : 3150/3150 (100.000%)
[2025-02-21 09:00:29;INFO]Valid | Loss : 0.002179 | ACC : 1350/1350 (100.000%)
[2025-02-21 09:00:29;INFO]      | Loss didn't drop!

[2025-02-21 09:00:29;INFO]best epoch: 347, best loss: 0.002062
[2025-02-21 09:00:29;INFO]----------------------------------------------------------------------------------------------------

[2025-02-21 09:00:29;INFO]Current Epoch: 356 / 500 | Learning Rate : 0.0008535533905933174
[2025-02-21 09:00:31;INFO]Train | Loss : 0.002342 | ACC : 3150/3150 (100.000%)
[2025-02-21 09:00:31;INFO]Valid | Loss : 0.002112 | ACC : 1350/1350 (100.000%)
[2025-02-21 09:00:31;INFO]      | Loss didn't drop!

[2025-02-21 09:00:31;INFO]best epoch: 347, best loss: 0.002062
[2025-02-21 09:00:31;INFO]----------------------------------------------------------------------------------------------------

[2025-02-21 09:00:31;INFO]Current Epoch: 357 / 500 | Learning Rate : 0.0
[2025-02-21 09:00:33;INFO]Train | Loss : 0.002324 | ACC : 3150/3150 (100.000%)
[2025-02-21 09:00:33;INFO]Valid | Loss : 0.002409 | ACC : 1350/1350 (100.000%)
[2025-02-21 09:00:33;INFO]      | Loss didn't drop!

[2025-02-21 09:00:33;INFO]best epoch: 347, best loss: 0.002062
[2025-02-21 09:00:33;INFO]----------------------------------------------------------------------------------------------------

[2025-02-21 09:00:33;INFO]Current Epoch: 358 / 500 | Learning Rate : 0.0008535533905935641
[2025-02-21 09:00:35;INFO]Train | Loss : 0.002155 | ACC : 3150/3150 (100.000%)
[2025-02-21 09:00:35;INFO]Valid | Loss : 0.002065 | ACC : 1350/1350 (100.000%)
[2025-02-21 09:00:35;INFO]      | Loss didn't drop!

[2025-02-21 09:00:35;INFO]best epoch: 347, best loss: 0.002062
[2025-02-21 09:00:35;INFO]----------------------------------------------------------------------------------------------------

[2025-02-21 09:00:35;INFO]Current Epoch: 359 / 500 | Learning Rate : 0.0005000000000003191
[2025-02-21 09:00:37;INFO]Train | Loss : 0.002167 | ACC : 3150/3150 (100.000%)
[2025-02-21 09:00:38;INFO]Valid | Loss : 0.002200 | ACC : 1350/1350 (100.000%)
[2025-02-21 09:00:38;INFO]      | Loss didn't drop!

[2025-02-21 09:00:38;INFO]best epoch: 347, best loss: 0.002062
[2025-02-21 09:00:38;INFO]----------------------------------------------------------------------------------------------------

[2025-02-21 09:00:38;INFO]Current Epoch: 360 / 500 | Learning Rate : 0.00014644660940683077
[2025-02-21 09:00:39;INFO]Train | Loss : 0.002151 | ACC : 3150/3150 (100.000%)
[2025-02-21 09:00:40;INFO]Valid | Loss : 0.001888 | ACC : 1350/1350 (100.000%)
[2025-02-21 09:00:40;INFO]      | Loss dropped from 0.002062 to 0.001888, model has been saved!

[2025-02-21 09:00:40;INFO]best epoch: 360, best loss: 0.001888
[2025-02-21 09:00:40;INFO]----------------------------------------------------------------------------------------------------

[2025-02-21 09:00:40;INFO]Current Epoch: 361 / 500 | Learning Rate : 0.0010000000000009103
[2025-02-21 09:00:42;INFO]Train | Loss : 0.002233 | ACC : 3150/3150 (100.000%)
[2025-02-21 09:00:42;INFO]Valid | Loss : 0.002066 | ACC : 1350/1350 (100.000%)
[2025-02-21 09:00:42;INFO]      | Loss didn't drop!

[2025-02-21 09:00:42;INFO]best epoch: 360, best loss: 0.001888
[2025-02-21 09:00:42;INFO]----------------------------------------------------------------------------------------------------

[2025-02-21 09:00:42;INFO]Current Epoch: 362 / 500 | Learning Rate : 0.00014644660940685742
[2025-02-21 09:00:44;INFO]Train | Loss : 0.002242 | ACC : 3150/3150 (100.000%)
[2025-02-21 09:00:44;INFO]Valid | Loss : 0.002782 | ACC : 1350/1350 (100.000%)
[2025-02-21 09:00:44;INFO]      | Loss didn't drop!

[2025-02-21 09:00:44;INFO]best epoch: 360, best loss: 0.001888
[2025-02-21 09:00:44;INFO]----------------------------------------------------------------------------------------------------

[2025-02-21 09:00:44;INFO]Current Epoch: 363 / 500 | Learning Rate : 0.0005000000000006705
[2025-02-21 09:00:46;INFO]Train | Loss : 0.002169 | ACC : 3150/3150 (100.000%)
[2025-02-21 09:00:46;INFO]Valid | Loss : 0.002129 | ACC : 1350/1350 (100.000%)
[2025-02-21 09:00:46;INFO]      | Loss didn't drop!

[2025-02-21 09:00:46;INFO]best epoch: 360, best loss: 0.001888
[2025-02-21 09:00:46;INFO]----------------------------------------------------------------------------------------------------

[2025-02-21 09:00:46;INFO]Current Epoch: 364 / 500 | Learning Rate : 0.0008535533905919786
[2025-02-21 09:00:48;INFO]Train | Loss : 0.002026 | ACC : 3150/3150 (100.000%)
[2025-02-21 09:00:48;INFO]Valid | Loss : 0.001987 | ACC : 1350/1350 (100.000%)
[2025-02-21 09:00:48;INFO]      | Loss didn't drop!

[2025-02-21 09:00:48;INFO]best epoch: 360, best loss: 0.001888
[2025-02-21 09:00:48;INFO]----------------------------------------------------------------------------------------------------

[2025-02-21 09:00:48;INFO]Current Epoch: 365 / 500 | Learning Rate : 0.0
[2025-02-21 09:00:50;INFO]Train | Loss : 0.001987 | ACC : 3150/3150 (100.000%)
[2025-02-21 09:00:51;INFO]Valid | Loss : 0.001890 | ACC : 1350/1350 (100.000%)
[2025-02-21 09:00:51;INFO]      | Loss didn't drop!

[2025-02-21 09:00:51;INFO]best epoch: 360, best loss: 0.001888
[2025-02-21 09:00:51;INFO]----------------------------------------------------------------------------------------------------

[2025-02-21 09:00:51;INFO]Current Epoch: 366 / 500 | Learning Rate : 0.0008535533905947727
[2025-02-21 09:00:52;INFO]Train | Loss : 0.002084 | ACC : 3150/3150 (100.000%)
[2025-02-21 09:00:53;INFO]Valid | Loss : 0.001817 | ACC : 1350/1350 (100.000%)
[2025-02-21 09:00:53;INFO]      | Loss dropped from 0.001888 to 0.001817, model has been saved!

[2025-02-21 09:00:53;INFO]best epoch: 366, best loss: 0.001817
[2025-02-21 09:00:53;INFO]----------------------------------------------------------------------------------------------------

[2025-02-21 09:00:53;INFO]Current Epoch: 367 / 500 | Learning Rate : 0.0005000000000009507
[2025-02-21 09:00:55;INFO]Train | Loss : 0.002052 | ACC : 3150/3150 (100.000%)
[2025-02-21 09:00:55;INFO]Valid | Loss : 0.001969 | ACC : 1350/1350 (100.000%)
[2025-02-21 09:00:55;INFO]      | Loss didn't drop!

[2025-02-21 09:00:55;INFO]best epoch: 366, best loss: 0.001817
[2025-02-21 09:00:55;INFO]----------------------------------------------------------------------------------------------------

[2025-02-21 09:00:55;INFO]Current Epoch: 368 / 500 | Learning Rate : 0.0001464466094070698
[2025-02-21 09:00:57;INFO]Train | Loss : 0.002004 | ACC : 3150/3150 (100.000%)
[2025-02-21 09:00:57;INFO]Valid | Loss : 0.001971 | ACC : 1350/1350 (100.000%)
[2025-02-21 09:00:57;INFO]      | Loss didn't drop!

[2025-02-21 09:00:57;INFO]best epoch: 366, best loss: 0.001817
[2025-02-21 09:00:57;INFO]----------------------------------------------------------------------------------------------------

[2025-02-21 09:00:57;INFO]Current Epoch: 369 / 500 | Learning Rate : 0.000999999999999387
[2025-02-21 09:00:59;INFO]Train | Loss : 0.001908 | ACC : 3150/3150 (100.000%)
[2025-02-21 09:00:59;INFO]Valid | Loss : 0.001885 | ACC : 1350/1350 (100.000%)
[2025-02-21 09:00:59;INFO]      | Loss didn't drop!

[2025-02-21 09:00:59;INFO]best epoch: 366, best loss: 0.001817
[2025-02-21 09:00:59;INFO]----------------------------------------------------------------------------------------------------

[2025-02-21 09:00:59;INFO]Current Epoch: 370 / 500 | Learning Rate : 0.00014644660940667776
[2025-02-21 09:01:01;INFO]Train | Loss : 0.001967 | ACC : 3150/3150 (100.000%)
[2025-02-21 09:01:01;INFO]Valid | Loss : 0.001972 | ACC : 1350/1350 (100.000%)
[2025-02-21 09:01:01;INFO]      | Loss didn't drop!

[2025-02-21 09:01:01;INFO]best epoch: 366, best loss: 0.001817
[2025-02-21 09:01:01;INFO]----------------------------------------------------------------------------------------------------

[2025-02-21 09:01:01;INFO]Current Epoch: 371 / 500 | Learning Rate : 0.0004999999999998535
[2025-02-21 09:01:03;INFO]Train | Loss : 0.001846 | ACC : 3150/3150 (100.000%)
[2025-02-21 09:01:04;INFO]Valid | Loss : 0.001966 | ACC : 1350/1350 (100.000%)
[2025-02-21 09:01:04;INFO]      | Loss didn't drop!

[2025-02-21 09:01:04;INFO]best epoch: 366, best loss: 0.001817
[2025-02-21 09:01:04;INFO]----------------------------------------------------------------------------------------------------

[2025-02-21 09:01:04;INFO]Current Epoch: 372 / 500 | Learning Rate : 0.0008535533905956612
[2025-02-21 09:01:05;INFO]Train | Loss : 0.001859 | ACC : 3150/3150 (100.000%)
[2025-02-21 09:01:06;INFO]Valid | Loss : 0.001867 | ACC : 1350/1350 (100.000%)
[2025-02-21 09:01:06;INFO]      | Loss didn't drop!

[2025-02-21 09:01:06;INFO]best epoch: 366, best loss: 0.001817
[2025-02-21 09:01:06;INFO]----------------------------------------------------------------------------------------------------

[2025-02-21 09:01:06;INFO]Current Epoch: 373 / 500 | Learning Rate : 0.0
[2025-02-21 09:01:08;INFO]Train | Loss : 0.001922 | ACC : 3150/3150 (100.000%)
[2025-02-21 09:01:08;INFO]Valid | Loss : 0.001790 | ACC : 1350/1350 (100.000%)
[2025-02-21 09:01:08;INFO]      | Loss dropped from 0.001817 to 0.001790, model has been saved!

[2025-02-21 09:01:08;INFO]best epoch: 373, best loss: 0.001790
[2025-02-21 09:01:08;INFO]----------------------------------------------------------------------------------------------------

[2025-02-21 09:01:08;INFO]Current Epoch: 374 / 500 | Learning Rate : 0.000853553390593437
[2025-02-21 09:01:10;INFO]Train | Loss : 0.001914 | ACC : 3150/3150 (100.000%)
[2025-02-21 09:01:10;INFO]Valid | Loss : 0.001798 | ACC : 1350/1350 (100.000%)
[2025-02-21 09:01:10;INFO]      | Loss didn't drop!

[2025-02-21 09:01:10;INFO]best epoch: 373, best loss: 0.001790
[2025-02-21 09:01:10;INFO]----------------------------------------------------------------------------------------------------

[2025-02-21 09:01:10;INFO]Current Epoch: 375 / 500 | Learning Rate : 0.0005000000000002532
[2025-02-21 09:01:12;INFO]Train | Loss : 0.001838 | ACC : 3150/3150 (100.000%)
[2025-02-21 09:01:12;INFO]Valid | Loss : 0.001844 | ACC : 1350/1350 (100.000%)
[2025-02-21 09:01:12;INFO]      | Loss didn't drop!

[2025-02-21 09:01:12;INFO]best epoch: 373, best loss: 0.001790
[2025-02-21 09:01:12;INFO]----------------------------------------------------------------------------------------------------

[2025-02-21 09:01:12;INFO]Current Epoch: 376 / 500 | Learning Rate : 0.00014644660940680564
[2025-02-21 09:01:14;INFO]Train | Loss : 0.001830 | ACC : 3150/3150 (100.000%)
[2025-02-21 09:01:14;INFO]Valid | Loss : 0.002274 | ACC : 1349/1350 (99.926%)
[2025-02-21 09:01:14;INFO]      | Loss didn't drop!

[2025-02-21 09:01:14;INFO]best epoch: 373, best loss: 0.001790
[2025-02-21 09:01:14;INFO]----------------------------------------------------------------------------------------------------

[2025-02-21 09:01:14;INFO]Current Epoch: 377 / 500 | Learning Rate : 0.0010000000000007566
[2025-02-21 09:01:16;INFO]Train | Loss : 0.001830 | ACC : 3150/3150 (100.000%)
[2025-02-21 09:01:17;INFO]Valid | Loss : 0.001797 | ACC : 1350/1350 (100.000%)
[2025-02-21 09:01:17;INFO]      | Loss didn't drop!

[2025-02-21 09:01:17;INFO]best epoch: 373, best loss: 0.001790
[2025-02-21 09:01:17;INFO]----------------------------------------------------------------------------------------------------

[2025-02-21 09:01:17;INFO]Current Epoch: 378 / 500 | Learning Rate : 0.00014644660940692084
[2025-02-21 09:01:18;INFO]Train | Loss : 0.001884 | ACC : 3150/3150 (100.000%)
[2025-02-21 09:01:19;INFO]Valid | Loss : 0.001874 | ACC : 1350/1350 (100.000%)
[2025-02-21 09:01:19;INFO]      | Loss didn't drop!

[2025-02-21 09:01:19;INFO]best epoch: 373, best loss: 0.001790
[2025-02-21 09:01:19;INFO]----------------------------------------------------------------------------------------------------

[2025-02-21 09:01:19;INFO]Current Epoch: 379 / 500 | Learning Rate : 0.0005000000000004788
[2025-02-21 09:01:21;INFO]Train | Loss : 0.001828 | ACC : 3150/3150 (100.000%)
[2025-02-21 09:01:21;INFO]Valid | Loss : 0.001885 | ACC : 1350/1350 (100.000%)
[2025-02-21 09:01:21;INFO]      | Loss didn't drop!

[2025-02-21 09:01:21;INFO]best epoch: 373, best loss: 0.001790
[2025-02-21 09:01:21;INFO]----------------------------------------------------------------------------------------------------

[2025-02-21 09:01:21;INFO]Current Epoch: 380 / 500 | Learning Rate : 0.0008535533905944025
[2025-02-21 09:01:23;INFO]Train | Loss : 0.002028 | ACC : 3150/3150 (100.000%)
[2025-02-21 09:01:23;INFO]Valid | Loss : 0.001611 | ACC : 1350/1350 (100.000%)
[2025-02-21 09:01:23;INFO]      | Loss dropped from 0.001790 to 0.001611, model has been saved!

[2025-02-21 09:01:23;INFO]best epoch: 380, best loss: 0.001611
[2025-02-21 09:01:23;INFO]----------------------------------------------------------------------------------------------------

[2025-02-21 09:01:23;INFO]Current Epoch: 381 / 500 | Learning Rate : 0.0
[2025-02-21 09:01:25;INFO]Train | Loss : 0.001759 | ACC : 3150/3150 (100.000%)
[2025-02-21 09:01:25;INFO]Valid | Loss : 0.001643 | ACC : 1350/1350 (100.000%)
[2025-02-21 09:01:25;INFO]      | Loss didn't drop!

[2025-02-21 09:01:25;INFO]best epoch: 380, best loss: 0.001611
[2025-02-21 09:01:25;INFO]----------------------------------------------------------------------------------------------------

[2025-02-21 09:01:25;INFO]Current Epoch: 382 / 500 | Learning Rate : 0.000853553390592174
[2025-02-21 09:01:27;INFO]Train | Loss : 0.001737 | ACC : 3150/3150 (100.000%)
[2025-02-21 09:01:27;INFO]Valid | Loss : 0.001773 | ACC : 1350/1350 (100.000%)
[2025-02-21 09:01:27;INFO]      | Loss didn't drop!

[2025-02-21 09:01:27;INFO]best epoch: 380, best loss: 0.001611
[2025-02-21 09:01:27;INFO]----------------------------------------------------------------------------------------------------

[2025-02-21 09:01:27;INFO]Current Epoch: 383 / 500 | Learning Rate : 0.0005000000000008845
[2025-02-21 09:01:29;INFO]Train | Loss : 0.001662 | ACC : 3150/3150 (100.000%)
[2025-02-21 09:01:30;INFO]Valid | Loss : 0.001672 | ACC : 1350/1350 (100.000%)
[2025-02-21 09:01:30;INFO]      | Loss didn't drop!

[2025-02-21 09:01:30;INFO]best epoch: 380, best loss: 0.001611
[2025-02-21 09:01:30;INFO]----------------------------------------------------------------------------------------------------

[2025-02-21 09:01:30;INFO]Current Epoch: 384 / 500 | Learning Rate : 0.00014644660940704447
[2025-02-21 09:01:31;INFO]Train | Loss : 0.001691 | ACC : 3150/3150 (100.000%)
[2025-02-21 09:01:32;INFO]Valid | Loss : 0.001610 | ACC : 1350/1350 (100.000%)
[2025-02-21 09:01:32;INFO]      | Loss dropped from 0.001611 to 0.001610, model has been saved!

[2025-02-21 09:01:32;INFO]best epoch: 384, best loss: 0.001610
[2025-02-21 09:01:32;INFO]----------------------------------------------------------------------------------------------------

[2025-02-21 09:01:32;INFO]Current Epoch: 385 / 500 | Learning Rate : 0.0010000000000021283
[2025-02-21 09:01:34;INFO]Train | Loss : 0.001666 | ACC : 3150/3150 (100.000%)
[2025-02-21 09:01:34;INFO]Valid | Loss : 0.001724 | ACC : 1350/1350 (100.000%)
[2025-02-21 09:01:34;INFO]      | Loss didn't drop!

[2025-02-21 09:01:34;INFO]best epoch: 384, best loss: 0.001610
[2025-02-21 09:01:34;INFO]----------------------------------------------------------------------------------------------------

[2025-02-21 09:01:34;INFO]Current Epoch: 386 / 500 | Learning Rate : 0.00014644660940657915
[2025-02-21 09:01:36;INFO]Train | Loss : 0.001710 | ACC : 3150/3150 (100.000%)
[2025-02-21 09:01:36;INFO]Valid | Loss : 0.001690 | ACC : 1350/1350 (100.000%)
[2025-02-21 09:01:36;INFO]      | Loss didn't drop!

[2025-02-21 09:01:36;INFO]best epoch: 384, best loss: 0.001610
[2025-02-21 09:01:36;INFO]----------------------------------------------------------------------------------------------------

[2025-02-21 09:01:36;INFO]Current Epoch: 387 / 500 | Learning Rate : 0.0004999999999997709
[2025-02-21 09:01:38;INFO]Train | Loss : 0.001585 | ACC : 3150/3150 (100.000%)
[2025-02-21 09:01:38;INFO]Valid | Loss : 0.001890 | ACC : 1350/1350 (100.000%)
[2025-02-21 09:01:38;INFO]      | Loss didn't drop!

[2025-02-21 09:01:38;INFO]best epoch: 384, best loss: 0.001610
[2025-02-21 09:01:38;INFO]----------------------------------------------------------------------------------------------------

[2025-02-21 09:01:38;INFO]Current Epoch: 388 / 500 | Learning Rate : 0.0008535533905930715
[2025-02-21 09:01:40;INFO]Train | Loss : 0.001537 | ACC : 3150/3150 (100.000%)
[2025-02-21 09:01:40;INFO]Valid | Loss : 0.001704 | ACC : 1350/1350 (100.000%)
[2025-02-21 09:01:40;INFO]      | Loss didn't drop!

[2025-02-21 09:01:40;INFO]best epoch: 384, best loss: 0.001610
[2025-02-21 09:01:40;INFO]----------------------------------------------------------------------------------------------------

[2025-02-21 09:01:40;INFO]Current Epoch: 389 / 500 | Learning Rate : 0.0
[2025-02-21 09:01:42;INFO]Train | Loss : 0.001483 | ACC : 3150/3150 (100.000%)
[2025-02-21 09:01:43;INFO]Valid | Loss : 0.001917 | ACC : 1350/1350 (100.000%)
[2025-02-21 09:01:43;INFO]      | Loss didn't drop!

[2025-02-21 09:01:43;INFO]best epoch: 384, best loss: 0.001610
[2025-02-21 09:01:43;INFO]----------------------------------------------------------------------------------------------------

[2025-02-21 09:01:43;INFO]Current Epoch: 390 / 500 | Learning Rate : 0.0008535533905958454
[2025-02-21 09:01:44;INFO]Train | Loss : 0.001560 | ACC : 3150/3150 (100.000%)
[2025-02-21 09:01:45;INFO]Valid | Loss : 0.001607 | ACC : 1350/1350 (100.000%)
[2025-02-21 09:01:45;INFO]      | Loss dropped from 0.001610 to 0.001607, model has been saved!

[2025-02-21 09:01:45;INFO]best epoch: 390, best loss: 0.001607
[2025-02-21 09:01:45;INFO]----------------------------------------------------------------------------------------------------

[2025-02-21 09:01:45;INFO]Current Epoch: 391 / 500 | Learning Rate : 0.0005000000000001823
[2025-02-21 09:01:47;INFO]Train | Loss : 0.001578 | ACC : 3150/3150 (100.000%)
[2025-02-21 09:01:47;INFO]Valid | Loss : 0.001774 | ACC : 1350/1350 (100.000%)
[2025-02-21 09:01:47;INFO]      | Loss didn't drop!

[2025-02-21 09:01:47;INFO]best epoch: 390, best loss: 0.001607
[2025-02-21 09:01:47;INFO]----------------------------------------------------------------------------------------------------

[2025-02-21 09:01:47;INFO]Current Epoch: 392 / 500 | Learning Rate : 0.000146446609406779
[2025-02-21 09:01:49;INFO]Train | Loss : 0.001501 | ACC : 3150/3150 (100.000%)
[2025-02-21 09:01:49;INFO]Valid | Loss : 0.001623 | ACC : 1350/1350 (100.000%)
[2025-02-21 09:01:49;INFO]      | Loss didn't drop!

[2025-02-21 09:01:49;INFO]best epoch: 390, best loss: 0.001607
[2025-02-21 09:01:49;INFO]----------------------------------------------------------------------------------------------------

[2025-02-21 09:01:49;INFO]Current Epoch: 393 / 500 | Learning Rate : 0.0010000000000006124
[2025-02-21 09:01:51;INFO]Train | Loss : 0.001490 | ACC : 3150/3150 (100.000%)
[2025-02-21 09:01:51;INFO]Valid | Loss : 0.001579 | ACC : 1350/1350 (100.000%)
[2025-02-21 09:01:51;INFO]      | Loss dropped from 0.001607 to 0.001579, model has been saved!

[2025-02-21 09:01:51;INFO]best epoch: 393, best loss: 0.001579
[2025-02-21 09:01:51;INFO]----------------------------------------------------------------------------------------------------

[2025-02-21 09:01:51;INFO]Current Epoch: 394 / 500 | Learning Rate : 0.00014644660940682215
[2025-02-21 09:01:53;INFO]Train | Loss : 0.001497 | ACC : 3150/3150 (100.000%)
[2025-02-21 09:01:53;INFO]Valid | Loss : 0.001736 | ACC : 1350/1350 (100.000%)
[2025-02-21 09:01:53;INFO]      | Loss didn't drop!

[2025-02-21 09:01:53;INFO]best epoch: 393, best loss: 0.001579
[2025-02-21 09:01:53;INFO]----------------------------------------------------------------------------------------------------

[2025-02-21 09:01:53;INFO]Current Epoch: 395 / 500 | Learning Rate : 0.0005000000000005102
[2025-02-21 09:01:55;INFO]Train | Loss : 0.001416 | ACC : 3150/3150 (100.000%)
[2025-02-21 09:01:56;INFO]Valid | Loss : 0.001888 | ACC : 1350/1350 (100.000%)
[2025-02-21 09:01:56;INFO]      | Loss didn't drop!

[2025-02-21 09:01:56;INFO]best epoch: 393, best loss: 0.001579
[2025-02-21 09:01:56;INFO]----------------------------------------------------------------------------------------------------

[2025-02-21 09:01:56;INFO]Current Epoch: 396 / 500 | Learning Rate : 0.0008535533905942766
[2025-02-21 09:01:57;INFO]Train | Loss : 0.001398 | ACC : 3150/3150 (100.000%)
[2025-02-21 09:01:58;INFO]Valid | Loss : 0.001567 | ACC : 1350/1350 (100.000%)
[2025-02-21 09:01:58;INFO]      | Loss dropped from 0.001579 to 0.001567, model has been saved!

[2025-02-21 09:01:58;INFO]best epoch: 396, best loss: 0.001567
[2025-02-21 09:01:58;INFO]----------------------------------------------------------------------------------------------------

[2025-02-21 09:01:58;INFO]Current Epoch: 397 / 500 | Learning Rate : 0.0
[2025-02-21 09:02:00;INFO]Train | Loss : 0.001458 | ACC : 3150/3150 (100.000%)
[2025-02-21 09:02:00;INFO]Valid | Loss : 0.001528 | ACC : 1350/1350 (100.000%)
[2025-02-21 09:02:00;INFO]      | Loss dropped from 0.001567 to 0.001528, model has been saved!

[2025-02-21 09:02:00;INFO]best epoch: 397, best loss: 0.001528
[2025-02-21 09:02:00;INFO]----------------------------------------------------------------------------------------------------

[2025-02-21 09:02:00;INFO]Current Epoch: 398 / 500 | Learning Rate : 0.0008535533905945106
[2025-02-21 09:02:02;INFO]Train | Loss : 0.001406 | ACC : 3150/3150 (100.000%)
[2025-02-21 09:02:02;INFO]Valid | Loss : 0.001675 | ACC : 1350/1350 (100.000%)
[2025-02-21 09:02:02;INFO]      | Loss didn't drop!

[2025-02-21 09:02:02;INFO]best epoch: 397, best loss: 0.001528
[2025-02-21 09:02:02;INFO]----------------------------------------------------------------------------------------------------

[2025-02-21 09:02:02;INFO]Current Epoch: 399 / 500 | Learning Rate : 0.0004999999999993707
[2025-02-21 09:02:04;INFO]Train | Loss : 0.001432 | ACC : 3150/3150 (100.000%)
[2025-02-21 09:02:04;INFO]Valid | Loss : 0.001593 | ACC : 1350/1350 (100.000%)
[2025-02-21 09:02:04;INFO]      | Loss didn't drop!

[2025-02-21 09:02:04;INFO]best epoch: 397, best loss: 0.001528
[2025-02-21 09:02:04;INFO]----------------------------------------------------------------------------------------------------

[2025-02-21 09:02:04;INFO]Current Epoch: 400 / 500 | Learning Rate : 0.00014644660940651475
[2025-02-21 09:02:06;INFO]Train | Loss : 0.001415 | ACC : 3150/3150 (100.000%)
[2025-02-21 09:02:06;INFO]Valid | Loss : 0.001579 | ACC : 1350/1350 (100.000%)
[2025-02-21 09:02:06;INFO]      | Loss didn't drop!

[2025-02-21 09:02:06;INFO]best epoch: 397, best loss: 0.001528
[2025-02-21 09:02:06;INFO]----------------------------------------------------------------------------------------------------

[2025-02-21 09:02:06;INFO]Current Epoch: 401 / 500 | Learning Rate : 0.001000000000001984
[2025-02-21 09:02:08;INFO]Train | Loss : 0.001388 | ACC : 3150/3150 (100.000%)
[2025-02-21 09:02:09;INFO]Valid | Loss : 0.001640 | ACC : 1350/1350 (100.000%)
[2025-02-21 09:02:09;INFO]      | Loss didn't drop!

[2025-02-21 09:02:09;INFO]best epoch: 397, best loss: 0.001528
[2025-02-21 09:02:09;INFO]----------------------------------------------------------------------------------------------------

[2025-02-21 09:02:09;INFO]Current Epoch: 402 / 500 | Learning Rate : 0.00014644660940706515
[2025-02-21 09:02:10;INFO]Train | Loss : 0.001314 | ACC : 3150/3150 (100.000%)
[2025-02-21 09:02:11;INFO]Valid | Loss : 0.001473 | ACC : 1350/1350 (100.000%)
[2025-02-21 09:02:11;INFO]      | Loss dropped from 0.001528 to 0.001473, model has been saved!

[2025-02-21 09:02:11;INFO]best epoch: 402, best loss: 0.001473
[2025-02-21 09:02:11;INFO]----------------------------------------------------------------------------------------------------

[2025-02-21 09:02:11;INFO]Current Epoch: 403 / 500 | Learning Rate : 0.0005000000000011358
[2025-02-21 09:02:13;INFO]Train | Loss : 0.001392 | ACC : 3150/3150 (100.000%)
[2025-02-21 09:02:13;INFO]Valid | Loss : 0.001633 | ACC : 1350/1350 (100.000%)
[2025-02-21 09:02:13;INFO]      | Loss didn't drop!

[2025-02-21 09:02:13;INFO]best epoch: 402, best loss: 0.001473
[2025-02-21 09:02:13;INFO]----------------------------------------------------------------------------------------------------

[2025-02-21 09:02:13;INFO]Current Epoch: 404 / 500 | Learning Rate : 0.000853553390592945
[2025-02-21 09:02:15;INFO]Train | Loss : 0.001288 | ACC : 3150/3150 (100.000%)
[2025-02-21 09:02:15;INFO]Valid | Loss : 0.001708 | ACC : 1350/1350 (100.000%)
[2025-02-21 09:02:15;INFO]      | Loss didn't drop!

[2025-02-21 09:02:15;INFO]best epoch: 402, best loss: 0.001473
[2025-02-21 09:02:15;INFO]----------------------------------------------------------------------------------------------------

[2025-02-21 09:02:15;INFO]Current Epoch: 405 / 500 | Learning Rate : 0.0
[2025-02-21 09:02:17;INFO]Train | Loss : 0.001308 | ACC : 3150/3150 (100.000%)
[2025-02-21 09:02:17;INFO]Valid | Loss : 0.001703 | ACC : 1350/1350 (100.000%)
[2025-02-21 09:02:17;INFO]      | Loss didn't drop!

[2025-02-21 09:02:17;INFO]best epoch: 402, best loss: 0.001473
[2025-02-21 09:02:17;INFO]----------------------------------------------------------------------------------------------------

[2025-02-21 09:02:17;INFO]Current Epoch: 406 / 500 | Learning Rate : 0.000853553390593247
[2025-02-21 09:02:19;INFO]Train | Loss : 0.001404 | ACC : 3150/3150 (100.000%)
[2025-02-21 09:02:19;INFO]Valid | Loss : 0.001529 | ACC : 1350/1350 (100.000%)
[2025-02-21 09:02:19;INFO]      | Loss didn't drop!

[2025-02-21 09:02:19;INFO]best epoch: 402, best loss: 0.001473
[2025-02-21 09:02:19;INFO]----------------------------------------------------------------------------------------------------

[2025-02-21 09:02:19;INFO]Current Epoch: 407 / 500 | Learning Rate : 0.0005000000000014453
[2025-02-21 09:02:21;INFO]Train | Loss : 0.001294 | ACC : 3150/3150 (100.000%)
[2025-02-21 09:02:22;INFO]Valid | Loss : 0.001620 | ACC : 1350/1350 (100.000%)
[2025-02-21 09:02:22;INFO]      | Loss didn't drop!

[2025-02-21 09:02:22;INFO]best epoch: 402, best loss: 0.001473
[2025-02-21 09:02:22;INFO]----------------------------------------------------------------------------------------------------

[2025-02-21 09:02:22;INFO]Current Epoch: 408 / 500 | Learning Rate : 0.00014644660940725673
[2025-02-21 09:02:23;INFO]Train | Loss : 0.001276 | ACC : 3150/3150 (100.000%)
[2025-02-21 09:02:24;INFO]Valid | Loss : 0.001711 | ACC : 1350/1350 (100.000%)
[2025-02-21 09:02:24;INFO]      | Loss didn't drop!

[2025-02-21 09:02:24;INFO]best epoch: 402, best loss: 0.001473
[2025-02-21 09:02:24;INFO]----------------------------------------------------------------------------------------------------

[2025-02-21 09:02:24;INFO]Current Epoch: 409 / 500 | Learning Rate : 0.0010000000000004602
[2025-02-21 09:02:26;INFO]Train | Loss : 0.001280 | ACC : 3150/3150 (100.000%)
[2025-02-21 09:02:26;INFO]Valid | Loss : 0.001783 | ACC : 1350/1350 (100.000%)
[2025-02-21 09:02:26;INFO]      | Loss didn't drop!

[2025-02-21 09:02:26;INFO]best epoch: 402, best loss: 0.001473
[2025-02-21 09:02:26;INFO]----------------------------------------------------------------------------------------------------

[2025-02-21 09:02:26;INFO]Current Epoch: 410 / 500 | Learning Rate : 0.00014644660940680518
[2025-02-21 09:02:28;INFO]Train | Loss : 0.001280 | ACC : 3150/3150 (100.000%)
[2025-02-21 09:02:28;INFO]Valid | Loss : 0.001484 | ACC : 1350/1350 (100.000%)
[2025-02-21 09:02:28;INFO]      | Loss didn't drop!

[2025-02-21 09:02:28;INFO]best epoch: 402, best loss: 0.001473
[2025-02-21 09:02:28;INFO]----------------------------------------------------------------------------------------------------

[2025-02-21 09:02:28;INFO]Current Epoch: 411 / 500 | Learning Rate : 0.0005000000000004322
[2025-02-21 09:02:30;INFO]Train | Loss : 0.001201 | ACC : 3150/3150 (100.000%)
[2025-02-21 09:02:30;INFO]Valid | Loss : 0.001598 | ACC : 1350/1350 (100.000%)
[2025-02-21 09:02:30;INFO]      | Loss didn't drop!

[2025-02-21 09:02:30;INFO]best epoch: 402, best loss: 0.001473
[2025-02-21 09:02:30;INFO]----------------------------------------------------------------------------------------------------

[2025-02-21 09:02:30;INFO]Current Epoch: 412 / 500 | Learning Rate : 0.0008535533905940766
[2025-02-21 09:02:32;INFO]Train | Loss : 0.001323 | ACC : 3150/3150 (100.000%)
[2025-02-21 09:02:33;INFO]Valid | Loss : 0.001679 | ACC : 1350/1350 (100.000%)
[2025-02-21 09:02:33;INFO]      | Loss didn't drop!

[2025-02-21 09:02:33;INFO]best epoch: 402, best loss: 0.001473
[2025-02-21 09:02:33;INFO]----------------------------------------------------------------------------------------------------

[2025-02-21 09:02:33;INFO]Current Epoch: 413 / 500 | Learning Rate : 0.0
[2025-02-21 09:02:34;INFO]Train | Loss : 0.001203 | ACC : 3150/3150 (100.000%)
[2025-02-21 09:02:35;INFO]Valid | Loss : 0.001968 | ACC : 1349/1350 (99.926%)
[2025-02-21 09:02:35;INFO]      | Loss didn't drop!

[2025-02-21 09:02:35;INFO]best epoch: 402, best loss: 0.001473
[2025-02-21 09:02:35;INFO]----------------------------------------------------------------------------------------------------

[2025-02-21 09:02:35;INFO]Current Epoch: 414 / 500 | Learning Rate : 0.000853553390594375
[2025-02-21 09:02:36;INFO]Train | Loss : 0.001173 | ACC : 3150/3150 (100.000%)
[2025-02-21 09:02:37;INFO]Valid | Loss : 0.001474 | ACC : 1350/1350 (100.000%)
[2025-02-21 09:02:37;INFO]      | Loss didn't drop!

[2025-02-21 09:02:37;INFO]best epoch: 402, best loss: 0.001473
[2025-02-21 09:02:37;INFO]----------------------------------------------------------------------------------------------------

[2025-02-21 09:02:37;INFO]Current Epoch: 415 / 500 | Learning Rate : 0.0005000000000007472
[2025-02-21 09:02:39;INFO]Train | Loss : 0.001235 | ACC : 3150/3150 (100.000%)
[2025-02-21 09:02:39;INFO]Valid | Loss : 0.001684 | ACC : 1350/1350 (100.000%)
[2025-02-21 09:02:39;INFO]      | Loss didn't drop!

[2025-02-21 09:02:39;INFO]best epoch: 402, best loss: 0.001473
[2025-02-21 09:02:39;INFO]----------------------------------------------------------------------------------------------------

[2025-02-21 09:02:39;INFO]Current Epoch: 416 / 500 | Learning Rate : 0.00014644660940699248
[2025-02-21 09:02:41;INFO]Train | Loss : 0.001222 | ACC : 3150/3150 (100.000%)
[2025-02-21 09:02:41;INFO]Valid | Loss : 0.001548 | ACC : 1350/1350 (100.000%)
[2025-02-21 09:02:41;INFO]      | Loss didn't drop!

[2025-02-21 09:02:41;INFO]best epoch: 402, best loss: 0.001473
[2025-02-21 09:02:41;INFO]----------------------------------------------------------------------------------------------------

[2025-02-21 09:02:41;INFO]Current Epoch: 417 / 500 | Learning Rate : 0.0009999999999989444
[2025-02-21 09:02:43;INFO]Train | Loss : 0.001106 | ACC : 3150/3150 (100.000%)
[2025-02-21 09:02:43;INFO]Valid | Loss : 0.001586 | ACC : 1349/1350 (99.926%)
[2025-02-21 09:02:43;INFO]      | Loss didn't drop!

[2025-02-21 09:02:43;INFO]best epoch: 402, best loss: 0.001473
[2025-02-21 09:02:43;INFO]----------------------------------------------------------------------------------------------------

[2025-02-21 09:02:43;INFO]Current Epoch: 418 / 500 | Learning Rate : 0.00014644660940704685
[2025-02-21 09:02:45;INFO]Train | Loss : 0.001155 | ACC : 3150/3150 (100.000%)
[2025-02-21 09:02:46;INFO]Valid | Loss : 0.001530 | ACC : 1350/1350 (100.000%)
[2025-02-21 09:02:46;INFO]      | Loss didn't drop!

[2025-02-21 09:02:46;INFO]best epoch: 402, best loss: 0.001473
[2025-02-21 09:02:46;INFO]----------------------------------------------------------------------------------------------------

[2025-02-21 09:02:46;INFO]Current Epoch: 419 / 500 | Learning Rate : 0.0005000000000010531
[2025-02-21 09:02:47;INFO]Train | Loss : 0.001111 | ACC : 3150/3150 (100.000%)
[2025-02-21 09:02:48;INFO]Valid | Loss : 0.001369 | ACC : 1350/1350 (100.000%)
[2025-02-21 09:02:48;INFO]      | Loss dropped from 0.001473 to 0.001369, model has been saved!

[2025-02-21 09:02:48;INFO]best epoch: 419, best loss: 0.001369
[2025-02-21 09:02:48;INFO]----------------------------------------------------------------------------------------------------

[2025-02-21 09:02:48;INFO]Current Epoch: 420 / 500 | Learning Rate : 0.0008535533905928986
[2025-02-21 09:02:49;INFO]Train | Loss : 0.001097 | ACC : 3150/3150 (100.000%)
[2025-02-21 09:02:50;INFO]Valid | Loss : 0.001476 | ACC : 1350/1350 (100.000%)
[2025-02-21 09:02:50;INFO]      | Loss didn't drop!

[2025-02-21 09:02:50;INFO]best epoch: 419, best loss: 0.001369
[2025-02-21 09:02:50;INFO]----------------------------------------------------------------------------------------------------

[2025-02-21 09:02:50;INFO]Current Epoch: 421 / 500 | Learning Rate : 0.0
[2025-02-21 09:02:52;INFO]Train | Loss : 0.001155 | ACC : 3150/3150 (100.000%)
[2025-02-21 09:02:52;INFO]Valid | Loss : 0.001507 | ACC : 1350/1350 (100.000%)
[2025-02-21 09:02:52;INFO]      | Loss didn't drop!

[2025-02-21 09:02:52;INFO]best epoch: 419, best loss: 0.001369
[2025-02-21 09:02:52;INFO]----------------------------------------------------------------------------------------------------

[2025-02-21 09:02:52;INFO]Current Epoch: 422 / 500 | Learning Rate : 0.0008535533905930394
[2025-02-21 09:02:54;INFO]Train | Loss : 0.001111 | ACC : 3150/3150 (100.000%)
[2025-02-21 09:02:54;INFO]Valid | Loss : 0.001461 | ACC : 1350/1350 (100.000%)
[2025-02-21 09:02:54;INFO]      | Loss didn't drop!

[2025-02-21 09:02:54;INFO]best epoch: 419, best loss: 0.001369
[2025-02-21 09:02:54;INFO]----------------------------------------------------------------------------------------------------

[2025-02-21 09:02:54;INFO]Current Epoch: 423 / 500 | Learning Rate : 0.0004999999999999315
[2025-02-21 09:02:56;INFO]Train | Loss : 0.001090 | ACC : 3150/3150 (100.000%)
[2025-02-21 09:02:56;INFO]Valid | Loss : 0.001473 | ACC : 1350/1350 (100.000%)
[2025-02-21 09:02:56;INFO]      | Loss didn't drop!

[2025-02-21 09:02:56;INFO]best epoch: 419, best loss: 0.001369
[2025-02-21 09:02:56;INFO]----------------------------------------------------------------------------------------------------

[2025-02-21 09:02:56;INFO]Current Epoch: 424 / 500 | Learning Rate : 0.00014644660940672712
[2025-02-21 09:02:58;INFO]Train | Loss : 0.001107 | ACC : 3150/3150 (100.000%)
[2025-02-21 09:02:59;INFO]Valid | Loss : 0.001358 | ACC : 1350/1350 (100.000%)
[2025-02-21 09:02:59;INFO]      | Loss dropped from 0.001369 to 0.001358, model has been saved!

[2025-02-21 09:02:59;INFO]best epoch: 424, best loss: 0.001358
[2025-02-21 09:02:59;INFO]----------------------------------------------------------------------------------------------------

[2025-02-21 09:02:59;INFO]Current Epoch: 425 / 500 | Learning Rate : 0.001000000000003201
[2025-02-21 09:03:00;INFO]Train | Loss : 0.001044 | ACC : 3150/3150 (100.000%)
[2025-02-21 09:03:01;INFO]Valid | Loss : 0.001247 | ACC : 1350/1350 (100.000%)
[2025-02-21 09:03:01;INFO]      | Loss dropped from 0.001358 to 0.001247, model has been saved!

[2025-02-21 09:03:01;INFO]best epoch: 425, best loss: 0.001247
[2025-02-21 09:03:01;INFO]----------------------------------------------------------------------------------------------------

[2025-02-21 09:03:01;INFO]Current Epoch: 426 / 500 | Learning Rate : 0.00014644660940720943
[2025-02-21 09:03:02;INFO]Train | Loss : 0.001058 | ACC : 3150/3150 (100.000%)
[2025-02-21 09:03:03;INFO]Valid | Loss : 0.001386 | ACC : 1350/1350 (100.000%)
[2025-02-21 09:03:03;INFO]      | Loss didn't drop!

[2025-02-21 09:03:03;INFO]best epoch: 425, best loss: 0.001247
[2025-02-21 09:03:03;INFO]----------------------------------------------------------------------------------------------------

[2025-02-21 09:03:03;INFO]Current Epoch: 427 / 500 | Learning Rate : 0.0005000000000017921
[2025-02-21 09:03:05;INFO]Train | Loss : 0.000991 | ACC : 3150/3150 (100.000%)
[2025-02-21 09:03:05;INFO]Valid | Loss : 0.001394 | ACC : 1350/1350 (100.000%)
[2025-02-21 09:03:05;INFO]      | Loss didn't drop!

[2025-02-21 09:03:05;INFO]best epoch: 425, best loss: 0.001247
[2025-02-21 09:03:05;INFO]----------------------------------------------------------------------------------------------------

[2025-02-21 09:03:05;INFO]Current Epoch: 428 / 500 | Learning Rate : 0.0008535533905914868
[2025-02-21 09:03:07;INFO]Train | Loss : 0.001014 | ACC : 3150/3150 (100.000%)
[2025-02-21 09:03:07;INFO]Valid | Loss : 0.001260 | ACC : 1350/1350 (100.000%)
[2025-02-21 09:03:07;INFO]      | Loss didn't drop!

[2025-02-21 09:03:07;INFO]best epoch: 425, best loss: 0.001247
[2025-02-21 09:03:07;INFO]----------------------------------------------------------------------------------------------------

[2025-02-21 09:03:07;INFO]Current Epoch: 429 / 500 | Learning Rate : 0.0
[2025-02-21 09:03:09;INFO]Train | Loss : 0.001046 | ACC : 3150/3150 (100.000%)
[2025-02-21 09:03:09;INFO]Valid | Loss : 0.001105 | ACC : 1350/1350 (100.000%)
[2025-02-21 09:03:09;INFO]      | Loss dropped from 0.001247 to 0.001105, model has been saved!

[2025-02-21 09:03:09;INFO]best epoch: 429, best loss: 0.001105
[2025-02-21 09:03:09;INFO]----------------------------------------------------------------------------------------------------

[2025-02-21 09:03:09;INFO]Current Epoch: 430 / 500 | Learning Rate : 0.000853553390594248
[2025-02-21 09:03:11;INFO]Train | Loss : 0.001047 | ACC : 3150/3150 (100.000%)
[2025-02-21 09:03:12;INFO]Valid | Loss : 0.001132 | ACC : 1350/1350 (100.000%)
[2025-02-21 09:03:12;INFO]      | Loss didn't drop!

[2025-02-21 09:03:12;INFO]best epoch: 429, best loss: 0.001105
[2025-02-21 09:03:12;INFO]----------------------------------------------------------------------------------------------------

[2025-02-21 09:03:12;INFO]Current Epoch: 431 / 500 | Learning Rate : 0.000500000000000563
[2025-02-21 09:03:13;INFO]Train | Loss : 0.001014 | ACC : 3150/3150 (100.000%)
[2025-02-21 09:03:14;INFO]Valid | Loss : 0.001578 | ACC : 1349/1350 (99.926%)
[2025-02-21 09:03:14;INFO]      | Loss didn't drop!

[2025-02-21 09:03:14;INFO]best epoch: 429, best loss: 0.001105
[2025-02-21 09:03:14;INFO]----------------------------------------------------------------------------------------------------

[2025-02-21 09:03:14;INFO]Current Epoch: 432 / 500 | Learning Rate : 0.0001464466094069659
[2025-02-21 09:03:16;INFO]Train | Loss : 0.000977 | ACC : 3150/3150 (100.000%)
[2025-02-21 09:03:16;INFO]Valid | Loss : 0.001293 | ACC : 1350/1350 (100.000%)
[2025-02-21 09:03:16;INFO]      | Loss didn't drop!

[2025-02-21 09:03:16;INFO]best epoch: 429, best loss: 0.001105
[2025-02-21 09:03:16;INFO]----------------------------------------------------------------------------------------------------

[2025-02-21 09:03:16;INFO]Current Epoch: 433 / 500 | Learning Rate : 0.0010000000000016773
[2025-02-21 09:03:18;INFO]Train | Loss : 0.000953 | ACC : 3150/3150 (100.000%)
[2025-02-21 09:03:18;INFO]Valid | Loss : 0.001264 | ACC : 1350/1350 (100.000%)
[2025-02-21 09:03:18;INFO]      | Loss didn't drop!

[2025-02-21 09:03:18;INFO]best epoch: 429, best loss: 0.001105
[2025-02-21 09:03:18;INFO]----------------------------------------------------------------------------------------------------

[2025-02-21 09:03:18;INFO]Current Epoch: 434 / 500 | Learning Rate : 0.00014644660940694952
[2025-02-21 09:03:20;INFO]Train | Loss : 0.001047 | ACC : 3150/3150 (100.000%)
[2025-02-21 09:03:20;INFO]Valid | Loss : 0.001748 | ACC : 1349/1350 (99.926%)
[2025-02-21 09:03:20;INFO]      | Loss didn't drop!

[2025-02-21 09:03:20;INFO]best epoch: 429, best loss: 0.001105
[2025-02-21 09:03:20;INFO]----------------------------------------------------------------------------------------------------

[2025-02-21 09:03:20;INFO]Current Epoch: 435 / 500 | Learning Rate : 0.0005000000000009754
[2025-02-21 09:03:22;INFO]Train | Loss : 0.000958 | ACC : 3150/3150 (100.000%)
[2025-02-21 09:03:22;INFO]Valid | Loss : 0.001148 | ACC : 1350/1350 (100.000%)
[2025-02-21 09:03:22;INFO]      | Loss didn't drop!

[2025-02-21 09:03:22;INFO]best epoch: 429, best loss: 0.001105
[2025-02-21 09:03:22;INFO]----------------------------------------------------------------------------------------------------

[2025-02-21 09:03:22;INFO]Current Epoch: 436 / 500 | Learning Rate : 0.000853553390592619
[2025-02-21 09:03:24;INFO]Train | Loss : 0.001014 | ACC : 3150/3150 (100.000%)
[2025-02-21 09:03:25;INFO]Valid | Loss : 0.001240 | ACC : 1350/1350 (100.000%)
[2025-02-21 09:03:25;INFO]      | Loss didn't drop!

[2025-02-21 09:03:25;INFO]best epoch: 429, best loss: 0.001105
[2025-02-21 09:03:25;INFO]----------------------------------------------------------------------------------------------------

[2025-02-21 09:03:25;INFO]Current Epoch: 437 / 500 | Learning Rate : 0.0
[2025-02-21 09:03:26;INFO]Train | Loss : 0.000936 | ACC : 3150/3150 (100.000%)
[2025-02-21 09:03:27;INFO]Valid | Loss : 0.001639 | ACC : 1350/1350 (100.000%)
[2025-02-21 09:03:27;INFO]      | Loss didn't drop!

[2025-02-21 09:03:27;INFO]best epoch: 429, best loss: 0.001105
[2025-02-21 09:03:27;INFO]----------------------------------------------------------------------------------------------------

[2025-02-21 09:03:27;INFO]Current Epoch: 438 / 500 | Learning Rate : 0.0008535533905929044
[2025-02-21 09:03:29;INFO]Train | Loss : 0.000919 | ACC : 3150/3150 (100.000%)
[2025-02-21 09:03:29;INFO]Valid | Loss : 0.001384 | ACC : 1350/1350 (100.000%)
[2025-02-21 09:03:29;INFO]      | Loss didn't drop!

[2025-02-21 09:03:29;INFO]best epoch: 429, best loss: 0.001105
[2025-02-21 09:03:29;INFO]----------------------------------------------------------------------------------------------------

[2025-02-21 09:03:29;INFO]Current Epoch: 439 / 500 | Learning Rate : 0.0004999999999998652
[2025-02-21 09:03:31;INFO]Train | Loss : 0.000963 | ACC : 3150/3150 (100.000%)
[2025-02-21 09:03:31;INFO]Valid | Loss : 0.001696 | ACC : 1350/1350 (100.000%)
[2025-02-21 09:03:31;INFO]      | Loss didn't drop!

[2025-02-21 09:03:31;INFO]best epoch: 429, best loss: 0.001105
[2025-02-21 09:03:31;INFO]----------------------------------------------------------------------------------------------------

[2025-02-21 09:03:31;INFO]Current Epoch: 440 / 500 | Learning Rate : 0.00014644660940670175
[2025-02-21 09:03:33;INFO]Train | Loss : 0.000894 | ACC : 3150/3150 (100.000%)
[2025-02-21 09:03:33;INFO]Valid | Loss : 0.001050 | ACC : 1350/1350 (100.000%)
[2025-02-21 09:03:33;INFO]      | Loss dropped from 0.001105 to 0.001050, model has been saved!

[2025-02-21 09:03:33;INFO]best epoch: 440, best loss: 0.001050
[2025-02-21 09:03:33;INFO]----------------------------------------------------------------------------------------------------

[2025-02-21 09:03:33;INFO]Current Epoch: 441 / 500 | Learning Rate : 0.0010000000000001624
[2025-02-21 09:03:35;INFO]Train | Loss : 0.000922 | ACC : 3150/3150 (100.000%)
[2025-02-21 09:03:35;INFO]Valid | Loss : 0.001291 | ACC : 1350/1350 (100.000%)
[2025-02-21 09:03:35;INFO]      | Loss didn't drop!

[2025-02-21 09:03:35;INFO]best epoch: 440, best loss: 0.001050
[2025-02-21 09:03:35;INFO]----------------------------------------------------------------------------------------------------

[2025-02-21 09:03:35;INFO]Current Epoch: 442 / 500 | Learning Rate : 0.0001464466094071925
[2025-02-21 09:03:37;INFO]Train | Loss : 0.000902 | ACC : 3150/3150 (100.000%)
[2025-02-21 09:03:38;INFO]Valid | Loss : 0.001217 | ACC : 1350/1350 (100.000%)
[2025-02-21 09:03:38;INFO]      | Loss didn't drop!

[2025-02-21 09:03:38;INFO]best epoch: 440, best loss: 0.001050
[2025-02-21 09:03:38;INFO]----------------------------------------------------------------------------------------------------

[2025-02-21 09:03:38;INFO]Current Epoch: 443 / 500 | Learning Rate : 0.0005000000000016008
[2025-02-21 09:03:39;INFO]Train | Loss : 0.000953 | ACC : 3150/3150 (100.000%)
[2025-02-21 09:03:40;INFO]Valid | Loss : 0.001307 | ACC : 1350/1350 (100.000%)
[2025-02-21 09:03:40;INFO]      | Loss didn't drop!

[2025-02-21 09:03:40;INFO]best epoch: 440, best loss: 0.001050
[2025-02-21 09:03:40;INFO]----------------------------------------------------------------------------------------------------

[2025-02-21 09:03:40;INFO]Current Epoch: 444 / 500 | Learning Rate : 0.0008535533905962943
[2025-02-21 09:03:42;INFO]Train | Loss : 0.000895 | ACC : 3150/3150 (100.000%)
[2025-02-21 09:03:42;INFO]Valid | Loss : 0.001408 | ACC : 1349/1350 (99.926%)
[2025-02-21 09:03:42;INFO]      | Loss didn't drop!

[2025-02-21 09:03:42;INFO]best epoch: 440, best loss: 0.001050
[2025-02-21 09:03:42;INFO]----------------------------------------------------------------------------------------------------

[2025-02-21 09:03:42;INFO]Current Epoch: 445 / 500 | Learning Rate : 0.0
[2025-02-21 09:03:44;INFO]Train | Loss : 0.000869 | ACC : 3150/3150 (100.000%)
[2025-02-21 09:03:44;INFO]Valid | Loss : 0.001894 | ACC : 1349/1350 (99.926%)
[2025-02-21 09:03:44;INFO]      | Loss didn't drop!

[2025-02-21 09:03:44;INFO]best epoch: 440, best loss: 0.001050
[2025-02-21 09:03:44;INFO]----------------------------------------------------------------------------------------------------

[2025-02-21 09:03:44;INFO]Current Epoch: 446 / 500 | Learning Rate : 0.0008535533905916495
[2025-02-21 09:03:46;INFO]Train | Loss : 0.000863 | ACC : 3150/3150 (100.000%)
[2025-02-21 09:03:46;INFO]Valid | Loss : 0.001137 | ACC : 1350/1350 (100.000%)
[2025-02-21 09:03:46;INFO]      | Loss didn't drop!

[2025-02-21 09:03:46;INFO]best epoch: 440, best loss: 0.001050
[2025-02-21 09:03:46;INFO]----------------------------------------------------------------------------------------------------

[2025-02-21 09:03:46;INFO]Current Epoch: 447 / 500 | Learning Rate : 0.0005000000000006105
[2025-02-21 09:03:48;INFO]Train | Loss : 0.000814 | ACC : 3150/3150 (100.000%)
[2025-02-21 09:03:48;INFO]Valid | Loss : 0.001146 | ACC : 1350/1350 (100.000%)
[2025-02-21 09:03:48;INFO]      | Loss didn't drop!

[2025-02-21 09:03:48;INFO]best epoch: 440, best loss: 0.001050
[2025-02-21 09:03:48;INFO]----------------------------------------------------------------------------------------------------

[2025-02-21 09:03:48;INFO]Current Epoch: 448 / 500 | Learning Rate : 0.0001464466094069407
[2025-02-21 09:03:50;INFO]Train | Loss : 0.000812 | ACC : 3150/3150 (100.000%)
[2025-02-21 09:03:51;INFO]Valid | Loss : 0.001278 | ACC : 1350/1350 (100.000%)
[2025-02-21 09:03:51;INFO]      | Loss didn't drop!

[2025-02-21 09:03:51;INFO]best epoch: 440, best loss: 0.001050
[2025-02-21 09:03:51;INFO]----------------------------------------------------------------------------------------------------

[2025-02-21 09:03:51;INFO]Current Epoch: 449 / 500 | Learning Rate : 0.0010000000000015329
[2025-02-21 09:03:52;INFO]Train | Loss : 0.000844 | ACC : 3150/3150 (100.000%)
[2025-02-21 09:03:53;INFO]Valid | Loss : 0.001544 | ACC : 1349/1350 (99.926%)
[2025-02-21 09:03:53;INFO]      | Loss didn't drop!

[2025-02-21 09:03:53;INFO]best epoch: 440, best loss: 0.001050
[2025-02-21 09:03:53;INFO]----------------------------------------------------------------------------------------------------

[2025-02-21 09:03:53;INFO]Current Epoch: 450 / 500 | Learning Rate : 0.00014644660940693122
[2025-02-21 09:03:54;INFO]Train | Loss : 0.000802 | ACC : 3150/3150 (100.000%)
[2025-02-21 09:03:55;INFO]Valid | Loss : 0.001088 | ACC : 1350/1350 (100.000%)
[2025-02-21 09:03:55;INFO]      | Loss didn't drop!

[2025-02-21 09:03:55;INFO]best epoch: 440, best loss: 0.001050
[2025-02-21 09:03:55;INFO]----------------------------------------------------------------------------------------------------

[2025-02-21 09:03:55;INFO]Current Epoch: 451 / 500 | Learning Rate : 0.0005000000000008926
[2025-02-21 09:03:57;INFO]Train | Loss : 0.000825 | ACC : 3150/3150 (100.000%)
[2025-02-21 09:03:57;INFO]Valid | Loss : 0.001358 | ACC : 1349/1350 (99.926%)
[2025-02-21 09:03:57;INFO]      | Loss didn't drop!

[2025-02-21 09:03:57;INFO]best epoch: 440, best loss: 0.001050
[2025-02-21 09:03:57;INFO]----------------------------------------------------------------------------------------------------

[2025-02-21 09:03:57;INFO]Current Epoch: 452 / 500 | Learning Rate : 0.0008535533905949631
[2025-02-21 09:03:59;INFO]Train | Loss : 0.000841 | ACC : 3150/3150 (100.000%)
[2025-02-21 09:03:59;INFO]Valid | Loss : 0.001398 | ACC : 1349/1350 (99.926%)
[2025-02-21 09:03:59;INFO]      | Loss didn't drop!

[2025-02-21 09:03:59;INFO]best epoch: 440, best loss: 0.001050
[2025-02-21 09:03:59;INFO]----------------------------------------------------------------------------------------------------

[2025-02-21 09:03:59;INFO]Current Epoch: 453 / 500 | Learning Rate : 0.0
[2025-02-21 09:04:01;INFO]Train | Loss : 0.000821 | ACC : 3150/3150 (100.000%)
[2025-02-21 09:04:01;INFO]Valid | Loss : 0.001395 | ACC : 1349/1350 (99.926%)
[2025-02-21 09:04:01;INFO]      | Loss didn't drop!

[2025-02-21 09:04:01;INFO]best epoch: 440, best loss: 0.001050
[2025-02-21 09:04:01;INFO]----------------------------------------------------------------------------------------------------

[2025-02-21 09:04:01;INFO]Current Epoch: 454 / 500 | Learning Rate : 0.0008535533905929385
[2025-02-21 09:04:03;INFO]Train | Loss : 0.000798 | ACC : 3150/3150 (100.000%)
[2025-02-21 09:04:04;INFO]Valid | Loss : 0.001096 | ACC : 1350/1350 (100.000%)
[2025-02-21 09:04:04;INFO]      | Loss didn't drop!

[2025-02-21 09:04:04;INFO]best epoch: 440, best loss: 0.001050
[2025-02-21 09:04:04;INFO]----------------------------------------------------------------------------------------------------

[2025-02-21 09:04:04;INFO]Current Epoch: 455 / 500 | Learning Rate : 0.0004999999999997947
[2025-02-21 09:04:05;INFO]Train | Loss : 0.000782 | ACC : 3150/3150 (100.000%)
[2025-02-21 09:04:06;INFO]Valid | Loss : 0.000958 | ACC : 1350/1350 (100.000%)
[2025-02-21 09:04:06;INFO]      | Loss dropped from 0.001050 to 0.000958, model has been saved!

[2025-02-21 09:04:06;INFO]best epoch: 455, best loss: 0.000958
[2025-02-21 09:04:06;INFO]----------------------------------------------------------------------------------------------------

[2025-02-21 09:04:06;INFO]Current Epoch: 456 / 500 | Learning Rate : 0.0001464466094066752
[2025-02-21 09:04:07;INFO]Train | Loss : 0.000781 | ACC : 3150/3150 (100.000%)
[2025-02-21 09:04:08;INFO]Valid | Loss : 0.001169 | ACC : 1350/1350 (100.000%)
[2025-02-21 09:04:08;INFO]      | Loss didn't drop!

[2025-02-21 09:04:08;INFO]best epoch: 455, best loss: 0.000958
[2025-02-21 09:04:08;INFO]----------------------------------------------------------------------------------------------------

[2025-02-21 09:04:08;INFO]Current Epoch: 457 / 500 | Learning Rate : 0.0010000000000000087
[2025-02-21 09:04:10;INFO]Train | Loss : 0.000761 | ACC : 3150/3150 (100.000%)
[2025-02-21 09:04:10;INFO]Valid | Loss : 0.001184 | ACC : 1350/1350 (100.000%)
[2025-02-21 09:04:10;INFO]      | Loss didn't drop!

[2025-02-21 09:04:10;INFO]best epoch: 455, best loss: 0.000958
[2025-02-21 09:04:10;INFO]----------------------------------------------------------------------------------------------------

[2025-02-21 09:04:10;INFO]Current Epoch: 458 / 500 | Learning Rate : 0.00014644660940675157
[2025-02-21 09:04:12;INFO]Train | Loss : 0.000754 | ACC : 3150/3150 (100.000%)
[2025-02-21 09:04:12;INFO]Valid | Loss : 0.001093 | ACC : 1350/1350 (100.000%)
[2025-02-21 09:04:12;INFO]      | Loss didn't drop!

[2025-02-21 09:04:12;INFO]best epoch: 455, best loss: 0.000958
[2025-02-21 09:04:12;INFO]----------------------------------------------------------------------------------------------------

[2025-02-21 09:04:12;INFO]Current Epoch: 459 / 500 | Learning Rate : 0.0005000000000000751
[2025-02-21 09:04:14;INFO]Train | Loss : 0.000773 | ACC : 3150/3150 (100.000%)
[2025-02-21 09:04:14;INFO]Valid | Loss : 0.000919 | ACC : 1350/1350 (100.000%)
[2025-02-21 09:04:14;INFO]      | Loss dropped from 0.000958 to 0.000919, model has been saved!

[2025-02-21 09:04:14;INFO]best epoch: 459, best loss: 0.000919
[2025-02-21 09:04:14;INFO]----------------------------------------------------------------------------------------------------

[2025-02-21 09:04:14;INFO]Current Epoch: 460 / 500 | Learning Rate : 0.0008535533905961748
[2025-02-21 09:04:16;INFO]Train | Loss : 0.000755 | ACC : 3150/3150 (100.000%)
[2025-02-21 09:04:17;INFO]Valid | Loss : 0.001219 | ACC : 1349/1350 (99.926%)
[2025-02-21 09:04:17;INFO]      | Loss didn't drop!

[2025-02-21 09:04:17;INFO]best epoch: 459, best loss: 0.000919
[2025-02-21 09:04:17;INFO]----------------------------------------------------------------------------------------------------

[2025-02-21 09:04:17;INFO]Current Epoch: 461 / 500 | Learning Rate : 0.0
[2025-02-21 09:04:18;INFO]Train | Loss : 0.000745 | ACC : 3150/3150 (100.000%)
[2025-02-21 09:04:19;INFO]Valid | Loss : 0.001523 | ACC : 1349/1350 (99.926%)
[2025-02-21 09:04:19;INFO]      | Loss didn't drop!

[2025-02-21 09:04:19;INFO]best epoch: 459, best loss: 0.000919
[2025-02-21 09:04:19;INFO]----------------------------------------------------------------------------------------------------

[2025-02-21 09:04:19;INFO]Current Epoch: 462 / 500 | Learning Rate : 0.0008535533905965286
[2025-02-21 09:04:20;INFO]Train | Loss : 0.000718 | ACC : 3150/3150 (100.000%)
[2025-02-21 09:04:21;INFO]Valid | Loss : 0.001438 | ACC : 1349/1350 (99.926%)
[2025-02-21 09:04:21;INFO]      | Loss didn't drop!

[2025-02-21 09:04:21;INFO]best epoch: 459, best loss: 0.000919
[2025-02-21 09:04:21;INFO]----------------------------------------------------------------------------------------------------

[2025-02-21 09:04:21;INFO]Current Epoch: 463 / 500 | Learning Rate : 0.000499999999999097
[2025-02-21 09:04:23;INFO]Train | Loss : 0.000681 | ACC : 3150/3150 (100.000%)
[2025-02-21 09:04:23;INFO]Valid | Loss : 0.001027 | ACC : 1350/1350 (100.000%)
[2025-02-21 09:04:23;INFO]      | Loss didn't drop!

[2025-02-21 09:04:23;INFO]best epoch: 459, best loss: 0.000919
[2025-02-21 09:04:23;INFO]----------------------------------------------------------------------------------------------------

[2025-02-21 09:04:23;INFO]Current Epoch: 464 / 500 | Learning Rate : 0.00014644660940641105
[2025-02-21 09:04:25;INFO]Train | Loss : 0.000694 | ACC : 3150/3150 (100.000%)
[2025-02-21 09:04:25;INFO]Valid | Loss : 0.001264 | ACC : 1349/1350 (99.926%)
[2025-02-21 09:04:25;INFO]      | Loss didn't drop!

[2025-02-21 09:04:25;INFO]best epoch: 459, best loss: 0.000919
[2025-02-21 09:04:25;INFO]----------------------------------------------------------------------------------------------------

[2025-02-21 09:04:25;INFO]Current Epoch: 465 / 500 | Learning Rate : 0.00100000000000138
[2025-02-21 09:04:27;INFO]Train | Loss : 0.000741 | ACC : 3150/3150 (100.000%)
[2025-02-21 09:04:27;INFO]Valid | Loss : 0.001321 | ACC : 1349/1350 (99.926%)
[2025-02-21 09:04:27;INFO]      | Loss didn't drop!

[2025-02-21 09:04:27;INFO]best epoch: 459, best loss: 0.000919
[2025-02-21 09:04:27;INFO]----------------------------------------------------------------------------------------------------

[2025-02-21 09:04:27;INFO]Current Epoch: 466 / 500 | Learning Rate : 0.00014644660940699465
[2025-02-21 09:04:29;INFO]Train | Loss : 0.000659 | ACC : 3150/3150 (100.000%)
[2025-02-21 09:04:30;INFO]Valid | Loss : 0.001125 | ACC : 1349/1350 (99.926%)
[2025-02-21 09:04:30;INFO]      | Loss didn't drop!

[2025-02-21 09:04:30;INFO]best epoch: 459, best loss: 0.000919
[2025-02-21 09:04:30;INFO]----------------------------------------------------------------------------------------------------

[2025-02-21 09:04:30;INFO]Current Epoch: 467 / 500 | Learning Rate : 0.0005000000000009285
[2025-02-21 09:04:31;INFO]Train | Loss : 0.000701 | ACC : 3150/3150 (100.000%)
[2025-02-21 09:04:32;INFO]Valid | Loss : 0.001362 | ACC : 1349/1350 (99.926%)
[2025-02-21 09:04:32;INFO]      | Loss didn't drop!

[2025-02-21 09:04:32;INFO]best epoch: 459, best loss: 0.000919
[2025-02-21 09:04:32;INFO]----------------------------------------------------------------------------------------------------

[2025-02-21 09:04:32;INFO]Current Epoch: 468 / 500 | Learning Rate : 0.0008535533905949166
[2025-02-21 09:04:33;INFO]Train | Loss : 0.000687 | ACC : 3150/3150 (100.000%)
[2025-02-21 09:04:34;INFO]Valid | Loss : 0.001151 | ACC : 1349/1350 (99.926%)
[2025-02-21 09:04:34;INFO]      | Loss didn't drop!

[2025-02-21 09:04:34;INFO]best epoch: 459, best loss: 0.000919
[2025-02-21 09:04:34;INFO]----------------------------------------------------------------------------------------------------

[2025-02-21 09:04:34;INFO]Current Epoch: 469 / 500 | Learning Rate : 0.0
[2025-02-21 09:04:36;INFO]Train | Loss : 0.000751 | ACC : 3150/3150 (100.000%)
[2025-02-21 09:04:36;INFO]Valid | Loss : 0.001781 | ACC : 1349/1350 (99.926%)
[2025-02-21 09:04:36;INFO]      | Loss didn't drop!

[2025-02-21 09:04:36;INFO]best epoch: 459, best loss: 0.000919
[2025-02-21 09:04:36;INFO]----------------------------------------------------------------------------------------------------

[2025-02-21 09:04:36;INFO]Current Epoch: 470 / 500 | Learning Rate : 0.0008535533905951854
[2025-02-21 09:04:38;INFO]Train | Loss : 0.000647 | ACC : 3150/3150 (100.000%)
[2025-02-21 09:04:38;INFO]Valid | Loss : 0.001133 | ACC : 1350/1350 (100.000%)
[2025-02-21 09:04:38;INFO]      | Loss didn't drop!

[2025-02-21 09:04:38;INFO]best epoch: 459, best loss: 0.000919
[2025-02-21 09:04:38;INFO]----------------------------------------------------------------------------------------------------

[2025-02-21 09:04:38;INFO]Current Epoch: 471 / 500 | Learning Rate : 0.000499999999999724
[2025-02-21 09:04:40;INFO]Train | Loss : 0.000693 | ACC : 3150/3150 (100.000%)
[2025-02-21 09:04:40;INFO]Valid | Loss : 0.001005 | ACC : 1350/1350 (100.000%)
[2025-02-21 09:04:40;INFO]      | Loss didn't drop!

[2025-02-21 09:04:40;INFO]best epoch: 459, best loss: 0.000919
[2025-02-21 09:04:40;INFO]----------------------------------------------------------------------------------------------------

[2025-02-21 09:04:40;INFO]Current Epoch: 472 / 500 | Learning Rate : 0.00014644660940664868
[2025-02-21 09:04:42;INFO]Train | Loss : 0.000602 | ACC : 3150/3150 (100.000%)
[2025-02-21 09:04:43;INFO]Valid | Loss : 0.000989 | ACC : 1350/1350 (100.000%)
[2025-02-21 09:04:43;INFO]      | Loss didn't drop!

[2025-02-21 09:04:43;INFO]best epoch: 459, best loss: 0.000919
[2025-02-21 09:04:43;INFO]----------------------------------------------------------------------------------------------------

[2025-02-21 09:04:43;INFO]Current Epoch: 473 / 500 | Learning Rate : 0.0009999999999998647
[2025-02-21 09:04:44;INFO]Train | Loss : 0.000636 | ACC : 3150/3150 (100.000%)
[2025-02-21 09:04:45;INFO]Valid | Loss : 0.001428 | ACC : 1350/1350 (100.000%)
[2025-02-21 09:04:45;INFO]      | Loss didn't drop!

[2025-02-21 09:04:45;INFO]best epoch: 459, best loss: 0.000919
[2025-02-21 09:04:45;INFO]----------------------------------------------------------------------------------------------------

[2025-02-21 09:04:45;INFO]Current Epoch: 474 / 500 | Learning Rate : 0.0001464466094067333
[2025-02-21 09:04:46;INFO]Train | Loss : 0.000619 | ACC : 3150/3150 (100.000%)
[2025-02-21 09:04:47;INFO]Valid | Loss : 0.000965 | ACC : 1350/1350 (100.000%)
[2025-02-21 09:04:47;INFO]      | Loss didn't drop!

[2025-02-21 09:04:47;INFO]best epoch: 459, best loss: 0.000919
[2025-02-21 09:04:47;INFO]----------------------------------------------------------------------------------------------------

[2025-02-21 09:04:47;INFO]Current Epoch: 475 / 500 | Learning Rate : 0.0005000000000002201
[2025-02-21 09:04:49;INFO]Train | Loss : 0.000656 | ACC : 3150/3150 (100.000%)
[2025-02-21 09:04:49;INFO]Valid | Loss : 0.001109 | ACC : 1350/1350 (100.000%)
[2025-02-21 09:04:49;INFO]      | Loss didn't drop!

[2025-02-21 09:04:49;INFO]best epoch: 459, best loss: 0.000919
[2025-02-21 09:04:49;INFO]----------------------------------------------------------------------------------------------------

[2025-02-21 09:04:49;INFO]Current Epoch: 476 / 500 | Learning Rate : 0.0008535533905935852
[2025-02-21 09:04:51;INFO]Train | Loss : 0.000613 | ACC : 3150/3150 (100.000%)
[2025-02-21 09:04:51;INFO]Valid | Loss : 0.001034 | ACC : 1350/1350 (100.000%)
[2025-02-21 09:04:51;INFO]      | Loss didn't drop!

[2025-02-21 09:04:51;INFO]best epoch: 459, best loss: 0.000919
[2025-02-21 09:04:51;INFO]----------------------------------------------------------------------------------------------------

[2025-02-21 09:04:51;INFO]Current Epoch: 477 / 500 | Learning Rate : 0.0
[2025-02-21 09:04:53;INFO]Train | Loss : 0.000618 | ACC : 3150/3150 (100.000%)
[2025-02-21 09:04:53;INFO]Valid | Loss : 0.001063 | ACC : 1350/1350 (100.000%)
[2025-02-21 09:04:53;INFO]      | Loss didn't drop!

[2025-02-21 09:04:53;INFO]best epoch: 459, best loss: 0.000919
[2025-02-21 09:04:53;INFO]----------------------------------------------------------------------------------------------------

[2025-02-21 09:04:53;INFO]Current Epoch: 478 / 500 | Learning Rate : 0.0008535533905963937
[2025-02-21 09:04:55;INFO]Train | Loss : 0.000614 | ACC : 3150/3150 (100.000%)
[2025-02-21 09:04:56;INFO]Valid | Loss : 0.001324 | ACC : 1349/1350 (99.926%)
[2025-02-21 09:04:56;INFO]      | Loss didn't drop!

[2025-02-21 09:04:56;INFO]best epoch: 459, best loss: 0.000919
[2025-02-21 09:04:56;INFO]----------------------------------------------------------------------------------------------------

[2025-02-21 09:04:56;INFO]Current Epoch: 479 / 500 | Learning Rate : 0.000499999999999026
[2025-02-21 09:04:57;INFO]Train | Loss : 0.000591 | ACC : 3150/3150 (100.000%)
[2025-02-21 09:04:58;INFO]Valid | Loss : 0.001159 | ACC : 1349/1350 (99.926%)
[2025-02-21 09:04:58;INFO]      | Loss didn't drop!

[2025-02-21 09:04:58;INFO]best epoch: 459, best loss: 0.000919
[2025-02-21 09:04:58;INFO]----------------------------------------------------------------------------------------------------

[2025-02-21 09:04:58;INFO]Current Epoch: 480 / 500 | Learning Rate : 0.0001464466094065452
[2025-02-21 09:04:59;INFO]Train | Loss : 0.000616 | ACC : 3150/3150 (100.000%)
[2025-02-21 09:05:00;INFO]Valid | Loss : 0.001041 | ACC : 1350/1350 (100.000%)
[2025-02-21 09:05:00;INFO]      | Loss didn't drop!

[2025-02-21 09:05:00;INFO]best epoch: 459, best loss: 0.000919
[2025-02-21 09:05:00;INFO]----------------------------------------------------------------------------------------------------

[2025-02-21 09:05:00;INFO]Current Epoch: 481 / 500 | Learning Rate : 0.0009999999999983408
[2025-02-21 09:05:02;INFO]Train | Loss : 0.000553 | ACC : 3150/3150 (100.000%)
[2025-02-21 09:05:02;INFO]Valid | Loss : 0.001061 | ACC : 1349/1350 (99.926%)
[2025-02-21 09:05:02;INFO]      | Loss didn't drop!

[2025-02-21 09:05:02;INFO]best epoch: 459, best loss: 0.000919
[2025-02-21 09:05:02;INFO]----------------------------------------------------------------------------------------------------

[2025-02-21 09:05:02;INFO]Current Epoch: 482 / 500 | Learning Rate : 0.00014644660940697635
[2025-02-21 09:05:04;INFO]Train | Loss : 0.000608 | ACC : 3150/3150 (100.000%)
[2025-02-21 09:05:04;INFO]Valid | Loss : 0.001103 | ACC : 1349/1350 (99.926%)
[2025-02-21 09:05:04;INFO]      | Loss didn't drop!

[2025-02-21 09:05:04;INFO]best epoch: 459, best loss: 0.000919
[2025-02-21 09:05:04;INFO]----------------------------------------------------------------------------------------------------

[2025-02-21 09:05:04;INFO]Current Epoch: 483 / 500 | Learning Rate : 0.0005000000000008458
[2025-02-21 09:05:06;INFO]Train | Loss : 0.000563 | ACC : 3150/3150 (100.000%)
[2025-02-21 09:05:06;INFO]Valid | Loss : 0.001186 | ACC : 1349/1350 (99.926%)
[2025-02-21 09:05:06;INFO]      | Loss didn't drop!

[2025-02-21 09:05:06;INFO]best epoch: 459, best loss: 0.000919
[2025-02-21 09:05:06;INFO]----------------------------------------------------------------------------------------------------

[2025-02-21 09:05:06;INFO]Current Epoch: 484 / 500 | Learning Rate : 0.0008535533905947983
[2025-02-21 09:05:08;INFO]Train | Loss : 0.000554 | ACC : 3150/3150 (100.000%)
[2025-02-21 09:05:08;INFO]Valid | Loss : 0.000903 | ACC : 1350/1350 (100.000%)
[2025-02-21 09:05:09;INFO]      | Loss dropped from 0.000919 to 0.000903, model has been saved!

[2025-02-21 09:05:09;INFO]best epoch: 484, best loss: 0.000903
[2025-02-21 09:05:09;INFO]----------------------------------------------------------------------------------------------------

[2025-02-21 09:05:09;INFO]Current Epoch: 485 / 500 | Learning Rate : 0.0
[2025-02-21 09:05:10;INFO]Train | Loss : 0.000576 | ACC : 3150/3150 (100.000%)
[2025-02-21 09:05:11;INFO]Valid | Loss : 0.000825 | ACC : 1350/1350 (100.000%)
[2025-02-21 09:05:11;INFO]      | Loss dropped from 0.000903 to 0.000825, model has been saved!

[2025-02-21 09:05:11;INFO]best epoch: 485, best loss: 0.000825
[2025-02-21 09:05:11;INFO]----------------------------------------------------------------------------------------------------

[2025-02-21 09:05:11;INFO]Current Epoch: 486 / 500 | Learning Rate : 0.0008535533905950582
[2025-02-21 09:05:12;INFO]Train | Loss : 0.000539 | ACC : 3150/3150 (100.000%)
[2025-02-21 09:05:13;INFO]Valid | Loss : 0.000984 | ACC : 1350/1350 (100.000%)
[2025-02-21 09:05:13;INFO]      | Loss didn't drop!

[2025-02-21 09:05:13;INFO]best epoch: 485, best loss: 0.000825
[2025-02-21 09:05:13;INFO]----------------------------------------------------------------------------------------------------

[2025-02-21 09:05:13;INFO]Current Epoch: 487 / 500 | Learning Rate : 0.0005000000000012141
[2025-02-21 09:05:15;INFO]Train | Loss : 0.000584 | ACC : 3150/3150 (100.000%)
[2025-02-21 09:05:15;INFO]Valid | Loss : 0.000868 | ACC : 1350/1350 (100.000%)
[2025-02-21 09:05:15;INFO]      | Loss didn't drop!

[2025-02-21 09:05:15;INFO]best epoch: 485, best loss: 0.000825
[2025-02-21 09:05:15;INFO]----------------------------------------------------------------------------------------------------

[2025-02-21 09:05:15;INFO]Current Epoch: 488 / 500 | Learning Rate : 0.00014644660940712627
[2025-02-21 09:05:17;INFO]Train | Loss : 0.000548 | ACC : 3150/3150 (100.000%)
[2025-02-21 09:05:17;INFO]Valid | Loss : 0.000935 | ACC : 1350/1350 (100.000%)
[2025-02-21 09:05:17;INFO]      | Loss didn't drop!

[2025-02-21 09:05:17;INFO]best epoch: 485, best loss: 0.000825
[2025-02-21 09:05:17;INFO]----------------------------------------------------------------------------------------------------

[2025-02-21 09:05:17;INFO]Current Epoch: 489 / 500 | Learning Rate : 0.0009999999999997112
[2025-02-21 09:05:19;INFO]Train | Loss : 0.000550 | ACC : 3150/3150 (100.000%)
[2025-02-21 09:05:19;INFO]Valid | Loss : 0.001541 | ACC : 1349/1350 (99.926%)
[2025-02-21 09:05:19;INFO]      | Loss didn't drop!

[2025-02-21 09:05:19;INFO]best epoch: 485, best loss: 0.000825
[2025-02-21 09:05:19;INFO]----------------------------------------------------------------------------------------------------

[2025-02-21 09:05:19;INFO]Current Epoch: 490 / 500 | Learning Rate : 0.00014644660940671633
[2025-02-21 09:05:21;INFO]Train | Loss : 0.000523 | ACC : 3150/3150 (100.000%)
[2025-02-21 09:05:21;INFO]Valid | Loss : 0.000911 | ACC : 1350/1350 (100.000%)
[2025-02-21 09:05:21;INFO]      | Loss didn't drop!

[2025-02-21 09:05:21;INFO]best epoch: 485, best loss: 0.000825
[2025-02-21 09:05:21;INFO]----------------------------------------------------------------------------------------------------

[2025-02-21 09:05:21;INFO]Current Epoch: 491 / 500 | Learning Rate : 0.0005000000000000286
[2025-02-21 09:05:23;INFO]Train | Loss : 0.000554 | ACC : 3150/3150 (100.000%)
[2025-02-21 09:05:24;INFO]Valid | Loss : 0.000959 | ACC : 1350/1350 (100.000%)
[2025-02-21 09:05:24;INFO]      | Loss didn't drop!

[2025-02-21 09:05:24;INFO]best epoch: 485, best loss: 0.000825
[2025-02-21 09:05:24;INFO]----------------------------------------------------------------------------------------------------

[2025-02-21 09:05:24;INFO]Current Epoch: 492 / 500 | Learning Rate : 0.0008535533905934587
[2025-02-21 09:05:25;INFO]Train | Loss : 0.000510 | ACC : 3150/3150 (100.000%)
[2025-02-21 09:05:26;INFO]Valid | Loss : 0.001185 | ACC : 1350/1350 (100.000%)
[2025-02-21 09:05:26;INFO]      | Loss didn't drop!

[2025-02-21 09:05:26;INFO]best epoch: 485, best loss: 0.000825
[2025-02-21 09:05:26;INFO]----------------------------------------------------------------------------------------------------

[2025-02-21 09:05:26;INFO]Current Epoch: 493 / 500 | Learning Rate : 0.0
[2025-02-21 09:05:28;INFO]Train | Loss : 0.000516 | ACC : 3150/3150 (100.000%)
[2025-02-21 09:05:28;INFO]Valid | Loss : 0.000916 | ACC : 1350/1350 (100.000%)
[2025-02-21 09:05:28;INFO]      | Loss didn't drop!

[2025-02-21 09:05:28;INFO]best epoch: 485, best loss: 0.000825
[2025-02-21 09:05:28;INFO]----------------------------------------------------------------------------------------------------

[2025-02-21 09:05:28;INFO]Current Epoch: 494 / 500 | Learning Rate : 0.0008535533905937962
[2025-02-21 09:05:30;INFO]Train | Loss : 0.000515 | ACC : 3150/3150 (100.000%)
[2025-02-21 09:05:30;INFO]Valid | Loss : 0.000923 | ACC : 1350/1350 (100.000%)
[2025-02-21 09:05:30;INFO]      | Loss didn't drop!

[2025-02-21 09:05:30;INFO]best epoch: 485, best loss: 0.000825
[2025-02-21 09:05:30;INFO]----------------------------------------------------------------------------------------------------

[2025-02-21 09:05:30;INFO]Current Epoch: 495 / 500 | Learning Rate : 0.0005000000000018454
[2025-02-21 09:05:32;INFO]Train | Loss : 0.000546 | ACC : 3150/3150 (100.000%)
[2025-02-21 09:05:32;INFO]Valid | Loss : 0.000864 | ACC : 1350/1350 (100.000%)
[2025-02-21 09:05:32;INFO]      | Loss didn't drop!

[2025-02-21 09:05:32;INFO]best epoch: 485, best loss: 0.000825
[2025-02-21 09:05:32;INFO]----------------------------------------------------------------------------------------------------

[2025-02-21 09:05:32;INFO]Current Epoch: 496 / 500 | Learning Rate : 0.0001464466094073651
[2025-02-21 09:05:34;INFO]Train | Loss : 0.000510 | ACC : 3150/3150 (100.000%)
[2025-02-21 09:05:34;INFO]Valid | Loss : 0.000780 | ACC : 1350/1350 (100.000%)
[2025-02-21 09:05:34;INFO]      | Loss dropped from 0.000825 to 0.000780, model has been saved!

[2025-02-21 09:05:34;INFO]best epoch: 496, best loss: 0.000780
[2025-02-21 09:05:34;INFO]----------------------------------------------------------------------------------------------------

[2025-02-21 09:05:34;INFO]Current Epoch: 497 / 500 | Learning Rate : 0.0009999999999981966
[2025-02-21 09:05:36;INFO]Train | Loss : 0.000502 | ACC : 3150/3150 (100.000%)
[2025-02-21 09:05:37;INFO]Valid | Loss : 0.001112 | ACC : 1349/1350 (99.926%)
[2025-02-21 09:05:37;INFO]      | Loss didn't drop!

[2025-02-21 09:05:37;INFO]best epoch: 496, best loss: 0.000780
[2025-02-21 09:05:37;INFO]----------------------------------------------------------------------------------------------------

[2025-02-21 09:05:37;INFO]Current Epoch: 498 / 500 | Learning Rate : 0.0001464466094065355
[2025-02-21 09:05:38;INFO]Train | Loss : 0.000491 | ACC : 3150/3150 (100.000%)
[2025-02-21 09:05:39;INFO]Valid | Loss : 0.000942 | ACC : 1350/1350 (100.000%)
[2025-02-21 09:05:39;INFO]      | Loss didn't drop!

[2025-02-21 09:05:39;INFO]best epoch: 496, best loss: 0.000780
[2025-02-21 09:05:39;INFO]----------------------------------------------------------------------------------------------------

[2025-02-21 09:05:39;INFO]Current Epoch: 499 / 500 | Learning Rate : 0.0004999999999993205
[2025-02-21 09:05:41;INFO]Train | Loss : 0.000481 | ACC : 3150/3150 (100.000%)
[2025-02-21 09:05:41;INFO]Valid | Loss : 0.000836 | ACC : 1350/1350 (100.000%)
[2025-02-21 09:05:41;INFO]      | Loss didn't drop!

[2025-02-21 09:05:41;INFO]best epoch: 496, best loss: 0.000780
[2025-02-21 09:05:41;INFO]----------------------------------------------------------------------------------------------------

[2025-02-21 09:05:41;INFO]Current Epoch: 500 / 500 | Learning Rate : 0.000853553390594671
[2025-02-21 09:05:43;INFO]Train | Loss : 0.000479 | ACC : 3150/3150 (100.000%)
[2025-02-21 09:05:43;INFO]Valid | Loss : 0.000872 | ACC : 1350/1350 (100.000%)
[2025-02-21 09:05:43;INFO]      | Loss didn't drop!

[2025-02-21 09:05:43;INFO]best epoch: 496, best loss: 0.000780
[2025-02-21 09:05:43;INFO]----------------------------------------------------------------------------------------------------

[2025-02-21 09:05:43;INFO]Training finished! Best Epoch : 496 | Best Loss : 0.000780


