[2025-02-22 14:51:13;INFO]====================================================================================================
[2025-02-22 14:51:13;INFO]Config
[2025-02-22 14:51:13;INFO]----------------------------------------------------------------------------------------------------
[2025-02-22 14:51:13;INFO]seed : 2025
[2025-02-22 14:51:13;INFO]mode : train
[2025-02-22 14:51:13;INFO]device : cuda
[2025-02-22 14:51:13;INFO]dataset_path : ../../../Datasets
[2025-02-22 14:51:13;INFO]source : {'s': 1, 'ft': 26}
[2025-02-22 14:51:13;INFO]num_classes : 16
[2025-02-22 14:51:13;INFO]backbone : scnn
[2025-02-22 14:51:13;INFO]lr : 0.001
[2025-02-22 14:51:13;INFO]batch_size : 128
[2025-02-22 14:51:13;INFO]train_epochs : 500
[2025-02-22 14:51:13;INFO]root_dir : ./result/wifi_scnn
[2025-02-22 14:51:13;INFO]work_dir : ./result/wifi_scnn/train/s1_26ft
[2025-02-22 14:51:13;INFO]logger : <Logger Logger_train (INFO)>
[2025-02-22 14:51:13;INFO]====================================================================================================


[2025-02-22 14:51:16;INFO]Start training ...
[2025-02-22 14:51:16;INFO]No. train samples: 3360
[2025-02-22 14:51:16;INFO]No. valid samples: 1440
[2025-02-22 14:51:16;INFO]----------------------------------------------------------------------------------------------------

[2025-02-22 14:51:16;INFO]Current Epoch: 1 / 500 | Learning Rate : 0.001
[2025-02-22 14:51:26;INFO]Train | Loss : 2.255339 | ACC : 1289/3360 (38.363%)
[2025-02-22 14:51:27;INFO]Valid | Loss : 2.249938 | ACC : 370/1440 (25.694%)
[2025-02-22 14:51:27;INFO]      | Loss dropped from inf to 2.249938, model has been saved!

[2025-02-22 14:51:27;INFO]best epoch: 1, best loss: 2.249938
[2025-02-22 14:51:27;INFO]----------------------------------------------------------------------------------------------------

[2025-02-22 14:51:27;INFO]Current Epoch: 2 / 500 | Learning Rate : 0.0002730047501302265
[2025-02-22 14:51:42;INFO]Train | Loss : 1.703176 | ACC : 2603/3360 (77.470%)
[2025-02-22 14:51:45;INFO]Valid | Loss : 2.930708 | ACC : 246/1440 (17.083%)
[2025-02-22 14:51:45;INFO]      | Loss didn't drop!

[2025-02-22 14:51:45;INFO]best epoch: 1, best loss: 2.249938
[2025-02-22 14:51:45;INFO]----------------------------------------------------------------------------------------------------

[2025-02-22 14:51:45;INFO]Current Epoch: 3 / 500 | Learning Rate : 0.0002061073738537634
[2025-02-22 14:52:04;INFO]Train | Loss : 1.401973 | ACC : 3104/3360 (92.381%)
[2025-02-22 14:52:06;INFO]Valid | Loss : 2.393835 | ACC : 362/1440 (25.139%)
[2025-02-22 14:52:06;INFO]      | Loss didn't drop!

[2025-02-22 14:52:06;INFO]best epoch: 1, best loss: 2.249938
[2025-02-22 14:52:06;INFO]----------------------------------------------------------------------------------------------------

[2025-02-22 14:52:06;INFO]Current Epoch: 4 / 500 | Learning Rate : 0.0009938441702975601
[2025-02-22 14:52:25;INFO]Train | Loss : 1.165393 | ACC : 3181/3360 (94.673%)
[2025-02-22 14:52:28;INFO]Valid | Loss : 1.273655 | ACC : 1008/1440 (70.000%)
[2025-02-22 14:52:28;INFO]      | Loss dropped from 2.249938 to 1.273655, model has been saved!

[2025-02-22 14:52:28;INFO]best epoch: 4, best loss: 1.273655
[2025-02-22 14:52:28;INFO]----------------------------------------------------------------------------------------------------

[2025-02-22 14:52:28;INFO]Current Epoch: 5 / 500 | Learning Rate : 0.00034549150281252286
[2025-02-22 14:52:47;INFO]Train | Loss : 1.081496 | ACC : 3231/3360 (96.161%)
[2025-02-22 14:52:49;INFO]Valid | Loss : 1.558374 | ACC : 749/1440 (52.014%)
[2025-02-22 14:52:49;INFO]      | Loss didn't drop!

[2025-02-22 14:52:49;INFO]best epoch: 4, best loss: 1.273655
[2025-02-22 14:52:49;INFO]----------------------------------------------------------------------------------------------------

[2025-02-22 14:52:49;INFO]Current Epoch: 6 / 500 | Learning Rate : 0.00014644660940672552
[2025-02-22 14:53:08;INFO]Train | Loss : 0.958168 | ACC : 3281/3360 (97.649%)
[2025-02-22 14:53:11;INFO]Valid | Loss : 3.381291 | ACC : 289/1440 (20.069%)
[2025-02-22 14:53:11;INFO]      | Loss didn't drop!

[2025-02-22 14:53:11;INFO]best epoch: 4, best loss: 1.273655
[2025-02-22 14:53:11;INFO]----------------------------------------------------------------------------------------------------

[2025-02-22 14:53:11;INFO]Current Epoch: 7 / 500 | Learning Rate : 0.0009755282581476215
[2025-02-22 14:53:30;INFO]Train | Loss : 0.900166 | ACC : 3288/3360 (97.857%)
[2025-02-22 14:53:33;INFO]Valid | Loss : 1.646124 | ACC : 618/1440 (42.917%)
[2025-02-22 14:53:33;INFO]      | Loss didn't drop!

[2025-02-22 14:53:33;INFO]best epoch: 4, best loss: 1.273655
[2025-02-22 14:53:33;INFO]----------------------------------------------------------------------------------------------------

[2025-02-22 14:53:33;INFO]Current Epoch: 8 / 500 | Learning Rate : 0.00042178276747988444
[2025-02-22 14:53:51;INFO]Train | Loss : 0.881615 | ACC : 3276/3360 (97.500%)
[2025-02-22 14:53:54;INFO]Valid | Loss : 1.282366 | ACC : 795/1440 (55.208%)
[2025-02-22 14:53:54;INFO]      | Loss didn't drop!

[2025-02-22 14:53:54;INFO]best epoch: 4, best loss: 1.273655
[2025-02-22 14:53:54;INFO]----------------------------------------------------------------------------------------------------

[2025-02-22 14:53:54;INFO]Current Epoch: 9 / 500 | Learning Rate : 9.549150281252665e-05
[2025-02-22 14:54:13;INFO]Train | Loss : 0.764120 | ACC : 3319/3360 (98.780%)
[2025-02-22 14:54:16;INFO]Valid | Loss : 2.679279 | ACC : 492/1440 (34.167%)
[2025-02-22 14:54:16;INFO]      | Loss didn't drop!

[2025-02-22 14:54:16;INFO]best epoch: 4, best loss: 1.273655
[2025-02-22 14:54:16;INFO]----------------------------------------------------------------------------------------------------

[2025-02-22 14:54:16;INFO]Current Epoch: 10 / 500 | Learning Rate : 0.0009455032620941413
[2025-02-22 14:54:35;INFO]Train | Loss : 0.759820 | ACC : 3284/3360 (97.738%)
[2025-02-22 14:54:37;INFO]Valid | Loss : 1.044250 | ACC : 1022/1440 (70.972%)
[2025-02-22 14:54:37;INFO]      | Loss dropped from 1.273655 to 1.044250, model has been saved!

[2025-02-22 14:54:37;INFO]best epoch: 10, best loss: 1.044250
[2025-02-22 14:54:37;INFO]----------------------------------------------------------------------------------------------------

[2025-02-22 14:54:37;INFO]Current Epoch: 11 / 500 | Learning Rate : 0.0005000000000000255
[2025-02-22 14:54:56;INFO]Train | Loss : 0.724879 | ACC : 3314/3360 (98.631%)
[2025-02-22 14:54:59;INFO]Valid | Loss : 0.756631 | ACC : 1321/1440 (91.736%)
[2025-02-22 14:54:59;INFO]      | Loss dropped from 1.044250 to 0.756631, model has been saved!

[2025-02-22 14:54:59;INFO]best epoch: 11, best loss: 0.756631
[2025-02-22 14:54:59;INFO]----------------------------------------------------------------------------------------------------

[2025-02-22 14:54:59;INFO]Current Epoch: 12 / 500 | Learning Rate : 5.4496737905819274e-05
[2025-02-22 14:55:18;INFO]Train | Loss : 0.685918 | ACC : 3307/3360 (98.423%)
[2025-02-22 14:55:21;INFO]Valid | Loss : 0.944836 | ACC : 1116/1440 (77.500%)
[2025-02-22 14:55:21;INFO]      | Loss didn't drop!

[2025-02-22 14:55:21;INFO]best epoch: 11, best loss: 0.756631
[2025-02-22 14:55:21;INFO]----------------------------------------------------------------------------------------------------

[2025-02-22 14:55:21;INFO]Current Epoch: 13 / 500 | Learning Rate : 0.0009045084971875242
[2025-02-22 14:55:40;INFO]Train | Loss : 0.687723 | ACC : 3312/3360 (98.571%)
[2025-02-22 14:55:43;INFO]Valid | Loss : 3.374552 | ACC : 340/1440 (23.611%)
[2025-02-22 14:55:43;INFO]      | Loss didn't drop!

[2025-02-22 14:55:43;INFO]best epoch: 11, best loss: 0.756631
[2025-02-22 14:55:43;INFO]----------------------------------------------------------------------------------------------------

[2025-02-22 14:55:43;INFO]Current Epoch: 14 / 500 | Learning Rate : 0.0005782172325201451
[2025-02-22 14:56:02;INFO]Train | Loss : 0.654085 | ACC : 3314/3360 (98.631%)
[2025-02-22 14:56:04;INFO]Valid | Loss : 1.379575 | ACC : 814/1440 (56.528%)
[2025-02-22 14:56:04;INFO]      | Loss didn't drop!

[2025-02-22 14:56:04;INFO]best epoch: 11, best loss: 0.756631
[2025-02-22 14:56:04;INFO]----------------------------------------------------------------------------------------------------

[2025-02-22 14:56:04;INFO]Current Epoch: 15 / 500 | Learning Rate : 2.4471741852424627e-05
[2025-02-22 14:56:23;INFO]Train | Loss : 0.568253 | ACC : 3341/3360 (99.435%)
[2025-02-22 14:56:26;INFO]Valid | Loss : 1.871185 | ACC : 654/1440 (45.417%)
[2025-02-22 14:56:26;INFO]      | Loss didn't drop!

[2025-02-22 14:56:26;INFO]best epoch: 11, best loss: 0.756631
[2025-02-22 14:56:26;INFO]----------------------------------------------------------------------------------------------------

[2025-02-22 14:56:26;INFO]Current Epoch: 16 / 500 | Learning Rate : 0.0008535533905933295
[2025-02-22 14:56:45;INFO]Train | Loss : 0.530392 | ACC : 3344/3360 (99.524%)
[2025-02-22 14:56:48;INFO]Valid | Loss : 1.595753 | ACC : 789/1440 (54.792%)
[2025-02-22 14:56:48;INFO]      | Loss didn't drop!

[2025-02-22 14:56:48;INFO]best epoch: 11, best loss: 0.756631
[2025-02-22 14:56:48;INFO]----------------------------------------------------------------------------------------------------

[2025-02-22 14:56:48;INFO]Current Epoch: 17 / 500 | Learning Rate : 0.0006545084971875135
[2025-02-22 14:57:07;INFO]Train | Loss : 0.566480 | ACC : 3324/3360 (98.929%)
[2025-02-22 14:57:09;INFO]Valid | Loss : 0.625604 | ACC : 1344/1440 (93.333%)
[2025-02-22 14:57:09;INFO]      | Loss dropped from 0.756631 to 0.625604, model has been saved!

[2025-02-22 14:57:09;INFO]best epoch: 17, best loss: 0.625604
[2025-02-22 14:57:09;INFO]----------------------------------------------------------------------------------------------------

[2025-02-22 14:57:09;INFO]Current Epoch: 18 / 500 | Learning Rate : 6.155829702431559e-06
[2025-02-22 14:57:28;INFO]Train | Loss : 0.514104 | ACC : 3342/3360 (99.464%)
[2025-02-22 14:57:31;INFO]Valid | Loss : 1.070318 | ACC : 983/1440 (68.264%)
[2025-02-22 14:57:31;INFO]      | Loss didn't drop!

[2025-02-22 14:57:31;INFO]best epoch: 17, best loss: 0.625604
[2025-02-22 14:57:31;INFO]----------------------------------------------------------------------------------------------------

[2025-02-22 14:57:31;INFO]Current Epoch: 19 / 500 | Learning Rate : 0.0007938926261462138
[2025-02-22 14:57:50;INFO]Train | Loss : 0.491608 | ACC : 3343/3360 (99.494%)
[2025-02-22 14:57:53;INFO]Valid | Loss : 1.362603 | ACC : 855/1440 (59.375%)
[2025-02-22 14:57:53;INFO]      | Loss didn't drop!

[2025-02-22 14:57:53;INFO]best epoch: 17, best loss: 0.625604
[2025-02-22 14:57:53;INFO]----------------------------------------------------------------------------------------------------

[2025-02-22 14:57:53;INFO]Current Epoch: 20 / 500 | Learning Rate : 0.0007269952498698281
[2025-02-22 14:58:12;INFO]Train | Loss : 0.540806 | ACC : 3315/3360 (98.661%)
[2025-02-22 14:58:14;INFO]Valid | Loss : 0.715961 | ACC : 1235/1440 (85.764%)
[2025-02-22 14:58:14;INFO]      | Loss didn't drop!

[2025-02-22 14:58:14;INFO]best epoch: 17, best loss: 0.625604
[2025-02-22 14:58:14;INFO]----------------------------------------------------------------------------------------------------

[2025-02-22 14:58:14;INFO]Current Epoch: 21 / 500 | Learning Rate : 0.0
[2025-02-22 14:58:33;INFO]Train | Loss : 0.485866 | ACC : 3324/3360 (98.929%)
[2025-02-22 14:58:36;INFO]Valid | Loss : 2.216767 | ACC : 606/1440 (42.083%)
[2025-02-22 14:58:36;INFO]      | Loss didn't drop!

[2025-02-22 14:58:36;INFO]best epoch: 17, best loss: 0.625604
[2025-02-22 14:58:36;INFO]----------------------------------------------------------------------------------------------------

[2025-02-22 14:58:36;INFO]Current Epoch: 22 / 500 | Learning Rate : 0.0007269952498697626
[2025-02-22 14:58:55;INFO]Train | Loss : 0.444252 | ACC : 3347/3360 (99.613%)
[2025-02-22 14:58:58;INFO]Valid | Loss : 3.768979 | ACC : 427/1440 (29.653%)
[2025-02-22 14:58:58;INFO]      | Loss didn't drop!

[2025-02-22 14:58:58;INFO]best epoch: 17, best loss: 0.625604
[2025-02-22 14:58:58;INFO]----------------------------------------------------------------------------------------------------

[2025-02-22 14:58:58;INFO]Current Epoch: 23 / 500 | Learning Rate : 0.000793892626146293
[2025-02-22 14:59:17;INFO]Train | Loss : 0.489488 | ACC : 3330/3360 (99.107%)
[2025-02-22 14:59:19;INFO]Valid | Loss : 0.615848 | ACC : 1228/1440 (85.278%)
[2025-02-22 14:59:20;INFO]      | Loss dropped from 0.625604 to 0.615848, model has been saved!

[2025-02-22 14:59:20;INFO]best epoch: 23, best loss: 0.615848
[2025-02-22 14:59:20;INFO]----------------------------------------------------------------------------------------------------

[2025-02-22 14:59:20;INFO]Current Epoch: 24 / 500 | Learning Rate : 6.155829702431115e-06
[2025-02-22 14:59:39;INFO]Train | Loss : 0.435903 | ACC : 3337/3360 (99.315%)
[2025-02-22 14:59:41;INFO]Valid | Loss : 1.607227 | ACC : 621/1440 (43.125%)
[2025-02-22 14:59:41;INFO]      | Loss didn't drop!

[2025-02-22 14:59:41;INFO]best epoch: 23, best loss: 0.615848
[2025-02-22 14:59:41;INFO]----------------------------------------------------------------------------------------------------

[2025-02-22 14:59:41;INFO]Current Epoch: 25 / 500 | Learning Rate : 0.0006545084971874731
[2025-02-22 15:00:00;INFO]Train | Loss : 0.407168 | ACC : 3339/3360 (99.375%)
[2025-02-22 15:00:03;INFO]Valid | Loss : 3.456142 | ACC : 370/1440 (25.694%)
[2025-02-22 15:00:03;INFO]      | Loss didn't drop!

[2025-02-22 15:00:03;INFO]best epoch: 23, best loss: 0.615848
[2025-02-22 15:00:03;INFO]----------------------------------------------------------------------------------------------------

[2025-02-22 15:00:03;INFO]Current Epoch: 26 / 500 | Learning Rate : 0.0008535533905931913
[2025-02-22 15:00:22;INFO]Train | Loss : 0.408405 | ACC : 3346/3360 (99.583%)
[2025-02-22 15:00:25;INFO]Valid | Loss : 0.463613 | ACC : 1367/1440 (94.931%)
[2025-02-22 15:00:25;INFO]      | Loss dropped from 0.615848 to 0.463613, model has been saved!

[2025-02-22 15:00:25;INFO]best epoch: 26, best loss: 0.463613
[2025-02-22 15:00:25;INFO]----------------------------------------------------------------------------------------------------

[2025-02-22 15:00:25;INFO]Current Epoch: 27 / 500 | Learning Rate : 2.447174185242207e-05
[2025-02-22 15:00:44;INFO]Train | Loss : 0.381849 | ACC : 3351/3360 (99.732%)
[2025-02-22 15:00:46;INFO]Valid | Loss : 1.519130 | ACC : 695/1440 (48.264%)
[2025-02-22 15:00:46;INFO]      | Loss didn't drop!

[2025-02-22 15:00:46;INFO]best epoch: 26, best loss: 0.463613
[2025-02-22 15:00:46;INFO]----------------------------------------------------------------------------------------------------

[2025-02-22 15:00:46;INFO]Current Epoch: 28 / 500 | Learning Rate : 0.0005782172325201193
[2025-02-22 15:01:05;INFO]Train | Loss : 0.364603 | ACC : 3345/3360 (99.554%)
[2025-02-22 15:01:08;INFO]Valid | Loss : 5.469583 | ACC : 379/1440 (26.319%)
[2025-02-22 15:01:08;INFO]      | Loss didn't drop!

[2025-02-22 15:01:08;INFO]best epoch: 26, best loss: 0.463613
[2025-02-22 15:01:08;INFO]----------------------------------------------------------------------------------------------------

[2025-02-22 15:01:08;INFO]Current Epoch: 29 / 500 | Learning Rate : 0.0009045084971873921
[2025-02-22 15:01:27;INFO]Train | Loss : 0.370233 | ACC : 3344/3360 (99.524%)
[2025-02-22 15:01:30;INFO]Valid | Loss : 0.802867 | ACC : 1130/1440 (78.472%)
[2025-02-22 15:01:30;INFO]      | Loss didn't drop!

[2025-02-22 15:01:30;INFO]best epoch: 26, best loss: 0.463613
[2025-02-22 15:01:30;INFO]----------------------------------------------------------------------------------------------------

[2025-02-22 15:01:30;INFO]Current Epoch: 30 / 500 | Learning Rate : 5.449673790581317e-05
[2025-02-22 15:01:49;INFO]Train | Loss : 0.344941 | ACC : 3354/3360 (99.821%)
[2025-02-22 15:01:51;INFO]Valid | Loss : 1.253199 | ACC : 1053/1440 (73.125%)
[2025-02-22 15:01:51;INFO]      | Loss didn't drop!

[2025-02-22 15:01:51;INFO]best epoch: 26, best loss: 0.463613
[2025-02-22 15:01:51;INFO]----------------------------------------------------------------------------------------------------

[2025-02-22 15:01:51;INFO]Current Epoch: 31 / 500 | Learning Rate : 0.0005000000000000051
[2025-02-22 15:02:10;INFO]Train | Loss : 0.320104 | ACC : 3351/3360 (99.732%)
[2025-02-22 15:02:13;INFO]Valid | Loss : 2.064704 | ACC : 702/1440 (48.750%)
[2025-02-22 15:02:13;INFO]      | Loss didn't drop!

[2025-02-22 15:02:13;INFO]best epoch: 26, best loss: 0.463613
[2025-02-22 15:02:13;INFO]----------------------------------------------------------------------------------------------------

[2025-02-22 15:02:13;INFO]Current Epoch: 32 / 500 | Learning Rate : 0.0009455032620944383
[2025-02-22 15:02:32;INFO]Train | Loss : 0.343611 | ACC : 3343/3360 (99.494%)
[2025-02-22 15:02:35;INFO]Valid | Loss : 0.419761 | ACC : 1340/1440 (93.056%)
[2025-02-22 15:02:35;INFO]      | Loss dropped from 0.463613 to 0.419761, model has been saved!

[2025-02-22 15:02:35;INFO]best epoch: 32, best loss: 0.419761
[2025-02-22 15:02:35;INFO]----------------------------------------------------------------------------------------------------

[2025-02-22 15:02:35;INFO]Current Epoch: 33 / 500 | Learning Rate : 9.54915028125428e-05
[2025-02-22 15:02:54;INFO]Train | Loss : 0.321499 | ACC : 3345/3360 (99.554%)
[2025-02-22 15:02:56;INFO]Valid | Loss : 1.527997 | ACC : 855/1440 (59.375%)
[2025-02-22 15:02:56;INFO]      | Loss didn't drop!

[2025-02-22 15:02:56;INFO]best epoch: 32, best loss: 0.419761
[2025-02-22 15:02:56;INFO]----------------------------------------------------------------------------------------------------

[2025-02-22 15:02:56;INFO]Current Epoch: 34 / 500 | Learning Rate : 0.0004217827674799659
[2025-02-22 15:03:15;INFO]Train | Loss : 0.289789 | ACC : 3355/3360 (99.851%)
[2025-02-22 15:03:18;INFO]Valid | Loss : 2.385271 | ACC : 641/1440 (44.514%)
[2025-02-22 15:03:18;INFO]      | Loss didn't drop!

[2025-02-22 15:03:18;INFO]best epoch: 32, best loss: 0.419761
[2025-02-22 15:03:18;INFO]----------------------------------------------------------------------------------------------------

[2025-02-22 15:03:18;INFO]Current Epoch: 35 / 500 | Learning Rate : 0.0009755282581476737
[2025-02-22 15:03:37;INFO]Train | Loss : 0.349579 | ACC : 3341/3360 (99.435%)
[2025-02-22 15:03:40;INFO]Valid | Loss : 0.408363 | ACC : 1381/1440 (95.903%)
[2025-02-22 15:03:40;INFO]      | Loss dropped from 0.419761 to 0.408363, model has been saved!

[2025-02-22 15:03:40;INFO]best epoch: 35, best loss: 0.408363
[2025-02-22 15:03:40;INFO]----------------------------------------------------------------------------------------------------

[2025-02-22 15:03:40;INFO]Current Epoch: 36 / 500 | Learning Rate : 0.00014644660940671826
[2025-02-22 15:03:59;INFO]Train | Loss : 0.320048 | ACC : 3353/3360 (99.792%)
[2025-02-22 15:04:01;INFO]Valid | Loss : 1.631921 | ACC : 848/1440 (58.889%)
[2025-02-22 15:04:01;INFO]      | Loss didn't drop!

[2025-02-22 15:04:01;INFO]best epoch: 35, best loss: 0.408363
[2025-02-22 15:04:01;INFO]----------------------------------------------------------------------------------------------------

[2025-02-22 15:04:01;INFO]Current Epoch: 37 / 500 | Learning Rate : 0.0003454915028125272
[2025-02-22 15:04:20;INFO]Train | Loss : 0.276129 | ACC : 3354/3360 (99.821%)
[2025-02-22 15:04:23;INFO]Valid | Loss : 1.239189 | ACC : 925/1440 (64.236%)
[2025-02-22 15:04:23;INFO]      | Loss didn't drop!

[2025-02-22 15:04:23;INFO]best epoch: 35, best loss: 0.408363
[2025-02-22 15:04:23;INFO]----------------------------------------------------------------------------------------------------

[2025-02-22 15:04:23;INFO]Current Epoch: 38 / 500 | Learning Rate : 0.000993844170297854
[2025-02-22 15:04:42;INFO]Train | Loss : 0.315780 | ACC : 3350/3360 (99.702%)
[2025-02-22 15:04:45;INFO]Valid | Loss : 0.411744 | ACC : 1355/1440 (94.097%)
[2025-02-22 15:04:45;INFO]      | Loss didn't drop!

[2025-02-22 15:04:45;INFO]best epoch: 35, best loss: 0.408363
[2025-02-22 15:04:45;INFO]----------------------------------------------------------------------------------------------------

[2025-02-22 15:04:45;INFO]Current Epoch: 39 / 500 | Learning Rate : 0.00020610737385380826
[2025-02-22 15:05:04;INFO]Train | Loss : 0.286535 | ACC : 3354/3360 (99.821%)
[2025-02-22 15:05:07;INFO]Valid | Loss : 1.661711 | ACC : 878/1440 (60.972%)
[2025-02-22 15:05:07;INFO]      | Loss didn't drop!

[2025-02-22 15:05:07;INFO]best epoch: 35, best loss: 0.408363
[2025-02-22 15:05:07;INFO]----------------------------------------------------------------------------------------------------

[2025-02-22 15:05:07;INFO]Current Epoch: 40 / 500 | Learning Rate : 0.0002730047501302881
[2025-02-22 15:05:26;INFO]Train | Loss : 0.246552 | ACC : 3357/3360 (99.911%)
[2025-02-22 15:05:28;INFO]Valid | Loss : 4.376350 | ACC : 523/1440 (36.319%)
[2025-02-22 15:05:28;INFO]      | Loss didn't drop!

[2025-02-22 15:05:28;INFO]best epoch: 35, best loss: 0.408363
[2025-02-22 15:05:28;INFO]----------------------------------------------------------------------------------------------------

[2025-02-22 15:05:28;INFO]Current Epoch: 41 / 500 | Learning Rate : 0.0010000000000001173
[2025-02-22 15:05:47;INFO]Train | Loss : 0.279297 | ACC : 3351/3360 (99.732%)
[2025-02-22 15:05:50;INFO]Valid | Loss : 0.525236 | ACC : 1309/1440 (90.903%)
[2025-02-22 15:05:50;INFO]      | Loss didn't drop!

[2025-02-22 15:05:50;INFO]best epoch: 35, best loss: 0.408363
[2025-02-22 15:05:50;INFO]----------------------------------------------------------------------------------------------------

[2025-02-22 15:05:50;INFO]Current Epoch: 42 / 500 | Learning Rate : 0.000273004750130229
[2025-02-22 15:06:09;INFO]Train | Loss : 0.270093 | ACC : 3358/3360 (99.940%)
[2025-02-22 15:06:12;INFO]Valid | Loss : 0.994033 | ACC : 1021/1440 (70.903%)
[2025-02-22 15:06:12;INFO]      | Loss didn't drop!

[2025-02-22 15:06:12;INFO]best epoch: 35, best loss: 0.408363
[2025-02-22 15:06:12;INFO]----------------------------------------------------------------------------------------------------

[2025-02-22 15:06:12;INFO]Current Epoch: 43 / 500 | Learning Rate : 0.00020610737385377267
[2025-02-22 15:06:31;INFO]Train | Loss : 0.233493 | ACC : 3357/3360 (99.911%)
[2025-02-22 15:06:33;INFO]Valid | Loss : 2.373831 | ACC : 503/1440 (34.931%)
[2025-02-22 15:06:33;INFO]      | Loss didn't drop!

[2025-02-22 15:06:33;INFO]best epoch: 35, best loss: 0.408363
[2025-02-22 15:06:33;INFO]----------------------------------------------------------------------------------------------------

[2025-02-22 15:06:33;INFO]Current Epoch: 44 / 500 | Learning Rate : 0.0009938441702975066
[2025-02-22 15:06:52;INFO]Train | Loss : 0.236026 | ACC : 3357/3360 (99.911%)
[2025-02-22 15:06:55;INFO]Valid | Loss : 1.770300 | ACC : 717/1440 (49.792%)
[2025-02-22 15:06:55;INFO]      | Loss didn't drop!

[2025-02-22 15:06:55;INFO]best epoch: 35, best loss: 0.408363
[2025-02-22 15:06:55;INFO]----------------------------------------------------------------------------------------------------

[2025-02-22 15:06:55;INFO]Current Epoch: 45 / 500 | Learning Rate : 0.0003454915028125993
[2025-02-22 15:07:14;INFO]Train | Loss : 0.232154 | ACC : 3356/3360 (99.881%)
[2025-02-22 15:07:17;INFO]Valid | Loss : 0.626557 | ACC : 1118/1440 (77.639%)
[2025-02-22 15:07:17;INFO]      | Loss didn't drop!

[2025-02-22 15:07:17;INFO]best epoch: 35, best loss: 0.408363
[2025-02-22 15:07:17;INFO]----------------------------------------------------------------------------------------------------

[2025-02-22 15:07:17;INFO]Current Epoch: 46 / 500 | Learning Rate : 0.00014644660940675832
[2025-02-22 15:07:36;INFO]Train | Loss : 0.216396 | ACC : 3353/3360 (99.792%)
[2025-02-22 15:07:38;INFO]Valid | Loss : 2.335742 | ACC : 844/1440 (58.611%)
[2025-02-22 15:07:38;INFO]      | Loss didn't drop!

[2025-02-22 15:07:38;INFO]best epoch: 35, best loss: 0.408363
[2025-02-22 15:07:38;INFO]----------------------------------------------------------------------------------------------------

[2025-02-22 15:07:38;INFO]Current Epoch: 47 / 500 | Learning Rate : 0.0009755282581477
[2025-02-22 15:07:57;INFO]Train | Loss : 0.287284 | ACC : 3340/3360 (99.405%)
[2025-02-22 15:08:00;INFO]Valid | Loss : 3.622349 | ACC : 548/1440 (38.056%)
[2025-02-22 15:08:00;INFO]      | Loss didn't drop!

[2025-02-22 15:08:00;INFO]best epoch: 35, best loss: 0.408363
[2025-02-22 15:08:00;INFO]----------------------------------------------------------------------------------------------------

[2025-02-22 15:08:00;INFO]Current Epoch: 48 / 500 | Learning Rate : 0.0004217827674799015
[2025-02-22 15:08:19;INFO]Train | Loss : 0.254982 | ACC : 3355/3360 (99.851%)
[2025-02-22 15:08:22;INFO]Valid | Loss : 1.017443 | ACC : 967/1440 (67.153%)
[2025-02-22 15:08:22;INFO]      | Loss didn't drop!

[2025-02-22 15:08:22;INFO]best epoch: 35, best loss: 0.408363
[2025-02-22 15:08:22;INFO]----------------------------------------------------------------------------------------------------

[2025-02-22 15:08:22;INFO]Current Epoch: 49 / 500 | Learning Rate : 9.549150281253623e-05
[2025-02-22 15:08:41;INFO]Train | Loss : 0.196514 | ACC : 3360/3360 (100.000%)
[2025-02-22 15:08:44;INFO]Valid | Loss : 6.531593 | ACC : 420/1440 (29.167%)
[2025-02-22 15:08:44;INFO]      | Loss didn't drop!

[2025-02-22 15:08:44;INFO]best epoch: 35, best loss: 0.408363
[2025-02-22 15:08:44;INFO]----------------------------------------------------------------------------------------------------

[2025-02-22 15:08:44;INFO]Current Epoch: 50 / 500 | Learning Rate : 0.0009455032620941462
[2025-02-22 15:09:03;INFO]Train | Loss : 0.200728 | ACC : 3359/3360 (99.970%)
[2025-02-22 15:09:05;INFO]Valid | Loss : 1.906962 | ACC : 721/1440 (50.069%)
[2025-02-22 15:09:05;INFO]      | Loss didn't drop!

[2025-02-22 15:09:05;INFO]best epoch: 35, best loss: 0.408363
[2025-02-22 15:09:05;INFO]----------------------------------------------------------------------------------------------------

[2025-02-22 15:09:05;INFO]Current Epoch: 51 / 500 | Learning Rate : 0.0004999999999999381
[2025-02-22 15:09:24;INFO]Train | Loss : 0.210414 | ACC : 3354/3360 (99.821%)
[2025-02-22 15:09:27;INFO]Valid | Loss : 0.379509 | ACC : 1369/1440 (95.069%)
[2025-02-22 15:09:27;INFO]      | Loss dropped from 0.408363 to 0.379509, model has been saved!

[2025-02-22 15:09:27;INFO]best epoch: 51, best loss: 0.379509
[2025-02-22 15:09:27;INFO]----------------------------------------------------------------------------------------------------

[2025-02-22 15:09:27;INFO]Current Epoch: 52 / 500 | Learning Rate : 5.4496737905805545e-05
[2025-02-22 15:09:46;INFO]Train | Loss : 0.173687 | ACC : 3360/3360 (100.000%)
[2025-02-22 15:09:49;INFO]Valid | Loss : 2.792291 | ACC : 550/1440 (38.194%)
[2025-02-22 15:09:49;INFO]      | Loss didn't drop!

[2025-02-22 15:09:49;INFO]best epoch: 51, best loss: 0.379509
[2025-02-22 15:09:49;INFO]----------------------------------------------------------------------------------------------------

[2025-02-22 15:09:49;INFO]Current Epoch: 53 / 500 | Learning Rate : 0.0009045084971875998
[2025-02-22 15:10:08;INFO]Train | Loss : 0.179013 | ACC : 3358/3360 (99.940%)
[2025-02-22 15:10:11;INFO]Valid | Loss : 1.506218 | ACC : 929/1440 (64.514%)
[2025-02-22 15:10:11;INFO]      | Loss didn't drop!

[2025-02-22 15:10:11;INFO]best epoch: 51, best loss: 0.379509
[2025-02-22 15:10:11;INFO]----------------------------------------------------------------------------------------------------

[2025-02-22 15:10:11;INFO]Current Epoch: 54 / 500 | Learning Rate : 0.000578217232520142
[2025-02-22 15:10:30;INFO]Train | Loss : 0.183717 | ACC : 3356/3360 (99.881%)
[2025-02-22 15:10:32;INFO]Valid | Loss : 0.391893 | ACC : 1315/1440 (91.319%)
[2025-02-22 15:10:32;INFO]      | Loss didn't drop!

[2025-02-22 15:10:32;INFO]best epoch: 51, best loss: 0.379509
[2025-02-22 15:10:32;INFO]----------------------------------------------------------------------------------------------------

[2025-02-22 15:10:32;INFO]Current Epoch: 55 / 500 | Learning Rate : 2.4471741852430055e-05
[2025-02-22 15:10:51;INFO]Train | Loss : 0.169107 | ACC : 3359/3360 (99.970%)
[2025-02-22 15:10:54;INFO]Valid | Loss : 7.141208 | ACC : 529/1440 (36.736%)
[2025-02-22 15:10:54;INFO]      | Loss didn't drop!

[2025-02-22 15:10:54;INFO]best epoch: 51, best loss: 0.379509
[2025-02-22 15:10:54;INFO]----------------------------------------------------------------------------------------------------

[2025-02-22 15:10:54;INFO]Current Epoch: 56 / 500 | Learning Rate : 0.0008535533905935419
[2025-02-22 15:11:13;INFO]Train | Loss : 0.185043 | ACC : 3354/3360 (99.821%)
[2025-02-22 15:11:16;INFO]Valid | Loss : 2.336529 | ACC : 766/1440 (53.194%)
[2025-02-22 15:11:16;INFO]      | Loss didn't drop!

[2025-02-22 15:11:16;INFO]best epoch: 51, best loss: 0.379509
[2025-02-22 15:11:16;INFO]----------------------------------------------------------------------------------------------------

[2025-02-22 15:11:16;INFO]Current Epoch: 57 / 500 | Learning Rate : 0.00065450849718739
[2025-02-22 15:11:35;INFO]Train | Loss : 0.179590 | ACC : 3359/3360 (99.970%)
[2025-02-22 15:11:37;INFO]Valid | Loss : 1.047975 | ACC : 1016/1440 (70.556%)
[2025-02-22 15:11:37;INFO]      | Loss didn't drop!

[2025-02-22 15:11:37;INFO]best epoch: 51, best loss: 0.379509
[2025-02-22 15:11:37;INFO]----------------------------------------------------------------------------------------------------

[2025-02-22 15:11:37;INFO]Current Epoch: 58 / 500 | Learning Rate : 6.155829702430338e-06
[2025-02-22 15:11:56;INFO]Train | Loss : 0.155105 | ACC : 3360/3360 (100.000%)
[2025-02-22 15:11:59;INFO]Valid | Loss : 3.797701 | ACC : 576/1440 (40.000%)
[2025-02-22 15:11:59;INFO]      | Loss didn't drop!

[2025-02-22 15:11:59;INFO]best epoch: 51, best loss: 0.379509
[2025-02-22 15:11:59;INFO]----------------------------------------------------------------------------------------------------

[2025-02-22 15:11:59;INFO]Current Epoch: 59 / 500 | Learning Rate : 0.0007938926261463684
[2025-02-22 15:12:18;INFO]Train | Loss : 0.154088 | ACC : 3359/3360 (99.970%)
[2025-02-22 15:12:21;INFO]Valid | Loss : 4.018185 | ACC : 638/1440 (44.306%)
[2025-02-22 15:12:21;INFO]      | Loss didn't drop!

[2025-02-22 15:12:21;INFO]best epoch: 51, best loss: 0.379509
[2025-02-22 15:12:21;INFO]----------------------------------------------------------------------------------------------------

[2025-02-22 15:12:21;INFO]Current Epoch: 60 / 500 | Learning Rate : 0.0007269952498698092
[2025-02-22 15:12:40;INFO]Train | Loss : 0.204963 | ACC : 3357/3360 (99.911%)
[2025-02-22 15:12:43;INFO]Valid | Loss : 0.610758 | ACC : 1212/1440 (84.167%)
[2025-02-22 15:12:43;INFO]      | Loss didn't drop!

[2025-02-22 15:12:43;INFO]best epoch: 51, best loss: 0.379509
[2025-02-22 15:12:43;INFO]----------------------------------------------------------------------------------------------------

[2025-02-22 15:12:43;INFO]Current Epoch: 61 / 500 | Learning Rate : 0.0
[2025-02-22 15:13:02;INFO]Train | Loss : 0.157300 | ACC : 3359/3360 (99.970%)
[2025-02-22 15:13:04;INFO]Valid | Loss : 1.788106 | ACC : 734/1440 (50.972%)
[2025-02-22 15:13:04;INFO]      | Loss didn't drop!

[2025-02-22 15:13:04;INFO]best epoch: 51, best loss: 0.379509
[2025-02-22 15:13:04;INFO]----------------------------------------------------------------------------------------------------

[2025-02-22 15:13:04;INFO]Current Epoch: 62 / 500 | Learning Rate : 0.0007269952498700238
[2025-02-22 15:13:23;INFO]Train | Loss : 0.149842 | ACC : 3358/3360 (99.940%)
[2025-02-22 15:13:26;INFO]Valid | Loss : 2.970282 | ACC : 635/1440 (44.097%)
[2025-02-22 15:13:26;INFO]      | Loss didn't drop!

[2025-02-22 15:13:26;INFO]best epoch: 51, best loss: 0.379509
[2025-02-22 15:13:26;INFO]----------------------------------------------------------------------------------------------------

[2025-02-22 15:13:26;INFO]Current Epoch: 63 / 500 | Learning Rate : 0.0007938926261461445
[2025-02-22 15:13:45;INFO]Train | Loss : 0.178347 | ACC : 3358/3360 (99.940%)
[2025-02-22 15:13:48;INFO]Valid | Loss : 0.746496 | ACC : 1151/1440 (79.931%)
[2025-02-22 15:13:48;INFO]      | Loss didn't drop!

[2025-02-22 15:13:48;INFO]best epoch: 51, best loss: 0.379509
[2025-02-22 15:13:48;INFO]----------------------------------------------------------------------------------------------------

[2025-02-22 15:13:48;INFO]Current Epoch: 64 / 500 | Learning Rate : 6.155829702431115e-06
[2025-02-22 15:14:07;INFO]Train | Loss : 0.158848 | ACC : 3356/3360 (99.881%)
[2025-02-22 15:14:09;INFO]Valid | Loss : 2.827603 | ACC : 498/1440 (34.583%)
[2025-02-22 15:14:09;INFO]      | Loss didn't drop!

[2025-02-22 15:14:09;INFO]best epoch: 51, best loss: 0.379509
[2025-02-22 15:14:09;INFO]----------------------------------------------------------------------------------------------------

[2025-02-22 15:14:09;INFO]Current Epoch: 65 / 500 | Learning Rate : 0.0006545084971875851
[2025-02-22 15:14:28;INFO]Train | Loss : 0.174380 | ACC : 3353/3360 (99.792%)
[2025-02-22 15:14:31;INFO]Valid | Loss : 1.989375 | ACC : 846/1440 (58.750%)
[2025-02-22 15:14:31;INFO]      | Loss didn't drop!

[2025-02-22 15:14:31;INFO]best epoch: 51, best loss: 0.379509
[2025-02-22 15:14:31;INFO]----------------------------------------------------------------------------------------------------

[2025-02-22 15:14:31;INFO]Current Epoch: 66 / 500 | Learning Rate : 0.0008535533905930243
[2025-02-22 15:14:50;INFO]Train | Loss : 0.170870 | ACC : 3357/3360 (99.911%)
[2025-02-22 15:14:53;INFO]Valid | Loss : 0.399145 | ACC : 1335/1440 (92.708%)
[2025-02-22 15:14:53;INFO]      | Loss didn't drop!

[2025-02-22 15:14:53;INFO]best epoch: 51, best loss: 0.379509
[2025-02-22 15:14:53;INFO]----------------------------------------------------------------------------------------------------

[2025-02-22 15:14:53;INFO]Current Epoch: 67 / 500 | Learning Rate : 2.4471741852422127e-05
[2025-02-22 15:15:12;INFO]Train | Loss : 0.135852 | ACC : 3359/3360 (99.970%)
[2025-02-22 15:15:15;INFO]Valid | Loss : 1.378155 | ACC : 813/1440 (56.458%)
[2025-02-22 15:15:15;INFO]      | Loss didn't drop!

[2025-02-22 15:15:15;INFO]best epoch: 51, best loss: 0.379509
[2025-02-22 15:15:15;INFO]----------------------------------------------------------------------------------------------------

[2025-02-22 15:15:15;INFO]Current Epoch: 68 / 500 | Learning Rate : 0.0005782172325201116
[2025-02-22 15:15:34;INFO]Train | Loss : 0.115744 | ACC : 3360/3360 (100.000%)
[2025-02-22 15:15:36;INFO]Valid | Loss : 1.721258 | ACC : 883/1440 (61.319%)
[2025-02-22 15:15:36;INFO]      | Loss didn't drop!

[2025-02-22 15:15:36;INFO]best epoch: 51, best loss: 0.379509
[2025-02-22 15:15:36;INFO]----------------------------------------------------------------------------------------------------

[2025-02-22 15:15:36;INFO]Current Epoch: 69 / 500 | Learning Rate : 0.00090450849718771
[2025-02-22 15:15:55;INFO]Train | Loss : 0.120353 | ACC : 3360/3360 (100.000%)
[2025-02-22 15:15:58;INFO]Valid | Loss : 0.506999 | ACC : 1194/1440 (82.917%)
[2025-02-22 15:15:58;INFO]      | Loss didn't drop!

[2025-02-22 15:15:58;INFO]best epoch: 51, best loss: 0.379509
[2025-02-22 15:15:58;INFO]----------------------------------------------------------------------------------------------------

[2025-02-22 15:15:58;INFO]Current Epoch: 70 / 500 | Learning Rate : 5.4496737905806176e-05
[2025-02-22 15:16:17;INFO]Train | Loss : 0.128801 | ACC : 3357/3360 (99.911%)
[2025-02-22 15:16:20;INFO]Valid | Loss : 1.511709 | ACC : 903/1440 (62.708%)
[2025-02-22 15:16:20;INFO]      | Loss didn't drop!

[2025-02-22 15:16:20;INFO]best epoch: 51, best loss: 0.379509
[2025-02-22 15:16:20;INFO]----------------------------------------------------------------------------------------------------

[2025-02-22 15:16:20;INFO]Current Epoch: 71 / 500 | Learning Rate : 0.0004999999999999316
[2025-02-22 15:16:39;INFO]Train | Loss : 0.125419 | ACC : 3360/3360 (100.000%)
[2025-02-22 15:16:41;INFO]Valid | Loss : 1.047835 | ACC : 1100/1440 (76.389%)
[2025-02-22 15:16:41;INFO]      | Loss didn't drop!

[2025-02-22 15:16:41;INFO]best epoch: 51, best loss: 0.379509
[2025-02-22 15:16:41;INFO]----------------------------------------------------------------------------------------------------

[2025-02-22 15:16:41;INFO]Current Epoch: 72 / 500 | Learning Rate : 0.0009455032620942705
[2025-02-22 15:17:00;INFO]Train | Loss : 0.135758 | ACC : 3360/3360 (100.000%)
[2025-02-22 15:17:03;INFO]Valid | Loss : 0.362894 | ACC : 1311/1440 (91.042%)
[2025-02-22 15:17:03;INFO]      | Loss dropped from 0.379509 to 0.362894, model has been saved!

[2025-02-22 15:17:03;INFO]best epoch: 72, best loss: 0.362894
[2025-02-22 15:17:03;INFO]----------------------------------------------------------------------------------------------------

[2025-02-22 15:17:03;INFO]Current Epoch: 73 / 500 | Learning Rate : 9.54915028125635e-05
[2025-02-22 15:17:22;INFO]Train | Loss : 0.117353 | ACC : 3360/3360 (100.000%)
[2025-02-22 15:17:25;INFO]Valid | Loss : 3.066483 | ACC : 547/1440 (37.986%)
[2025-02-22 15:17:25;INFO]      | Loss didn't drop!

[2025-02-22 15:17:25;INFO]best epoch: 72, best loss: 0.362894
[2025-02-22 15:17:25;INFO]----------------------------------------------------------------------------------------------------

[2025-02-22 15:17:25;INFO]Current Epoch: 74 / 500 | Learning Rate : 0.00042178276748003097
[2025-02-22 15:17:44;INFO]Train | Loss : 0.104002 | ACC : 3359/3360 (99.970%)
[2025-02-22 15:17:47;INFO]Valid | Loss : 2.110438 | ACC : 617/1440 (42.847%)
[2025-02-22 15:17:47;INFO]      | Loss didn't drop!

[2025-02-22 15:17:47;INFO]best epoch: 72, best loss: 0.362894
[2025-02-22 15:17:47;INFO]----------------------------------------------------------------------------------------------------

[2025-02-22 15:17:47;INFO]Current Epoch: 75 / 500 | Learning Rate : 0.0009755282581481951
[2025-02-22 15:18:06;INFO]Train | Loss : 0.114535 | ACC : 3358/3360 (99.940%)
[2025-02-22 15:18:08;INFO]Valid | Loss : 0.179380 | ACC : 1412/1440 (98.056%)
[2025-02-22 15:18:08;INFO]      | Loss dropped from 0.362894 to 0.179380, model has been saved!

[2025-02-22 15:18:08;INFO]best epoch: 75, best loss: 0.179380
[2025-02-22 15:18:08;INFO]----------------------------------------------------------------------------------------------------

[2025-02-22 15:18:08;INFO]Current Epoch: 76 / 500 | Learning Rate : 0.00014644660940673983
[2025-02-22 15:18:27;INFO]Train | Loss : 0.122616 | ACC : 3358/3360 (99.940%)
[2025-02-22 15:18:30;INFO]Valid | Loss : 0.528735 | ACC : 1149/1440 (79.792%)
[2025-02-22 15:18:30;INFO]      | Loss didn't drop!

[2025-02-22 15:18:30;INFO]best epoch: 75, best loss: 0.179380
[2025-02-22 15:18:30;INFO]----------------------------------------------------------------------------------------------------

[2025-02-22 15:18:30;INFO]Current Epoch: 77 / 500 | Learning Rate : 0.00034549150281258255
[2025-02-22 15:18:49;INFO]Train | Loss : 0.105316 | ACC : 3360/3360 (100.000%)
[2025-02-22 15:18:52;INFO]Valid | Loss : 1.208666 | ACC : 1000/1440 (69.444%)
[2025-02-22 15:18:52;INFO]      | Loss didn't drop!

[2025-02-22 15:18:52;INFO]best epoch: 75, best loss: 0.179380
[2025-02-22 15:18:52;INFO]----------------------------------------------------------------------------------------------------

[2025-02-22 15:18:52;INFO]Current Epoch: 78 / 500 | Learning Rate : 0.0009938441702980277
[2025-02-22 15:19:11;INFO]Train | Loss : 0.115768 | ACC : 3360/3360 (100.000%)
[2025-02-22 15:19:13;INFO]Valid | Loss : 0.368963 | ACC : 1322/1440 (91.806%)
[2025-02-22 15:19:13;INFO]      | Loss didn't drop!

[2025-02-22 15:19:13;INFO]best epoch: 75, best loss: 0.179380
[2025-02-22 15:19:13;INFO]----------------------------------------------------------------------------------------------------

[2025-02-22 15:19:13;INFO]Current Epoch: 79 / 500 | Learning Rate : 0.00020610737385375218
[2025-02-22 15:19:32;INFO]Train | Loss : 0.111094 | ACC : 3360/3360 (100.000%)
[2025-02-22 15:19:35;INFO]Valid | Loss : 2.867633 | ACC : 655/1440 (45.486%)
[2025-02-22 15:19:35;INFO]      | Loss didn't drop!

[2025-02-22 15:19:35;INFO]best epoch: 75, best loss: 0.179380
[2025-02-22 15:19:35;INFO]----------------------------------------------------------------------------------------------------

[2025-02-22 15:19:35;INFO]Current Epoch: 80 / 500 | Learning Rate : 0.00027300475013024235
[2025-02-22 15:19:54;INFO]Train | Loss : 0.103434 | ACC : 3358/3360 (99.940%)
[2025-02-22 15:19:57;INFO]Valid | Loss : 2.182622 | ACC : 642/1440 (44.583%)
[2025-02-22 15:19:57;INFO]      | Loss didn't drop!

[2025-02-22 15:19:57;INFO]best epoch: 75, best loss: 0.179380
[2025-02-22 15:19:57;INFO]----------------------------------------------------------------------------------------------------

[2025-02-22 15:19:57;INFO]Current Epoch: 81 / 500 | Learning Rate : 0.0010000000000002884
[2025-02-22 15:20:16;INFO]Train | Loss : 0.195949 | ACC : 3340/3360 (99.405%)
[2025-02-22 15:20:18;INFO]Valid | Loss : 0.757604 | ACC : 1065/1440 (73.958%)
[2025-02-22 15:20:18;INFO]      | Loss didn't drop!

[2025-02-22 15:20:18;INFO]best epoch: 75, best loss: 0.179380
[2025-02-22 15:20:18;INFO]----------------------------------------------------------------------------------------------------

[2025-02-22 15:20:18;INFO]Current Epoch: 82 / 500 | Learning Rate : 0.00027300475013019654
[2025-02-22 15:20:37;INFO]Train | Loss : 0.154464 | ACC : 3353/3360 (99.792%)
[2025-02-22 15:20:40;INFO]Valid | Loss : 1.496609 | ACC : 900/1440 (62.500%)
[2025-02-22 15:20:40;INFO]      | Loss didn't drop!

[2025-02-22 15:20:40;INFO]best epoch: 75, best loss: 0.179380
[2025-02-22 15:20:40;INFO]----------------------------------------------------------------------------------------------------

[2025-02-22 15:20:40;INFO]Current Epoch: 83 / 500 | Learning Rate : 0.0002061073738537392
[2025-02-22 15:20:59;INFO]Train | Loss : 0.112899 | ACC : 3360/3360 (100.000%)
[2025-02-22 15:21:02;INFO]Valid | Loss : 2.251404 | ACC : 491/1440 (34.097%)
[2025-02-22 15:21:02;INFO]      | Loss didn't drop!

[2025-02-22 15:21:02;INFO]best epoch: 75, best loss: 0.179380
[2025-02-22 15:21:02;INFO]----------------------------------------------------------------------------------------------------

[2025-02-22 15:21:02;INFO]Current Epoch: 84 / 500 | Learning Rate : 0.000993844170297687
[2025-02-22 15:21:21;INFO]Train | Loss : 0.135899 | ACC : 3350/3360 (99.702%)
[2025-02-22 15:21:24;INFO]Valid | Loss : 1.805404 | ACC : 689/1440 (47.847%)
[2025-02-22 15:21:24;INFO]      | Loss didn't drop!

[2025-02-22 15:21:24;INFO]best epoch: 75, best loss: 0.179380
[2025-02-22 15:21:24;INFO]----------------------------------------------------------------------------------------------------

[2025-02-22 15:21:24;INFO]Current Epoch: 85 / 500 | Learning Rate : 0.00034549150281240273
[2025-02-22 15:21:43;INFO]Train | Loss : 0.124365 | ACC : 3359/3360 (99.970%)
[2025-02-22 15:21:45;INFO]Valid | Loss : 0.263381 | ACC : 1367/1440 (94.931%)
[2025-02-22 15:21:45;INFO]      | Loss didn't drop!

[2025-02-22 15:21:45;INFO]best epoch: 75, best loss: 0.179380
[2025-02-22 15:21:45;INFO]----------------------------------------------------------------------------------------------------

[2025-02-22 15:21:45;INFO]Current Epoch: 86 / 500 | Learning Rate : 0.00014644660940668278
[2025-02-22 15:22:04;INFO]Train | Loss : 0.093898 | ACC : 3358/3360 (99.940%)
[2025-02-22 15:22:07;INFO]Valid | Loss : 2.653257 | ACC : 556/1440 (38.611%)
[2025-02-22 15:22:07;INFO]      | Loss didn't drop!

[2025-02-22 15:22:07;INFO]best epoch: 75, best loss: 0.179380
[2025-02-22 15:22:07;INFO]----------------------------------------------------------------------------------------------------

[2025-02-22 15:22:07;INFO]Current Epoch: 87 / 500 | Learning Rate : 0.0009755282581475176
[2025-02-22 15:22:26;INFO]Train | Loss : 0.088986 | ACC : 3360/3360 (100.000%)
[2025-02-22 15:22:29;INFO]Valid | Loss : 1.171452 | ACC : 923/1440 (64.097%)
[2025-02-22 15:22:29;INFO]      | Loss didn't drop!

[2025-02-22 15:22:29;INFO]best epoch: 75, best loss: 0.179380
[2025-02-22 15:22:29;INFO]----------------------------------------------------------------------------------------------------

[2025-02-22 15:22:29;INFO]Current Epoch: 88 / 500 | Learning Rate : 0.00042178276747997106
[2025-02-22 15:22:48;INFO]Train | Loss : 0.079938 | ACC : 3360/3360 (100.000%)
[2025-02-22 15:22:50;INFO]Valid | Loss : 0.721077 | ACC : 1073/1440 (74.514%)
[2025-02-22 15:22:50;INFO]      | Loss didn't drop!

[2025-02-22 15:22:50;INFO]best epoch: 75, best loss: 0.179380
[2025-02-22 15:22:50;INFO]----------------------------------------------------------------------------------------------------

[2025-02-22 15:22:50;INFO]Current Epoch: 89 / 500 | Learning Rate : 9.549150281254918e-05
[2025-02-22 15:23:09;INFO]Train | Loss : 0.078136 | ACC : 3360/3360 (100.000%)
[2025-02-22 15:23:12;INFO]Valid | Loss : 1.755534 | ACC : 824/1440 (57.222%)
[2025-02-22 15:23:12;INFO]      | Loss didn't drop!

[2025-02-22 15:23:12;INFO]best epoch: 75, best loss: 0.179380
[2025-02-22 15:23:12;INFO]----------------------------------------------------------------------------------------------------

[2025-02-22 15:23:12;INFO]Current Epoch: 90 / 500 | Learning Rate : 0.0009455032620946457
[2025-02-22 15:23:31;INFO]Train | Loss : 0.091568 | ACC : 3359/3360 (99.970%)
[2025-02-22 15:23:34;INFO]Valid | Loss : 1.476874 | ACC : 909/1440 (63.125%)
[2025-02-22 15:23:34;INFO]      | Loss didn't drop!

[2025-02-22 15:23:34;INFO]best epoch: 75, best loss: 0.179380
[2025-02-22 15:23:34;INFO]----------------------------------------------------------------------------------------------------

[2025-02-22 15:23:34;INFO]Current Epoch: 91 / 500 | Learning Rate : 0.0005000000000003774
[2025-02-22 15:23:53;INFO]Train | Loss : 0.117215 | ACC : 3359/3360 (99.970%)
[2025-02-22 15:23:56;INFO]Valid | Loss : 1.434207 | ACC : 843/1440 (58.542%)
[2025-02-22 15:23:56;INFO]      | Loss didn't drop!

[2025-02-22 15:23:56;INFO]best epoch: 75, best loss: 0.179380
[2025-02-22 15:23:56;INFO]----------------------------------------------------------------------------------------------------

[2025-02-22 15:23:56;INFO]Current Epoch: 92 / 500 | Learning Rate : 5.449673790587026e-05
[2025-02-22 15:24:15;INFO]Train | Loss : 0.087070 | ACC : 3360/3360 (100.000%)
[2025-02-22 15:24:17;INFO]Valid | Loss : 0.490786 | ACC : 1269/1440 (88.125%)
[2025-02-22 15:24:17;INFO]      | Loss didn't drop!

[2025-02-22 15:24:17;INFO]best epoch: 75, best loss: 0.179380
[2025-02-22 15:24:17;INFO]----------------------------------------------------------------------------------------------------

[2025-02-22 15:24:17;INFO]Current Epoch: 93 / 500 | Learning Rate : 0.0009045084971877587
[2025-02-22 15:24:36;INFO]Train | Loss : 0.084718 | ACC : 3360/3360 (100.000%)
[2025-02-22 15:24:39;INFO]Valid | Loss : 2.315488 | ACC : 726/1440 (50.417%)
[2025-02-22 15:24:39;INFO]      | Loss didn't drop!

[2025-02-22 15:24:39;INFO]best epoch: 75, best loss: 0.179380
[2025-02-22 15:24:39;INFO]----------------------------------------------------------------------------------------------------

[2025-02-22 15:24:39;INFO]Current Epoch: 94 / 500 | Learning Rate : 0.0005782172325204569
[2025-02-22 15:24:58;INFO]Train | Loss : 0.073919 | ACC : 3360/3360 (100.000%)
[2025-02-22 15:25:01;INFO]Valid | Loss : 0.535406 | ACC : 1189/1440 (82.569%)
[2025-02-22 15:25:01;INFO]      | Loss didn't drop!

[2025-02-22 15:25:01;INFO]best epoch: 75, best loss: 0.179380
[2025-02-22 15:25:01;INFO]----------------------------------------------------------------------------------------------------

[2025-02-22 15:25:01;INFO]Current Epoch: 95 / 500 | Learning Rate : 2.4471741852436408e-05
[2025-02-22 15:25:20;INFO]Train | Loss : 0.067951 | ACC : 3360/3360 (100.000%)
[2025-02-22 15:25:22;INFO]Valid | Loss : 0.593594 | ACC : 1183/1440 (82.153%)
[2025-02-22 15:25:22;INFO]      | Loss didn't drop!

[2025-02-22 15:25:22;INFO]best epoch: 75, best loss: 0.179380
[2025-02-22 15:25:22;INFO]----------------------------------------------------------------------------------------------------

[2025-02-22 15:25:22;INFO]Current Epoch: 96 / 500 | Learning Rate : 0.0008535533905934059
[2025-02-22 15:25:41;INFO]Train | Loss : 0.076438 | ACC : 3359/3360 (99.970%)
[2025-02-22 15:25:44;INFO]Valid | Loss : 1.772548 | ACC : 739/1440 (51.319%)
[2025-02-22 15:25:44;INFO]      | Loss didn't drop!

[2025-02-22 15:25:44;INFO]best epoch: 75, best loss: 0.179380
[2025-02-22 15:25:44;INFO]----------------------------------------------------------------------------------------------------

[2025-02-22 15:25:44;INFO]Current Epoch: 97 / 500 | Learning Rate : 0.0006545084971877242
[2025-02-22 15:26:03;INFO]Train | Loss : 0.074800 | ACC : 3360/3360 (100.000%)
[2025-02-22 15:26:06;INFO]Valid | Loss : 0.418925 | ACC : 1257/1440 (87.292%)
[2025-02-22 15:26:06;INFO]      | Loss didn't drop!

[2025-02-22 15:26:06;INFO]best epoch: 75, best loss: 0.179380
[2025-02-22 15:26:06;INFO]----------------------------------------------------------------------------------------------------

[2025-02-22 15:26:06;INFO]Current Epoch: 98 / 500 | Learning Rate : 6.155829702436945e-06
[2025-02-22 15:26:25;INFO]Train | Loss : 0.060553 | ACC : 3360/3360 (100.000%)
[2025-02-22 15:26:28;INFO]Valid | Loss : 2.819694 | ACC : 669/1440 (46.458%)
[2025-02-22 15:26:28;INFO]      | Loss didn't drop!

[2025-02-22 15:26:28;INFO]best epoch: 75, best loss: 0.179380
[2025-02-22 15:26:28;INFO]----------------------------------------------------------------------------------------------------

[2025-02-22 15:26:28;INFO]Current Epoch: 99 / 500 | Learning Rate : 0.000793892626146224
[2025-02-22 15:26:47;INFO]Train | Loss : 0.064568 | ACC : 3360/3360 (100.000%)
[2025-02-22 15:26:49;INFO]Valid | Loss : 3.702025 | ACC : 811/1440 (56.319%)
[2025-02-22 15:26:49;INFO]      | Loss didn't drop!

[2025-02-22 15:26:49;INFO]best epoch: 75, best loss: 0.179380
[2025-02-22 15:26:49;INFO]----------------------------------------------------------------------------------------------------

[2025-02-22 15:26:49;INFO]Current Epoch: 100 / 500 | Learning Rate : 0.0007269952498694025
[2025-02-22 15:27:08;INFO]Train | Loss : 0.062248 | ACC : 3360/3360 (100.000%)
[2025-02-22 15:27:11;INFO]Valid | Loss : 0.270472 | ACC : 1351/1440 (93.819%)
[2025-02-22 15:27:11;INFO]      | Loss didn't drop!

[2025-02-22 15:27:11;INFO]best epoch: 75, best loss: 0.179380
[2025-02-22 15:27:11;INFO]----------------------------------------------------------------------------------------------------

[2025-02-22 15:27:11;INFO]Current Epoch: 101 / 500 | Learning Rate : 0.0
[2025-02-22 15:27:30;INFO]Train | Loss : 0.056735 | ACC : 3360/3360 (100.000%)
[2025-02-22 15:27:33;INFO]Valid | Loss : 2.285285 | ACC : 903/1440 (62.708%)
[2025-02-22 15:27:33;INFO]      | Loss didn't drop!

[2025-02-22 15:27:33;INFO]best epoch: 75, best loss: 0.179380
[2025-02-22 15:27:33;INFO]----------------------------------------------------------------------------------------------------

[2025-02-22 15:27:33;INFO]Current Epoch: 102 / 500 | Learning Rate : 0.0007269952498701357
[2025-02-22 15:27:52;INFO]Train | Loss : 0.065151 | ACC : 3360/3360 (100.000%)
[2025-02-22 15:27:54;INFO]Valid | Loss : 11.249403 | ACC : 372/1440 (25.833%)
[2025-02-22 15:27:54;INFO]      | Loss didn't drop!

[2025-02-22 15:27:54;INFO]best epoch: 75, best loss: 0.179380
[2025-02-22 15:27:54;INFO]----------------------------------------------------------------------------------------------------

[2025-02-22 15:27:54;INFO]Current Epoch: 103 / 500 | Learning Rate : 0.0007938926261462978
[2025-02-22 15:28:13;INFO]Train | Loss : 0.087255 | ACC : 3358/3360 (99.940%)
[2025-02-22 15:28:16;INFO]Valid | Loss : 0.367017 | ACC : 1254/1440 (87.083%)
[2025-02-22 15:28:16;INFO]      | Loss didn't drop!

[2025-02-22 15:28:16;INFO]best epoch: 75, best loss: 0.179380
[2025-02-22 15:28:16;INFO]----------------------------------------------------------------------------------------------------

[2025-02-22 15:28:16;INFO]Current Epoch: 104 / 500 | Learning Rate : 6.155829702431115e-06
[2025-02-22 15:28:35;INFO]Train | Loss : 0.084860 | ACC : 3360/3360 (100.000%)
[2025-02-22 15:28:38;INFO]Valid | Loss : 5.207686 | ACC : 554/1440 (38.472%)
[2025-02-22 15:28:38;INFO]      | Loss didn't drop!

[2025-02-22 15:28:38;INFO]best epoch: 75, best loss: 0.179380
[2025-02-22 15:28:38;INFO]----------------------------------------------------------------------------------------------------

[2025-02-22 15:28:38;INFO]Current Epoch: 105 / 500 | Learning Rate : 0.0006545084971877033
[2025-02-22 15:28:57;INFO]Train | Loss : 0.069294 | ACC : 3360/3360 (100.000%)
[2025-02-22 15:28:59;INFO]Valid | Loss : 3.308189 | ACC : 591/1440 (41.042%)
[2025-02-22 15:28:59;INFO]      | Loss didn't drop!

[2025-02-22 15:28:59;INFO]best epoch: 75, best loss: 0.179380
[2025-02-22 15:28:59;INFO]----------------------------------------------------------------------------------------------------

[2025-02-22 15:28:59;INFO]Current Epoch: 106 / 500 | Learning Rate : 0.0008535533905931735
[2025-02-22 15:29:19;INFO]Train | Loss : 0.078163 | ACC : 3360/3360 (100.000%)
[2025-02-22 15:29:21;INFO]Valid | Loss : 0.394049 | ACC : 1230/1440 (85.417%)
[2025-02-22 15:29:21;INFO]      | Loss didn't drop!

[2025-02-22 15:29:21;INFO]best epoch: 75, best loss: 0.179380
[2025-02-22 15:29:21;INFO]----------------------------------------------------------------------------------------------------

[2025-02-22 15:29:21;INFO]Current Epoch: 107 / 500 | Learning Rate : 2.4471741852441866e-05
[2025-02-22 15:29:40;INFO]Train | Loss : 0.072226 | ACC : 3360/3360 (100.000%)
[2025-02-22 15:29:43;INFO]Valid | Loss : 5.377511 | ACC : 532/1440 (36.944%)
[2025-02-22 15:29:43;INFO]      | Loss didn't drop!

[2025-02-22 15:29:43;INFO]best epoch: 75, best loss: 0.179380
[2025-02-22 15:29:43;INFO]----------------------------------------------------------------------------------------------------

[2025-02-22 15:29:43;INFO]Current Epoch: 108 / 500 | Learning Rate : 0.0005782172325206346
[2025-02-22 15:30:02;INFO]Train | Loss : 0.080915 | ACC : 3358/3360 (99.940%)
[2025-02-22 15:30:05;INFO]Valid | Loss : 1.581842 | ACC : 888/1440 (61.667%)
[2025-02-22 15:30:05;INFO]      | Loss didn't drop!

[2025-02-22 15:30:05;INFO]best epoch: 75, best loss: 0.179380
[2025-02-22 15:30:05;INFO]----------------------------------------------------------------------------------------------------

[2025-02-22 15:30:05;INFO]Current Epoch: 109 / 500 | Learning Rate : 0.0009045084971878445
[2025-02-22 15:30:24;INFO]Train | Loss : 0.112137 | ACC : 3352/3360 (99.762%)
[2025-02-22 15:30:26;INFO]Valid | Loss : 0.439657 | ACC : 1243/1440 (86.319%)
[2025-02-22 15:30:26;INFO]      | Loss didn't drop!

[2025-02-22 15:30:26;INFO]best epoch: 75, best loss: 0.179380
[2025-02-22 15:30:26;INFO]----------------------------------------------------------------------------------------------------

[2025-02-22 15:30:26;INFO]Current Epoch: 110 / 500 | Learning Rate : 5.4496737905800016e-05
[2025-02-22 15:30:45;INFO]Train | Loss : 0.094439 | ACC : 3356/3360 (99.881%)
[2025-02-22 15:30:48;INFO]Valid | Loss : 3.919439 | ACC : 367/1440 (25.486%)
[2025-02-22 15:30:48;INFO]      | Loss didn't drop!

[2025-02-22 15:30:48;INFO]best epoch: 75, best loss: 0.179380
[2025-02-22 15:30:48;INFO]----------------------------------------------------------------------------------------------------

[2025-02-22 15:30:48;INFO]Current Epoch: 111 / 500 | Learning Rate : 0.0004999999999999717
[2025-02-22 15:31:07;INFO]Train | Loss : 0.077339 | ACC : 3358/3360 (99.940%)
[2025-02-22 15:31:10;INFO]Valid | Loss : 3.433252 | ACC : 698/1440 (48.472%)
[2025-02-22 15:31:10;INFO]      | Loss didn't drop!

[2025-02-22 15:31:10;INFO]best epoch: 75, best loss: 0.179380
[2025-02-22 15:31:10;INFO]----------------------------------------------------------------------------------------------------

[2025-02-22 15:31:10;INFO]Current Epoch: 112 / 500 | Learning Rate : 0.0009455032620937474
[2025-02-22 15:31:29;INFO]Train | Loss : 0.072312 | ACC : 3360/3360 (100.000%)
[2025-02-22 15:31:31;INFO]Valid | Loss : 0.538515 | ACC : 1187/1440 (82.431%)
[2025-02-22 15:31:31;INFO]      | Loss didn't drop!

[2025-02-22 15:31:31;INFO]best epoch: 75, best loss: 0.179380
[2025-02-22 15:31:31;INFO]----------------------------------------------------------------------------------------------------

[2025-02-22 15:31:31;INFO]Current Epoch: 113 / 500 | Learning Rate : 9.54915028125758e-05
[2025-02-22 15:31:50;INFO]Train | Loss : 0.062953 | ACC : 3360/3360 (100.000%)
[2025-02-22 15:31:53;INFO]Valid | Loss : 1.948423 | ACC : 779/1440 (54.097%)
[2025-02-22 15:31:53;INFO]      | Loss didn't drop!

[2025-02-22 15:31:53;INFO]best epoch: 75, best loss: 0.179380
[2025-02-22 15:31:53;INFO]----------------------------------------------------------------------------------------------------

[2025-02-22 15:31:53;INFO]Current Epoch: 114 / 500 | Learning Rate : 0.0004217827674801098
[2025-02-22 15:32:12;INFO]Train | Loss : 0.062552 | ACC : 3360/3360 (100.000%)
[2025-02-22 15:32:15;INFO]Valid | Loss : 2.281586 | ACC : 763/1440 (52.986%)
[2025-02-22 15:32:15;INFO]      | Loss didn't drop!

[2025-02-22 15:32:15;INFO]best epoch: 75, best loss: 0.179380
[2025-02-22 15:32:15;INFO]----------------------------------------------------------------------------------------------------

[2025-02-22 15:32:15;INFO]Current Epoch: 115 / 500 | Learning Rate : 0.0009755282581476647
[2025-02-22 15:32:34;INFO]Train | Loss : 0.077651 | ACC : 3356/3360 (99.881%)
[2025-02-22 15:32:37;INFO]Valid | Loss : 0.274117 | ACC : 1343/1440 (93.264%)
[2025-02-22 15:32:37;INFO]      | Loss didn't drop!

[2025-02-22 15:32:37;INFO]best epoch: 75, best loss: 0.179380
[2025-02-22 15:32:37;INFO]----------------------------------------------------------------------------------------------------

[2025-02-22 15:32:37;INFO]Current Epoch: 116 / 500 | Learning Rate : 0.00014644660940667456
[2025-02-22 15:32:56;INFO]Train | Loss : 0.094211 | ACC : 3355/3360 (99.851%)
[2025-02-22 15:32:58;INFO]Valid | Loss : 0.542962 | ACC : 1153/1440 (80.069%)
[2025-02-22 15:32:58;INFO]      | Loss didn't drop!

[2025-02-22 15:32:58;INFO]best epoch: 75, best loss: 0.179380
[2025-02-22 15:32:58;INFO]----------------------------------------------------------------------------------------------------

[2025-02-22 15:32:58;INFO]Current Epoch: 117 / 500 | Learning Rate : 0.0003454915028124259
[2025-02-22 15:33:17;INFO]Train | Loss : 0.079360 | ACC : 3356/3360 (99.881%)
[2025-02-22 15:33:20;INFO]Valid | Loss : 10.127284 | ACC : 234/1440 (16.250%)
[2025-02-22 15:33:20;INFO]      | Loss didn't drop!

[2025-02-22 15:33:20;INFO]best epoch: 75, best loss: 0.179380
[2025-02-22 15:33:20;INFO]----------------------------------------------------------------------------------------------------

[2025-02-22 15:33:20;INFO]Current Epoch: 118 / 500 | Learning Rate : 0.000993844170298202
[2025-02-22 15:33:39;INFO]Train | Loss : 0.253958 | ACC : 3328/3360 (99.048%)
[2025-02-22 15:33:42;INFO]Valid | Loss : 1.281016 | ACC : 842/1440 (58.472%)
[2025-02-22 15:33:42;INFO]      | Loss didn't drop!

[2025-02-22 15:33:42;INFO]best epoch: 75, best loss: 0.179380
[2025-02-22 15:33:42;INFO]----------------------------------------------------------------------------------------------------

[2025-02-22 15:33:42;INFO]Current Epoch: 119 / 500 | Learning Rate : 0.00020610737385378378
[2025-02-22 15:34:01;INFO]Train | Loss : 0.139917 | ACC : 3353/3360 (99.792%)
[2025-02-22 15:34:03;INFO]Valid | Loss : 2.413752 | ACC : 811/1440 (56.319%)
[2025-02-22 15:34:03;INFO]      | Loss didn't drop!

[2025-02-22 15:34:03;INFO]best epoch: 75, best loss: 0.179380
[2025-02-22 15:34:03;INFO]----------------------------------------------------------------------------------------------------

[2025-02-22 15:34:03;INFO]Current Epoch: 120 / 500 | Learning Rate : 0.0002730047501302978
[2025-02-22 15:34:22;INFO]Train | Loss : 0.075205 | ACC : 3359/3360 (99.970%)
[2025-02-22 15:34:25;INFO]Valid | Loss : 2.120144 | ACC : 833/1440 (57.847%)
[2025-02-22 15:34:25;INFO]      | Loss didn't drop!

[2025-02-22 15:34:25;INFO]best epoch: 75, best loss: 0.179380
[2025-02-22 15:34:25;INFO]----------------------------------------------------------------------------------------------------

[2025-02-22 15:34:25;INFO]Current Epoch: 121 / 500 | Learning Rate : 0.0010000000000004597
[2025-02-22 15:34:44;INFO]Train | Loss : 0.079758 | ACC : 3356/3360 (99.881%)
[2025-02-22 15:34:47;INFO]Valid | Loss : 0.437446 | ACC : 1246/1440 (86.528%)
[2025-02-22 15:34:47;INFO]      | Loss didn't drop!

[2025-02-22 15:34:47;INFO]best epoch: 75, best loss: 0.179380
[2025-02-22 15:34:47;INFO]----------------------------------------------------------------------------------------------------

[2025-02-22 15:34:47;INFO]Current Epoch: 122 / 500 | Learning Rate : 0.0002730047501300402
[2025-02-22 15:35:06;INFO]Train | Loss : 0.059066 | ACC : 3360/3360 (100.000%)
[2025-02-22 15:35:09;INFO]Valid | Loss : 0.291465 | ACC : 1324/1440 (91.944%)
[2025-02-22 15:35:09;INFO]      | Loss didn't drop!

[2025-02-22 15:35:09;INFO]best epoch: 75, best loss: 0.179380
[2025-02-22 15:35:09;INFO]----------------------------------------------------------------------------------------------------

[2025-02-22 15:35:09;INFO]Current Epoch: 123 / 500 | Learning Rate : 0.00020610737385363126
[2025-02-22 15:35:28;INFO]Train | Loss : 0.050396 | ACC : 3360/3360 (100.000%)
[2025-02-22 15:35:30;INFO]Valid | Loss : 7.364304 | ACC : 539/1440 (37.431%)
[2025-02-22 15:35:30;INFO]      | Loss didn't drop!

[2025-02-22 15:35:30;INFO]best epoch: 75, best loss: 0.179380
[2025-02-22 15:35:30;INFO]----------------------------------------------------------------------------------------------------

[2025-02-22 15:35:30;INFO]Current Epoch: 124 / 500 | Learning Rate : 0.000993844170298571
[2025-02-22 15:35:49;INFO]Train | Loss : 0.062101 | ACC : 3359/3360 (99.970%)
[2025-02-22 15:35:52;INFO]Valid | Loss : 0.735925 | ACC : 1152/1440 (80.000%)
[2025-02-22 15:35:52;INFO]      | Loss didn't drop!

[2025-02-22 15:35:52;INFO]best epoch: 75, best loss: 0.179380
[2025-02-22 15:35:52;INFO]----------------------------------------------------------------------------------------------------

[2025-02-22 15:35:52;INFO]Current Epoch: 125 / 500 | Learning Rate : 0.00034549150281245553
[2025-02-22 15:36:11;INFO]Train | Loss : 0.072044 | ACC : 3360/3360 (100.000%)
[2025-02-22 15:36:14;INFO]Valid | Loss : 1.496844 | ACC : 981/1440 (68.125%)
[2025-02-22 15:36:14;INFO]      | Loss didn't drop!

[2025-02-22 15:36:14;INFO]best epoch: 75, best loss: 0.179380
[2025-02-22 15:36:14;INFO]----------------------------------------------------------------------------------------------------

[2025-02-22 15:36:14;INFO]Current Epoch: 126 / 500 | Learning Rate : 0.00014644660940669254
[2025-02-22 15:36:33;INFO]Train | Loss : 0.050391 | ACC : 3360/3360 (100.000%)
[2025-02-22 15:36:35;INFO]Valid | Loss : 2.904050 | ACC : 627/1440 (43.542%)
[2025-02-22 15:36:35;INFO]      | Loss didn't drop!

[2025-02-22 15:36:35;INFO]best epoch: 75, best loss: 0.179380
[2025-02-22 15:36:35;INFO]----------------------------------------------------------------------------------------------------

[2025-02-22 15:36:35;INFO]Current Epoch: 127 / 500 | Learning Rate : 0.000975528258147695
[2025-02-22 15:36:54;INFO]Train | Loss : 0.044811 | ACC : 3360/3360 (100.000%)
[2025-02-22 15:36:57;INFO]Valid | Loss : 1.477774 | ACC : 911/1440 (63.264%)
[2025-02-22 15:36:57;INFO]      | Loss didn't drop!

[2025-02-22 15:36:57;INFO]best epoch: 75, best loss: 0.179380
[2025-02-22 15:36:57;INFO]----------------------------------------------------------------------------------------------------

[2025-02-22 15:36:57;INFO]Current Epoch: 128 / 500 | Learning Rate : 0.00042178276748000825
[2025-02-22 15:37:16;INFO]Train | Loss : 0.041161 | ACC : 3360/3360 (100.000%)
[2025-02-22 15:37:19;INFO]Valid | Loss : 0.426019 | ACC : 1292/1440 (89.722%)
[2025-02-22 15:37:19;INFO]      | Loss didn't drop!

[2025-02-22 15:37:19;INFO]best epoch: 75, best loss: 0.179380
[2025-02-22 15:37:19;INFO]----------------------------------------------------------------------------------------------------

[2025-02-22 15:37:19;INFO]Current Epoch: 129 / 500 | Learning Rate : 9.549150281256952e-05
[2025-02-22 15:37:38;INFO]Train | Loss : 0.042366 | ACC : 3360/3360 (100.000%)
[2025-02-22 15:37:40;INFO]Valid | Loss : 2.489703 | ACC : 865/1440 (60.069%)
[2025-02-22 15:37:40;INFO]      | Loss didn't drop!

[2025-02-22 15:37:40;INFO]best epoch: 75, best loss: 0.179380
[2025-02-22 15:37:40;INFO]----------------------------------------------------------------------------------------------------

[2025-02-22 15:37:40;INFO]Current Epoch: 130 / 500 | Learning Rate : 0.0009455032620948236
[2025-02-22 15:37:59;INFO]Train | Loss : 0.043029 | ACC : 3360/3360 (100.000%)
[2025-02-22 15:38:02;INFO]Valid | Loss : 5.124722 | ACC : 483/1440 (33.542%)
[2025-02-22 15:38:02;INFO]      | Loss didn't drop!

[2025-02-22 15:38:02;INFO]best epoch: 75, best loss: 0.179380
[2025-02-22 15:38:02;INFO]----------------------------------------------------------------------------------------------------

[2025-02-22 15:38:02;INFO]Current Epoch: 131 / 500 | Learning Rate : 0.0005000000000004608
[2025-02-22 15:38:21;INFO]Train | Loss : 0.044935 | ACC : 3360/3360 (100.000%)
[2025-02-22 15:38:24;INFO]Valid | Loss : 0.469269 | ACC : 1180/1440 (81.944%)
[2025-02-22 15:38:24;INFO]      | Loss didn't drop!

[2025-02-22 15:38:24;INFO]best epoch: 75, best loss: 0.179380
[2025-02-22 15:38:24;INFO]----------------------------------------------------------------------------------------------------

[2025-02-22 15:38:24;INFO]Current Epoch: 132 / 500 | Learning Rate : 5.449673790585737e-05
[2025-02-22 15:38:43;INFO]Train | Loss : 0.043624 | ACC : 3360/3360 (100.000%)
[2025-02-22 15:38:46;INFO]Valid | Loss : 6.258274 | ACC : 519/1440 (36.042%)
[2025-02-22 15:38:46;INFO]      | Loss didn't drop!

[2025-02-22 15:38:46;INFO]best epoch: 75, best loss: 0.179380
[2025-02-22 15:38:46;INFO]----------------------------------------------------------------------------------------------------

[2025-02-22 15:38:46;INFO]Current Epoch: 133 / 500 | Learning Rate : 0.0009045084971872654
[2025-02-22 15:39:05;INFO]Train | Loss : 0.059122 | ACC : 3358/3360 (99.940%)
[2025-02-22 15:39:07;INFO]Valid | Loss : 1.741351 | ACC : 823/1440 (57.153%)
[2025-02-22 15:39:07;INFO]      | Loss didn't drop!

[2025-02-22 15:39:07;INFO]best epoch: 75, best loss: 0.179380
[2025-02-22 15:39:07;INFO]----------------------------------------------------------------------------------------------------

[2025-02-22 15:39:07;INFO]Current Epoch: 134 / 500 | Learning Rate : 0.0005782172325201601
[2025-02-22 15:39:26;INFO]Train | Loss : 0.095229 | ACC : 3352/3360 (99.762%)
[2025-02-22 15:39:29;INFO]Valid | Loss : 0.368653 | ACC : 1266/1440 (87.917%)
[2025-02-22 15:39:29;INFO]      | Loss didn't drop!

[2025-02-22 15:39:29;INFO]best epoch: 75, best loss: 0.179380
[2025-02-22 15:39:29;INFO]----------------------------------------------------------------------------------------------------

[2025-02-22 15:39:29;INFO]Current Epoch: 135 / 500 | Learning Rate : 2.447174185242506e-05
[2025-02-22 15:39:48;INFO]Train | Loss : 0.054041 | ACC : 3360/3360 (100.000%)
[2025-02-22 15:39:51;INFO]Valid | Loss : 6.294388 | ACC : 425/1440 (29.514%)
[2025-02-22 15:39:51;INFO]      | Loss didn't drop!

[2025-02-22 15:39:51;INFO]best epoch: 75, best loss: 0.179380
[2025-02-22 15:39:51;INFO]----------------------------------------------------------------------------------------------------

[2025-02-22 15:39:51;INFO]Current Epoch: 136 / 500 | Learning Rate : 0.0008535533905935647
[2025-02-22 15:40:10;INFO]Train | Loss : 0.054778 | ACC : 3356/3360 (99.881%)
[2025-02-22 15:40:12;INFO]Valid | Loss : 2.553490 | ACC : 614/1440 (42.639%)
[2025-02-22 15:40:12;INFO]      | Loss didn't drop!

[2025-02-22 15:40:12;INFO]best epoch: 75, best loss: 0.179380
[2025-02-22 15:40:12;INFO]----------------------------------------------------------------------------------------------------

[2025-02-22 15:40:12;INFO]Current Epoch: 137 / 500 | Learning Rate : 0.0006545084971878571
[2025-02-22 15:40:31;INFO]Train | Loss : 0.124530 | ACC : 3347/3360 (99.613%)
[2025-02-22 15:40:34;INFO]Valid | Loss : 1.787350 | ACC : 1051/1440 (72.986%)
[2025-02-22 15:40:34;INFO]      | Loss didn't drop!

[2025-02-22 15:40:34;INFO]best epoch: 75, best loss: 0.179380
[2025-02-22 15:40:34;INFO]----------------------------------------------------------------------------------------------------

[2025-02-22 15:40:34;INFO]Current Epoch: 138 / 500 | Learning Rate : 6.1558297024391145e-06
[2025-02-22 15:40:53;INFO]Train | Loss : 0.070197 | ACC : 3360/3360 (100.000%)
[2025-02-22 15:40:56;INFO]Valid | Loss : 3.577414 | ACC : 495/1440 (34.375%)
[2025-02-22 15:40:56;INFO]      | Loss didn't drop!

[2025-02-22 15:40:56;INFO]best epoch: 75, best loss: 0.179380
[2025-02-22 15:40:56;INFO]----------------------------------------------------------------------------------------------------

[2025-02-22 15:40:56;INFO]Current Epoch: 139 / 500 | Learning Rate : 0.0007938926261457697
[2025-02-22 15:41:15;INFO]Train | Loss : 0.048500 | ACC : 3360/3360 (100.000%)
[2025-02-22 15:41:18;INFO]Valid | Loss : 3.957258 | ACC : 818/1440 (56.806%)
[2025-02-22 15:41:18;INFO]      | Loss didn't drop!

[2025-02-22 15:41:18;INFO]best epoch: 75, best loss: 0.179380
[2025-02-22 15:41:18;INFO]----------------------------------------------------------------------------------------------------

[2025-02-22 15:41:18;INFO]Current Epoch: 140 / 500 | Learning Rate : 0.0007269952498705774
[2025-02-22 15:41:37;INFO]Train | Loss : 0.046474 | ACC : 3360/3360 (100.000%)
[2025-02-22 15:41:39;INFO]Valid | Loss : 0.536911 | ACC : 1265/1440 (87.847%)
[2025-02-22 15:41:39;INFO]      | Loss didn't drop!

[2025-02-22 15:41:39;INFO]best epoch: 75, best loss: 0.179380
[2025-02-22 15:41:39;INFO]----------------------------------------------------------------------------------------------------

[2025-02-22 15:41:39;INFO]Current Epoch: 141 / 500 | Learning Rate : 0.0
[2025-02-22 15:41:58;INFO]Train | Loss : 0.038957 | ACC : 3360/3360 (100.000%)
[2025-02-22 15:42:01;INFO]Valid | Loss : 0.917189 | ACC : 1057/1440 (73.403%)
[2025-02-22 15:42:01;INFO]      | Loss didn't drop!

[2025-02-22 15:42:01;INFO]best epoch: 75, best loss: 0.179380
[2025-02-22 15:42:01;INFO]----------------------------------------------------------------------------------------------------

[2025-02-22 15:42:01;INFO]Current Epoch: 142 / 500 | Learning Rate : 0.0007269952498697674
[2025-02-22 15:42:20;INFO]Train | Loss : 0.043205 | ACC : 3358/3360 (99.940%)
[2025-02-22 15:42:23;INFO]Valid | Loss : 1.429204 | ACC : 917/1440 (63.681%)
[2025-02-22 15:42:23;INFO]      | Loss didn't drop!

[2025-02-22 15:42:23;INFO]best epoch: 75, best loss: 0.179380
[2025-02-22 15:42:23;INFO]----------------------------------------------------------------------------------------------------

[2025-02-22 15:42:23;INFO]Current Epoch: 143 / 500 | Learning Rate : 0.0007938926261464284
[2025-02-22 15:42:42;INFO]Train | Loss : 0.069714 | ACC : 3354/3360 (99.821%)
[2025-02-22 15:42:44;INFO]Valid | Loss : 0.488159 | ACC : 1170/1440 (81.250%)
[2025-02-22 15:42:44;INFO]      | Loss didn't drop!

[2025-02-22 15:42:44;INFO]best epoch: 75, best loss: 0.179380
[2025-02-22 15:42:44;INFO]----------------------------------------------------------------------------------------------------

[2025-02-22 15:42:44;INFO]Current Epoch: 144 / 500 | Learning Rate : 6.155829702431115e-06
[2025-02-22 15:43:03;INFO]Train | Loss : 0.046130 | ACC : 3360/3360 (100.000%)
[2025-02-22 15:43:06;INFO]Valid | Loss : 0.845476 | ACC : 1141/1440 (79.236%)
[2025-02-22 15:43:06;INFO]      | Loss didn't drop!

[2025-02-22 15:43:06;INFO]best epoch: 75, best loss: 0.179380
[2025-02-22 15:43:06;INFO]----------------------------------------------------------------------------------------------------

[2025-02-22 15:43:06;INFO]Current Epoch: 145 / 500 | Learning Rate : 0.0006545084971878013
[2025-02-22 15:43:25;INFO]Train | Loss : 0.037021 | ACC : 3360/3360 (100.000%)
[2025-02-22 15:43:28;INFO]Valid | Loss : 1.924904 | ACC : 827/1440 (57.431%)
[2025-02-22 15:43:28;INFO]      | Loss didn't drop!

[2025-02-22 15:43:28;INFO]best epoch: 75, best loss: 0.179380
[2025-02-22 15:43:28;INFO]----------------------------------------------------------------------------------------------------

[2025-02-22 15:43:28;INFO]Current Epoch: 146 / 500 | Learning Rate : 0.0008535533905939307
[2025-02-22 15:43:47;INFO]Train | Loss : 0.038720 | ACC : 3360/3360 (100.000%)
[2025-02-22 15:43:49;INFO]Valid | Loss : 0.132579 | ACC : 1399/1440 (97.153%)
[2025-02-22 15:43:49;INFO]      | Loss dropped from 0.179380 to 0.132579, model has been saved!

[2025-02-22 15:43:49;INFO]best epoch: 146, best loss: 0.132579
[2025-02-22 15:43:49;INFO]----------------------------------------------------------------------------------------------------

[2025-02-22 15:43:49;INFO]Current Epoch: 147 / 500 | Learning Rate : 2.447174185245272e-05
[2025-02-22 15:44:08;INFO]Train | Loss : 0.030224 | ACC : 3360/3360 (100.000%)
[2025-02-22 15:44:11;INFO]Valid | Loss : 0.397007 | ACC : 1221/1440 (84.792%)
[2025-02-22 15:44:11;INFO]      | Loss didn't drop!

[2025-02-22 15:44:11;INFO]best epoch: 146, best loss: 0.132579
[2025-02-22 15:44:11;INFO]----------------------------------------------------------------------------------------------------

[2025-02-22 15:44:11;INFO]Current Epoch: 148 / 500 | Learning Rate : 0.0005782172325207405
[2025-02-22 15:44:30;INFO]Train | Loss : 0.030454 | ACC : 3360/3360 (100.000%)
[2025-02-22 15:44:33;INFO]Valid | Loss : 0.903552 | ACC : 979/1440 (67.986%)
[2025-02-22 15:44:33;INFO]      | Loss didn't drop!

[2025-02-22 15:44:33;INFO]best epoch: 146, best loss: 0.132579
[2025-02-22 15:44:33;INFO]----------------------------------------------------------------------------------------------------

[2025-02-22 15:44:33;INFO]Current Epoch: 149 / 500 | Learning Rate : 0.0009045084971873508
[2025-02-22 15:44:52;INFO]Train | Loss : 0.035799 | ACC : 3360/3360 (100.000%)
[2025-02-22 15:44:55;INFO]Valid | Loss : 0.134941 | ACC : 1413/1440 (98.125%)
[2025-02-22 15:44:55;INFO]      | Loss didn't drop!

[2025-02-22 15:44:55;INFO]best epoch: 146, best loss: 0.132579
[2025-02-22 15:44:55;INFO]----------------------------------------------------------------------------------------------------

[2025-02-22 15:44:55;INFO]Current Epoch: 150 / 500 | Learning Rate : 5.449673790581913e-05
[2025-02-22 15:45:14;INFO]Train | Loss : 0.032698 | ACC : 3360/3360 (100.000%)
[2025-02-22 15:45:16;INFO]Valid | Loss : 0.866786 | ACC : 1017/1440 (70.625%)
[2025-02-22 15:45:16;INFO]      | Loss didn't drop!

[2025-02-22 15:45:16;INFO]best epoch: 146, best loss: 0.132579
[2025-02-22 15:45:16;INFO]----------------------------------------------------------------------------------------------------

[2025-02-22 15:45:16;INFO]Current Epoch: 151 / 500 | Learning Rate : 0.0005000000000001212
[2025-02-22 15:45:35;INFO]Train | Loss : 0.030320 | ACC : 3360/3360 (100.000%)
[2025-02-22 15:45:38;INFO]Valid | Loss : 4.340959 | ACC : 643/1440 (44.653%)
[2025-02-22 15:45:38;INFO]      | Loss didn't drop!

[2025-02-22 15:45:38;INFO]best epoch: 146, best loss: 0.132579
[2025-02-22 15:45:38;INFO]----------------------------------------------------------------------------------------------------

[2025-02-22 15:45:38;INFO]Current Epoch: 152 / 500 | Learning Rate : 0.0009455032620945883
[2025-02-22 15:45:57;INFO]Train | Loss : 0.034831 | ACC : 3360/3360 (100.000%)
[2025-02-22 15:46:00;INFO]Valid | Loss : 0.147618 | ACC : 1390/1440 (96.528%)
[2025-02-22 15:46:00;INFO]      | Loss didn't drop!

[2025-02-22 15:46:00;INFO]best epoch: 146, best loss: 0.132579
[2025-02-22 15:46:00;INFO]----------------------------------------------------------------------------------------------------

[2025-02-22 15:46:00;INFO]Current Epoch: 153 / 500 | Learning Rate : 9.549150281260574e-05
[2025-02-22 15:46:19;INFO]Train | Loss : 0.033115 | ACC : 3360/3360 (100.000%)
[2025-02-22 15:46:21;INFO]Valid | Loss : 1.048408 | ACC : 935/1440 (64.931%)
[2025-02-22 15:46:21;INFO]      | Loss didn't drop!

[2025-02-22 15:46:21;INFO]best epoch: 146, best loss: 0.132579
[2025-02-22 15:46:21;INFO]----------------------------------------------------------------------------------------------------

[2025-02-22 15:46:21;INFO]Current Epoch: 154 / 500 | Learning Rate : 0.0004217827674801928
[2025-02-22 15:46:40;INFO]Train | Loss : 0.030365 | ACC : 3360/3360 (100.000%)
[2025-02-22 15:46:43;INFO]Valid | Loss : 0.481668 | ACC : 1174/1440 (81.528%)
[2025-02-22 15:46:43;INFO]      | Loss didn't drop!

[2025-02-22 15:46:43;INFO]best epoch: 146, best loss: 0.132579
[2025-02-22 15:46:43;INFO]----------------------------------------------------------------------------------------------------

[2025-02-22 15:46:43;INFO]Current Epoch: 155 / 500 | Learning Rate : 0.0009755282581471347
[2025-02-22 15:47:02;INFO]Train | Loss : 0.030447 | ACC : 3360/3360 (100.000%)
[2025-02-22 15:47:05;INFO]Valid | Loss : 0.181623 | ACC : 1376/1440 (95.556%)
[2025-02-22 15:47:05;INFO]      | Loss didn't drop!

[2025-02-22 15:47:05;INFO]best epoch: 146, best loss: 0.132579
[2025-02-22 15:47:05;INFO]----------------------------------------------------------------------------------------------------

[2025-02-22 15:47:05;INFO]Current Epoch: 156 / 500 | Learning Rate : 0.00014644660940669478
[2025-02-22 15:47:24;INFO]Train | Loss : 0.029901 | ACC : 3360/3360 (100.000%)
[2025-02-22 15:47:27;INFO]Valid | Loss : 0.724100 | ACC : 1111/1440 (77.153%)
[2025-02-22 15:47:27;INFO]      | Loss didn't drop!

[2025-02-22 15:47:27;INFO]best epoch: 146, best loss: 0.132579
[2025-02-22 15:47:27;INFO]----------------------------------------------------------------------------------------------------

[2025-02-22 15:47:27;INFO]Current Epoch: 157 / 500 | Learning Rate : 0.00034549150281249175
[2025-02-22 15:47:46;INFO]Train | Loss : 0.027835 | ACC : 3360/3360 (100.000%)
[2025-02-22 15:47:48;INFO]Valid | Loss : 2.875138 | ACC : 671/1440 (46.597%)
[2025-02-22 15:47:48;INFO]      | Loss didn't drop!

[2025-02-22 15:47:48;INFO]best epoch: 146, best loss: 0.132579
[2025-02-22 15:47:48;INFO]----------------------------------------------------------------------------------------------------

[2025-02-22 15:47:48;INFO]Current Epoch: 158 / 500 | Learning Rate : 0.0009938441702976582
[2025-02-22 15:48:07;INFO]Train | Loss : 0.050766 | ACC : 3357/3360 (99.911%)
[2025-02-22 15:48:10;INFO]Valid | Loss : 0.140909 | ACC : 1398/1440 (97.083%)
[2025-02-22 15:48:10;INFO]      | Loss didn't drop!

[2025-02-22 15:48:10;INFO]best epoch: 146, best loss: 0.132579
[2025-02-22 15:48:10;INFO]----------------------------------------------------------------------------------------------------

[2025-02-22 15:48:10;INFO]Current Epoch: 159 / 500 | Learning Rate : 0.00020610737385381357
[2025-02-22 15:48:29;INFO]Train | Loss : 0.040473 | ACC : 3359/3360 (99.970%)
[2025-02-22 15:48:32;INFO]Valid | Loss : 2.318302 | ACC : 670/1440 (46.528%)
[2025-02-22 15:48:32;INFO]      | Loss didn't drop!

[2025-02-22 15:48:32;INFO]best epoch: 146, best loss: 0.132579
[2025-02-22 15:48:32;INFO]----------------------------------------------------------------------------------------------------

[2025-02-22 15:48:32;INFO]Current Epoch: 160 / 500 | Learning Rate : 0.00027300475013032535
[2025-02-22 15:48:51;INFO]Train | Loss : 0.032323 | ACC : 3360/3360 (100.000%)
[2025-02-22 15:48:53;INFO]Valid | Loss : 4.716604 | ACC : 456/1440 (31.667%)
[2025-02-22 15:48:53;INFO]      | Loss didn't drop!

[2025-02-22 15:48:53;INFO]best epoch: 146, best loss: 0.132579
[2025-02-22 15:48:53;INFO]----------------------------------------------------------------------------------------------------

[2025-02-22 15:48:53;INFO]Current Epoch: 161 / 500 | Learning Rate : 0.0010000000000006401
[2025-02-22 15:49:12;INFO]Train | Loss : 0.032522 | ACC : 3359/3360 (99.970%)
[2025-02-22 15:49:15;INFO]Valid | Loss : 0.143789 | ACC : 1386/1440 (96.250%)
[2025-02-22 15:49:15;INFO]      | Loss didn't drop!

[2025-02-22 15:49:15;INFO]best epoch: 146, best loss: 0.132579
[2025-02-22 15:49:15;INFO]----------------------------------------------------------------------------------------------------

[2025-02-22 15:49:15;INFO]Current Epoch: 162 / 500 | Learning Rate : 0.00027300475013042656
[2025-02-22 15:49:34;INFO]Train | Loss : 0.050568 | ACC : 3356/3360 (99.881%)
[2025-02-22 15:49:37;INFO]Valid | Loss : 1.396080 | ACC : 972/1440 (67.500%)
[2025-02-22 15:49:37;INFO]      | Loss didn't drop!

[2025-02-22 15:49:37;INFO]best epoch: 146, best loss: 0.132579
[2025-02-22 15:49:37;INFO]----------------------------------------------------------------------------------------------------

[2025-02-22 15:49:37;INFO]Current Epoch: 163 / 500 | Learning Rate : 0.0002061073738539253
[2025-02-22 15:49:56;INFO]Train | Loss : 0.034563 | ACC : 3360/3360 (100.000%)
[2025-02-22 15:49:58;INFO]Valid | Loss : 5.466635 | ACC : 537/1440 (37.292%)
[2025-02-22 15:49:58;INFO]      | Loss didn't drop!

[2025-02-22 15:49:58;INFO]best epoch: 146, best loss: 0.132579
[2025-02-22 15:49:58;INFO]----------------------------------------------------------------------------------------------------

[2025-02-22 15:49:58;INFO]Current Epoch: 164 / 500 | Learning Rate : 0.0009938441702987417
[2025-02-22 15:50:17;INFO]Train | Loss : 0.045193 | ACC : 3358/3360 (99.940%)
[2025-02-22 15:50:20;INFO]Valid | Loss : 4.921391 | ACC : 562/1440 (39.028%)
[2025-02-22 15:50:20;INFO]      | Loss didn't drop!

[2025-02-22 15:50:20;INFO]best epoch: 146, best loss: 0.132579
[2025-02-22 15:50:20;INFO]----------------------------------------------------------------------------------------------------

[2025-02-22 15:50:20;INFO]Current Epoch: 165 / 500 | Learning Rate : 0.0003454915028125081
[2025-02-22 15:50:39;INFO]Train | Loss : 0.032678 | ACC : 3360/3360 (100.000%)
[2025-02-22 15:50:42;INFO]Valid | Loss : 4.297890 | ACC : 640/1440 (44.444%)
[2025-02-22 15:50:42;INFO]      | Loss didn't drop!

[2025-02-22 15:50:42;INFO]best epoch: 146, best loss: 0.132579
[2025-02-22 15:50:42;INFO]----------------------------------------------------------------------------------------------------

[2025-02-22 15:50:42;INFO]Current Epoch: 166 / 500 | Learning Rate : 0.00014644660940672246
[2025-02-22 15:51:01;INFO]Train | Loss : 0.024382 | ACC : 3360/3360 (100.000%)
[2025-02-22 15:51:04;INFO]Valid | Loss : 2.575826 | ACC : 620/1440 (43.056%)
[2025-02-22 15:51:04;INFO]      | Loss didn't drop!

[2025-02-22 15:51:04;INFO]best epoch: 146, best loss: 0.132579
[2025-02-22 15:51:04;INFO]----------------------------------------------------------------------------------------------------

[2025-02-22 15:51:04;INFO]Current Epoch: 167 / 500 | Learning Rate : 0.0009755282581478643
[2025-02-22 15:51:23;INFO]Train | Loss : 0.024449 | ACC : 3360/3360 (100.000%)
[2025-02-22 15:51:25;INFO]Valid | Loss : 0.221005 | ACC : 1340/1440 (93.056%)
[2025-02-22 15:51:25;INFO]      | Loss didn't drop!

[2025-02-22 15:51:25;INFO]best epoch: 146, best loss: 0.132579
[2025-02-22 15:51:25;INFO]----------------------------------------------------------------------------------------------------

[2025-02-22 15:51:25;INFO]Current Epoch: 168 / 500 | Learning Rate : 0.00042178276748013
[2025-02-22 15:51:44;INFO]Train | Loss : 0.027647 | ACC : 3360/3360 (100.000%)
[2025-02-22 15:51:47;INFO]Valid | Loss : 0.383677 | ACC : 1253/1440 (87.014%)
[2025-02-22 15:51:47;INFO]      | Loss didn't drop!

[2025-02-22 15:51:47;INFO]best epoch: 146, best loss: 0.132579
[2025-02-22 15:51:47;INFO]----------------------------------------------------------------------------------------------------

[2025-02-22 15:51:47;INFO]Current Epoch: 169 / 500 | Learning Rate : 9.549150281258998e-05
[2025-02-22 15:52:06;INFO]Train | Loss : 0.025805 | ACC : 3360/3360 (100.000%)
[2025-02-22 15:52:09;INFO]Valid | Loss : 0.893193 | ACC : 1097/1440 (76.181%)
[2025-02-22 15:52:09;INFO]      | Loss didn't drop!

[2025-02-22 15:52:09;INFO]best epoch: 146, best loss: 0.132579
[2025-02-22 15:52:09;INFO]----------------------------------------------------------------------------------------------------

[2025-02-22 15:52:09;INFO]Current Epoch: 170 / 500 | Learning Rate : 0.0009455032620949967
[2025-02-22 15:52:28;INFO]Train | Loss : 0.032785 | ACC : 3360/3360 (100.000%)
[2025-02-22 15:52:30;INFO]Valid | Loss : 1.417059 | ACC : 932/1440 (64.722%)
[2025-02-22 15:52:30;INFO]      | Loss didn't drop!

[2025-02-22 15:52:30;INFO]best epoch: 146, best loss: 0.132579
[2025-02-22 15:52:30;INFO]----------------------------------------------------------------------------------------------------

[2025-02-22 15:52:30;INFO]Current Epoch: 171 / 500 | Learning Rate : 0.0004999999999998183
[2025-02-22 15:52:49;INFO]Train | Loss : 0.031969 | ACC : 3360/3360 (100.000%)
[2025-02-22 15:52:52;INFO]Valid | Loss : 2.206652 | ACC : 875/1440 (60.764%)
[2025-02-22 15:52:52;INFO]      | Loss didn't drop!

[2025-02-22 15:52:52;INFO]best epoch: 146, best loss: 0.132579
[2025-02-22 15:52:52;INFO]----------------------------------------------------------------------------------------------------

[2025-02-22 15:52:52;INFO]Current Epoch: 172 / 500 | Learning Rate : 5.449673790581702e-05
[2025-02-22 15:53:11;INFO]Train | Loss : 0.027209 | ACC : 3360/3360 (100.000%)
[2025-02-22 15:53:14;INFO]Valid | Loss : 1.338619 | ACC : 870/1440 (60.417%)
[2025-02-22 15:53:14;INFO]      | Loss didn't drop!

[2025-02-22 15:53:14;INFO]best epoch: 146, best loss: 0.132579
[2025-02-22 15:53:14;INFO]----------------------------------------------------------------------------------------------------

[2025-02-22 15:53:14;INFO]Current Epoch: 173 / 500 | Learning Rate : 0.000904508497187424
[2025-02-22 15:53:33;INFO]Train | Loss : 0.025916 | ACC : 3360/3360 (100.000%)
[2025-02-22 15:53:36;INFO]Valid | Loss : 3.720860 | ACC : 578/1440 (40.139%)
[2025-02-22 15:53:36;INFO]      | Loss didn't drop!

[2025-02-22 15:53:36;INFO]best epoch: 146, best loss: 0.132579
[2025-02-22 15:53:36;INFO]----------------------------------------------------------------------------------------------------

[2025-02-22 15:53:36;INFO]Current Epoch: 174 / 500 | Learning Rate : 0.0005782172325202576
[2025-02-22 15:53:55;INFO]Train | Loss : 0.025830 | ACC : 3360/3360 (100.000%)
[2025-02-22 15:53:57;INFO]Valid | Loss : 0.443417 | ACC : 1205/1440 (83.681%)
[2025-02-22 15:53:57;INFO]      | Loss didn't drop!

[2025-02-22 15:53:57;INFO]best epoch: 146, best loss: 0.132579
[2025-02-22 15:53:57;INFO]----------------------------------------------------------------------------------------------------

[2025-02-22 15:53:57;INFO]Current Epoch: 175 / 500 | Learning Rate : 2.4471741852431573e-05
[2025-02-22 15:54:16;INFO]Train | Loss : 0.018244 | ACC : 3360/3360 (100.000%)
[2025-02-22 15:54:19;INFO]Valid | Loss : 1.499633 | ACC : 965/1440 (67.014%)
[2025-02-22 15:54:19;INFO]      | Loss didn't drop!

[2025-02-22 15:54:19;INFO]best epoch: 146, best loss: 0.132579
[2025-02-22 15:54:19;INFO]----------------------------------------------------------------------------------------------------

[2025-02-22 15:54:19;INFO]Current Epoch: 176 / 500 | Learning Rate : 0.0008535533905936753
[2025-02-22 15:54:38;INFO]Train | Loss : 0.020160 | ACC : 3360/3360 (100.000%)
[2025-02-22 15:54:41;INFO]Valid | Loss : 2.934864 | ACC : 626/1440 (43.472%)
[2025-02-22 15:54:41;INFO]      | Loss didn't drop!

[2025-02-22 15:54:41;INFO]best epoch: 146, best loss: 0.132579
[2025-02-22 15:54:41;INFO]----------------------------------------------------------------------------------------------------

[2025-02-22 15:54:41;INFO]Current Epoch: 177 / 500 | Learning Rate : 0.0006545084971879622
[2025-02-22 15:55:00;INFO]Train | Loss : 0.020575 | ACC : 3360/3360 (100.000%)
[2025-02-22 15:55:02;INFO]Valid | Loss : 0.149424 | ACC : 1391/1440 (96.597%)
[2025-02-22 15:55:02;INFO]      | Loss didn't drop!

[2025-02-22 15:55:02;INFO]best epoch: 146, best loss: 0.132579
[2025-02-22 15:55:02;INFO]----------------------------------------------------------------------------------------------------

[2025-02-22 15:55:02;INFO]Current Epoch: 178 / 500 | Learning Rate : 6.155829702441218e-06
[2025-02-22 15:55:21;INFO]Train | Loss : 0.019557 | ACC : 3360/3360 (100.000%)
[2025-02-22 15:55:24;INFO]Valid | Loss : 1.254248 | ACC : 986/1440 (68.472%)
[2025-02-22 15:55:24;INFO]      | Loss didn't drop!

[2025-02-22 15:55:24;INFO]best epoch: 146, best loss: 0.132579
[2025-02-22 15:55:24;INFO]----------------------------------------------------------------------------------------------------

[2025-02-22 15:55:24;INFO]Current Epoch: 179 / 500 | Learning Rate : 0.0007938926261459186
[2025-02-22 15:55:43;INFO]Train | Loss : 0.026284 | ACC : 3358/3360 (99.940%)
[2025-02-22 15:55:46;INFO]Valid | Loss : 10.616522 | ACC : 133/1440 (9.236%)
[2025-02-22 15:55:46;INFO]      | Loss didn't drop!

[2025-02-22 15:55:46;INFO]best epoch: 146, best loss: 0.132579
[2025-02-22 15:55:46;INFO]----------------------------------------------------------------------------------------------------

[2025-02-22 15:55:46;INFO]Current Epoch: 180 / 500 | Learning Rate : 0.0007269952498706956
[2025-02-22 15:56:05;INFO]Train | Loss : 0.105184 | ACC : 3350/3360 (99.702%)
[2025-02-22 15:56:07;INFO]Valid | Loss : 2.721011 | ACC : 638/1440 (44.306%)
[2025-02-22 15:56:07;INFO]      | Loss didn't drop!

[2025-02-22 15:56:07;INFO]best epoch: 146, best loss: 0.132579
[2025-02-22 15:56:07;INFO]----------------------------------------------------------------------------------------------------

[2025-02-22 15:56:07;INFO]Current Epoch: 181 / 500 | Learning Rate : 0.0
[2025-02-22 15:56:26;INFO]Train | Loss : 0.052963 | ACC : 3360/3360 (100.000%)
[2025-02-22 15:56:29;INFO]Valid | Loss : 2.755666 | ACC : 714/1440 (49.583%)
[2025-02-22 15:56:29;INFO]      | Loss didn't drop!

[2025-02-22 15:56:29;INFO]best epoch: 146, best loss: 0.132579
[2025-02-22 15:56:29;INFO]----------------------------------------------------------------------------------------------------

[2025-02-22 15:56:29;INFO]Current Epoch: 182 / 500 | Learning Rate : 0.0007269952498698979
[2025-02-22 15:56:48;INFO]Train | Loss : 0.039403 | ACC : 3360/3360 (100.000%)
[2025-02-22 15:56:51;INFO]Valid | Loss : 4.638692 | ACC : 580/1440 (40.278%)
[2025-02-22 15:56:51;INFO]      | Loss didn't drop!

[2025-02-22 15:56:51;INFO]best epoch: 146, best loss: 0.132579
[2025-02-22 15:56:51;INFO]----------------------------------------------------------------------------------------------------

[2025-02-22 15:56:51;INFO]Current Epoch: 183 / 500 | Learning Rate : 0.0007938926261465201
[2025-02-22 15:57:10;INFO]Train | Loss : 0.036969 | ACC : 3359/3360 (99.970%)
[2025-02-22 15:57:13;INFO]Valid | Loss : 0.855228 | ACC : 1010/1440 (70.139%)
[2025-02-22 15:57:13;INFO]      | Loss didn't drop!

[2025-02-22 15:57:13;INFO]best epoch: 146, best loss: 0.132579
[2025-02-22 15:57:13;INFO]----------------------------------------------------------------------------------------------------

[2025-02-22 15:57:13;INFO]Current Epoch: 184 / 500 | Learning Rate : 6.155829702431115e-06
[2025-02-22 15:57:32;INFO]Train | Loss : 0.037149 | ACC : 3354/3360 (99.821%)
[2025-02-22 15:57:34;INFO]Valid | Loss : 5.757862 | ACC : 644/1440 (44.722%)
[2025-02-22 15:57:34;INFO]      | Loss didn't drop!

[2025-02-22 15:57:34;INFO]best epoch: 146, best loss: 0.132579
[2025-02-22 15:57:34;INFO]----------------------------------------------------------------------------------------------------

[2025-02-22 15:57:34;INFO]Current Epoch: 185 / 500 | Learning Rate : 0.0006545084971869753
[2025-02-22 15:57:53;INFO]Train | Loss : 0.041804 | ACC : 3356/3360 (99.881%)
[2025-02-22 15:57:56;INFO]Valid | Loss : 5.318104 | ACC : 229/1440 (15.903%)
[2025-02-22 15:57:56;INFO]      | Loss didn't drop!

[2025-02-22 15:57:56;INFO]best epoch: 146, best loss: 0.132579
[2025-02-22 15:57:56;INFO]----------------------------------------------------------------------------------------------------

[2025-02-22 15:57:56;INFO]Current Epoch: 186 / 500 | Learning Rate : 0.0008535533905940724
[2025-02-22 15:58:15;INFO]Train | Loss : 0.047271 | ACC : 3357/3360 (99.911%)
[2025-02-22 15:58:18;INFO]Valid | Loss : 0.910815 | ACC : 1142/1440 (79.306%)
[2025-02-22 15:58:18;INFO]      | Loss didn't drop!

[2025-02-22 15:58:18;INFO]best epoch: 146, best loss: 0.132579
[2025-02-22 15:58:18;INFO]----------------------------------------------------------------------------------------------------

[2025-02-22 15:58:18;INFO]Current Epoch: 187 / 500 | Learning Rate : 2.4471741852419715e-05
[2025-02-22 15:58:37;INFO]Train | Loss : 0.030780 | ACC : 3360/3360 (100.000%)
[2025-02-22 15:58:39;INFO]Valid | Loss : 2.434765 | ACC : 828/1440 (57.500%)
[2025-02-22 15:58:39;INFO]      | Loss didn't drop!

[2025-02-22 15:58:39;INFO]best epoch: 146, best loss: 0.132579
[2025-02-22 15:58:39;INFO]----------------------------------------------------------------------------------------------------

[2025-02-22 15:58:39;INFO]Current Epoch: 188 / 500 | Learning Rate : 0.0005782172325200174
[2025-02-22 15:58:58;INFO]Train | Loss : 0.029769 | ACC : 3360/3360 (100.000%)
[2025-02-22 15:59:01;INFO]Valid | Loss : 3.182765 | ACC : 489/1440 (33.958%)
[2025-02-22 15:59:01;INFO]      | Loss didn't drop!

[2025-02-22 15:59:01;INFO]best epoch: 146, best loss: 0.132579
[2025-02-22 15:59:01;INFO]----------------------------------------------------------------------------------------------------

[2025-02-22 15:59:01;INFO]Current Epoch: 189 / 500 | Learning Rate : 0.0009045084971875351
[2025-02-22 15:59:20;INFO]Train | Loss : 0.042484 | ACC : 3358/3360 (99.940%)
[2025-02-22 15:59:23;INFO]Valid | Loss : 0.195645 | ACC : 1333/1440 (92.569%)
[2025-02-22 15:59:23;INFO]      | Loss didn't drop!

[2025-02-22 15:59:23;INFO]best epoch: 146, best loss: 0.132579
[2025-02-22 15:59:23;INFO]----------------------------------------------------------------------------------------------------

[2025-02-22 15:59:23;INFO]Current Epoch: 190 / 500 | Learning Rate : 5.449673790582536e-05
[2025-02-22 15:59:42;INFO]Train | Loss : 0.027359 | ACC : 3360/3360 (100.000%)
[2025-02-22 15:59:44;INFO]Valid | Loss : 1.271068 | ACC : 984/1440 (68.333%)
[2025-02-22 15:59:44;INFO]      | Loss didn't drop!

[2025-02-22 15:59:44;INFO]best epoch: 146, best loss: 0.132579
[2025-02-22 15:59:44;INFO]----------------------------------------------------------------------------------------------------

[2025-02-22 15:59:44;INFO]Current Epoch: 191 / 500 | Learning Rate : 0.0005000000000002137
[2025-02-22 16:00:03;INFO]Train | Loss : 0.021445 | ACC : 3360/3360 (100.000%)
[2025-02-22 16:00:06;INFO]Valid | Loss : 1.085927 | ACC : 994/1440 (69.028%)
[2025-02-22 16:00:06;INFO]      | Loss didn't drop!

[2025-02-22 16:00:06;INFO]best epoch: 146, best loss: 0.132579
[2025-02-22 16:00:06;INFO]----------------------------------------------------------------------------------------------------

[2025-02-22 16:00:06;INFO]Current Epoch: 192 / 500 | Learning Rate : 0.0009455032620947557
[2025-02-22 16:00:25;INFO]Train | Loss : 0.022184 | ACC : 3360/3360 (100.000%)
[2025-02-22 16:00:28;INFO]Valid | Loss : 0.115293 | ACC : 1410/1440 (97.917%)
[2025-02-22 16:00:28;INFO]      | Loss dropped from 0.132579 to 0.115293, model has been saved!

[2025-02-22 16:00:28;INFO]best epoch: 192, best loss: 0.115293
[2025-02-22 16:00:28;INFO]----------------------------------------------------------------------------------------------------

[2025-02-22 16:00:28;INFO]Current Epoch: 193 / 500 | Learning Rate : 9.549150281258463e-05
[2025-02-22 16:00:47;INFO]Train | Loss : 0.026920 | ACC : 3359/3360 (99.970%)
[2025-02-22 16:00:50;INFO]Valid | Loss : 1.843936 | ACC : 946/1440 (65.694%)
[2025-02-22 16:00:50;INFO]      | Loss didn't drop!

[2025-02-22 16:00:50;INFO]best epoch: 192, best loss: 0.115293
[2025-02-22 16:00:50;INFO]----------------------------------------------------------------------------------------------------

[2025-02-22 16:00:50;INFO]Current Epoch: 194 / 500 | Learning Rate : 0.0004217827674802716
[2025-02-22 16:01:09;INFO]Train | Loss : 0.036805 | ACC : 3357/3360 (99.911%)
[2025-02-22 16:01:11;INFO]Valid | Loss : 1.352615 | ACC : 953/1440 (66.181%)
[2025-02-22 16:01:11;INFO]      | Loss didn't drop!

[2025-02-22 16:01:11;INFO]best epoch: 192, best loss: 0.115293
[2025-02-22 16:01:11;INFO]----------------------------------------------------------------------------------------------------

[2025-02-22 16:01:11;INFO]Current Epoch: 195 / 500 | Learning Rate : 0.0009755282581486905
[2025-02-22 16:01:30;INFO]Train | Loss : 0.029657 | ACC : 3360/3360 (100.000%)
[2025-02-22 16:01:33;INFO]Valid | Loss : 0.147383 | ACC : 1386/1440 (96.250%)
[2025-02-22 16:01:33;INFO]      | Loss didn't drop!

[2025-02-22 16:01:33;INFO]best epoch: 192, best loss: 0.115293
[2025-02-22 16:01:33;INFO]----------------------------------------------------------------------------------------------------

[2025-02-22 16:01:33;INFO]Current Epoch: 196 / 500 | Learning Rate : 0.0001464466094066762
[2025-02-22 16:01:52;INFO]Train | Loss : 0.024982 | ACC : 3360/3360 (100.000%)
[2025-02-22 16:01:55;INFO]Valid | Loss : 2.184390 | ACC : 727/1440 (50.486%)
[2025-02-22 16:01:55;INFO]      | Loss didn't drop!

[2025-02-22 16:01:55;INFO]best epoch: 192, best loss: 0.115293
[2025-02-22 16:01:55;INFO]----------------------------------------------------------------------------------------------------

[2025-02-22 16:01:55;INFO]Current Epoch: 197 / 500 | Learning Rate : 0.0003454915028125608
[2025-02-22 16:02:14;INFO]Train | Loss : 0.018334 | ACC : 3360/3360 (100.000%)
[2025-02-22 16:02:16;INFO]Valid | Loss : 0.322762 | ACC : 1290/1440 (89.583%)
[2025-02-22 16:02:16;INFO]      | Loss didn't drop!

[2025-02-22 16:02:16;INFO]best epoch: 192, best loss: 0.115293
[2025-02-22 16:02:16;INFO]----------------------------------------------------------------------------------------------------

[2025-02-22 16:02:16;INFO]Current Epoch: 198 / 500 | Learning Rate : 0.0009938441702978186
[2025-02-22 16:02:35;INFO]Train | Loss : 0.021117 | ACC : 3360/3360 (100.000%)
[2025-02-22 16:02:38;INFO]Valid | Loss : 0.110091 | ACC : 1402/1440 (97.361%)
[2025-02-22 16:02:38;INFO]      | Loss dropped from 0.115293 to 0.110091, model has been saved!

[2025-02-22 16:02:38;INFO]best epoch: 198, best loss: 0.110091
[2025-02-22 16:02:38;INFO]----------------------------------------------------------------------------------------------------

[2025-02-22 16:02:38;INFO]Current Epoch: 199 / 500 | Learning Rate : 0.00020610737385414257
[2025-02-22 16:02:57;INFO]Train | Loss : 0.021880 | ACC : 3360/3360 (100.000%)
[2025-02-22 16:03:00;INFO]Valid | Loss : 0.546587 | ACC : 1269/1440 (88.125%)
[2025-02-22 16:03:00;INFO]      | Loss didn't drop!

[2025-02-22 16:03:00;INFO]best epoch: 198, best loss: 0.110091
[2025-02-22 16:03:00;INFO]----------------------------------------------------------------------------------------------------

[2025-02-22 16:03:00;INFO]Current Epoch: 200 / 500 | Learning Rate : 0.00027300475013072406
[2025-02-22 16:03:19;INFO]Train | Loss : 0.016612 | ACC : 3360/3360 (100.000%)
[2025-02-22 16:03:22;INFO]Valid | Loss : 2.871280 | ACC : 854/1440 (59.306%)
[2025-02-22 16:03:22;INFO]      | Loss didn't drop!

[2025-02-22 16:03:22;INFO]best epoch: 198, best loss: 0.110091
[2025-02-22 16:03:22;INFO]----------------------------------------------------------------------------------------------------

[2025-02-22 16:03:22;INFO]Current Epoch: 201 / 500 | Learning Rate : 0.0009999999999993686
[2025-02-22 16:03:41;INFO]Train | Loss : 0.026746 | ACC : 3360/3360 (100.000%)
[2025-02-22 16:03:43;INFO]Valid | Loss : 0.218885 | ACC : 1339/1440 (92.986%)
[2025-02-22 16:03:43;INFO]      | Loss didn't drop!

[2025-02-22 16:03:43;INFO]best epoch: 198, best loss: 0.110091
[2025-02-22 16:03:43;INFO]----------------------------------------------------------------------------------------------------

[2025-02-22 16:03:43;INFO]Current Epoch: 202 / 500 | Learning Rate : 0.00027300475013051806
[2025-02-22 16:04:02;INFO]Train | Loss : 0.025980 | ACC : 3359/3360 (99.970%)
[2025-02-22 16:04:05;INFO]Valid | Loss : 0.684149 | ACC : 1149/1440 (79.792%)
[2025-02-22 16:04:05;INFO]      | Loss didn't drop!

[2025-02-22 16:04:05;INFO]best epoch: 198, best loss: 0.110091
[2025-02-22 16:04:05;INFO]----------------------------------------------------------------------------------------------------

[2025-02-22 16:04:05;INFO]Current Epoch: 203 / 500 | Learning Rate : 0.00020610737385396623
[2025-02-22 16:04:24;INFO]Train | Loss : 0.022037 | ACC : 3360/3360 (100.000%)
[2025-02-22 16:04:27;INFO]Valid | Loss : 5.225552 | ACC : 771/1440 (53.542%)
[2025-02-22 16:04:27;INFO]      | Loss didn't drop!

[2025-02-22 16:04:27;INFO]best epoch: 198, best loss: 0.110091
[2025-02-22 16:04:27;INFO]----------------------------------------------------------------------------------------------------

[2025-02-22 16:04:27;INFO]Current Epoch: 204 / 500 | Learning Rate : 0.00099384417029748
[2025-02-22 16:04:46;INFO]Train | Loss : 0.028354 | ACC : 3360/3360 (100.000%)
[2025-02-22 16:04:48;INFO]Valid | Loss : 0.867826 | ACC : 1180/1440 (81.944%)
[2025-02-22 16:04:48;INFO]      | Loss didn't drop!

[2025-02-22 16:04:48;INFO]best epoch: 198, best loss: 0.110091
[2025-02-22 16:04:48;INFO]----------------------------------------------------------------------------------------------------

[2025-02-22 16:04:48;INFO]Current Epoch: 205 / 500 | Learning Rate : 0.00034549150281261795
[2025-02-22 16:05:07;INFO]Train | Loss : 0.026500 | ACC : 3359/3360 (99.970%)
[2025-02-22 16:05:10;INFO]Valid | Loss : 1.967345 | ACC : 762/1440 (52.917%)
[2025-02-22 16:05:10;INFO]      | Loss didn't drop!

[2025-02-22 16:05:10;INFO]best epoch: 198, best loss: 0.110091
[2025-02-22 16:05:10;INFO]----------------------------------------------------------------------------------------------------

[2025-02-22 16:05:10;INFO]Current Epoch: 206 / 500 | Learning Rate : 0.00014644660940675382
[2025-02-22 16:05:29;INFO]Train | Loss : 0.044906 | ACC : 3354/3360 (99.821%)
[2025-02-22 16:05:32;INFO]Valid | Loss : 6.364775 | ACC : 450/1440 (31.250%)
[2025-02-22 16:05:32;INFO]      | Loss didn't drop!

[2025-02-22 16:05:32;INFO]best epoch: 198, best loss: 0.110091
[2025-02-22 16:05:32;INFO]----------------------------------------------------------------------------------------------------

[2025-02-22 16:05:32;INFO]Current Epoch: 207 / 500 | Learning Rate : 0.0009755282581480336
[2025-02-22 16:05:51;INFO]Train | Loss : 0.126239 | ACC : 3331/3360 (99.137%)
[2025-02-22 16:05:53;INFO]Valid | Loss : 5.226338 | ACC : 444/1440 (30.833%)
[2025-02-22 16:05:53;INFO]      | Loss didn't drop!

[2025-02-22 16:05:53;INFO]best epoch: 198, best loss: 0.110091
[2025-02-22 16:05:53;INFO]----------------------------------------------------------------------------------------------------

[2025-02-22 16:05:53;INFO]Current Epoch: 208 / 500 | Learning Rate : 0.00042178276747958704
[2025-02-22 16:06:12;INFO]Train | Loss : 0.061120 | ACC : 3359/3360 (99.970%)
[2025-02-22 16:06:15;INFO]Valid | Loss : 1.619283 | ACC : 918/1440 (63.750%)
[2025-02-22 16:06:15;INFO]      | Loss didn't drop!

[2025-02-22 16:06:15;INFO]best epoch: 198, best loss: 0.110091
[2025-02-22 16:06:15;INFO]----------------------------------------------------------------------------------------------------

[2025-02-22 16:06:15;INFO]Current Epoch: 209 / 500 | Learning Rate : 9.549150281247256e-05
[2025-02-22 16:06:34;INFO]Train | Loss : 0.032272 | ACC : 3360/3360 (100.000%)
[2025-02-22 16:06:37;INFO]Valid | Loss : 0.550732 | ACC : 1173/1440 (81.458%)
[2025-02-22 16:06:37;INFO]      | Loss didn't drop!

[2025-02-22 16:06:37;INFO]best epoch: 198, best loss: 0.110091
[2025-02-22 16:06:37;INFO]----------------------------------------------------------------------------------------------------

[2025-02-22 16:06:37;INFO]Current Epoch: 210 / 500 | Learning Rate : 0.0009455032620951367
[2025-02-22 16:06:56;INFO]Train | Loss : 0.037361 | ACC : 3356/3360 (99.881%)
[2025-02-22 16:06:59;INFO]Valid | Loss : 0.807541 | ACC : 1149/1440 (79.792%)
[2025-02-22 16:06:59;INFO]      | Loss didn't drop!

[2025-02-22 16:06:59;INFO]best epoch: 198, best loss: 0.110091
[2025-02-22 16:06:59;INFO]----------------------------------------------------------------------------------------------------

[2025-02-22 16:06:59;INFO]Current Epoch: 211 / 500 | Learning Rate : 0.0005000000000006184
[2025-02-22 16:07:18;INFO]Train | Loss : 0.035602 | ACC : 3356/3360 (99.881%)
[2025-02-22 16:07:20;INFO]Valid | Loss : 0.699834 | ACC : 1090/1440 (75.694%)
[2025-02-22 16:07:20;INFO]      | Loss didn't drop!

[2025-02-22 16:07:20;INFO]best epoch: 198, best loss: 0.110091
[2025-02-22 16:07:20;INFO]----------------------------------------------------------------------------------------------------

[2025-02-22 16:07:20;INFO]Current Epoch: 212 / 500 | Learning Rate : 5.449673790590808e-05
[2025-02-22 16:07:39;INFO]Train | Loss : 0.021593 | ACC : 3360/3360 (100.000%)
[2025-02-22 16:07:42;INFO]Valid | Loss : 1.468904 | ACC : 918/1440 (63.750%)
[2025-02-22 16:07:42;INFO]      | Loss didn't drop!

[2025-02-22 16:07:42;INFO]best epoch: 198, best loss: 0.110091
[2025-02-22 16:07:42;INFO]----------------------------------------------------------------------------------------------------

[2025-02-22 16:07:42;INFO]Current Epoch: 213 / 500 | Learning Rate : 0.0009045084971875828
[2025-02-22 16:08:01;INFO]Train | Loss : 0.019350 | ACC : 3360/3360 (100.000%)
[2025-02-22 16:08:04;INFO]Valid | Loss : 0.198525 | ACC : 1364/1440 (94.722%)
[2025-02-22 16:08:04;INFO]      | Loss didn't drop!

[2025-02-22 16:08:04;INFO]best epoch: 198, best loss: 0.110091
[2025-02-22 16:08:04;INFO]----------------------------------------------------------------------------------------------------

[2025-02-22 16:08:04;INFO]Current Epoch: 214 / 500 | Learning Rate : 0.0005782172325202936
[2025-02-22 16:08:23;INFO]Train | Loss : 0.016760 | ACC : 3360/3360 (100.000%)
[2025-02-22 16:08:25;INFO]Valid | Loss : 0.136749 | ACC : 1383/1440 (96.042%)
[2025-02-22 16:08:25;INFO]      | Loss didn't drop!

[2025-02-22 16:08:25;INFO]best epoch: 198, best loss: 0.110091
[2025-02-22 16:08:25;INFO]----------------------------------------------------------------------------------------------------

[2025-02-22 16:08:25;INFO]Current Epoch: 215 / 500 | Learning Rate : 2.4471741852437895e-05
[2025-02-22 16:08:44;INFO]Train | Loss : 0.014860 | ACC : 3360/3360 (100.000%)
[2025-02-22 16:08:47;INFO]Valid | Loss : 0.652667 | ACC : 1152/1440 (80.000%)
[2025-02-22 16:08:47;INFO]      | Loss didn't drop!

[2025-02-22 16:08:47;INFO]best epoch: 198, best loss: 0.110091
[2025-02-22 16:08:47;INFO]----------------------------------------------------------------------------------------------------

[2025-02-22 16:08:47;INFO]Current Epoch: 216 / 500 | Learning Rate : 0.0008535533905950977
[2025-02-22 16:09:06;INFO]Train | Loss : 0.015646 | ACC : 3360/3360 (100.000%)
[2025-02-22 16:09:09;INFO]Valid | Loss : 0.931103 | ACC : 1017/1440 (70.625%)
[2025-02-22 16:09:09;INFO]      | Loss didn't drop!

[2025-02-22 16:09:09;INFO]best epoch: 198, best loss: 0.110091
[2025-02-22 16:09:09;INFO]----------------------------------------------------------------------------------------------------

[2025-02-22 16:09:09;INFO]Current Epoch: 217 / 500 | Learning Rate : 0.0006545084971870694
[2025-02-22 16:09:28;INFO]Train | Loss : 0.020217 | ACC : 3359/3360 (99.970%)
[2025-02-22 16:09:30;INFO]Valid | Loss : 0.886033 | ACC : 1024/1440 (71.111%)
[2025-02-22 16:09:30;INFO]      | Loss didn't drop!

[2025-02-22 16:09:30;INFO]best epoch: 198, best loss: 0.110091
[2025-02-22 16:09:30;INFO]----------------------------------------------------------------------------------------------------

[2025-02-22 16:09:30;INFO]Current Epoch: 218 / 500 | Learning Rate : 6.155829702434443e-06
[2025-02-22 16:09:49;INFO]Train | Loss : 0.021036 | ACC : 3357/3360 (99.911%)
[2025-02-22 16:09:52;INFO]Valid | Loss : 6.815620 | ACC : 410/1440 (28.472%)
[2025-02-22 16:09:52;INFO]      | Loss didn't drop!

[2025-02-22 16:09:52;INFO]best epoch: 198, best loss: 0.110091
[2025-02-22 16:09:52;INFO]----------------------------------------------------------------------------------------------------

[2025-02-22 16:09:52;INFO]Current Epoch: 219 / 500 | Learning Rate : 0.0007938926261472515
[2025-02-22 16:10:11;INFO]Train | Loss : 0.032291 | ACC : 3359/3360 (99.970%)
[2025-02-22 16:10:14;INFO]Valid | Loss : 14.847679 | ACC : 358/1440 (24.861%)
[2025-02-22 16:10:14;INFO]      | Loss didn't drop!

[2025-02-22 16:10:14;INFO]best epoch: 198, best loss: 0.110091
[2025-02-22 16:10:14;INFO]----------------------------------------------------------------------------------------------------

[2025-02-22 16:10:14;INFO]Current Epoch: 220 / 500 | Learning Rate : 0.0007269952498697653
[2025-02-22 16:10:33;INFO]Train | Loss : 0.025677 | ACC : 3360/3360 (100.000%)
[2025-02-22 16:10:36;INFO]Valid | Loss : 0.494638 | ACC : 1196/1440 (83.056%)
[2025-02-22 16:10:36;INFO]      | Loss didn't drop!

[2025-02-22 16:10:36;INFO]best epoch: 198, best loss: 0.110091
[2025-02-22 16:10:36;INFO]----------------------------------------------------------------------------------------------------

[2025-02-22 16:10:36;INFO]Current Epoch: 221 / 500 | Learning Rate : 0.0
[2025-02-22 16:10:55;INFO]Train | Loss : 0.014384 | ACC : 3360/3360 (100.000%)
[2025-02-22 16:10:57;INFO]Valid | Loss : 2.541458 | ACC : 724/1440 (50.278%)
[2025-02-22 16:10:57;INFO]      | Loss didn't drop!

[2025-02-22 16:10:57;INFO]best epoch: 198, best loss: 0.110091
[2025-02-22 16:10:57;INFO]----------------------------------------------------------------------------------------------------

[2025-02-22 16:10:57;INFO]Current Epoch: 222 / 500 | Learning Rate : 0.0007269952498699845
[2025-02-22 16:11:16;INFO]Train | Loss : 0.013544 | ACC : 3360/3360 (100.000%)
[2025-02-22 16:11:19;INFO]Valid | Loss : 0.404135 | ACC : 1218/1440 (84.583%)
[2025-02-22 16:11:19;INFO]      | Loss didn't drop!

[2025-02-22 16:11:19;INFO]best epoch: 198, best loss: 0.110091
[2025-02-22 16:11:19;INFO]----------------------------------------------------------------------------------------------------

[2025-02-22 16:11:19;INFO]Current Epoch: 223 / 500 | Learning Rate : 0.0007938926261466967
[2025-02-22 16:11:38;INFO]Train | Loss : 0.016903 | ACC : 3360/3360 (100.000%)
[2025-02-22 16:11:41;INFO]Valid | Loss : 0.469222 | ACC : 1211/1440 (84.097%)
[2025-02-22 16:11:41;INFO]      | Loss didn't drop!

[2025-02-22 16:11:41;INFO]best epoch: 198, best loss: 0.110091
[2025-02-22 16:11:41;INFO]----------------------------------------------------------------------------------------------------

[2025-02-22 16:11:41;INFO]Current Epoch: 224 / 500 | Learning Rate : 6.155829702431115e-06
[2025-02-22 16:12:00;INFO]Train | Loss : 0.016653 | ACC : 3360/3360 (100.000%)
[2025-02-22 16:12:02;INFO]Valid | Loss : 1.663574 | ACC : 906/1440 (62.917%)
[2025-02-22 16:12:02;INFO]      | Loss didn't drop!

[2025-02-22 16:12:02;INFO]best epoch: 198, best loss: 0.110091
[2025-02-22 16:12:02;INFO]----------------------------------------------------------------------------------------------------

[2025-02-22 16:12:02;INFO]Current Epoch: 225 / 500 | Learning Rate : 0.000654508497187094
[2025-02-22 16:12:21;INFO]Train | Loss : 0.016872 | ACC : 3360/3360 (100.000%)
[2025-02-22 16:12:24;INFO]Valid | Loss : 3.895534 | ACC : 780/1440 (54.167%)
[2025-02-22 16:12:24;INFO]      | Loss didn't drop!

[2025-02-22 16:12:24;INFO]best epoch: 198, best loss: 0.110091
[2025-02-22 16:12:24;INFO]----------------------------------------------------------------------------------------------------

[2025-02-22 16:12:24;INFO]Current Epoch: 226 / 500 | Learning Rate : 0.0008535533905942619
[2025-02-22 16:12:43;INFO]Train | Loss : 0.017744 | ACC : 3359/3360 (99.970%)
[2025-02-22 16:12:46;INFO]Valid | Loss : 0.264982 | ACC : 1316/1440 (91.389%)
[2025-02-22 16:12:46;INFO]      | Loss didn't drop!

[2025-02-22 16:12:46;INFO]best epoch: 198, best loss: 0.110091
[2025-02-22 16:12:46;INFO]----------------------------------------------------------------------------------------------------

[2025-02-22 16:12:46;INFO]Current Epoch: 227 / 500 | Learning Rate : 2.4471741852457106e-05
[2025-02-22 16:13:05;INFO]Train | Loss : 0.016242 | ACC : 3360/3360 (100.000%)
[2025-02-22 16:13:07;INFO]Valid | Loss : 3.696428 | ACC : 908/1440 (63.056%)
[2025-02-22 16:13:07;INFO]      | Loss didn't drop!

[2025-02-22 16:13:07;INFO]best epoch: 198, best loss: 0.110091
[2025-02-22 16:13:07;INFO]----------------------------------------------------------------------------------------------------

[2025-02-22 16:13:07;INFO]Current Epoch: 228 / 500 | Learning Rate : 0.0005782172325209576
[2025-02-22 16:13:26;INFO]Train | Loss : 0.030796 | ACC : 3354/3360 (99.821%)
[2025-02-22 16:13:29;INFO]Valid | Loss : 6.742231 | ACC : 333/1440 (23.125%)
[2025-02-22 16:13:29;INFO]      | Loss didn't drop!

[2025-02-22 16:13:29;INFO]best epoch: 198, best loss: 0.110091
[2025-02-22 16:13:29;INFO]----------------------------------------------------------------------------------------------------

[2025-02-22 16:13:29;INFO]Current Epoch: 229 / 500 | Learning Rate : 0.0009045084971876861
[2025-02-22 16:13:48;INFO]Train | Loss : 0.221157 | ACC : 3305/3360 (98.363%)
[2025-02-22 16:13:51;INFO]Valid | Loss : 7.275976 | ACC : 366/1440 (25.417%)
[2025-02-22 16:13:51;INFO]      | Loss didn't drop!

[2025-02-22 16:13:51;INFO]best epoch: 198, best loss: 0.110091
[2025-02-22 16:13:51;INFO]----------------------------------------------------------------------------------------------------

[2025-02-22 16:13:51;INFO]Current Epoch: 230 / 500 | Learning Rate : 5.4496737905832074e-05
[2025-02-22 16:14:10;INFO]Train | Loss : 0.096708 | ACC : 3349/3360 (99.673%)
[2025-02-22 16:14:12;INFO]Valid | Loss : 7.212993 | ACC : 419/1440 (29.097%)
[2025-02-22 16:14:12;INFO]      | Loss didn't drop!

[2025-02-22 16:14:12;INFO]best epoch: 198, best loss: 0.110091
[2025-02-22 16:14:12;INFO]----------------------------------------------------------------------------------------------------

[2025-02-22 16:14:12;INFO]Current Epoch: 231 / 500 | Learning Rate : 0.000500000000000254
[2025-02-22 16:14:31;INFO]Train | Loss : 0.046381 | ACC : 3359/3360 (99.970%)
[2025-02-22 16:14:34;INFO]Valid | Loss : 4.238129 | ACC : 761/1440 (52.847%)
[2025-02-22 16:14:34;INFO]      | Loss didn't drop!

[2025-02-22 16:14:34;INFO]best epoch: 198, best loss: 0.110091
[2025-02-22 16:14:34;INFO]----------------------------------------------------------------------------------------------------

[2025-02-22 16:14:34;INFO]Current Epoch: 232 / 500 | Learning Rate : 0.0009455032620935505
[2025-02-22 16:14:53;INFO]Train | Loss : 0.032957 | ACC : 3360/3360 (100.000%)
[2025-02-22 16:14:56;INFO]Valid | Loss : 0.097258 | ACC : 1421/1440 (98.681%)
[2025-02-22 16:14:56;INFO]      | Loss dropped from 0.110091 to 0.097258, model has been saved!

[2025-02-22 16:14:56;INFO]best epoch: 232, best loss: 0.097258
[2025-02-22 16:14:56;INFO]----------------------------------------------------------------------------------------------------

[2025-02-22 16:14:56;INFO]Current Epoch: 233 / 500 | Learning Rate : 9.549150281245923e-05
[2025-02-22 16:15:15;INFO]Train | Loss : 0.025154 | ACC : 3360/3360 (100.000%)
[2025-02-22 16:15:17;INFO]Valid | Loss : 0.978310 | ACC : 1068/1440 (74.167%)
[2025-02-22 16:15:17;INFO]      | Loss didn't drop!

[2025-02-22 16:15:17;INFO]best epoch: 232, best loss: 0.097258
[2025-02-22 16:15:17;INFO]----------------------------------------------------------------------------------------------------

[2025-02-22 16:15:17;INFO]Current Epoch: 234 / 500 | Learning Rate : 0.0004217827674797421
[2025-02-22 16:15:36;INFO]Train | Loss : 0.021163 | ACC : 3360/3360 (100.000%)
[2025-02-22 16:15:39;INFO]Valid | Loss : 0.577370 | ACC : 1138/1440 (79.028%)
[2025-02-22 16:15:39;INFO]      | Loss didn't drop!

[2025-02-22 16:15:39;INFO]best epoch: 232, best loss: 0.097258
[2025-02-22 16:15:39;INFO]----------------------------------------------------------------------------------------------------

[2025-02-22 16:15:39;INFO]Current Epoch: 235 / 500 | Learning Rate : 0.0009755282581488636
[2025-02-22 16:15:58;INFO]Train | Loss : 0.026129 | ACC : 3360/3360 (100.000%)
[2025-02-22 16:16:01;INFO]Valid | Loss : 0.299622 | ACC : 1262/1440 (87.639%)
[2025-02-22 16:16:01;INFO]      | Loss didn't drop!

[2025-02-22 16:16:01;INFO]best epoch: 232, best loss: 0.097258
[2025-02-22 16:16:01;INFO]----------------------------------------------------------------------------------------------------

[2025-02-22 16:16:01;INFO]Current Epoch: 236 / 500 | Learning Rate : 0.00014644660940673664
[2025-02-22 16:16:20;INFO]Train | Loss : 0.021057 | ACC : 3360/3360 (100.000%)
[2025-02-22 16:16:23;INFO]Valid | Loss : 0.298034 | ACC : 1288/1440 (89.444%)
[2025-02-22 16:16:23;INFO]      | Loss didn't drop!

[2025-02-22 16:16:23;INFO]best epoch: 232, best loss: 0.097258
[2025-02-22 16:16:23;INFO]----------------------------------------------------------------------------------------------------

[2025-02-22 16:16:23;INFO]Current Epoch: 237 / 500 | Learning Rate : 0.0003454915028126264
[2025-02-22 16:16:42;INFO]Train | Loss : 0.020255 | ACC : 3360/3360 (100.000%)
[2025-02-22 16:16:44;INFO]Valid | Loss : 1.361943 | ACC : 1129/1440 (78.403%)
[2025-02-22 16:16:44;INFO]      | Loss didn't drop!

[2025-02-22 16:16:44;INFO]best epoch: 232, best loss: 0.097258
[2025-02-22 16:16:44;INFO]----------------------------------------------------------------------------------------------------

[2025-02-22 16:16:44;INFO]Current Epoch: 238 / 500 | Learning Rate : 0.0009938441702979875
[2025-02-22 16:17:03;INFO]Train | Loss : 0.019215 | ACC : 3360/3360 (100.000%)
[2025-02-22 16:17:06;INFO]Valid | Loss : 0.168427 | ACC : 1362/1440 (94.583%)
[2025-02-22 16:17:06;INFO]      | Loss didn't drop!

[2025-02-22 16:17:06;INFO]best epoch: 232, best loss: 0.097258
[2025-02-22 16:17:06;INFO]----------------------------------------------------------------------------------------------------

[2025-02-22 16:17:06;INFO]Current Epoch: 239 / 500 | Learning Rate : 0.0002061073738538749
[2025-02-22 16:17:25;INFO]Train | Loss : 0.018485 | ACC : 3359/3360 (99.970%)
[2025-02-22 16:17:28;INFO]Valid | Loss : 0.967213 | ACC : 1091/1440 (75.764%)
[2025-02-22 16:17:28;INFO]      | Loss didn't drop!

[2025-02-22 16:17:28;INFO]best epoch: 232, best loss: 0.097258
[2025-02-22 16:17:28;INFO]----------------------------------------------------------------------------------------------------

[2025-02-22 16:17:28;INFO]Current Epoch: 240 / 500 | Learning Rate : 0.0002730047501304841
[2025-02-22 16:17:47;INFO]Train | Loss : 0.026701 | ACC : 3354/3360 (99.821%)
[2025-02-22 16:17:49;INFO]Valid | Loss : 7.862512 | ACC : 584/1440 (40.556%)
[2025-02-22 16:17:49;INFO]      | Loss didn't drop!

[2025-02-22 16:17:49;INFO]best epoch: 232, best loss: 0.097258
[2025-02-22 16:17:49;INFO]----------------------------------------------------------------------------------------------------

[2025-02-22 16:17:49;INFO]Current Epoch: 241 / 500 | Learning Rate : 0.0009999999999995403
[2025-02-22 16:18:08;INFO]Train | Loss : 0.022848 | ACC : 3360/3360 (100.000%)
[2025-02-22 16:18:11;INFO]Valid | Loss : 0.065119 | ACC : 1421/1440 (98.681%)
[2025-02-22 16:18:11;INFO]      | Loss dropped from 0.097258 to 0.065119, model has been saved!

[2025-02-22 16:18:11;INFO]best epoch: 241, best loss: 0.065119
[2025-02-22 16:18:11;INFO]----------------------------------------------------------------------------------------------------

[2025-02-22 16:18:11;INFO]Current Epoch: 242 / 500 | Learning Rate : 0.00027300475013061174
[2025-02-22 16:18:30;INFO]Train | Loss : 0.020145 | ACC : 3359/3360 (99.970%)
[2025-02-22 16:18:33;INFO]Valid | Loss : 0.379994 | ACC : 1264/1440 (87.778%)
[2025-02-22 16:18:33;INFO]      | Loss didn't drop!

[2025-02-22 16:18:33;INFO]best epoch: 241, best loss: 0.065119
[2025-02-22 16:18:33;INFO]----------------------------------------------------------------------------------------------------

[2025-02-22 16:18:33;INFO]Current Epoch: 243 / 500 | Learning Rate : 0.00020610737385400895
[2025-02-22 16:18:52;INFO]Train | Loss : 0.017509 | ACC : 3359/3360 (99.970%)
[2025-02-22 16:18:54;INFO]Valid | Loss : 0.965396 | ACC : 968/1440 (67.222%)
[2025-02-22 16:18:54;INFO]      | Loss didn't drop!

[2025-02-22 16:18:54;INFO]best epoch: 241, best loss: 0.065119
[2025-02-22 16:18:54;INFO]----------------------------------------------------------------------------------------------------

[2025-02-22 16:18:54;INFO]Current Epoch: 244 / 500 | Learning Rate : 0.0009938441702990939
[2025-02-22 16:19:13;INFO]Train | Loss : 0.014921 | ACC : 3360/3360 (100.000%)
[2025-02-22 16:19:16;INFO]Valid | Loss : 0.164197 | ACC : 1348/1440 (93.611%)
[2025-02-22 16:19:16;INFO]      | Loss didn't drop!

[2025-02-22 16:19:16;INFO]best epoch: 241, best loss: 0.065119
[2025-02-22 16:19:16;INFO]----------------------------------------------------------------------------------------------------

[2025-02-22 16:19:16;INFO]Current Epoch: 245 / 500 | Learning Rate : 0.00034549150281211813
[2025-02-22 16:19:35;INFO]Train | Loss : 0.014687 | ACC : 3360/3360 (100.000%)
[2025-02-22 16:19:38;INFO]Valid | Loss : 0.699706 | ACC : 1212/1440 (84.167%)
[2025-02-22 16:19:38;INFO]      | Loss didn't drop!

[2025-02-22 16:19:38;INFO]best epoch: 241, best loss: 0.065119
[2025-02-22 16:19:38;INFO]----------------------------------------------------------------------------------------------------

[2025-02-22 16:19:38;INFO]Current Epoch: 246 / 500 | Learning Rate : 0.00014644660940653218
[2025-02-22 16:19:57;INFO]Train | Loss : 0.017467 | ACC : 3358/3360 (99.940%)
[2025-02-22 16:19:59;INFO]Valid | Loss : 4.761691 | ACC : 399/1440 (27.708%)
[2025-02-22 16:19:59;INFO]      | Loss didn't drop!

[2025-02-22 16:19:59;INFO]best epoch: 241, best loss: 0.065119
[2025-02-22 16:19:59;INFO]----------------------------------------------------------------------------------------------------

[2025-02-22 16:19:59;INFO]Current Epoch: 247 / 500 | Learning Rate : 0.0009755282581496018
[2025-02-22 16:20:18;INFO]Train | Loss : 0.090581 | ACC : 3326/3360 (98.988%)
[2025-02-22 16:20:21;INFO]Valid | Loss : 3.612112 | ACC : 683/1440 (47.431%)
[2025-02-22 16:20:21;INFO]      | Loss didn't drop!

[2025-02-22 16:20:21;INFO]best epoch: 241, best loss: 0.065119
[2025-02-22 16:20:21;INFO]----------------------------------------------------------------------------------------------------

[2025-02-22 16:20:21;INFO]Current Epoch: 248 / 500 | Learning Rate : 0.0004217827674796564
[2025-02-22 16:20:40;INFO]Train | Loss : 0.039645 | ACC : 3360/3360 (100.000%)
[2025-02-22 16:20:43;INFO]Valid | Loss : 1.243086 | ACC : 1140/1440 (79.167%)
[2025-02-22 16:20:43;INFO]      | Loss didn't drop!

[2025-02-22 16:20:43;INFO]best epoch: 241, best loss: 0.065119
[2025-02-22 16:20:43;INFO]----------------------------------------------------------------------------------------------------

[2025-02-22 16:20:43;INFO]Current Epoch: 249 / 500 | Learning Rate : 9.549150281249383e-05
[2025-02-22 16:21:02;INFO]Train | Loss : 0.019775 | ACC : 3360/3360 (100.000%)
[2025-02-22 16:21:05;INFO]Valid | Loss : 1.926556 | ACC : 851/1440 (59.097%)
[2025-02-22 16:21:05;INFO]      | Loss didn't drop!

[2025-02-22 16:21:05;INFO]best epoch: 241, best loss: 0.065119
[2025-02-22 16:21:05;INFO]----------------------------------------------------------------------------------------------------

[2025-02-22 16:21:05;INFO]Current Epoch: 250 / 500 | Learning Rate : 0.0009455032620939634
[2025-02-22 16:21:24;INFO]Train | Loss : 0.018760 | ACC : 3360/3360 (100.000%)
[2025-02-22 16:21:26;INFO]Valid | Loss : 0.673757 | ACC : 1185/1440 (82.292%)
[2025-02-22 16:21:26;INFO]      | Loss didn't drop!

[2025-02-22 16:21:26;INFO]best epoch: 241, best loss: 0.065119
[2025-02-22 16:21:26;INFO]----------------------------------------------------------------------------------------------------

[2025-02-22 16:21:26;INFO]Current Epoch: 251 / 500 | Learning Rate : 0.0005000000000000328
[2025-02-22 16:21:45;INFO]Train | Loss : 0.013956 | ACC : 3360/3360 (100.000%)
[2025-02-22 16:21:48;INFO]Valid | Loss : 0.084577 | ACC : 1413/1440 (98.125%)
[2025-02-22 16:21:48;INFO]      | Loss didn't drop!

[2025-02-22 16:21:48;INFO]best epoch: 241, best loss: 0.065119
[2025-02-22 16:21:48;INFO]----------------------------------------------------------------------------------------------------

[2025-02-22 16:21:48;INFO]Current Epoch: 252 / 500 | Learning Rate : 5.4496737905816116e-05
[2025-02-22 16:22:07;INFO]Train | Loss : 0.014295 | ACC : 3359/3360 (99.970%)
[2025-02-22 16:22:10;INFO]Valid | Loss : 2.895314 | ACC : 706/1440 (49.028%)
[2025-02-22 16:22:10;INFO]      | Loss didn't drop!

[2025-02-22 16:22:10;INFO]best epoch: 241, best loss: 0.065119
[2025-02-22 16:22:10;INFO]----------------------------------------------------------------------------------------------------

[2025-02-22 16:22:10;INFO]Current Epoch: 253 / 500 | Learning Rate : 0.0009045084971877499
[2025-02-22 16:22:29;INFO]Train | Loss : 0.028376 | ACC : 3352/3360 (99.762%)
[2025-02-22 16:22:31;INFO]Valid | Loss : 4.274660 | ACC : 670/1440 (46.528%)
[2025-02-22 16:22:31;INFO]      | Loss didn't drop!

[2025-02-22 16:22:31;INFO]best epoch: 241, best loss: 0.065119
[2025-02-22 16:22:31;INFO]----------------------------------------------------------------------------------------------------

[2025-02-22 16:22:31;INFO]Current Epoch: 254 / 500 | Learning Rate : 0.0005782172325203861
[2025-02-22 16:22:50;INFO]Train | Loss : 0.022822 | ACC : 3360/3360 (100.000%)
[2025-02-22 16:22:53;INFO]Valid | Loss : 0.397124 | ACC : 1236/1440 (85.833%)
[2025-02-22 16:22:53;INFO]      | Loss didn't drop!

[2025-02-22 16:22:53;INFO]best epoch: 241, best loss: 0.065119
[2025-02-22 16:22:53;INFO]----------------------------------------------------------------------------------------------------

[2025-02-22 16:22:53;INFO]Current Epoch: 255 / 500 | Learning Rate : 2.4471741852461778e-05
[2025-02-22 16:23:12;INFO]Train | Loss : 0.014268 | ACC : 3360/3360 (100.000%)
[2025-02-22 16:23:15;INFO]Valid | Loss : 1.140605 | ACC : 1085/1440 (75.347%)
[2025-02-22 16:23:15;INFO]      | Loss didn't drop!

[2025-02-22 16:23:15;INFO]best epoch: 241, best loss: 0.065119
[2025-02-22 16:23:15;INFO]----------------------------------------------------------------------------------------------------

[2025-02-22 16:23:15;INFO]Current Epoch: 256 / 500 | Learning Rate : 0.0008535533905939854
[2025-02-22 16:23:34;INFO]Train | Loss : 0.012267 | ACC : 3360/3360 (100.000%)
[2025-02-22 16:23:36;INFO]Valid | Loss : 2.540814 | ACC : 789/1440 (54.792%)
[2025-02-22 16:23:36;INFO]      | Loss didn't drop!

[2025-02-22 16:23:36;INFO]best epoch: 241, best loss: 0.065119
[2025-02-22 16:23:36;INFO]----------------------------------------------------------------------------------------------------

[2025-02-22 16:23:36;INFO]Current Epoch: 257 / 500 | Learning Rate : 0.0006545084971881796
[2025-02-22 16:23:55;INFO]Train | Loss : 0.012533 | ACC : 3360/3360 (100.000%)
[2025-02-22 16:23:58;INFO]Valid | Loss : 0.843913 | ACC : 1116/1440 (77.500%)
[2025-02-22 16:23:58;INFO]      | Loss didn't drop!

[2025-02-22 16:23:58;INFO]best epoch: 241, best loss: 0.065119
[2025-02-22 16:23:58;INFO]----------------------------------------------------------------------------------------------------

[2025-02-22 16:23:58;INFO]Current Epoch: 258 / 500 | Learning Rate : 6.155829702445545e-06
[2025-02-22 16:24:17;INFO]Train | Loss : 0.010288 | ACC : 3360/3360 (100.000%)
[2025-02-22 16:24:20;INFO]Valid | Loss : 2.358995 | ACC : 980/1440 (68.056%)
[2025-02-22 16:24:20;INFO]      | Loss didn't drop!

[2025-02-22 16:24:20;INFO]best epoch: 241, best loss: 0.065119
[2025-02-22 16:24:20;INFO]----------------------------------------------------------------------------------------------------

[2025-02-22 16:24:20;INFO]Current Epoch: 259 / 500 | Learning Rate : 0.0007938926261473928
[2025-02-22 16:24:39;INFO]Train | Loss : 0.012430 | ACC : 3360/3360 (100.000%)
[2025-02-22 16:24:42;INFO]Valid | Loss : 3.276730 | ACC : 713/1440 (49.514%)
[2025-02-22 16:24:42;INFO]      | Loss didn't drop!

[2025-02-22 16:24:42;INFO]best epoch: 241, best loss: 0.065119
[2025-02-22 16:24:42;INFO]----------------------------------------------------------------------------------------------------

[2025-02-22 16:24:42;INFO]Current Epoch: 260 / 500 | Learning Rate : 0.0007269952498708882
[2025-02-22 16:25:01;INFO]Train | Loss : 0.013822 | ACC : 3360/3360 (100.000%)
[2025-02-22 16:25:03;INFO]Valid | Loss : 0.165920 | ACC : 1376/1440 (95.556%)
[2025-02-22 16:25:03;INFO]      | Loss didn't drop!

[2025-02-22 16:25:03;INFO]best epoch: 241, best loss: 0.065119
[2025-02-22 16:25:03;INFO]----------------------------------------------------------------------------------------------------

[2025-02-22 16:25:03;INFO]Current Epoch: 261 / 500 | Learning Rate : 0.0
[2025-02-22 16:25:22;INFO]Train | Loss : 0.009392 | ACC : 3360/3360 (100.000%)
[2025-02-22 16:25:25;INFO]Valid | Loss : 1.654646 | ACC : 984/1440 (68.333%)
[2025-02-22 16:25:25;INFO]      | Loss didn't drop!

[2025-02-22 16:25:25;INFO]best epoch: 241, best loss: 0.065119
[2025-02-22 16:25:25;INFO]----------------------------------------------------------------------------------------------------

[2025-02-22 16:25:25;INFO]Current Epoch: 262 / 500 | Learning Rate : 0.0007269952498691171
[2025-02-22 16:25:44;INFO]Train | Loss : 0.008644 | ACC : 3360/3360 (100.000%)
[2025-02-22 16:25:47;INFO]Valid | Loss : 1.139123 | ACC : 1070/1440 (74.306%)
[2025-02-22 16:25:47;INFO]      | Loss didn't drop!

[2025-02-22 16:25:47;INFO]best epoch: 241, best loss: 0.065119
[2025-02-22 16:25:47;INFO]----------------------------------------------------------------------------------------------------

[2025-02-22 16:25:47;INFO]Current Epoch: 263 / 500 | Learning Rate : 0.0007938926261480181
[2025-02-22 16:26:06;INFO]Train | Loss : 0.009409 | ACC : 3360/3360 (100.000%)
[2025-02-22 16:26:08;INFO]Valid | Loss : 0.081585 | ACC : 1409/1440 (97.847%)
[2025-02-22 16:26:08;INFO]      | Loss didn't drop!

[2025-02-22 16:26:08;INFO]best epoch: 241, best loss: 0.065119
[2025-02-22 16:26:08;INFO]----------------------------------------------------------------------------------------------------

[2025-02-22 16:26:08;INFO]Current Epoch: 264 / 500 | Learning Rate : 6.155829702431115e-06
[2025-02-22 16:26:27;INFO]Train | Loss : 0.008200 | ACC : 3360/3360 (100.000%)
[2025-02-22 16:26:30;INFO]Valid | Loss : 1.107854 | ACC : 1051/1440 (72.986%)
[2025-02-22 16:26:30;INFO]      | Loss didn't drop!

[2025-02-22 16:26:30;INFO]best epoch: 241, best loss: 0.065119
[2025-02-22 16:26:30;INFO]----------------------------------------------------------------------------------------------------

[2025-02-22 16:26:30;INFO]Current Epoch: 265 / 500 | Learning Rate : 0.0006545084971872127
[2025-02-22 16:26:49;INFO]Train | Loss : 0.010782 | ACC : 3360/3360 (100.000%)
[2025-02-22 16:26:52;INFO]Valid | Loss : 0.821428 | ACC : 1132/1440 (78.611%)
[2025-02-22 16:26:52;INFO]      | Loss didn't drop!

[2025-02-22 16:26:52;INFO]best epoch: 241, best loss: 0.065119
[2025-02-22 16:26:52;INFO]----------------------------------------------------------------------------------------------------

[2025-02-22 16:26:52;INFO]Current Epoch: 266 / 500 | Learning Rate : 0.0008535533905931309
[2025-02-22 16:27:11;INFO]Train | Loss : 0.033897 | ACC : 3357/3360 (99.911%)
[2025-02-22 16:27:13;INFO]Valid | Loss : 0.155447 | ACC : 1373/1440 (95.347%)
[2025-02-22 16:27:13;INFO]      | Loss didn't drop!

[2025-02-22 16:27:13;INFO]best epoch: 241, best loss: 0.065119
[2025-02-22 16:27:13;INFO]----------------------------------------------------------------------------------------------------

[2025-02-22 16:27:13;INFO]Current Epoch: 267 / 500 | Learning Rate : 2.4471741852441422e-05
[2025-02-22 16:27:33;INFO]Train | Loss : 0.027624 | ACC : 3359/3360 (99.970%)
[2025-02-22 16:27:35;INFO]Valid | Loss : 3.299366 | ACC : 812/1440 (56.389%)
[2025-02-22 16:27:35;INFO]      | Loss didn't drop!

[2025-02-22 16:27:35;INFO]best epoch: 241, best loss: 0.065119
[2025-02-22 16:27:35;INFO]----------------------------------------------------------------------------------------------------

[2025-02-22 16:27:35;INFO]Current Epoch: 268 / 500 | Learning Rate : 0.0005782172325201734
[2025-02-22 16:27:54;INFO]Train | Loss : 0.021318 | ACC : 3360/3360 (100.000%)
[2025-02-22 16:27:57;INFO]Valid | Loss : 4.293929 | ACC : 752/1440 (52.222%)
[2025-02-22 16:27:57;INFO]      | Loss didn't drop!

[2025-02-22 16:27:57;INFO]best epoch: 241, best loss: 0.065119
[2025-02-22 16:27:57;INFO]----------------------------------------------------------------------------------------------------

[2025-02-22 16:27:57;INFO]Current Epoch: 269 / 500 | Learning Rate : 0.0009045084971878449
[2025-02-22 16:28:16;INFO]Train | Loss : 0.021007 | ACC : 3360/3360 (100.000%)
[2025-02-22 16:28:19;INFO]Valid | Loss : 0.108576 | ACC : 1392/1440 (96.667%)
[2025-02-22 16:28:19;INFO]      | Loss didn't drop!

[2025-02-22 16:28:19;INFO]best epoch: 241, best loss: 0.065119
[2025-02-22 16:28:19;INFO]----------------------------------------------------------------------------------------------------

[2025-02-22 16:28:19;INFO]Current Epoch: 270 / 500 | Learning Rate : 5.44967379058383e-05
[2025-02-22 16:28:38;INFO]Train | Loss : 0.011505 | ACC : 3360/3360 (100.000%)
[2025-02-22 16:28:40;INFO]Valid | Loss : 0.482539 | ACC : 1251/1440 (86.875%)
[2025-02-22 16:28:40;INFO]      | Loss didn't drop!

[2025-02-22 16:28:40;INFO]best epoch: 241, best loss: 0.065119
[2025-02-22 16:28:40;INFO]----------------------------------------------------------------------------------------------------

[2025-02-22 16:28:40;INFO]Current Epoch: 271 / 500 | Learning Rate : 0.0005000000000004031
[2025-02-22 16:28:59;INFO]Train | Loss : 0.009119 | ACC : 3360/3360 (100.000%)
[2025-02-22 16:29:02;INFO]Valid | Loss : 0.812695 | ACC : 1051/1440 (72.986%)
[2025-02-22 16:29:02;INFO]      | Loss didn't drop!

[2025-02-22 16:29:02;INFO]best epoch: 241, best loss: 0.065119
[2025-02-22 16:29:02;INFO]----------------------------------------------------------------------------------------------------

[2025-02-22 16:29:02;INFO]Current Epoch: 272 / 500 | Learning Rate : 0.0009455032620950994
[2025-02-22 16:29:21;INFO]Train | Loss : 0.012842 | ACC : 3360/3360 (100.000%)
[2025-02-22 16:29:24;INFO]Valid | Loss : 0.095375 | ACC : 1396/1440 (96.944%)
[2025-02-22 16:29:24;INFO]      | Loss didn't drop!

[2025-02-22 16:29:24;INFO]best epoch: 241, best loss: 0.065119
[2025-02-22 16:29:24;INFO]----------------------------------------------------------------------------------------------------

[2025-02-22 16:29:24;INFO]Current Epoch: 273 / 500 | Learning Rate : 9.549150281264358e-05
[2025-02-22 16:29:43;INFO]Train | Loss : 0.021106 | ACC : 3357/3360 (99.911%)
[2025-02-22 16:29:45;INFO]Valid | Loss : 3.883740 | ACC : 853/1440 (59.236%)
[2025-02-22 16:29:45;INFO]      | Loss didn't drop!

[2025-02-22 16:29:45;INFO]best epoch: 241, best loss: 0.065119
[2025-02-22 16:29:45;INFO]----------------------------------------------------------------------------------------------------

[2025-02-22 16:29:45;INFO]Current Epoch: 274 / 500 | Learning Rate : 0.00042178276748043353
[2025-02-22 16:30:04;INFO]Train | Loss : 0.038785 | ACC : 3350/3360 (99.702%)
[2025-02-22 16:30:07;INFO]Valid | Loss : 2.503048 | ACC : 725/1440 (50.347%)
[2025-02-22 16:30:07;INFO]      | Loss didn't drop!

[2025-02-22 16:30:07;INFO]best epoch: 241, best loss: 0.065119
[2025-02-22 16:30:07;INFO]----------------------------------------------------------------------------------------------------

[2025-02-22 16:30:07;INFO]Current Epoch: 275 / 500 | Learning Rate : 0.0009755282581490291
[2025-02-22 16:30:26;INFO]Train | Loss : 0.025642 | ACC : 3359/3360 (99.970%)
[2025-02-22 16:30:29;INFO]Valid | Loss : 0.323871 | ACC : 1269/1440 (88.125%)
[2025-02-22 16:30:29;INFO]      | Loss didn't drop!

[2025-02-22 16:30:29;INFO]best epoch: 241, best loss: 0.065119
[2025-02-22 16:30:29;INFO]----------------------------------------------------------------------------------------------------

[2025-02-22 16:30:29;INFO]Current Epoch: 276 / 500 | Learning Rate : 0.00014644660940650532
[2025-02-22 16:30:48;INFO]Train | Loss : 0.019342 | ACC : 3358/3360 (99.940%)
[2025-02-22 16:30:51;INFO]Valid | Loss : 4.225263 | ACC : 677/1440 (47.014%)
[2025-02-22 16:30:51;INFO]      | Loss didn't drop!

[2025-02-22 16:30:51;INFO]best epoch: 241, best loss: 0.065119
[2025-02-22 16:30:51;INFO]----------------------------------------------------------------------------------------------------

[2025-02-22 16:30:51;INFO]Current Epoch: 277 / 500 | Learning Rate : 0.0003454915028121395
[2025-02-22 16:31:09;INFO]Train | Loss : 0.032874 | ACC : 3353/3360 (99.792%)
[2025-02-22 16:31:12;INFO]Valid | Loss : 4.131084 | ACC : 472/1440 (32.778%)
[2025-02-22 16:31:12;INFO]      | Loss didn't drop!

[2025-02-22 16:31:12;INFO]best epoch: 241, best loss: 0.065119
[2025-02-22 16:31:12;INFO]----------------------------------------------------------------------------------------------------

[2025-02-22 16:31:12;INFO]Current Epoch: 278 / 500 | Learning Rate : 0.0009938441702967405
[2025-02-22 16:31:31;INFO]Train | Loss : 0.027475 | ACC : 3360/3360 (100.000%)
[2025-02-22 16:31:34;INFO]Valid | Loss : 0.254332 | ACC : 1310/1440 (90.972%)
[2025-02-22 16:31:34;INFO]      | Loss didn't drop!

[2025-02-22 16:31:34;INFO]best epoch: 241, best loss: 0.065119
[2025-02-22 16:31:34;INFO]----------------------------------------------------------------------------------------------------

[2025-02-22 16:31:34;INFO]Current Epoch: 279 / 500 | Learning Rate : 0.0002061073738542021
[2025-02-22 16:31:53;INFO]Train | Loss : 0.013659 | ACC : 3360/3360 (100.000%)
[2025-02-22 16:31:56;INFO]Valid | Loss : 1.557556 | ACC : 1005/1440 (69.792%)
[2025-02-22 16:31:56;INFO]      | Loss didn't drop!

[2025-02-22 16:31:56;INFO]best epoch: 241, best loss: 0.065119
[2025-02-22 16:31:56;INFO]----------------------------------------------------------------------------------------------------

[2025-02-22 16:31:56;INFO]Current Epoch: 280 / 500 | Learning Rate : 0.00027300475013093114
[2025-02-22 16:32:15;INFO]Train | Loss : 0.008049 | ACC : 3360/3360 (100.000%)
[2025-02-22 16:32:17;INFO]Valid | Loss : 0.894760 | ACC : 1033/1440 (71.736%)
[2025-02-22 16:32:17;INFO]      | Loss didn't drop!

[2025-02-22 16:32:17;INFO]best epoch: 241, best loss: 0.065119
[2025-02-22 16:32:17;INFO]----------------------------------------------------------------------------------------------------

[2025-02-22 16:32:17;INFO]Current Epoch: 281 / 500 | Learning Rate : 0.0009999999999997112
[2025-02-22 16:32:36;INFO]Train | Loss : 0.009475 | ACC : 3360/3360 (100.000%)
[2025-02-22 16:32:39;INFO]Valid | Loss : 0.081609 | ACC : 1414/1440 (98.194%)
[2025-02-22 16:32:39;INFO]      | Loss didn't drop!

[2025-02-22 16:32:39;INFO]best epoch: 241, best loss: 0.065119
[2025-02-22 16:32:39;INFO]----------------------------------------------------------------------------------------------------

[2025-02-22 16:32:39;INFO]Current Epoch: 282 / 500 | Learning Rate : 0.0002730047501302078
[2025-02-22 16:32:58;INFO]Train | Loss : 0.010053 | ACC : 3360/3360 (100.000%)
[2025-02-22 16:33:01;INFO]Valid | Loss : 0.831383 | ACC : 1003/1440 (69.653%)
[2025-02-22 16:33:01;INFO]      | Loss didn't drop!

[2025-02-22 16:33:01;INFO]best epoch: 241, best loss: 0.065119
[2025-02-22 16:33:01;INFO]----------------------------------------------------------------------------------------------------

[2025-02-22 16:33:01;INFO]Current Epoch: 283 / 500 | Learning Rate : 0.00020610737385379842
[2025-02-22 16:33:20;INFO]Train | Loss : 0.008863 | ACC : 3360/3360 (100.000%)
[2025-02-22 16:33:22;INFO]Valid | Loss : 0.846268 | ACC : 1035/1440 (71.875%)
[2025-02-22 16:33:22;INFO]      | Loss didn't drop!

[2025-02-22 16:33:22;INFO]best epoch: 241, best loss: 0.065119
[2025-02-22 16:33:22;INFO]----------------------------------------------------------------------------------------------------

[2025-02-22 16:33:22;INFO]Current Epoch: 284 / 500 | Learning Rate : 0.0009938441702978227
[2025-02-22 16:33:41;INFO]Train | Loss : 0.020652 | ACC : 3355/3360 (99.851%)
[2025-02-22 16:33:44;INFO]Valid | Loss : 0.516260 | ACC : 1232/1440 (85.556%)
[2025-02-22 16:33:44;INFO]      | Loss didn't drop!

[2025-02-22 16:33:44;INFO]best epoch: 241, best loss: 0.065119
[2025-02-22 16:33:44;INFO]----------------------------------------------------------------------------------------------------

[2025-02-22 16:33:44;INFO]Current Epoch: 285 / 500 | Learning Rate : 0.00034549150281272333
[2025-02-22 16:34:03;INFO]Train | Loss : 0.017891 | ACC : 3358/3360 (99.940%)
[2025-02-22 16:34:06;INFO]Valid | Loss : 1.040674 | ACC : 1081/1440 (75.069%)
[2025-02-22 16:34:06;INFO]      | Loss didn't drop!

[2025-02-22 16:34:06;INFO]best epoch: 241, best loss: 0.065119
[2025-02-22 16:34:06;INFO]----------------------------------------------------------------------------------------------------

[2025-02-22 16:34:06;INFO]Current Epoch: 286 / 500 | Learning Rate : 0.00014644660940681361
[2025-02-22 16:34:25;INFO]Train | Loss : 0.009166 | ACC : 3360/3360 (100.000%)
[2025-02-22 16:34:27;INFO]Valid | Loss : 4.915680 | ACC : 574/1440 (39.861%)
[2025-02-22 16:34:27;INFO]      | Loss didn't drop!

[2025-02-22 16:34:27;INFO]best epoch: 241, best loss: 0.065119
[2025-02-22 16:34:27;INFO]----------------------------------------------------------------------------------------------------

[2025-02-22 16:34:27;INFO]Current Epoch: 287 / 500 | Learning Rate : 0.0009755282581483808
[2025-02-22 16:34:46;INFO]Train | Loss : 0.007038 | ACC : 3360/3360 (100.000%)
[2025-02-22 16:34:49;INFO]Valid | Loss : 0.044581 | ACC : 1425/1440 (98.958%)
[2025-02-22 16:34:49;INFO]      | Loss dropped from 0.065119 to 0.044581, model has been saved!

[2025-02-22 16:34:49;INFO]best epoch: 287, best loss: 0.044581
[2025-02-22 16:34:49;INFO]----------------------------------------------------------------------------------------------------

[2025-02-22 16:34:49;INFO]Current Epoch: 288 / 500 | Learning Rate : 0.00042178276748038637
[2025-02-22 16:35:08;INFO]Train | Loss : 0.005928 | ACC : 3360/3360 (100.000%)
[2025-02-22 16:35:11;INFO]Valid | Loss : 0.038418 | ACC : 1431/1440 (99.375%)
[2025-02-22 16:35:11;INFO]      | Loss dropped from 0.044581 to 0.038418, model has been saved!

[2025-02-22 16:35:11;INFO]best epoch: 288, best loss: 0.038418
[2025-02-22 16:35:11;INFO]----------------------------------------------------------------------------------------------------

[2025-02-22 16:35:11;INFO]Current Epoch: 289 / 500 | Learning Rate : 9.549150281261854e-05
[2025-02-22 16:35:30;INFO]Train | Loss : 0.005674 | ACC : 3360/3360 (100.000%)
[2025-02-22 16:35:33;INFO]Valid | Loss : 0.143178 | ACC : 1367/1440 (94.931%)
[2025-02-22 16:35:33;INFO]      | Loss didn't drop!

[2025-02-22 16:35:33;INFO]best epoch: 288, best loss: 0.038418
[2025-02-22 16:35:33;INFO]----------------------------------------------------------------------------------------------------

[2025-02-22 16:35:33;INFO]Current Epoch: 290 / 500 | Learning Rate : 0.0009455032620954754
[2025-02-22 16:35:52;INFO]Train | Loss : 0.006904 | ACC : 3360/3360 (100.000%)
[2025-02-22 16:35:54;INFO]Valid | Loss : 0.031301 | ACC : 1434/1440 (99.583%)
[2025-02-22 16:35:54;INFO]      | Loss dropped from 0.038418 to 0.031301, model has been saved!

[2025-02-22 16:35:54;INFO]best epoch: 290, best loss: 0.031301
[2025-02-22 16:35:54;INFO]----------------------------------------------------------------------------------------------------

[2025-02-22 16:35:54;INFO]Current Epoch: 291 / 500 | Learning Rate : 0.0005000000000007807
[2025-02-22 16:36:13;INFO]Train | Loss : 0.008152 | ACC : 3359/3360 (99.970%)
[2025-02-22 16:36:16;INFO]Valid | Loss : 0.145616 | ACC : 1344/1440 (93.333%)
[2025-02-22 16:36:16;INFO]      | Loss didn't drop!

[2025-02-22 16:36:16;INFO]best epoch: 290, best loss: 0.031301
[2025-02-22 16:36:16;INFO]----------------------------------------------------------------------------------------------------

[2025-02-22 16:36:16;INFO]Current Epoch: 292 / 500 | Learning Rate : 5.449673790593347e-05
[2025-02-22 16:36:35;INFO]Train | Loss : 0.007391 | ACC : 3360/3360 (100.000%)
[2025-02-22 16:36:37;INFO]Valid | Loss : 0.840950 | ACC : 1132/1440 (78.611%)
[2025-02-22 16:36:37;INFO]      | Loss didn't drop!

[2025-02-22 16:36:37;INFO]best epoch: 290, best loss: 0.031301
[2025-02-22 16:36:37;INFO]----------------------------------------------------------------------------------------------------

[2025-02-22 16:36:37;INFO]Current Epoch: 293 / 500 | Learning Rate : 0.0009045084971865707
[2025-02-22 16:36:56;INFO]Train | Loss : 0.007372 | ACC : 3360/3360 (100.000%)
[2025-02-22 16:36:59;INFO]Valid | Loss : 0.160910 | ACC : 1372/1440 (95.278%)
[2025-02-22 16:36:59;INFO]      | Loss didn't drop!

[2025-02-22 16:36:59;INFO]best epoch: 290, best loss: 0.031301
[2025-02-22 16:36:59;INFO]----------------------------------------------------------------------------------------------------

[2025-02-22 16:36:59;INFO]Current Epoch: 294 / 500 | Learning Rate : 0.0005782172325197002
[2025-02-22 16:37:18;INFO]Train | Loss : 0.006723 | ACC : 3360/3360 (100.000%)
[2025-02-22 16:37:21;INFO]Valid | Loss : 0.092547 | ACC : 1395/1440 (96.875%)
[2025-02-22 16:37:21;INFO]      | Loss didn't drop!

[2025-02-22 16:37:21;INFO]best epoch: 290, best loss: 0.031301
[2025-02-22 16:37:21;INFO]----------------------------------------------------------------------------------------------------

[2025-02-22 16:37:21;INFO]Current Epoch: 295 / 500 | Learning Rate : 2.4471741852415246e-05
[2025-02-22 16:37:40;INFO]Train | Loss : 0.005673 | ACC : 3360/3360 (100.000%)
[2025-02-22 16:37:43;INFO]Valid | Loss : 0.188980 | ACC : 1327/1440 (92.153%)
[2025-02-22 16:37:43;INFO]      | Loss didn't drop!

[2025-02-22 16:37:43;INFO]best epoch: 290, best loss: 0.031301
[2025-02-22 16:37:43;INFO]----------------------------------------------------------------------------------------------------

[2025-02-22 16:37:43;INFO]Current Epoch: 296 / 500 | Learning Rate : 0.0008535533905954085
[2025-02-22 16:38:02;INFO]Train | Loss : 0.006416 | ACC : 3360/3360 (100.000%)
[2025-02-22 16:38:04;INFO]Valid | Loss : 0.216134 | ACC : 1353/1440 (93.958%)
[2025-02-22 16:38:04;INFO]      | Loss didn't drop!

[2025-02-22 16:38:04;INFO]best epoch: 290, best loss: 0.031301
[2025-02-22 16:38:04;INFO]----------------------------------------------------------------------------------------------------

[2025-02-22 16:38:04;INFO]Current Epoch: 297 / 500 | Learning Rate : 0.0006545084971872869
[2025-02-22 16:38:23;INFO]Train | Loss : 0.005873 | ACC : 3360/3360 (100.000%)
[2025-02-22 16:38:26;INFO]Valid | Loss : 0.031974 | ACC : 1437/1440 (99.792%)
[2025-02-22 16:38:26;INFO]      | Loss didn't drop!

[2025-02-22 16:38:26;INFO]best epoch: 290, best loss: 0.031301
[2025-02-22 16:38:26;INFO]----------------------------------------------------------------------------------------------------

[2025-02-22 16:38:26;INFO]Current Epoch: 298 / 500 | Learning Rate : 6.155829702429897e-06
[2025-02-22 16:38:45;INFO]Train | Loss : 0.004874 | ACC : 3360/3360 (100.000%)
[2025-02-22 16:38:48;INFO]Valid | Loss : 0.158074 | ACC : 1371/1440 (95.208%)
[2025-02-22 16:38:48;INFO]      | Loss didn't drop!

[2025-02-22 16:38:48;INFO]best epoch: 290, best loss: 0.031301
[2025-02-22 16:38:48;INFO]----------------------------------------------------------------------------------------------------

[2025-02-22 16:38:48;INFO]Current Epoch: 299 / 500 | Learning Rate : 0.0007938926261463435
[2025-02-22 16:39:06;INFO]Train | Loss : 0.004419 | ACC : 3360/3360 (100.000%)
[2025-02-22 16:39:09;INFO]Valid | Loss : 0.061788 | ACC : 1415/1440 (98.264%)
[2025-02-22 16:39:09;INFO]      | Loss didn't drop!

[2025-02-22 16:39:09;INFO]best epoch: 290, best loss: 0.031301
[2025-02-22 16:39:09;INFO]----------------------------------------------------------------------------------------------------

[2025-02-22 16:39:09;INFO]Current Epoch: 300 / 500 | Learning Rate : 0.0007269952498700084
[2025-02-22 16:39:28;INFO]Train | Loss : 0.004854 | ACC : 3360/3360 (100.000%)
[2025-02-22 16:39:31;INFO]Valid | Loss : 0.036999 | ACC : 1431/1440 (99.375%)
[2025-02-22 16:39:31;INFO]      | Loss didn't drop!

[2025-02-22 16:39:31;INFO]best epoch: 290, best loss: 0.031301
[2025-02-22 16:39:31;INFO]----------------------------------------------------------------------------------------------------

[2025-02-22 16:39:31;INFO]Current Epoch: 301 / 500 | Learning Rate : 0.0
[2025-02-22 16:39:50;INFO]Train | Loss : 0.004991 | ACC : 3360/3360 (100.000%)
[2025-02-22 16:39:53;INFO]Valid | Loss : 1.133796 | ACC : 1052/1440 (73.056%)
[2025-02-22 16:39:53;INFO]      | Loss didn't drop!

[2025-02-22 16:39:53;INFO]best epoch: 290, best loss: 0.031301
[2025-02-22 16:39:53;INFO]----------------------------------------------------------------------------------------------------

[2025-02-22 16:39:53;INFO]Current Epoch: 302 / 500 | Learning Rate : 0.0007269952498703469
[2025-02-22 16:40:12;INFO]Train | Loss : 0.006895 | ACC : 3360/3360 (100.000%)
[2025-02-22 16:40:14;INFO]Valid | Loss : 2.578203 | ACC : 800/1440 (55.556%)
[2025-02-22 16:40:14;INFO]      | Loss didn't drop!

[2025-02-22 16:40:14;INFO]best epoch: 290, best loss: 0.031301
[2025-02-22 16:40:14;INFO]----------------------------------------------------------------------------------------------------

[2025-02-22 16:40:14;INFO]Current Epoch: 303 / 500 | Learning Rate : 0.0007938926261469649
[2025-02-22 16:40:33;INFO]Train | Loss : 0.017630 | ACC : 3359/3360 (99.970%)
[2025-02-22 16:40:36;INFO]Valid | Loss : 0.887141 | ACC : 1167/1440 (81.042%)
[2025-02-22 16:40:36;INFO]      | Loss didn't drop!

[2025-02-22 16:40:36;INFO]best epoch: 290, best loss: 0.031301
[2025-02-22 16:40:36;INFO]----------------------------------------------------------------------------------------------------

[2025-02-22 16:40:36;INFO]Current Epoch: 304 / 500 | Learning Rate : 6.155829702431115e-06
[2025-02-22 16:40:55;INFO]Train | Loss : 0.011029 | ACC : 3359/3360 (99.970%)
[2025-02-22 16:40:58;INFO]Valid | Loss : 8.098009 | ACC : 391/1440 (27.153%)
[2025-02-22 16:40:58;INFO]      | Loss didn't drop!

[2025-02-22 16:40:58;INFO]best epoch: 290, best loss: 0.031301
[2025-02-22 16:40:58;INFO]----------------------------------------------------------------------------------------------------

[2025-02-22 16:40:58;INFO]Current Epoch: 305 / 500 | Learning Rate : 0.0006545084971882279
[2025-02-22 16:41:17;INFO]Train | Loss : 0.012340 | ACC : 3360/3360 (100.000%)
[2025-02-22 16:41:19;INFO]Valid | Loss : 8.375496 | ACC : 402/1440 (27.917%)
[2025-02-22 16:41:19;INFO]      | Loss didn't drop!

[2025-02-22 16:41:19;INFO]best epoch: 290, best loss: 0.031301
[2025-02-22 16:41:19;INFO]----------------------------------------------------------------------------------------------------

[2025-02-22 16:41:19;INFO]Current Epoch: 306 / 500 | Learning Rate : 0.0008535533905945444
[2025-02-22 16:41:38;INFO]Train | Loss : 0.016344 | ACC : 3359/3360 (99.970%)
[2025-02-22 16:41:41;INFO]Valid | Loss : 0.270144 | ACC : 1303/1440 (90.486%)
[2025-02-22 16:41:41;INFO]      | Loss didn't drop!

[2025-02-22 16:41:41;INFO]best epoch: 290, best loss: 0.031301
[2025-02-22 16:41:41;INFO]----------------------------------------------------------------------------------------------------

[2025-02-22 16:41:41;INFO]Current Epoch: 307 / 500 | Learning Rate : 2.447174185246144e-05
[2025-02-22 16:42:00;INFO]Train | Loss : 0.009921 | ACC : 3360/3360 (100.000%)
[2025-02-22 16:42:03;INFO]Valid | Loss : 1.619114 | ACC : 878/1440 (60.972%)
[2025-02-22 16:42:03;INFO]      | Loss didn't drop!

[2025-02-22 16:42:03;INFO]best epoch: 290, best loss: 0.031301
[2025-02-22 16:42:03;INFO]----------------------------------------------------------------------------------------------------

[2025-02-22 16:42:03;INFO]Current Epoch: 308 / 500 | Learning Rate : 0.000578217232521175
[2025-02-22 16:42:22;INFO]Train | Loss : 0.008791 | ACC : 3359/3360 (99.970%)
[2025-02-22 16:42:24;INFO]Valid | Loss : 5.126655 | ACC : 944/1440 (65.556%)
[2025-02-22 16:42:24;INFO]      | Loss didn't drop!

[2025-02-22 16:42:24;INFO]best epoch: 290, best loss: 0.031301
[2025-02-22 16:42:24;INFO]----------------------------------------------------------------------------------------------------

[2025-02-22 16:42:24;INFO]Current Epoch: 309 / 500 | Learning Rate : 0.0009045084971867245
[2025-02-22 16:42:43;INFO]Train | Loss : 0.062874 | ACC : 3346/3360 (99.583%)
[2025-02-22 16:42:46;INFO]Valid | Loss : 0.638810 | ACC : 1134/1440 (78.750%)
[2025-02-22 16:42:46;INFO]      | Loss didn't drop!

[2025-02-22 16:42:46;INFO]best epoch: 290, best loss: 0.031301
[2025-02-22 16:42:46;INFO]----------------------------------------------------------------------------------------------------

[2025-02-22 16:42:46;INFO]Current Epoch: 310 / 500 | Learning Rate : 5.449673790579166e-05
[2025-02-22 16:43:05;INFO]Train | Loss : 0.036996 | ACC : 3356/3360 (99.881%)
[2025-02-22 16:43:08;INFO]Valid | Loss : 6.425706 | ACC : 539/1440 (37.431%)
[2025-02-22 16:43:08;INFO]      | Loss didn't drop!

[2025-02-22 16:43:08;INFO]best epoch: 290, best loss: 0.031301
[2025-02-22 16:43:08;INFO]----------------------------------------------------------------------------------------------------

[2025-02-22 16:43:08;INFO]Current Epoch: 311 / 500 | Learning Rate : 0.0004999999999997174
[2025-02-22 16:43:27;INFO]Train | Loss : 0.026853 | ACC : 3358/3360 (99.940%)
[2025-02-22 16:43:29;INFO]Valid | Loss : 17.231009 | ACC : 184/1440 (12.778%)
[2025-02-22 16:43:29;INFO]      | Loss didn't drop!

[2025-02-22 16:43:29;INFO]best epoch: 290, best loss: 0.031301
[2025-02-22 16:43:29;INFO]----------------------------------------------------------------------------------------------------

[2025-02-22 16:43:29;INFO]Current Epoch: 312 / 500 | Learning Rate : 0.0009455032620966055
[2025-02-22 16:43:48;INFO]Train | Loss : 0.025972 | ACC : 3359/3360 (99.970%)
[2025-02-22 16:43:51;INFO]Valid | Loss : 0.537783 | ACC : 1167/1440 (81.042%)
[2025-02-22 16:43:51;INFO]      | Loss didn't drop!

[2025-02-22 16:43:51;INFO]best epoch: 290, best loss: 0.031301
[2025-02-22 16:43:51;INFO]----------------------------------------------------------------------------------------------------

[2025-02-22 16:43:51;INFO]Current Epoch: 313 / 500 | Learning Rate : 9.54915028124847e-05
[2025-02-22 16:44:10;INFO]Train | Loss : 0.013767 | ACC : 3360/3360 (100.000%)
[2025-02-22 16:44:13;INFO]Valid | Loss : 1.899683 | ACC : 793/1440 (55.069%)
[2025-02-22 16:44:13;INFO]      | Loss didn't drop!

[2025-02-22 16:44:13;INFO]best epoch: 290, best loss: 0.031301
[2025-02-22 16:44:13;INFO]----------------------------------------------------------------------------------------------------

[2025-02-22 16:44:13;INFO]Current Epoch: 314 / 500 | Learning Rate : 0.00042178276747984795
[2025-02-22 16:44:32;INFO]Train | Loss : 0.008533 | ACC : 3360/3360 (100.000%)
[2025-02-22 16:44:34;INFO]Valid | Loss : 4.034421 | ACC : 608/1440 (42.222%)
[2025-02-22 16:44:34;INFO]      | Loss didn't drop!

[2025-02-22 16:44:34;INFO]best epoch: 290, best loss: 0.031301
[2025-02-22 16:44:34;INFO]----------------------------------------------------------------------------------------------------

[2025-02-22 16:44:34;INFO]Current Epoch: 315 / 500 | Learning Rate : 0.0009755282581478039
[2025-02-22 16:44:53;INFO]Train | Loss : 0.015386 | ACC : 3356/3360 (99.881%)
[2025-02-22 16:44:56;INFO]Valid | Loss : 0.132056 | ACC : 1372/1440 (95.278%)
[2025-02-22 16:44:56;INFO]      | Loss didn't drop!

[2025-02-22 16:44:56;INFO]best epoch: 290, best loss: 0.031301
[2025-02-22 16:44:56;INFO]----------------------------------------------------------------------------------------------------

[2025-02-22 16:44:56;INFO]Current Epoch: 316 / 500 | Learning Rate : 0.00014644660940677838
[2025-02-22 16:45:15;INFO]Train | Loss : 0.010412 | ACC : 3360/3360 (100.000%)
[2025-02-22 16:45:18;INFO]Valid | Loss : 2.171772 | ACC : 843/1440 (58.542%)
[2025-02-22 16:45:18;INFO]      | Loss didn't drop!

[2025-02-22 16:45:18;INFO]best epoch: 290, best loss: 0.031301
[2025-02-22 16:45:18;INFO]----------------------------------------------------------------------------------------------------

[2025-02-22 16:45:18;INFO]Current Epoch: 317 / 500 | Learning Rate : 0.00034549150281276074
[2025-02-22 16:45:37;INFO]Train | Loss : 0.006753 | ACC : 3360/3360 (100.000%)
[2025-02-22 16:45:39;INFO]Valid | Loss : 0.665184 | ACC : 1192/1440 (82.778%)
[2025-02-22 16:45:39;INFO]      | Loss didn't drop!

[2025-02-22 16:45:39;INFO]best epoch: 290, best loss: 0.031301
[2025-02-22 16:45:39;INFO]----------------------------------------------------------------------------------------------------

[2025-02-22 16:45:39;INFO]Current Epoch: 318 / 500 | Learning Rate : 0.000993844170298335
[2025-02-22 16:45:58;INFO]Train | Loss : 0.005550 | ACC : 3360/3360 (100.000%)
[2025-02-22 16:46:01;INFO]Valid | Loss : 0.039519 | ACC : 1431/1440 (99.375%)
[2025-02-22 16:46:01;INFO]      | Loss didn't drop!

[2025-02-22 16:46:01;INFO]best epoch: 290, best loss: 0.031301
[2025-02-22 16:46:01;INFO]----------------------------------------------------------------------------------------------------

[2025-02-22 16:46:01;INFO]Current Epoch: 319 / 500 | Learning Rate : 0.00020610737385398043
[2025-02-22 16:46:20;INFO]Train | Loss : 0.005566 | ACC : 3360/3360 (100.000%)
[2025-02-22 16:46:23;INFO]Valid | Loss : 0.071373 | ACC : 1413/1440 (98.125%)
[2025-02-22 16:46:23;INFO]      | Loss didn't drop!

[2025-02-22 16:46:23;INFO]best epoch: 290, best loss: 0.031301
[2025-02-22 16:46:23;INFO]----------------------------------------------------------------------------------------------------

[2025-02-22 16:46:23;INFO]Current Epoch: 320 / 500 | Learning Rate : 0.00027300475013053926
[2025-02-22 16:46:42;INFO]Train | Loss : 0.005693 | ACC : 3360/3360 (100.000%)
[2025-02-22 16:46:44;INFO]Valid | Loss : 0.105707 | ACC : 1405/1440 (97.569%)
[2025-02-22 16:46:44;INFO]      | Loss didn't drop!

[2025-02-22 16:46:44;INFO]best epoch: 290, best loss: 0.031301
[2025-02-22 16:46:44;INFO]----------------------------------------------------------------------------------------------------

[2025-02-22 16:46:44;INFO]Current Epoch: 321 / 500 | Learning Rate : 0.0009999999999984399
[2025-02-22 16:47:03;INFO]Train | Loss : 0.006097 | ACC : 3360/3360 (100.000%)
[2025-02-22 16:47:06;INFO]Valid | Loss : 0.062792 | ACC : 1418/1440 (98.472%)
[2025-02-22 16:47:06;INFO]      | Loss didn't drop!

[2025-02-22 16:47:06;INFO]best epoch: 290, best loss: 0.031301
[2025-02-22 16:47:06;INFO]----------------------------------------------------------------------------------------------------

[2025-02-22 16:47:06;INFO]Current Epoch: 322 / 500 | Learning Rate : 0.0002730047501305917
[2025-02-22 16:47:25;INFO]Train | Loss : 0.007270 | ACC : 3360/3360 (100.000%)
[2025-02-22 16:47:28;INFO]Valid | Loss : 2.817389 | ACC : 685/1440 (47.569%)
[2025-02-22 16:47:28;INFO]      | Loss didn't drop!

[2025-02-22 16:47:28;INFO]best epoch: 290, best loss: 0.031301
[2025-02-22 16:47:28;INFO]----------------------------------------------------------------------------------------------------

[2025-02-22 16:47:28;INFO]Current Epoch: 323 / 500 | Learning Rate : 0.00020610737385418266
[2025-02-22 16:47:47;INFO]Train | Loss : 0.006386 | ACC : 3360/3360 (100.000%)
[2025-02-22 16:47:50;INFO]Valid | Loss : 0.532766 | ACC : 1210/1440 (84.028%)
[2025-02-22 16:47:50;INFO]      | Loss didn't drop!

[2025-02-22 16:47:50;INFO]best epoch: 290, best loss: 0.031301
[2025-02-22 16:47:50;INFO]----------------------------------------------------------------------------------------------------

[2025-02-22 16:47:50;INFO]Current Epoch: 324 / 500 | Learning Rate : 0.0009938441702994451
[2025-02-22 16:48:09;INFO]Train | Loss : 0.005991 | ACC : 3360/3360 (100.000%)
[2025-02-22 16:48:11;INFO]Valid | Loss : 0.045815 | ACC : 1425/1440 (98.958%)
[2025-02-22 16:48:11;INFO]      | Loss didn't drop!

[2025-02-22 16:48:11;INFO]best epoch: 290, best loss: 0.031301
[2025-02-22 16:48:11;INFO]----------------------------------------------------------------------------------------------------

[2025-02-22 16:48:11;INFO]Current Epoch: 325 / 500 | Learning Rate : 0.0003454915028123347
[2025-02-22 16:48:30;INFO]Train | Loss : 0.006426 | ACC : 3360/3360 (100.000%)
[2025-02-22 16:48:33;INFO]Valid | Loss : 0.358726 | ACC : 1270/1440 (88.194%)
[2025-02-22 16:48:33;INFO]      | Loss didn't drop!

[2025-02-22 16:48:33;INFO]best epoch: 290, best loss: 0.031301
[2025-02-22 16:48:33;INFO]----------------------------------------------------------------------------------------------------

[2025-02-22 16:48:33;INFO]Current Epoch: 326 / 500 | Learning Rate : 0.0001464466094065933
[2025-02-22 16:48:52;INFO]Train | Loss : 0.005557 | ACC : 3360/3360 (100.000%)
[2025-02-22 16:48:55;INFO]Valid | Loss : 2.520061 | ACC : 847/1440 (58.819%)
[2025-02-22 16:48:55;INFO]      | Loss didn't drop!

[2025-02-22 16:48:55;INFO]best epoch: 290, best loss: 0.031301
[2025-02-22 16:48:55;INFO]----------------------------------------------------------------------------------------------------

[2025-02-22 16:48:55;INFO]Current Epoch: 327 / 500 | Learning Rate : 0.0009755282581471252
[2025-02-22 16:49:14;INFO]Train | Loss : 0.005586 | ACC : 3360/3360 (100.000%)
[2025-02-22 16:49:16;INFO]Valid | Loss : 0.083114 | ACC : 1400/1440 (97.222%)
[2025-02-22 16:49:16;INFO]      | Loss didn't drop!

[2025-02-22 16:49:16;INFO]best epoch: 290, best loss: 0.031301
[2025-02-22 16:49:16;INFO]----------------------------------------------------------------------------------------------------

[2025-02-22 16:49:16;INFO]Current Epoch: 328 / 500 | Learning Rate : 0.0004217827674810081
[2025-02-22 16:49:35;INFO]Train | Loss : 0.005402 | ACC : 3360/3360 (100.000%)
[2025-02-22 16:49:38;INFO]Valid | Loss : 0.077615 | ACC : 1414/1440 (98.194%)
[2025-02-22 16:49:38;INFO]      | Loss didn't drop!

[2025-02-22 16:49:38;INFO]best epoch: 290, best loss: 0.031301
[2025-02-22 16:49:38;INFO]----------------------------------------------------------------------------------------------------

[2025-02-22 16:49:38;INFO]Current Epoch: 329 / 500 | Learning Rate : 9.549150281281098e-05
[2025-02-22 16:49:57;INFO]Train | Loss : 0.004900 | ACC : 3360/3360 (100.000%)
[2025-02-22 16:50:00;INFO]Valid | Loss : 0.873503 | ACC : 1071/1440 (74.375%)
[2025-02-22 16:50:00;INFO]      | Loss didn't drop!

[2025-02-22 16:50:00;INFO]best epoch: 290, best loss: 0.031301
[2025-02-22 16:50:00;INFO]----------------------------------------------------------------------------------------------------

[2025-02-22 16:50:00;INFO]Current Epoch: 330 / 500 | Learning Rate : 0.0009455032620942504
[2025-02-22 16:50:19;INFO]Train | Loss : 0.017137 | ACC : 3357/3360 (99.911%)
[2025-02-22 16:50:21;INFO]Valid | Loss : 4.181752 | ACC : 539/1440 (37.431%)
[2025-02-22 16:50:21;INFO]      | Loss didn't drop!

[2025-02-22 16:50:21;INFO]best epoch: 290, best loss: 0.031301
[2025-02-22 16:50:21;INFO]----------------------------------------------------------------------------------------------------

[2025-02-22 16:50:21;INFO]Current Epoch: 331 / 500 | Learning Rate : 0.0005000000000001946
[2025-02-22 16:50:40;INFO]Train | Loss : 0.030150 | ACC : 3355/3360 (99.851%)
[2025-02-22 16:50:43;INFO]Valid | Loss : 4.010288 | ACC : 654/1440 (45.417%)
[2025-02-22 16:50:43;INFO]      | Loss didn't drop!

[2025-02-22 16:50:43;INFO]best epoch: 290, best loss: 0.031301
[2025-02-22 16:50:43;INFO]----------------------------------------------------------------------------------------------------

[2025-02-22 16:50:43;INFO]Current Epoch: 332 / 500 | Learning Rate : 5.449673790584149e-05
[2025-02-22 16:51:02;INFO]Train | Loss : 0.016010 | ACC : 3355/3360 (99.851%)
[2025-02-22 16:51:05;INFO]Valid | Loss : 4.286404 | ACC : 603/1440 (41.875%)
[2025-02-22 16:51:05;INFO]      | Loss didn't drop!

[2025-02-22 16:51:05;INFO]best epoch: 290, best loss: 0.031301
[2025-02-22 16:51:05;INFO]----------------------------------------------------------------------------------------------------

[2025-02-22 16:51:05;INFO]Current Epoch: 333 / 500 | Learning Rate : 0.0009045084971880677
[2025-02-22 16:51:24;INFO]Train | Loss : 0.029442 | ACC : 3356/3360 (99.881%)
[2025-02-22 16:51:26;INFO]Valid | Loss : 4.382371 | ACC : 647/1440 (44.931%)
[2025-02-22 16:51:26;INFO]      | Loss didn't drop!

[2025-02-22 16:51:26;INFO]best epoch: 290, best loss: 0.031301
[2025-02-22 16:51:26;INFO]----------------------------------------------------------------------------------------------------

[2025-02-22 16:51:26;INFO]Current Epoch: 334 / 500 | Learning Rate : 0.0005782172325205757
[2025-02-22 16:51:45;INFO]Train | Loss : 0.051958 | ACC : 3348/3360 (99.643%)
[2025-02-22 16:51:48;INFO]Valid | Loss : 5.960309 | ACC : 489/1440 (33.958%)
[2025-02-22 16:51:48;INFO]      | Loss didn't drop!

[2025-02-22 16:51:48;INFO]best epoch: 290, best loss: 0.031301
[2025-02-22 16:51:48;INFO]----------------------------------------------------------------------------------------------------

[2025-02-22 16:51:48;INFO]Current Epoch: 335 / 500 | Learning Rate : 2.4471741852439454e-05
[2025-02-22 16:52:07;INFO]Train | Loss : 0.017961 | ACC : 3360/3360 (100.000%)
[2025-02-22 16:52:10;INFO]Valid | Loss : 5.075673 | ACC : 379/1440 (26.319%)
[2025-02-22 16:52:10;INFO]      | Loss didn't drop!

[2025-02-22 16:52:10;INFO]best epoch: 290, best loss: 0.031301
[2025-02-22 16:52:10;INFO]----------------------------------------------------------------------------------------------------

[2025-02-22 16:52:10;INFO]Current Epoch: 336 / 500 | Learning Rate : 0.0008535533905942871
[2025-02-22 16:52:29;INFO]Train | Loss : 0.011012 | ACC : 3360/3360 (100.000%)
[2025-02-22 16:52:31;INFO]Valid | Loss : 5.737050 | ACC : 443/1440 (30.764%)
[2025-02-22 16:52:31;INFO]      | Loss didn't drop!

[2025-02-22 16:52:31;INFO]best epoch: 290, best loss: 0.031301
[2025-02-22 16:52:31;INFO]----------------------------------------------------------------------------------------------------

[2025-02-22 16:52:31;INFO]Current Epoch: 337 / 500 | Learning Rate : 0.0006545084971865021
[2025-02-22 16:52:50;INFO]Train | Loss : 0.009537 | ACC : 3360/3360 (100.000%)
[2025-02-22 16:52:53;INFO]Valid | Loss : 1.116864 | ACC : 961/1440 (66.736%)
[2025-02-22 16:52:53;INFO]      | Loss didn't drop!

[2025-02-22 16:52:53;INFO]best epoch: 290, best loss: 0.031301
[2025-02-22 16:52:53;INFO]----------------------------------------------------------------------------------------------------

[2025-02-22 16:52:53;INFO]Current Epoch: 338 / 500 | Learning Rate : 6.1558297024320045e-06
[2025-02-22 16:53:12;INFO]Train | Loss : 0.005505 | ACC : 3360/3360 (100.000%)
[2025-02-22 16:53:15;INFO]Valid | Loss : 0.616924 | ACC : 1168/1440 (81.111%)
[2025-02-22 16:53:15;INFO]      | Loss didn't drop!

[2025-02-22 16:53:15;INFO]best epoch: 290, best loss: 0.031301
[2025-02-22 16:53:15;INFO]----------------------------------------------------------------------------------------------------

[2025-02-22 16:53:15;INFO]Current Epoch: 339 / 500 | Learning Rate : 0.0007938926261476838
[2025-02-22 16:53:34;INFO]Train | Loss : 0.005714 | ACC : 3360/3360 (100.000%)
[2025-02-22 16:53:36;INFO]Valid | Loss : 0.580816 | ACC : 1216/1440 (84.444%)
[2025-02-22 16:53:36;INFO]      | Loss didn't drop!

[2025-02-22 16:53:36;INFO]best epoch: 290, best loss: 0.031301
[2025-02-22 16:53:36;INFO]----------------------------------------------------------------------------------------------------

[2025-02-22 16:53:36;INFO]Current Epoch: 340 / 500 | Learning Rate : 0.0007269952498712262
[2025-02-22 16:53:55;INFO]Train | Loss : 0.005849 | ACC : 3360/3360 (100.000%)
[2025-02-22 16:53:58;INFO]Valid | Loss : 0.235203 | ACC : 1308/1440 (90.833%)
[2025-02-22 16:53:58;INFO]      | Loss didn't drop!

[2025-02-22 16:53:58;INFO]best epoch: 290, best loss: 0.031301
[2025-02-22 16:53:58;INFO]----------------------------------------------------------------------------------------------------

[2025-02-22 16:53:58;INFO]Current Epoch: 341 / 500 | Learning Rate : 0.0
[2025-02-22 16:54:17;INFO]Train | Loss : 0.007797 | ACC : 3360/3360 (100.000%)
[2025-02-22 16:54:20;INFO]Valid | Loss : 4.635634 | ACC : 457/1440 (31.736%)
[2025-02-22 16:54:20;INFO]      | Loss didn't drop!

[2025-02-22 16:54:20;INFO]best epoch: 290, best loss: 0.031301
[2025-02-22 16:54:20;INFO]----------------------------------------------------------------------------------------------------

[2025-02-22 16:54:20;INFO]Current Epoch: 342 / 500 | Learning Rate : 0.0007269952498693784
[2025-02-22 16:54:39;INFO]Train | Loss : 0.029412 | ACC : 3352/3360 (99.762%)
[2025-02-22 16:54:42;INFO]Valid | Loss : 6.839155 | ACC : 412/1440 (28.611%)
[2025-02-22 16:54:42;INFO]      | Loss didn't drop!

[2025-02-22 16:54:42;INFO]best epoch: 290, best loss: 0.031301
[2025-02-22 16:54:42;INFO]----------------------------------------------------------------------------------------------------

[2025-02-22 16:54:42;INFO]Current Epoch: 343 / 500 | Learning Rate : 0.0007938926261459035
[2025-02-22 16:55:01;INFO]Train | Loss : 0.088468 | ACC : 3338/3360 (99.345%)
[2025-02-22 16:55:03;INFO]Valid | Loss : 6.093862 | ACC : 356/1440 (24.722%)
[2025-02-22 16:55:03;INFO]      | Loss didn't drop!

[2025-02-22 16:55:03;INFO]best epoch: 290, best loss: 0.031301
[2025-02-22 16:55:03;INFO]----------------------------------------------------------------------------------------------------

[2025-02-22 16:55:03;INFO]Current Epoch: 344 / 500 | Learning Rate : 6.155829702431115e-06
[2025-02-22 16:55:22;INFO]Train | Loss : 0.028849 | ACC : 3359/3360 (99.970%)
[2025-02-22 16:55:25;INFO]Valid | Loss : 8.424477 | ACC : 239/1440 (16.597%)
[2025-02-22 16:55:25;INFO]      | Loss didn't drop!

[2025-02-22 16:55:25;INFO]best epoch: 290, best loss: 0.031301
[2025-02-22 16:55:25;INFO]----------------------------------------------------------------------------------------------------

[2025-02-22 16:55:25;INFO]Current Epoch: 345 / 500 | Learning Rate : 0.0006545084971893504
[2025-02-22 16:55:44;INFO]Train | Loss : 0.013005 | ACC : 3360/3360 (100.000%)
[2025-02-22 16:55:47;INFO]Valid | Loss : 4.813708 | ACC : 464/1440 (32.222%)
[2025-02-22 16:55:47;INFO]      | Loss didn't drop!

[2025-02-22 16:55:47;INFO]best epoch: 290, best loss: 0.031301
[2025-02-22 16:55:47;INFO]----------------------------------------------------------------------------------------------------

[2025-02-22 16:55:47;INFO]Current Epoch: 346 / 500 | Learning Rate : 0.0008535533905935023
[2025-02-22 16:56:05;INFO]Train | Loss : 0.015733 | ACC : 3360/3360 (100.000%)
[2025-02-22 16:56:08;INFO]Valid | Loss : 0.166956 | ACC : 1364/1440 (94.722%)
[2025-02-22 16:56:08;INFO]      | Loss didn't drop!

[2025-02-22 16:56:08;INFO]best epoch: 290, best loss: 0.031301
[2025-02-22 16:56:08;INFO]----------------------------------------------------------------------------------------------------

[2025-02-22 16:56:08;INFO]Current Epoch: 347 / 500 | Learning Rate : 2.4471741852445756e-05
[2025-02-22 16:56:27;INFO]Train | Loss : 0.010188 | ACC : 3360/3360 (100.000%)
[2025-02-22 16:56:30;INFO]Valid | Loss : 0.838943 | ACC : 1110/1440 (77.083%)
[2025-02-22 16:56:30;INFO]      | Loss didn't drop!

[2025-02-22 16:56:30;INFO]best epoch: 290, best loss: 0.031301
[2025-02-22 16:56:30;INFO]----------------------------------------------------------------------------------------------------

[2025-02-22 16:56:30;INFO]Current Epoch: 348 / 500 | Learning Rate : 0.0005782172325203901
[2025-02-22 16:56:49;INFO]Train | Loss : 0.008825 | ACC : 3360/3360 (100.000%)
[2025-02-22 16:56:52;INFO]Valid | Loss : 0.946834 | ACC : 1084/1440 (75.278%)
[2025-02-22 16:56:52;INFO]      | Loss didn't drop!

[2025-02-22 16:56:52;INFO]best epoch: 290, best loss: 0.031301
[2025-02-22 16:56:52;INFO]----------------------------------------------------------------------------------------------------

[2025-02-22 16:56:52;INFO]Current Epoch: 349 / 500 | Learning Rate : 0.0009045084971881466
[2025-02-22 16:57:11;INFO]Train | Loss : 0.032076 | ACC : 3343/3360 (99.494%)
[2025-02-22 16:57:13;INFO]Valid | Loss : 0.054938 | ACC : 1430/1440 (99.306%)
[2025-02-22 16:57:13;INFO]      | Loss didn't drop!

[2025-02-22 16:57:13;INFO]best epoch: 290, best loss: 0.031301
[2025-02-22 16:57:13;INFO]----------------------------------------------------------------------------------------------------

[2025-02-22 16:57:13;INFO]Current Epoch: 350 / 500 | Learning Rate : 5.449673790585119e-05
[2025-02-22 16:57:32;INFO]Train | Loss : 0.016188 | ACC : 3360/3360 (100.000%)
[2025-02-22 16:57:35;INFO]Valid | Loss : 1.498604 | ACC : 966/1440 (67.083%)
[2025-02-22 16:57:35;INFO]      | Loss didn't drop!

[2025-02-22 16:57:35;INFO]best epoch: 290, best loss: 0.031301
[2025-02-22 16:57:35;INFO]----------------------------------------------------------------------------------------------------

[2025-02-22 16:57:35;INFO]Current Epoch: 351 / 500 | Learning Rate : 0.0005000000000004788
[2025-02-22 16:57:54;INFO]Train | Loss : 0.009656 | ACC : 3360/3360 (100.000%)
[2025-02-22 16:57:56;INFO]Valid | Loss : 4.347717 | ACC : 678/1440 (47.083%)
[2025-02-22 16:57:56;INFO]      | Loss didn't drop!

[2025-02-22 16:57:56;INFO]best epoch: 290, best loss: 0.031301
[2025-02-22 16:57:56;INFO]----------------------------------------------------------------------------------------------------

[2025-02-22 16:57:56;INFO]Current Epoch: 352 / 500 | Learning Rate : 0.0009455032620954253
[2025-02-22 16:58:15;INFO]Train | Loss : 0.007768 | ACC : 3360/3360 (100.000%)
[2025-02-22 16:58:18;INFO]Valid | Loss : 0.126237 | ACC : 1375/1440 (95.486%)
[2025-02-22 16:58:18;INFO]      | Loss didn't drop!

[2025-02-22 16:58:18;INFO]best epoch: 290, best loss: 0.031301
[2025-02-22 16:58:18;INFO]----------------------------------------------------------------------------------------------------

[2025-02-22 16:58:18;INFO]Current Epoch: 353 / 500 | Learning Rate : 9.54915028123927e-05
[2025-02-22 16:58:37;INFO]Train | Loss : 0.006111 | ACC : 3360/3360 (100.000%)
[2025-02-22 16:58:40;INFO]Valid | Loss : 0.403550 | ACC : 1280/1440 (88.889%)
[2025-02-22 16:58:40;INFO]      | Loss didn't drop!

[2025-02-22 16:58:40;INFO]best epoch: 290, best loss: 0.031301
[2025-02-22 16:58:40;INFO]----------------------------------------------------------------------------------------------------

[2025-02-22 16:58:40;INFO]Current Epoch: 354 / 500 | Learning Rate : 0.0004217827674793744
[2025-02-22 16:58:59;INFO]Train | Loss : 0.005496 | ACC : 3360/3360 (100.000%)
[2025-02-22 16:59:02;INFO]Valid | Loss : 0.097901 | ACC : 1395/1440 (96.875%)
[2025-02-22 16:59:02;INFO]      | Loss didn't drop!

[2025-02-22 16:59:02;INFO]best epoch: 290, best loss: 0.031301
[2025-02-22 16:59:02;INFO]----------------------------------------------------------------------------------------------------

[2025-02-22 16:59:02;INFO]Current Epoch: 355 / 500 | Learning Rate : 0.0009755282581493679
[2025-02-22 16:59:21;INFO]Train | Loss : 0.004999 | ACC : 3360/3360 (100.000%)
[2025-02-22 16:59:23;INFO]Valid | Loss : 0.031292 | ACC : 1430/1440 (99.306%)
[2025-02-22 16:59:23;INFO]      | Loss dropped from 0.031301 to 0.031292, model has been saved!

[2025-02-22 16:59:23;INFO]best epoch: 355, best loss: 0.031292
[2025-02-22 16:59:23;INFO]----------------------------------------------------------------------------------------------------

[2025-02-22 16:59:23;INFO]Current Epoch: 356 / 500 | Learning Rate : 0.00014644660940705013
[2025-02-22 16:59:42;INFO]Train | Loss : 0.006183 | ACC : 3360/3360 (100.000%)
[2025-02-22 16:59:45;INFO]Valid | Loss : 0.878373 | ACC : 1245/1440 (86.458%)
[2025-02-22 16:59:45;INFO]      | Loss didn't drop!

[2025-02-22 16:59:45;INFO]best epoch: 355, best loss: 0.031292
[2025-02-22 16:59:45;INFO]----------------------------------------------------------------------------------------------------

[2025-02-22 16:59:45;INFO]Current Epoch: 357 / 500 | Learning Rate : 0.00034549150281327096
[2025-02-22 17:00:04;INFO]Train | Loss : 0.005495 | ACC : 3360/3360 (100.000%)
[2025-02-22 17:00:07;INFO]Valid | Loss : 1.347253 | ACC : 1072/1440 (74.444%)
[2025-02-22 17:00:07;INFO]      | Loss didn't drop!

[2025-02-22 17:00:07;INFO]best epoch: 355, best loss: 0.031292
[2025-02-22 17:00:07;INFO]----------------------------------------------------------------------------------------------------

[2025-02-22 17:00:07;INFO]Current Epoch: 358 / 500 | Learning Rate : 0.0009938441702970792
[2025-02-22 17:00:26;INFO]Train | Loss : 0.012592 | ACC : 3357/3360 (99.911%)
[2025-02-22 17:00:28;INFO]Valid | Loss : 0.232512 | ACC : 1320/1440 (91.667%)
[2025-02-22 17:00:28;INFO]      | Loss didn't drop!

[2025-02-22 17:00:28;INFO]best epoch: 355, best loss: 0.031292
[2025-02-22 17:00:28;INFO]----------------------------------------------------------------------------------------------------

[2025-02-22 17:00:28;INFO]Current Epoch: 359 / 500 | Learning Rate : 0.00020610737385366875
[2025-02-22 17:00:47;INFO]Train | Loss : 0.007636 | ACC : 3360/3360 (100.000%)
[2025-02-22 17:00:50;INFO]Valid | Loss : 1.280534 | ACC : 1157/1440 (80.347%)
[2025-02-22 17:00:50;INFO]      | Loss didn't drop!

[2025-02-22 17:00:50;INFO]best epoch: 355, best loss: 0.031292
[2025-02-22 17:00:50;INFO]----------------------------------------------------------------------------------------------------

[2025-02-22 17:00:50;INFO]Current Epoch: 360 / 500 | Learning Rate : 0.00027300475013025135
[2025-02-22 17:01:09;INFO]Train | Loss : 0.006354 | ACC : 3359/3360 (99.970%)
[2025-02-22 17:01:12;INFO]Valid | Loss : 7.091329 | ACC : 546/1440 (37.917%)
[2025-02-22 17:01:12;INFO]      | Loss didn't drop!

[2025-02-22 17:01:12;INFO]best epoch: 355, best loss: 0.031292
[2025-02-22 17:01:12;INFO]----------------------------------------------------------------------------------------------------

[2025-02-22 17:01:12;INFO]Current Epoch: 361 / 500 | Learning Rate : 0.001000000000002949
[2025-02-22 17:01:31;INFO]Train | Loss : 0.026006 | ACC : 3351/3360 (99.732%)
[2025-02-22 17:01:33;INFO]Valid | Loss : 0.122892 | ACC : 1387/1440 (96.319%)
[2025-02-22 17:01:33;INFO]      | Loss didn't drop!

[2025-02-22 17:01:33;INFO]best epoch: 355, best loss: 0.031292
[2025-02-22 17:01:33;INFO]----------------------------------------------------------------------------------------------------

[2025-02-22 17:01:33;INFO]Current Epoch: 362 / 500 | Learning Rate : 0.0002730047501302892
[2025-02-22 17:01:52;INFO]Train | Loss : 0.011591 | ACC : 3360/3360 (100.000%)
[2025-02-22 17:01:55;INFO]Valid | Loss : 0.193235 | ACC : 1354/1440 (94.028%)
[2025-02-22 17:01:55;INFO]      | Loss didn't drop!

[2025-02-22 17:01:55;INFO]best epoch: 355, best loss: 0.031292
[2025-02-22 17:01:55;INFO]----------------------------------------------------------------------------------------------------

[2025-02-22 17:01:55;INFO]Current Epoch: 363 / 500 | Learning Rate : 0.0002061073738538801
[2025-02-22 17:02:14;INFO]Train | Loss : 0.007032 | ACC : 3360/3360 (100.000%)
[2025-02-22 17:02:17;INFO]Valid | Loss : 3.110643 | ACC : 588/1440 (40.833%)
[2025-02-22 17:02:17;INFO]      | Loss didn't drop!

[2025-02-22 17:02:17;INFO]best epoch: 355, best loss: 0.031292
[2025-02-22 17:02:17;INFO]----------------------------------------------------------------------------------------------------

[2025-02-22 17:02:17;INFO]Current Epoch: 364 / 500 | Learning Rate : 0.000993844170298191
[2025-02-22 17:02:36;INFO]Train | Loss : 0.007002 | ACC : 3360/3360 (100.000%)
[2025-02-22 17:02:39;INFO]Valid | Loss : 0.049423 | ACC : 1423/1440 (98.819%)
[2025-02-22 17:02:39;INFO]      | Loss didn't drop!

[2025-02-22 17:02:39;INFO]best epoch: 355, best loss: 0.031292
[2025-02-22 17:02:39;INFO]----------------------------------------------------------------------------------------------------

[2025-02-22 17:02:39;INFO]Current Epoch: 365 / 500 | Learning Rate : 0.00034549150281272355
[2025-02-22 17:02:58;INFO]Train | Loss : 0.009882 | ACC : 3358/3360 (99.940%)
[2025-02-22 17:03:00;INFO]Valid | Loss : 0.416369 | ACC : 1247/1440 (86.597%)
[2025-02-22 17:03:00;INFO]      | Loss didn't drop!

[2025-02-22 17:03:00;INFO]best epoch: 355, best loss: 0.031292
[2025-02-22 17:03:00;INFO]----------------------------------------------------------------------------------------------------

[2025-02-22 17:03:00;INFO]Current Epoch: 366 / 500 | Learning Rate : 0.00014644660940687482
[2025-02-22 17:03:19;INFO]Train | Loss : 0.005408 | ACC : 3360/3360 (100.000%)
[2025-02-22 17:03:22;INFO]Valid | Loss : 1.788459 | ACC : 824/1440 (57.222%)
[2025-02-22 17:03:22;INFO]      | Loss didn't drop!

[2025-02-22 17:03:22;INFO]best epoch: 355, best loss: 0.031292
[2025-02-22 17:03:22;INFO]----------------------------------------------------------------------------------------------------

[2025-02-22 17:03:22;INFO]Current Epoch: 367 / 500 | Learning Rate : 0.0009755282581486852
[2025-02-22 17:03:41;INFO]Train | Loss : 0.007370 | ACC : 3360/3360 (100.000%)
[2025-02-22 17:03:44;INFO]Valid | Loss : 0.190695 | ACC : 1342/1440 (93.194%)
[2025-02-22 17:03:44;INFO]      | Loss didn't drop!

[2025-02-22 17:03:44;INFO]best epoch: 355, best loss: 0.031292
[2025-02-22 17:03:44;INFO]----------------------------------------------------------------------------------------------------

[2025-02-22 17:03:44;INFO]Current Epoch: 368 / 500 | Learning Rate : 0.00042178276748052135
[2025-02-22 17:04:03;INFO]Train | Loss : 0.004168 | ACC : 3360/3360 (100.000%)
[2025-02-22 17:04:05;INFO]Valid | Loss : 0.600377 | ACC : 1183/1440 (82.153%)
[2025-02-22 17:04:05;INFO]      | Loss didn't drop!

[2025-02-22 17:04:05;INFO]best epoch: 355, best loss: 0.031292
[2025-02-22 17:04:05;INFO]----------------------------------------------------------------------------------------------------

[2025-02-22 17:04:05;INFO]Current Epoch: 369 / 500 | Learning Rate : 9.549150281266023e-05
[2025-02-22 17:04:24;INFO]Train | Loss : 0.004287 | ACC : 3360/3360 (100.000%)
[2025-02-22 17:04:27;INFO]Valid | Loss : 0.764109 | ACC : 1180/1440 (81.944%)
[2025-02-22 17:04:27;INFO]      | Loss didn't drop!

[2025-02-22 17:04:27;INFO]best epoch: 355, best loss: 0.031292
[2025-02-22 17:04:27;INFO]----------------------------------------------------------------------------------------------------

[2025-02-22 17:04:27;INFO]Current Epoch: 370 / 500 | Learning Rate : 0.0009455032620930766
[2025-02-22 17:04:46;INFO]Train | Loss : 0.004082 | ACC : 3360/3360 (100.000%)
[2025-02-22 17:04:49;INFO]Valid | Loss : 0.771992 | ACC : 1202/1440 (83.472%)
[2025-02-22 17:04:49;INFO]      | Loss didn't drop!

[2025-02-22 17:04:49;INFO]best epoch: 355, best loss: 0.031292
[2025-02-22 17:04:49;INFO]----------------------------------------------------------------------------------------------------

[2025-02-22 17:04:49;INFO]Current Epoch: 371 / 500 | Learning Rate : 0.0005000000000009428
[2025-02-22 17:05:08;INFO]Train | Loss : 0.004357 | ACC : 3360/3360 (100.000%)
[2025-02-22 17:05:10;INFO]Valid | Loss : 0.080254 | ACC : 1403/1440 (97.431%)
[2025-02-22 17:05:10;INFO]      | Loss didn't drop!

[2025-02-22 17:05:10;INFO]best epoch: 355, best loss: 0.031292
[2025-02-22 17:05:10;INFO]----------------------------------------------------------------------------------------------------

[2025-02-22 17:05:10;INFO]Current Epoch: 372 / 500 | Learning Rate : 5.4496737905907264e-05
[2025-02-22 17:05:29;INFO]Train | Loss : 0.003920 | ACC : 3360/3360 (100.000%)
[2025-02-22 17:05:32;INFO]Valid | Loss : 1.451650 | ACC : 1064/1440 (73.889%)
[2025-02-22 17:05:32;INFO]      | Loss didn't drop!

[2025-02-22 17:05:32;INFO]best epoch: 355, best loss: 0.031292
[2025-02-22 17:05:32;INFO]----------------------------------------------------------------------------------------------------

[2025-02-22 17:05:32;INFO]Current Epoch: 373 / 500 | Learning Rate : 0.000904508497189507
[2025-02-22 17:05:51;INFO]Train | Loss : 0.003948 | ACC : 3360/3360 (100.000%)
[2025-02-22 17:05:54;INFO]Valid | Loss : 0.070098 | ACC : 1411/1440 (97.986%)
[2025-02-22 17:05:54;INFO]      | Loss didn't drop!

[2025-02-22 17:05:54;INFO]best epoch: 355, best loss: 0.031292
[2025-02-22 17:05:54;INFO]----------------------------------------------------------------------------------------------------

[2025-02-22 17:05:54;INFO]Current Epoch: 374 / 500 | Learning Rate : 0.0005782172325198901
[2025-02-22 17:06:13;INFO]Train | Loss : 0.003506 | ACC : 3360/3360 (100.000%)
[2025-02-22 17:06:15;INFO]Valid | Loss : 0.035600 | ACC : 1431/1440 (99.375%)
[2025-02-22 17:06:15;INFO]      | Loss didn't drop!

[2025-02-22 17:06:15;INFO]best epoch: 355, best loss: 0.031292
[2025-02-22 17:06:15;INFO]----------------------------------------------------------------------------------------------------

[2025-02-22 17:06:15;INFO]Current Epoch: 375 / 500 | Learning Rate : 2.4471741852428063e-05
[2025-02-22 17:06:34;INFO]Train | Loss : 0.003907 | ACC : 3360/3360 (100.000%)
[2025-02-22 17:06:37;INFO]Valid | Loss : 2.082492 | ACC : 895/1440 (62.153%)
[2025-02-22 17:06:37;INFO]      | Loss didn't drop!

[2025-02-22 17:06:37;INFO]best epoch: 355, best loss: 0.031292
[2025-02-22 17:06:37;INFO]----------------------------------------------------------------------------------------------------

[2025-02-22 17:06:37;INFO]Current Epoch: 376 / 500 | Learning Rate : 0.000853553390593247
[2025-02-22 17:06:56;INFO]Train | Loss : 0.012024 | ACC : 3356/3360 (99.881%)
[2025-02-22 17:06:59;INFO]Valid | Loss : 0.392362 | ACC : 1262/1440 (87.639%)
[2025-02-22 17:06:59;INFO]      | Loss didn't drop!

[2025-02-22 17:06:59;INFO]best epoch: 355, best loss: 0.031292
[2025-02-22 17:06:59;INFO]----------------------------------------------------------------------------------------------------

[2025-02-22 17:06:59;INFO]Current Epoch: 377 / 500 | Learning Rate : 0.0006545084971895008
[2025-02-22 17:07:18;INFO]Train | Loss : 0.006893 | ACC : 3360/3360 (100.000%)
[2025-02-22 17:07:20;INFO]Valid | Loss : 0.106763 | ACC : 1378/1440 (95.694%)
[2025-02-22 17:07:20;INFO]      | Loss didn't drop!

[2025-02-22 17:07:20;INFO]best epoch: 355, best loss: 0.031292
[2025-02-22 17:07:20;INFO]----------------------------------------------------------------------------------------------------

[2025-02-22 17:07:20;INFO]Current Epoch: 378 / 500 | Learning Rate : 6.1558297024519335e-06
[2025-02-22 17:07:39;INFO]Train | Loss : 0.004073 | ACC : 3360/3360 (100.000%)
[2025-02-22 17:07:42;INFO]Valid | Loss : 0.245151 | ACC : 1352/1440 (93.889%)
[2025-02-22 17:07:42;INFO]      | Loss didn't drop!

[2025-02-22 17:07:42;INFO]best epoch: 355, best loss: 0.031292
[2025-02-22 17:07:42;INFO]----------------------------------------------------------------------------------------------------

[2025-02-22 17:07:42;INFO]Current Epoch: 379 / 500 | Learning Rate : 0.0007938926261466338
[2025-02-22 17:08:01;INFO]Train | Loss : 0.004164 | ACC : 3360/3360 (100.000%)
[2025-02-22 17:08:04;INFO]Valid | Loss : 0.468296 | ACC : 1214/1440 (84.306%)
[2025-02-22 17:08:04;INFO]      | Loss didn't drop!

[2025-02-22 17:08:04;INFO]best epoch: 355, best loss: 0.031292
[2025-02-22 17:08:04;INFO]----------------------------------------------------------------------------------------------------

[2025-02-22 17:08:04;INFO]Current Epoch: 380 / 500 | Learning Rate : 0.0007269952498702517
[2025-02-22 17:08:23;INFO]Train | Loss : 0.014701 | ACC : 3359/3360 (99.970%)
[2025-02-22 17:08:25;INFO]Valid | Loss : 0.177838 | ACC : 1349/1440 (93.681%)
[2025-02-22 17:08:25;INFO]      | Loss didn't drop!

[2025-02-22 17:08:25;INFO]best epoch: 355, best loss: 0.031292
[2025-02-22 17:08:25;INFO]----------------------------------------------------------------------------------------------------

[2025-02-22 17:08:25;INFO]Current Epoch: 381 / 500 | Learning Rate : 0.0
[2025-02-22 17:08:44;INFO]Train | Loss : 0.013488 | ACC : 3358/3360 (99.940%)
[2025-02-22 17:08:47;INFO]Valid | Loss : 8.390877 | ACC : 425/1440 (29.514%)
[2025-02-22 17:08:47;INFO]      | Loss didn't drop!

[2025-02-22 17:08:47;INFO]best epoch: 355, best loss: 0.031292
[2025-02-22 17:08:47;INFO]----------------------------------------------------------------------------------------------------

[2025-02-22 17:08:47;INFO]Current Epoch: 382 / 500 | Learning Rate : 0.000726995249870514
[2025-02-22 17:09:06;INFO]Train | Loss : 0.013294 | ACC : 3360/3360 (100.000%)
[2025-02-22 17:09:09;INFO]Valid | Loss : 3.292836 | ACC : 621/1440 (43.125%)
[2025-02-22 17:09:09;INFO]      | Loss didn't drop!

[2025-02-22 17:09:09;INFO]best epoch: 355, best loss: 0.031292
[2025-02-22 17:09:09;INFO]----------------------------------------------------------------------------------------------------

[2025-02-22 17:09:09;INFO]Current Epoch: 383 / 500 | Learning Rate : 0.0007938926261472255
[2025-02-22 17:09:28;INFO]Train | Loss : 0.006616 | ACC : 3359/3360 (99.970%)
[2025-02-22 17:09:30;INFO]Valid | Loss : 0.185441 | ACC : 1328/1440 (92.222%)
[2025-02-22 17:09:30;INFO]      | Loss didn't drop!

[2025-02-22 17:09:30;INFO]best epoch: 355, best loss: 0.031292
[2025-02-22 17:09:30;INFO]----------------------------------------------------------------------------------------------------

[2025-02-22 17:09:30;INFO]Current Epoch: 384 / 500 | Learning Rate : 6.155829702431115e-06
[2025-02-22 17:09:49;INFO]Train | Loss : 0.005341 | ACC : 3360/3360 (100.000%)
[2025-02-22 17:09:52;INFO]Valid | Loss : 4.397167 | ACC : 562/1440 (39.028%)
[2025-02-22 17:09:52;INFO]      | Loss didn't drop!

[2025-02-22 17:09:52;INFO]best epoch: 355, best loss: 0.031292
[2025-02-22 17:09:52;INFO]----------------------------------------------------------------------------------------------------

[2025-02-22 17:09:52;INFO]Current Epoch: 385 / 500 | Learning Rate : 0.0006545084971885788
[2025-02-22 17:10:11;INFO]Train | Loss : 0.007110 | ACC : 3359/3360 (99.970%)
[2025-02-22 17:10:14;INFO]Valid | Loss : 1.053735 | ACC : 1143/1440 (79.375%)
[2025-02-22 17:10:14;INFO]      | Loss didn't drop!

[2025-02-22 17:10:14;INFO]best epoch: 355, best loss: 0.031292
[2025-02-22 17:10:14;INFO]----------------------------------------------------------------------------------------------------

[2025-02-22 17:10:14;INFO]Current Epoch: 386 / 500 | Learning Rate : 0.000853553390592291
[2025-02-22 17:10:33;INFO]Train | Loss : 0.006711 | ACC : 3359/3360 (99.970%)
[2025-02-22 17:10:35;INFO]Valid | Loss : 0.036477 | ACC : 1431/1440 (99.375%)
[2025-02-22 17:10:35;INFO]      | Loss didn't drop!

[2025-02-22 17:10:35;INFO]best epoch: 355, best loss: 0.031292
[2025-02-22 17:10:35;INFO]----------------------------------------------------------------------------------------------------

[2025-02-22 17:10:35;INFO]Current Epoch: 387 / 500 | Learning Rate : 2.4471741852465603e-05
[2025-02-22 17:10:54;INFO]Train | Loss : 0.008398 | ACC : 3360/3360 (100.000%)
[2025-02-22 17:10:57;INFO]Valid | Loss : 2.765435 | ACC : 788/1440 (54.722%)
[2025-02-22 17:10:57;INFO]      | Loss didn't drop!

[2025-02-22 17:10:57;INFO]best epoch: 355, best loss: 0.031292
[2025-02-22 17:10:57;INFO]----------------------------------------------------------------------------------------------------

[2025-02-22 17:10:57;INFO]Current Epoch: 388 / 500 | Learning Rate : 0.0005782172325213858
[2025-02-22 17:11:16;INFO]Train | Loss : 0.006505 | ACC : 3360/3360 (100.000%)
[2025-02-22 17:11:19;INFO]Valid | Loss : 1.564724 | ACC : 1005/1440 (69.792%)
[2025-02-22 17:11:19;INFO]      | Loss didn't drop!

[2025-02-22 17:11:19;INFO]best epoch: 355, best loss: 0.031292
[2025-02-22 17:11:19;INFO]----------------------------------------------------------------------------------------------------

[2025-02-22 17:11:19;INFO]Current Epoch: 389 / 500 | Learning Rate : 0.0009045084971869596
[2025-02-22 17:11:38;INFO]Train | Loss : 0.004239 | ACC : 3360/3360 (100.000%)
[2025-02-22 17:11:41;INFO]Valid | Loss : 0.028888 | ACC : 1430/1440 (99.306%)
[2025-02-22 17:11:41;INFO]      | Loss dropped from 0.031292 to 0.028888, model has been saved!

[2025-02-22 17:11:41;INFO]best epoch: 389, best loss: 0.028888
[2025-02-22 17:11:41;INFO]----------------------------------------------------------------------------------------------------

[2025-02-22 17:11:41;INFO]Current Epoch: 390 / 500 | Learning Rate : 5.4496737905752975e-05
[2025-02-22 17:12:00;INFO]Train | Loss : 0.002949 | ACC : 3360/3360 (100.000%)
[2025-02-22 17:12:02;INFO]Valid | Loss : 0.210736 | ACC : 1355/1440 (94.097%)
[2025-02-22 17:12:02;INFO]      | Loss didn't drop!

[2025-02-22 17:12:02;INFO]best epoch: 389, best loss: 0.028888
[2025-02-22 17:12:02;INFO]----------------------------------------------------------------------------------------------------

[2025-02-22 17:12:02;INFO]Current Epoch: 391 / 500 | Learning Rate : 0.0005000000000000205
[2025-02-22 17:12:21;INFO]Train | Loss : 0.003038 | ACC : 3360/3360 (100.000%)
[2025-02-22 17:12:24;INFO]Valid | Loss : 0.066636 | ACC : 1398/1440 (97.083%)
[2025-02-22 17:12:24;INFO]      | Loss didn't drop!

[2025-02-22 17:12:24;INFO]best epoch: 389, best loss: 0.028888
[2025-02-22 17:12:24;INFO]----------------------------------------------------------------------------------------------------

[2025-02-22 17:12:24;INFO]Current Epoch: 392 / 500 | Learning Rate : 0.0009455032620941946
[2025-02-22 17:12:43;INFO]Train | Loss : 0.002564 | ACC : 3360/3360 (100.000%)
[2025-02-22 17:12:46;INFO]Valid | Loss : 0.020708 | ACC : 1436/1440 (99.722%)
[2025-02-22 17:12:46;INFO]      | Loss dropped from 0.028888 to 0.020708, model has been saved!

[2025-02-22 17:12:46;INFO]best epoch: 392, best loss: 0.020708
[2025-02-22 17:12:46;INFO]----------------------------------------------------------------------------------------------------

[2025-02-22 17:12:46;INFO]Current Epoch: 393 / 500 | Learning Rate : 9.549150281278579e-05
[2025-02-22 17:13:05;INFO]Train | Loss : 0.002447 | ACC : 3360/3360 (100.000%)
[2025-02-22 17:13:07;INFO]Valid | Loss : 0.092456 | ACC : 1391/1440 (96.597%)
[2025-02-22 17:13:07;INFO]      | Loss didn't drop!

[2025-02-22 17:13:07;INFO]best epoch: 392, best loss: 0.020708
[2025-02-22 17:13:07;INFO]----------------------------------------------------------------------------------------------------

[2025-02-22 17:13:07;INFO]Current Epoch: 394 / 500 | Learning Rate : 0.00042178276748133906
[2025-02-22 17:13:26;INFO]Train | Loss : 0.002979 | ACC : 3360/3360 (100.000%)
[2025-02-22 17:13:29;INFO]Valid | Loss : 0.080418 | ACC : 1407/1440 (97.708%)
[2025-02-22 17:13:29;INFO]      | Loss didn't drop!

[2025-02-22 17:13:29;INFO]best epoch: 392, best loss: 0.020708
[2025-02-22 17:13:29;INFO]----------------------------------------------------------------------------------------------------

[2025-02-22 17:13:29;INFO]Current Epoch: 395 / 500 | Learning Rate : 0.000975528258150922
[2025-02-22 17:13:48;INFO]Train | Loss : 0.003164 | ACC : 3360/3360 (100.000%)
[2025-02-22 17:13:51;INFO]Valid | Loss : 0.023850 | ACC : 1436/1440 (99.722%)
[2025-02-22 17:13:51;INFO]      | Loss didn't drop!

[2025-02-22 17:13:51;INFO]best epoch: 392, best loss: 0.020708
[2025-02-22 17:13:51;INFO]----------------------------------------------------------------------------------------------------

[2025-02-22 17:13:51;INFO]Current Epoch: 396 / 500 | Learning Rate : 0.0001464466094063159
[2025-02-22 17:14:10;INFO]Train | Loss : 0.002778 | ACC : 3360/3360 (100.000%)
[2025-02-22 17:14:13;INFO]Valid | Loss : 0.078170 | ACC : 1397/1440 (97.014%)
[2025-02-22 17:14:13;INFO]      | Loss didn't drop!

[2025-02-22 17:14:13;INFO]best epoch: 392, best loss: 0.020708
[2025-02-22 17:14:13;INFO]----------------------------------------------------------------------------------------------------

[2025-02-22 17:14:13;INFO]Current Epoch: 397 / 500 | Learning Rate : 0.0003454915028118952
[2025-02-22 17:14:32;INFO]Train | Loss : 0.002808 | ACC : 3360/3360 (100.000%)
[2025-02-22 17:14:34;INFO]Valid | Loss : 0.298259 | ACC : 1315/1440 (91.319%)
[2025-02-22 17:14:34;INFO]      | Loss didn't drop!

[2025-02-22 17:14:34;INFO]best epoch: 392, best loss: 0.020708
[2025-02-22 17:14:34;INFO]----------------------------------------------------------------------------------------------------

[2025-02-22 17:14:34;INFO]Current Epoch: 398 / 500 | Learning Rate : 0.0009938441702986827
[2025-02-22 17:14:53;INFO]Train | Loss : 0.002950 | ACC : 3360/3360 (100.000%)
[2025-02-22 17:14:56;INFO]Valid | Loss : 0.016936 | ACC : 1437/1440 (99.792%)
[2025-02-22 17:14:56;INFO]      | Loss dropped from 0.020708 to 0.016936, model has been saved!

[2025-02-22 17:14:56;INFO]best epoch: 398, best loss: 0.016936
[2025-02-22 17:14:56;INFO]----------------------------------------------------------------------------------------------------

[2025-02-22 17:14:56;INFO]Current Epoch: 399 / 500 | Learning Rate : 0.00020610737385413385
[2025-02-22 17:15:15;INFO]Train | Loss : 0.002969 | ACC : 3360/3360 (100.000%)
[2025-02-22 17:15:18;INFO]Valid | Loss : 0.041075 | ACC : 1431/1440 (99.375%)
[2025-02-22 17:15:18;INFO]      | Loss didn't drop!

[2025-02-22 17:15:18;INFO]best epoch: 398, best loss: 0.016936
[2025-02-22 17:15:18;INFO]----------------------------------------------------------------------------------------------------

[2025-02-22 17:15:18;INFO]Current Epoch: 400 / 500 | Learning Rate : 0.00027300475013054625
[2025-02-22 17:15:37;INFO]Train | Loss : 0.003568 | ACC : 3360/3360 (100.000%)
[2025-02-22 17:15:39;INFO]Valid | Loss : 3.834011 | ACC : 613/1440 (42.569%)
[2025-02-22 17:15:39;INFO]      | Loss didn't drop!

[2025-02-22 17:15:39;INFO]best epoch: 398, best loss: 0.016936
[2025-02-22 17:15:39;INFO]----------------------------------------------------------------------------------------------------

[2025-02-22 17:15:39;INFO]Current Epoch: 401 / 500 | Learning Rate : 0.0010000000000016773
[2025-02-22 17:15:58;INFO]Train | Loss : 0.029186 | ACC : 3354/3360 (99.821%)
[2025-02-22 17:16:01;INFO]Valid | Loss : 0.258684 | ACC : 1292/1440 (89.722%)
[2025-02-22 17:16:01;INFO]      | Loss didn't drop!

[2025-02-22 17:16:01;INFO]best epoch: 398, best loss: 0.016936
[2025-02-22 17:16:01;INFO]----------------------------------------------------------------------------------------------------

[2025-02-22 17:16:01;INFO]Current Epoch: 402 / 500 | Learning Rate : 0.0002730047501307768
[2025-02-22 17:16:20;INFO]Train | Loss : 0.016683 | ACC : 3359/3360 (99.970%)
[2025-02-22 17:16:23;INFO]Valid | Loss : 1.963516 | ACC : 904/1440 (62.778%)
[2025-02-22 17:16:23;INFO]      | Loss didn't drop!

[2025-02-22 17:16:23;INFO]best epoch: 398, best loss: 0.016936
[2025-02-22 17:16:23;INFO]----------------------------------------------------------------------------------------------------

[2025-02-22 17:16:23;INFO]Current Epoch: 403 / 500 | Learning Rate : 0.00020610737385417434
[2025-02-22 17:16:42;INFO]Train | Loss : 0.023322 | ACC : 3347/3360 (99.613%)
[2025-02-22 17:16:44;INFO]Valid | Loss : 9.846150 | ACC : 230/1440 (15.972%)
[2025-02-22 17:16:44;INFO]      | Loss didn't drop!

[2025-02-22 17:16:44;INFO]best epoch: 398, best loss: 0.016936
[2025-02-22 17:16:44;INFO]----------------------------------------------------------------------------------------------------

[2025-02-22 17:16:44;INFO]Current Epoch: 404 / 500 | Learning Rate : 0.0009938441702969027
[2025-02-22 17:17:03;INFO]Train | Loss : 0.067248 | ACC : 3341/3360 (99.435%)
[2025-02-22 17:17:06;INFO]Valid | Loss : 1.414265 | ACC : 1024/1440 (71.111%)
[2025-02-22 17:17:06;INFO]      | Loss didn't drop!

[2025-02-22 17:17:06;INFO]best epoch: 398, best loss: 0.016936
[2025-02-22 17:17:06;INFO]----------------------------------------------------------------------------------------------------

[2025-02-22 17:17:06;INFO]Current Epoch: 405 / 500 | Learning Rate : 0.00034549150281243987
[2025-02-22 17:17:25;INFO]Train | Loss : 0.034471 | ACC : 3357/3360 (99.911%)
[2025-02-22 17:17:28;INFO]Valid | Loss : 3.375058 | ACC : 601/1440 (41.736%)
[2025-02-22 17:17:28;INFO]      | Loss didn't drop!

[2025-02-22 17:17:28;INFO]best epoch: 398, best loss: 0.016936
[2025-02-22 17:17:28;INFO]----------------------------------------------------------------------------------------------------

[2025-02-22 17:17:28;INFO]Current Epoch: 406 / 500 | Learning Rate : 0.00014644660940665323
[2025-02-22 17:17:47;INFO]Train | Loss : 0.011657 | ACC : 3360/3360 (100.000%)
[2025-02-22 17:17:49;INFO]Valid | Loss : 8.121730 | ACC : 176/1440 (12.222%)
[2025-02-22 17:17:49;INFO]      | Loss didn't drop!

[2025-02-22 17:17:49;INFO]best epoch: 398, best loss: 0.016936
[2025-02-22 17:17:49;INFO]----------------------------------------------------------------------------------------------------

[2025-02-22 17:17:49;INFO]Current Epoch: 407 / 500 | Learning Rate : 0.0009755282581474723
[2025-02-22 17:18:08;INFO]Train | Loss : 0.013208 | ACC : 3357/3360 (99.911%)
[2025-02-22 17:18:11;INFO]Valid | Loss : 0.813177 | ACC : 1236/1440 (85.833%)
[2025-02-22 17:18:11;INFO]      | Loss didn't drop!

[2025-02-22 17:18:11;INFO]best epoch: 398, best loss: 0.016936
[2025-02-22 17:18:11;INFO]----------------------------------------------------------------------------------------------------

[2025-02-22 17:18:11;INFO]Current Epoch: 408 / 500 | Learning Rate : 0.00042178276747992206
[2025-02-22 17:18:30;INFO]Train | Loss : 0.031940 | ACC : 3346/3360 (99.583%)
[2025-02-22 17:18:33;INFO]Valid | Loss : 7.395124 | ACC : 549/1440 (38.125%)
[2025-02-22 17:18:33;INFO]      | Loss didn't drop!

[2025-02-22 17:18:33;INFO]best epoch: 398, best loss: 0.016936
[2025-02-22 17:18:33;INFO]----------------------------------------------------------------------------------------------------

[2025-02-22 17:18:33;INFO]Current Epoch: 409 / 500 | Learning Rate : 9.549150281250943e-05
[2025-02-22 17:18:52;INFO]Train | Loss : 0.012251 | ACC : 3360/3360 (100.000%)
[2025-02-22 17:18:54;INFO]Valid | Loss : 2.752870 | ACC : 741/1440 (51.458%)
[2025-02-22 17:18:54;INFO]      | Loss didn't drop!

[2025-02-22 17:18:54;INFO]best epoch: 398, best loss: 0.016936
[2025-02-22 17:18:54;INFO]----------------------------------------------------------------------------------------------------

[2025-02-22 17:18:54;INFO]Current Epoch: 410 / 500 | Learning Rate : 0.0009455032620973177
[2025-02-22 17:19:13;INFO]Train | Loss : 0.008554 | ACC : 3360/3360 (100.000%)
[2025-02-22 17:19:16;INFO]Valid | Loss : 0.196699 | ACC : 1352/1440 (93.889%)
[2025-02-22 17:19:16;INFO]      | Loss didn't drop!

[2025-02-22 17:19:16;INFO]best epoch: 398, best loss: 0.016936
[2025-02-22 17:19:16;INFO]----------------------------------------------------------------------------------------------------

[2025-02-22 17:19:16;INFO]Current Epoch: 411 / 500 | Learning Rate : 0.0005000000000017998
[2025-02-22 17:19:35;INFO]Train | Loss : 0.008213 | ACC : 3359/3360 (99.970%)
[2025-02-22 17:19:38;INFO]Valid | Loss : 0.169218 | ACC : 1356/1440 (94.167%)
[2025-02-22 17:19:38;INFO]      | Loss didn't drop!

[2025-02-22 17:19:38;INFO]best epoch: 398, best loss: 0.016936
[2025-02-22 17:19:38;INFO]----------------------------------------------------------------------------------------------------

[2025-02-22 17:19:38;INFO]Current Epoch: 412 / 500 | Learning Rate : 5.4496737906024134e-05
[2025-02-22 17:19:57;INFO]Train | Loss : 0.006132 | ACC : 3359/3360 (99.970%)
[2025-02-22 17:19:59;INFO]Valid | Loss : 1.210425 | ACC : 891/1440 (61.875%)
[2025-02-22 17:19:59;INFO]      | Loss didn't drop!

[2025-02-22 17:19:59;INFO]best epoch: 398, best loss: 0.016936
[2025-02-22 17:19:59;INFO]----------------------------------------------------------------------------------------------------

[2025-02-22 17:19:59;INFO]Current Epoch: 413 / 500 | Learning Rate : 0.000904508497185784
[2025-02-22 17:20:18;INFO]Train | Loss : 0.005260 | ACC : 3360/3360 (100.000%)
[2025-02-22 17:20:21;INFO]Valid | Loss : 0.098022 | ACC : 1392/1440 (96.667%)
[2025-02-22 17:20:21;INFO]      | Loss didn't drop!

[2025-02-22 17:20:21;INFO]best epoch: 398, best loss: 0.016936
[2025-02-22 17:20:21;INFO]----------------------------------------------------------------------------------------------------

[2025-02-22 17:20:21;INFO]Current Epoch: 414 / 500 | Learning Rate : 0.0005782172325208781
[2025-02-22 17:20:40;INFO]Train | Loss : 0.005519 | ACC : 3360/3360 (100.000%)
[2025-02-22 17:20:43;INFO]Valid | Loss : 0.171661 | ACC : 1354/1440 (94.028%)
[2025-02-22 17:20:43;INFO]      | Loss didn't drop!

[2025-02-22 17:20:43;INFO]best epoch: 398, best loss: 0.016936
[2025-02-22 17:20:43;INFO]----------------------------------------------------------------------------------------------------

[2025-02-22 17:20:43;INFO]Current Epoch: 415 / 500 | Learning Rate : 2.4471741852452366e-05
[2025-02-22 17:21:02;INFO]Train | Loss : 0.003662 | ACC : 3360/3360 (100.000%)
[2025-02-22 17:21:04;INFO]Valid | Loss : 0.504200 | ACC : 1259/1440 (87.431%)
[2025-02-22 17:21:04;INFO]      | Loss didn't drop!

[2025-02-22 17:21:04;INFO]best epoch: 398, best loss: 0.016936
[2025-02-22 17:21:04;INFO]----------------------------------------------------------------------------------------------------

[2025-02-22 17:21:04;INFO]Current Epoch: 416 / 500 | Learning Rate : 0.0008535533905945972
[2025-02-22 17:21:23;INFO]Train | Loss : 0.009082 | ACC : 3359/3360 (99.970%)
[2025-02-22 17:21:26;INFO]Valid | Loss : 1.050108 | ACC : 1154/1440 (80.139%)
[2025-02-22 17:21:26;INFO]      | Loss didn't drop!

[2025-02-22 17:21:26;INFO]best epoch: 398, best loss: 0.016936
[2025-02-22 17:21:26;INFO]----------------------------------------------------------------------------------------------------

[2025-02-22 17:21:26;INFO]Current Epoch: 417 / 500 | Learning Rate : 0.0006545084971886078
[2025-02-22 17:21:45;INFO]Train | Loss : 0.008223 | ACC : 3360/3360 (100.000%)
[2025-02-22 17:21:48;INFO]Valid | Loss : 1.580910 | ACC : 1077/1440 (74.792%)
[2025-02-22 17:21:48;INFO]      | Loss didn't drop!

[2025-02-22 17:21:48;INFO]best epoch: 398, best loss: 0.016936
[2025-02-22 17:21:48;INFO]----------------------------------------------------------------------------------------------------

[2025-02-22 17:21:48;INFO]Current Epoch: 418 / 500 | Learning Rate : 6.155829702454096e-06
[2025-02-22 17:22:07;INFO]Train | Loss : 0.009184 | ACC : 3358/3360 (99.940%)
[2025-02-22 17:22:10;INFO]Valid | Loss : 4.166317 | ACC : 614/1440 (42.639%)
[2025-02-22 17:22:10;INFO]      | Loss didn't drop!

[2025-02-22 17:22:10;INFO]best epoch: 398, best loss: 0.016936
[2025-02-22 17:22:10;INFO]----------------------------------------------------------------------------------------------------

[2025-02-22 17:22:10;INFO]Current Epoch: 419 / 500 | Learning Rate : 0.0007938926261478818
[2025-02-22 17:22:28;INFO]Train | Loss : 0.036091 | ACC : 3349/3360 (99.673%)
[2025-02-22 17:22:31;INFO]Valid | Loss : 6.820539 | ACC : 260/1440 (18.056%)
[2025-02-22 17:22:31;INFO]      | Loss didn't drop!

[2025-02-22 17:22:31;INFO]best epoch: 398, best loss: 0.016936
[2025-02-22 17:22:31;INFO]----------------------------------------------------------------------------------------------------

[2025-02-22 17:22:31;INFO]Current Epoch: 420 / 500 | Learning Rate : 0.0007269952498693723
[2025-02-22 17:22:50;INFO]Train | Loss : 0.010215 | ACC : 3360/3360 (100.000%)
[2025-02-22 17:22:53;INFO]Valid | Loss : 0.874887 | ACC : 1183/1440 (82.153%)
[2025-02-22 17:22:53;INFO]      | Loss didn't drop!

[2025-02-22 17:22:53;INFO]best epoch: 398, best loss: 0.016936
[2025-02-22 17:22:53;INFO]----------------------------------------------------------------------------------------------------

[2025-02-22 17:22:53;INFO]Current Epoch: 421 / 500 | Learning Rate : 0.0
[2025-02-22 17:23:12;INFO]Train | Loss : 0.007383 | ACC : 3359/3360 (99.970%)
[2025-02-22 17:23:14;INFO]Valid | Loss : 4.227420 | ACC : 704/1440 (48.889%)
[2025-02-22 17:23:14;INFO]      | Loss didn't drop!

[2025-02-22 17:23:14;INFO]best epoch: 398, best loss: 0.016936
[2025-02-22 17:23:14;INFO]----------------------------------------------------------------------------------------------------

[2025-02-22 17:23:14;INFO]Current Epoch: 422 / 500 | Learning Rate : 0.0007269952498696464
[2025-02-22 17:23:33;INFO]Train | Loss : 0.003958 | ACC : 3360/3360 (100.000%)
[2025-02-22 17:23:36;INFO]Valid | Loss : 1.117886 | ACC : 933/1440 (64.792%)
[2025-02-22 17:23:36;INFO]      | Loss didn't drop!

[2025-02-22 17:23:36;INFO]best epoch: 398, best loss: 0.016936
[2025-02-22 17:23:36;INFO]----------------------------------------------------------------------------------------------------

[2025-02-22 17:23:36;INFO]Current Epoch: 423 / 500 | Learning Rate : 0.0007938926261461641
[2025-02-22 17:23:55;INFO]Train | Loss : 0.003553 | ACC : 3360/3360 (100.000%)
[2025-02-22 17:23:58;INFO]Valid | Loss : 0.359982 | ACC : 1316/1440 (91.389%)
[2025-02-22 17:23:58;INFO]      | Loss didn't drop!

[2025-02-22 17:23:58;INFO]best epoch: 398, best loss: 0.016936
[2025-02-22 17:23:58;INFO]----------------------------------------------------------------------------------------------------

[2025-02-22 17:23:58;INFO]Current Epoch: 424 / 500 | Learning Rate : 6.155829702431115e-06
[2025-02-22 17:24:17;INFO]Train | Loss : 0.003677 | ACC : 3360/3360 (100.000%)
[2025-02-22 17:24:20;INFO]Valid | Loss : 0.138879 | ACC : 1375/1440 (95.486%)
[2025-02-22 17:24:20;INFO]      | Loss didn't drop!

[2025-02-22 17:24:20;INFO]best epoch: 398, best loss: 0.016936
[2025-02-22 17:24:20;INFO]----------------------------------------------------------------------------------------------------

[2025-02-22 17:24:20;INFO]Current Epoch: 425 / 500 | Learning Rate : 0.0006545084971876988
[2025-02-22 17:24:39;INFO]Train | Loss : 0.003809 | ACC : 3360/3360 (100.000%)
[2025-02-22 17:24:41;INFO]Valid | Loss : 1.685432 | ACC : 929/1440 (64.514%)
[2025-02-22 17:24:41;INFO]      | Loss didn't drop!

[2025-02-22 17:24:41;INFO]best epoch: 398, best loss: 0.016936
[2025-02-22 17:24:41;INFO]----------------------------------------------------------------------------------------------------

[2025-02-22 17:24:41;INFO]Current Epoch: 426 / 500 | Learning Rate : 0.0008535533905961748
[2025-02-22 17:25:00;INFO]Train | Loss : 0.003208 | ACC : 3360/3360 (100.000%)
[2025-02-22 17:25:03;INFO]Valid | Loss : 0.101214 | ACC : 1391/1440 (96.597%)
[2025-02-22 17:25:03;INFO]      | Loss didn't drop!

[2025-02-22 17:25:03;INFO]best epoch: 398, best loss: 0.016936
[2025-02-22 17:25:03;INFO]----------------------------------------------------------------------------------------------------

[2025-02-22 17:25:03;INFO]Current Epoch: 427 / 500 | Learning Rate : 2.447174185248562e-05
[2025-02-22 17:25:22;INFO]Train | Loss : 0.002430 | ACC : 3360/3360 (100.000%)
[2025-02-22 17:25:25;INFO]Valid | Loss : 0.215718 | ACC : 1348/1440 (93.611%)
[2025-02-22 17:25:25;INFO]      | Loss didn't drop!

[2025-02-22 17:25:25;INFO]best epoch: 398, best loss: 0.016936
[2025-02-22 17:25:25;INFO]----------------------------------------------------------------------------------------------------

[2025-02-22 17:25:25;INFO]Current Epoch: 428 / 500 | Learning Rate : 0.0005782172325223874
[2025-02-22 17:25:44;INFO]Train | Loss : 0.003106 | ACC : 3360/3360 (100.000%)
[2025-02-22 17:25:46;INFO]Valid | Loss : 0.442253 | ACC : 1251/1440 (86.875%)
[2025-02-22 17:25:46;INFO]      | Loss didn't drop!

[2025-02-22 17:25:46;INFO]best epoch: 398, best loss: 0.016936
[2025-02-22 17:25:46;INFO]----------------------------------------------------------------------------------------------------

[2025-02-22 17:25:46;INFO]Current Epoch: 429 / 500 | Learning Rate : 0.0009045084971858473
[2025-02-22 17:26:05;INFO]Train | Loss : 0.002680 | ACC : 3360/3360 (100.000%)
[2025-02-22 17:26:08;INFO]Valid | Loss : 0.024230 | ACC : 1432/1440 (99.444%)
[2025-02-22 17:26:08;INFO]      | Loss didn't drop!

[2025-02-22 17:26:08;INFO]best epoch: 398, best loss: 0.016936
[2025-02-22 17:26:08;INFO]----------------------------------------------------------------------------------------------------

[2025-02-22 17:26:08;INFO]Current Epoch: 430 / 500 | Learning Rate : 5.449673790586366e-05
[2025-02-22 17:26:27;INFO]Train | Loss : 0.014551 | ACC : 3357/3360 (99.911%)
[2025-02-22 17:26:30;INFO]Valid | Loss : 2.832471 | ACC : 578/1440 (40.139%)
[2025-02-22 17:26:30;INFO]      | Loss didn't drop!

[2025-02-22 17:26:30;INFO]best epoch: 398, best loss: 0.016936
[2025-02-22 17:26:30;INFO]----------------------------------------------------------------------------------------------------

[2025-02-22 17:26:30;INFO]Current Epoch: 431 / 500 | Learning Rate : 0.0005000000000007779
[2025-02-22 17:26:49;INFO]Train | Loss : 0.030208 | ACC : 3353/3360 (99.792%)
[2025-02-22 17:26:51;INFO]Valid | Loss : 16.755268 | ACC : 424/1440 (29.444%)
[2025-02-22 17:26:51;INFO]      | Loss didn't drop!

[2025-02-22 17:26:51;INFO]best epoch: 398, best loss: 0.016936
[2025-02-22 17:26:51;INFO]----------------------------------------------------------------------------------------------------

[2025-02-22 17:26:51;INFO]Current Epoch: 432 / 500 | Learning Rate : 0.000945503262095701
[2025-02-22 17:27:10;INFO]Train | Loss : 0.048627 | ACC : 3351/3360 (99.732%)
[2025-02-22 17:27:13;INFO]Valid | Loss : 1.778230 | ACC : 1049/1440 (72.847%)
[2025-02-22 17:27:13;INFO]      | Loss didn't drop!

[2025-02-22 17:27:13;INFO]best epoch: 398, best loss: 0.016936
[2025-02-22 17:27:13;INFO]----------------------------------------------------------------------------------------------------

[2025-02-22 17:27:13;INFO]Current Epoch: 433 / 500 | Learning Rate : 9.549150281262695e-05
[2025-02-22 17:27:32;INFO]Train | Loss : 0.022790 | ACC : 3356/3360 (99.881%)
[2025-02-22 17:27:35;INFO]Valid | Loss : 5.616012 | ACC : 326/1440 (22.639%)
[2025-02-22 17:27:35;INFO]      | Loss didn't drop!

[2025-02-22 17:27:35;INFO]best epoch: 398, best loss: 0.016936
[2025-02-22 17:27:35;INFO]----------------------------------------------------------------------------------------------------

[2025-02-22 17:27:35;INFO]Current Epoch: 434 / 500 | Learning Rate : 0.0004217827674807535
[2025-02-22 17:27:54;INFO]Train | Loss : 0.011691 | ACC : 3360/3360 (100.000%)
[2025-02-22 17:27:56;INFO]Valid | Loss : 2.968975 | ACC : 790/1440 (54.861%)
[2025-02-22 17:27:56;INFO]      | Loss didn't drop!

[2025-02-22 17:27:56;INFO]best epoch: 398, best loss: 0.016936
[2025-02-22 17:27:56;INFO]----------------------------------------------------------------------------------------------------

[2025-02-22 17:27:56;INFO]Current Epoch: 435 / 500 | Learning Rate : 0.0009755282581496974
[2025-02-22 17:28:15;INFO]Train | Loss : 0.014856 | ACC : 3356/3360 (99.881%)
[2025-02-22 17:28:18;INFO]Valid | Loss : 0.130433 | ACC : 1382/1440 (95.972%)
[2025-02-22 17:28:18;INFO]      | Loss didn't drop!

[2025-02-22 17:28:18;INFO]best epoch: 398, best loss: 0.016936
[2025-02-22 17:28:18;INFO]----------------------------------------------------------------------------------------------------

[2025-02-22 17:28:18;INFO]Current Epoch: 436 / 500 | Learning Rate : 0.00014644660940658767
[2025-02-22 17:28:37;INFO]Train | Loss : 0.005881 | ACC : 3360/3360 (100.000%)
[2025-02-22 17:28:40;INFO]Valid | Loss : 1.019377 | ACC : 1151/1440 (79.931%)
[2025-02-22 17:28:40;INFO]      | Loss didn't drop!

[2025-02-22 17:28:40;INFO]best epoch: 398, best loss: 0.016936
[2025-02-22 17:28:40;INFO]----------------------------------------------------------------------------------------------------

[2025-02-22 17:28:40;INFO]Current Epoch: 437 / 500 | Learning Rate : 0.00034549150281251376
[2025-02-22 17:28:59;INFO]Train | Loss : 0.004571 | ACC : 3360/3360 (100.000%)
[2025-02-22 17:29:01;INFO]Valid | Loss : 1.290147 | ACC : 1067/1440 (74.097%)
[2025-02-22 17:29:01;INFO]      | Loss didn't drop!

[2025-02-22 17:29:01;INFO]best epoch: 398, best loss: 0.016936
[2025-02-22 17:29:01;INFO]----------------------------------------------------------------------------------------------------

[2025-02-22 17:29:01;INFO]Current Epoch: 438 / 500 | Learning Rate : 0.0009938441702974088
[2025-02-22 17:29:20;INFO]Train | Loss : 0.004855 | ACC : 3360/3360 (100.000%)
[2025-02-22 17:29:23;INFO]Valid | Loss : 0.022408 | ACC : 1435/1440 (99.653%)
[2025-02-22 17:29:23;INFO]      | Loss didn't drop!

[2025-02-22 17:29:23;INFO]best epoch: 398, best loss: 0.016936
[2025-02-22 17:29:23;INFO]----------------------------------------------------------------------------------------------------

[2025-02-22 17:29:23;INFO]Current Epoch: 439 / 500 | Learning Rate : 0.00020610737385372822
[2025-02-22 17:29:42;INFO]Train | Loss : 0.004777 | ACC : 3360/3360 (100.000%)
[2025-02-22 17:29:45;INFO]Valid | Loss : 0.118809 | ACC : 1385/1440 (96.181%)
[2025-02-22 17:29:45;INFO]      | Loss didn't drop!

[2025-02-22 17:29:45;INFO]best epoch: 398, best loss: 0.016936
[2025-02-22 17:29:45;INFO]----------------------------------------------------------------------------------------------------

[2025-02-22 17:29:45;INFO]Current Epoch: 440 / 500 | Learning Rate : 0.0002730047501302558
[2025-02-22 17:30:04;INFO]Train | Loss : 0.003144 | ACC : 3360/3360 (100.000%)
[2025-02-22 17:30:06;INFO]Valid | Loss : 0.632003 | ACC : 1231/1440 (85.486%)
[2025-02-22 17:30:06;INFO]      | Loss didn't drop!

[2025-02-22 17:30:06;INFO]best epoch: 398, best loss: 0.016936
[2025-02-22 17:30:06;INFO]----------------------------------------------------------------------------------------------------

[2025-02-22 17:30:06;INFO]Current Epoch: 441 / 500 | Learning Rate : 0.0010000000000004144
[2025-02-22 17:30:25;INFO]Train | Loss : 0.002902 | ACC : 3360/3360 (100.000%)
[2025-02-22 17:30:28;INFO]Valid | Loss : 0.017686 | ACC : 1436/1440 (99.722%)
[2025-02-22 17:30:28;INFO]      | Loss didn't drop!

[2025-02-22 17:30:28;INFO]best epoch: 398, best loss: 0.016936
[2025-02-22 17:30:28;INFO]----------------------------------------------------------------------------------------------------

[2025-02-22 17:30:28;INFO]Current Epoch: 442 / 500 | Learning Rate : 0.0002730047501312621
[2025-02-22 17:30:47;INFO]Train | Loss : 0.002634 | ACC : 3360/3360 (100.000%)
[2025-02-22 17:30:50;INFO]Valid | Loss : 0.048074 | ACC : 1421/1440 (98.681%)
[2025-02-22 17:30:50;INFO]      | Loss didn't drop!

[2025-02-22 17:30:50;INFO]best epoch: 398, best loss: 0.016936
[2025-02-22 17:30:50;INFO]----------------------------------------------------------------------------------------------------

[2025-02-22 17:30:50;INFO]Current Epoch: 443 / 500 | Learning Rate : 0.00020610737385446645
[2025-02-22 17:31:09;INFO]Train | Loss : 0.002654 | ACC : 3360/3360 (100.000%)
[2025-02-22 17:31:12;INFO]Valid | Loss : 0.236479 | ACC : 1338/1440 (92.917%)
[2025-02-22 17:31:12;INFO]      | Loss didn't drop!

[2025-02-22 17:31:12;INFO]best epoch: 398, best loss: 0.016936
[2025-02-22 17:31:12;INFO]----------------------------------------------------------------------------------------------------

[2025-02-22 17:31:12;INFO]Current Epoch: 444 / 500 | Learning Rate : 0.0009938441702956485
[2025-02-22 17:31:31;INFO]Train | Loss : 0.002296 | ACC : 3360/3360 (100.000%)
[2025-02-22 17:31:33;INFO]Valid | Loss : 0.028945 | ACC : 1428/1440 (99.167%)
[2025-02-22 17:31:33;INFO]      | Loss didn't drop!

[2025-02-22 17:31:33;INFO]best epoch: 398, best loss: 0.016936
[2025-02-22 17:31:33;INFO]----------------------------------------------------------------------------------------------------

[2025-02-22 17:31:33;INFO]Current Epoch: 445 / 500 | Learning Rate : 0.00034549150281194005
[2025-02-22 17:31:52;INFO]Train | Loss : 0.002554 | ACC : 3360/3360 (100.000%)
[2025-02-22 17:31:55;INFO]Valid | Loss : 0.047667 | ACC : 1420/1440 (98.611%)
[2025-02-22 17:31:55;INFO]      | Loss didn't drop!

[2025-02-22 17:31:55;INFO]best epoch: 398, best loss: 0.016936
[2025-02-22 17:31:55;INFO]----------------------------------------------------------------------------------------------------

[2025-02-22 17:31:55;INFO]Current Epoch: 446 / 500 | Learning Rate : 0.00014644660940643168
[2025-02-22 17:32:14;INFO]Train | Loss : 0.002153 | ACC : 3360/3360 (100.000%)
[2025-02-22 17:32:17;INFO]Valid | Loss : 0.134806 | ACC : 1368/1440 (95.000%)
[2025-02-22 17:32:17;INFO]      | Loss didn't drop!

[2025-02-22 17:32:17;INFO]best epoch: 398, best loss: 0.016936
[2025-02-22 17:32:17;INFO]----------------------------------------------------------------------------------------------------

[2025-02-22 17:32:17;INFO]Current Epoch: 447 / 500 | Learning Rate : 0.0009755282581490317
[2025-02-22 17:32:36;INFO]Train | Loss : 0.003365 | ACC : 3360/3360 (100.000%)
[2025-02-22 17:32:38;INFO]Valid | Loss : 0.086304 | ACC : 1396/1440 (96.944%)
[2025-02-22 17:32:38;INFO]      | Loss didn't drop!

[2025-02-22 17:32:38;INFO]best epoch: 398, best loss: 0.016936
[2025-02-22 17:32:38;INFO]----------------------------------------------------------------------------------------------------

[2025-02-22 17:32:38;INFO]Current Epoch: 448 / 500 | Learning Rate : 0.00042178276748065617
[2025-02-22 17:32:57;INFO]Train | Loss : 0.007195 | ACC : 3360/3360 (100.000%)
[2025-02-22 17:33:00;INFO]Valid | Loss : 0.212540 | ACC : 1349/1440 (93.681%)
[2025-02-22 17:33:00;INFO]      | Loss didn't drop!

[2025-02-22 17:33:00;INFO]best epoch: 398, best loss: 0.016936
[2025-02-22 17:33:00;INFO]----------------------------------------------------------------------------------------------------

[2025-02-22 17:33:00;INFO]Current Epoch: 449 / 500 | Learning Rate : 9.549150281270193e-05
[2025-02-22 17:33:19;INFO]Train | Loss : 0.007066 | ACC : 3359/3360 (99.970%)
[2025-02-22 17:33:22;INFO]Valid | Loss : 7.806788 | ACC : 442/1440 (30.694%)
[2025-02-22 17:33:22;INFO]      | Loss didn't drop!

[2025-02-22 17:33:22;INFO]best epoch: 398, best loss: 0.016936
[2025-02-22 17:33:22;INFO]----------------------------------------------------------------------------------------------------

[2025-02-22 17:33:22;INFO]Current Epoch: 450 / 500 | Learning Rate : 0.0009455032620961439
[2025-02-22 17:33:41;INFO]Train | Loss : 0.014987 | ACC : 3353/3360 (99.792%)
[2025-02-22 17:33:43;INFO]Valid | Loss : 2.558006 | ACC : 826/1440 (57.361%)
[2025-02-22 17:33:43;INFO]      | Loss didn't drop!

[2025-02-22 17:33:43;INFO]best epoch: 398, best loss: 0.016936
[2025-02-22 17:33:43;INFO]----------------------------------------------------------------------------------------------------

[2025-02-22 17:33:43;INFO]Current Epoch: 451 / 500 | Learning Rate : 0.0005000000000012141
[2025-02-22 17:34:02;INFO]Train | Loss : 0.016018 | ACC : 3354/3360 (99.821%)
[2025-02-22 17:34:05;INFO]Valid | Loss : 0.474273 | ACC : 1209/1440 (83.958%)
[2025-02-22 17:34:05;INFO]      | Loss didn't drop!

[2025-02-22 17:34:05;INFO]best epoch: 398, best loss: 0.016936
[2025-02-22 17:34:05;INFO]----------------------------------------------------------------------------------------------------

[2025-02-22 17:34:05;INFO]Current Epoch: 452 / 500 | Learning Rate : 5.449673790593218e-05
[2025-02-22 17:34:24;INFO]Train | Loss : 0.007350 | ACC : 3359/3360 (99.970%)
[2025-02-22 17:34:27;INFO]Valid | Loss : 3.614136 | ACC : 681/1440 (47.292%)
[2025-02-22 17:34:27;INFO]      | Loss didn't drop!

[2025-02-22 17:34:27;INFO]best epoch: 398, best loss: 0.016936
[2025-02-22 17:34:27;INFO]----------------------------------------------------------------------------------------------------

[2025-02-22 17:34:27;INFO]Current Epoch: 453 / 500 | Learning Rate : 0.0009045084971872147
[2025-02-22 17:34:46;INFO]Train | Loss : 0.007205 | ACC : 3358/3360 (99.940%)
[2025-02-22 17:34:48;INFO]Valid | Loss : 0.732263 | ACC : 1194/1440 (82.917%)
[2025-02-22 17:34:48;INFO]      | Loss didn't drop!

[2025-02-22 17:34:48;INFO]best epoch: 398, best loss: 0.016936
[2025-02-22 17:34:48;INFO]----------------------------------------------------------------------------------------------------

[2025-02-22 17:34:48;INFO]Current Epoch: 454 / 500 | Learning Rate : 0.0005782172325200799
[2025-02-22 17:35:07;INFO]Train | Loss : 0.061261 | ACC : 3338/3360 (99.345%)
[2025-02-22 17:35:10;INFO]Valid | Loss : 8.377513 | ACC : 351/1440 (24.375%)
[2025-02-22 17:35:10;INFO]      | Loss didn't drop!

[2025-02-22 17:35:10;INFO]best epoch: 398, best loss: 0.016936
[2025-02-22 17:35:10;INFO]----------------------------------------------------------------------------------------------------

[2025-02-22 17:35:10;INFO]Current Epoch: 455 / 500 | Learning Rate : 2.4471741852440887e-05
[2025-02-22 17:35:29;INFO]Train | Loss : 0.022379 | ACC : 3358/3360 (99.940%)
[2025-02-22 17:35:32;INFO]Valid | Loss : 4.279521 | ACC : 476/1440 (33.056%)
[2025-02-22 17:35:32;INFO]      | Loss didn't drop!

[2025-02-22 17:35:32;INFO]best epoch: 398, best loss: 0.016936
[2025-02-22 17:35:32;INFO]----------------------------------------------------------------------------------------------------

[2025-02-22 17:35:32;INFO]Current Epoch: 456 / 500 | Learning Rate : 0.0008535533905934766
[2025-02-22 17:35:51;INFO]Train | Loss : 0.017493 | ACC : 3357/3360 (99.911%)
[2025-02-22 17:35:53;INFO]Valid | Loss : 1.238116 | ACC : 1021/1440 (70.903%)
[2025-02-22 17:35:53;INFO]      | Loss didn't drop!

[2025-02-22 17:35:53;INFO]best epoch: 398, best loss: 0.016936
[2025-02-22 17:35:53;INFO]----------------------------------------------------------------------------------------------------

[2025-02-22 17:35:53;INFO]Current Epoch: 457 / 500 | Learning Rate : 0.0006545084971878235
[2025-02-22 17:36:12;INFO]Train | Loss : 0.031858 | ACC : 3353/3360 (99.792%)
[2025-02-22 17:36:15;INFO]Valid | Loss : 1.703119 | ACC : 898/1440 (62.361%)
[2025-02-22 17:36:15;INFO]      | Loss didn't drop!

[2025-02-22 17:36:15;INFO]best epoch: 398, best loss: 0.016936
[2025-02-22 17:36:15;INFO]----------------------------------------------------------------------------------------------------

[2025-02-22 17:36:15;INFO]Current Epoch: 458 / 500 | Learning Rate : 6.155829702438447e-06
[2025-02-22 17:36:34;INFO]Train | Loss : 0.013015 | ACC : 3359/3360 (99.970%)
[2025-02-22 17:36:37;INFO]Valid | Loss : 7.446166 | ACC : 598/1440 (41.528%)
[2025-02-22 17:36:37;INFO]      | Loss didn't drop!

[2025-02-22 17:36:37;INFO]best epoch: 398, best loss: 0.016936
[2025-02-22 17:36:37;INFO]----------------------------------------------------------------------------------------------------

[2025-02-22 17:36:37;INFO]Current Epoch: 459 / 500 | Learning Rate : 0.0007938926261492144
[2025-02-22 17:36:56;INFO]Train | Loss : 0.010246 | ACC : 3360/3360 (100.000%)
[2025-02-22 17:36:58;INFO]Valid | Loss : 1.584826 | ACC : 982/1440 (68.194%)
[2025-02-22 17:36:58;INFO]      | Loss didn't drop!

[2025-02-22 17:36:58;INFO]best epoch: 398, best loss: 0.016936
[2025-02-22 17:36:58;INFO]----------------------------------------------------------------------------------------------------

[2025-02-22 17:36:58;INFO]Current Epoch: 460 / 500 | Learning Rate : 0.0007269952498683909
[2025-02-22 17:37:17;INFO]Train | Loss : 0.006689 | ACC : 3360/3360 (100.000%)
[2025-02-22 17:37:20;INFO]Valid | Loss : 0.300759 | ACC : 1276/1440 (88.611%)
[2025-02-22 17:37:20;INFO]      | Loss didn't drop!

[2025-02-22 17:37:20;INFO]best epoch: 398, best loss: 0.016936
[2025-02-22 17:37:20;INFO]----------------------------------------------------------------------------------------------------

[2025-02-22 17:37:20;INFO]Current Epoch: 461 / 500 | Learning Rate : 0.0
[2025-02-22 17:37:39;INFO]Train | Loss : 0.003748 | ACC : 3360/3360 (100.000%)
[2025-02-22 17:37:42;INFO]Valid | Loss : 1.711923 | ACC : 1009/1440 (70.069%)
[2025-02-22 17:37:42;INFO]      | Loss didn't drop!

[2025-02-22 17:37:42;INFO]best epoch: 398, best loss: 0.016936
[2025-02-22 17:37:42;INFO]----------------------------------------------------------------------------------------------------

[2025-02-22 17:37:42;INFO]Current Epoch: 462 / 500 | Learning Rate : 0.0007269952498686775
[2025-02-22 17:38:01;INFO]Train | Loss : 0.003139 | ACC : 3360/3360 (100.000%)
[2025-02-22 17:38:04;INFO]Valid | Loss : 0.026382 | ACC : 1428/1440 (99.167%)
[2025-02-22 17:38:04;INFO]      | Loss didn't drop!

[2025-02-22 17:38:04;INFO]best epoch: 398, best loss: 0.016936
[2025-02-22 17:38:04;INFO]----------------------------------------------------------------------------------------------------

[2025-02-22 17:38:04;INFO]Current Epoch: 463 / 500 | Learning Rate : 0.0007938926261474937
[2025-02-22 17:38:23;INFO]Train | Loss : 0.005377 | ACC : 3360/3360 (100.000%)
[2025-02-22 17:38:25;INFO]Valid | Loss : 0.032889 | ACC : 1438/1440 (99.861%)
[2025-02-22 17:38:25;INFO]      | Loss didn't drop!

[2025-02-22 17:38:25;INFO]best epoch: 398, best loss: 0.016936
[2025-02-22 17:38:25;INFO]----------------------------------------------------------------------------------------------------

[2025-02-22 17:38:25;INFO]Current Epoch: 464 / 500 | Learning Rate : 6.155829702431115e-06
[2025-02-22 17:38:44;INFO]Train | Loss : 0.004851 | ACC : 3360/3360 (100.000%)
[2025-02-22 17:38:47;INFO]Valid | Loss : 0.565807 | ACC : 1252/1440 (86.944%)
[2025-02-22 17:38:47;INFO]      | Loss didn't drop!

[2025-02-22 17:38:47;INFO]best epoch: 398, best loss: 0.016936
[2025-02-22 17:38:47;INFO]----------------------------------------------------------------------------------------------------

[2025-02-22 17:38:47;INFO]Current Epoch: 465 / 500 | Learning Rate : 0.0006545084971888161
[2025-02-22 17:39:06;INFO]Train | Loss : 0.005386 | ACC : 3360/3360 (100.000%)
[2025-02-22 17:39:09;INFO]Valid | Loss : 2.370605 | ACC : 1049/1440 (72.847%)
[2025-02-22 17:39:09;INFO]      | Loss didn't drop!

[2025-02-22 17:39:09;INFO]best epoch: 398, best loss: 0.016936
[2025-02-22 17:39:09;INFO]----------------------------------------------------------------------------------------------------

[2025-02-22 17:39:09;INFO]Current Epoch: 466 / 500 | Learning Rate : 0.0008535533905951254
[2025-02-22 17:39:28;INFO]Train | Loss : 0.009293 | ACC : 3358/3360 (99.940%)
[2025-02-22 17:39:30;INFO]Valid | Loss : 0.086611 | ACC : 1408/1440 (97.778%)
[2025-02-22 17:39:30;INFO]      | Loss didn't drop!

[2025-02-22 17:39:30;INFO]best epoch: 398, best loss: 0.016936
[2025-02-22 17:39:30;INFO]----------------------------------------------------------------------------------------------------

[2025-02-22 17:39:30;INFO]Current Epoch: 467 / 500 | Learning Rate : 2.4471741852469937e-05
[2025-02-22 17:39:49;INFO]Train | Loss : 0.008291 | ACC : 3356/3360 (99.881%)
[2025-02-22 17:39:52;INFO]Valid | Loss : 1.743585 | ACC : 889/1440 (61.736%)
[2025-02-22 17:39:52;INFO]      | Loss didn't drop!

[2025-02-22 17:39:52;INFO]best epoch: 398, best loss: 0.016936
[2025-02-22 17:39:52;INFO]----------------------------------------------------------------------------------------------------

[2025-02-22 17:39:52;INFO]Current Epoch: 468 / 500 | Learning Rate : 0.000578217232521603
[2025-02-22 17:40:11;INFO]Train | Loss : 0.006527 | ACC : 3359/3360 (99.970%)
[2025-02-22 17:40:14;INFO]Valid | Loss : 1.707936 | ACC : 952/1440 (66.111%)
[2025-02-22 17:40:14;INFO]      | Loss didn't drop!

[2025-02-22 17:40:14;INFO]best epoch: 398, best loss: 0.016936
[2025-02-22 17:40:14;INFO]----------------------------------------------------------------------------------------------------

[2025-02-22 17:40:14;INFO]Current Epoch: 469 / 500 | Learning Rate : 0.0009045084971872698
[2025-02-22 17:40:33;INFO]Train | Loss : 0.003461 | ACC : 3360/3360 (100.000%)
[2025-02-22 17:40:35;INFO]Valid | Loss : 0.024629 | ACC : 1437/1440 (99.792%)
[2025-02-22 17:40:35;INFO]      | Loss didn't drop!

[2025-02-22 17:40:35;INFO]best epoch: 398, best loss: 0.016936
[2025-02-22 17:40:35;INFO]----------------------------------------------------------------------------------------------------

[2025-02-22 17:40:35;INFO]Current Epoch: 470 / 500 | Learning Rate : 5.449673790576544e-05
[2025-02-22 17:40:54;INFO]Train | Loss : 0.003010 | ACC : 3360/3360 (100.000%)
[2025-02-22 17:40:57;INFO]Valid | Loss : 0.266160 | ACC : 1268/1440 (88.056%)
[2025-02-22 17:40:57;INFO]      | Loss didn't drop!

[2025-02-22 17:40:57;INFO]best epoch: 398, best loss: 0.016936
[2025-02-22 17:40:57;INFO]----------------------------------------------------------------------------------------------------

[2025-02-22 17:40:57;INFO]Current Epoch: 471 / 500 | Learning Rate : 0.0005000000000000921
[2025-02-22 17:41:16;INFO]Train | Loss : 0.003119 | ACC : 3360/3360 (100.000%)
[2025-02-22 17:41:19;INFO]Valid | Loss : 2.247166 | ACC : 1038/1440 (72.083%)
[2025-02-22 17:41:19;INFO]      | Loss didn't drop!

[2025-02-22 17:41:19;INFO]best epoch: 398, best loss: 0.016936
[2025-02-22 17:41:19;INFO]----------------------------------------------------------------------------------------------------

[2025-02-22 17:41:19;INFO]Current Epoch: 472 / 500 | Learning Rate : 0.000945503262094521
[2025-02-22 17:41:38;INFO]Train | Loss : 0.002254 | ACC : 3360/3360 (100.000%)
[2025-02-22 17:41:40;INFO]Valid | Loss : 0.024220 | ACC : 1429/1440 (99.236%)
[2025-02-22 17:41:40;INFO]      | Loss didn't drop!

[2025-02-22 17:41:40;INFO]best epoch: 398, best loss: 0.016936
[2025-02-22 17:41:40;INFO]----------------------------------------------------------------------------------------------------

[2025-02-22 17:41:40;INFO]Current Epoch: 473 / 500 | Learning Rate : 9.54915028125349e-05
[2025-02-22 17:41:59;INFO]Train | Loss : 0.002253 | ACC : 3360/3360 (100.000%)
[2025-02-22 17:42:02;INFO]Valid | Loss : 0.016463 | ACC : 1436/1440 (99.722%)
[2025-02-22 17:42:02;INFO]      | Loss dropped from 0.016936 to 0.016463, model has been saved!

[2025-02-22 17:42:02;INFO]best epoch: 473, best loss: 0.016463
[2025-02-22 17:42:02;INFO]----------------------------------------------------------------------------------------------------

[2025-02-22 17:42:02;INFO]Current Epoch: 474 / 500 | Learning Rate : 0.00042178276748028006
[2025-02-22 17:42:21;INFO]Train | Loss : 0.002110 | ACC : 3360/3360 (100.000%)
[2025-02-22 17:42:24;INFO]Valid | Loss : 0.042553 | ACC : 1416/1440 (98.333%)
[2025-02-22 17:42:24;INFO]      | Loss didn't drop!

[2025-02-22 17:42:24;INFO]best epoch: 473, best loss: 0.016463
[2025-02-22 17:42:24;INFO]----------------------------------------------------------------------------------------------------

[2025-02-22 17:42:24;INFO]Current Epoch: 475 / 500 | Learning Rate : 0.0009755282581512614
[2025-02-22 17:42:43;INFO]Train | Loss : 0.002857 | ACC : 3360/3360 (100.000%)
[2025-02-22 17:42:45;INFO]Valid | Loss : 0.079739 | ACC : 1399/1440 (97.153%)
[2025-02-22 17:42:45;INFO]      | Loss didn't drop!

[2025-02-22 17:42:45;INFO]best epoch: 473, best loss: 0.016463
[2025-02-22 17:42:45;INFO]----------------------------------------------------------------------------------------------------

[2025-02-22 17:42:45;INFO]Current Epoch: 476 / 500 | Learning Rate : 0.00014644660940643807
[2025-02-22 17:43:04;INFO]Train | Loss : 0.003353 | ACC : 3360/3360 (100.000%)
[2025-02-22 17:43:07;INFO]Valid | Loss : 1.971182 | ACC : 1043/1440 (72.431%)
[2025-02-22 17:43:07;INFO]      | Loss didn't drop!

[2025-02-22 17:43:07;INFO]best epoch: 473, best loss: 0.016463
[2025-02-22 17:43:07;INFO]----------------------------------------------------------------------------------------------------

[2025-02-22 17:43:07;INFO]Current Epoch: 477 / 500 | Learning Rate : 0.0003454915028120299
[2025-02-22 17:43:26;INFO]Train | Loss : 0.002837 | ACC : 3360/3360 (100.000%)
[2025-02-22 17:43:29;INFO]Valid | Loss : 1.368267 | ACC : 1151/1440 (79.931%)
[2025-02-22 17:43:29;INFO]      | Loss didn't drop!

[2025-02-22 17:43:29;INFO]best epoch: 473, best loss: 0.016463
[2025-02-22 17:43:29;INFO]----------------------------------------------------------------------------------------------------

[2025-02-22 17:43:29;INFO]Current Epoch: 478 / 500 | Learning Rate : 0.000993844170296153
[2025-02-22 17:43:48;INFO]Train | Loss : 0.004784 | ACC : 3360/3360 (100.000%)
[2025-02-22 17:43:51;INFO]Valid | Loss : 0.048842 | ACC : 1417/1440 (98.403%)
[2025-02-22 17:43:51;INFO]      | Loss didn't drop!

[2025-02-22 17:43:51;INFO]best epoch: 473, best loss: 0.016463
[2025-02-22 17:43:51;INFO]----------------------------------------------------------------------------------------------------

[2025-02-22 17:43:51;INFO]Current Epoch: 479 / 500 | Learning Rate : 0.00020610737385401133
[2025-02-22 17:44:10;INFO]Train | Loss : 0.002789 | ACC : 3360/3360 (100.000%)
[2025-02-22 17:44:12;INFO]Valid | Loss : 0.269024 | ACC : 1296/1440 (90.000%)
[2025-02-22 17:44:12;INFO]      | Loss didn't drop!

[2025-02-22 17:44:12;INFO]best epoch: 473, best loss: 0.016463
[2025-02-22 17:44:12;INFO]----------------------------------------------------------------------------------------------------

[2025-02-22 17:44:12;INFO]Current Epoch: 480 / 500 | Learning Rate : 0.00027300475013085715
[2025-02-22 17:44:31;INFO]Train | Loss : 0.001879 | ACC : 3360/3360 (100.000%)
[2025-02-22 17:44:34;INFO]Valid | Loss : 0.180506 | ACC : 1345/1440 (93.403%)
[2025-02-22 17:44:34;INFO]      | Loss didn't drop!

[2025-02-22 17:44:34;INFO]best epoch: 473, best loss: 0.016463
[2025-02-22 17:44:34;INFO]----------------------------------------------------------------------------------------------------

[2025-02-22 17:44:34;INFO]Current Epoch: 481 / 500 | Learning Rate : 0.0010000000000020288
[2025-02-22 17:44:53;INFO]Train | Loss : 0.002119 | ACC : 3360/3360 (100.000%)
[2025-02-22 17:44:56;INFO]Valid | Loss : 0.019361 | ACC : 1434/1440 (99.583%)
[2025-02-22 17:44:56;INFO]      | Loss didn't drop!

[2025-02-22 17:44:56;INFO]best epoch: 473, best loss: 0.016463
[2025-02-22 17:44:56;INFO]----------------------------------------------------------------------------------------------------

[2025-02-22 17:44:56;INFO]Current Epoch: 482 / 500 | Learning Rate : 0.00027300475013086056
[2025-02-22 17:45:15;INFO]Train | Loss : 0.002265 | ACC : 3360/3360 (100.000%)
[2025-02-22 17:45:17;INFO]Valid | Loss : 0.019555 | ACC : 1433/1440 (99.514%)
[2025-02-22 17:45:17;INFO]      | Loss didn't drop!

[2025-02-22 17:45:17;INFO]best epoch: 473, best loss: 0.016463
[2025-02-22 17:45:17;INFO]----------------------------------------------------------------------------------------------------

[2025-02-22 17:45:17;INFO]Current Epoch: 483 / 500 | Learning Rate : 0.00020610737385416575
[2025-02-22 17:45:36;INFO]Train | Loss : 0.003666 | ACC : 3360/3360 (100.000%)
[2025-02-22 17:45:39;INFO]Valid | Loss : 2.378729 | ACC : 862/1440 (59.861%)
[2025-02-22 17:45:39;INFO]      | Loss didn't drop!

[2025-02-22 17:45:39;INFO]best epoch: 473, best loss: 0.016463
[2025-02-22 17:45:39;INFO]----------------------------------------------------------------------------------------------------

[2025-02-22 17:45:39;INFO]Current Epoch: 484 / 500 | Learning Rate : 0.0009938441703001397
[2025-02-22 17:45:58;INFO]Train | Loss : 0.011956 | ACC : 3358/3360 (99.940%)
[2025-02-22 17:46:01;INFO]Valid | Loss : 0.549455 | ACC : 1138/1440 (79.028%)
[2025-02-22 17:46:01;INFO]      | Loss didn't drop!

[2025-02-22 17:46:01;INFO]best epoch: 473, best loss: 0.016463
[2025-02-22 17:46:01;INFO]----------------------------------------------------------------------------------------------------

[2025-02-22 17:46:01;INFO]Current Epoch: 485 / 500 | Learning Rate : 0.0003454915028115515
[2025-02-22 17:46:20;INFO]Train | Loss : 0.004203 | ACC : 3360/3360 (100.000%)
[2025-02-22 17:46:22;INFO]Valid | Loss : 0.672621 | ACC : 1110/1440 (77.083%)
[2025-02-22 17:46:22;INFO]      | Loss didn't drop!

[2025-02-22 17:46:22;INFO]best epoch: 473, best loss: 0.016463
[2025-02-22 17:46:22;INFO]----------------------------------------------------------------------------------------------------

[2025-02-22 17:46:22;INFO]Current Epoch: 486 / 500 | Learning Rate : 0.00014644660940621142
[2025-02-22 17:46:41;INFO]Train | Loss : 0.005263 | ACC : 3360/3360 (100.000%)
[2025-02-22 17:46:44;INFO]Valid | Loss : 1.627651 | ACC : 1016/1440 (70.556%)
[2025-02-22 17:46:44;INFO]      | Loss didn't drop!

[2025-02-22 17:46:44;INFO]best epoch: 473, best loss: 0.016463
[2025-02-22 17:46:44;INFO]----------------------------------------------------------------------------------------------------

[2025-02-22 17:46:44;INFO]Current Epoch: 487 / 500 | Learning Rate : 0.0009755282581478109
[2025-02-22 17:47:03;INFO]Train | Loss : 0.025334 | ACC : 3353/3360 (99.792%)
[2025-02-22 17:47:06;INFO]Valid | Loss : 2.024591 | ACC : 964/1440 (66.944%)
[2025-02-22 17:47:06;INFO]      | Loss didn't drop!

[2025-02-22 17:47:06;INFO]best epoch: 473, best loss: 0.016463
[2025-02-22 17:47:06;INFO]----------------------------------------------------------------------------------------------------

[2025-02-22 17:47:06;INFO]Current Epoch: 488 / 500 | Learning Rate : 0.00042178276748138627
[2025-02-22 17:47:25;INFO]Train | Loss : 0.011557 | ACC : 3359/3360 (99.970%)
[2025-02-22 17:47:27;INFO]Valid | Loss : 2.619881 | ACC : 783/1440 (54.375%)
[2025-02-22 17:47:27;INFO]      | Loss didn't drop!

[2025-02-22 17:47:27;INFO]best epoch: 473, best loss: 0.016463
[2025-02-22 17:47:27;INFO]----------------------------------------------------------------------------------------------------

[2025-02-22 17:47:27;INFO]Current Epoch: 489 / 500 | Learning Rate : 9.549150281289342e-05
[2025-02-22 17:47:46;INFO]Train | Loss : 0.004060 | ACC : 3360/3360 (100.000%)
[2025-02-22 17:47:49;INFO]Valid | Loss : 3.143803 | ACC : 716/1440 (49.722%)
[2025-02-22 17:47:49;INFO]      | Loss didn't drop!

[2025-02-22 17:47:49;INFO]best epoch: 473, best loss: 0.016463
[2025-02-22 17:47:49;INFO]----------------------------------------------------------------------------------------------------

[2025-02-22 17:47:49;INFO]Current Epoch: 490 / 500 | Learning Rate : 0.0009455032620949193
[2025-02-22 17:48:08;INFO]Train | Loss : 0.003225 | ACC : 3360/3360 (100.000%)
[2025-02-22 17:48:11;INFO]Valid | Loss : 0.021745 | ACC : 1434/1440 (99.583%)
[2025-02-22 17:48:11;INFO]      | Loss didn't drop!

[2025-02-22 17:48:11;INFO]best epoch: 473, best loss: 0.016463
[2025-02-22 17:48:11;INFO]----------------------------------------------------------------------------------------------------

[2025-02-22 17:48:11;INFO]Current Epoch: 491 / 500 | Learning Rate : 0.0005000000000020757
[2025-02-22 17:48:30;INFO]Train | Loss : 0.003524 | ACC : 3360/3360 (100.000%)
[2025-02-22 17:48:33;INFO]Valid | Loss : 0.018774 | ACC : 1437/1440 (99.792%)
[2025-02-22 17:48:33;INFO]      | Loss didn't drop!

[2025-02-22 17:48:33;INFO]best epoch: 473, best loss: 0.016463
[2025-02-22 17:48:33;INFO]----------------------------------------------------------------------------------------------------

[2025-02-22 17:48:33;INFO]Current Epoch: 492 / 500 | Learning Rate : 5.4496737906049565e-05
[2025-02-22 17:48:52;INFO]Train | Loss : 0.007150 | ACC : 3359/3360 (99.970%)
[2025-02-22 17:48:54;INFO]Valid | Loss : 1.978500 | ACC : 871/1440 (60.486%)
[2025-02-22 17:48:54;INFO]      | Loss didn't drop!

[2025-02-22 17:48:54;INFO]best epoch: 473, best loss: 0.016463
[2025-02-22 17:48:54;INFO]----------------------------------------------------------------------------------------------------

[2025-02-22 17:48:54;INFO]Current Epoch: 493 / 500 | Learning Rate : 0.000904508497188653
[2025-02-22 17:49:13;INFO]Train | Loss : 0.016441 | ACC : 3357/3360 (99.911%)
[2025-02-22 17:49:16;INFO]Valid | Loss : 1.410526 | ACC : 1039/1440 (72.153%)
[2025-02-22 17:49:16;INFO]      | Loss didn't drop!

[2025-02-22 17:49:16;INFO]best epoch: 473, best loss: 0.016463
[2025-02-22 17:49:16;INFO]----------------------------------------------------------------------------------------------------

[2025-02-22 17:49:16;INFO]Current Epoch: 494 / 500 | Learning Rate : 0.0005782172325192819
[2025-02-22 17:49:35;INFO]Train | Loss : 0.014844 | ACC : 3358/3360 (99.940%)
[2025-02-22 17:49:38;INFO]Valid | Loss : 4.157706 | ACC : 578/1440 (40.139%)
[2025-02-22 17:49:38;INFO]      | Loss didn't drop!

[2025-02-22 17:49:38;INFO]best epoch: 473, best loss: 0.016463
[2025-02-22 17:49:38;INFO]----------------------------------------------------------------------------------------------------

[2025-02-22 17:49:38;INFO]Current Epoch: 495 / 500 | Learning Rate : 2.4471741852394327e-05
[2025-02-22 17:49:57;INFO]Train | Loss : 0.007503 | ACC : 3359/3360 (99.970%)
[2025-02-22 17:49:59;INFO]Valid | Loss : 3.856865 | ACC : 687/1440 (47.708%)
[2025-02-22 17:49:59;INFO]      | Loss didn't drop!

[2025-02-22 17:49:59;INFO]best epoch: 473, best loss: 0.016463
[2025-02-22 17:49:59;INFO]----------------------------------------------------------------------------------------------------

[2025-02-22 17:49:59;INFO]Current Epoch: 496 / 500 | Learning Rate : 0.000853553390594827
[2025-02-22 17:50:18;INFO]Train | Loss : 0.025747 | ACC : 3343/3360 (99.494%)
[2025-02-22 17:50:21;INFO]Valid | Loss : 11.564650 | ACC : 322/1440 (22.361%)
[2025-02-22 17:50:21;INFO]      | Loss didn't drop!

[2025-02-22 17:50:21;INFO]best epoch: 473, best loss: 0.016463
[2025-02-22 17:50:21;INFO]----------------------------------------------------------------------------------------------------

[2025-02-22 17:50:21;INFO]Current Epoch: 497 / 500 | Learning Rate : 0.0006545084971869364
[2025-02-22 17:50:40;INFO]Train | Loss : 0.011608 | ACC : 3357/3360 (99.911%)
[2025-02-22 17:50:43;INFO]Valid | Loss : 0.689816 | ACC : 1098/1440 (76.250%)
[2025-02-22 17:50:43;INFO]      | Loss didn't drop!

[2025-02-22 17:50:43;INFO]best epoch: 473, best loss: 0.016463
[2025-02-22 17:50:43;INFO]----------------------------------------------------------------------------------------------------

[2025-02-22 17:50:43;INFO]Current Epoch: 498 / 500 | Learning Rate : 6.155829702422844e-06
[2025-02-22 17:51:02;INFO]Train | Loss : 0.004418 | ACC : 3360/3360 (100.000%)
[2025-02-22 17:51:04;INFO]Valid | Loss : 5.759092 | ACC : 714/1440 (49.583%)
[2025-02-22 17:51:04;INFO]      | Loss didn't drop!

[2025-02-22 17:51:04;INFO]best epoch: 473, best loss: 0.016463
[2025-02-22 17:51:04;INFO]----------------------------------------------------------------------------------------------------

[2025-02-22 17:51:04;INFO]Current Epoch: 499 / 500 | Learning Rate : 0.0007938926261482571
[2025-02-22 17:51:23;INFO]Train | Loss : 0.004408 | ACC : 3360/3360 (100.000%)
[2025-02-22 17:51:26;INFO]Valid | Loss : 0.264382 | ACC : 1299/1440 (90.208%)
[2025-02-22 17:51:26;INFO]      | Loss didn't drop!

[2025-02-22 17:51:26;INFO]best epoch: 473, best loss: 0.016463
[2025-02-22 17:51:26;INFO]----------------------------------------------------------------------------------------------------

[2025-02-22 17:51:26;INFO]Current Epoch: 500 / 500 | Learning Rate : 0.0007269952498738114
[2025-02-22 17:51:45;INFO]Train | Loss : 0.003812 | ACC : 3360/3360 (100.000%)
[2025-02-22 17:51:48;INFO]Valid | Loss : 0.048170 | ACC : 1419/1440 (98.542%)
[2025-02-22 17:51:48;INFO]      | Loss didn't drop!

[2025-02-22 17:51:48;INFO]best epoch: 473, best loss: 0.016463
[2025-02-22 17:51:48;INFO]----------------------------------------------------------------------------------------------------

[2025-02-22 17:51:48;INFO]Training finished! Best Epoch : 473 | Best Loss : 0.016463


