[2025-02-24 07:46:06;INFO]====================================================================================================
[2025-02-24 07:46:06;INFO]Config
[2025-02-24 07:46:06;INFO]----------------------------------------------------------------------------------------------------
[2025-02-24 07:46:06;INFO]seed : 2025
[2025-02-24 07:46:06;INFO]mode : train
[2025-02-24 07:46:06;INFO]device : cuda
[2025-02-24 07:46:06;INFO]dataset_path : ../../../Datasets
[2025-02-24 07:46:06;INFO]source : {'d': 4}
[2025-02-24 07:46:06;INFO]num_classes : 25
[2025-02-24 07:46:06;INFO]backbone : scnn
[2025-02-24 07:46:06;INFO]lr : 0.001
[2025-02-24 07:46:06;INFO]batch_size : 128
[2025-02-24 07:46:06;INFO]train_epochs : 500
[2025-02-24 07:46:06;INFO]root_dir : ./result/lora_scnn
[2025-02-24 07:46:06;INFO]work_dir : ./result/lora_scnn/train/day4
[2025-02-24 07:46:06;INFO]logger : <Logger Logger_train (INFO)>
[2025-02-24 07:46:06;INFO]====================================================================================================


[2025-02-24 07:46:10;INFO]Start training ...
[2025-02-24 07:46:10;INFO]No. train samples: 6562
[2025-02-24 07:46:10;INFO]No. valid samples: 2813
[2025-02-24 07:46:10;INFO]----------------------------------------------------------------------------------------------------

[2025-02-24 07:46:10;INFO]Current Epoch: 1 / 500 | Learning Rate : 0.001
[2025-02-24 07:46:42;INFO]Train | Loss : 3.216951 | ACC : 329/6562 (5.014%)
[2025-02-24 07:46:46;INFO]Valid | Loss : 3.224757 | ACC : 153/2813 (5.439%)
[2025-02-24 07:46:47;INFO]      | Loss dropped from inf to 3.224757, model has been saved!

[2025-02-24 07:46:47;INFO]best epoch: 1, best loss: 3.224757
[2025-02-24 07:46:47;INFO]----------------------------------------------------------------------------------------------------

[2025-02-24 07:46:47;INFO]Current Epoch: 2 / 500 | Learning Rate : 0.0003454915028125262
[2025-02-24 07:47:15;INFO]Train | Loss : 3.139486 | ACC : 589/6562 (8.976%)
[2025-02-24 07:47:19;INFO]Valid | Loss : 3.176040 | ACC : 131/2813 (4.657%)
[2025-02-24 07:47:19;INFO]      | Loss dropped from 3.224757 to 3.176040, model has been saved!

[2025-02-24 07:47:19;INFO]best epoch: 2, best loss: 3.176040
[2025-02-24 07:47:19;INFO]----------------------------------------------------------------------------------------------------

[2025-02-24 07:47:19;INFO]Current Epoch: 3 / 500 | Learning Rate : 9.549150281252526e-05
[2025-02-24 07:47:48;INFO]Train | Loss : 2.928054 | ACC : 1380/6562 (21.030%)
[2025-02-24 07:47:52;INFO]Valid | Loss : 3.002017 | ACC : 170/2813 (6.043%)
[2025-02-24 07:47:52;INFO]      | Loss dropped from 3.176040 to 3.002017, model has been saved!

[2025-02-24 07:47:52;INFO]best epoch: 3, best loss: 3.002017
[2025-02-24 07:47:52;INFO]----------------------------------------------------------------------------------------------------

[2025-02-24 07:47:52;INFO]Current Epoch: 4 / 500 | Learning Rate : 0.0009045084971875147
[2025-02-24 07:48:21;INFO]Train | Loss : 2.813217 | ACC : 1690/6562 (25.754%)
[2025-02-24 07:48:26;INFO]Valid | Loss : 2.906184 | ACC : 304/2813 (10.807%)
[2025-02-24 07:48:26;INFO]      | Loss dropped from 3.002017 to 2.906184, model has been saved!

[2025-02-24 07:48:26;INFO]best epoch: 4, best loss: 2.906184
[2025-02-24 07:48:26;INFO]----------------------------------------------------------------------------------------------------

[2025-02-24 07:48:26;INFO]Current Epoch: 5 / 500 | Learning Rate : 0.0006545084971874742
[2025-02-24 07:48:55;INFO]Train | Loss : 2.708274 | ACC : 1924/6562 (29.320%)
[2025-02-24 07:49:00;INFO]Valid | Loss : 2.645370 | ACC : 746/2813 (26.520%)
[2025-02-24 07:49:00;INFO]      | Loss dropped from 2.906184 to 2.645370, model has been saved!

[2025-02-24 07:49:00;INFO]best epoch: 5, best loss: 2.645370
[2025-02-24 07:49:00;INFO]----------------------------------------------------------------------------------------------------

[2025-02-24 07:49:00;INFO]Current Epoch: 6 / 500 | Learning Rate : 0.0
[2025-02-24 07:49:30;INFO]Train | Loss : 2.687045 | ACC : 1972/6562 (30.052%)
[2025-02-24 07:49:34;INFO]Valid | Loss : 2.913932 | ACC : 216/2813 (7.679%)
[2025-02-24 07:49:34;INFO]      | Loss didn't drop!

[2025-02-24 07:49:34;INFO]best epoch: 5, best loss: 2.645370
[2025-02-24 07:49:34;INFO]----------------------------------------------------------------------------------------------------

[2025-02-24 07:49:34;INFO]Current Epoch: 7 / 500 | Learning Rate : 0.0006545084971875082
[2025-02-24 07:50:04;INFO]Train | Loss : 2.609414 | ACC : 2256/6562 (34.380%)
[2025-02-24 07:50:08;INFO]Valid | Loss : 2.847373 | ACC : 495/2813 (17.597%)
[2025-02-24 07:50:08;INFO]      | Loss didn't drop!

[2025-02-24 07:50:08;INFO]best epoch: 5, best loss: 2.645370
[2025-02-24 07:50:08;INFO]----------------------------------------------------------------------------------------------------

[2025-02-24 07:50:08;INFO]Current Epoch: 8 / 500 | Learning Rate : 0.0009045084971875245
[2025-02-24 07:50:38;INFO]Train | Loss : 2.522177 | ACC : 2759/6562 (42.045%)
[2025-02-24 07:50:42;INFO]Valid | Loss : 2.503775 | ACC : 857/2813 (30.466%)
[2025-02-24 07:50:42;INFO]      | Loss dropped from 2.645370 to 2.503775, model has been saved!

[2025-02-24 07:50:42;INFO]best epoch: 8, best loss: 2.503775
[2025-02-24 07:50:42;INFO]----------------------------------------------------------------------------------------------------

[2025-02-24 07:50:42;INFO]Current Epoch: 9 / 500 | Learning Rate : 9.549150281253313e-05
[2025-02-24 07:51:12;INFO]Train | Loss : 2.439411 | ACC : 3035/6562 (46.251%)
[2025-02-24 07:51:16;INFO]Valid | Loss : 2.399962 | ACC : 1124/2813 (39.957%)
[2025-02-24 07:51:16;INFO]      | Loss dropped from 2.503775 to 2.399962, model has been saved!

[2025-02-24 07:51:16;INFO]best epoch: 9, best loss: 2.399962
[2025-02-24 07:51:16;INFO]----------------------------------------------------------------------------------------------------

[2025-02-24 07:51:16;INFO]Current Epoch: 10 / 500 | Learning Rate : 0.00034549150281251733
[2025-02-24 07:51:46;INFO]Train | Loss : 2.565497 | ACC : 2563/6562 (39.058%)
[2025-02-24 07:51:51;INFO]Valid | Loss : 2.747466 | ACC : 539/2813 (19.161%)
[2025-02-24 07:51:51;INFO]      | Loss didn't drop!

[2025-02-24 07:51:51;INFO]best epoch: 9, best loss: 2.399962
[2025-02-24 07:51:51;INFO]----------------------------------------------------------------------------------------------------

[2025-02-24 07:51:51;INFO]Current Epoch: 11 / 500 | Learning Rate : 0.0010000000000000722
[2025-02-24 07:52:21;INFO]Train | Loss : 2.610882 | ACC : 2356/6562 (35.904%)
[2025-02-24 07:52:25;INFO]Valid | Loss : 2.641836 | ACC : 573/2813 (20.370%)
[2025-02-24 07:52:25;INFO]      | Loss didn't drop!

[2025-02-24 07:52:25;INFO]best epoch: 9, best loss: 2.399962
[2025-02-24 07:52:25;INFO]----------------------------------------------------------------------------------------------------

[2025-02-24 07:52:25;INFO]Current Epoch: 12 / 500 | Learning Rate : 0.0003454915028125234
[2025-02-24 07:52:55;INFO]Train | Loss : 2.385120 | ACC : 3148/6562 (47.973%)
[2025-02-24 07:52:59;INFO]Valid | Loss : 2.307035 | ACC : 1496/2813 (53.182%)
[2025-02-24 07:52:59;INFO]      | Loss dropped from 2.399962 to 2.307035, model has been saved!

[2025-02-24 07:52:59;INFO]best epoch: 12, best loss: 2.307035
[2025-02-24 07:52:59;INFO]----------------------------------------------------------------------------------------------------

[2025-02-24 07:52:59;INFO]Current Epoch: 13 / 500 | Learning Rate : 9.549150281252432e-05
[2025-02-24 07:53:29;INFO]Train | Loss : 2.315792 | ACC : 3328/6562 (50.716%)
[2025-02-24 07:53:33;INFO]Valid | Loss : 2.384066 | ACC : 763/2813 (27.124%)
[2025-02-24 07:53:33;INFO]      | Loss didn't drop!

[2025-02-24 07:53:33;INFO]best epoch: 12, best loss: 2.307035
[2025-02-24 07:53:33;INFO]----------------------------------------------------------------------------------------------------

[2025-02-24 07:53:33;INFO]Current Epoch: 14 / 500 | Learning Rate : 0.0009045084971873841
[2025-02-24 07:54:03;INFO]Train | Loss : 2.226294 | ACC : 3650/6562 (55.623%)
[2025-02-24 07:54:08;INFO]Valid | Loss : 2.244823 | ACC : 1017/2813 (36.154%)
[2025-02-24 07:54:08;INFO]      | Loss dropped from 2.307035 to 2.244823, model has been saved!

[2025-02-24 07:54:08;INFO]best epoch: 14, best loss: 2.244823
[2025-02-24 07:54:08;INFO]----------------------------------------------------------------------------------------------------

[2025-02-24 07:54:08;INFO]Current Epoch: 15 / 500 | Learning Rate : 0.0006545084971874736
[2025-02-24 07:54:38;INFO]Train | Loss : 2.285374 | ACC : 3413/6562 (52.012%)
[2025-02-24 07:54:42;INFO]Valid | Loss : 2.249954 | ACC : 1353/2813 (48.098%)
[2025-02-24 07:54:42;INFO]      | Loss didn't drop!

[2025-02-24 07:54:42;INFO]best epoch: 14, best loss: 2.244823
[2025-02-24 07:54:42;INFO]----------------------------------------------------------------------------------------------------

[2025-02-24 07:54:42;INFO]Current Epoch: 16 / 500 | Learning Rate : 0.0
[2025-02-24 07:55:12;INFO]Train | Loss : 2.160447 | ACC : 3969/6562 (60.485%)
[2025-02-24 07:55:16;INFO]Valid | Loss : 2.308415 | ACC : 1258/2813 (44.721%)
[2025-02-24 07:55:16;INFO]      | Loss didn't drop!

[2025-02-24 07:55:16;INFO]best epoch: 14, best loss: 2.244823
[2025-02-24 07:55:16;INFO]----------------------------------------------------------------------------------------------------

[2025-02-24 07:55:16;INFO]Current Epoch: 17 / 500 | Learning Rate : 0.0006545084971876484
[2025-02-24 07:55:46;INFO]Train | Loss : 2.189191 | ACC : 3477/6562 (52.987%)
[2025-02-24 07:55:50;INFO]Valid | Loss : 2.446898 | ACC : 565/2813 (20.085%)
[2025-02-24 07:55:50;INFO]      | Loss didn't drop!

[2025-02-24 07:55:50;INFO]best epoch: 14, best loss: 2.244823
[2025-02-24 07:55:50;INFO]----------------------------------------------------------------------------------------------------

[2025-02-24 07:55:50;INFO]Current Epoch: 18 / 500 | Learning Rate : 0.0009045084971876415
[2025-02-24 07:56:20;INFO]Train | Loss : 2.101589 | ACC : 3681/6562 (56.096%)
[2025-02-24 07:56:25;INFO]Valid | Loss : 1.980118 | ACC : 1621/2813 (57.625%)
[2025-02-24 07:56:25;INFO]      | Loss dropped from 2.244823 to 1.980118, model has been saved!

[2025-02-24 07:56:25;INFO]best epoch: 18, best loss: 1.980118
[2025-02-24 07:56:25;INFO]----------------------------------------------------------------------------------------------------

[2025-02-24 07:56:25;INFO]Current Epoch: 19 / 500 | Learning Rate : 9.549150281253538e-05
[2025-02-24 07:56:55;INFO]Train | Loss : 2.004808 | ACC : 4168/6562 (63.517%)
[2025-02-24 07:56:59;INFO]Valid | Loss : 1.926918 | ACC : 1816/2813 (64.557%)
[2025-02-24 07:56:59;INFO]      | Loss dropped from 1.980118 to 1.926918, model has been saved!

[2025-02-24 07:56:59;INFO]best epoch: 19, best loss: 1.926918
[2025-02-24 07:56:59;INFO]----------------------------------------------------------------------------------------------------

[2025-02-24 07:56:59;INFO]Current Epoch: 20 / 500 | Learning Rate : 0.0003454915028126214
[2025-02-24 07:57:29;INFO]Train | Loss : 1.982389 | ACC : 4143/6562 (63.136%)
[2025-02-24 07:57:33;INFO]Valid | Loss : 2.056046 | ACC : 1294/2813 (46.001%)
[2025-02-24 07:57:33;INFO]      | Loss didn't drop!

[2025-02-24 07:57:33;INFO]best epoch: 19, best loss: 1.926918
[2025-02-24 07:57:33;INFO]----------------------------------------------------------------------------------------------------

[2025-02-24 07:57:33;INFO]Current Epoch: 21 / 500 | Learning Rate : 0.0010000000000001989
[2025-02-24 07:58:03;INFO]Train | Loss : 1.953331 | ACC : 4036/6562 (61.506%)
[2025-02-24 07:58:07;INFO]Valid | Loss : 2.110125 | ACC : 954/2813 (33.914%)
[2025-02-24 07:58:07;INFO]      | Loss didn't drop!

[2025-02-24 07:58:07;INFO]best epoch: 19, best loss: 1.926918
[2025-02-24 07:58:07;INFO]----------------------------------------------------------------------------------------------------

[2025-02-24 07:58:07;INFO]Current Epoch: 22 / 500 | Learning Rate : 0.0003454915028125684
[2025-02-24 07:58:37;INFO]Train | Loss : 1.902059 | ACC : 4184/6562 (63.761%)
[2025-02-24 07:58:41;INFO]Valid | Loss : 1.794166 | ACC : 1651/2813 (58.692%)
[2025-02-24 07:58:41;INFO]      | Loss dropped from 1.926918 to 1.794166, model has been saved!

[2025-02-24 07:58:41;INFO]best epoch: 22, best loss: 1.794166
[2025-02-24 07:58:41;INFO]----------------------------------------------------------------------------------------------------

[2025-02-24 07:58:41;INFO]Current Epoch: 23 / 500 | Learning Rate : 9.549150281251615e-05
[2025-02-24 07:59:11;INFO]Train | Loss : 1.900767 | ACC : 4007/6562 (61.064%)
[2025-02-24 07:59:16;INFO]Valid | Loss : 2.198404 | ACC : 1193/2813 (42.410%)
[2025-02-24 07:59:16;INFO]      | Loss didn't drop!

[2025-02-24 07:59:16;INFO]best epoch: 22, best loss: 1.794166
[2025-02-24 07:59:16;INFO]----------------------------------------------------------------------------------------------------

[2025-02-24 07:59:16;INFO]Current Epoch: 24 / 500 | Learning Rate : 0.0009045084971876703
[2025-02-24 07:59:46;INFO]Train | Loss : 1.905732 | ACC : 3998/6562 (60.927%)
[2025-02-24 07:59:50;INFO]Valid | Loss : 2.223647 | ACC : 904/2813 (32.137%)
[2025-02-24 07:59:50;INFO]      | Loss didn't drop!

[2025-02-24 07:59:50;INFO]best epoch: 22, best loss: 1.794166
[2025-02-24 07:59:50;INFO]----------------------------------------------------------------------------------------------------

[2025-02-24 07:59:50;INFO]Current Epoch: 25 / 500 | Learning Rate : 0.00065450849718756
[2025-02-24 08:00:20;INFO]Train | Loss : 1.858107 | ACC : 4201/6562 (64.020%)
[2025-02-24 08:00:24;INFO]Valid | Loss : 1.728417 | ACC : 1809/2813 (64.309%)
[2025-02-24 08:00:24;INFO]      | Loss dropped from 1.794166 to 1.728417, model has been saved!

[2025-02-24 08:00:24;INFO]best epoch: 25, best loss: 1.728417
[2025-02-24 08:00:24;INFO]----------------------------------------------------------------------------------------------------

[2025-02-24 08:00:24;INFO]Current Epoch: 26 / 500 | Learning Rate : 0.0
[2025-02-24 08:00:54;INFO]Train | Loss : 1.708422 | ACC : 4584/6562 (69.857%)
[2025-02-24 08:00:58;INFO]Valid | Loss : 2.022683 | ACC : 1359/2813 (48.311%)
[2025-02-24 08:00:58;INFO]      | Loss didn't drop!

[2025-02-24 08:00:58;INFO]best epoch: 25, best loss: 1.728417
[2025-02-24 08:00:58;INFO]----------------------------------------------------------------------------------------------------

[2025-02-24 08:00:58;INFO]Current Epoch: 27 / 500 | Learning Rate : 0.0006545084971873847
[2025-02-24 08:01:28;INFO]Train | Loss : 1.852518 | ACC : 4081/6562 (62.191%)
[2025-02-24 08:01:33;INFO]Valid | Loss : 2.837808 | ACC : 509/2813 (18.095%)
[2025-02-24 08:01:33;INFO]      | Loss didn't drop!

[2025-02-24 08:01:33;INFO]best epoch: 25, best loss: 1.728417
[2025-02-24 08:01:33;INFO]----------------------------------------------------------------------------------------------------

[2025-02-24 08:01:33;INFO]Current Epoch: 28 / 500 | Learning Rate : 0.0009045084971875998
[2025-02-24 08:02:02;INFO]Train | Loss : 1.796234 | ACC : 4388/6562 (66.870%)
[2025-02-24 08:02:07;INFO]Valid | Loss : 1.597482 | ACC : 1808/2813 (64.273%)
[2025-02-24 08:02:07;INFO]      | Loss dropped from 1.728417 to 1.597482, model has been saved!

[2025-02-24 08:02:07;INFO]best epoch: 28, best loss: 1.597482
[2025-02-24 08:02:07;INFO]----------------------------------------------------------------------------------------------------

[2025-02-24 08:02:07;INFO]Current Epoch: 29 / 500 | Learning Rate : 9.549150281253827e-05
[2025-02-24 08:02:37;INFO]Train | Loss : 1.767268 | ACC : 4307/6562 (65.635%)
[2025-02-24 08:02:41;INFO]Valid | Loss : 1.703528 | ACC : 1763/2813 (62.673%)
[2025-02-24 08:02:41;INFO]      | Loss didn't drop!

[2025-02-24 08:02:41;INFO]best epoch: 28, best loss: 1.597482
[2025-02-24 08:02:41;INFO]----------------------------------------------------------------------------------------------------

[2025-02-24 08:02:41;INFO]Current Epoch: 30 / 500 | Learning Rate : 0.00034549150281247993
[2025-02-24 08:03:11;INFO]Train | Loss : 1.666354 | ACC : 4440/6562 (67.662%)
[2025-02-24 08:03:15;INFO]Valid | Loss : 2.823883 | ACC : 595/2813 (21.152%)
[2025-02-24 08:03:15;INFO]      | Loss didn't drop!

[2025-02-24 08:03:15;INFO]best epoch: 28, best loss: 1.597482
[2025-02-24 08:03:15;INFO]----------------------------------------------------------------------------------------------------

[2025-02-24 08:03:15;INFO]Current Epoch: 31 / 500 | Learning Rate : 0.0010000000000001531
[2025-02-24 08:03:45;INFO]Train | Loss : 1.788180 | ACC : 4234/6562 (64.523%)
[2025-02-24 08:03:49;INFO]Valid | Loss : 2.877447 | ACC : 485/2813 (17.241%)
[2025-02-24 08:03:49;INFO]      | Loss didn't drop!

[2025-02-24 08:03:49;INFO]best epoch: 28, best loss: 1.597482
[2025-02-24 08:03:49;INFO]----------------------------------------------------------------------------------------------------

[2025-02-24 08:03:49;INFO]Current Epoch: 32 / 500 | Learning Rate : 0.00034549150281256124
[2025-02-24 08:04:19;INFO]Train | Loss : 1.743246 | ACC : 4417/6562 (67.312%)
[2025-02-24 08:04:24;INFO]Valid | Loss : 1.648701 | ACC : 2080/2813 (73.942%)
[2025-02-24 08:04:24;INFO]      | Loss didn't drop!

[2025-02-24 08:04:24;INFO]best epoch: 28, best loss: 1.597482
[2025-02-24 08:04:24;INFO]----------------------------------------------------------------------------------------------------

[2025-02-24 08:04:24;INFO]Current Epoch: 33 / 500 | Learning Rate : 9.549150281251295e-05
[2025-02-24 08:04:54;INFO]Train | Loss : 1.589856 | ACC : 4849/6562 (73.895%)
[2025-02-24 08:04:58;INFO]Valid | Loss : 1.814126 | ACC : 1266/2813 (45.005%)
[2025-02-24 08:04:58;INFO]      | Loss didn't drop!

[2025-02-24 08:04:58;INFO]best epoch: 28, best loss: 1.597482
[2025-02-24 08:04:58;INFO]----------------------------------------------------------------------------------------------------

[2025-02-24 08:04:58;INFO]Current Epoch: 34 / 500 | Learning Rate : 0.0009045084971876226
[2025-02-24 08:05:28;INFO]Train | Loss : 1.569648 | ACC : 4624/6562 (70.466%)
[2025-02-24 08:05:32;INFO]Valid | Loss : 1.770984 | ACC : 1075/2813 (38.215%)
[2025-02-24 08:05:32;INFO]      | Loss didn't drop!

[2025-02-24 08:05:32;INFO]best epoch: 28, best loss: 1.597482
[2025-02-24 08:05:32;INFO]----------------------------------------------------------------------------------------------------

[2025-02-24 08:05:32;INFO]Current Epoch: 35 / 500 | Learning Rate : 0.0006545084971872731
[2025-02-24 08:06:02;INFO]Train | Loss : 1.599871 | ACC : 4700/6562 (71.625%)
[2025-02-24 08:06:06;INFO]Valid | Loss : 1.536088 | ACC : 1669/2813 (59.332%)
[2025-02-24 08:06:06;INFO]      | Loss dropped from 1.597482 to 1.536088, model has been saved!

[2025-02-24 08:06:06;INFO]best epoch: 35, best loss: 1.536088
[2025-02-24 08:06:06;INFO]----------------------------------------------------------------------------------------------------

[2025-02-24 08:06:06;INFO]Current Epoch: 36 / 500 | Learning Rate : 0.0
[2025-02-24 08:06:36;INFO]Train | Loss : 1.445514 | ACC : 4927/6562 (75.084%)
[2025-02-24 08:06:40;INFO]Valid | Loss : 1.882872 | ACC : 1439/2813 (51.155%)
[2025-02-24 08:06:40;INFO]      | Loss didn't drop!

[2025-02-24 08:06:40;INFO]best epoch: 35, best loss: 1.536088
[2025-02-24 08:06:40;INFO]----------------------------------------------------------------------------------------------------

[2025-02-24 08:06:40;INFO]Current Epoch: 37 / 500 | Learning Rate : 0.000654508497187351
[2025-02-24 08:07:11;INFO]Train | Loss : 1.532414 | ACC : 4712/6562 (71.807%)
[2025-02-24 08:07:15;INFO]Valid | Loss : 2.329000 | ACC : 715/2813 (25.418%)
[2025-02-24 08:07:15;INFO]      | Loss didn't drop!

[2025-02-24 08:07:15;INFO]best epoch: 35, best loss: 1.536088
[2025-02-24 08:07:15;INFO]----------------------------------------------------------------------------------------------------

[2025-02-24 08:07:15;INFO]Current Epoch: 38 / 500 | Learning Rate : 0.0009045084971875662
[2025-02-24 08:07:45;INFO]Train | Loss : 1.531677 | ACC : 4647/6562 (70.817%)
[2025-02-24 08:07:49;INFO]Valid | Loss : 1.446658 | ACC : 1769/2813 (62.887%)
[2025-02-24 08:07:49;INFO]      | Loss dropped from 1.536088 to 1.446658, model has been saved!

[2025-02-24 08:07:49;INFO]best epoch: 38, best loss: 1.446658
[2025-02-24 08:07:49;INFO]----------------------------------------------------------------------------------------------------

[2025-02-24 08:07:49;INFO]Current Epoch: 39 / 500 | Learning Rate : 9.549150281256642e-05
[2025-02-24 08:08:19;INFO]Train | Loss : 1.533087 | ACC : 4664/6562 (71.076%)
[2025-02-24 08:08:23;INFO]Valid | Loss : 1.468772 | ACC : 1873/2813 (66.584%)
[2025-02-24 08:08:23;INFO]      | Loss didn't drop!

[2025-02-24 08:08:23;INFO]best epoch: 38, best loss: 1.446658
[2025-02-24 08:08:23;INFO]----------------------------------------------------------------------------------------------------

[2025-02-24 08:08:23;INFO]Current Epoch: 40 / 500 | Learning Rate : 0.0003454915028125908
[2025-02-24 08:08:53;INFO]Train | Loss : 1.456229 | ACC : 4869/6562 (74.200%)
[2025-02-24 08:08:58;INFO]Valid | Loss : 2.731790 | ACC : 787/2813 (27.977%)
[2025-02-24 08:08:58;INFO]      | Loss didn't drop!

[2025-02-24 08:08:58;INFO]best epoch: 38, best loss: 1.446658
[2025-02-24 08:08:58;INFO]----------------------------------------------------------------------------------------------------

[2025-02-24 08:08:58;INFO]Current Epoch: 41 / 500 | Learning Rate : 0.00100000000000046
[2025-02-24 08:09:28;INFO]Train | Loss : 1.625900 | ACC : 4376/6562 (66.687%)
[2025-02-24 08:09:32;INFO]Valid | Loss : 1.605804 | ACC : 1853/2813 (65.873%)
[2025-02-24 08:09:32;INFO]      | Loss didn't drop!

[2025-02-24 08:09:32;INFO]best epoch: 38, best loss: 1.446658
[2025-02-24 08:09:32;INFO]----------------------------------------------------------------------------------------------------

[2025-02-24 08:09:32;INFO]Current Epoch: 42 / 500 | Learning Rate : 0.00034549150281254064
[2025-02-24 08:10:02;INFO]Train | Loss : 1.393539 | ACC : 4916/6562 (74.916%)
[2025-02-24 08:10:06;INFO]Valid | Loss : 1.201943 | ACC : 2329/2813 (82.794%)
[2025-02-24 08:10:06;INFO]      | Loss dropped from 1.446658 to 1.201943, model has been saved!

[2025-02-24 08:10:06;INFO]best epoch: 42, best loss: 1.201943
[2025-02-24 08:10:06;INFO]----------------------------------------------------------------------------------------------------

[2025-02-24 08:10:06;INFO]Current Epoch: 43 / 500 | Learning Rate : 9.549150281250894e-05
[2025-02-24 08:10:36;INFO]Train | Loss : 1.458357 | ACC : 4631/6562 (70.573%)
[2025-02-24 08:10:40;INFO]Valid | Loss : 2.042668 | ACC : 1115/2813 (39.637%)
[2025-02-24 08:10:40;INFO]      | Loss didn't drop!

[2025-02-24 08:10:40;INFO]best epoch: 42, best loss: 1.201943
[2025-02-24 08:10:40;INFO]----------------------------------------------------------------------------------------------------

[2025-02-24 08:10:40;INFO]Current Epoch: 44 / 500 | Learning Rate : 0.0009045084971875831
[2025-02-24 08:11:10;INFO]Train | Loss : 1.384167 | ACC : 4789/6562 (72.981%)
[2025-02-24 08:11:14;INFO]Valid | Loss : 1.278798 | ACC : 1946/2813 (69.179%)
[2025-02-24 08:11:14;INFO]      | Loss didn't drop!

[2025-02-24 08:11:14;INFO]best epoch: 42, best loss: 1.201943
[2025-02-24 08:11:14;INFO]----------------------------------------------------------------------------------------------------

[2025-02-24 08:11:14;INFO]Current Epoch: 45 / 500 | Learning Rate : 0.0006545084971872693
[2025-02-24 08:11:44;INFO]Train | Loss : 1.340966 | ACC : 4883/6562 (74.413%)
[2025-02-24 08:11:49;INFO]Valid | Loss : 1.229577 | ACC : 1938/2813 (68.894%)
[2025-02-24 08:11:49;INFO]      | Loss didn't drop!

[2025-02-24 08:11:49;INFO]best epoch: 42, best loss: 1.201943
[2025-02-24 08:11:49;INFO]----------------------------------------------------------------------------------------------------

[2025-02-24 08:11:49;INFO]Current Epoch: 46 / 500 | Learning Rate : 0.0
[2025-02-24 08:12:19;INFO]Train | Loss : 1.288375 | ACC : 5138/6562 (78.299%)
[2025-02-24 08:12:23;INFO]Valid | Loss : 1.421602 | ACC : 1703/2813 (60.540%)
[2025-02-24 08:12:23;INFO]      | Loss didn't drop!

[2025-02-24 08:12:23;INFO]best epoch: 42, best loss: 1.201943
[2025-02-24 08:12:23;INFO]----------------------------------------------------------------------------------------------------

[2025-02-24 08:12:23;INFO]Current Epoch: 47 / 500 | Learning Rate : 0.0006545084971877958
[2025-02-24 08:12:53;INFO]Train | Loss : 1.318780 | ACC : 5049/6562 (76.943%)
[2025-02-24 08:12:57;INFO]Valid | Loss : 2.698594 | ACC : 396/2813 (14.077%)
[2025-02-24 08:12:57;INFO]      | Loss didn't drop!

[2025-02-24 08:12:57;INFO]best epoch: 42, best loss: 1.201943
[2025-02-24 08:12:57;INFO]----------------------------------------------------------------------------------------------------

[2025-02-24 08:12:57;INFO]Current Epoch: 48 / 500 | Learning Rate : 0.0009045084971881685
[2025-02-24 08:13:27;INFO]Train | Loss : 1.379538 | ACC : 4876/6562 (74.307%)
[2025-02-24 08:13:31;INFO]Valid | Loss : 1.206310 | ACC : 2005/2813 (71.276%)
[2025-02-24 08:13:31;INFO]      | Loss didn't drop!

[2025-02-24 08:13:31;INFO]best epoch: 42, best loss: 1.201943
[2025-02-24 08:13:31;INFO]----------------------------------------------------------------------------------------------------

[2025-02-24 08:13:31;INFO]Current Epoch: 49 / 500 | Learning Rate : 9.549150281256093e-05
[2025-02-24 08:14:01;INFO]Train | Loss : 1.205991 | ACC : 5076/6562 (77.354%)
[2025-02-24 08:14:05;INFO]Valid | Loss : 2.170758 | ACC : 957/2813 (34.021%)
[2025-02-24 08:14:05;INFO]      | Loss didn't drop!

[2025-02-24 08:14:05;INFO]best epoch: 42, best loss: 1.201943
[2025-02-24 08:14:05;INFO]----------------------------------------------------------------------------------------------------

[2025-02-24 08:14:05;INFO]Current Epoch: 50 / 500 | Learning Rate : 0.00034549150281254704
[2025-02-24 08:14:35;INFO]Train | Loss : 1.374222 | ACC : 4763/6562 (72.585%)
[2025-02-24 08:14:39;INFO]Valid | Loss : 2.073943 | ACC : 1067/2813 (37.931%)
[2025-02-24 08:14:39;INFO]      | Loss didn't drop!

[2025-02-24 08:14:39;INFO]best epoch: 42, best loss: 1.201943
[2025-02-24 08:14:39;INFO]----------------------------------------------------------------------------------------------------

[2025-02-24 08:14:39;INFO]Current Epoch: 51 / 500 | Learning Rate : 0.001000000000000415
[2025-02-24 08:15:09;INFO]Train | Loss : 1.318581 | ACC : 4895/6562 (74.596%)
[2025-02-24 08:15:14;INFO]Valid | Loss : 1.157753 | ACC : 2057/2813 (73.125%)
[2025-02-24 08:15:14;INFO]      | Loss dropped from 1.201943 to 1.157753, model has been saved!

[2025-02-24 08:15:14;INFO]best epoch: 51, best loss: 1.157753
[2025-02-24 08:15:14;INFO]----------------------------------------------------------------------------------------------------

[2025-02-24 08:15:14;INFO]Current Epoch: 52 / 500 | Learning Rate : 0.00034549150281252335
[2025-02-24 08:15:44;INFO]Train | Loss : 1.193255 | ACC : 5028/6562 (76.623%)
[2025-02-24 08:15:48;INFO]Valid | Loss : 0.968741 | ACC : 2356/2813 (83.754%)
[2025-02-24 08:15:48;INFO]      | Loss dropped from 1.157753 to 0.968741, model has been saved!

[2025-02-24 08:15:48;INFO]best epoch: 52, best loss: 0.968741
[2025-02-24 08:15:48;INFO]----------------------------------------------------------------------------------------------------

[2025-02-24 08:15:48;INFO]Current Epoch: 53 / 500 | Learning Rate : 9.549150281257471e-05
[2025-02-24 08:16:18;INFO]Train | Loss : 1.206964 | ACC : 5064/6562 (77.172%)
[2025-02-24 08:16:22;INFO]Valid | Loss : 1.766058 | ACC : 1247/2813 (44.330%)
[2025-02-24 08:16:22;INFO]      | Loss didn't drop!

[2025-02-24 08:16:22;INFO]best epoch: 52, best loss: 0.968741
[2025-02-24 08:16:22;INFO]----------------------------------------------------------------------------------------------------

[2025-02-24 08:16:22;INFO]Current Epoch: 54 / 500 | Learning Rate : 0.0009045084971875184
[2025-02-24 08:16:52;INFO]Train | Loss : 1.200338 | ACC : 5103/6562 (77.766%)
[2025-02-24 08:16:56;INFO]Valid | Loss : 2.696294 | ACC : 498/2813 (17.704%)
[2025-02-24 08:16:56;INFO]      | Loss didn't drop!

[2025-02-24 08:16:56;INFO]best epoch: 52, best loss: 0.968741
[2025-02-24 08:16:56;INFO]----------------------------------------------------------------------------------------------------

[2025-02-24 08:16:56;INFO]Current Epoch: 55 / 500 | Learning Rate : 0.0006545084971877033
[2025-02-24 08:17:26;INFO]Train | Loss : 1.309455 | ACC : 4821/6562 (73.468%)
[2025-02-24 08:17:30;INFO]Valid | Loss : 1.099223 | ACC : 2272/2813 (80.768%)
[2025-02-24 08:17:30;INFO]      | Loss didn't drop!

[2025-02-24 08:17:30;INFO]best epoch: 52, best loss: 0.968741
[2025-02-24 08:17:30;INFO]----------------------------------------------------------------------------------------------------

[2025-02-24 08:17:30;INFO]Current Epoch: 56 / 500 | Learning Rate : 0.0
[2025-02-24 08:18:00;INFO]Train | Loss : 1.220446 | ACC : 5125/6562 (78.101%)
[2025-02-24 08:18:05;INFO]Valid | Loss : 1.456251 | ACC : 1646/2813 (58.514%)
[2025-02-24 08:18:05;INFO]      | Loss didn't drop!

[2025-02-24 08:18:05;INFO]best epoch: 52, best loss: 0.968741
[2025-02-24 08:18:05;INFO]----------------------------------------------------------------------------------------------------

[2025-02-24 08:18:05;INFO]Current Epoch: 57 / 500 | Learning Rate : 0.0006545084971877351
[2025-02-24 08:18:35;INFO]Train | Loss : 1.152930 | ACC : 5171/6562 (78.802%)
[2025-02-24 08:18:39;INFO]Valid | Loss : 1.637268 | ACC : 1439/2813 (51.155%)
[2025-02-24 08:18:39;INFO]      | Loss didn't drop!

[2025-02-24 08:18:39;INFO]best epoch: 52, best loss: 0.968741
[2025-02-24 08:18:39;INFO]----------------------------------------------------------------------------------------------------

[2025-02-24 08:18:39;INFO]Current Epoch: 58 / 500 | Learning Rate : 0.0009045084971874573
[2025-02-24 08:19:09;INFO]Train | Loss : 1.236355 | ACC : 4964/6562 (75.648%)
[2025-02-24 08:19:13;INFO]Valid | Loss : 1.103240 | ACC : 2120/2813 (75.364%)
[2025-02-24 08:19:13;INFO]      | Loss didn't drop!

[2025-02-24 08:19:13;INFO]best epoch: 52, best loss: 0.968741
[2025-02-24 08:19:13;INFO]----------------------------------------------------------------------------------------------------

[2025-02-24 08:19:13;INFO]Current Epoch: 59 / 500 | Learning Rate : 9.549150281248566e-05
[2025-02-24 08:19:43;INFO]Train | Loss : 1.109595 | ACC : 5159/6562 (78.619%)
[2025-02-24 08:19:47;INFO]Valid | Loss : 1.109341 | ACC : 2049/2813 (72.840%)
[2025-02-24 08:19:47;INFO]      | Loss didn't drop!

[2025-02-24 08:19:47;INFO]best epoch: 52, best loss: 0.968741
[2025-02-24 08:19:47;INFO]----------------------------------------------------------------------------------------------------

[2025-02-24 08:19:47;INFO]Current Epoch: 60 / 500 | Learning Rate : 0.0003454915028125602
[2025-02-24 08:20:17;INFO]Train | Loss : 1.111024 | ACC : 5213/6562 (79.442%)
[2025-02-24 08:20:21;INFO]Valid | Loss : 1.355611 | ACC : 1609/2813 (57.199%)
[2025-02-24 08:20:21;INFO]      | Loss didn't drop!

[2025-02-24 08:20:21;INFO]best epoch: 52, best loss: 0.968741
[2025-02-24 08:20:21;INFO]----------------------------------------------------------------------------------------------------

[2025-02-24 08:20:21;INFO]Current Epoch: 61 / 500 | Learning Rate : 0.0009999999999996392
[2025-02-24 08:20:51;INFO]Train | Loss : 1.116977 | ACC : 5217/6562 (79.503%)
[2025-02-24 08:20:56;INFO]Valid | Loss : 1.487539 | ACC : 1346/2813 (47.849%)
[2025-02-24 08:20:56;INFO]      | Loss didn't drop!

[2025-02-24 08:20:56;INFO]best epoch: 52, best loss: 0.968741
[2025-02-24 08:20:56;INFO]----------------------------------------------------------------------------------------------------

[2025-02-24 08:20:56;INFO]Current Epoch: 62 / 500 | Learning Rate : 0.0003454915028127552
[2025-02-24 08:21:26;INFO]Train | Loss : 1.039077 | ACC : 5268/6562 (80.280%)
[2025-02-24 08:21:30;INFO]Valid | Loss : 0.825938 | ACC : 2397/2813 (85.212%)
[2025-02-24 08:21:30;INFO]      | Loss dropped from 0.968741 to 0.825938, model has been saved!

[2025-02-24 08:21:30;INFO]best epoch: 62, best loss: 0.825938
[2025-02-24 08:21:30;INFO]----------------------------------------------------------------------------------------------------

[2025-02-24 08:21:30;INFO]Current Epoch: 63 / 500 | Learning Rate : 9.549150281255399e-05
[2025-02-24 08:22:00;INFO]Train | Loss : 0.965507 | ACC : 5441/6562 (82.917%)
[2025-02-24 08:22:04;INFO]Valid | Loss : 1.695695 | ACC : 1602/2813 (56.950%)
[2025-02-24 08:22:04;INFO]      | Loss didn't drop!

[2025-02-24 08:22:04;INFO]best epoch: 62, best loss: 0.825938
[2025-02-24 08:22:04;INFO]----------------------------------------------------------------------------------------------------

[2025-02-24 08:22:04;INFO]Current Epoch: 64 / 500 | Learning Rate : 0.0009045084971868181
[2025-02-24 08:22:34;INFO]Train | Loss : 1.078602 | ACC : 5157/6562 (78.589%)
[2025-02-24 08:22:38;INFO]Valid | Loss : 1.697828 | ACC : 1376/2813 (48.916%)
[2025-02-24 08:22:38;INFO]      | Loss didn't drop!

[2025-02-24 08:22:38;INFO]best epoch: 62, best loss: 0.825938
[2025-02-24 08:22:38;INFO]----------------------------------------------------------------------------------------------------

[2025-02-24 08:22:38;INFO]Current Epoch: 65 / 500 | Learning Rate : 0.0006545084971881445
[2025-02-24 08:23:08;INFO]Train | Loss : 1.161543 | ACC : 5087/6562 (77.522%)
[2025-02-24 08:23:12;INFO]Valid | Loss : 1.141535 | ACC : 2203/2813 (78.315%)
[2025-02-24 08:23:12;INFO]      | Loss didn't drop!

[2025-02-24 08:23:12;INFO]best epoch: 62, best loss: 0.825938
[2025-02-24 08:23:12;INFO]----------------------------------------------------------------------------------------------------

[2025-02-24 08:23:12;INFO]Current Epoch: 66 / 500 | Learning Rate : 0.0
[2025-02-24 08:23:42;INFO]Train | Loss : 1.060196 | ACC : 5290/6562 (80.616%)
[2025-02-24 08:23:47;INFO]Valid | Loss : 1.896509 | ACC : 1294/2813 (46.001%)
[2025-02-24 08:23:47;INFO]      | Loss didn't drop!

[2025-02-24 08:23:47;INFO]best epoch: 62, best loss: 0.825938
[2025-02-24 08:23:47;INFO]----------------------------------------------------------------------------------------------------

[2025-02-24 08:23:47;INFO]Current Epoch: 67 / 500 | Learning Rate : 0.0006545084971877343
[2025-02-24 08:24:16;INFO]Train | Loss : 1.100611 | ACC : 5037/6562 (76.760%)
[2025-02-24 08:24:21;INFO]Valid | Loss : 1.344096 | ACC : 1634/2813 (58.087%)
[2025-02-24 08:24:21;INFO]      | Loss didn't drop!

[2025-02-24 08:24:21;INFO]best epoch: 62, best loss: 0.825938
[2025-02-24 08:24:21;INFO]----------------------------------------------------------------------------------------------------

[2025-02-24 08:24:21;INFO]Current Epoch: 68 / 500 | Learning Rate : 0.0009045084971880933
[2025-02-24 08:24:51;INFO]Train | Loss : 1.073100 | ACC : 5165/6562 (78.711%)
[2025-02-24 08:24:55;INFO]Valid | Loss : 0.831197 | ACC : 2404/2813 (85.460%)
[2025-02-24 08:24:55;INFO]      | Loss didn't drop!

[2025-02-24 08:24:55;INFO]best epoch: 62, best loss: 0.825938
[2025-02-24 08:24:55;INFO]----------------------------------------------------------------------------------------------------

[2025-02-24 08:24:55;INFO]Current Epoch: 69 / 500 | Learning Rate : 9.549150281260131e-05
[2025-02-24 08:25:25;INFO]Train | Loss : 0.864847 | ACC : 5600/6562 (85.340%)
[2025-02-24 08:25:29;INFO]Valid | Loss : 0.877785 | ACC : 2336/2813 (83.043%)
[2025-02-24 08:25:29;INFO]      | Loss didn't drop!

[2025-02-24 08:25:29;INFO]best epoch: 62, best loss: 0.825938
[2025-02-24 08:25:29;INFO]----------------------------------------------------------------------------------------------------

[2025-02-24 08:25:29;INFO]Current Epoch: 70 / 500 | Learning Rate : 0.0003454915028125165
[2025-02-24 08:25:59;INFO]Train | Loss : 0.932592 | ACC : 5381/6562 (82.002%)
[2025-02-24 08:26:03;INFO]Valid | Loss : 3.520848 | ACC : 289/2813 (10.274%)
[2025-02-24 08:26:03;INFO]      | Loss didn't drop!

[2025-02-24 08:26:03;INFO]best epoch: 62, best loss: 0.825938
[2025-02-24 08:26:03;INFO]----------------------------------------------------------------------------------------------------

[2025-02-24 08:26:03;INFO]Current Epoch: 71 / 500 | Learning Rate : 0.0010000000000003157
[2025-02-24 08:26:33;INFO]Train | Loss : 0.994034 | ACC : 5400/6562 (82.292%)
[2025-02-24 08:26:37;INFO]Valid | Loss : 0.981607 | ACC : 2105/2813 (74.831%)
[2025-02-24 08:26:37;INFO]      | Loss didn't drop!

[2025-02-24 08:26:37;INFO]best epoch: 62, best loss: 0.825938
[2025-02-24 08:26:37;INFO]----------------------------------------------------------------------------------------------------

[2025-02-24 08:26:37;INFO]Current Epoch: 72 / 500 | Learning Rate : 0.0003454915028127346
[2025-02-24 08:27:07;INFO]Train | Loss : 1.037711 | ACC : 5115/6562 (77.949%)
[2025-02-24 08:27:12;INFO]Valid | Loss : 0.924370 | ACC : 2298/2813 (81.692%)
[2025-02-24 08:27:12;INFO]      | Loss didn't drop!

[2025-02-24 08:27:12;INFO]best epoch: 62, best loss: 0.825938
[2025-02-24 08:27:12;INFO]----------------------------------------------------------------------------------------------------

[2025-02-24 08:27:12;INFO]Current Epoch: 73 / 500 | Learning Rate : 9.549150281263641e-05
[2025-02-24 08:27:42;INFO]Train | Loss : 0.942722 | ACC : 5250/6562 (80.006%)
[2025-02-24 08:27:46;INFO]Valid | Loss : 2.264094 | ACC : 1165/2813 (41.415%)
[2025-02-24 08:27:46;INFO]      | Loss didn't drop!

[2025-02-24 08:27:46;INFO]best epoch: 62, best loss: 0.825938
[2025-02-24 08:27:46;INFO]----------------------------------------------------------------------------------------------------

[2025-02-24 08:27:46;INFO]Current Epoch: 74 / 500 | Learning Rate : 0.0009045084971874147
[2025-02-24 08:28:16;INFO]Train | Loss : 1.012045 | ACC : 5315/6562 (80.997%)
[2025-02-24 08:28:20;INFO]Valid | Loss : 1.271031 | ACC : 1749/2813 (62.176%)
[2025-02-24 08:28:20;INFO]      | Loss didn't drop!

[2025-02-24 08:28:20;INFO]best epoch: 62, best loss: 0.825938
[2025-02-24 08:28:20;INFO]----------------------------------------------------------------------------------------------------

[2025-02-24 08:28:20;INFO]Current Epoch: 75 / 500 | Learning Rate : 0.0006545084971876619
[2025-02-24 08:28:50;INFO]Train | Loss : 0.956448 | ACC : 5303/6562 (80.814%)
[2025-02-24 08:28:54;INFO]Valid | Loss : 0.913397 | ACC : 2268/2813 (80.626%)
[2025-02-24 08:28:54;INFO]      | Loss didn't drop!

[2025-02-24 08:28:54;INFO]best epoch: 62, best loss: 0.825938
[2025-02-24 08:28:54;INFO]----------------------------------------------------------------------------------------------------

[2025-02-24 08:28:54;INFO]Current Epoch: 76 / 500 | Learning Rate : 0.0
[2025-02-24 08:29:24;INFO]Train | Loss : 0.875630 | ACC : 5488/6562 (83.633%)
[2025-02-24 08:29:28;INFO]Valid | Loss : 0.935955 | ACC : 2064/2813 (73.374%)
[2025-02-24 08:29:28;INFO]      | Loss didn't drop!

[2025-02-24 08:29:28;INFO]best epoch: 62, best loss: 0.825938
[2025-02-24 08:29:28;INFO]----------------------------------------------------------------------------------------------------

[2025-02-24 08:29:28;INFO]Current Epoch: 77 / 500 | Learning Rate : 0.0006545084971881462
[2025-02-24 08:29:58;INFO]Train | Loss : 0.990455 | ACC : 5173/6562 (78.833%)
[2025-02-24 08:30:02;INFO]Valid | Loss : 1.279138 | ACC : 1607/2813 (57.128%)
[2025-02-24 08:30:02;INFO]      | Loss didn't drop!

[2025-02-24 08:30:02;INFO]best epoch: 62, best loss: 0.825938
[2025-02-24 08:30:02;INFO]----------------------------------------------------------------------------------------------------

[2025-02-24 08:30:02;INFO]Current Epoch: 78 / 500 | Learning Rate : 0.000904508497187382
[2025-02-24 08:30:32;INFO]Train | Loss : 0.846909 | ACC : 5521/6562 (84.136%)
[2025-02-24 08:30:37;INFO]Valid | Loss : 0.869208 | ACC : 2209/2813 (78.528%)
[2025-02-24 08:30:37;INFO]      | Loss didn't drop!

[2025-02-24 08:30:37;INFO]best epoch: 62, best loss: 0.825938
[2025-02-24 08:30:37;INFO]----------------------------------------------------------------------------------------------------

[2025-02-24 08:30:37;INFO]Current Epoch: 79 / 500 | Learning Rate : 9.549150281254285e-05
[2025-02-24 08:31:07;INFO]Train | Loss : 0.891437 | ACC : 5322/6562 (81.103%)
[2025-02-24 08:31:11;INFO]Valid | Loss : 1.060469 | ACC : 1671/2813 (59.403%)
[2025-02-24 08:31:11;INFO]      | Loss didn't drop!

[2025-02-24 08:31:11;INFO]best epoch: 62, best loss: 0.825938
[2025-02-24 08:31:11;INFO]----------------------------------------------------------------------------------------------------

[2025-02-24 08:31:11;INFO]Current Epoch: 80 / 500 | Learning Rate : 0.0003454915028127791
[2025-02-24 08:31:41;INFO]Train | Loss : 0.860479 | ACC : 5423/6562 (82.642%)
[2025-02-24 08:31:45;INFO]Valid | Loss : 1.155024 | ACC : 1774/2813 (63.064%)
[2025-02-24 08:31:45;INFO]      | Loss didn't drop!

[2025-02-24 08:31:45;INFO]best epoch: 62, best loss: 0.825938
[2025-02-24 08:31:45;INFO]----------------------------------------------------------------------------------------------------

[2025-02-24 08:31:45;INFO]Current Epoch: 81 / 500 | Learning Rate : 0.0009999999999995399
[2025-02-24 08:32:15;INFO]Train | Loss : 0.843353 | ACC : 5441/6562 (82.917%)
[2025-02-24 08:32:19;INFO]Valid | Loss : 1.683277 | ACC : 1447/2813 (51.440%)
[2025-02-24 08:32:19;INFO]      | Loss didn't drop!

[2025-02-24 08:32:19;INFO]best epoch: 62, best loss: 0.825938
[2025-02-24 08:32:19;INFO]----------------------------------------------------------------------------------------------------

[2025-02-24 08:32:19;INFO]Current Epoch: 82 / 500 | Learning Rate : 0.00034549150281249175
[2025-02-24 08:32:49;INFO]Train | Loss : 0.862743 | ACC : 5362/6562 (81.713%)
[2025-02-24 08:32:53;INFO]Valid | Loss : 0.691499 | ACC : 2386/2813 (84.820%)
[2025-02-24 08:32:53;INFO]      | Loss dropped from 0.825938 to 0.691499, model has been saved!

[2025-02-24 08:32:53;INFO]best epoch: 82, best loss: 0.691499
[2025-02-24 08:32:53;INFO]----------------------------------------------------------------------------------------------------

[2025-02-24 08:32:53;INFO]Current Epoch: 83 / 500 | Learning Rate : 9.549150281254678e-05
[2025-02-24 08:33:23;INFO]Train | Loss : 0.874988 | ACC : 5328/6562 (81.195%)
[2025-02-24 08:33:27;INFO]Valid | Loss : 2.212867 | ACC : 1001/2813 (35.585%)
[2025-02-24 08:33:27;INFO]      | Loss didn't drop!

[2025-02-24 08:33:27;INFO]best epoch: 82, best loss: 0.691499
[2025-02-24 08:33:27;INFO]----------------------------------------------------------------------------------------------------

[2025-02-24 08:33:27;INFO]Current Epoch: 84 / 500 | Learning Rate : 0.0009045084971880438
[2025-02-24 08:33:57;INFO]Train | Loss : 0.821374 | ACC : 5549/6562 (84.563%)
[2025-02-24 08:34:02;INFO]Valid | Loss : 0.867897 | ACC : 2061/2813 (73.267%)
[2025-02-24 08:34:02;INFO]      | Loss didn't drop!

[2025-02-24 08:34:02;INFO]best epoch: 82, best loss: 0.691499
[2025-02-24 08:34:02;INFO]----------------------------------------------------------------------------------------------------

[2025-02-24 08:34:02;INFO]Current Epoch: 85 / 500 | Learning Rate : 0.0006545084971880757
[2025-02-24 08:34:31;INFO]Train | Loss : 1.007423 | ACC : 5126/6562 (78.116%)
[2025-02-24 08:34:36;INFO]Valid | Loss : 0.915832 | ACC : 2315/2813 (82.296%)
[2025-02-24 08:34:36;INFO]      | Loss didn't drop!

[2025-02-24 08:34:36;INFO]best epoch: 82, best loss: 0.691499
[2025-02-24 08:34:36;INFO]----------------------------------------------------------------------------------------------------

[2025-02-24 08:34:36;INFO]Current Epoch: 86 / 500 | Learning Rate : 0.0
[2025-02-24 08:35:06;INFO]Train | Loss : 0.836622 | ACC : 5464/6562 (83.267%)
[2025-02-24 08:35:10;INFO]Valid | Loss : 1.100538 | ACC : 1736/2813 (61.713%)
[2025-02-24 08:35:10;INFO]      | Loss didn't drop!

[2025-02-24 08:35:10;INFO]best epoch: 82, best loss: 0.691499
[2025-02-24 08:35:10;INFO]----------------------------------------------------------------------------------------------------

[2025-02-24 08:35:10;INFO]Current Epoch: 87 / 500 | Learning Rate : 0.0006545084971876732
[2025-02-24 08:35:40;INFO]Train | Loss : 0.735803 | ACC : 5650/6562 (86.102%)
[2025-02-24 08:35:44;INFO]Valid | Loss : 2.182719 | ACC : 1133/2813 (40.277%)
[2025-02-24 08:35:44;INFO]      | Loss didn't drop!

[2025-02-24 08:35:44;INFO]best epoch: 82, best loss: 0.691499
[2025-02-24 08:35:44;INFO]----------------------------------------------------------------------------------------------------

[2025-02-24 08:35:44;INFO]Current Epoch: 88 / 500 | Learning Rate : 0.0009045084971880015
[2025-02-24 08:36:14;INFO]Train | Loss : 0.808818 | ACC : 5482/6562 (83.542%)
[2025-02-24 08:36:19;INFO]Valid | Loss : 0.752079 | ACC : 2308/2813 (82.048%)
[2025-02-24 08:36:19;INFO]      | Loss didn't drop!

[2025-02-24 08:36:19;INFO]best epoch: 82, best loss: 0.691499
[2025-02-24 08:36:19;INFO]----------------------------------------------------------------------------------------------------

[2025-02-24 08:36:19;INFO]Current Epoch: 89 / 500 | Learning Rate : 9.549150281262297e-05
[2025-02-24 08:36:49;INFO]Train | Loss : 0.757573 | ACC : 5563/6562 (84.776%)
[2025-02-24 08:36:53;INFO]Valid | Loss : 0.821324 | ACC : 2067/2813 (73.480%)
[2025-02-24 08:36:53;INFO]      | Loss didn't drop!

[2025-02-24 08:36:53;INFO]best epoch: 82, best loss: 0.691499
[2025-02-24 08:36:53;INFO]----------------------------------------------------------------------------------------------------

[2025-02-24 08:36:53;INFO]Current Epoch: 90 / 500 | Learning Rate : 0.00034549150281248595
[2025-02-24 08:37:23;INFO]Train | Loss : 0.762552 | ACC : 5550/6562 (84.578%)
[2025-02-24 08:37:27;INFO]Valid | Loss : 2.277515 | ACC : 797/2813 (28.333%)
[2025-02-24 08:37:27;INFO]      | Loss didn't drop!

[2025-02-24 08:37:27;INFO]best epoch: 82, best loss: 0.691499
[2025-02-24 08:37:27;INFO]----------------------------------------------------------------------------------------------------

[2025-02-24 08:37:27;INFO]Current Epoch: 91 / 500 | Learning Rate : 0.0010000000000002164
[2025-02-24 08:37:57;INFO]Train | Loss : 0.773696 | ACC : 5547/6562 (84.532%)
[2025-02-24 08:38:02;INFO]Valid | Loss : 1.211479 | ACC : 1557/2813 (55.350%)
[2025-02-24 08:38:02;INFO]      | Loss didn't drop!

[2025-02-24 08:38:02;INFO]best epoch: 82, best loss: 0.691499
[2025-02-24 08:38:02;INFO]----------------------------------------------------------------------------------------------------

[2025-02-24 08:38:02;INFO]Current Epoch: 92 / 500 | Learning Rate : 0.00034549150281275055
[2025-02-24 08:38:32;INFO]Train | Loss : 0.711108 | ACC : 5645/6562 (86.026%)
[2025-02-24 08:38:36;INFO]Valid | Loss : 0.607939 | ACC : 2470/2813 (87.807%)
[2025-02-24 08:38:36;INFO]      | Loss dropped from 0.691499 to 0.607939, model has been saved!

[2025-02-24 08:38:36;INFO]best epoch: 92, best loss: 0.607939
[2025-02-24 08:38:36;INFO]----------------------------------------------------------------------------------------------------

[2025-02-24 08:38:36;INFO]Current Epoch: 93 / 500 | Learning Rate : 9.549150281249147e-05
[2025-02-24 08:39:06;INFO]Train | Loss : 0.703671 | ACC : 5625/6562 (85.721%)
[2025-02-24 08:39:10;INFO]Valid | Loss : 1.196646 | ACC : 1761/2813 (62.602%)
[2025-02-24 08:39:10;INFO]      | Loss didn't drop!

[2025-02-24 08:39:10;INFO]best epoch: 92, best loss: 0.607939
[2025-02-24 08:39:10;INFO]----------------------------------------------------------------------------------------------------

[2025-02-24 08:39:10;INFO]Current Epoch: 94 / 500 | Learning Rate : 0.0009045084971886659
[2025-02-24 08:39:40;INFO]Train | Loss : 0.898556 | ACC : 5400/6562 (82.292%)
[2025-02-24 08:39:44;INFO]Valid | Loss : 0.810295 | ACC : 2289/2813 (81.372%)
[2025-02-24 08:39:44;INFO]      | Loss didn't drop!

[2025-02-24 08:39:44;INFO]best epoch: 92, best loss: 0.607939
[2025-02-24 08:39:44;INFO]----------------------------------------------------------------------------------------------------

[2025-02-24 08:39:44;INFO]Current Epoch: 95 / 500 | Learning Rate : 0.0006545084971875931
[2025-02-24 08:40:14;INFO]Train | Loss : 0.792727 | ACC : 5476/6562 (83.450%)
[2025-02-24 08:40:18;INFO]Valid | Loss : 0.623132 | ACC : 2434/2813 (86.527%)
[2025-02-24 08:40:18;INFO]      | Loss didn't drop!

[2025-02-24 08:40:18;INFO]best epoch: 92, best loss: 0.607939
[2025-02-24 08:40:18;INFO]----------------------------------------------------------------------------------------------------

[2025-02-24 08:40:18;INFO]Current Epoch: 96 / 500 | Learning Rate : 0.0
[2025-02-24 08:40:48;INFO]Train | Loss : 0.716708 | ACC : 5596/6562 (85.279%)
[2025-02-24 08:40:53;INFO]Valid | Loss : 1.657057 | ACC : 1335/2813 (47.458%)
[2025-02-24 08:40:53;INFO]      | Loss didn't drop!

[2025-02-24 08:40:53;INFO]best epoch: 92, best loss: 0.607939
[2025-02-24 08:40:53;INFO]----------------------------------------------------------------------------------------------------

[2025-02-24 08:40:53;INFO]Current Epoch: 97 / 500 | Learning Rate : 0.0006545084971880848
[2025-02-24 08:41:23;INFO]Train | Loss : 0.807551 | ACC : 5455/6562 (83.130%)
[2025-02-24 08:41:27;INFO]Valid | Loss : 1.335405 | ACC : 1623/2813 (57.696%)
[2025-02-24 08:41:27;INFO]      | Loss didn't drop!

[2025-02-24 08:41:27;INFO]best epoch: 92, best loss: 0.607939
[2025-02-24 08:41:27;INFO]----------------------------------------------------------------------------------------------------

[2025-02-24 08:41:27;INFO]Current Epoch: 98 / 500 | Learning Rate : 0.00090450849718729
[2025-02-24 08:41:57;INFO]Train | Loss : 0.743752 | ACC : 5543/6562 (84.471%)
[2025-02-24 08:42:01;INFO]Valid | Loss : 0.759271 | ACC : 2167/2813 (77.035%)
[2025-02-24 08:42:01;INFO]      | Loss didn't drop!

[2025-02-24 08:42:01;INFO]best epoch: 92, best loss: 0.607939
[2025-02-24 08:42:01;INFO]----------------------------------------------------------------------------------------------------

[2025-02-24 08:42:01;INFO]Current Epoch: 99 / 500 | Learning Rate : 9.549150281256441e-05
[2025-02-24 08:42:31;INFO]Train | Loss : 0.688398 | ACC : 5638/6562 (85.919%)
[2025-02-24 08:42:35;INFO]Valid | Loss : 0.571414 | ACC : 2450/2813 (87.096%)
[2025-02-24 08:42:35;INFO]      | Loss dropped from 0.607939 to 0.571414, model has been saved!

[2025-02-24 08:42:35;INFO]best epoch: 99, best loss: 0.571414
[2025-02-24 08:42:35;INFO]----------------------------------------------------------------------------------------------------

[2025-02-24 08:42:35;INFO]Current Epoch: 100 / 500 | Learning Rate : 0.00034549150281274843
[2025-02-24 08:43:05;INFO]Train | Loss : 0.639864 | ACC : 5704/6562 (86.925%)
[2025-02-24 08:43:09;INFO]Valid | Loss : 1.509789 | ACC : 1670/2813 (59.367%)
[2025-02-24 08:43:09;INFO]      | Loss didn't drop!

[2025-02-24 08:43:09;INFO]best epoch: 99, best loss: 0.571414
[2025-02-24 08:43:09;INFO]----------------------------------------------------------------------------------------------------

[2025-02-24 08:43:09;INFO]Current Epoch: 101 / 500 | Learning Rate : 0.0010000000000008834
[2025-02-24 08:43:39;INFO]Train | Loss : 0.799965 | ACC : 5416/6562 (82.536%)
[2025-02-24 08:43:43;INFO]Valid | Loss : 1.250100 | ACC : 1632/2813 (58.016%)
[2025-02-24 08:43:43;INFO]      | Loss didn't drop!

[2025-02-24 08:43:43;INFO]best epoch: 99, best loss: 0.571414
[2025-02-24 08:43:43;INFO]----------------------------------------------------------------------------------------------------

[2025-02-24 08:43:43;INFO]Current Epoch: 102 / 500 | Learning Rate : 0.0003454915028129527
[2025-02-24 08:44:13;INFO]Train | Loss : 0.724025 | ACC : 5581/6562 (85.050%)
[2025-02-24 08:44:18;INFO]Valid | Loss : 0.542882 | ACC : 2460/2813 (87.451%)
[2025-02-24 08:44:18;INFO]      | Loss dropped from 0.571414 to 0.542882, model has been saved!

[2025-02-24 08:44:18;INFO]best epoch: 102, best loss: 0.542882
[2025-02-24 08:44:18;INFO]----------------------------------------------------------------------------------------------------

[2025-02-24 08:44:18;INFO]Current Epoch: 103 / 500 | Learning Rate : 9.549150281253965e-05
[2025-02-24 08:44:48;INFO]Train | Loss : 0.695181 | ACC : 5571/6562 (84.898%)
[2025-02-24 08:44:52;INFO]Valid | Loss : 1.883255 | ACC : 1189/2813 (42.268%)
[2025-02-24 08:44:52;INFO]      | Loss didn't drop!

[2025-02-24 08:44:52;INFO]best epoch: 102, best loss: 0.542882
[2025-02-24 08:44:52;INFO]----------------------------------------------------------------------------------------------------

[2025-02-24 08:44:52;INFO]Current Epoch: 104 / 500 | Learning Rate : 0.0009045084971892954
[2025-02-24 08:45:22;INFO]Train | Loss : 0.809981 | ACC : 5385/6562 (82.063%)
[2025-02-24 08:45:26;INFO]Valid | Loss : 3.108480 | ACC : 500/2813 (17.775%)
[2025-02-24 08:45:26;INFO]      | Loss didn't drop!

[2025-02-24 08:45:26;INFO]best epoch: 102, best loss: 0.542882
[2025-02-24 08:45:26;INFO]----------------------------------------------------------------------------------------------------

[2025-02-24 08:45:26;INFO]Current Epoch: 105 / 500 | Learning Rate : 0.0006545084971870626
[2025-02-24 08:45:56;INFO]Train | Loss : 0.678485 | ACC : 5647/6562 (86.056%)
[2025-02-24 08:46:00;INFO]Valid | Loss : 0.549061 | ACC : 2471/2813 (87.842%)
[2025-02-24 08:46:00;INFO]      | Loss didn't drop!

[2025-02-24 08:46:00;INFO]best epoch: 102, best loss: 0.542882
[2025-02-24 08:46:00;INFO]----------------------------------------------------------------------------------------------------

[2025-02-24 08:46:00;INFO]Current Epoch: 106 / 500 | Learning Rate : 0.0
[2025-02-24 08:46:30;INFO]Train | Loss : 0.689702 | ACC : 5541/6562 (84.441%)
[2025-02-24 08:46:34;INFO]Valid | Loss : 1.021961 | ACC : 1826/2813 (64.913%)
[2025-02-24 08:46:34;INFO]      | Loss didn't drop!

[2025-02-24 08:46:34;INFO]best epoch: 102, best loss: 0.542882
[2025-02-24 08:46:34;INFO]----------------------------------------------------------------------------------------------------

[2025-02-24 08:46:34;INFO]Current Epoch: 107 / 500 | Learning Rate : 0.0006545084971875581
[2025-02-24 08:47:04;INFO]Train | Loss : 0.653061 | ACC : 5685/6562 (86.635%)
[2025-02-24 08:47:09;INFO]Valid | Loss : 3.247135 | ACC : 620/2813 (22.041%)
[2025-02-24 08:47:09;INFO]      | Loss didn't drop!

[2025-02-24 08:47:09;INFO]best epoch: 102, best loss: 0.542882
[2025-02-24 08:47:09;INFO]----------------------------------------------------------------------------------------------------

[2025-02-24 08:47:09;INFO]Current Epoch: 108 / 500 | Learning Rate : 0.0009045084971878756
[2025-02-24 08:47:39;INFO]Train | Loss : 0.810248 | ACC : 5445/6562 (82.978%)
[2025-02-24 08:47:43;INFO]Valid | Loss : 0.730750 | ACC : 2285/2813 (81.230%)
[2025-02-24 08:47:43;INFO]      | Loss didn't drop!

[2025-02-24 08:47:43;INFO]best epoch: 102, best loss: 0.542882
[2025-02-24 08:47:43;INFO]----------------------------------------------------------------------------------------------------

[2025-02-24 08:47:43;INFO]Current Epoch: 109 / 500 | Learning Rate : 9.549150281247256e-05
[2025-02-24 08:48:13;INFO]Train | Loss : 0.653943 | ACC : 5639/6562 (85.934%)
[2025-02-24 08:48:17;INFO]Valid | Loss : 2.908617 | ACC : 931/2813 (33.096%)
[2025-02-24 08:48:17;INFO]      | Loss didn't drop!

[2025-02-24 08:48:17;INFO]best epoch: 102, best loss: 0.542882
[2025-02-24 08:48:17;INFO]----------------------------------------------------------------------------------------------------

[2025-02-24 08:48:17;INFO]Current Epoch: 110 / 500 | Learning Rate : 0.00034549150281295394
[2025-02-24 08:48:47;INFO]Train | Loss : 0.797358 | ACC : 5386/6562 (82.079%)
[2025-02-24 08:48:51;INFO]Valid | Loss : 0.779406 | ACC : 2112/2813 (75.080%)
[2025-02-24 08:48:51;INFO]      | Loss didn't drop!

[2025-02-24 08:48:51;INFO]best epoch: 102, best loss: 0.542882
[2025-02-24 08:48:51;INFO]----------------------------------------------------------------------------------------------------

[2025-02-24 08:48:51;INFO]Current Epoch: 111 / 500 | Learning Rate : 0.0010000000000001082
[2025-02-24 08:49:21;INFO]Train | Loss : 0.638142 | ACC : 5668/6562 (86.376%)
[2025-02-24 08:49:25;INFO]Valid | Loss : 1.807521 | ACC : 1461/2813 (51.937%)
[2025-02-24 08:49:25;INFO]      | Loss didn't drop!

[2025-02-24 08:49:25;INFO]best epoch: 102, best loss: 0.542882
[2025-02-24 08:49:25;INFO]----------------------------------------------------------------------------------------------------

[2025-02-24 08:49:25;INFO]Current Epoch: 112 / 500 | Learning Rate : 0.00034549150281265855
[2025-02-24 08:49:55;INFO]Train | Loss : 0.848474 | ACC : 5257/6562 (80.113%)
[2025-02-24 08:49:59;INFO]Valid | Loss : 0.682110 | ACC : 2317/2813 (82.368%)
[2025-02-24 08:49:59;INFO]      | Loss didn't drop!

[2025-02-24 08:49:59;INFO]best epoch: 102, best loss: 0.542882
[2025-02-24 08:49:59;INFO]----------------------------------------------------------------------------------------------------

[2025-02-24 08:49:59;INFO]Current Epoch: 113 / 500 | Learning Rate : 9.549150281244999e-05
[2025-02-24 08:50:29;INFO]Train | Loss : 0.569683 | ACC : 5802/6562 (88.418%)
[2025-02-24 08:50:33;INFO]Valid | Loss : 2.770252 | ACC : 1123/2813 (39.922%)
[2025-02-24 08:50:33;INFO]      | Loss didn't drop!

[2025-02-24 08:50:33;INFO]best epoch: 102, best loss: 0.542882
[2025-02-24 08:50:33;INFO]----------------------------------------------------------------------------------------------------

[2025-02-24 08:50:33;INFO]Current Epoch: 114 / 500 | Learning Rate : 0.0009045084971885446
[2025-02-24 08:51:03;INFO]Train | Loss : 0.780284 | ACC : 5344/6562 (81.439%)
[2025-02-24 08:51:08;INFO]Valid | Loss : 1.238524 | ACC : 1628/2813 (57.874%)
[2025-02-24 08:51:08;INFO]      | Loss didn't drop!

[2025-02-24 08:51:08;INFO]best epoch: 102, best loss: 0.542882
[2025-02-24 08:51:08;INFO]----------------------------------------------------------------------------------------------------

[2025-02-24 08:51:08;INFO]Current Epoch: 115 / 500 | Learning Rate : 0.0006545084971874712
[2025-02-24 08:51:38;INFO]Train | Loss : 0.720649 | ACC : 5525/6562 (84.197%)
[2025-02-24 08:51:42;INFO]Valid | Loss : 0.508809 | ACC : 2503/2813 (88.980%)
[2025-02-24 08:51:42;INFO]      | Loss dropped from 0.542882 to 0.508809, model has been saved!

[2025-02-24 08:51:42;INFO]best epoch: 115, best loss: 0.508809
[2025-02-24 08:51:42;INFO]----------------------------------------------------------------------------------------------------

[2025-02-24 08:51:42;INFO]Current Epoch: 116 / 500 | Learning Rate : 0.0
[2025-02-24 08:52:12;INFO]Train | Loss : 0.592841 | ACC : 5701/6562 (86.879%)
[2025-02-24 08:52:16;INFO]Valid | Loss : 1.072025 | ACC : 1968/2813 (69.961%)
[2025-02-24 08:52:16;INFO]      | Loss didn't drop!

[2025-02-24 08:52:16;INFO]best epoch: 115, best loss: 0.508809
[2025-02-24 08:52:16;INFO]----------------------------------------------------------------------------------------------------

[2025-02-24 08:52:16;INFO]Current Epoch: 117 / 500 | Learning Rate : 0.0006545084971870791
[2025-02-24 08:52:46;INFO]Train | Loss : 0.687404 | ACC : 5607/6562 (85.447%)
[2025-02-24 08:52:50;INFO]Valid | Loss : 2.881381 | ACC : 697/2813 (24.778%)
[2025-02-24 08:52:50;INFO]      | Loss didn't drop!

[2025-02-24 08:52:50;INFO]best epoch: 115, best loss: 0.508809
[2025-02-24 08:52:50;INFO]----------------------------------------------------------------------------------------------------

[2025-02-24 08:52:50;INFO]Current Epoch: 118 / 500 | Learning Rate : 0.0009045084971885369
[2025-02-24 08:53:20;INFO]Train | Loss : 0.862708 | ACC : 5252/6562 (80.037%)
[2025-02-24 08:53:24;INFO]Valid | Loss : 0.750624 | ACC : 2160/2813 (76.786%)
[2025-02-24 08:53:24;INFO]      | Loss didn't drop!

[2025-02-24 08:53:24;INFO]best epoch: 115, best loss: 0.508809
[2025-02-24 08:53:24;INFO]----------------------------------------------------------------------------------------------------

[2025-02-24 08:53:24;INFO]Current Epoch: 119 / 500 | Learning Rate : 9.549150281265708e-05
[2025-02-24 08:53:54;INFO]Train | Loss : 0.617286 | ACC : 5703/6562 (86.909%)
[2025-02-24 08:53:58;INFO]Valid | Loss : 0.988174 | ACC : 1792/2813 (63.704%)
[2025-02-24 08:53:58;INFO]      | Loss didn't drop!

[2025-02-24 08:53:58;INFO]best epoch: 115, best loss: 0.508809
[2025-02-24 08:53:58;INFO]----------------------------------------------------------------------------------------------------

[2025-02-24 08:53:58;INFO]Current Epoch: 120 / 500 | Learning Rate : 0.0003454915028126639
[2025-02-24 08:54:28;INFO]Train | Loss : 0.755513 | ACC : 5366/6562 (81.774%)
[2025-02-24 08:54:33;INFO]Valid | Loss : 1.964071 | ACC : 1455/2813 (51.724%)
[2025-02-24 08:54:33;INFO]      | Loss didn't drop!

[2025-02-24 08:54:33;INFO]best epoch: 115, best loss: 0.508809
[2025-02-24 08:54:33;INFO]----------------------------------------------------------------------------------------------------

[2025-02-24 08:54:33;INFO]Current Epoch: 121 / 500 | Learning Rate : 0.0009999999999993417
[2025-02-24 08:55:03;INFO]Train | Loss : 0.612306 | ACC : 5634/6562 (85.858%)
[2025-02-24 08:55:07;INFO]Valid | Loss : 1.496819 | ACC : 1610/2813 (57.234%)
[2025-02-24 08:55:07;INFO]      | Loss didn't drop!

[2025-02-24 08:55:07;INFO]best epoch: 115, best loss: 0.508809
[2025-02-24 08:55:07;INFO]----------------------------------------------------------------------------------------------------

[2025-02-24 08:55:07;INFO]Current Epoch: 122 / 500 | Learning Rate : 0.00034549150281236153
[2025-02-24 08:55:37;INFO]Train | Loss : 0.599832 | ACC : 5709/6562 (87.001%)
[2025-02-24 08:55:41;INFO]Valid | Loss : 0.578792 | ACC : 2378/2813 (84.536%)
[2025-02-24 08:55:41;INFO]      | Loss didn't drop!

[2025-02-24 08:55:41;INFO]best epoch: 115, best loss: 0.508809
[2025-02-24 08:55:41;INFO]----------------------------------------------------------------------------------------------------

[2025-02-24 08:55:41;INFO]Current Epoch: 123 / 500 | Learning Rate : 9.549150281253245e-05
[2025-02-24 08:56:11;INFO]Train | Loss : 0.583697 | ACC : 5664/6562 (86.315%)
[2025-02-24 08:56:15;INFO]Valid | Loss : 3.039501 | ACC : 916/2813 (32.563%)
[2025-02-24 08:56:15;INFO]      | Loss didn't drop!

[2025-02-24 08:56:15;INFO]best epoch: 115, best loss: 0.508809
[2025-02-24 08:56:15;INFO]----------------------------------------------------------------------------------------------------

[2025-02-24 08:56:15;INFO]Current Epoch: 124 / 500 | Learning Rate : 0.0009045084971878609
[2025-02-24 08:56:45;INFO]Train | Loss : 0.731994 | ACC : 5517/6562 (84.075%)
[2025-02-24 08:56:49;INFO]Valid | Loss : 1.972847 | ACC : 1220/2813 (43.370%)
[2025-02-24 08:56:49;INFO]      | Loss didn't drop!

[2025-02-24 08:56:49;INFO]best epoch: 115, best loss: 0.508809
[2025-02-24 08:56:49;INFO]----------------------------------------------------------------------------------------------------

[2025-02-24 08:56:49;INFO]Current Epoch: 125 / 500 | Learning Rate : 0.0006545084971879924
[2025-02-24 08:57:19;INFO]Train | Loss : 0.619940 | ACC : 5674/6562 (86.468%)
[2025-02-24 08:57:24;INFO]Valid | Loss : 0.518498 | ACC : 2509/2813 (89.193%)
[2025-02-24 08:57:24;INFO]      | Loss didn't drop!

[2025-02-24 08:57:24;INFO]best epoch: 115, best loss: 0.508809
[2025-02-24 08:57:24;INFO]----------------------------------------------------------------------------------------------------

[2025-02-24 08:57:24;INFO]Current Epoch: 126 / 500 | Learning Rate : 0.0
[2025-02-24 08:57:54;INFO]Train | Loss : 0.546598 | ACC : 5834/6562 (88.906%)
[2025-02-24 08:57:58;INFO]Valid | Loss : 1.801880 | ACC : 1426/2813 (50.693%)
[2025-02-24 08:57:58;INFO]      | Loss didn't drop!

[2025-02-24 08:57:58;INFO]best epoch: 115, best loss: 0.508809
[2025-02-24 08:57:58;INFO]----------------------------------------------------------------------------------------------------

[2025-02-24 08:57:58;INFO]Current Epoch: 127 / 500 | Learning Rate : 0.000654508497188441
[2025-02-24 08:58:28;INFO]Train | Loss : 0.689180 | ACC : 5526/6562 (84.212%)
[2025-02-24 08:58:32;INFO]Valid | Loss : 1.948240 | ACC : 1404/2813 (49.911%)
[2025-02-24 08:58:32;INFO]      | Loss didn't drop!

[2025-02-24 08:58:32;INFO]best epoch: 115, best loss: 0.508809
[2025-02-24 08:58:32;INFO]----------------------------------------------------------------------------------------------------

[2025-02-24 08:58:32;INFO]Current Epoch: 128 / 500 | Learning Rate : 0.0009045084971865457
[2025-02-24 08:59:02;INFO]Train | Loss : 0.514551 | ACC : 5844/6562 (89.058%)
[2025-02-24 08:59:06;INFO]Valid | Loss : 0.514514 | ACC : 2459/2813 (87.416%)
[2025-02-24 08:59:06;INFO]      | Loss didn't drop!

[2025-02-24 08:59:06;INFO]best epoch: 115, best loss: 0.508809
[2025-02-24 08:59:06;INFO]----------------------------------------------------------------------------------------------------

[2025-02-24 08:59:06;INFO]Current Epoch: 129 / 500 | Learning Rate : 9.54915028127372e-05
[2025-02-24 08:59:36;INFO]Train | Loss : 0.600958 | ACC : 5624/6562 (85.706%)
[2025-02-24 08:59:40;INFO]Valid | Loss : 0.586029 | ACC : 2407/2813 (85.567%)
[2025-02-24 08:59:40;INFO]      | Loss didn't drop!

[2025-02-24 08:59:40;INFO]best epoch: 115, best loss: 0.508809
[2025-02-24 08:59:40;INFO]----------------------------------------------------------------------------------------------------

[2025-02-24 08:59:40;INFO]Current Epoch: 130 / 500 | Learning Rate : 0.00034549150281247895
[2025-02-24 09:00:10;INFO]Train | Loss : 0.664114 | ACC : 5581/6562 (85.050%)
[2025-02-24 09:00:14;INFO]Valid | Loss : 2.666046 | ACC : 1102/2813 (39.175%)
[2025-02-24 09:00:14;INFO]      | Loss didn't drop!

[2025-02-24 09:00:14;INFO]best epoch: 115, best loss: 0.508809
[2025-02-24 09:00:14;INFO]----------------------------------------------------------------------------------------------------

[2025-02-24 09:00:14;INFO]Current Epoch: 131 / 500 | Learning Rate : 0.001000000000000009
[2025-02-24 09:00:44;INFO]Train | Loss : 0.558144 | ACC : 5775/6562 (88.007%)
[2025-02-24 09:00:49;INFO]Valid | Loss : 0.826126 | ACC : 1947/2813 (69.214%)
[2025-02-24 09:00:49;INFO]      | Loss didn't drop!

[2025-02-24 09:00:49;INFO]best epoch: 115, best loss: 0.508809
[2025-02-24 09:00:49;INFO]----------------------------------------------------------------------------------------------------

[2025-02-24 09:00:49;INFO]Current Epoch: 132 / 500 | Learning Rate : 0.0003454915028126745
[2025-02-24 09:01:18;INFO]Train | Loss : 0.629344 | ACC : 5614/6562 (85.553%)
[2025-02-24 09:01:23;INFO]Valid | Loss : 0.634021 | ACC : 2243/2813 (79.737%)
[2025-02-24 09:01:23;INFO]      | Loss didn't drop!

[2025-02-24 09:01:23;INFO]best epoch: 115, best loss: 0.508809
[2025-02-24 09:01:23;INFO]----------------------------------------------------------------------------------------------------

[2025-02-24 09:01:23;INFO]Current Epoch: 133 / 500 | Learning Rate : 9.54915028126149e-05
[2025-02-24 09:01:53;INFO]Train | Loss : 0.631710 | ACC : 5503/6562 (83.862%)
[2025-02-24 09:01:57;INFO]Valid | Loss : 1.468963 | ACC : 1526/2813 (54.248%)
[2025-02-24 09:01:57;INFO]      | Loss didn't drop!

[2025-02-24 09:01:57;INFO]best epoch: 115, best loss: 0.508809
[2025-02-24 09:01:57;INFO]----------------------------------------------------------------------------------------------------

[2025-02-24 09:01:57;INFO]Current Epoch: 134 / 500 | Learning Rate : 0.0009045084971884573
[2025-02-24 09:02:27;INFO]Train | Loss : 0.585835 | ACC : 5752/6562 (87.656%)
[2025-02-24 09:02:31;INFO]Valid | Loss : 3.162736 | ACC : 960/2813 (34.127%)
[2025-02-24 09:02:31;INFO]      | Loss didn't drop!

[2025-02-24 09:02:31;INFO]best epoch: 115, best loss: 0.508809
[2025-02-24 09:02:31;INFO]----------------------------------------------------------------------------------------------------

[2025-02-24 09:02:31;INFO]Current Epoch: 135 / 500 | Learning Rate : 0.0006545084971884543
[2025-02-24 09:03:01;INFO]Train | Loss : 0.673362 | ACC : 5556/6562 (84.669%)
[2025-02-24 09:03:05;INFO]Valid | Loss : 0.522142 | ACC : 2339/2813 (83.150%)
[2025-02-24 09:03:05;INFO]      | Loss didn't drop!

[2025-02-24 09:03:05;INFO]best epoch: 115, best loss: 0.508809
[2025-02-24 09:03:05;INFO]----------------------------------------------------------------------------------------------------

[2025-02-24 09:03:05;INFO]Current Epoch: 136 / 500 | Learning Rate : 0.0
[2025-02-24 09:03:35;INFO]Train | Loss : 0.498015 | ACC : 5862/6562 (89.333%)
[2025-02-24 09:03:39;INFO]Valid | Loss : 0.866318 | ACC : 2044/2813 (72.663%)
[2025-02-24 09:03:39;INFO]      | Loss didn't drop!

[2025-02-24 09:03:39;INFO]best epoch: 115, best loss: 0.508809
[2025-02-24 09:03:39;INFO]----------------------------------------------------------------------------------------------------

[2025-02-24 09:03:39;INFO]Current Epoch: 137 / 500 | Learning Rate : 0.0006545084971889606
[2025-02-24 09:04:09;INFO]Train | Loss : 0.589264 | ACC : 5636/6562 (85.888%)
[2025-02-24 09:04:13;INFO]Valid | Loss : 2.211468 | ACC : 1183/2813 (42.055%)
[2025-02-24 09:04:13;INFO]      | Loss didn't drop!

[2025-02-24 09:04:13;INFO]best epoch: 115, best loss: 0.508809
[2025-02-24 09:04:13;INFO]----------------------------------------------------------------------------------------------------

[2025-02-24 09:04:13;INFO]Current Epoch: 138 / 500 | Learning Rate : 0.0009045084971870975
[2025-02-24 09:04:43;INFO]Train | Loss : 0.609445 | ACC : 5640/6562 (85.949%)
[2025-02-24 09:04:47;INFO]Valid | Loss : 0.924849 | ACC : 1906/2813 (67.757%)
[2025-02-24 09:04:47;INFO]      | Loss didn't drop!

[2025-02-24 09:04:47;INFO]best epoch: 115, best loss: 0.508809
[2025-02-24 09:04:47;INFO]----------------------------------------------------------------------------------------------------

[2025-02-24 09:04:47;INFO]Current Epoch: 139 / 500 | Learning Rate : 9.54915028125409e-05
[2025-02-24 09:05:17;INFO]Train | Loss : 0.484716 | ACC : 5925/6562 (90.293%)
[2025-02-24 09:05:21;INFO]Valid | Loss : 0.419397 | ACC : 2548/2813 (90.579%)
[2025-02-24 09:05:21;INFO]      | Loss dropped from 0.508809 to 0.419397, model has been saved!

[2025-02-24 09:05:21;INFO]best epoch: 139, best loss: 0.419397
[2025-02-24 09:05:21;INFO]----------------------------------------------------------------------------------------------------

[2025-02-24 09:05:21;INFO]Current Epoch: 140 / 500 | Learning Rate : 0.00034549150281268744
[2025-02-24 09:05:51;INFO]Train | Loss : 0.461277 | ACC : 5934/6562 (90.430%)
[2025-02-24 09:05:56;INFO]Valid | Loss : 1.422550 | ACC : 1431/2813 (50.871%)
[2025-02-24 09:05:56;INFO]      | Loss didn't drop!

[2025-02-24 09:05:56;INFO]best epoch: 139, best loss: 0.419397
[2025-02-24 09:05:56;INFO]----------------------------------------------------------------------------------------------------

[2025-02-24 09:05:56;INFO]Current Epoch: 141 / 500 | Learning Rate : 0.0010000000000006855
[2025-02-24 09:06:26;INFO]Train | Loss : 0.555662 | ACC : 5764/6562 (87.839%)
[2025-02-24 09:06:30;INFO]Valid | Loss : 2.271267 | ACC : 1079/2813 (38.358%)
[2025-02-24 09:06:30;INFO]      | Loss didn't drop!

[2025-02-24 09:06:30;INFO]best epoch: 139, best loss: 0.419397
[2025-02-24 09:06:30;INFO]----------------------------------------------------------------------------------------------------

[2025-02-24 09:06:30;INFO]Current Epoch: 142 / 500 | Learning Rate : 0.00034549150281293025
[2025-02-24 09:07:00;INFO]Train | Loss : 0.517199 | ACC : 5889/6562 (89.744%)
[2025-02-24 09:07:04;INFO]Valid | Loss : 0.369769 | ACC : 2659/2813 (94.525%)
[2025-02-24 09:07:04;INFO]      | Loss dropped from 0.419397 to 0.369769, model has been saved!

[2025-02-24 09:07:04;INFO]best epoch: 142, best loss: 0.369769
[2025-02-24 09:07:04;INFO]----------------------------------------------------------------------------------------------------

[2025-02-24 09:07:04;INFO]Current Epoch: 143 / 500 | Learning Rate : 9.54915028126631e-05
[2025-02-24 09:07:34;INFO]Train | Loss : 0.488951 | ACC : 5853/6562 (89.195%)
[2025-02-24 09:07:38;INFO]Valid | Loss : 1.795380 | ACC : 1518/2813 (53.964%)
[2025-02-24 09:07:38;INFO]      | Loss didn't drop!

[2025-02-24 09:07:38;INFO]best epoch: 142, best loss: 0.369769
[2025-02-24 09:07:38;INFO]----------------------------------------------------------------------------------------------------

[2025-02-24 09:07:38;INFO]Current Epoch: 144 / 500 | Learning Rate : 0.0009045084971865021
[2025-02-24 09:08:08;INFO]Train | Loss : 0.557608 | ACC : 5690/6562 (86.711%)
[2025-02-24 09:08:12;INFO]Valid | Loss : 2.337006 | ACC : 1043/2813 (37.078%)
[2025-02-24 09:08:12;INFO]      | Loss didn't drop!

[2025-02-24 09:08:12;INFO]best epoch: 142, best loss: 0.369769
[2025-02-24 09:08:12;INFO]----------------------------------------------------------------------------------------------------

[2025-02-24 09:08:12;INFO]Current Epoch: 145 / 500 | Learning Rate : 0.0006545084971869252
[2025-02-24 09:08:42;INFO]Train | Loss : 0.486440 | ACC : 5863/6562 (89.348%)
[2025-02-24 09:08:46;INFO]Valid | Loss : 0.351560 | ACC : 2552/2813 (90.722%)
[2025-02-24 09:08:46;INFO]      | Loss dropped from 0.369769 to 0.351560, model has been saved!

[2025-02-24 09:08:46;INFO]best epoch: 145, best loss: 0.351560
[2025-02-24 09:08:46;INFO]----------------------------------------------------------------------------------------------------

[2025-02-24 09:08:46;INFO]Current Epoch: 146 / 500 | Learning Rate : 0.0
[2025-02-24 09:09:16;INFO]Train | Loss : 0.549956 | ACC : 5697/6562 (86.818%)
[2025-02-24 09:09:20;INFO]Valid | Loss : 0.989488 | ACC : 1817/2813 (64.593%)
[2025-02-24 09:09:20;INFO]      | Loss didn't drop!

[2025-02-24 09:09:20;INFO]best epoch: 145, best loss: 0.351560
[2025-02-24 09:09:20;INFO]----------------------------------------------------------------------------------------------------

[2025-02-24 09:09:20;INFO]Current Epoch: 147 / 500 | Learning Rate : 0.0006545084971873817
[2025-02-24 09:09:50;INFO]Train | Loss : 0.644744 | ACC : 5566/6562 (84.822%)
[2025-02-24 09:09:55;INFO]Valid | Loss : 0.899514 | ACC : 2061/2813 (73.267%)
[2025-02-24 09:09:55;INFO]      | Loss didn't drop!

[2025-02-24 09:09:55;INFO]best epoch: 145, best loss: 0.351560
[2025-02-24 09:09:55;INFO]----------------------------------------------------------------------------------------------------

[2025-02-24 09:09:55;INFO]Current Epoch: 148 / 500 | Learning Rate : 0.0009045084971877254
[2025-02-24 09:10:24;INFO]Train | Loss : 0.546000 | ACC : 5769/6562 (87.915%)
[2025-02-24 09:10:29;INFO]Valid | Loss : 0.482707 | ACC : 2443/2813 (86.847%)
[2025-02-24 09:10:29;INFO]      | Loss didn't drop!

[2025-02-24 09:10:29;INFO]best epoch: 145, best loss: 0.351560
[2025-02-24 09:10:29;INFO]----------------------------------------------------------------------------------------------------

[2025-02-24 09:10:29;INFO]Current Epoch: 149 / 500 | Learning Rate : 9.549150281262019e-05
[2025-02-24 09:10:58;INFO]Train | Loss : 0.525257 | ACC : 5772/6562 (87.961%)
[2025-02-24 09:11:03;INFO]Valid | Loss : 0.755065 | ACC : 2071/2813 (73.622%)
[2025-02-24 09:11:03;INFO]      | Loss didn't drop!

[2025-02-24 09:11:03;INFO]best epoch: 145, best loss: 0.351560
[2025-02-24 09:11:03;INFO]----------------------------------------------------------------------------------------------------

[2025-02-24 09:11:03;INFO]Current Epoch: 150 / 500 | Learning Rate : 0.00034549150281289274
[2025-02-24 09:11:32;INFO]Train | Loss : 0.494077 | ACC : 5875/6562 (89.531%)
[2025-02-24 09:11:37;INFO]Valid | Loss : 2.442724 | ACC : 1309/2813 (46.534%)
[2025-02-24 09:11:37;INFO]      | Loss didn't drop!

[2025-02-24 09:11:37;INFO]best epoch: 145, best loss: 0.351560
[2025-02-24 09:11:37;INFO]----------------------------------------------------------------------------------------------------

[2025-02-24 09:11:37;INFO]Current Epoch: 151 / 500 | Learning Rate : 0.001000000000001362
[2025-02-24 09:12:07;INFO]Train | Loss : 0.548061 | ACC : 5746/6562 (87.565%)
[2025-02-24 09:12:11;INFO]Valid | Loss : 1.482632 | ACC : 1405/2813 (49.947%)
[2025-02-24 09:12:11;INFO]      | Loss didn't drop!

[2025-02-24 09:12:11;INFO]best epoch: 145, best loss: 0.351560
[2025-02-24 09:12:11;INFO]----------------------------------------------------------------------------------------------------

[2025-02-24 09:12:11;INFO]Current Epoch: 152 / 500 | Learning Rate : 0.000345491502813081
[2025-02-24 09:12:41;INFO]Train | Loss : 0.509136 | ACC : 5820/6562 (88.692%)
[2025-02-24 09:12:45;INFO]Valid | Loss : 0.371748 | ACC : 2605/2813 (92.606%)
[2025-02-24 09:12:45;INFO]      | Loss didn't drop!

[2025-02-24 09:12:45;INFO]best epoch: 145, best loss: 0.351560
[2025-02-24 09:12:45;INFO]----------------------------------------------------------------------------------------------------

[2025-02-24 09:12:45;INFO]Current Epoch: 153 / 500 | Learning Rate : 9.549150281243571e-05
[2025-02-24 09:13:15;INFO]Train | Loss : 0.470255 | ACC : 5847/6562 (89.104%)
[2025-02-24 09:13:19;INFO]Valid | Loss : 2.596885 | ACC : 1160/2813 (41.237%)
[2025-02-24 09:13:19;INFO]      | Loss didn't drop!

[2025-02-24 09:13:19;INFO]best epoch: 145, best loss: 0.351560
[2025-02-24 09:13:19;INFO]----------------------------------------------------------------------------------------------------

[2025-02-24 09:13:19;INFO]Current Epoch: 154 / 500 | Learning Rate : 0.0009045084971896418
[2025-02-24 09:13:49;INFO]Train | Loss : 0.808377 | ACC : 5272/6562 (80.341%)
[2025-02-24 09:13:53;INFO]Valid | Loss : 1.179467 | ACC : 1613/2813 (57.341%)
[2025-02-24 09:13:53;INFO]      | Loss didn't drop!

[2025-02-24 09:13:53;INFO]best epoch: 145, best loss: 0.351560
[2025-02-24 09:13:53;INFO]----------------------------------------------------------------------------------------------------

[2025-02-24 09:13:53;INFO]Current Epoch: 155 / 500 | Learning Rate : 0.0006545084971873877
[2025-02-24 09:14:23;INFO]Train | Loss : 0.527390 | ACC : 5802/6562 (88.418%)
[2025-02-24 09:14:27;INFO]Valid | Loss : 0.395174 | ACC : 2580/2813 (91.717%)
[2025-02-24 09:14:27;INFO]      | Loss didn't drop!

[2025-02-24 09:14:27;INFO]best epoch: 145, best loss: 0.351560
[2025-02-24 09:14:27;INFO]----------------------------------------------------------------------------------------------------

[2025-02-24 09:14:27;INFO]Current Epoch: 156 / 500 | Learning Rate : 0.0
[2025-02-24 09:14:57;INFO]Train | Loss : 0.422747 | ACC : 6003/6562 (91.481%)
[2025-02-24 09:15:01;INFO]Valid | Loss : 0.813969 | ACC : 2143/2813 (76.182%)
[2025-02-24 09:15:01;INFO]      | Loss didn't drop!

[2025-02-24 09:15:01;INFO]best epoch: 145, best loss: 0.351560
[2025-02-24 09:15:01;INFO]----------------------------------------------------------------------------------------------------

[2025-02-24 09:15:01;INFO]Current Epoch: 157 / 500 | Learning Rate : 0.000654508497187901
[2025-02-24 09:15:31;INFO]Train | Loss : 0.459958 | ACC : 5872/6562 (89.485%)
[2025-02-24 09:15:36;INFO]Valid | Loss : 3.453224 | ACC : 756/2813 (26.875%)
[2025-02-24 09:15:36;INFO]      | Loss didn't drop!

[2025-02-24 09:15:36;INFO]best epoch: 145, best loss: 0.351560
[2025-02-24 09:15:36;INFO]----------------------------------------------------------------------------------------------------

[2025-02-24 09:15:36;INFO]Current Epoch: 158 / 500 | Learning Rate : 0.0009045084971882858
[2025-02-24 09:16:06;INFO]Train | Loss : 0.469593 | ACC : 5867/6562 (89.409%)
[2025-02-24 09:16:10;INFO]Valid | Loss : 0.327265 | ACC : 2656/2813 (94.419%)
[2025-02-24 09:16:10;INFO]      | Loss dropped from 0.351560 to 0.327265, model has been saved!

[2025-02-24 09:16:10;INFO]best epoch: 158, best loss: 0.327265
[2025-02-24 09:16:10;INFO]----------------------------------------------------------------------------------------------------

[2025-02-24 09:16:10;INFO]Current Epoch: 159 / 500 | Learning Rate : 9.549150281263355e-05
[2025-02-24 09:16:40;INFO]Train | Loss : 0.510511 | ACC : 5785/6562 (88.159%)
[2025-02-24 09:16:44;INFO]Valid | Loss : 1.756868 | ACC : 1522/2813 (54.106%)
[2025-02-24 09:16:44;INFO]      | Loss didn't drop!

[2025-02-24 09:16:44;INFO]best epoch: 158, best loss: 0.327265
[2025-02-24 09:16:44;INFO]----------------------------------------------------------------------------------------------------

[2025-02-24 09:16:44;INFO]Current Epoch: 160 / 500 | Learning Rate : 0.0003454915028131014
[2025-02-24 09:17:14;INFO]Train | Loss : 0.512335 | ACC : 5868/6562 (89.424%)
[2025-02-24 09:17:18;INFO]Valid | Loss : 2.006081 | ACC : 1244/2813 (44.223%)
[2025-02-24 09:17:18;INFO]      | Loss didn't drop!

[2025-02-24 09:17:18;INFO]best epoch: 158, best loss: 0.327265
[2025-02-24 09:17:18;INFO]----------------------------------------------------------------------------------------------------

[2025-02-24 09:17:18;INFO]Current Epoch: 161 / 500 | Learning Rate : 0.0009999999999991433
[2025-02-24 09:17:48;INFO]Train | Loss : 0.478428 | ACC : 5835/6562 (88.921%)
[2025-02-24 09:17:52;INFO]Valid | Loss : 0.651551 | ACC : 2206/2813 (78.422%)
[2025-02-24 09:17:52;INFO]      | Loss didn't drop!

[2025-02-24 09:17:52;INFO]best epoch: 158, best loss: 0.327265
[2025-02-24 09:17:52;INFO]----------------------------------------------------------------------------------------------------

[2025-02-24 09:17:52;INFO]Current Epoch: 162 / 500 | Learning Rate : 0.00034549150281233963
[2025-02-24 09:18:22;INFO]Train | Loss : 0.463145 | ACC : 5924/6562 (90.277%)
[2025-02-24 09:18:26;INFO]Valid | Loss : 0.333171 | ACC : 2636/2813 (93.708%)
[2025-02-24 09:18:26;INFO]      | Loss didn't drop!

[2025-02-24 09:18:26;INFO]best epoch: 158, best loss: 0.327265
[2025-02-24 09:18:26;INFO]----------------------------------------------------------------------------------------------------

[2025-02-24 09:18:26;INFO]Current Epoch: 163 / 500 | Learning Rate : 9.54915028124847e-05
[2025-02-24 09:18:56;INFO]Train | Loss : 0.461699 | ACC : 5866/6562 (89.393%)
[2025-02-24 09:19:00;INFO]Valid | Loss : 1.447728 | ACC : 1673/2813 (59.474%)
[2025-02-24 09:19:00;INFO]      | Loss didn't drop!

[2025-02-24 09:19:00;INFO]best epoch: 158, best loss: 0.327265
[2025-02-24 09:19:00;INFO]----------------------------------------------------------------------------------------------------

[2025-02-24 09:19:00;INFO]Current Epoch: 164 / 500 | Learning Rate : 0.0009045084971876864
[2025-02-24 09:19:30;INFO]Train | Loss : 0.439946 | ACC : 5910/6562 (90.064%)
[2025-02-24 09:19:34;INFO]Valid | Loss : 2.240232 | ACC : 1511/2813 (53.715%)
[2025-02-24 09:19:34;INFO]      | Loss didn't drop!

[2025-02-24 09:19:34;INFO]best epoch: 158, best loss: 0.327265
[2025-02-24 09:19:34;INFO]----------------------------------------------------------------------------------------------------

[2025-02-24 09:19:34;INFO]Current Epoch: 165 / 500 | Learning Rate : 0.0006545084971878552
[2025-02-24 09:20:04;INFO]Train | Loss : 0.598327 | ACC : 5666/6562 (86.346%)
[2025-02-24 09:20:08;INFO]Valid | Loss : 0.833598 | ACC : 2065/2813 (73.409%)
[2025-02-24 09:20:08;INFO]      | Loss didn't drop!

[2025-02-24 09:20:08;INFO]best epoch: 158, best loss: 0.327265
[2025-02-24 09:20:08;INFO]----------------------------------------------------------------------------------------------------

[2025-02-24 09:20:08;INFO]Current Epoch: 166 / 500 | Learning Rate : 0.0
[2025-02-24 09:20:38;INFO]Train | Loss : 0.550324 | ACC : 5763/6562 (87.824%)
[2025-02-24 09:20:43;INFO]Valid | Loss : 0.484492 | ACC : 2453/2813 (87.202%)
[2025-02-24 09:20:43;INFO]      | Loss didn't drop!

[2025-02-24 09:20:43;INFO]best epoch: 158, best loss: 0.327265
[2025-02-24 09:20:43;INFO]----------------------------------------------------------------------------------------------------

[2025-02-24 09:20:43;INFO]Current Epoch: 167 / 500 | Learning Rate : 0.0006545084971864242
[2025-02-24 09:21:13;INFO]Train | Loss : 0.570201 | ACC : 5681/6562 (86.574%)
[2025-02-24 09:21:17;INFO]Valid | Loss : 1.288532 | ACC : 1708/2813 (60.718%)
[2025-02-24 09:21:17;INFO]      | Loss didn't drop!

[2025-02-24 09:21:17;INFO]best epoch: 158, best loss: 0.327265
[2025-02-24 09:21:17;INFO]----------------------------------------------------------------------------------------------------

[2025-02-24 09:21:17;INFO]Current Epoch: 168 / 500 | Learning Rate : 0.0009045084971889717
[2025-02-24 09:21:47;INFO]Train | Loss : 0.598615 | ACC : 5585/6562 (85.111%)
[2025-02-24 09:21:51;INFO]Valid | Loss : 1.399273 | ACC : 1349/2813 (47.956%)
[2025-02-24 09:21:51;INFO]      | Loss didn't drop!

[2025-02-24 09:21:51;INFO]best epoch: 158, best loss: 0.327265
[2025-02-24 09:21:51;INFO]----------------------------------------------------------------------------------------------------

[2025-02-24 09:21:51;INFO]Current Epoch: 169 / 500 | Learning Rate : 9.549150281271362e-05
[2025-02-24 09:22:21;INFO]Train | Loss : 0.488038 | ACC : 5869/6562 (89.439%)
[2025-02-24 09:22:25;INFO]Valid | Loss : 0.394178 | ACC : 2487/2813 (88.411%)
[2025-02-24 09:22:25;INFO]      | Loss didn't drop!

[2025-02-24 09:22:25;INFO]best epoch: 158, best loss: 0.327265
[2025-02-24 09:22:25;INFO]----------------------------------------------------------------------------------------------------

[2025-02-24 09:22:25;INFO]Current Epoch: 170 / 500 | Learning Rate : 0.0003454915028123097
[2025-02-24 09:22:55;INFO]Train | Loss : 0.484397 | ACC : 5802/6562 (88.418%)
[2025-02-24 09:22:59;INFO]Valid | Loss : 0.826416 | ACC : 1929/2813 (68.574%)
[2025-02-24 09:22:59;INFO]      | Loss didn't drop!

[2025-02-24 09:22:59;INFO]best epoch: 158, best loss: 0.327265
[2025-02-24 09:22:59;INFO]----------------------------------------------------------------------------------------------------

[2025-02-24 09:22:59;INFO]Current Epoch: 171 / 500 | Learning Rate : 0.0010000000000027053
[2025-02-24 09:23:29;INFO]Train | Loss : 0.460825 | ACC : 5821/6562 (88.708%)
[2025-02-24 09:23:33;INFO]Valid | Loss : 1.050798 | ACC : 1810/2813 (64.344%)
[2025-02-24 09:23:33;INFO]      | Loss didn't drop!

[2025-02-24 09:23:33;INFO]best epoch: 158, best loss: 0.327265
[2025-02-24 09:23:33;INFO]----------------------------------------------------------------------------------------------------

[2025-02-24 09:23:33;INFO]Current Epoch: 172 / 500 | Learning Rate : 0.0003454915028125985
[2025-02-24 09:24:03;INFO]Train | Loss : 0.438285 | ACC : 5973/6562 (91.024%)
[2025-02-24 09:24:07;INFO]Valid | Loss : 0.409231 | ACC : 2616/2813 (92.997%)
[2025-02-24 09:24:07;INFO]      | Loss didn't drop!

[2025-02-24 09:24:07;INFO]best epoch: 158, best loss: 0.327265
[2025-02-24 09:24:07;INFO]----------------------------------------------------------------------------------------------------

[2025-02-24 09:24:07;INFO]Current Epoch: 173 / 500 | Learning Rate : 9.54915028125997e-05
[2025-02-24 09:24:37;INFO]Train | Loss : 0.462550 | ACC : 5934/6562 (90.430%)
[2025-02-24 09:24:41;INFO]Valid | Loss : 0.852046 | ACC : 1986/2813 (70.601%)
[2025-02-24 09:24:41;INFO]      | Loss didn't drop!

[2025-02-24 09:24:41;INFO]best epoch: 158, best loss: 0.327265
[2025-02-24 09:24:41;INFO]----------------------------------------------------------------------------------------------------

[2025-02-24 09:24:41;INFO]Current Epoch: 174 / 500 | Learning Rate : 0.0009045084971882822
[2025-02-24 09:25:11;INFO]Train | Loss : 0.435343 | ACC : 5911/6562 (90.079%)
[2025-02-24 09:25:15;INFO]Valid | Loss : 1.123721 | ACC : 1909/2813 (67.863%)
[2025-02-24 09:25:15;INFO]      | Loss didn't drop!

[2025-02-24 09:25:15;INFO]best epoch: 158, best loss: 0.327265
[2025-02-24 09:25:15;INFO]----------------------------------------------------------------------------------------------------

[2025-02-24 09:25:15;INFO]Current Epoch: 175 / 500 | Learning Rate : 0.0006545084971883168
[2025-02-24 09:25:45;INFO]Train | Loss : 0.415474 | ACC : 6037/6562 (91.999%)
[2025-02-24 09:25:50;INFO]Valid | Loss : 0.316334 | ACC : 2571/2813 (91.397%)
[2025-02-24 09:25:50;INFO]      | Loss dropped from 0.327265 to 0.316334, model has been saved!

[2025-02-24 09:25:50;INFO]best epoch: 175, best loss: 0.316334
[2025-02-24 09:25:50;INFO]----------------------------------------------------------------------------------------------------

[2025-02-24 09:25:50;INFO]Current Epoch: 176 / 500 | Learning Rate : 0.0
[2025-02-24 09:26:19;INFO]Train | Loss : 0.330142 | ACC : 6130/6562 (93.417%)
[2025-02-24 09:26:24;INFO]Valid | Loss : 0.421619 | ACC : 2477/2813 (88.055%)
[2025-02-24 09:26:24;INFO]      | Loss didn't drop!

[2025-02-24 09:26:24;INFO]best epoch: 175, best loss: 0.316334
[2025-02-24 09:26:24;INFO]----------------------------------------------------------------------------------------------------

[2025-02-24 09:26:24;INFO]Current Epoch: 177 / 500 | Learning Rate : 0.0006545084971887302
[2025-02-24 09:26:54;INFO]Train | Loss : 0.481887 | ACC : 5857/6562 (89.256%)
[2025-02-24 09:26:58;INFO]Valid | Loss : 0.808541 | ACC : 2175/2813 (77.320%)
[2025-02-24 09:26:58;INFO]      | Loss didn't drop!

[2025-02-24 09:26:58;INFO]best epoch: 175, best loss: 0.316334
[2025-02-24 09:26:58;INFO]----------------------------------------------------------------------------------------------------

[2025-02-24 09:26:58;INFO]Current Epoch: 178 / 500 | Learning Rate : 0.0009045084971869138
[2025-02-24 09:27:28;INFO]Train | Loss : 0.519296 | ACC : 5786/6562 (88.174%)
[2025-02-24 09:27:32;INFO]Valid | Loss : 0.418528 | ACC : 2467/2813 (87.700%)
[2025-02-24 09:27:32;INFO]      | Loss didn't drop!

[2025-02-24 09:27:32;INFO]best epoch: 175, best loss: 0.316334
[2025-02-24 09:27:32;INFO]----------------------------------------------------------------------------------------------------

[2025-02-24 09:27:32;INFO]Current Epoch: 179 / 500 | Learning Rate : 9.549150281251736e-05
[2025-02-24 09:28:02;INFO]Train | Loss : 0.355172 | ACC : 6110/6562 (93.112%)
[2025-02-24 09:28:06;INFO]Valid | Loss : 0.296023 | ACC : 2674/2813 (95.059%)
[2025-02-24 09:28:06;INFO]      | Loss dropped from 0.316334 to 0.296023, model has been saved!

[2025-02-24 09:28:06;INFO]best epoch: 179, best loss: 0.296023
[2025-02-24 09:28:06;INFO]----------------------------------------------------------------------------------------------------

[2025-02-24 09:28:06;INFO]Current Epoch: 180 / 500 | Learning Rate : 0.00034549150281262635
[2025-02-24 09:28:36;INFO]Train | Loss : 0.389128 | ACC : 6030/6562 (91.893%)
[2025-02-24 09:28:40;INFO]Valid | Loss : 0.901659 | ACC : 2007/2813 (71.347%)
[2025-02-24 09:28:40;INFO]      | Loss didn't drop!

[2025-02-24 09:28:40;INFO]best epoch: 179, best loss: 0.296023
[2025-02-24 09:28:40;INFO]----------------------------------------------------------------------------------------------------

[2025-02-24 09:28:40;INFO]Current Epoch: 181 / 500 | Learning Rate : 0.0010000000000004875
[2025-02-24 09:29:10;INFO]Train | Loss : 0.385323 | ACC : 6050/6562 (92.198%)
[2025-02-24 09:29:14;INFO]Valid | Loss : 0.875260 | ACC : 1999/2813 (71.063%)
[2025-02-24 09:29:14;INFO]      | Loss didn't drop!

[2025-02-24 09:29:14;INFO]best epoch: 179, best loss: 0.296023
[2025-02-24 09:29:14;INFO]----------------------------------------------------------------------------------------------------

[2025-02-24 09:29:14;INFO]Current Epoch: 182 / 500 | Learning Rate : 0.000345491502812854
[2025-02-24 09:29:44;INFO]Train | Loss : 0.349217 | ACC : 6107/6562 (93.066%)
[2025-02-24 09:29:48;INFO]Valid | Loss : 0.375595 | ACC : 2529/2813 (89.904%)
[2025-02-24 09:29:48;INFO]      | Loss didn't drop!

[2025-02-24 09:29:48;INFO]best epoch: 179, best loss: 0.296023
[2025-02-24 09:29:48;INFO]----------------------------------------------------------------------------------------------------

[2025-02-24 09:29:48;INFO]Current Epoch: 183 / 500 | Learning Rate : 9.54915028125819e-05
[2025-02-24 09:30:18;INFO]Train | Loss : 0.497800 | ACC : 5784/6562 (88.144%)
[2025-02-24 09:30:23;INFO]Valid | Loss : 0.696079 | ACC : 2257/2813 (80.235%)
[2025-02-24 09:30:23;INFO]      | Loss didn't drop!

[2025-02-24 09:30:23;INFO]best epoch: 179, best loss: 0.296023
[2025-02-24 09:30:23;INFO]----------------------------------------------------------------------------------------------------

[2025-02-24 09:30:23;INFO]Current Epoch: 184 / 500 | Learning Rate : 0.0009045084971862602
[2025-02-24 09:30:53;INFO]Train | Loss : 0.407819 | ACC : 5932/6562 (90.399%)
[2025-02-24 09:30:57;INFO]Valid | Loss : 0.882160 | ACC : 2005/2813 (71.276%)
[2025-02-24 09:30:57;INFO]      | Loss didn't drop!

[2025-02-24 09:30:57;INFO]best epoch: 179, best loss: 0.296023
[2025-02-24 09:30:57;INFO]----------------------------------------------------------------------------------------------------

[2025-02-24 09:30:57;INFO]Current Epoch: 185 / 500 | Learning Rate : 0.0006545084971886771
[2025-02-24 09:31:27;INFO]Train | Loss : 0.413452 | ACC : 5974/6562 (91.039%)
[2025-02-24 09:31:31;INFO]Valid | Loss : 0.453515 | ACC : 2421/2813 (86.065%)
[2025-02-24 09:31:31;INFO]      | Loss didn't drop!

[2025-02-24 09:31:31;INFO]best epoch: 179, best loss: 0.296023
[2025-02-24 09:31:31;INFO]----------------------------------------------------------------------------------------------------

[2025-02-24 09:31:31;INFO]Current Epoch: 186 / 500 | Learning Rate : 0.0
[2025-02-24 09:32:01;INFO]Train | Loss : 0.364603 | ACC : 6043/6562 (92.091%)
[2025-02-24 09:32:05;INFO]Valid | Loss : 0.710182 | ACC : 2233/2813 (79.381%)
[2025-02-24 09:32:05;INFO]      | Loss didn't drop!

[2025-02-24 09:32:05;INFO]best epoch: 179, best loss: 0.296023
[2025-02-24 09:32:05;INFO]----------------------------------------------------------------------------------------------------

[2025-02-24 09:32:05;INFO]Current Epoch: 187 / 500 | Learning Rate : 0.0006545084971873673
[2025-02-24 09:32:35;INFO]Train | Loss : 0.413817 | ACC : 5965/6562 (90.902%)
[2025-02-24 09:32:39;INFO]Valid | Loss : 3.913280 | ACC : 923/2813 (32.812%)
[2025-02-24 09:32:39;INFO]      | Loss didn't drop!

[2025-02-24 09:32:39;INFO]best epoch: 179, best loss: 0.296023
[2025-02-24 09:32:39;INFO]----------------------------------------------------------------------------------------------------

[2025-02-24 09:32:39;INFO]Current Epoch: 188 / 500 | Learning Rate : 0.0009045084971901513
[2025-02-24 09:33:09;INFO]Train | Loss : 0.479623 | ACC : 5872/6562 (89.485%)
[2025-02-24 09:33:13;INFO]Valid | Loss : 0.384644 | ACC : 2509/2813 (89.193%)
[2025-02-24 09:33:13;INFO]      | Loss didn't drop!

[2025-02-24 09:33:13;INFO]best epoch: 179, best loss: 0.296023
[2025-02-24 09:33:13;INFO]----------------------------------------------------------------------------------------------------

[2025-02-24 09:33:13;INFO]Current Epoch: 189 / 500 | Learning Rate : 9.54915028125966e-05
[2025-02-24 09:33:43;INFO]Train | Loss : 0.354172 | ACC : 6062/6562 (92.380%)
[2025-02-24 09:33:47;INFO]Valid | Loss : 0.403534 | ACC : 2409/2813 (85.638%)
[2025-02-24 09:33:47;INFO]      | Loss didn't drop!

[2025-02-24 09:33:47;INFO]best epoch: 179, best loss: 0.296023
[2025-02-24 09:33:47;INFO]----------------------------------------------------------------------------------------------------

[2025-02-24 09:33:47;INFO]Current Epoch: 190 / 500 | Learning Rate : 0.00034549150281272355
[2025-02-24 09:34:17;INFO]Train | Loss : 0.425297 | ACC : 5986/6562 (91.222%)
[2025-02-24 09:34:21;INFO]Valid | Loss : 3.504910 | ACC : 872/2813 (30.999%)
[2025-02-24 09:34:21;INFO]      | Loss didn't drop!

[2025-02-24 09:34:21;INFO]best epoch: 179, best loss: 0.296023
[2025-02-24 09:34:21;INFO]----------------------------------------------------------------------------------------------------

[2025-02-24 09:34:21;INFO]Current Epoch: 191 / 500 | Learning Rate : 0.001000000000001155
[2025-02-24 09:34:51;INFO]Train | Loss : 0.513828 | ACC : 5712/6562 (87.047%)
[2025-02-24 09:34:55;INFO]Valid | Loss : 0.438932 | ACC : 2461/2813 (87.487%)
[2025-02-24 09:34:55;INFO]      | Loss didn't drop!

[2025-02-24 09:34:55;INFO]best epoch: 179, best loss: 0.296023
[2025-02-24 09:34:55;INFO]----------------------------------------------------------------------------------------------------

[2025-02-24 09:34:55;INFO]Current Epoch: 192 / 500 | Learning Rate : 0.0003454915028130051
[2025-02-24 09:35:25;INFO]Train | Loss : 0.335316 | ACC : 6142/6562 (93.600%)
[2025-02-24 09:35:30;INFO]Valid | Loss : 0.246730 | ACC : 2667/2813 (94.810%)
[2025-02-24 09:35:30;INFO]      | Loss dropped from 0.296023 to 0.246730, model has been saved!

[2025-02-24 09:35:30;INFO]best epoch: 192, best loss: 0.246730
[2025-02-24 09:35:30;INFO]----------------------------------------------------------------------------------------------------

[2025-02-24 09:35:30;INFO]Current Epoch: 193 / 500 | Learning Rate : 9.54915028126978e-05
[2025-02-24 09:36:00;INFO]Train | Loss : 0.359978 | ACC : 6066/6562 (92.441%)
[2025-02-24 09:36:04;INFO]Valid | Loss : 0.454400 | ACC : 2481/2813 (88.198%)
[2025-02-24 09:36:04;INFO]      | Loss didn't drop!

[2025-02-24 09:36:04;INFO]best epoch: 192, best loss: 0.246730
[2025-02-24 09:36:04;INFO]----------------------------------------------------------------------------------------------------

[2025-02-24 09:36:04;INFO]Current Epoch: 194 / 500 | Learning Rate : 0.0009045084971895335
[2025-02-24 09:36:34;INFO]Train | Loss : 0.538051 | ACC : 5600/6562 (85.340%)
[2025-02-24 09:36:38;INFO]Valid | Loss : 4.265954 | ACC : 909/2813 (32.314%)
[2025-02-24 09:36:38;INFO]      | Loss didn't drop!

[2025-02-24 09:36:38;INFO]best epoch: 192, best loss: 0.246730
[2025-02-24 09:36:38;INFO]----------------------------------------------------------------------------------------------------

[2025-02-24 09:36:38;INFO]Current Epoch: 195 / 500 | Learning Rate : 0.00065450849718725
[2025-02-24 09:37:08;INFO]Train | Loss : 0.488225 | ACC : 5768/6562 (87.900%)
[2025-02-24 09:37:12;INFO]Valid | Loss : 0.298101 | ACC : 2619/2813 (93.103%)
[2025-02-24 09:37:12;INFO]      | Loss didn't drop!

[2025-02-24 09:37:12;INFO]best epoch: 192, best loss: 0.246730
[2025-02-24 09:37:12;INFO]----------------------------------------------------------------------------------------------------

[2025-02-24 09:37:12;INFO]Current Epoch: 196 / 500 | Learning Rate : 0.0
[2025-02-24 09:37:42;INFO]Train | Loss : 0.415822 | ACC : 5923/6562 (90.262%)
[2025-02-24 09:37:46;INFO]Valid | Loss : 0.797659 | ACC : 2095/2813 (74.476%)
[2025-02-24 09:37:46;INFO]      | Loss didn't drop!

[2025-02-24 09:37:46;INFO]best epoch: 192, best loss: 0.246730
[2025-02-24 09:37:46;INFO]----------------------------------------------------------------------------------------------------

[2025-02-24 09:37:46;INFO]Current Epoch: 197 / 500 | Learning Rate : 0.0006545084971876707
[2025-02-24 09:38:16;INFO]Train | Loss : 0.366022 | ACC : 6119/6562 (93.249%)
[2025-02-24 09:38:20;INFO]Valid | Loss : 3.532052 | ACC : 1051/2813 (37.362%)
[2025-02-24 09:38:20;INFO]      | Loss didn't drop!

[2025-02-24 09:38:20;INFO]best epoch: 192, best loss: 0.246730
[2025-02-24 09:38:20;INFO]----------------------------------------------------------------------------------------------------

[2025-02-24 09:38:20;INFO]Current Epoch: 198 / 500 | Learning Rate : 0.0009045084971881683
[2025-02-24 09:38:50;INFO]Train | Loss : 0.360344 | ACC : 6042/6562 (92.076%)
[2025-02-24 09:38:54;INFO]Valid | Loss : 0.440375 | ACC : 2450/2813 (87.096%)
[2025-02-24 09:38:54;INFO]      | Loss didn't drop!

[2025-02-24 09:38:54;INFO]best epoch: 192, best loss: 0.246730
[2025-02-24 09:38:54;INFO]----------------------------------------------------------------------------------------------------

[2025-02-24 09:38:54;INFO]Current Epoch: 199 / 500 | Learning Rate : 9.549150281260995e-05
[2025-02-24 09:39:24;INFO]Train | Loss : 0.280957 | ACC : 6214/6562 (94.697%)
[2025-02-24 09:39:28;INFO]Valid | Loss : 0.312259 | ACC : 2588/2813 (92.001%)
[2025-02-24 09:39:28;INFO]      | Loss didn't drop!

[2025-02-24 09:39:28;INFO]best epoch: 192, best loss: 0.246730
[2025-02-24 09:39:28;INFO]----------------------------------------------------------------------------------------------------

[2025-02-24 09:39:28;INFO]Current Epoch: 200 / 500 | Learning Rate : 0.00034549150281304014
[2025-02-24 09:39:58;INFO]Train | Loss : 0.366885 | ACC : 5954/6562 (90.735%)
[2025-02-24 09:40:03;INFO]Valid | Loss : 0.800883 | ACC : 2094/2813 (74.440%)
[2025-02-24 09:40:03;INFO]      | Loss didn't drop!

[2025-02-24 09:40:03;INFO]best epoch: 192, best loss: 0.246730
[2025-02-24 09:40:03;INFO]----------------------------------------------------------------------------------------------------

[2025-02-24 09:40:03;INFO]Current Epoch: 201 / 500 | Learning Rate : 0.0009999999999989444
[2025-02-24 09:40:33;INFO]Train | Loss : 0.288889 | ACC : 6187/6562 (94.285%)
[2025-02-24 09:40:37;INFO]Valid | Loss : 0.754674 | ACC : 2166/2813 (77.000%)
[2025-02-24 09:40:37;INFO]      | Loss didn't drop!

[2025-02-24 09:40:37;INFO]best epoch: 192, best loss: 0.246730
[2025-02-24 09:40:37;INFO]----------------------------------------------------------------------------------------------------

[2025-02-24 09:40:37;INFO]Current Epoch: 202 / 500 | Learning Rate : 0.0003454915028133687
[2025-02-24 09:41:07;INFO]Train | Loss : 0.328085 | ACC : 6072/6562 (92.533%)
[2025-02-24 09:41:11;INFO]Valid | Loss : 0.294651 | ACC : 2650/2813 (94.205%)
[2025-02-24 09:41:11;INFO]      | Loss didn't drop!

[2025-02-24 09:41:11;INFO]best epoch: 192, best loss: 0.246730
[2025-02-24 09:41:11;INFO]----------------------------------------------------------------------------------------------------

[2025-02-24 09:41:11;INFO]Current Epoch: 203 / 500 | Learning Rate : 9.549150281247034e-05
[2025-02-24 09:41:41;INFO]Train | Loss : 0.404628 | ACC : 5984/6562 (91.192%)
[2025-02-24 09:41:45;INFO]Valid | Loss : 1.163528 | ACC : 1859/2813 (66.086%)
[2025-02-24 09:41:45;INFO]      | Loss didn't drop!

[2025-02-24 09:41:45;INFO]best epoch: 192, best loss: 0.246730
[2025-02-24 09:41:45;INFO]----------------------------------------------------------------------------------------------------

[2025-02-24 09:41:45;INFO]Current Epoch: 204 / 500 | Learning Rate : 0.0009045084971875113
[2025-02-24 09:42:15;INFO]Train | Loss : 0.367542 | ACC : 6034/6562 (91.954%)
[2025-02-24 09:42:19;INFO]Valid | Loss : 2.106799 | ACC : 1234/2813 (43.868%)
[2025-02-24 09:42:19;INFO]      | Loss didn't drop!

[2025-02-24 09:42:19;INFO]best epoch: 192, best loss: 0.246730
[2025-02-24 09:42:19;INFO]----------------------------------------------------------------------------------------------------

[2025-02-24 09:42:19;INFO]Current Epoch: 205 / 500 | Learning Rate : 0.0006545084971896063
[2025-02-24 09:42:49;INFO]Train | Loss : 0.385089 | ACC : 5923/6562 (90.262%)
[2025-02-24 09:42:53;INFO]Valid | Loss : 0.689943 | ACC : 2155/2813 (76.609%)
[2025-02-24 09:42:53;INFO]      | Loss didn't drop!

[2025-02-24 09:42:53;INFO]best epoch: 192, best loss: 0.246730
[2025-02-24 09:42:53;INFO]----------------------------------------------------------------------------------------------------

[2025-02-24 09:42:53;INFO]Current Epoch: 206 / 500 | Learning Rate : 0.0
[2025-02-24 09:43:23;INFO]Train | Loss : 0.401683 | ACC : 5914/6562 (90.125%)
[2025-02-24 09:43:27;INFO]Valid | Loss : 1.920038 | ACC : 1393/2813 (49.520%)
[2025-02-24 09:43:27;INFO]      | Loss didn't drop!

[2025-02-24 09:43:27;INFO]best epoch: 192, best loss: 0.246730
[2025-02-24 09:43:27;INFO]----------------------------------------------------------------------------------------------------

[2025-02-24 09:43:27;INFO]Current Epoch: 207 / 500 | Learning Rate : 0.0006545084971883047
[2025-02-24 09:43:57;INFO]Train | Loss : 0.336239 | ACC : 6059/6562 (92.335%)
[2025-02-24 09:44:01;INFO]Valid | Loss : 1.703349 | ACC : 1508/2813 (53.608%)
[2025-02-24 09:44:01;INFO]      | Loss didn't drop!

[2025-02-24 09:44:01;INFO]best epoch: 192, best loss: 0.246730
[2025-02-24 09:44:01;INFO]----------------------------------------------------------------------------------------------------

[2025-02-24 09:44:01;INFO]Current Epoch: 208 / 500 | Learning Rate : 0.0009045084971887874
[2025-02-24 09:44:31;INFO]Train | Loss : 0.350394 | ACC : 6036/6562 (91.984%)
[2025-02-24 09:44:35;INFO]Valid | Loss : 0.352181 | ACC : 2547/2813 (90.544%)
[2025-02-24 09:44:35;INFO]      | Loss didn't drop!

[2025-02-24 09:44:35;INFO]best epoch: 192, best loss: 0.246730
[2025-02-24 09:44:35;INFO]----------------------------------------------------------------------------------------------------

[2025-02-24 09:44:35;INFO]Current Epoch: 209 / 500 | Learning Rate : 9.54915028126892e-05
[2025-02-24 09:45:05;INFO]Train | Loss : 0.273373 | ACC : 6211/6562 (94.651%)
[2025-02-24 09:45:10;INFO]Valid | Loss : 0.340137 | ACC : 2518/2813 (89.513%)
[2025-02-24 09:45:10;INFO]      | Loss didn't drop!

[2025-02-24 09:45:10;INFO]best epoch: 192, best loss: 0.246730
[2025-02-24 09:45:10;INFO]----------------------------------------------------------------------------------------------------

[2025-02-24 09:45:10;INFO]Current Epoch: 210 / 500 | Learning Rate : 0.00034549150281214046
[2025-02-24 09:45:39;INFO]Train | Loss : 0.358969 | ACC : 6058/6562 (92.319%)
[2025-02-24 09:45:44;INFO]Valid | Loss : 3.186621 | ACC : 1410/2813 (50.124%)
[2025-02-24 09:45:44;INFO]      | Loss didn't drop!

[2025-02-24 09:45:44;INFO]best epoch: 192, best loss: 0.246730
[2025-02-24 09:45:44;INFO]----------------------------------------------------------------------------------------------------

[2025-02-24 09:45:44;INFO]Current Epoch: 211 / 500 | Learning Rate : 0.000999999999999612
[2025-02-24 09:46:14;INFO]Train | Loss : 0.334612 | ACC : 6102/6562 (92.990%)
[2025-02-24 09:46:18;INFO]Valid | Loss : 2.036186 | ACC : 1566/2813 (55.670%)
[2025-02-24 09:46:18;INFO]      | Loss didn't drop!

[2025-02-24 09:46:18;INFO]best epoch: 192, best loss: 0.246730
[2025-02-24 09:46:18;INFO]----------------------------------------------------------------------------------------------------

[2025-02-24 09:46:18;INFO]Current Epoch: 212 / 500 | Learning Rate : 0.0003454915028125224
[2025-02-24 09:46:48;INFO]Train | Loss : 0.429858 | ACC : 5903/6562 (89.957%)
[2025-02-24 09:46:52;INFO]Valid | Loss : 0.368825 | ACC : 2554/2813 (90.793%)
[2025-02-24 09:46:52;INFO]      | Loss didn't drop!

[2025-02-24 09:46:52;INFO]best epoch: 192, best loss: 0.246730
[2025-02-24 09:46:52;INFO]----------------------------------------------------------------------------------------------------

[2025-02-24 09:46:52;INFO]Current Epoch: 213 / 500 | Learning Rate : 9.549150281279497e-05
[2025-02-24 09:47:22;INFO]Train | Loss : 0.400373 | ACC : 5986/6562 (91.222%)
[2025-02-24 09:47:26;INFO]Valid | Loss : 4.290388 | ACC : 948/2813 (33.701%)
[2025-02-24 09:47:26;INFO]      | Loss didn't drop!

[2025-02-24 09:47:26;INFO]best epoch: 192, best loss: 0.246730
[2025-02-24 09:47:26;INFO]----------------------------------------------------------------------------------------------------

[2025-02-24 09:47:26;INFO]Current Epoch: 214 / 500 | Learning Rate : 0.0009045084971907177
[2025-02-24 09:47:56;INFO]Train | Loss : 0.454213 | ACC : 5924/6562 (90.277%)
[2025-02-24 09:48:00;INFO]Valid | Loss : 0.920726 | ACC : 2038/2813 (72.449%)
[2025-02-24 09:48:00;INFO]      | Loss didn't drop!

[2025-02-24 09:48:00;INFO]best epoch: 192, best loss: 0.246730
[2025-02-24 09:48:00;INFO]----------------------------------------------------------------------------------------------------

[2025-02-24 09:48:00;INFO]Current Epoch: 215 / 500 | Learning Rate : 0.000654508497186183
[2025-02-24 09:48:30;INFO]Train | Loss : 0.295299 | ACC : 6194/6562 (94.392%)
[2025-02-24 09:48:34;INFO]Valid | Loss : 0.362658 | ACC : 2511/2813 (89.264%)
[2025-02-24 09:48:34;INFO]      | Loss didn't drop!

[2025-02-24 09:48:34;INFO]best epoch: 192, best loss: 0.246730
[2025-02-24 09:48:34;INFO]----------------------------------------------------------------------------------------------------

[2025-02-24 09:48:34;INFO]Current Epoch: 216 / 500 | Learning Rate : 0.0
[2025-02-24 09:49:04;INFO]Train | Loss : 0.289853 | ACC : 6172/6562 (94.057%)
[2025-02-24 09:49:08;INFO]Valid | Loss : 1.096021 | ACC : 2000/2813 (71.098%)
[2025-02-24 09:49:08;INFO]      | Loss didn't drop!

[2025-02-24 09:49:08;INFO]best epoch: 192, best loss: 0.246730
[2025-02-24 09:49:08;INFO]----------------------------------------------------------------------------------------------------

[2025-02-24 09:49:08;INFO]Current Epoch: 217 / 500 | Learning Rate : 0.0006545084971886078
[2025-02-24 09:49:38;INFO]Train | Loss : 0.335220 | ACC : 6074/6562 (92.563%)
[2025-02-24 09:49:42;INFO]Valid | Loss : 1.202757 | ACC : 1834/2813 (65.197%)
[2025-02-24 09:49:42;INFO]      | Loss didn't drop!

[2025-02-24 09:49:42;INFO]best epoch: 192, best loss: 0.246730
[2025-02-24 09:49:42;INFO]----------------------------------------------------------------------------------------------------

[2025-02-24 09:49:42;INFO]Current Epoch: 218 / 500 | Learning Rate : 0.0009045084971893482
[2025-02-24 09:50:12;INFO]Train | Loss : 0.281992 | ACC : 6161/6562 (93.889%)
[2025-02-24 09:50:16;INFO]Valid | Loss : 0.329449 | ACC : 2549/2813 (90.615%)
[2025-02-24 09:50:16;INFO]      | Loss didn't drop!

[2025-02-24 09:50:16;INFO]best epoch: 192, best loss: 0.246730
[2025-02-24 09:50:16;INFO]----------------------------------------------------------------------------------------------------

[2025-02-24 09:50:16;INFO]Current Epoch: 219 / 500 | Learning Rate : 9.549150281249383e-05
[2025-02-24 09:50:46;INFO]Train | Loss : 0.239423 | ACC : 6217/6562 (94.742%)
[2025-02-24 09:50:50;INFO]Valid | Loss : 0.857513 | ACC : 1957/2813 (69.570%)
[2025-02-24 09:50:50;INFO]      | Loss didn't drop!

[2025-02-24 09:50:50;INFO]best epoch: 192, best loss: 0.246730
[2025-02-24 09:50:50;INFO]----------------------------------------------------------------------------------------------------

[2025-02-24 09:50:50;INFO]Current Epoch: 220 / 500 | Learning Rate : 0.00034549150281256206
[2025-02-24 09:51:20;INFO]Train | Loss : 0.284346 | ACC : 6102/6562 (92.990%)
[2025-02-24 09:51:25;INFO]Valid | Loss : 1.421784 | ACC : 1694/2813 (60.220%)
[2025-02-24 09:51:25;INFO]      | Loss didn't drop!

[2025-02-24 09:51:25;INFO]best epoch: 192, best loss: 0.246730
[2025-02-24 09:51:25;INFO]----------------------------------------------------------------------------------------------------

[2025-02-24 09:51:25;INFO]Current Epoch: 221 / 500 | Learning Rate : 0.001000000000000288
[2025-02-24 09:51:55;INFO]Train | Loss : 0.304069 | ACC : 6121/6562 (93.279%)
[2025-02-24 09:51:59;INFO]Valid | Loss : 0.411747 | ACC : 2520/2813 (89.584%)
[2025-02-24 09:51:59;INFO]      | Loss didn't drop!

[2025-02-24 09:51:59;INFO]best epoch: 192, best loss: 0.246730
[2025-02-24 09:51:59;INFO]----------------------------------------------------------------------------------------------------

[2025-02-24 09:51:59;INFO]Current Epoch: 222 / 500 | Learning Rate : 0.00034549150281377815
[2025-02-24 09:52:29;INFO]Train | Loss : 0.283446 | ACC : 6207/6562 (94.590%)
[2025-02-24 09:52:33;INFO]Valid | Loss : 0.273310 | ACC : 2639/2813 (93.814%)
[2025-02-24 09:52:33;INFO]      | Loss didn't drop!

[2025-02-24 09:52:33;INFO]best epoch: 192, best loss: 0.246730
[2025-02-24 09:52:33;INFO]----------------------------------------------------------------------------------------------------

[2025-02-24 09:52:33;INFO]Current Epoch: 223 / 500 | Learning Rate : 9.549150281235886e-05
[2025-02-24 09:53:03;INFO]Train | Loss : 0.338040 | ACC : 6056/6562 (92.289%)
[2025-02-24 09:53:07;INFO]Valid | Loss : 1.941650 | ACC : 1479/2813 (52.577%)
[2025-02-24 09:53:07;INFO]      | Loss didn't drop!

[2025-02-24 09:53:07;INFO]best epoch: 192, best loss: 0.246730
[2025-02-24 09:53:07;INFO]----------------------------------------------------------------------------------------------------

[2025-02-24 09:53:07;INFO]Current Epoch: 224 / 500 | Learning Rate : 0.0009045084971886291
[2025-02-24 09:53:37;INFO]Train | Loss : 0.344778 | ACC : 6043/6562 (92.091%)
[2025-02-24 09:53:41;INFO]Valid | Loss : 2.240550 | ACC : 971/2813 (34.518%)
[2025-02-24 09:53:41;INFO]      | Loss didn't drop!

[2025-02-24 09:53:41;INFO]best epoch: 192, best loss: 0.246730
[2025-02-24 09:53:41;INFO]----------------------------------------------------------------------------------------------------

[2025-02-24 09:53:41;INFO]Current Epoch: 225 / 500 | Learning Rate : 0.0006545084971886479
[2025-02-24 09:54:11;INFO]Train | Loss : 0.356976 | ACC : 6062/6562 (92.380%)
[2025-02-24 09:54:15;INFO]Valid | Loss : 0.417123 | ACC : 2419/2813 (85.994%)
[2025-02-24 09:54:15;INFO]      | Loss didn't drop!

[2025-02-24 09:54:15;INFO]best epoch: 192, best loss: 0.246730
[2025-02-24 09:54:15;INFO]----------------------------------------------------------------------------------------------------

[2025-02-24 09:54:15;INFO]Current Epoch: 226 / 500 | Learning Rate : 0.0
[2025-02-24 09:54:45;INFO]Train | Loss : 0.255451 | ACC : 6210/6562 (94.636%)
[2025-02-24 09:54:50;INFO]Valid | Loss : 0.995151 | ACC : 2211/2813 (78.599%)
[2025-02-24 09:54:50;INFO]      | Loss didn't drop!

[2025-02-24 09:54:50;INFO]best epoch: 192, best loss: 0.246730
[2025-02-24 09:54:50;INFO]----------------------------------------------------------------------------------------------------

[2025-02-24 09:54:50;INFO]Current Epoch: 227 / 500 | Learning Rate : 0.0006545084971871312
[2025-02-24 09:55:19;INFO]Train | Loss : 0.299807 | ACC : 6148/6562 (93.691%)
[2025-02-24 09:55:24;INFO]Valid | Loss : 1.376771 | ACC : 1739/2813 (61.820%)
[2025-02-24 09:55:24;INFO]      | Loss didn't drop!

[2025-02-24 09:55:24;INFO]best epoch: 192, best loss: 0.246730
[2025-02-24 09:55:24;INFO]----------------------------------------------------------------------------------------------------

[2025-02-24 09:55:24;INFO]Current Epoch: 228 / 500 | Learning Rate : 0.0009045084971873569
[2025-02-24 09:55:54;INFO]Train | Loss : 0.292806 | ACC : 6158/6562 (93.843%)
[2025-02-24 09:55:58;INFO]Valid | Loss : 0.347188 | ACC : 2539/2813 (90.260%)
[2025-02-24 09:55:58;INFO]      | Loss didn't drop!

[2025-02-24 09:55:58;INFO]best epoch: 192, best loss: 0.246730
[2025-02-24 09:55:58;INFO]----------------------------------------------------------------------------------------------------

[2025-02-24 09:55:58;INFO]Current Epoch: 229 / 500 | Learning Rate : 9.549150281250624e-05
[2025-02-24 09:56:28;INFO]Train | Loss : 0.624384 | ACC : 5582/6562 (85.066%)
[2025-02-24 09:56:32;INFO]Valid | Loss : 1.289608 | ACC : 1679/2813 (59.687%)
[2025-02-24 09:56:32;INFO]      | Loss didn't drop!

[2025-02-24 09:56:32;INFO]best epoch: 192, best loss: 0.246730
[2025-02-24 09:56:32;INFO]----------------------------------------------------------------------------------------------------

[2025-02-24 09:56:32;INFO]Current Epoch: 230 / 500 | Learning Rate : 0.0003454915028136595
[2025-02-24 09:57:02;INFO]Train | Loss : 0.404386 | ACC : 6016/6562 (91.679%)
[2025-02-24 09:57:06;INFO]Valid | Loss : 0.519381 | ACC : 2422/2813 (86.100%)
[2025-02-24 09:57:06;INFO]      | Loss didn't drop!

[2025-02-24 09:57:06;INFO]best epoch: 192, best loss: 0.246730
[2025-02-24 09:57:06;INFO]----------------------------------------------------------------------------------------------------

[2025-02-24 09:57:06;INFO]Current Epoch: 231 / 500 | Learning Rate : 0.00099999999999807
[2025-02-24 09:57:36;INFO]Train | Loss : 0.499734 | ACC : 5696/6562 (86.803%)
[2025-02-24 09:57:40;INFO]Valid | Loss : 0.971944 | ACC : 1875/2813 (66.655%)
[2025-02-24 09:57:40;INFO]      | Loss didn't drop!

[2025-02-24 09:57:40;INFO]best epoch: 192, best loss: 0.246730
[2025-02-24 09:57:40;INFO]----------------------------------------------------------------------------------------------------

[2025-02-24 09:57:40;INFO]Current Epoch: 232 / 500 | Learning Rate : 0.0003454915028119289
[2025-02-24 09:58:10;INFO]Train | Loss : 0.346081 | ACC : 6121/6562 (93.279%)
[2025-02-24 09:58:14;INFO]Valid | Loss : 0.339826 | ACC : 2538/2813 (90.224%)
[2025-02-24 09:58:14;INFO]      | Loss didn't drop!

[2025-02-24 09:58:14;INFO]best epoch: 192, best loss: 0.246730
[2025-02-24 09:58:14;INFO]----------------------------------------------------------------------------------------------------

[2025-02-24 09:58:14;INFO]Current Epoch: 233 / 500 | Learning Rate : 9.549150281268347e-05
[2025-02-24 09:58:44;INFO]Train | Loss : 0.282388 | ACC : 6164/6562 (93.935%)
[2025-02-24 09:58:48;INFO]Valid | Loss : 1.731464 | ACC : 1617/2813 (57.483%)
[2025-02-24 09:58:48;INFO]      | Loss didn't drop!

[2025-02-24 09:58:48;INFO]best epoch: 192, best loss: 0.246730
[2025-02-24 09:58:48;INFO]----------------------------------------------------------------------------------------------------

[2025-02-24 09:58:48;INFO]Current Epoch: 234 / 500 | Learning Rate : 0.0009045084971893584
[2025-02-24 09:59:18;INFO]Train | Loss : 0.292228 | ACC : 6163/6562 (93.920%)
[2025-02-24 09:59:22;INFO]Valid | Loss : 1.529077 | ACC : 1457/2813 (51.795%)
[2025-02-24 09:59:22;INFO]      | Loss didn't drop!

[2025-02-24 09:59:22;INFO]best epoch: 192, best loss: 0.246730
[2025-02-24 09:59:22;INFO]----------------------------------------------------------------------------------------------------

[2025-02-24 09:59:22;INFO]Current Epoch: 235 / 500 | Learning Rate : 0.0006545084971891095
[2025-02-24 09:59:52;INFO]Train | Loss : 0.242454 | ACC : 6250/6562 (95.245%)
[2025-02-24 09:59:56;INFO]Valid | Loss : 0.318626 | ACC : 2578/2813 (91.646%)
[2025-02-24 09:59:56;INFO]      | Loss didn't drop!

[2025-02-24 09:59:56;INFO]best epoch: 192, best loss: 0.246730
[2025-02-24 09:59:56;INFO]----------------------------------------------------------------------------------------------------

[2025-02-24 09:59:56;INFO]Current Epoch: 236 / 500 | Learning Rate : 0.0
[2025-02-24 10:00:26;INFO]Train | Loss : 0.280302 | ACC : 6154/6562 (93.782%)
[2025-02-24 10:00:30;INFO]Valid | Loss : 1.722114 | ACC : 1636/2813 (58.159%)
[2025-02-24 10:00:30;INFO]      | Loss didn't drop!

[2025-02-24 10:00:30;INFO]best epoch: 192, best loss: 0.246730
[2025-02-24 10:00:30;INFO]----------------------------------------------------------------------------------------------------

[2025-02-24 10:00:30;INFO]Current Epoch: 237 / 500 | Learning Rate : 0.0006545084971876564
[2025-02-24 10:01:00;INFO]Train | Loss : 0.335995 | ACC : 6104/6562 (93.020%)
[2025-02-24 10:01:04;INFO]Valid | Loss : 0.987787 | ACC : 1910/2813 (67.899%)
[2025-02-24 10:01:04;INFO]      | Loss didn't drop!

[2025-02-24 10:01:04;INFO]best epoch: 192, best loss: 0.246730
[2025-02-24 10:01:04;INFO]----------------------------------------------------------------------------------------------------

[2025-02-24 10:01:04;INFO]Current Epoch: 238 / 500 | Learning Rate : 0.0009045084971880435
[2025-02-24 10:01:34;INFO]Train | Loss : 0.358583 | ACC : 6011/6562 (91.603%)
[2025-02-24 10:01:38;INFO]Valid | Loss : 0.477021 | ACC : 2362/2813 (83.967%)
[2025-02-24 10:01:38;INFO]      | Loss didn't drop!

[2025-02-24 10:01:38;INFO]best epoch: 192, best loss: 0.246730
[2025-02-24 10:01:38;INFO]----------------------------------------------------------------------------------------------------

[2025-02-24 10:01:38;INFO]Current Epoch: 239 / 500 | Learning Rate : 9.54915028129287e-05
[2025-02-24 10:02:08;INFO]Train | Loss : 0.213477 | ACC : 6326/6562 (96.404%)
[2025-02-24 10:02:12;INFO]Valid | Loss : 0.208076 | ACC : 2687/2813 (95.521%)
[2025-02-24 10:02:12;INFO]      | Loss dropped from 0.246730 to 0.208076, model has been saved!

[2025-02-24 10:02:12;INFO]best epoch: 239, best loss: 0.208076
[2025-02-24 10:02:12;INFO]----------------------------------------------------------------------------------------------------

[2025-02-24 10:02:12;INFO]Current Epoch: 240 / 500 | Learning Rate : 0.000345491502811979
[2025-02-24 10:02:42;INFO]Train | Loss : 0.391640 | ACC : 5948/6562 (90.643%)
[2025-02-24 10:02:47;INFO]Valid | Loss : 0.979407 | ACC : 2008/2813 (71.383%)
[2025-02-24 10:02:47;INFO]      | Loss didn't drop!

[2025-02-24 10:02:47;INFO]best epoch: 239, best loss: 0.208076
[2025-02-24 10:02:47;INFO]----------------------------------------------------------------------------------------------------

[2025-02-24 10:02:47;INFO]Current Epoch: 241 / 500 | Learning Rate : 0.001000000000001632
[2025-02-24 10:03:16;INFO]Train | Loss : 0.314002 | ACC : 6081/6562 (92.670%)
[2025-02-24 10:03:21;INFO]Valid | Loss : 0.566853 | ACC : 2416/2813 (85.887%)
[2025-02-24 10:03:21;INFO]      | Loss didn't drop!

[2025-02-24 10:03:21;INFO]best epoch: 239, best loss: 0.208076
[2025-02-24 10:03:21;INFO]----------------------------------------------------------------------------------------------------

[2025-02-24 10:03:21;INFO]Current Epoch: 242 / 500 | Learning Rate : 0.00034549150281318455
[2025-02-24 10:03:50;INFO]Train | Loss : 0.256918 | ACC : 6201/6562 (94.499%)
[2025-02-24 10:03:55;INFO]Valid | Loss : 0.248146 | ACC : 2656/2813 (94.419%)
[2025-02-24 10:03:55;INFO]      | Loss didn't drop!

[2025-02-24 10:03:55;INFO]best epoch: 239, best loss: 0.208076
[2025-02-24 10:03:55;INFO]----------------------------------------------------------------------------------------------------

[2025-02-24 10:03:55;INFO]Current Epoch: 243 / 500 | Learning Rate : 9.549150281279842e-05
[2025-02-24 10:04:24;INFO]Train | Loss : 0.264820 | ACC : 6231/6562 (94.956%)
[2025-02-24 10:04:29;INFO]Valid | Loss : 1.245243 | ACC : 1721/2813 (61.180%)
[2025-02-24 10:04:29;INFO]      | Loss didn't drop!

[2025-02-24 10:04:29;INFO]best epoch: 239, best loss: 0.208076
[2025-02-24 10:04:29;INFO]----------------------------------------------------------------------------------------------------

[2025-02-24 10:04:29;INFO]Current Epoch: 244 / 500 | Learning Rate : 0.0009045084971872698
[2025-02-24 10:04:58;INFO]Train | Loss : 0.281213 | ACC : 6134/6562 (93.478%)
[2025-02-24 10:05:03;INFO]Valid | Loss : 1.733537 | ACC : 1499/2813 (53.288%)
[2025-02-24 10:05:03;INFO]      | Loss didn't drop!

[2025-02-24 10:05:03;INFO]best epoch: 239, best loss: 0.208076
[2025-02-24 10:05:03;INFO]----------------------------------------------------------------------------------------------------

[2025-02-24 10:05:03;INFO]Current Epoch: 245 / 500 | Learning Rate : 0.0006545084971875747
[2025-02-24 10:05:33;INFO]Train | Loss : 0.257347 | ACC : 6207/6562 (94.590%)
[2025-02-24 10:05:37;INFO]Valid | Loss : 0.349212 | ACC : 2472/2813 (87.878%)
[2025-02-24 10:05:37;INFO]      | Loss didn't drop!

[2025-02-24 10:05:37;INFO]best epoch: 239, best loss: 0.208076
[2025-02-24 10:05:37;INFO]----------------------------------------------------------------------------------------------------

[2025-02-24 10:05:37;INFO]Current Epoch: 246 / 500 | Learning Rate : 0.0
[2025-02-24 10:06:07;INFO]Train | Loss : 0.284188 | ACC : 6169/6562 (94.011%)
[2025-02-24 10:06:11;INFO]Valid | Loss : 0.689254 | ACC : 2119/2813 (75.329%)
[2025-02-24 10:06:11;INFO]      | Loss didn't drop!

[2025-02-24 10:06:11;INFO]best epoch: 239, best loss: 0.208076
[2025-02-24 10:06:11;INFO]----------------------------------------------------------------------------------------------------

[2025-02-24 10:06:11;INFO]Current Epoch: 247 / 500 | Learning Rate : 0.0006545084971899626
[2025-02-24 10:06:41;INFO]Train | Loss : 0.290602 | ACC : 6129/6562 (93.401%)
[2025-02-24 10:06:45;INFO]Valid | Loss : 2.326474 | ACC : 1403/2813 (49.876%)
[2025-02-24 10:06:45;INFO]      | Loss didn't drop!

[2025-02-24 10:06:45;INFO]best epoch: 239, best loss: 0.208076
[2025-02-24 10:06:45;INFO]----------------------------------------------------------------------------------------------------

[2025-02-24 10:06:45;INFO]Current Epoch: 248 / 500 | Learning Rate : 0.0009045084971859265
[2025-02-24 10:07:15;INFO]Train | Loss : 0.283677 | ACC : 6143/6562 (93.615%)
[2025-02-24 10:07:19;INFO]Valid | Loss : 0.352174 | ACC : 2558/2813 (90.935%)
[2025-02-24 10:07:19;INFO]      | Loss didn't drop!

[2025-02-24 10:07:19;INFO]best epoch: 239, best loss: 0.208076
[2025-02-24 10:07:19;INFO]----------------------------------------------------------------------------------------------------

[2025-02-24 10:07:19;INFO]Current Epoch: 249 / 500 | Learning Rate : 9.549150281245702e-05
[2025-02-24 10:07:49;INFO]Train | Loss : 0.259985 | ACC : 6199/6562 (94.468%)
[2025-02-24 10:07:53;INFO]Valid | Loss : 0.323632 | ACC : 2599/2813 (92.392%)
[2025-02-24 10:07:53;INFO]      | Loss didn't drop!

[2025-02-24 10:07:53;INFO]best epoch: 239, best loss: 0.208076
[2025-02-24 10:07:53;INFO]----------------------------------------------------------------------------------------------------

[2025-02-24 10:07:53;INFO]Current Epoch: 250 / 500 | Learning Rate : 0.00034549150281318444
[2025-02-24 10:08:23;INFO]Train | Loss : 0.320217 | ACC : 6059/6562 (92.335%)
[2025-02-24 10:08:27;INFO]Valid | Loss : 3.347463 | ACC : 1235/2813 (43.903%)
[2025-02-24 10:08:27;INFO]      | Loss didn't drop!

[2025-02-24 10:08:27;INFO]best epoch: 239, best loss: 0.208076
[2025-02-24 10:08:27;INFO]----------------------------------------------------------------------------------------------------

[2025-02-24 10:08:27;INFO]Current Epoch: 251 / 500 | Learning Rate : 0.001000000000002308
[2025-02-24 10:08:57;INFO]Train | Loss : 0.416411 | ACC : 5852/6562 (89.180%)
[2025-02-24 10:09:01;INFO]Valid | Loss : 1.795578 | ACC : 1540/2813 (54.746%)
[2025-02-24 10:09:01;INFO]      | Loss didn't drop!

[2025-02-24 10:09:01;INFO]best epoch: 239, best loss: 0.208076
[2025-02-24 10:09:01;INFO]----------------------------------------------------------------------------------------------------

[2025-02-24 10:09:01;INFO]Current Epoch: 252 / 500 | Learning Rate : 0.00034549150281355166
[2025-02-24 10:09:31;INFO]Train | Loss : 0.251293 | ACC : 6276/6562 (95.642%)
[2025-02-24 10:09:35;INFO]Valid | Loss : 0.174486 | ACC : 2722/2813 (96.765%)
[2025-02-24 10:09:35;INFO]      | Loss dropped from 0.208076 to 0.174486, model has been saved!

[2025-02-24 10:09:35;INFO]best epoch: 252, best loss: 0.174486
[2025-02-24 10:09:35;INFO]----------------------------------------------------------------------------------------------------

[2025-02-24 10:09:35;INFO]Current Epoch: 253 / 500 | Learning Rate : 9.54915028125042e-05
[2025-02-24 10:10:05;INFO]Train | Loss : 0.208743 | ACC : 6283/6562 (95.748%)
[2025-02-24 10:10:09;INFO]Valid | Loss : 0.372483 | ACC : 2498/2813 (88.802%)
[2025-02-24 10:10:09;INFO]      | Loss didn't drop!

[2025-02-24 10:10:09;INFO]best epoch: 252, best loss: 0.174486
[2025-02-24 10:10:09;INFO]----------------------------------------------------------------------------------------------------

[2025-02-24 10:10:09;INFO]Current Epoch: 254 / 500 | Learning Rate : 0.0009045084971905429
[2025-02-24 10:10:39;INFO]Train | Loss : 0.347201 | ACC : 6026/6562 (91.832%)
[2025-02-24 10:10:43;INFO]Valid | Loss : 2.652214 | ACC : 1322/2813 (46.996%)
[2025-02-24 10:10:43;INFO]      | Loss didn't drop!

[2025-02-24 10:10:43;INFO]best epoch: 252, best loss: 0.174486
[2025-02-24 10:10:43;INFO]----------------------------------------------------------------------------------------------------

[2025-02-24 10:10:43;INFO]Current Epoch: 255 / 500 | Learning Rate : 0.0006545084971881508
[2025-02-24 10:11:13;INFO]Train | Loss : 0.272095 | ACC : 6216/6562 (94.727%)
[2025-02-24 10:11:17;INFO]Valid | Loss : 0.482891 | ACC : 2339/2813 (83.150%)
[2025-02-24 10:11:17;INFO]      | Loss didn't drop!

[2025-02-24 10:11:17;INFO]best epoch: 252, best loss: 0.174486
[2025-02-24 10:11:17;INFO]----------------------------------------------------------------------------------------------------

[2025-02-24 10:11:17;INFO]Current Epoch: 256 / 500 | Learning Rate : 0.0
[2025-02-24 10:11:47;INFO]Train | Loss : 0.322399 | ACC : 6104/6562 (93.020%)
[2025-02-24 10:11:51;INFO]Valid | Loss : 0.456977 | ACC : 2415/2813 (85.851%)
[2025-02-24 10:11:51;INFO]      | Loss didn't drop!

[2025-02-24 10:11:51;INFO]best epoch: 252, best loss: 0.174486
[2025-02-24 10:11:51;INFO]----------------------------------------------------------------------------------------------------

[2025-02-24 10:11:51;INFO]Current Epoch: 257 / 500 | Learning Rate : 0.0006545084971865972
[2025-02-24 10:12:21;INFO]Train | Loss : 0.276024 | ACC : 6126/6562 (93.356%)
[2025-02-24 10:12:25;INFO]Valid | Loss : 1.706942 | ACC : 1604/2813 (57.021%)
[2025-02-24 10:12:25;INFO]      | Loss didn't drop!

[2025-02-24 10:12:25;INFO]best epoch: 252, best loss: 0.174486
[2025-02-24 10:12:25;INFO]----------------------------------------------------------------------------------------------------

[2025-02-24 10:12:25;INFO]Current Epoch: 258 / 500 | Learning Rate : 0.0009045084971891639
[2025-02-24 10:12:55;INFO]Train | Loss : 0.306669 | ACC : 6161/6562 (93.889%)
[2025-02-24 10:12:59;INFO]Valid | Loss : 0.317728 | ACC : 2589/2813 (92.037%)
[2025-02-24 10:12:59;INFO]      | Loss didn't drop!

[2025-02-24 10:12:59;INFO]best epoch: 252, best loss: 0.174486
[2025-02-24 10:12:59;INFO]----------------------------------------------------------------------------------------------------

[2025-02-24 10:12:59;INFO]Current Epoch: 259 / 500 | Learning Rate : 9.549150281240342e-05
[2025-02-24 10:13:29;INFO]Train | Loss : 0.238056 | ACC : 6219/6562 (94.773%)
[2025-02-24 10:13:33;INFO]Valid | Loss : 0.386744 | ACC : 2484/2813 (88.304%)
[2025-02-24 10:13:33;INFO]      | Loss didn't drop!

[2025-02-24 10:13:33;INFO]best epoch: 252, best loss: 0.174486
[2025-02-24 10:13:33;INFO]----------------------------------------------------------------------------------------------------

[2025-02-24 10:13:33;INFO]Current Epoch: 260 / 500 | Learning Rate : 0.0003454915028143901
[2025-02-24 10:14:03;INFO]Train | Loss : 0.283899 | ACC : 6112/6562 (93.142%)
[2025-02-24 10:14:07;INFO]Valid | Loss : 1.186675 | ACC : 2161/2813 (76.822%)
[2025-02-24 10:14:07;INFO]      | Loss didn't drop!

[2025-02-24 10:14:07;INFO]best epoch: 252, best loss: 0.174486
[2025-02-24 10:14:07;INFO]----------------------------------------------------------------------------------------------------

[2025-02-24 10:14:07;INFO]Current Epoch: 261 / 500 | Learning Rate : 0.0009999999999971954
[2025-02-24 10:14:37;INFO]Train | Loss : 0.301542 | ACC : 6085/6562 (92.731%)
[2025-02-24 10:14:41;INFO]Valid | Loss : 0.438425 | ACC : 2507/2813 (89.122%)
[2025-02-24 10:14:41;INFO]      | Loss didn't drop!

[2025-02-24 10:14:41;INFO]best epoch: 252, best loss: 0.174486
[2025-02-24 10:14:41;INFO]----------------------------------------------------------------------------------------------------

[2025-02-24 10:14:41;INFO]Current Epoch: 262 / 500 | Learning Rate : 0.0003454915028125941
[2025-02-24 10:15:11;INFO]Train | Loss : 0.208728 | ACC : 6322/6562 (96.343%)
[2025-02-24 10:15:15;INFO]Valid | Loss : 0.181156 | ACC : 2731/2813 (97.085%)
[2025-02-24 10:15:15;INFO]      | Loss didn't drop!

[2025-02-24 10:15:15;INFO]best epoch: 252, best loss: 0.174486
[2025-02-24 10:15:15;INFO]----------------------------------------------------------------------------------------------------

[2025-02-24 10:15:15;INFO]Current Epoch: 263 / 500 | Learning Rate : 9.549150281255326e-05
[2025-02-24 10:15:45;INFO]Train | Loss : 0.464592 | ACC : 5832/6562 (88.875%)
[2025-02-24 10:15:49;INFO]Valid | Loss : 1.996607 | ACC : 1589/2813 (56.488%)
[2025-02-24 10:15:49;INFO]      | Loss didn't drop!

[2025-02-24 10:15:49;INFO]best epoch: 252, best loss: 0.174486
[2025-02-24 10:15:49;INFO]----------------------------------------------------------------------------------------------------

[2025-02-24 10:15:49;INFO]Current Epoch: 264 / 500 | Learning Rate : 0.0009045084971911392
[2025-02-24 10:16:19;INFO]Train | Loss : 0.288108 | ACC : 6190/6562 (94.331%)
[2025-02-24 10:16:23;INFO]Valid | Loss : 1.527437 | ACC : 1486/2813 (52.826%)
[2025-02-24 10:16:23;INFO]      | Loss didn't drop!

[2025-02-24 10:16:23;INFO]best epoch: 252, best loss: 0.174486
[2025-02-24 10:16:23;INFO]----------------------------------------------------------------------------------------------------

[2025-02-24 10:16:23;INFO]Current Epoch: 265 / 500 | Learning Rate : 0.0006545084971884021
[2025-02-24 10:16:53;INFO]Train | Loss : 0.298691 | ACC : 6125/6562 (93.340%)
[2025-02-24 10:16:57;INFO]Valid | Loss : 0.178979 | ACC : 2734/2813 (97.192%)
[2025-02-24 10:16:57;INFO]      | Loss didn't drop!

[2025-02-24 10:16:57;INFO]best epoch: 252, best loss: 0.174486
[2025-02-24 10:16:57;INFO]----------------------------------------------------------------------------------------------------

[2025-02-24 10:16:57;INFO]Current Epoch: 266 / 500 | Learning Rate : 0.0
[2025-02-24 10:17:27;INFO]Train | Loss : 0.181540 | ACC : 6323/6562 (96.358%)
[2025-02-24 10:17:31;INFO]Valid | Loss : 0.291890 | ACC : 2568/2813 (91.290%)
[2025-02-24 10:17:31;INFO]      | Loss didn't drop!

[2025-02-24 10:17:31;INFO]best epoch: 252, best loss: 0.174486
[2025-02-24 10:17:31;INFO]----------------------------------------------------------------------------------------------------

[2025-02-24 10:17:31;INFO]Current Epoch: 267 / 500 | Learning Rate : 0.0006545084971870086
[2025-02-24 10:18:01;INFO]Train | Loss : 0.240492 | ACC : 6174/6562 (94.087%)
[2025-02-24 10:18:05;INFO]Valid | Loss : 1.054249 | ACC : 1983/2813 (70.494%)
[2025-02-24 10:18:05;INFO]      | Loss didn't drop!

[2025-02-24 10:18:05;INFO]best epoch: 252, best loss: 0.174486
[2025-02-24 10:18:05;INFO]----------------------------------------------------------------------------------------------------

[2025-02-24 10:18:05;INFO]Current Epoch: 268 / 500 | Learning Rate : 0.0009045084971897828
[2025-02-24 10:18:35;INFO]Train | Loss : 0.233896 | ACC : 6239/6562 (95.078%)
[2025-02-24 10:18:39;INFO]Valid | Loss : 0.658340 | ACC : 2121/2813 (75.400%)
[2025-02-24 10:18:39;INFO]      | Loss didn't drop!

[2025-02-24 10:18:39;INFO]best epoch: 252, best loss: 0.174486
[2025-02-24 10:18:39;INFO]----------------------------------------------------------------------------------------------------

[2025-02-24 10:18:39;INFO]Current Epoch: 269 / 500 | Learning Rate : 9.549150281261641e-05
[2025-02-24 10:19:09;INFO]Train | Loss : 0.342839 | ACC : 6051/6562 (92.213%)
[2025-02-24 10:19:13;INFO]Valid | Loss : 0.566788 | ACC : 2231/2813 (79.310%)
[2025-02-24 10:19:13;INFO]      | Loss didn't drop!

[2025-02-24 10:19:13;INFO]best epoch: 252, best loss: 0.174486
[2025-02-24 10:19:13;INFO]----------------------------------------------------------------------------------------------------

[2025-02-24 10:19:13;INFO]Current Epoch: 270 / 500 | Learning Rate : 0.0003454915028126015
[2025-02-24 10:19:43;INFO]Train | Loss : 0.328685 | ACC : 6037/6562 (91.999%)
[2025-02-24 10:19:47;INFO]Valid | Loss : 0.296017 | ACC : 2597/2813 (92.321%)
[2025-02-24 10:19:47;INFO]      | Loss didn't drop!

[2025-02-24 10:19:47;INFO]best epoch: 252, best loss: 0.174486
[2025-02-24 10:19:47;INFO]----------------------------------------------------------------------------------------------------

[2025-02-24 10:19:47;INFO]Current Epoch: 271 / 500 | Learning Rate : 0.0010000000000036518
[2025-02-24 10:20:17;INFO]Train | Loss : 0.231216 | ACC : 6261/6562 (95.413%)
[2025-02-24 10:20:21;INFO]Valid | Loss : 1.087919 | ACC : 2022/2813 (71.881%)
[2025-02-24 10:20:21;INFO]      | Loss didn't drop!

[2025-02-24 10:20:21;INFO]best epoch: 252, best loss: 0.174486
[2025-02-24 10:20:21;INFO]----------------------------------------------------------------------------------------------------

[2025-02-24 10:20:21;INFO]Current Epoch: 272 / 500 | Learning Rate : 0.00034549150281285284
[2025-02-24 10:20:51;INFO]Train | Loss : 0.246890 | ACC : 6177/6562 (94.133%)
[2025-02-24 10:20:55;INFO]Valid | Loss : 0.175516 | ACC : 2730/2813 (97.049%)
[2025-02-24 10:20:55;INFO]      | Loss didn't drop!

[2025-02-24 10:20:55;INFO]best epoch: 252, best loss: 0.174486
[2025-02-24 10:20:55;INFO]----------------------------------------------------------------------------------------------------

[2025-02-24 10:20:55;INFO]Current Epoch: 273 / 500 | Learning Rate : 9.549150281273505e-05
[2025-02-24 10:21:25;INFO]Train | Loss : 0.329761 | ACC : 6051/6562 (92.213%)
[2025-02-24 10:21:29;INFO]Valid | Loss : 1.148037 | ACC : 1893/2813 (67.295%)
[2025-02-24 10:21:29;INFO]      | Loss didn't drop!

[2025-02-24 10:21:29;INFO]best epoch: 252, best loss: 0.174486
[2025-02-24 10:21:29;INFO]----------------------------------------------------------------------------------------------------

[2025-02-24 10:21:29;INFO]Current Epoch: 274 / 500 | Learning Rate : 0.0009045084971864985
[2025-02-24 10:21:59;INFO]Train | Loss : 0.317664 | ACC : 6018/6562 (91.710%)
[2025-02-24 10:22:03;INFO]Valid | Loss : 0.494268 | ACC : 2423/2813 (86.136%)
[2025-02-24 10:22:03;INFO]      | Loss didn't drop!

[2025-02-24 10:22:03;INFO]best epoch: 252, best loss: 0.174486
[2025-02-24 10:22:03;INFO]----------------------------------------------------------------------------------------------------

[2025-02-24 10:22:03;INFO]Current Epoch: 275 / 500 | Learning Rate : 0.0006545084971888639
[2025-02-24 10:22:33;INFO]Train | Loss : 0.209998 | ACC : 6274/6562 (95.611%)
[2025-02-24 10:22:37;INFO]Valid | Loss : 0.202179 | ACC : 2701/2813 (96.018%)
[2025-02-24 10:22:37;INFO]      | Loss didn't drop!

[2025-02-24 10:22:37;INFO]best epoch: 252, best loss: 0.174486
[2025-02-24 10:22:37;INFO]----------------------------------------------------------------------------------------------------

[2025-02-24 10:22:37;INFO]Current Epoch: 276 / 500 | Learning Rate : 0.0
[2025-02-24 10:23:07;INFO]Train | Loss : 0.241570 | ACC : 6156/6562 (93.813%)
[2025-02-24 10:23:11;INFO]Valid | Loss : 1.120149 | ACC : 1770/2813 (62.922%)
[2025-02-24 10:23:11;INFO]      | Loss didn't drop!

[2025-02-24 10:23:11;INFO]best epoch: 252, best loss: 0.174486
[2025-02-24 10:23:11;INFO]----------------------------------------------------------------------------------------------------

[2025-02-24 10:23:11;INFO]Current Epoch: 277 / 500 | Learning Rate : 0.000654508497187426
[2025-02-24 10:23:41;INFO]Train | Loss : 0.222791 | ACC : 6242/6562 (95.123%)
[2025-02-24 10:23:45;INFO]Valid | Loss : 1.176177 | ACC : 1921/2813 (68.290%)
[2025-02-24 10:23:45;INFO]      | Loss didn't drop!

[2025-02-24 10:23:45;INFO]best epoch: 252, best loss: 0.174486
[2025-02-24 10:23:45;INFO]----------------------------------------------------------------------------------------------------

[2025-02-24 10:23:45;INFO]Current Epoch: 278 / 500 | Learning Rate : 0.0009045084971851819
[2025-02-24 10:24:15;INFO]Train | Loss : 0.205024 | ACC : 6262/6562 (95.428%)
[2025-02-24 10:24:19;INFO]Valid | Loss : 1.319761 | ACC : 1943/2813 (69.072%)
[2025-02-24 10:24:19;INFO]      | Loss didn't drop!

[2025-02-24 10:24:19;INFO]best epoch: 252, best loss: 0.174486
[2025-02-24 10:24:19;INFO]----------------------------------------------------------------------------------------------------

[2025-02-24 10:24:19;INFO]Current Epoch: 279 / 500 | Learning Rate : 9.549150281256284e-05
[2025-02-24 10:24:49;INFO]Train | Loss : 0.306145 | ACC : 6115/6562 (93.188%)
[2025-02-24 10:24:53;INFO]Valid | Loss : 0.241856 | ACC : 2662/2813 (94.632%)
[2025-02-24 10:24:53;INFO]      | Loss didn't drop!

[2025-02-24 10:24:53;INFO]best epoch: 252, best loss: 0.174486
[2025-02-24 10:24:53;INFO]----------------------------------------------------------------------------------------------------

[2025-02-24 10:24:53;INFO]Current Epoch: 280 / 500 | Learning Rate : 0.000345491502812807
[2025-02-24 10:25:23;INFO]Train | Loss : 0.222954 | ACC : 6230/6562 (94.941%)
[2025-02-24 10:25:27;INFO]Valid | Loss : 0.872883 | ACC : 2156/2813 (76.644%)
[2025-02-24 10:25:27;INFO]      | Loss didn't drop!

[2025-02-24 10:25:27;INFO]best epoch: 252, best loss: 0.174486
[2025-02-24 10:25:27;INFO]----------------------------------------------------------------------------------------------------

[2025-02-24 10:25:27;INFO]Current Epoch: 281 / 500 | Learning Rate : 0.00100000000000432
[2025-02-24 10:25:56;INFO]Train | Loss : 0.256579 | ACC : 6143/6562 (93.615%)
[2025-02-24 10:26:01;INFO]Valid | Loss : 0.590591 | ACC : 2440/2813 (86.740%)
[2025-02-24 10:26:01;INFO]      | Loss didn't drop!

[2025-02-24 10:26:01;INFO]best epoch: 252, best loss: 0.174486
[2025-02-24 10:26:01;INFO]----------------------------------------------------------------------------------------------------

[2025-02-24 10:26:01;INFO]Current Epoch: 282 / 500 | Learning Rate : 0.00034549150281332496
[2025-02-24 10:26:30;INFO]Train | Loss : 0.391580 | ACC : 5931/6562 (90.384%)
[2025-02-24 10:26:35;INFO]Valid | Loss : 0.283040 | ACC : 2685/2813 (95.450%)
[2025-02-24 10:26:35;INFO]      | Loss didn't drop!

[2025-02-24 10:26:35;INFO]best epoch: 252, best loss: 0.174486
[2025-02-24 10:26:35;INFO]----------------------------------------------------------------------------------------------------

[2025-02-24 10:26:35;INFO]Current Epoch: 283 / 500 | Learning Rate : 9.549150281265047e-05
[2025-02-24 10:27:04;INFO]Train | Loss : 0.219768 | ACC : 6304/6562 (96.068%)
[2025-02-24 10:27:09;INFO]Valid | Loss : 0.375055 | ACC : 2485/2813 (88.340%)
[2025-02-24 10:27:09;INFO]      | Loss didn't drop!

[2025-02-24 10:27:09;INFO]best epoch: 252, best loss: 0.174486
[2025-02-24 10:27:09;INFO]----------------------------------------------------------------------------------------------------

[2025-02-24 10:27:09;INFO]Current Epoch: 284 / 500 | Learning Rate : 0.0009045084971870948
[2025-02-24 10:27:38;INFO]Train | Loss : 0.206483 | ACC : 6258/6562 (95.367%)
[2025-02-24 10:27:42;INFO]Valid | Loss : 2.924326 | ACC : 1404/2813 (49.911%)
[2025-02-24 10:27:42;INFO]      | Loss didn't drop!

[2025-02-24 10:27:42;INFO]best epoch: 252, best loss: 0.174486
[2025-02-24 10:27:42;INFO]----------------------------------------------------------------------------------------------------

[2025-02-24 10:27:42;INFO]Current Epoch: 285 / 500 | Learning Rate : 0.0006545084971893315
[2025-02-24 10:28:12;INFO]Train | Loss : 0.308945 | ACC : 6049/6562 (92.182%)
[2025-02-24 10:28:16;INFO]Valid | Loss : 0.452671 | ACC : 2332/2813 (82.901%)
[2025-02-24 10:28:16;INFO]      | Loss didn't drop!

[2025-02-24 10:28:16;INFO]best epoch: 252, best loss: 0.174486
[2025-02-24 10:28:16;INFO]----------------------------------------------------------------------------------------------------

[2025-02-24 10:28:16;INFO]Current Epoch: 286 / 500 | Learning Rate : 0.0
[2025-02-24 10:28:46;INFO]Train | Loss : 0.202609 | ACC : 6316/6562 (96.251%)
[2025-02-24 10:28:50;INFO]Valid | Loss : 0.339330 | ACC : 2557/2813 (90.899%)
[2025-02-24 10:28:50;INFO]      | Loss didn't drop!

[2025-02-24 10:28:50;INFO]best epoch: 252, best loss: 0.174486
[2025-02-24 10:28:50;INFO]----------------------------------------------------------------------------------------------------

[2025-02-24 10:28:50;INFO]Current Epoch: 287 / 500 | Learning Rate : 0.0006545084971880595
[2025-02-24 10:29:20;INFO]Train | Loss : 0.205135 | ACC : 6278/6562 (95.672%)
[2025-02-24 10:29:24;INFO]Valid | Loss : 1.750883 | ACC : 1492/2813 (53.039%)
[2025-02-24 10:29:24;INFO]      | Loss didn't drop!

[2025-02-24 10:29:24;INFO]best epoch: 252, best loss: 0.174486
[2025-02-24 10:29:24;INFO]----------------------------------------------------------------------------------------------------

[2025-02-24 10:29:24;INFO]Current Epoch: 288 / 500 | Learning Rate : 0.0009045084971910287
[2025-02-24 10:29:54;INFO]Train | Loss : 0.216337 | ACC : 6189/6562 (94.316%)
[2025-02-24 10:29:58;INFO]Valid | Loss : 0.423728 | ACC : 2425/2813 (86.207%)
[2025-02-24 10:29:58;INFO]      | Loss didn't drop!

[2025-02-24 10:29:58;INFO]best epoch: 252, best loss: 0.174486
[2025-02-24 10:29:58;INFO]----------------------------------------------------------------------------------------------------

[2025-02-24 10:29:58;INFO]Current Epoch: 289 / 500 | Learning Rate : 9.549150281264207e-05
[2025-02-24 10:30:28;INFO]Train | Loss : 0.154275 | ACC : 6378/6562 (97.196%)
[2025-02-24 10:30:32;INFO]Valid | Loss : 0.221684 | ACC : 2670/2813 (94.916%)
[2025-02-24 10:30:32;INFO]      | Loss didn't drop!

[2025-02-24 10:30:32;INFO]best epoch: 252, best loss: 0.174486
[2025-02-24 10:30:32;INFO]----------------------------------------------------------------------------------------------------

[2025-02-24 10:30:32;INFO]Current Epoch: 290 / 500 | Learning Rate : 0.00034549150281323155
[2025-02-24 10:31:02;INFO]Train | Loss : 0.140785 | ACC : 6391/6562 (97.394%)
[2025-02-24 10:31:06;INFO]Valid | Loss : 3.161873 | ACC : 1180/2813 (41.948%)
[2025-02-24 10:31:06;INFO]      | Loss didn't drop!

[2025-02-24 10:31:06;INFO]best epoch: 252, best loss: 0.174486
[2025-02-24 10:31:06;INFO]----------------------------------------------------------------------------------------------------

[2025-02-24 10:31:06;INFO]Current Epoch: 291 / 500 | Learning Rate : 0.0009999999999992157
[2025-02-24 10:31:36;INFO]Train | Loss : 0.270406 | ACC : 6124/6562 (93.325%)
[2025-02-24 10:31:40;INFO]Valid | Loss : 0.403615 | ACC : 2504/2813 (89.015%)
[2025-02-24 10:31:40;INFO]      | Loss didn't drop!

[2025-02-24 10:31:40;INFO]best epoch: 252, best loss: 0.174486
[2025-02-24 10:31:40;INFO]----------------------------------------------------------------------------------------------------

[2025-02-24 10:31:40;INFO]Current Epoch: 292 / 500 | Learning Rate : 0.0003454915028133676
[2025-02-24 10:32:10;INFO]Train | Loss : 0.289247 | ACC : 6072/6562 (92.533%)
[2025-02-24 10:32:14;INFO]Valid | Loss : 0.292099 | ACC : 2620/2813 (93.139%)
[2025-02-24 10:32:14;INFO]      | Loss didn't drop!

[2025-02-24 10:32:14;INFO]best epoch: 252, best loss: 0.174486
[2025-02-24 10:32:14;INFO]----------------------------------------------------------------------------------------------------

[2025-02-24 10:32:14;INFO]Current Epoch: 293 / 500 | Learning Rate : 9.549150281269949e-05
[2025-02-24 10:32:44;INFO]Train | Loss : 0.172123 | ACC : 6345/6562 (96.693%)
[2025-02-24 10:32:48;INFO]Valid | Loss : 1.023686 | ACC : 1888/2813 (67.117%)
[2025-02-24 10:32:48;INFO]      | Loss didn't drop!

[2025-02-24 10:32:48;INFO]best epoch: 252, best loss: 0.174486
[2025-02-24 10:32:48;INFO]----------------------------------------------------------------------------------------------------

[2025-02-24 10:32:48;INFO]Current Epoch: 294 / 500 | Learning Rate : 0.000904508497187691
[2025-02-24 10:33:18;INFO]Train | Loss : 0.174257 | ACC : 6300/6562 (96.007%)
[2025-02-24 10:33:22;INFO]Valid | Loss : 3.732006 | ACC : 1201/2813 (42.695%)
[2025-02-24 10:33:22;INFO]      | Loss didn't drop!

[2025-02-24 10:33:22;INFO]best epoch: 252, best loss: 0.174486
[2025-02-24 10:33:22;INFO]----------------------------------------------------------------------------------------------------

[2025-02-24 10:33:22;INFO]Current Epoch: 295 / 500 | Learning Rate : 0.0006545084971860166
[2025-02-24 10:33:52;INFO]Train | Loss : 0.215030 | ACC : 6270/6562 (95.550%)
[2025-02-24 10:33:56;INFO]Valid | Loss : 0.267439 | ACC : 2610/2813 (92.784%)
[2025-02-24 10:33:56;INFO]      | Loss didn't drop!

[2025-02-24 10:33:56;INFO]best epoch: 252, best loss: 0.174486
[2025-02-24 10:33:56;INFO]----------------------------------------------------------------------------------------------------

[2025-02-24 10:33:56;INFO]Current Epoch: 296 / 500 | Learning Rate : 0.0
[2025-02-24 10:34:26;INFO]Train | Loss : 0.148848 | ACC : 6367/6562 (97.028%)
[2025-02-24 10:34:30;INFO]Valid | Loss : 0.727110 | ACC : 2261/2813 (80.377%)
[2025-02-24 10:34:30;INFO]      | Loss didn't drop!

[2025-02-24 10:34:30;INFO]best epoch: 252, best loss: 0.174486
[2025-02-24 10:34:30;INFO]----------------------------------------------------------------------------------------------------

[2025-02-24 10:34:30;INFO]Current Epoch: 297 / 500 | Learning Rate : 0.0006545084971882551
[2025-02-24 10:35:00;INFO]Train | Loss : 0.156383 | ACC : 6344/6562 (96.678%)
[2025-02-24 10:35:04;INFO]Valid | Loss : 3.427812 | ACC : 1017/2813 (36.154%)
[2025-02-24 10:35:04;INFO]      | Loss didn't drop!

[2025-02-24 10:35:04;INFO]best epoch: 252, best loss: 0.174486
[2025-02-24 10:35:04;INFO]----------------------------------------------------------------------------------------------------

[2025-02-24 10:35:04;INFO]Current Epoch: 298 / 500 | Learning Rate : 0.000904508497191657
[2025-02-24 10:35:34;INFO]Train | Loss : 0.225048 | ACC : 6229/6562 (94.925%)
[2025-02-24 10:35:38;INFO]Valid | Loss : 0.202180 | ACC : 2697/2813 (95.876%)
[2025-02-24 10:35:38;INFO]      | Loss didn't drop!

[2025-02-24 10:35:38;INFO]best epoch: 252, best loss: 0.174486
[2025-02-24 10:35:38;INFO]----------------------------------------------------------------------------------------------------

[2025-02-24 10:35:38;INFO]Current Epoch: 299 / 500 | Learning Rate : 9.549150281272223e-05
[2025-02-24 10:36:08;INFO]Train | Loss : 0.165363 | ACC : 6319/6562 (96.297%)
[2025-02-24 10:36:12;INFO]Valid | Loss : 0.266145 | ACC : 2585/2813 (91.895%)
[2025-02-24 10:36:12;INFO]      | Loss didn't drop!

[2025-02-24 10:36:12;INFO]best epoch: 252, best loss: 0.174486
[2025-02-24 10:36:12;INFO]----------------------------------------------------------------------------------------------------

[2025-02-24 10:36:12;INFO]Current Epoch: 300 / 500 | Learning Rate : 0.00034549150281344
[2025-02-24 10:36:42;INFO]Train | Loss : 0.251918 | ACC : 6184/6562 (94.240%)
[2025-02-24 10:36:46;INFO]Valid | Loss : 1.912487 | ACC : 1764/2813 (62.709%)
[2025-02-24 10:36:46;INFO]      | Loss didn't drop!

[2025-02-24 10:36:46;INFO]best epoch: 252, best loss: 0.174486
[2025-02-24 10:36:46;INFO]----------------------------------------------------------------------------------------------------

[2025-02-24 10:36:46;INFO]Current Epoch: 301 / 500 | Learning Rate : 0.0009999999999998923
[2025-02-24 10:37:15;INFO]Train | Loss : 0.345983 | ACC : 6004/6562 (91.496%)
[2025-02-24 10:37:20;INFO]Valid | Loss : 2.339417 | ACC : 1231/2813 (43.761%)
[2025-02-24 10:37:20;INFO]      | Loss didn't drop!

[2025-02-24 10:37:20;INFO]best epoch: 252, best loss: 0.174486
[2025-02-24 10:37:20;INFO]----------------------------------------------------------------------------------------------------

[2025-02-24 10:37:20;INFO]Current Epoch: 302 / 500 | Learning Rate : 0.00034549150281362317
[2025-02-24 10:37:49;INFO]Train | Loss : 0.194265 | ACC : 6314/6562 (96.221%)
[2025-02-24 10:37:54;INFO]Valid | Loss : 0.155193 | ACC : 2760/2813 (98.116%)
[2025-02-24 10:37:54;INFO]      | Loss dropped from 0.174486 to 0.155193, model has been saved!

[2025-02-24 10:37:54;INFO]best epoch: 302, best loss: 0.155193
[2025-02-24 10:37:54;INFO]----------------------------------------------------------------------------------------------------

[2025-02-24 10:37:54;INFO]Current Epoch: 303 / 500 | Learning Rate : 9.549150281232931e-05
[2025-02-24 10:38:23;INFO]Train | Loss : 0.208019 | ACC : 6261/6562 (95.413%)
[2025-02-24 10:38:27;INFO]Valid | Loss : 0.730191 | ACC : 2252/2813 (80.057%)
[2025-02-24 10:38:27;INFO]      | Loss didn't drop!

[2025-02-24 10:38:27;INFO]best epoch: 302, best loss: 0.155193
[2025-02-24 10:38:27;INFO]----------------------------------------------------------------------------------------------------

[2025-02-24 10:38:27;INFO]Current Epoch: 304 / 500 | Learning Rate : 0.0009045084971884127
[2025-02-24 10:38:57;INFO]Train | Loss : 0.238242 | ACC : 6203/6562 (94.529%)
[2025-02-24 10:39:01;INFO]Valid | Loss : 0.306014 | ACC : 2592/2813 (92.144%)
[2025-02-24 10:39:01;INFO]      | Loss didn't drop!

[2025-02-24 10:39:01;INFO]best epoch: 302, best loss: 0.155193
[2025-02-24 10:39:01;INFO]----------------------------------------------------------------------------------------------------

[2025-02-24 10:39:01;INFO]Current Epoch: 305 / 500 | Learning Rate : 0.0006545084971902617
[2025-02-24 10:39:31;INFO]Train | Loss : 0.155692 | ACC : 6339/6562 (96.602%)
[2025-02-24 10:39:35;INFO]Valid | Loss : 0.244872 | ACC : 2648/2813 (94.134%)
[2025-02-24 10:39:35;INFO]      | Loss didn't drop!

[2025-02-24 10:39:35;INFO]best epoch: 302, best loss: 0.155193
[2025-02-24 10:39:35;INFO]----------------------------------------------------------------------------------------------------

[2025-02-24 10:39:35;INFO]Current Epoch: 306 / 500 | Learning Rate : 0.0
[2025-02-24 10:40:05;INFO]Train | Loss : 0.169575 | ACC : 6303/6562 (96.053%)
[2025-02-24 10:40:09;INFO]Valid | Loss : 1.225088 | ACC : 1790/2813 (63.633%)
[2025-02-24 10:40:09;INFO]      | Loss didn't drop!

[2025-02-24 10:40:09;INFO]best epoch: 302, best loss: 0.155193
[2025-02-24 10:40:09;INFO]----------------------------------------------------------------------------------------------------

[2025-02-24 10:40:09;INFO]Current Epoch: 307 / 500 | Learning Rate : 0.0006545084971886721
[2025-02-24 10:40:39;INFO]Train | Loss : 0.207139 | ACC : 6266/6562 (95.489%)
[2025-02-24 10:40:43;INFO]Valid | Loss : 0.230026 | ACC : 2679/2813 (95.236%)
[2025-02-24 10:40:43;INFO]      | Loss didn't drop!

[2025-02-24 10:40:43;INFO]best epoch: 302, best loss: 0.155193
[2025-02-24 10:40:43;INFO]----------------------------------------------------------------------------------------------------

[2025-02-24 10:40:43;INFO]Current Epoch: 308 / 500 | Learning Rate : 0.0009045084971870554
[2025-02-24 10:41:13;INFO]Train | Loss : 0.144311 | ACC : 6361/6562 (96.937%)
[2025-02-24 10:41:17;INFO]Valid | Loss : 0.409943 | ACC : 2457/2813 (87.344%)
[2025-02-24 10:41:17;INFO]      | Loss didn't drop!

[2025-02-24 10:41:17;INFO]best epoch: 302, best loss: 0.155193
[2025-02-24 10:41:17;INFO]----------------------------------------------------------------------------------------------------

[2025-02-24 10:41:17;INFO]Current Epoch: 309 / 500 | Learning Rate : 9.549150281280158e-05
[2025-02-24 10:41:47;INFO]Train | Loss : 0.206183 | ACC : 6275/6562 (95.626%)
[2025-02-24 10:41:51;INFO]Valid | Loss : 0.824935 | ACC : 2010/2813 (71.454%)
[2025-02-24 10:41:51;INFO]      | Loss didn't drop!

[2025-02-24 10:41:51;INFO]best epoch: 302, best loss: 0.155193
[2025-02-24 10:41:51;INFO]----------------------------------------------------------------------------------------------------

[2025-02-24 10:41:51;INFO]Current Epoch: 310 / 500 | Learning Rate : 0.00034549150281342915
[2025-02-24 10:42:21;INFO]Train | Loss : 0.244979 | ACC : 6207/6562 (94.590%)
[2025-02-24 10:42:25;INFO]Valid | Loss : 0.348331 | ACC : 2548/2813 (90.579%)
[2025-02-24 10:42:25;INFO]      | Loss didn't drop!

[2025-02-24 10:42:25;INFO]best epoch: 302, best loss: 0.155193
[2025-02-24 10:42:25;INFO]----------------------------------------------------------------------------------------------------

[2025-02-24 10:42:25;INFO]Current Epoch: 311 / 500 | Learning Rate : 0.0010000000000005588
[2025-02-24 10:42:55;INFO]Train | Loss : 0.162965 | ACC : 6356/6562 (96.861%)
[2025-02-24 10:42:59;INFO]Valid | Loss : 0.207543 | ACC : 2678/2813 (95.201%)
[2025-02-24 10:42:59;INFO]      | Loss didn't drop!

[2025-02-24 10:42:59;INFO]best epoch: 302, best loss: 0.155193
[2025-02-24 10:42:59;INFO]----------------------------------------------------------------------------------------------------

[2025-02-24 10:42:59;INFO]Current Epoch: 312 / 500 | Learning Rate : 0.00034549150281188497
[2025-02-24 10:43:29;INFO]Train | Loss : 0.217530 | ACC : 6236/6562 (95.032%)
[2025-02-24 10:43:33;INFO]Valid | Loss : 0.219576 | ACC : 2723/2813 (96.801%)
[2025-02-24 10:43:33;INFO]      | Loss didn't drop!

[2025-02-24 10:43:33;INFO]best epoch: 302, best loss: 0.155193
[2025-02-24 10:43:33;INFO]----------------------------------------------------------------------------------------------------

[2025-02-24 10:43:33;INFO]Current Epoch: 313 / 500 | Learning Rate : 9.549150281293034e-05
[2025-02-24 10:44:03;INFO]Train | Loss : 0.173239 | ACC : 6328/6562 (96.434%)
[2025-02-24 10:44:07;INFO]Valid | Loss : 3.121787 | ACC : 1444/2813 (51.333%)
[2025-02-24 10:44:07;INFO]      | Loss didn't drop!

[2025-02-24 10:44:07;INFO]best epoch: 302, best loss: 0.155193
[2025-02-24 10:44:07;INFO]----------------------------------------------------------------------------------------------------

[2025-02-24 10:44:07;INFO]Current Epoch: 314 / 500 | Learning Rate : 0.0009045084971890085
[2025-02-24 10:44:37;INFO]Train | Loss : 0.304974 | ACC : 6060/6562 (92.350%)
[2025-02-24 10:44:41;INFO]Valid | Loss : 2.413114 | ACC : 1379/2813 (49.022%)
[2025-02-24 10:44:41;INFO]      | Loss didn't drop!

[2025-02-24 10:44:41;INFO]best epoch: 302, best loss: 0.155193
[2025-02-24 10:44:41;INFO]----------------------------------------------------------------------------------------------------

[2025-02-24 10:44:41;INFO]Current Epoch: 315 / 500 | Learning Rate : 0.0006545084971867303
[2025-02-24 10:45:11;INFO]Train | Loss : 0.151977 | ACC : 6389/6562 (97.364%)
[2025-02-24 10:45:15;INFO]Valid | Loss : 0.162651 | ACC : 2749/2813 (97.725%)
[2025-02-24 10:45:15;INFO]      | Loss didn't drop!

[2025-02-24 10:45:15;INFO]best epoch: 302, best loss: 0.155193
[2025-02-24 10:45:15;INFO]----------------------------------------------------------------------------------------------------

[2025-02-24 10:45:15;INFO]Current Epoch: 316 / 500 | Learning Rate : 0.0
[2025-02-24 10:45:44;INFO]Train | Loss : 0.169432 | ACC : 6310/6562 (96.160%)
[2025-02-24 10:45:49;INFO]Valid | Loss : 0.593574 | ACC : 2226/2813 (79.133%)
[2025-02-24 10:45:49;INFO]      | Loss didn't drop!

[2025-02-24 10:45:49;INFO]best epoch: 302, best loss: 0.155193
[2025-02-24 10:45:49;INFO]----------------------------------------------------------------------------------------------------

[2025-02-24 10:45:49;INFO]Current Epoch: 317 / 500 | Learning Rate : 0.0006545084971893004
[2025-02-24 10:46:18;INFO]Train | Loss : 0.224355 | ACC : 6233/6562 (94.986%)
[2025-02-24 10:46:22;INFO]Valid | Loss : 1.237383 | ACC : 1801/2813 (64.024%)
[2025-02-24 10:46:22;INFO]      | Loss didn't drop!

[2025-02-24 10:46:22;INFO]best epoch: 302, best loss: 0.155193
[2025-02-24 10:46:22;INFO]----------------------------------------------------------------------------------------------------

[2025-02-24 10:46:22;INFO]Current Epoch: 318 / 500 | Learning Rate : 0.0009045084971876747
[2025-02-24 10:46:52;INFO]Train | Loss : 0.165676 | ACC : 6306/6562 (96.099%)
[2025-02-24 10:46:56;INFO]Valid | Loss : 2.015802 | ACC : 1605/2813 (57.057%)
[2025-02-24 10:46:56;INFO]      | Loss didn't drop!

[2025-02-24 10:46:56;INFO]best epoch: 302, best loss: 0.155193
[2025-02-24 10:46:56;INFO]----------------------------------------------------------------------------------------------------

[2025-02-24 10:46:56;INFO]Current Epoch: 319 / 500 | Learning Rate : 9.549150281288158e-05
[2025-02-24 10:47:26;INFO]Train | Loss : 0.206067 | ACC : 6267/6562 (95.504%)
[2025-02-24 10:47:30;INFO]Valid | Loss : 0.254338 | ACC : 2641/2813 (93.886%)
[2025-02-24 10:47:30;INFO]      | Loss didn't drop!

[2025-02-24 10:47:30;INFO]best epoch: 302, best loss: 0.155193
[2025-02-24 10:47:30;INFO]----------------------------------------------------------------------------------------------------

[2025-02-24 10:47:30;INFO]Current Epoch: 320 / 500 | Learning Rate : 0.0003454915028118569
[2025-02-24 10:48:00;INFO]Train | Loss : 0.298559 | ACC : 6065/6562 (92.426%)
[2025-02-24 10:48:04;INFO]Valid | Loss : 1.179467 | ACC : 1828/2813 (64.984%)
[2025-02-24 10:48:04;INFO]      | Loss didn't drop!

[2025-02-24 10:48:04;INFO]best epoch: 302, best loss: 0.155193
[2025-02-24 10:48:04;INFO]----------------------------------------------------------------------------------------------------

[2025-02-24 10:48:04;INFO]Current Epoch: 321 / 500 | Learning Rate : 0.0010000000000012354
[2025-02-24 10:48:34;INFO]Train | Loss : 0.171506 | ACC : 6343/6562 (96.663%)
[2025-02-24 10:48:38;INFO]Valid | Loss : 0.266270 | ACC : 2663/2813 (94.668%)
[2025-02-24 10:48:38;INFO]      | Loss didn't drop!

[2025-02-24 10:48:38;INFO]best epoch: 302, best loss: 0.155193
[2025-02-24 10:48:38;INFO]----------------------------------------------------------------------------------------------------

[2025-02-24 10:48:38;INFO]Current Epoch: 322 / 500 | Learning Rate : 0.00034549150281414087
[2025-02-24 10:49:08;INFO]Train | Loss : 0.308839 | ACC : 6077/6562 (92.609%)
[2025-02-24 10:49:12;INFO]Valid | Loss : 0.267094 | ACC : 2679/2813 (95.236%)
[2025-02-24 10:49:12;INFO]      | Loss didn't drop!

[2025-02-24 10:49:12;INFO]best epoch: 302, best loss: 0.155193
[2025-02-24 10:49:12;INFO]----------------------------------------------------------------------------------------------------

[2025-02-24 10:49:12;INFO]Current Epoch: 323 / 500 | Learning Rate : 9.549150281242741e-05
[2025-02-24 10:49:42;INFO]Train | Loss : 0.183690 | ACC : 6324/6562 (96.373%)
[2025-02-24 10:49:46;INFO]Valid | Loss : 0.341059 | ACC : 2511/2813 (89.264%)
[2025-02-24 10:49:46;INFO]      | Loss didn't drop!

[2025-02-24 10:49:46;INFO]best epoch: 302, best loss: 0.155193
[2025-02-24 10:49:46;INFO]----------------------------------------------------------------------------------------------------

[2025-02-24 10:49:46;INFO]Current Epoch: 324 / 500 | Learning Rate : 0.0009045084971894638
[2025-02-24 10:50:16;INFO]Train | Loss : 0.147459 | ACC : 6363/6562 (96.967%)
[2025-02-24 10:50:20;INFO]Valid | Loss : 0.723250 | ACC : 2188/2813 (77.782%)
[2025-02-24 10:50:20;INFO]      | Loss didn't drop!

[2025-02-24 10:50:20;INFO]best epoch: 302, best loss: 0.155193
[2025-02-24 10:50:20;INFO]----------------------------------------------------------------------------------------------------

[2025-02-24 10:50:20;INFO]Current Epoch: 325 / 500 | Learning Rate : 0.0006545084971874081
[2025-02-24 10:50:49;INFO]Train | Loss : 0.178434 | ACC : 6291/6562 (95.870%)
[2025-02-24 10:50:54;INFO]Valid | Loss : 0.349200 | ACC : 2445/2813 (86.918%)
[2025-02-24 10:50:54;INFO]      | Loss didn't drop!

[2025-02-24 10:50:54;INFO]best epoch: 302, best loss: 0.155193
[2025-02-24 10:50:54;INFO]----------------------------------------------------------------------------------------------------

[2025-02-24 10:50:54;INFO]Current Epoch: 326 / 500 | Learning Rate : 0.0
[2025-02-24 10:51:23;INFO]Train | Loss : 0.276981 | ACC : 6093/6562 (92.853%)
[2025-02-24 10:51:28;INFO]Valid | Loss : 1.837678 | ACC : 1819/2813 (64.664%)
[2025-02-24 10:51:28;INFO]      | Loss didn't drop!

[2025-02-24 10:51:28;INFO]best epoch: 302, best loss: 0.155193
[2025-02-24 10:51:28;INFO]----------------------------------------------------------------------------------------------------

[2025-02-24 10:51:28;INFO]Current Epoch: 327 / 500 | Learning Rate : 0.000654508497189718
[2025-02-24 10:51:57;INFO]Train | Loss : 0.181089 | ACC : 6282/6562 (95.733%)
[2025-02-24 10:52:01;INFO]Valid | Loss : 1.704218 | ACC : 1601/2813 (56.914%)
[2025-02-24 10:52:01;INFO]      | Loss didn't drop!

[2025-02-24 10:52:01;INFO]best epoch: 302, best loss: 0.155193
[2025-02-24 10:52:01;INFO]----------------------------------------------------------------------------------------------------

[2025-02-24 10:52:01;INFO]Current Epoch: 328 / 500 | Learning Rate : 0.0009045084971881686
[2025-02-24 10:52:31;INFO]Train | Loss : 0.175874 | ACC : 6319/6562 (96.297%)
[2025-02-24 10:52:35;INFO]Valid | Loss : 0.869165 | ACC : 2020/2813 (71.809%)
[2025-02-24 10:52:35;INFO]      | Loss didn't drop!

[2025-02-24 10:52:35;INFO]best epoch: 302, best loss: 0.155193
[2025-02-24 10:52:35;INFO]----------------------------------------------------------------------------------------------------

[2025-02-24 10:52:35;INFO]Current Epoch: 329 / 500 | Learning Rate : 9.549150281240986e-05
[2025-02-24 10:53:05;INFO]Train | Loss : 0.174773 | ACC : 6306/6562 (96.099%)
[2025-02-24 10:53:09;INFO]Valid | Loss : 0.197326 | ACC : 2666/2813 (94.774%)
[2025-02-24 10:53:09;INFO]      | Loss didn't drop!

[2025-02-24 10:53:09;INFO]best epoch: 302, best loss: 0.155193
[2025-02-24 10:53:09;INFO]----------------------------------------------------------------------------------------------------

[2025-02-24 10:53:09;INFO]Current Epoch: 330 / 500 | Learning Rate : 0.0003454915028140593
[2025-02-24 10:53:39;INFO]Train | Loss : 0.215830 | ACC : 6243/6562 (95.139%)
[2025-02-24 10:53:43;INFO]Valid | Loss : 0.614014 | ACC : 2178/2813 (77.426%)
[2025-02-24 10:53:43;INFO]      | Loss didn't drop!

[2025-02-24 10:53:43;INFO]best epoch: 302, best loss: 0.155193
[2025-02-24 10:53:43;INFO]----------------------------------------------------------------------------------------------------

[2025-02-24 10:53:43;INFO]Current Epoch: 331 / 500 | Learning Rate : 0.0010000000000019026
[2025-02-24 10:54:13;INFO]Train | Loss : 0.128209 | ACC : 6393/6562 (97.425%)
[2025-02-24 10:54:17;INFO]Valid | Loss : 0.753770 | ACC : 2158/2813 (76.715%)
[2025-02-24 10:54:17;INFO]      | Loss didn't drop!

[2025-02-24 10:54:17;INFO]best epoch: 302, best loss: 0.155193
[2025-02-24 10:54:17;INFO]----------------------------------------------------------------------------------------------------

[2025-02-24 10:54:17;INFO]Current Epoch: 332 / 500 | Learning Rate : 0.0003454915028123996
[2025-02-24 10:54:47;INFO]Train | Loss : 0.161340 | ACC : 6317/6562 (96.266%)
[2025-02-24 10:54:51;INFO]Valid | Loss : 0.185454 | ACC : 2721/2813 (96.729%)
[2025-02-24 10:54:51;INFO]      | Loss didn't drop!

[2025-02-24 10:54:51;INFO]best epoch: 302, best loss: 0.155193
[2025-02-24 10:54:51;INFO]----------------------------------------------------------------------------------------------------

[2025-02-24 10:54:51;INFO]Current Epoch: 333 / 500 | Learning Rate : 9.549150281247553e-05
[2025-02-24 10:55:21;INFO]Train | Loss : 0.136020 | ACC : 6404/6562 (97.592%)
[2025-02-24 10:55:25;INFO]Valid | Loss : 2.510986 | ACC : 1468/2813 (52.186%)
[2025-02-24 10:55:25;INFO]      | Loss didn't drop!

[2025-02-24 10:55:25;INFO]best epoch: 302, best loss: 0.155193
[2025-02-24 10:55:25;INFO]----------------------------------------------------------------------------------------------------

[2025-02-24 10:55:25;INFO]Current Epoch: 334 / 500 | Learning Rate : 0.0009045084971901937
[2025-02-24 10:55:55;INFO]Train | Loss : 0.136449 | ACC : 6374/6562 (97.135%)
[2025-02-24 10:55:59;INFO]Valid | Loss : 1.941805 | ACC : 1398/2813 (49.698%)
[2025-02-24 10:55:59;INFO]      | Loss didn't drop!

[2025-02-24 10:55:59;INFO]best epoch: 302, best loss: 0.155193
[2025-02-24 10:55:59;INFO]----------------------------------------------------------------------------------------------------

[2025-02-24 10:55:59;INFO]Current Epoch: 335 / 500 | Learning Rate : 0.000654508497187876
[2025-02-24 10:56:29;INFO]Train | Loss : 0.137893 | ACC : 6361/6562 (96.937%)
[2025-02-24 10:56:33;INFO]Valid | Loss : 0.152385 | ACC : 2733/2813 (97.156%)
[2025-02-24 10:56:33;INFO]      | Loss dropped from 0.155193 to 0.152385, model has been saved!

[2025-02-24 10:56:33;INFO]best epoch: 335, best loss: 0.152385
[2025-02-24 10:56:33;INFO]----------------------------------------------------------------------------------------------------

[2025-02-24 10:56:33;INFO]Current Epoch: 336 / 500 | Learning Rate : 0.0
[2025-02-24 10:57:03;INFO]Train | Loss : 0.358616 | ACC : 5978/6562 (91.100%)
[2025-02-24 10:57:07;INFO]Valid | Loss : 0.424617 | ACC : 2370/2813 (84.252%)
[2025-02-24 10:57:07;INFO]      | Loss didn't drop!

[2025-02-24 10:57:07;INFO]best epoch: 335, best loss: 0.152385
[2025-02-24 10:57:07;INFO]----------------------------------------------------------------------------------------------------

[2025-02-24 10:57:07;INFO]Current Epoch: 337 / 500 | Learning Rate : 0.0006545084971863521
[2025-02-24 10:57:37;INFO]Train | Loss : 0.271878 | ACC : 6137/6562 (93.523%)
[2025-02-24 10:57:41;INFO]Valid | Loss : 2.487038 | ACC : 1392/2813 (49.485%)
[2025-02-24 10:57:41;INFO]      | Loss didn't drop!

[2025-02-24 10:57:41;INFO]best epoch: 335, best loss: 0.152385
[2025-02-24 10:57:41;INFO]----------------------------------------------------------------------------------------------------

[2025-02-24 10:57:41;INFO]Current Epoch: 338 / 500 | Learning Rate : 0.0009045084971889215
[2025-02-24 10:58:10;INFO]Train | Loss : 0.163330 | ACC : 6349/6562 (96.754%)
[2025-02-24 10:58:15;INFO]Valid | Loss : 0.230597 | ACC : 2645/2813 (94.028%)
[2025-02-24 10:58:15;INFO]      | Loss didn't drop!

[2025-02-24 10:58:15;INFO]best epoch: 335, best loss: 0.152385
[2025-02-24 10:58:15;INFO]----------------------------------------------------------------------------------------------------

[2025-02-24 10:58:15;INFO]Current Epoch: 339 / 500 | Learning Rate : 9.549150281304113e-05
[2025-02-24 10:58:44;INFO]Train | Loss : 0.194282 | ACC : 6248/6562 (95.215%)
[2025-02-24 10:58:49;INFO]Valid | Loss : 0.313673 | ACC : 2532/2813 (90.011%)
[2025-02-24 10:58:49;INFO]      | Loss didn't drop!

[2025-02-24 10:58:49;INFO]best epoch: 335, best loss: 0.152385
[2025-02-24 10:58:49;INFO]----------------------------------------------------------------------------------------------------

[2025-02-24 10:58:49;INFO]Current Epoch: 340 / 500 | Learning Rate : 0.00034549150281227073
[2025-02-24 10:59:18;INFO]Train | Loss : 0.146243 | ACC : 6367/6562 (97.028%)
[2025-02-24 10:59:23;INFO]Valid | Loss : 2.355591 | ACC : 1327/2813 (47.174%)
[2025-02-24 10:59:23;INFO]      | Loss didn't drop!

[2025-02-24 10:59:23;INFO]best epoch: 335, best loss: 0.152385
[2025-02-24 10:59:23;INFO]----------------------------------------------------------------------------------------------------

[2025-02-24 10:59:23;INFO]Current Epoch: 341 / 500 | Learning Rate : 0.0010000000000025793
[2025-02-24 10:59:52;INFO]Train | Loss : 0.180891 | ACC : 6286/6562 (95.794%)
[2025-02-24 10:59:56;INFO]Valid | Loss : 1.001493 | ACC : 1891/2813 (67.224%)
[2025-02-24 10:59:56;INFO]      | Loss didn't drop!

[2025-02-24 10:59:56;INFO]best epoch: 335, best loss: 0.152385
[2025-02-24 10:59:56;INFO]----------------------------------------------------------------------------------------------------

[2025-02-24 10:59:56;INFO]Current Epoch: 342 / 500 | Learning Rate : 0.00034549150281244204
[2025-02-24 11:00:26;INFO]Train | Loss : 0.186626 | ACC : 6284/6562 (95.763%)
[2025-02-24 11:00:30;INFO]Valid | Loss : 0.276128 | ACC : 2612/2813 (92.855%)
[2025-02-24 11:00:30;INFO]      | Loss didn't drop!

[2025-02-24 11:00:30;INFO]best epoch: 335, best loss: 0.152385
[2025-02-24 11:00:30;INFO]----------------------------------------------------------------------------------------------------

[2025-02-24 11:00:30;INFO]Current Epoch: 343 / 500 | Learning Rate : 9.549150281252459e-05
[2025-02-24 11:01:00;INFO]Train | Loss : 0.160959 | ACC : 6342/6562 (96.647%)
[2025-02-24 11:01:04;INFO]Valid | Loss : 1.752481 | ACC : 1597/2813 (56.772%)
[2025-02-24 11:01:04;INFO]      | Loss didn't drop!

[2025-02-24 11:01:04;INFO]best epoch: 335, best loss: 0.152385
[2025-02-24 11:01:04;INFO]----------------------------------------------------------------------------------------------------

[2025-02-24 11:01:04;INFO]Current Epoch: 344 / 500 | Learning Rate : 0.0009045084971907815
[2025-02-24 11:01:34;INFO]Train | Loss : 0.223488 | ACC : 6212/6562 (94.666%)
[2025-02-24 11:01:38;INFO]Valid | Loss : 1.430317 | ACC : 1861/2813 (66.157%)
[2025-02-24 11:01:38;INFO]      | Loss didn't drop!

[2025-02-24 11:01:38;INFO]best epoch: 335, best loss: 0.152385
[2025-02-24 11:01:38;INFO]----------------------------------------------------------------------------------------------------

[2025-02-24 11:01:38;INFO]Current Epoch: 345 / 500 | Learning Rate : 0.0006545084971881216
[2025-02-24 11:02:08;INFO]Train | Loss : 0.251508 | ACC : 6091/6562 (92.822%)
[2025-02-24 11:02:12;INFO]Valid | Loss : 0.256309 | ACC : 2650/2813 (94.205%)
[2025-02-24 11:02:12;INFO]      | Loss didn't drop!

[2025-02-24 11:02:12;INFO]best epoch: 335, best loss: 0.152385
[2025-02-24 11:02:12;INFO]----------------------------------------------------------------------------------------------------

[2025-02-24 11:02:12;INFO]Current Epoch: 346 / 500 | Learning Rate : 0.0
[2025-02-24 11:02:42;INFO]Train | Loss : 0.179173 | ACC : 6291/6562 (95.870%)
[2025-02-24 11:02:46;INFO]Valid | Loss : 3.533233 | ACC : 1238/2813 (44.010%)
[2025-02-24 11:02:46;INFO]      | Loss didn't drop!

[2025-02-24 11:02:46;INFO]best epoch: 335, best loss: 0.152385
[2025-02-24 11:02:46;INFO]----------------------------------------------------------------------------------------------------

[2025-02-24 11:02:46;INFO]Current Epoch: 347 / 500 | Learning Rate : 0.0006545084971905469
[2025-02-24 11:03:16;INFO]Train | Loss : 0.243994 | ACC : 6226/6562 (94.880%)
[2025-02-24 11:03:20;INFO]Valid | Loss : 2.734161 | ACC : 1299/2813 (46.178%)
[2025-02-24 11:03:20;INFO]      | Loss didn't drop!

[2025-02-24 11:03:20;INFO]best epoch: 335, best loss: 0.152385
[2025-02-24 11:03:20;INFO]----------------------------------------------------------------------------------------------------

[2025-02-24 11:03:20;INFO]Current Epoch: 348 / 500 | Learning Rate : 0.0009045084971894149
[2025-02-24 11:03:50;INFO]Train | Loss : 0.180536 | ACC : 6276/6562 (95.642%)
[2025-02-24 11:03:54;INFO]Valid | Loss : 0.599502 | ACC : 2208/2813 (78.493%)
[2025-02-24 11:03:54;INFO]      | Loss didn't drop!

[2025-02-24 11:03:54;INFO]best epoch: 335, best loss: 0.152385
[2025-02-24 11:03:54;INFO]----------------------------------------------------------------------------------------------------

[2025-02-24 11:03:54;INFO]Current Epoch: 349 / 500 | Learning Rate : 9.549150281256927e-05
[2025-02-24 11:04:24;INFO]Train | Loss : 0.171297 | ACC : 6313/6562 (96.205%)
[2025-02-24 11:04:28;INFO]Valid | Loss : 0.218727 | ACC : 2681/2813 (95.308%)
[2025-02-24 11:04:28;INFO]      | Loss didn't drop!

[2025-02-24 11:04:28;INFO]best epoch: 335, best loss: 0.152385
[2025-02-24 11:04:28;INFO]----------------------------------------------------------------------------------------------------

[2025-02-24 11:04:28;INFO]Current Epoch: 350 / 500 | Learning Rate : 0.00034549150281247933
[2025-02-24 11:04:57;INFO]Train | Loss : 0.134349 | ACC : 6372/6562 (97.105%)
[2025-02-24 11:05:02;INFO]Valid | Loss : 1.346687 | ACC : 1741/2813 (61.891%)
[2025-02-24 11:05:02;INFO]      | Loss didn't drop!

[2025-02-24 11:05:02;INFO]best epoch: 335, best loss: 0.152385
[2025-02-24 11:05:02;INFO]----------------------------------------------------------------------------------------------------

[2025-02-24 11:05:02;INFO]Current Epoch: 351 / 500 | Learning Rate : 0.0010000000000032466
[2025-02-24 11:05:31;INFO]Train | Loss : 0.231607 | ACC : 6168/6562 (93.996%)
[2025-02-24 11:05:35;INFO]Valid | Loss : 0.720814 | ACC : 2150/2813 (76.431%)
[2025-02-24 11:05:35;INFO]      | Loss didn't drop!

[2025-02-24 11:05:35;INFO]best epoch: 335, best loss: 0.152385
[2025-02-24 11:05:35;INFO]----------------------------------------------------------------------------------------------------

[2025-02-24 11:05:35;INFO]Current Epoch: 352 / 500 | Learning Rate : 0.00034549150281291404
[2025-02-24 11:06:05;INFO]Train | Loss : 0.154133 | ACC : 6342/6562 (96.647%)
[2025-02-24 11:06:09;INFO]Valid | Loss : 0.156159 | ACC : 2728/2813 (96.978%)
[2025-02-24 11:06:09;INFO]      | Loss didn't drop!

[2025-02-24 11:06:09;INFO]best epoch: 335, best loss: 0.152385
[2025-02-24 11:06:09;INFO]----------------------------------------------------------------------------------------------------

[2025-02-24 11:06:09;INFO]Current Epoch: 353 / 500 | Learning Rate : 9.549150281257277e-05
[2025-02-24 11:06:39;INFO]Train | Loss : 0.119125 | ACC : 6388/6562 (97.348%)
[2025-02-24 11:06:43;INFO]Valid | Loss : 1.142490 | ACC : 2130/2813 (75.720%)
[2025-02-24 11:06:43;INFO]      | Loss didn't drop!

[2025-02-24 11:06:43;INFO]best epoch: 335, best loss: 0.152385
[2025-02-24 11:06:43;INFO]----------------------------------------------------------------------------------------------------

[2025-02-24 11:06:43;INFO]Current Epoch: 354 / 500 | Learning Rate : 0.0009045084971861491
[2025-02-24 11:07:13;INFO]Train | Loss : 0.186525 | ACC : 6266/6562 (95.489%)
[2025-02-24 11:07:17;INFO]Valid | Loss : 2.742179 | ACC : 1271/2813 (45.183%)
[2025-02-24 11:07:17;INFO]      | Loss didn't drop!

[2025-02-24 11:07:17;INFO]best epoch: 335, best loss: 0.152385
[2025-02-24 11:07:17;INFO]----------------------------------------------------------------------------------------------------

[2025-02-24 11:07:17;INFO]Current Epoch: 355 / 500 | Learning Rate : 0.0006545084971885894
[2025-02-24 11:07:47;INFO]Train | Loss : 0.246240 | ACC : 6179/6562 (94.163%)
[2025-02-24 11:07:51;INFO]Valid | Loss : 0.458666 | ACC : 2415/2813 (85.851%)
[2025-02-24 11:07:51;INFO]      | Loss didn't drop!

[2025-02-24 11:07:51;INFO]best epoch: 335, best loss: 0.152385
[2025-02-24 11:07:51;INFO]----------------------------------------------------------------------------------------------------

[2025-02-24 11:07:51;INFO]Current Epoch: 356 / 500 | Learning Rate : 0.0
[2025-02-24 11:08:21;INFO]Train | Loss : 0.192117 | ACC : 6292/6562 (95.885%)
[2025-02-24 11:08:25;INFO]Valid | Loss : 0.975148 | ACC : 2046/2813 (72.734%)
[2025-02-24 11:08:25;INFO]      | Loss didn't drop!

[2025-02-24 11:08:25;INFO]best epoch: 335, best loss: 0.152385
[2025-02-24 11:08:25;INFO]----------------------------------------------------------------------------------------------------

[2025-02-24 11:08:25;INFO]Current Epoch: 357 / 500 | Learning Rate : 0.0006545084971871816
[2025-02-24 11:08:55;INFO]Train | Loss : 0.178573 | ACC : 6295/6562 (95.931%)
[2025-02-24 11:08:59;INFO]Valid | Loss : 2.510679 | ACC : 1343/2813 (47.743%)
[2025-02-24 11:08:59;INFO]      | Loss didn't drop!

[2025-02-24 11:08:59;INFO]best epoch: 335, best loss: 0.152385
[2025-02-24 11:08:59;INFO]----------------------------------------------------------------------------------------------------

[2025-02-24 11:08:59;INFO]Current Epoch: 358 / 500 | Learning Rate : 0.0009045084971900422
[2025-02-24 11:09:29;INFO]Train | Loss : 0.162683 | ACC : 6327/6562 (96.419%)
[2025-02-24 11:09:33;INFO]Valid | Loss : 0.296799 | ACC : 2514/2813 (89.371%)
[2025-02-24 11:09:33;INFO]      | Loss didn't drop!

[2025-02-24 11:09:33;INFO]best epoch: 335, best loss: 0.152385
[2025-02-24 11:09:33;INFO]----------------------------------------------------------------------------------------------------

[2025-02-24 11:09:33;INFO]Current Epoch: 359 / 500 | Learning Rate : 9.54915028125157e-05
[2025-02-24 11:10:03;INFO]Train | Loss : 0.187685 | ACC : 6285/6562 (95.779%)
[2025-02-24 11:10:07;INFO]Valid | Loss : 0.219879 | ACC : 2676/2813 (95.130%)
[2025-02-24 11:10:07;INFO]      | Loss didn't drop!

[2025-02-24 11:10:07;INFO]best epoch: 335, best loss: 0.152385
[2025-02-24 11:10:07;INFO]----------------------------------------------------------------------------------------------------

[2025-02-24 11:10:07;INFO]Current Epoch: 360 / 500 | Learning Rate : 0.0003454915028126847
[2025-02-24 11:10:37;INFO]Train | Loss : 0.136060 | ACC : 6361/6562 (96.937%)
[2025-02-24 11:10:41;INFO]Valid | Loss : 0.490787 | ACC : 2388/2813 (84.892%)
[2025-02-24 11:10:41;INFO]      | Loss didn't drop!

[2025-02-24 11:10:41;INFO]best epoch: 335, best loss: 0.152385
[2025-02-24 11:10:41;INFO]----------------------------------------------------------------------------------------------------

[2025-02-24 11:10:41;INFO]Current Epoch: 361 / 500 | Learning Rate : 0.0009999999999981426
[2025-02-24 11:11:11;INFO]Train | Loss : 0.116206 | ACC : 6398/6562 (97.501%)
[2025-02-24 11:11:15;INFO]Valid | Loss : 0.797082 | ACC : 2178/2813 (77.426%)
[2025-02-24 11:11:15;INFO]      | Loss didn't drop!

[2025-02-24 11:11:15;INFO]best epoch: 335, best loss: 0.152385
[2025-02-24 11:11:15;INFO]----------------------------------------------------------------------------------------------------

[2025-02-24 11:11:15;INFO]Current Epoch: 362 / 500 | Learning Rate : 0.0003454915028129567
[2025-02-24 11:11:44;INFO]Train | Loss : 0.106392 | ACC : 6426/6562 (97.927%)
[2025-02-24 11:11:49;INFO]Valid | Loss : 0.132549 | ACC : 2758/2813 (98.045%)
[2025-02-24 11:11:49;INFO]      | Loss dropped from 0.152385 to 0.132549, model has been saved!

[2025-02-24 11:11:49;INFO]best epoch: 362, best loss: 0.132549
[2025-02-24 11:11:49;INFO]----------------------------------------------------------------------------------------------------

[2025-02-24 11:11:49;INFO]Current Epoch: 363 / 500 | Learning Rate : 9.549150281262179e-05
[2025-02-24 11:12:18;INFO]Train | Loss : 0.141100 | ACC : 6353/6562 (96.815%)
[2025-02-24 11:12:23;INFO]Valid | Loss : 0.905080 | ACC : 1981/2813 (70.423%)
[2025-02-24 11:12:23;INFO]      | Loss didn't drop!

[2025-02-24 11:12:23;INFO]best epoch: 362, best loss: 0.132549
[2025-02-24 11:12:23;INFO]----------------------------------------------------------------------------------------------------

[2025-02-24 11:12:23;INFO]Current Epoch: 364 / 500 | Learning Rate : 0.0009045084971919733
[2025-02-24 11:12:52;INFO]Train | Loss : 0.159870 | ACC : 6298/6562 (95.977%)
[2025-02-24 11:12:56;INFO]Valid | Loss : 0.625565 | ACC : 2229/2813 (79.239%)
[2025-02-24 11:12:56;INFO]      | Loss didn't drop!

[2025-02-24 11:12:56;INFO]best epoch: 362, best loss: 0.132549
[2025-02-24 11:12:56;INFO]----------------------------------------------------------------------------------------------------

[2025-02-24 11:12:56;INFO]Current Epoch: 365 / 500 | Learning Rate : 0.000654508497189274
[2025-02-24 11:13:26;INFO]Train | Loss : 0.126302 | ACC : 6393/6562 (97.425%)
[2025-02-24 11:13:30;INFO]Valid | Loss : 0.174770 | ACC : 2742/2813 (97.476%)
[2025-02-24 11:13:30;INFO]      | Loss didn't drop!

[2025-02-24 11:13:30;INFO]best epoch: 362, best loss: 0.132549
[2025-02-24 11:13:30;INFO]----------------------------------------------------------------------------------------------------

[2025-02-24 11:13:30;INFO]Current Epoch: 366 / 500 | Learning Rate : 0.0
[2025-02-24 11:14:00;INFO]Train | Loss : 0.134552 | ACC : 6360/6562 (96.922%)
[2025-02-24 11:14:04;INFO]Valid | Loss : 0.768755 | ACC : 2121/2813 (75.400%)
[2025-02-24 11:14:04;INFO]      | Loss didn't drop!

[2025-02-24 11:14:04;INFO]best epoch: 362, best loss: 0.132549
[2025-02-24 11:14:04;INFO]----------------------------------------------------------------------------------------------------

[2025-02-24 11:14:04;INFO]Current Epoch: 367 / 500 | Learning Rate : 0.0006545084971875928
[2025-02-24 11:14:34;INFO]Train | Loss : 0.165410 | ACC : 6310/6562 (96.160%)
[2025-02-24 11:14:38;INFO]Valid | Loss : 0.273611 | ACC : 2626/2813 (93.352%)
[2025-02-24 11:14:38;INFO]      | Loss didn't drop!

[2025-02-24 11:14:38;INFO]best epoch: 362, best loss: 0.132549
[2025-02-24 11:14:38;INFO]----------------------------------------------------------------------------------------------------

[2025-02-24 11:14:38;INFO]Current Epoch: 368 / 500 | Learning Rate : 0.0009045084971906616
[2025-02-24 11:15:08;INFO]Train | Loss : 0.114892 | ACC : 6396/6562 (97.470%)
[2025-02-24 11:15:12;INFO]Valid | Loss : 0.403359 | ACC : 2425/2813 (86.207%)
[2025-02-24 11:15:12;INFO]      | Loss didn't drop!

[2025-02-24 11:15:12;INFO]best epoch: 362, best loss: 0.132549
[2025-02-24 11:15:12;INFO]----------------------------------------------------------------------------------------------------

[2025-02-24 11:15:12;INFO]Current Epoch: 369 / 500 | Learning Rate : 9.549150281259502e-05
[2025-02-24 11:15:42;INFO]Train | Loss : 0.145932 | ACC : 6346/6562 (96.708%)
[2025-02-24 11:15:46;INFO]Valid | Loss : 0.222299 | ACC : 2673/2813 (95.023%)
[2025-02-24 11:15:46;INFO]      | Loss didn't drop!

[2025-02-24 11:15:46;INFO]best epoch: 362, best loss: 0.132549
[2025-02-24 11:15:46;INFO]----------------------------------------------------------------------------------------------------

[2025-02-24 11:15:46;INFO]Current Epoch: 370 / 500 | Learning Rate : 0.0003454915028131095
[2025-02-24 11:16:16;INFO]Train | Loss : 0.166973 | ACC : 6324/6562 (96.373%)
[2025-02-24 11:16:20;INFO]Valid | Loss : 4.189782 | ACC : 1187/2813 (42.197%)
[2025-02-24 11:16:20;INFO]      | Loss didn't drop!

[2025-02-24 11:16:20;INFO]best epoch: 362, best loss: 0.132549
[2025-02-24 11:16:20;INFO]----------------------------------------------------------------------------------------------------

[2025-02-24 11:16:20;INFO]Current Epoch: 371 / 500 | Learning Rate : 0.0009999999999988189
[2025-02-24 11:16:49;INFO]Train | Loss : 0.322987 | ACC : 5983/6562 (91.176%)
[2025-02-24 11:16:54;INFO]Valid | Loss : 1.350214 | ACC : 1939/2813 (68.930%)
[2025-02-24 11:16:54;INFO]      | Loss didn't drop!

[2025-02-24 11:16:54;INFO]best epoch: 362, best loss: 0.132549
[2025-02-24 11:16:54;INFO]----------------------------------------------------------------------------------------------------

[2025-02-24 11:16:54;INFO]Current Epoch: 372 / 500 | Learning Rate : 0.00034549150281321567
[2025-02-24 11:17:23;INFO]Train | Loss : 0.254891 | ACC : 6137/6562 (93.523%)
[2025-02-24 11:17:28;INFO]Valid | Loss : 0.242800 | ACC : 2657/2813 (94.454%)
[2025-02-24 11:17:28;INFO]      | Loss didn't drop!

[2025-02-24 11:17:28;INFO]best epoch: 362, best loss: 0.132549
[2025-02-24 11:17:28;INFO]----------------------------------------------------------------------------------------------------

[2025-02-24 11:17:28;INFO]Current Epoch: 373 / 500 | Learning Rate : 9.549150281280358e-05
[2025-02-24 11:17:57;INFO]Train | Loss : 0.176757 | ACC : 6321/6562 (96.327%)
[2025-02-24 11:18:01;INFO]Valid | Loss : 0.357347 | ACC : 2505/2813 (89.051%)
[2025-02-24 11:18:01;INFO]      | Loss didn't drop!

[2025-02-24 11:18:01;INFO]best epoch: 362, best loss: 0.132549
[2025-02-24 11:18:01;INFO]----------------------------------------------------------------------------------------------------

[2025-02-24 11:18:01;INFO]Current Epoch: 374 / 500 | Learning Rate : 0.0009045084971873335
[2025-02-24 11:18:31;INFO]Train | Loss : 0.151086 | ACC : 6317/6562 (96.266%)
[2025-02-24 11:18:35;INFO]Valid | Loss : 1.992903 | ACC : 1507/2813 (53.573%)
[2025-02-24 11:18:35;INFO]      | Loss didn't drop!

[2025-02-24 11:18:35;INFO]best epoch: 362, best loss: 0.132549
[2025-02-24 11:18:35;INFO]----------------------------------------------------------------------------------------------------

[2025-02-24 11:18:35;INFO]Current Epoch: 375 / 500 | Learning Rate : 0.0006545084971895193
[2025-02-24 11:19:05;INFO]Train | Loss : 0.243230 | ACC : 6135/6562 (93.493%)
[2025-02-24 11:19:09;INFO]Valid | Loss : 0.213109 | ACC : 2668/2813 (94.845%)
[2025-02-24 11:19:09;INFO]      | Loss didn't drop!

[2025-02-24 11:19:09;INFO]best epoch: 362, best loss: 0.132549
[2025-02-24 11:19:09;INFO]----------------------------------------------------------------------------------------------------

[2025-02-24 11:19:09;INFO]Current Epoch: 376 / 500 | Learning Rate : 0.0
[2025-02-24 11:19:39;INFO]Train | Loss : 0.132580 | ACC : 6406/6562 (97.623%)
[2025-02-24 11:19:43;INFO]Valid | Loss : 0.511478 | ACC : 2394/2813 (85.105%)
[2025-02-24 11:19:43;INFO]      | Loss didn't drop!

[2025-02-24 11:19:43;INFO]best epoch: 362, best loss: 0.132549
[2025-02-24 11:19:43;INFO]----------------------------------------------------------------------------------------------------

[2025-02-24 11:19:43;INFO]Current Epoch: 377 / 500 | Learning Rate : 0.0006545084971880099
[2025-02-24 11:20:13;INFO]Train | Loss : 0.196539 | ACC : 6238/6562 (95.062%)
[2025-02-24 11:20:17;INFO]Valid | Loss : 1.254102 | ACC : 1912/2813 (67.970%)
[2025-02-24 11:20:17;INFO]      | Loss didn't drop!

[2025-02-24 11:20:17;INFO]best epoch: 362, best loss: 0.132549
[2025-02-24 11:20:17;INFO]----------------------------------------------------------------------------------------------------

[2025-02-24 11:20:17;INFO]Current Epoch: 378 / 500 | Learning Rate : 0.0009045084971860606
[2025-02-24 11:20:47;INFO]Train | Loss : 0.149154 | ACC : 6351/6562 (96.785%)
[2025-02-24 11:20:51;INFO]Valid | Loss : 0.160581 | ACC : 2722/2813 (96.765%)
[2025-02-24 11:20:51;INFO]      | Loss didn't drop!

[2025-02-24 11:20:51;INFO]best epoch: 362, best loss: 0.132549
[2025-02-24 11:20:51;INFO]----------------------------------------------------------------------------------------------------

[2025-02-24 11:20:51;INFO]Current Epoch: 379 / 500 | Learning Rate : 9.54915028128088e-05
[2025-02-24 11:21:21;INFO]Train | Loss : 0.103008 | ACC : 6436/6562 (98.080%)
[2025-02-24 11:21:25;INFO]Valid | Loss : 0.178576 | ACC : 2707/2813 (96.232%)
[2025-02-24 11:21:25;INFO]      | Loss didn't drop!

[2025-02-24 11:21:25;INFO]best epoch: 362, best loss: 0.132549
[2025-02-24 11:21:25;INFO]----------------------------------------------------------------------------------------------------

[2025-02-24 11:21:25;INFO]Current Epoch: 380 / 500 | Learning Rate : 0.0003454915028130984
[2025-02-24 11:21:55;INFO]Train | Loss : 0.132930 | ACC : 6369/6562 (97.059%)
[2025-02-24 11:21:59;INFO]Valid | Loss : 1.122513 | ACC : 2075/2813 (73.765%)
[2025-02-24 11:21:59;INFO]      | Loss didn't drop!

[2025-02-24 11:21:59;INFO]best epoch: 362, best loss: 0.132549
[2025-02-24 11:21:59;INFO]----------------------------------------------------------------------------------------------------

[2025-02-24 11:21:59;INFO]Current Epoch: 381 / 500 | Learning Rate : 0.0010000000000052664
[2025-02-24 11:22:29;INFO]Train | Loss : 0.204777 | ACC : 6261/6562 (95.413%)
[2025-02-24 11:22:33;INFO]Valid | Loss : 0.786830 | ACC : 2332/2813 (82.901%)
[2025-02-24 11:22:33;INFO]      | Loss didn't drop!

[2025-02-24 11:22:33;INFO]best epoch: 362, best loss: 0.132549
[2025-02-24 11:22:33;INFO]----------------------------------------------------------------------------------------------------

[2025-02-24 11:22:33;INFO]Current Epoch: 382 / 500 | Learning Rate : 0.0003454915028134712
[2025-02-24 11:23:02;INFO]Train | Loss : 0.121304 | ACC : 6387/6562 (97.333%)
[2025-02-24 11:23:07;INFO]Valid | Loss : 0.131732 | ACC : 2759/2813 (98.080%)
[2025-02-24 11:23:07;INFO]      | Loss dropped from 0.132549 to 0.131732, model has been saved!

[2025-02-24 11:23:07;INFO]best epoch: 382, best loss: 0.131732
[2025-02-24 11:23:07;INFO]----------------------------------------------------------------------------------------------------

[2025-02-24 11:23:07;INFO]Current Epoch: 383 / 500 | Learning Rate : 9.549150281285263e-05
[2025-02-24 11:23:36;INFO]Train | Loss : 0.177125 | ACC : 6312/6562 (96.190%)
[2025-02-24 11:23:40;INFO]Valid | Loss : 0.572607 | ACC : 2233/2813 (79.381%)
[2025-02-24 11:23:40;INFO]      | Loss didn't drop!

[2025-02-24 11:23:40;INFO]best epoch: 382, best loss: 0.131732
[2025-02-24 11:23:40;INFO]----------------------------------------------------------------------------------------------------

[2025-02-24 11:23:40;INFO]Current Epoch: 384 / 500 | Learning Rate : 0.0009045084971880625
[2025-02-24 11:24:10;INFO]Train | Loss : 0.153867 | ACC : 6328/6562 (96.434%)
[2025-02-24 11:24:14;INFO]Valid | Loss : 1.733120 | ACC : 1756/2813 (62.424%)
[2025-02-24 11:24:14;INFO]      | Loss didn't drop!

[2025-02-24 11:24:14;INFO]best epoch: 382, best loss: 0.131732
[2025-02-24 11:24:14;INFO]----------------------------------------------------------------------------------------------------

[2025-02-24 11:24:14;INFO]Current Epoch: 385 / 500 | Learning Rate : 0.0006545084971899874
[2025-02-24 11:24:44;INFO]Train | Loss : 0.144465 | ACC : 6333/6562 (96.510%)
[2025-02-24 11:24:48;INFO]Valid | Loss : 0.433094 | ACC : 2415/2813 (85.851%)
[2025-02-24 11:24:48;INFO]      | Loss didn't drop!

[2025-02-24 11:24:48;INFO]best epoch: 382, best loss: 0.131732
[2025-02-24 11:24:48;INFO]----------------------------------------------------------------------------------------------------

[2025-02-24 11:24:48;INFO]Current Epoch: 386 / 500 | Learning Rate : 0.0
[2025-02-24 11:25:18;INFO]Train | Loss : 0.150492 | ACC : 6321/6562 (96.327%)
[2025-02-24 11:25:22;INFO]Valid | Loss : 1.276679 | ACC : 1957/2813 (69.570%)
[2025-02-24 11:25:22;INFO]      | Loss didn't drop!

[2025-02-24 11:25:22;INFO]best epoch: 382, best loss: 0.131732
[2025-02-24 11:25:22;INFO]----------------------------------------------------------------------------------------------------

[2025-02-24 11:25:22;INFO]Current Epoch: 387 / 500 | Learning Rate : 0.0006545084971886381
[2025-02-24 11:25:52;INFO]Train | Loss : 0.201266 | ACC : 6267/6562 (95.504%)
[2025-02-24 11:25:56;INFO]Valid | Loss : 2.791832 | ACC : 1477/2813 (52.506%)
[2025-02-24 11:25:56;INFO]      | Loss didn't drop!

[2025-02-24 11:25:56;INFO]best epoch: 382, best loss: 0.131732
[2025-02-24 11:25:56;INFO]----------------------------------------------------------------------------------------------------

[2025-02-24 11:25:56;INFO]Current Epoch: 388 / 500 | Learning Rate : 0.0009045084971866797
[2025-02-24 11:26:26;INFO]Train | Loss : 0.148078 | ACC : 6330/6562 (96.464%)
[2025-02-24 11:26:30;INFO]Valid | Loss : 0.293572 | ACC : 2644/2813 (93.992%)
[2025-02-24 11:26:30;INFO]      | Loss didn't drop!

[2025-02-24 11:26:30;INFO]best epoch: 382, best loss: 0.131732
[2025-02-24 11:26:30;INFO]----------------------------------------------------------------------------------------------------

[2025-02-24 11:26:30;INFO]Current Epoch: 389 / 500 | Learning Rate : 9.549150281275436e-05
[2025-02-24 11:27:00;INFO]Train | Loss : 0.130708 | ACC : 6373/6562 (97.120%)
[2025-02-24 11:27:04;INFO]Valid | Loss : 0.201747 | ACC : 2693/2813 (95.734%)
[2025-02-24 11:27:04;INFO]      | Loss didn't drop!

[2025-02-24 11:27:04;INFO]best epoch: 382, best loss: 0.131732
[2025-02-24 11:27:04;INFO]----------------------------------------------------------------------------------------------------

[2025-02-24 11:27:04;INFO]Current Epoch: 390 / 500 | Learning Rate : 0.00034549150281130997
[2025-02-24 11:27:34;INFO]Train | Loss : 0.140218 | ACC : 6342/6562 (96.647%)
[2025-02-24 11:27:38;INFO]Valid | Loss : 0.653257 | ACC : 2201/2813 (78.244%)
[2025-02-24 11:27:38;INFO]      | Loss didn't drop!

[2025-02-24 11:27:38;INFO]best epoch: 382, best loss: 0.131732
[2025-02-24 11:27:38;INFO]----------------------------------------------------------------------------------------------------

[2025-02-24 11:27:38;INFO]Current Epoch: 391 / 500 | Learning Rate : 0.0010000000000001627
[2025-02-24 11:28:08;INFO]Train | Loss : 0.110099 | ACC : 6422/6562 (97.867%)
[2025-02-24 11:28:12;INFO]Valid | Loss : 0.578695 | ACC : 2397/2813 (85.212%)
[2025-02-24 11:28:12;INFO]      | Loss didn't drop!

[2025-02-24 11:28:12;INFO]best epoch: 382, best loss: 0.131732
[2025-02-24 11:28:12;INFO]----------------------------------------------------------------------------------------------------

[2025-02-24 11:28:12;INFO]Current Epoch: 392 / 500 | Learning Rate : 0.0003454915028137298
[2025-02-24 11:28:42;INFO]Train | Loss : 0.113947 | ACC : 6396/6562 (97.470%)
[2025-02-24 11:28:46;INFO]Valid | Loss : 0.151306 | ACC : 2757/2813 (98.009%)
[2025-02-24 11:28:46;INFO]      | Loss didn't drop!

[2025-02-24 11:28:46;INFO]best epoch: 382, best loss: 0.131732
[2025-02-24 11:28:46;INFO]----------------------------------------------------------------------------------------------------

[2025-02-24 11:28:46;INFO]Current Epoch: 393 / 500 | Learning Rate : 9.549150281276713e-05
[2025-02-24 11:29:15;INFO]Train | Loss : 0.139254 | ACC : 6335/6562 (96.541%)
[2025-02-24 11:29:20;INFO]Valid | Loss : 1.892197 | ACC : 1837/2813 (65.304%)
[2025-02-24 11:29:20;INFO]      | Loss didn't drop!

[2025-02-24 11:29:20;INFO]best epoch: 382, best loss: 0.131732
[2025-02-24 11:29:20;INFO]----------------------------------------------------------------------------------------------------

[2025-02-24 11:29:20;INFO]Current Epoch: 394 / 500 | Learning Rate : 0.0009045084971885174
[2025-02-24 11:29:49;INFO]Train | Loss : 0.204717 | ACC : 6247/6562 (95.200%)
[2025-02-24 11:29:54;INFO]Valid | Loss : 2.032802 | ACC : 1622/2813 (57.661%)
[2025-02-24 11:29:54;INFO]      | Loss didn't drop!

[2025-02-24 11:29:54;INFO]best epoch: 382, best loss: 0.131732
[2025-02-24 11:29:54;INFO]----------------------------------------------------------------------------------------------------

[2025-02-24 11:29:54;INFO]Current Epoch: 395 / 500 | Learning Rate : 0.0006545084971866714
[2025-02-24 11:30:23;INFO]Train | Loss : 0.264564 | ACC : 6088/6562 (92.777%)
[2025-02-24 11:30:27;INFO]Valid | Loss : 0.442310 | ACC : 2401/2813 (85.354%)
[2025-02-24 11:30:27;INFO]      | Loss didn't drop!

[2025-02-24 11:30:27;INFO]best epoch: 382, best loss: 0.131732
[2025-02-24 11:30:27;INFO]----------------------------------------------------------------------------------------------------

[2025-02-24 11:30:27;INFO]Current Epoch: 396 / 500 | Learning Rate : 0.0
[2025-02-24 11:30:57;INFO]Train | Loss : 0.140248 | ACC : 6367/6562 (97.028%)
[2025-02-24 11:31:01;INFO]Valid | Loss : 0.301089 | ACC : 2565/2813 (91.184%)
[2025-02-24 11:31:01;INFO]      | Loss didn't drop!

[2025-02-24 11:31:01;INFO]best epoch: 382, best loss: 0.131732
[2025-02-24 11:31:01;INFO]----------------------------------------------------------------------------------------------------

[2025-02-24 11:31:01;INFO]Current Epoch: 397 / 500 | Learning Rate : 0.0006545084971890557
[2025-02-24 11:31:31;INFO]Train | Loss : 0.182365 | ACC : 6259/6562 (95.383%)
[2025-02-24 11:31:35;INFO]Valid | Loss : 1.375844 | ACC : 1772/2813 (62.993%)
[2025-02-24 11:31:35;INFO]      | Loss didn't drop!

[2025-02-24 11:31:35;INFO]best epoch: 382, best loss: 0.131732
[2025-02-24 11:31:35;INFO]----------------------------------------------------------------------------------------------------

[2025-02-24 11:31:35;INFO]Current Epoch: 398 / 500 | Learning Rate : 0.0009045084971924018
[2025-02-24 11:32:05;INFO]Train | Loss : 0.153453 | ACC : 6331/6562 (96.480%)
[2025-02-24 11:32:09;INFO]Valid | Loss : 0.326120 | ACC : 2532/2813 (90.011%)
[2025-02-24 11:32:09;INFO]      | Loss didn't drop!

[2025-02-24 11:32:09;INFO]best epoch: 382, best loss: 0.131732
[2025-02-24 11:32:09;INFO]----------------------------------------------------------------------------------------------------

[2025-02-24 11:32:09;INFO]Current Epoch: 399 / 500 | Learning Rate : 9.549150281228256e-05
[2025-02-24 11:32:39;INFO]Train | Loss : 0.098689 | ACC : 6424/6562 (97.897%)
[2025-02-24 11:32:43;INFO]Valid | Loss : 0.529842 | ACC : 2295/2813 (81.585%)
[2025-02-24 11:32:43;INFO]      | Loss didn't drop!

[2025-02-24 11:32:43;INFO]best epoch: 382, best loss: 0.131732
[2025-02-24 11:32:43;INFO]----------------------------------------------------------------------------------------------------

[2025-02-24 11:32:43;INFO]Current Epoch: 400 / 500 | Learning Rate : 0.0003454915028137317
[2025-02-24 11:33:12;INFO]Train | Loss : 0.156786 | ACC : 6371/6562 (97.089%)
[2025-02-24 11:33:17;INFO]Valid | Loss : 3.262016 | ACC : 1360/2813 (48.347%)
[2025-02-24 11:33:17;INFO]      | Loss didn't drop!

[2025-02-24 11:33:17;INFO]best epoch: 382, best loss: 0.131732
[2025-02-24 11:33:17;INFO]----------------------------------------------------------------------------------------------------

[2025-02-24 11:33:17;INFO]Current Epoch: 401 / 500 | Learning Rate : 0.0010000000000008394
[2025-02-24 11:33:46;INFO]Train | Loss : 0.207451 | ACC : 6192/6562 (94.361%)
[2025-02-24 11:33:50;INFO]Valid | Loss : 1.442935 | ACC : 1760/2813 (62.567%)
[2025-02-24 11:33:50;INFO]      | Loss didn't drop!

[2025-02-24 11:33:50;INFO]best epoch: 382, best loss: 0.131732
[2025-02-24 11:33:50;INFO]----------------------------------------------------------------------------------------------------

[2025-02-24 11:33:50;INFO]Current Epoch: 402 / 500 | Learning Rate : 0.0003454915028139857
[2025-02-24 11:34:20;INFO]Train | Loss : 0.216627 | ACC : 6234/6562 (95.002%)
[2025-02-24 11:34:24;INFO]Valid | Loss : 0.168404 | ACC : 2719/2813 (96.658%)
[2025-02-24 11:34:24;INFO]      | Loss didn't drop!

[2025-02-24 11:34:24;INFO]best epoch: 382, best loss: 0.131732
[2025-02-24 11:34:24;INFO]----------------------------------------------------------------------------------------------------

[2025-02-24 11:34:24;INFO]Current Epoch: 403 / 500 | Learning Rate : 9.549150281281616e-05
[2025-02-24 11:34:54;INFO]Train | Loss : 0.128001 | ACC : 6390/6562 (97.379%)
[2025-02-24 11:34:58;INFO]Valid | Loss : 0.338413 | ACC : 2546/2813 (90.508%)
[2025-02-24 11:34:58;INFO]      | Loss didn't drop!

[2025-02-24 11:34:58;INFO]best epoch: 382, best loss: 0.131732
[2025-02-24 11:34:58;INFO]----------------------------------------------------------------------------------------------------

[2025-02-24 11:34:58;INFO]Current Epoch: 404 / 500 | Learning Rate : 0.0009045084971944752
[2025-02-24 11:35:28;INFO]Train | Loss : 0.123595 | ACC : 6370/6562 (97.074%)
[2025-02-24 11:35:32;INFO]Valid | Loss : 1.128616 | ACC : 2202/2813 (78.279%)
[2025-02-24 11:35:32;INFO]      | Loss didn't drop!

[2025-02-24 11:35:32;INFO]best epoch: 382, best loss: 0.131732
[2025-02-24 11:35:32;INFO]----------------------------------------------------------------------------------------------------

[2025-02-24 11:35:32;INFO]Current Epoch: 405 / 500 | Learning Rate : 0.0006545084971909171
[2025-02-24 11:36:02;INFO]Train | Loss : 0.138158 | ACC : 6363/6562 (96.967%)
[2025-02-24 11:36:06;INFO]Valid | Loss : 0.144737 | ACC : 2759/2813 (98.080%)
[2025-02-24 11:36:06;INFO]      | Loss didn't drop!

[2025-02-24 11:36:06;INFO]best epoch: 382, best loss: 0.131732
[2025-02-24 11:36:06;INFO]----------------------------------------------------------------------------------------------------

[2025-02-24 11:36:06;INFO]Current Epoch: 406 / 500 | Learning Rate : 0.0
[2025-02-24 11:36:36;INFO]Train | Loss : 0.146088 | ACC : 6353/6562 (96.815%)
[2025-02-24 11:36:40;INFO]Valid | Loss : 0.572856 | ACC : 2344/2813 (83.327%)
[2025-02-24 11:36:40;INFO]      | Loss didn't drop!

[2025-02-24 11:36:40;INFO]best epoch: 382, best loss: 0.131732
[2025-02-24 11:36:40;INFO]----------------------------------------------------------------------------------------------------

[2025-02-24 11:36:40;INFO]Current Epoch: 407 / 500 | Learning Rate : 0.00065450849718569
[2025-02-24 11:37:10;INFO]Train | Loss : 0.095005 | ACC : 6442/6562 (98.171%)
[2025-02-24 11:37:14;INFO]Valid | Loss : 1.330816 | ACC : 1949/2813 (69.285%)
[2025-02-24 11:37:14;INFO]      | Loss didn't drop!

[2025-02-24 11:37:14;INFO]best epoch: 382, best loss: 0.131732
[2025-02-24 11:37:14;INFO]----------------------------------------------------------------------------------------------------

[2025-02-24 11:37:14;INFO]Current Epoch: 408 / 500 | Learning Rate : 0.0009045084971879339
[2025-02-24 11:37:44;INFO]Train | Loss : 0.136997 | ACC : 6348/6562 (96.739%)
[2025-02-24 11:37:48;INFO]Valid | Loss : 0.496547 | ACC : 2350/2813 (83.541%)
[2025-02-24 11:37:48;INFO]      | Loss didn't drop!

[2025-02-24 11:37:48;INFO]best epoch: 382, best loss: 0.131732
[2025-02-24 11:37:48;INFO]----------------------------------------------------------------------------------------------------

[2025-02-24 11:37:48;INFO]Current Epoch: 409 / 500 | Learning Rate : 9.549150281291383e-05
[2025-02-24 11:38:18;INFO]Train | Loss : 0.100270 | ACC : 6435/6562 (98.065%)
[2025-02-24 11:38:22;INFO]Valid | Loss : 0.202088 | ACC : 2678/2813 (95.201%)
[2025-02-24 11:38:22;INFO]      | Loss didn't drop!

[2025-02-24 11:38:22;INFO]best epoch: 382, best loss: 0.131732
[2025-02-24 11:38:22;INFO]----------------------------------------------------------------------------------------------------

[2025-02-24 11:38:22;INFO]Current Epoch: 410 / 500 | Learning Rate : 0.0003454915028139372
[2025-02-24 11:38:51;INFO]Train | Loss : 0.127533 | ACC : 6375/6562 (97.150%)
[2025-02-24 11:38:56;INFO]Valid | Loss : 2.048430 | ACC : 1577/2813 (56.061%)
[2025-02-24 11:38:56;INFO]      | Loss didn't drop!

[2025-02-24 11:38:56;INFO]best epoch: 382, best loss: 0.131732
[2025-02-24 11:38:56;INFO]----------------------------------------------------------------------------------------------------

[2025-02-24 11:38:56;INFO]Current Epoch: 411 / 500 | Learning Rate : 0.001000000000001506
[2025-02-24 11:39:25;INFO]Train | Loss : 0.292046 | ACC : 6095/6562 (92.883%)
[2025-02-24 11:39:29;INFO]Valid | Loss : 2.383753 | ACC : 1489/2813 (52.933%)
[2025-02-24 11:39:29;INFO]      | Loss didn't drop!

[2025-02-24 11:39:29;INFO]best epoch: 382, best loss: 0.131732
[2025-02-24 11:39:29;INFO]----------------------------------------------------------------------------------------------------

[2025-02-24 11:39:29;INFO]Current Epoch: 412 / 500 | Learning Rate : 0.00034549150281424463
[2025-02-24 11:39:59;INFO]Train | Loss : 0.176860 | ACC : 6304/6562 (96.068%)
[2025-02-24 11:40:03;INFO]Valid | Loss : 0.135159 | ACC : 2756/2813 (97.974%)
[2025-02-24 11:40:03;INFO]      | Loss didn't drop!

[2025-02-24 11:40:03;INFO]best epoch: 382, best loss: 0.131732
[2025-02-24 11:40:03;INFO]----------------------------------------------------------------------------------------------------

[2025-02-24 11:40:03;INFO]Current Epoch: 413 / 500 | Learning Rate : 9.549150281258051e-05
[2025-02-24 11:40:33;INFO]Train | Loss : 0.107497 | ACC : 6434/6562 (98.049%)
[2025-02-24 11:40:37;INFO]Valid | Loss : 0.337186 | ACC : 2572/2813 (91.433%)
[2025-02-24 11:40:37;INFO]      | Loss didn't drop!

[2025-02-24 11:40:37;INFO]best epoch: 382, best loss: 0.131732
[2025-02-24 11:40:37;INFO]----------------------------------------------------------------------------------------------------

[2025-02-24 11:40:37;INFO]Current Epoch: 414 / 500 | Learning Rate : 0.0009045084971846152
[2025-02-24 11:41:07;INFO]Train | Loss : 0.186411 | ACC : 6257/6562 (95.352%)
[2025-02-24 11:41:11;INFO]Valid | Loss : 0.663830 | ACC : 2261/2813 (80.377%)
[2025-02-24 11:41:11;INFO]      | Loss didn't drop!

[2025-02-24 11:41:11;INFO]best epoch: 382, best loss: 0.131732
[2025-02-24 11:41:11;INFO]----------------------------------------------------------------------------------------------------

[2025-02-24 11:41:11;INFO]Current Epoch: 415 / 500 | Learning Rate : 0.0006545084971876015
[2025-02-24 11:41:41;INFO]Train | Loss : 0.142477 | ACC : 6342/6562 (96.647%)
[2025-02-24 11:41:45;INFO]Valid | Loss : 0.217692 | ACC : 2668/2813 (94.845%)
[2025-02-24 11:41:45;INFO]      | Loss didn't drop!

[2025-02-24 11:41:45;INFO]best epoch: 382, best loss: 0.131732
[2025-02-24 11:41:45;INFO]----------------------------------------------------------------------------------------------------

[2025-02-24 11:41:45;INFO]Current Epoch: 416 / 500 | Learning Rate : 0.0
[2025-02-24 11:42:15;INFO]Train | Loss : 0.114985 | ACC : 6391/6562 (97.394%)
[2025-02-24 11:42:19;INFO]Valid | Loss : 0.511762 | ACC : 2421/2813 (86.065%)
[2025-02-24 11:42:19;INFO]      | Loss didn't drop!

[2025-02-24 11:42:19;INFO]best epoch: 382, best loss: 0.131732
[2025-02-24 11:42:19;INFO]----------------------------------------------------------------------------------------------------

[2025-02-24 11:42:19;INFO]Current Epoch: 417 / 500 | Learning Rate : 0.0006545084971898848
[2025-02-24 11:42:49;INFO]Train | Loss : 0.101455 | ACC : 6436/6562 (98.080%)
[2025-02-24 11:42:53;INFO]Valid | Loss : 3.177610 | ACC : 1308/2813 (46.498%)
[2025-02-24 11:42:53;INFO]      | Loss didn't drop!

[2025-02-24 11:42:53;INFO]best epoch: 382, best loss: 0.131732
[2025-02-24 11:42:53;INFO]----------------------------------------------------------------------------------------------------

[2025-02-24 11:42:53;INFO]Current Epoch: 418 / 500 | Learning Rate : 0.0009045084971885535
[2025-02-24 11:43:22;INFO]Train | Loss : 0.350174 | ACC : 5950/6562 (90.674%)
[2025-02-24 11:43:27;INFO]Valid | Loss : 0.377193 | ACC : 2473/2813 (87.913%)
[2025-02-24 11:43:27;INFO]      | Loss didn't drop!

[2025-02-24 11:43:27;INFO]best epoch: 382, best loss: 0.131732
[2025-02-24 11:43:27;INFO]----------------------------------------------------------------------------------------------------

[2025-02-24 11:43:27;INFO]Current Epoch: 419 / 500 | Learning Rate : 9.549150281312757e-05
[2025-02-24 11:43:56;INFO]Train | Loss : 0.143363 | ACC : 6362/6562 (96.952%)
[2025-02-24 11:44:00;INFO]Valid | Loss : 0.400524 | ACC : 2460/2813 (87.451%)
[2025-02-24 11:44:00;INFO]      | Loss didn't drop!

[2025-02-24 11:44:00;INFO]best epoch: 382, best loss: 0.131732
[2025-02-24 11:44:00;INFO]----------------------------------------------------------------------------------------------------

[2025-02-24 11:44:00;INFO]Current Epoch: 420 / 500 | Learning Rate : 0.00034549150281414564
[2025-02-24 11:44:30;INFO]Train | Loss : 0.098309 | ACC : 6449/6562 (98.278%)
[2025-02-24 11:44:34;INFO]Valid | Loss : 0.898510 | ACC : 2129/2813 (75.684%)
[2025-02-24 11:44:34;INFO]      | Loss didn't drop!

[2025-02-24 11:44:34;INFO]best epoch: 382, best loss: 0.131732
[2025-02-24 11:44:34;INFO]----------------------------------------------------------------------------------------------------

[2025-02-24 11:44:34;INFO]Current Epoch: 421 / 500 | Learning Rate : 0.0010000000000079535
[2025-02-24 11:45:04;INFO]Train | Loss : 0.167883 | ACC : 6300/6562 (96.007%)
[2025-02-24 11:45:08;INFO]Valid | Loss : 0.880080 | ACC : 2204/2813 (78.351%)
[2025-02-24 11:45:08;INFO]      | Loss didn't drop!

[2025-02-24 11:45:08;INFO]best epoch: 382, best loss: 0.131732
[2025-02-24 11:45:08;INFO]----------------------------------------------------------------------------------------------------

[2025-02-24 11:45:08;INFO]Current Epoch: 422 / 500 | Learning Rate : 0.00034549150281250655
[2025-02-24 11:45:38;INFO]Train | Loss : 0.126036 | ACC : 6392/6562 (97.409%)
[2025-02-24 11:45:42;INFO]Valid | Loss : 0.226560 | ACC : 2688/2813 (95.556%)
[2025-02-24 11:45:42;INFO]      | Loss didn't drop!

[2025-02-24 11:45:42;INFO]best epoch: 382, best loss: 0.131732
[2025-02-24 11:45:42;INFO]----------------------------------------------------------------------------------------------------

[2025-02-24 11:45:42;INFO]Current Epoch: 423 / 500 | Learning Rate : 9.549150281249503e-05
[2025-02-24 11:46:12;INFO]Train | Loss : 0.113666 | ACC : 6396/6562 (97.470%)
[2025-02-24 11:46:16;INFO]Valid | Loss : 0.649345 | ACC : 2262/2813 (80.412%)
[2025-02-24 11:46:16;INFO]      | Loss didn't drop!

[2025-02-24 11:46:16;INFO]best epoch: 382, best loss: 0.131732
[2025-02-24 11:46:16;INFO]----------------------------------------------------------------------------------------------------

[2025-02-24 11:46:16;INFO]Current Epoch: 424 / 500 | Learning Rate : 0.0009045084971852027
[2025-02-24 11:46:46;INFO]Train | Loss : 0.165996 | ACC : 6299/6562 (95.992%)
[2025-02-24 11:46:50;INFO]Valid | Loss : 1.662231 | ACC : 1718/2813 (61.074%)
[2025-02-24 11:46:50;INFO]      | Loss didn't drop!

[2025-02-24 11:46:50;INFO]best epoch: 382, best loss: 0.131732
[2025-02-24 11:46:50;INFO]----------------------------------------------------------------------------------------------------

[2025-02-24 11:46:50;INFO]Current Epoch: 425 / 500 | Learning Rate : 0.0006545084971880631
[2025-02-24 11:47:19;INFO]Train | Loss : 0.163640 | ACC : 6331/6562 (96.480%)
[2025-02-24 11:47:24;INFO]Valid | Loss : 0.209193 | ACC : 2696/2813 (95.841%)
[2025-02-24 11:47:24;INFO]      | Loss didn't drop!

[2025-02-24 11:47:24;INFO]best epoch: 382, best loss: 0.131732
[2025-02-24 11:47:24;INFO]----------------------------------------------------------------------------------------------------

[2025-02-24 11:47:24;INFO]Current Epoch: 426 / 500 | Learning Rate : 0.0
[2025-02-24 11:47:53;INFO]Train | Loss : 0.100298 | ACC : 6433/6562 (98.034%)
[2025-02-24 11:47:58;INFO]Valid | Loss : 0.666220 | ACC : 2233/2813 (79.381%)
[2025-02-24 11:47:58;INFO]      | Loss didn't drop!

[2025-02-24 11:47:58;INFO]best epoch: 382, best loss: 0.131732
[2025-02-24 11:47:58;INFO]----------------------------------------------------------------------------------------------------

[2025-02-24 11:47:58;INFO]Current Epoch: 427 / 500 | Learning Rate : 0.0006545084971903023
[2025-02-24 11:48:27;INFO]Train | Loss : 0.076446 | ACC : 6468/6562 (98.568%)
[2025-02-24 11:48:31;INFO]Valid | Loss : 0.390904 | ACC : 2586/2813 (91.930%)
[2025-02-24 11:48:31;INFO]      | Loss didn't drop!

[2025-02-24 11:48:31;INFO]best epoch: 382, best loss: 0.131732
[2025-02-24 11:48:31;INFO]----------------------------------------------------------------------------------------------------

[2025-02-24 11:48:31;INFO]Current Epoch: 428 / 500 | Learning Rate : 0.0009045084971891805
[2025-02-24 11:49:01;INFO]Train | Loss : 0.075858 | ACC : 6462/6562 (98.476%)
[2025-02-24 11:49:05;INFO]Valid | Loss : 0.486653 | ACC : 2418/2813 (85.958%)
[2025-02-24 11:49:05;INFO]      | Loss didn't drop!

[2025-02-24 11:49:05;INFO]best epoch: 382, best loss: 0.131732
[2025-02-24 11:49:05;INFO]----------------------------------------------------------------------------------------------------

[2025-02-24 11:49:05;INFO]Current Epoch: 429 / 500 | Learning Rate : 9.549150281293958e-05
[2025-02-24 11:49:35;INFO]Train | Loss : 0.082951 | ACC : 6448/6562 (98.263%)
[2025-02-24 11:49:39;INFO]Valid | Loss : 0.274136 | ACC : 2598/2813 (92.357%)
[2025-02-24 11:49:39;INFO]      | Loss didn't drop!

[2025-02-24 11:49:39;INFO]best epoch: 382, best loss: 0.131732
[2025-02-24 11:49:39;INFO]----------------------------------------------------------------------------------------------------

[2025-02-24 11:49:39;INFO]Current Epoch: 430 / 500 | Learning Rate : 0.000345491502812354
[2025-02-24 11:50:09;INFO]Train | Loss : 0.073838 | ACC : 6481/6562 (98.766%)
[2025-02-24 11:50:13;INFO]Valid | Loss : 0.448020 | ACC : 2461/2813 (87.487%)
[2025-02-24 11:50:13;INFO]      | Loss didn't drop!

[2025-02-24 11:50:13;INFO]best epoch: 382, best loss: 0.131732
[2025-02-24 11:50:13;INFO]----------------------------------------------------------------------------------------------------

[2025-02-24 11:50:13;INFO]Current Epoch: 431 / 500 | Learning Rate : 0.0009999999999970692
[2025-02-24 11:50:43;INFO]Train | Loss : 0.153972 | ACC : 6324/6562 (96.373%)
[2025-02-24 11:50:47;INFO]Valid | Loss : 1.300468 | ACC : 2000/2813 (71.098%)
[2025-02-24 11:50:47;INFO]      | Loss didn't drop!

[2025-02-24 11:50:47;INFO]best epoch: 382, best loss: 0.131732
[2025-02-24 11:50:47;INFO]----------------------------------------------------------------------------------------------------

[2025-02-24 11:50:47;INFO]Current Epoch: 432 / 500 | Learning Rate : 0.0003454915028125458
[2025-02-24 11:51:17;INFO]Train | Loss : 0.130780 | ACC : 6374/6562 (97.135%)
[2025-02-24 11:51:21;INFO]Valid | Loss : 0.290062 | ACC : 2579/2813 (91.681%)
[2025-02-24 11:51:21;INFO]      | Loss didn't drop!

[2025-02-24 11:51:21;INFO]best epoch: 382, best loss: 0.131732
[2025-02-24 11:51:21;INFO]----------------------------------------------------------------------------------------------------

[2025-02-24 11:51:21;INFO]Current Epoch: 433 / 500 | Learning Rate : 9.549150281254408e-05
[2025-02-24 11:51:51;INFO]Train | Loss : 0.115540 | ACC : 6407/6562 (97.638%)
[2025-02-24 11:51:55;INFO]Valid | Loss : 1.566061 | ACC : 2027/2813 (72.058%)
[2025-02-24 11:51:55;INFO]      | Loss didn't drop!

[2025-02-24 11:51:55;INFO]best epoch: 382, best loss: 0.131732
[2025-02-24 11:51:55;INFO]----------------------------------------------------------------------------------------------------

[2025-02-24 11:51:55;INFO]Current Epoch: 434 / 500 | Learning Rate : 0.000904508497190894
[2025-02-24 11:52:24;INFO]Train | Loss : 0.108192 | ACC : 6432/6562 (98.019%)
[2025-02-24 11:52:29;INFO]Valid | Loss : 0.364400 | ACC : 2504/2813 (89.015%)
[2025-02-24 11:52:29;INFO]      | Loss didn't drop!

[2025-02-24 11:52:29;INFO]best epoch: 382, best loss: 0.131732
[2025-02-24 11:52:29;INFO]----------------------------------------------------------------------------------------------------

[2025-02-24 11:52:29;INFO]Current Epoch: 435 / 500 | Learning Rate : 0.0006545084971883151
[2025-02-24 11:52:58;INFO]Train | Loss : 0.099383 | ACC : 6422/6562 (97.867%)
[2025-02-24 11:53:02;INFO]Valid | Loss : 0.391514 | ACC : 2460/2813 (87.451%)
[2025-02-24 11:53:02;INFO]      | Loss didn't drop!

[2025-02-24 11:53:02;INFO]best epoch: 382, best loss: 0.131732
[2025-02-24 11:53:02;INFO]----------------------------------------------------------------------------------------------------

[2025-02-24 11:53:02;INFO]Current Epoch: 436 / 500 | Learning Rate : 0.0
[2025-02-24 11:53:32;INFO]Train | Loss : 0.104438 | ACC : 6405/6562 (97.607%)
[2025-02-24 11:53:36;INFO]Valid | Loss : 0.203617 | ACC : 2702/2813 (96.054%)
[2025-02-24 11:53:36;INFO]      | Loss didn't drop!

[2025-02-24 11:53:36;INFO]best epoch: 382, best loss: 0.131732
[2025-02-24 11:53:36;INFO]----------------------------------------------------------------------------------------------------

[2025-02-24 11:53:36;INFO]Current Epoch: 437 / 500 | Learning Rate : 0.0006545084971907136
[2025-02-24 11:54:06;INFO]Train | Loss : 0.185690 | ACC : 6255/6562 (95.322%)
[2025-02-24 11:54:10;INFO]Valid | Loss : 6.753279 | ACC : 920/2813 (32.705%)
[2025-02-24 11:54:10;INFO]      | Loss didn't drop!

[2025-02-24 11:54:10;INFO]best epoch: 382, best loss: 0.131732
[2025-02-24 11:54:10;INFO]----------------------------------------------------------------------------------------------------

[2025-02-24 11:54:10;INFO]Current Epoch: 438 / 500 | Learning Rate : 0.0009045084971948944
[2025-02-24 11:54:40;INFO]Train | Loss : 0.262839 | ACC : 6175/6562 (94.102%)
[2025-02-24 11:54:44;INFO]Valid | Loss : 0.465791 | ACC : 2461/2813 (87.487%)
[2025-02-24 11:54:44;INFO]      | Loss didn't drop!

[2025-02-24 11:54:44;INFO]best epoch: 382, best loss: 0.131732
[2025-02-24 11:54:44;INFO]----------------------------------------------------------------------------------------------------

[2025-02-24 11:54:44;INFO]Current Epoch: 439 / 500 | Learning Rate : 9.549150281246771e-05
[2025-02-24 11:55:14;INFO]Train | Loss : 0.086371 | ACC : 6464/6562 (98.507%)
[2025-02-24 11:55:18;INFO]Valid | Loss : 0.154456 | ACC : 2740/2813 (97.405%)
[2025-02-24 11:55:18;INFO]      | Loss didn't drop!

[2025-02-24 11:55:18;INFO]best epoch: 382, best loss: 0.131732
[2025-02-24 11:55:18;INFO]----------------------------------------------------------------------------------------------------

[2025-02-24 11:55:18;INFO]Current Epoch: 440 / 500 | Learning Rate : 0.0003454915028125626
[2025-02-24 11:55:47;INFO]Train | Loss : 0.108466 | ACC : 6408/6562 (97.653%)
[2025-02-24 11:55:52;INFO]Valid | Loss : 1.176405 | ACC : 1903/2813 (67.650%)
[2025-02-24 11:55:52;INFO]      | Loss didn't drop!

[2025-02-24 11:55:52;INFO]best epoch: 382, best loss: 0.131732
[2025-02-24 11:55:52;INFO]----------------------------------------------------------------------------------------------------

[2025-02-24 11:55:52;INFO]Current Epoch: 441 / 500 | Learning Rate : 0.000999999999997746
[2025-02-24 11:56:21;INFO]Train | Loss : 0.102727 | ACC : 6422/6562 (97.867%)
[2025-02-24 11:56:25;INFO]Valid | Loss : 0.340954 | ACC : 2563/2813 (91.113%)
[2025-02-24 11:56:25;INFO]      | Loss didn't drop!

[2025-02-24 11:56:25;INFO]best epoch: 382, best loss: 0.131732
[2025-02-24 11:56:25;INFO]----------------------------------------------------------------------------------------------------

[2025-02-24 11:56:25;INFO]Current Epoch: 442 / 500 | Learning Rate : 0.0003454915028128045
[2025-02-24 11:56:55;INFO]Train | Loss : 0.083564 | ACC : 6459/6562 (98.430%)
[2025-02-24 11:56:59;INFO]Valid | Loss : 0.155437 | ACC : 2738/2813 (97.334%)
[2025-02-24 11:56:59;INFO]      | Loss didn't drop!

[2025-02-24 11:56:59;INFO]best epoch: 382, best loss: 0.131732
[2025-02-24 11:56:59;INFO]----------------------------------------------------------------------------------------------------

[2025-02-24 11:56:59;INFO]Current Epoch: 443 / 500 | Learning Rate : 9.549150281259311e-05
[2025-02-24 11:57:29;INFO]Train | Loss : 0.079399 | ACC : 6453/6562 (98.339%)
[2025-02-24 11:57:33;INFO]Valid | Loss : 0.563142 | ACC : 2371/2813 (84.287%)
[2025-02-24 11:57:33;INFO]      | Loss didn't drop!

[2025-02-24 11:57:33;INFO]best epoch: 382, best loss: 0.131732
[2025-02-24 11:57:33;INFO]----------------------------------------------------------------------------------------------------

[2025-02-24 11:57:33;INFO]Current Epoch: 444 / 500 | Learning Rate : 0.0009045084971914823
[2025-02-24 11:58:03;INFO]Train | Loss : 0.216697 | ACC : 6184/6562 (94.240%)
[2025-02-24 11:58:07;INFO]Valid | Loss : 3.145370 | ACC : 1003/2813 (35.656%)
[2025-02-24 11:58:07;INFO]      | Loss didn't drop!

[2025-02-24 11:58:07;INFO]best epoch: 382, best loss: 0.131732
[2025-02-24 11:58:07;INFO]----------------------------------------------------------------------------------------------------

[2025-02-24 11:58:07;INFO]Current Epoch: 445 / 500 | Learning Rate : 0.0006545084971887765
[2025-02-24 11:58:37;INFO]Train | Loss : 0.171929 | ACC : 6344/6562 (96.678%)
[2025-02-24 11:58:41;INFO]Valid | Loss : 0.136957 | ACC : 2730/2813 (97.049%)
[2025-02-24 11:58:41;INFO]      | Loss didn't drop!

[2025-02-24 11:58:41;INFO]best epoch: 382, best loss: 0.131732
[2025-02-24 11:58:41;INFO]----------------------------------------------------------------------------------------------------

[2025-02-24 11:58:41;INFO]Current Epoch: 446 / 500 | Learning Rate : 0.0
[2025-02-24 11:59:10;INFO]Train | Loss : 0.083966 | ACC : 6474/6562 (98.659%)
[2025-02-24 11:59:15;INFO]Valid | Loss : 1.747203 | ACC : 1844/2813 (65.553%)
[2025-02-24 11:59:15;INFO]      | Loss didn't drop!

[2025-02-24 11:59:15;INFO]best epoch: 382, best loss: 0.131732
[2025-02-24 11:59:15;INFO]----------------------------------------------------------------------------------------------------

[2025-02-24 11:59:15;INFO]Current Epoch: 447 / 500 | Learning Rate : 0.0006545084971871317
[2025-02-24 11:59:44;INFO]Train | Loss : 0.133184 | ACC : 6387/6562 (97.333%)
[2025-02-24 11:59:48;INFO]Valid | Loss : 0.378909 | ACC : 2557/2813 (90.899%)
[2025-02-24 11:59:48;INFO]      | Loss didn't drop!

[2025-02-24 11:59:48;INFO]best epoch: 382, best loss: 0.131732
[2025-02-24 11:59:48;INFO]----------------------------------------------------------------------------------------------------

[2025-02-24 11:59:48;INFO]Current Epoch: 448 / 500 | Learning Rate : 0.0009045084971850641
[2025-02-24 12:00:18;INFO]Train | Loss : 0.077266 | ACC : 6474/6562 (98.659%)
[2025-02-24 12:00:22;INFO]Valid | Loss : 0.161799 | ACC : 2730/2813 (97.049%)
[2025-02-24 12:00:22;INFO]      | Loss didn't drop!

[2025-02-24 12:00:22;INFO]best epoch: 382, best loss: 0.131732
[2025-02-24 12:00:22;INFO]----------------------------------------------------------------------------------------------------

[2025-02-24 12:00:22;INFO]Current Epoch: 449 / 500 | Learning Rate : 9.549150281268157e-05
[2025-02-24 12:00:52;INFO]Train | Loss : 0.068536 | ACC : 6482/6562 (98.781%)
[2025-02-24 12:00:56;INFO]Valid | Loss : 0.124635 | ACC : 2768/2813 (98.400%)
[2025-02-24 12:00:56;INFO]      | Loss dropped from 0.131732 to 0.124635, model has been saved!

[2025-02-24 12:00:56;INFO]best epoch: 449, best loss: 0.124635
[2025-02-24 12:00:56;INFO]----------------------------------------------------------------------------------------------------

[2025-02-24 12:00:56;INFO]Current Epoch: 450 / 500 | Learning Rate : 0.000345491502812771
[2025-02-24 12:01:26;INFO]Train | Loss : 0.060600 | ACC : 6496/6562 (98.994%)
[2025-02-24 12:01:30;INFO]Valid | Loss : 0.472171 | ACC : 2470/2813 (87.807%)
[2025-02-24 12:01:30;INFO]      | Loss didn't drop!

[2025-02-24 12:01:30;INFO]best epoch: 449, best loss: 0.124635
[2025-02-24 12:01:30;INFO]----------------------------------------------------------------------------------------------------

[2025-02-24 12:01:30;INFO]Current Epoch: 451 / 500 | Learning Rate : 0.0010000000000041933
[2025-02-24 12:02:00;INFO]Train | Loss : 0.087621 | ACC : 6451/6562 (98.308%)
[2025-02-24 12:02:04;INFO]Valid | Loss : 0.421548 | ACC : 2473/2813 (87.913%)
[2025-02-24 12:02:04;INFO]      | Loss didn't drop!

[2025-02-24 12:02:04;INFO]best epoch: 449, best loss: 0.124635
[2025-02-24 12:02:04;INFO]----------------------------------------------------------------------------------------------------

[2025-02-24 12:02:04;INFO]Current Epoch: 452 / 500 | Learning Rate : 0.00034549150281306046
[2025-02-24 12:02:34;INFO]Train | Loss : 0.092171 | ACC : 6447/6562 (98.247%)
[2025-02-24 12:02:38;INFO]Valid | Loss : 0.145388 | ACC : 2764/2813 (98.258%)
[2025-02-24 12:02:38;INFO]      | Loss didn't drop!

[2025-02-24 12:02:38;INFO]best epoch: 449, best loss: 0.124635
[2025-02-24 12:02:38;INFO]----------------------------------------------------------------------------------------------------

[2025-02-24 12:02:38;INFO]Current Epoch: 453 / 500 | Learning Rate : 9.54915028126413e-05
[2025-02-24 12:03:08;INFO]Train | Loss : 0.194977 | ACC : 6295/6562 (95.931%)
[2025-02-24 12:03:12;INFO]Valid | Loss : 0.445558 | ACC : 2424/2813 (86.171%)
[2025-02-24 12:03:12;INFO]      | Loss didn't drop!

[2025-02-24 12:03:12;INFO]best epoch: 449, best loss: 0.124635
[2025-02-24 12:03:12;INFO]----------------------------------------------------------------------------------------------------

[2025-02-24 12:03:12;INFO]Current Epoch: 454 / 500 | Learning Rate : 0.0009045084971923452
[2025-02-24 12:03:41;INFO]Train | Loss : 0.165874 | ACC : 6322/6562 (96.343%)
[2025-02-24 12:03:46;INFO]Valid | Loss : 1.667611 | ACC : 1516/2813 (53.893%)
[2025-02-24 12:03:46;INFO]      | Loss didn't drop!

[2025-02-24 12:03:46;INFO]best epoch: 449, best loss: 0.124635
[2025-02-24 12:03:46;INFO]----------------------------------------------------------------------------------------------------

[2025-02-24 12:03:46;INFO]Current Epoch: 455 / 500 | Learning Rate : 0.0006545084971930282
[2025-02-24 12:04:15;INFO]Train | Loss : 0.202361 | ACC : 6223/6562 (94.834%)
[2025-02-24 12:04:19;INFO]Valid | Loss : 0.297765 | ACC : 2568/2813 (91.290%)
[2025-02-24 12:04:19;INFO]      | Loss didn't drop!

[2025-02-24 12:04:19;INFO]best epoch: 449, best loss: 0.124635
[2025-02-24 12:04:19;INFO]----------------------------------------------------------------------------------------------------

[2025-02-24 12:04:19;INFO]Current Epoch: 456 / 500 | Learning Rate : 0.0
[2025-02-24 12:04:49;INFO]Train | Loss : 0.119146 | ACC : 6409/6562 (97.668%)
[2025-02-24 12:04:53;INFO]Valid | Loss : 0.636336 | ACC : 2185/2813 (77.675%)
[2025-02-24 12:04:53;INFO]      | Loss didn't drop!

[2025-02-24 12:04:53;INFO]best epoch: 449, best loss: 0.124635
[2025-02-24 12:04:53;INFO]----------------------------------------------------------------------------------------------------

[2025-02-24 12:04:53;INFO]Current Epoch: 457 / 500 | Learning Rate : 0.0006545084971879817
[2025-02-24 12:05:23;INFO]Train | Loss : 0.153305 | ACC : 6324/6562 (96.373%)
[2025-02-24 12:05:27;INFO]Valid | Loss : 1.671618 | ACC : 1802/2813 (64.060%)
[2025-02-24 12:05:27;INFO]      | Loss didn't drop!

[2025-02-24 12:05:27;INFO]best epoch: 449, best loss: 0.124635
[2025-02-24 12:05:27;INFO]----------------------------------------------------------------------------------------------------

[2025-02-24 12:05:27;INFO]Current Epoch: 458 / 500 | Learning Rate : 0.0009045084971856921
[2025-02-24 12:05:57;INFO]Train | Loss : 0.114236 | ACC : 6404/6562 (97.592%)
[2025-02-24 12:06:01;INFO]Valid | Loss : 0.583007 | ACC : 2235/2813 (79.453%)
[2025-02-24 12:06:01;INFO]      | Loss didn't drop!

[2025-02-24 12:06:01;INFO]best epoch: 449, best loss: 0.124635
[2025-02-24 12:06:01;INFO]----------------------------------------------------------------------------------------------------

[2025-02-24 12:06:01;INFO]Current Epoch: 459 / 500 | Learning Rate : 9.549150281276074e-05
[2025-02-24 12:06:31;INFO]Train | Loss : 0.145381 | ACC : 6359/6562 (96.906%)
[2025-02-24 12:06:35;INFO]Valid | Loss : 0.359550 | ACC : 2478/2813 (88.091%)
[2025-02-24 12:06:35;INFO]      | Loss didn't drop!

[2025-02-24 12:06:35;INFO]best epoch: 449, best loss: 0.124635
[2025-02-24 12:06:35;INFO]----------------------------------------------------------------------------------------------------

[2025-02-24 12:06:35;INFO]Current Epoch: 460 / 500 | Learning Rate : 0.0003454915028131926
[2025-02-24 12:07:04;INFO]Train | Loss : 0.117465 | ACC : 6432/6562 (98.019%)
[2025-02-24 12:07:09;INFO]Valid | Loss : 4.518096 | ACC : 890/2813 (31.639%)
[2025-02-24 12:07:09;INFO]      | Loss didn't drop!

[2025-02-24 12:07:09;INFO]best epoch: 449, best loss: 0.124635
[2025-02-24 12:07:09;INFO]----------------------------------------------------------------------------------------------------

[2025-02-24 12:07:09;INFO]Current Epoch: 461 / 500 | Learning Rate : 0.00100000000000487
[2025-02-24 12:07:38;INFO]Train | Loss : 0.305683 | ACC : 6067/6562 (92.457%)
[2025-02-24 12:07:43;INFO]Valid | Loss : 0.713316 | ACC : 2186/2813 (77.711%)
[2025-02-24 12:07:43;INFO]      | Loss didn't drop!

[2025-02-24 12:07:43;INFO]best epoch: 449, best loss: 0.124635
[2025-02-24 12:07:43;INFO]----------------------------------------------------------------------------------------------------

[2025-02-24 12:07:43;INFO]Current Epoch: 462 / 500 | Learning Rate : 0.0003454915028135354
[2025-02-24 12:08:12;INFO]Train | Loss : 0.247326 | ACC : 6120/6562 (93.264%)
[2025-02-24 12:08:16;INFO]Valid | Loss : 0.167553 | ACC : 2732/2813 (97.121%)
[2025-02-24 12:08:16;INFO]      | Loss didn't drop!

[2025-02-24 12:08:16;INFO]best epoch: 449, best loss: 0.124635
[2025-02-24 12:08:16;INFO]----------------------------------------------------------------------------------------------------

[2025-02-24 12:08:16;INFO]Current Epoch: 463 / 500 | Learning Rate : 9.549150281337507e-05
[2025-02-24 12:08:46;INFO]Train | Loss : 0.112180 | ACC : 6419/6562 (97.821%)
[2025-02-24 12:08:50;INFO]Valid | Loss : 0.846949 | ACC : 2210/2813 (78.564%)
[2025-02-24 12:08:50;INFO]      | Loss didn't drop!

[2025-02-24 12:08:50;INFO]best epoch: 449, best loss: 0.124635
[2025-02-24 12:08:50;INFO]----------------------------------------------------------------------------------------------------

[2025-02-24 12:08:50;INFO]Current Epoch: 464 / 500 | Learning Rate : 0.0009045084971875799
[2025-02-24 12:09:20;INFO]Train | Loss : 0.124160 | ACC : 6369/6562 (97.059%)
[2025-02-24 12:09:24;INFO]Valid | Loss : 0.302193 | ACC : 2583/2813 (91.824%)
[2025-02-24 12:09:24;INFO]      | Loss didn't drop!

[2025-02-24 12:09:24;INFO]best epoch: 449, best loss: 0.124635
[2025-02-24 12:09:24;INFO]----------------------------------------------------------------------------------------------------

[2025-02-24 12:09:24;INFO]Current Epoch: 465 / 500 | Learning Rate : 0.0006545084971859294
[2025-02-24 12:09:54;INFO]Train | Loss : 0.074323 | ACC : 6467/6562 (98.552%)
[2025-02-24 12:09:58;INFO]Valid | Loss : 0.253959 | ACC : 2612/2813 (92.855%)
[2025-02-24 12:09:58;INFO]      | Loss didn't drop!

[2025-02-24 12:09:58;INFO]best epoch: 449, best loss: 0.124635
[2025-02-24 12:09:58;INFO]----------------------------------------------------------------------------------------------------

[2025-02-24 12:09:58;INFO]Current Epoch: 466 / 500 | Learning Rate : 0.0
[2025-02-24 12:10:28;INFO]Train | Loss : 0.098410 | ACC : 6409/6562 (97.668%)
[2025-02-24 12:10:32;INFO]Valid | Loss : 0.429302 | ACC : 2464/2813 (87.593%)
[2025-02-24 12:10:32;INFO]      | Loss didn't drop!

[2025-02-24 12:10:32;INFO]best epoch: 449, best loss: 0.124635
[2025-02-24 12:10:32;INFO]----------------------------------------------------------------------------------------------------

[2025-02-24 12:10:32;INFO]Current Epoch: 467 / 500 | Learning Rate : 0.0006545084971883933
[2025-02-24 12:11:02;INFO]Train | Loss : 0.087941 | ACC : 6438/6562 (98.110%)
[2025-02-24 12:11:06;INFO]Valid | Loss : 0.474078 | ACC : 2381/2813 (84.643%)
[2025-02-24 12:11:06;INFO]      | Loss didn't drop!

[2025-02-24 12:11:06;INFO]best epoch: 449, best loss: 0.124635
[2025-02-24 12:11:06;INFO]----------------------------------------------------------------------------------------------------

[2025-02-24 12:11:06;INFO]Current Epoch: 468 / 500 | Learning Rate : 0.0009045084971915398
[2025-02-24 12:11:35;INFO]Train | Loss : 0.124501 | ACC : 6373/6562 (97.120%)
[2025-02-24 12:11:40;INFO]Valid | Loss : 0.880744 | ACC : 2014/2813 (71.596%)
[2025-02-24 12:11:40;INFO]      | Loss didn't drop!

[2025-02-24 12:11:40;INFO]best epoch: 449, best loss: 0.124635
[2025-02-24 12:11:40;INFO]----------------------------------------------------------------------------------------------------

[2025-02-24 12:11:40;INFO]Current Epoch: 469 / 500 | Learning Rate : 9.549150281284091e-05
[2025-02-24 12:12:09;INFO]Train | Loss : 0.164342 | ACC : 6319/6562 (96.297%)
[2025-02-24 12:12:13;INFO]Valid | Loss : 0.359731 | ACC : 2432/2813 (86.456%)
[2025-02-24 12:12:13;INFO]      | Loss didn't drop!

[2025-02-24 12:12:13;INFO]best epoch: 449, best loss: 0.124635
[2025-02-24 12:12:13;INFO]----------------------------------------------------------------------------------------------------

[2025-02-24 12:12:13;INFO]Current Epoch: 470 / 500 | Learning Rate : 0.00034549150281340107
[2025-02-24 12:12:43;INFO]Train | Loss : 0.119992 | ACC : 6391/6562 (97.394%)
[2025-02-24 12:12:47;INFO]Valid | Loss : 0.224217 | ACC : 2673/2813 (95.023%)
[2025-02-24 12:12:47;INFO]      | Loss didn't drop!

[2025-02-24 12:12:47;INFO]best epoch: 449, best loss: 0.124635
[2025-02-24 12:12:47;INFO]----------------------------------------------------------------------------------------------------

[2025-02-24 12:12:47;INFO]Current Epoch: 471 / 500 | Learning Rate : 0.001000000000005546
[2025-02-24 12:13:17;INFO]Train | Loss : 0.085235 | ACC : 6455/6562 (98.369%)
[2025-02-24 12:13:21;INFO]Valid | Loss : 0.842371 | ACC : 2179/2813 (77.462%)
[2025-02-24 12:13:21;INFO]      | Loss didn't drop!

[2025-02-24 12:13:21;INFO]best epoch: 449, best loss: 0.124635
[2025-02-24 12:13:21;INFO]----------------------------------------------------------------------------------------------------

[2025-02-24 12:13:21;INFO]Current Epoch: 472 / 500 | Learning Rate : 0.0003454915028157881
[2025-02-24 12:13:51;INFO]Train | Loss : 0.134129 | ACC : 6365/6562 (96.998%)
[2025-02-24 12:13:55;INFO]Valid | Loss : 0.193099 | ACC : 2706/2813 (96.196%)
[2025-02-24 12:13:55;INFO]      | Loss didn't drop!

[2025-02-24 12:13:55;INFO]best epoch: 449, best loss: 0.124635
[2025-02-24 12:13:55;INFO]----------------------------------------------------------------------------------------------------

[2025-02-24 12:13:55;INFO]Current Epoch: 473 / 500 | Learning Rate : 9.5491502812321e-05
[2025-02-24 12:14:25;INFO]Train | Loss : 0.091194 | ACC : 6438/6562 (98.110%)
[2025-02-24 12:14:29;INFO]Valid | Loss : 4.407674 | ACC : 1181/2813 (41.984%)
[2025-02-24 12:14:29;INFO]      | Loss didn't drop!

[2025-02-24 12:14:29;INFO]best epoch: 449, best loss: 0.124635
[2025-02-24 12:14:29;INFO]----------------------------------------------------------------------------------------------------

[2025-02-24 12:14:29;INFO]Current Epoch: 474 / 500 | Learning Rate : 0.000904508497188168
[2025-02-24 12:14:58;INFO]Train | Loss : 0.110974 | ACC : 6406/6562 (97.623%)
[2025-02-24 12:15:03;INFO]Valid | Loss : 0.819455 | ACC : 2208/2813 (78.493%)
[2025-02-24 12:15:03;INFO]      | Loss didn't drop!

[2025-02-24 12:15:03;INFO]best epoch: 449, best loss: 0.124635
[2025-02-24 12:15:03;INFO]----------------------------------------------------------------------------------------------------

[2025-02-24 12:15:03;INFO]Current Epoch: 475 / 500 | Learning Rate : 0.0006545084971866081
[2025-02-24 12:15:32;INFO]Train | Loss : 0.105971 | ACC : 6408/6562 (97.653%)
[2025-02-24 12:15:36;INFO]Valid | Loss : 0.244451 | ACC : 2627/2813 (93.388%)
[2025-02-24 12:15:36;INFO]      | Loss didn't drop!

[2025-02-24 12:15:36;INFO]best epoch: 449, best loss: 0.124635
[2025-02-24 12:15:36;INFO]----------------------------------------------------------------------------------------------------

[2025-02-24 12:15:36;INFO]Current Epoch: 476 / 500 | Learning Rate : 0.0
[2025-02-24 12:16:06;INFO]Train | Loss : 0.150583 | ACC : 6307/6562 (96.114%)
[2025-02-24 12:16:10;INFO]Valid | Loss : 0.651019 | ACC : 2289/2813 (81.372%)
[2025-02-24 12:16:10;INFO]      | Loss didn't drop!

[2025-02-24 12:16:10;INFO]best epoch: 449, best loss: 0.124635
[2025-02-24 12:16:10;INFO]----------------------------------------------------------------------------------------------------

[2025-02-24 12:16:10;INFO]Current Epoch: 477 / 500 | Learning Rate : 0.0006545084971885947
[2025-02-24 12:16:40;INFO]Train | Loss : 0.124022 | ACC : 6359/6562 (96.906%)
[2025-02-24 12:16:44;INFO]Valid | Loss : 2.643476 | ACC : 1294/2813 (46.001%)
[2025-02-24 12:16:44;INFO]      | Loss didn't drop!

[2025-02-24 12:16:44;INFO]best epoch: 449, best loss: 0.124635
[2025-02-24 12:16:44;INFO]----------------------------------------------------------------------------------------------------

[2025-02-24 12:16:44;INFO]Current Epoch: 478 / 500 | Learning Rate : 0.0009045084971921673
[2025-02-24 12:17:14;INFO]Train | Loss : 0.228182 | ACC : 6197/6562 (94.438%)
[2025-02-24 12:17:18;INFO]Valid | Loss : 2.726716 | ACC : 1412/2813 (50.196%)
[2025-02-24 12:17:18;INFO]      | Loss didn't drop!

[2025-02-24 12:17:18;INFO]best epoch: 449, best loss: 0.124635
[2025-02-24 12:17:18;INFO]----------------------------------------------------------------------------------------------------

[2025-02-24 12:17:18;INFO]Current Epoch: 479 / 500 | Learning Rate : 9.549150281278746e-05
[2025-02-24 12:17:48;INFO]Train | Loss : 0.234104 | ACC : 6181/6562 (94.194%)
[2025-02-24 12:17:52;INFO]Valid | Loss : 0.257480 | ACC : 2605/2813 (92.606%)
[2025-02-24 12:17:52;INFO]      | Loss didn't drop!

[2025-02-24 12:17:52;INFO]best epoch: 449, best loss: 0.124635
[2025-02-24 12:17:52;INFO]----------------------------------------------------------------------------------------------------

[2025-02-24 12:17:52;INFO]Current Epoch: 480 / 500 | Learning Rate : 0.00034549150281560357
[2025-02-24 12:18:22;INFO]Train | Loss : 0.119980 | ACC : 6394/6562 (97.440%)
[2025-02-24 12:18:26;INFO]Valid | Loss : 0.456393 | ACC : 2374/2813 (84.394%)
[2025-02-24 12:18:26;INFO]      | Loss didn't drop!

[2025-02-24 12:18:26;INFO]best epoch: 449, best loss: 0.124635
[2025-02-24 12:18:26;INFO]----------------------------------------------------------------------------------------------------

[2025-02-24 12:18:26;INFO]Current Epoch: 481 / 500 | Learning Rate : 0.0010000000000004326
[2025-02-24 12:18:55;INFO]Train | Loss : 0.139698 | ACC : 6341/6562 (96.632%)
[2025-02-24 12:19:00;INFO]Valid | Loss : 1.404109 | ACC : 1869/2813 (66.442%)
[2025-02-24 12:19:00;INFO]      | Loss didn't drop!

[2025-02-24 12:19:00;INFO]best epoch: 449, best loss: 0.124635
[2025-02-24 12:19:00;INFO]----------------------------------------------------------------------------------------------------

[2025-02-24 12:19:00;INFO]Current Epoch: 482 / 500 | Learning Rate : 0.00034549150281162026
[2025-02-24 12:19:29;INFO]Train | Loss : 0.139116 | ACC : 6362/6562 (96.952%)
[2025-02-24 12:19:33;INFO]Valid | Loss : 0.252472 | ACC : 2682/2813 (95.343%)
[2025-02-24 12:19:33;INFO]      | Loss didn't drop!

[2025-02-24 12:19:33;INFO]best epoch: 449, best loss: 0.124635
[2025-02-24 12:19:33;INFO]----------------------------------------------------------------------------------------------------

[2025-02-24 12:19:33;INFO]Current Epoch: 483 / 500 | Learning Rate : 9.549150281236921e-05
[2025-02-24 12:20:03;INFO]Train | Loss : 0.089311 | ACC : 6455/6562 (98.369%)
[2025-02-24 12:20:07;INFO]Valid | Loss : 0.762807 | ACC : 2194/2813 (77.995%)
[2025-02-24 12:20:07;INFO]      | Loss didn't drop!

[2025-02-24 12:20:07;INFO]best epoch: 449, best loss: 0.124635
[2025-02-24 12:20:07;INFO]----------------------------------------------------------------------------------------------------

[2025-02-24 12:20:07;INFO]Current Epoch: 484 / 500 | Learning Rate : 0.0009045084971887642
[2025-02-24 12:20:37;INFO]Train | Loss : 0.079532 | ACC : 6465/6562 (98.522%)
[2025-02-24 12:20:41;INFO]Valid | Loss : 1.620059 | ACC : 1931/2813 (68.646%)
[2025-02-24 12:20:41;INFO]      | Loss didn't drop!

[2025-02-24 12:20:41;INFO]best epoch: 449, best loss: 0.124635
[2025-02-24 12:20:41;INFO]----------------------------------------------------------------------------------------------------

[2025-02-24 12:20:41;INFO]Current Epoch: 485 / 500 | Learning Rate : 0.000654508497190426
[2025-02-24 12:21:11;INFO]Train | Loss : 0.107471 | ACC : 6397/6562 (97.486%)
[2025-02-24 12:21:15;INFO]Valid | Loss : 0.489361 | ACC : 2403/2813 (85.425%)
[2025-02-24 12:21:15;INFO]      | Loss didn't drop!

[2025-02-24 12:21:15;INFO]best epoch: 449, best loss: 0.124635
[2025-02-24 12:21:15;INFO]----------------------------------------------------------------------------------------------------

[2025-02-24 12:21:15;INFO]Current Epoch: 486 / 500 | Learning Rate : 0.0
[2025-02-24 12:21:45;INFO]Train | Loss : 0.084609 | ACC : 6452/6562 (98.324%)
[2025-02-24 12:21:49;INFO]Valid | Loss : 0.888469 | ACC : 2185/2813 (77.675%)
[2025-02-24 12:21:49;INFO]      | Loss didn't drop!

[2025-02-24 12:21:49;INFO]best epoch: 449, best loss: 0.124635
[2025-02-24 12:21:49;INFO]----------------------------------------------------------------------------------------------------

[2025-02-24 12:21:49;INFO]Current Epoch: 487 / 500 | Learning Rate : 0.0006545084971890062
[2025-02-24 12:22:19;INFO]Train | Loss : 0.094833 | ACC : 6428/6562 (97.958%)
[2025-02-24 12:22:23;INFO]Valid | Loss : 1.046303 | ACC : 2097/2813 (74.547%)
[2025-02-24 12:22:23;INFO]      | Loss didn't drop!

[2025-02-24 12:22:23;INFO]best epoch: 449, best loss: 0.124635
[2025-02-24 12:22:23;INFO]----------------------------------------------------------------------------------------------------

[2025-02-24 12:22:23;INFO]Current Epoch: 488 / 500 | Learning Rate : 0.0009045084971926516
[2025-02-24 12:22:53;INFO]Train | Loss : 0.069322 | ACC : 6483/6562 (98.796%)
[2025-02-24 12:22:57;INFO]Valid | Loss : 0.202086 | ACC : 2698/2813 (95.912%)
[2025-02-24 12:22:57;INFO]      | Loss didn't drop!

[2025-02-24 12:22:57;INFO]best epoch: 449, best loss: 0.124635
[2025-02-24 12:22:57;INFO]----------------------------------------------------------------------------------------------------

[2025-02-24 12:22:57;INFO]Current Epoch: 489 / 500 | Learning Rate : 9.54915028123148e-05
[2025-02-24 12:23:26;INFO]Train | Loss : 0.075604 | ACC : 6476/6562 (98.689%)
[2025-02-24 12:23:31;INFO]Valid | Loss : 0.196159 | ACC : 2709/2813 (96.303%)
[2025-02-24 12:23:31;INFO]      | Loss didn't drop!

[2025-02-24 12:23:31;INFO]best epoch: 449, best loss: 0.124635
[2025-02-24 12:23:31;INFO]----------------------------------------------------------------------------------------------------

[2025-02-24 12:23:31;INFO]Current Epoch: 490 / 500 | Learning Rate : 0.00034549150281160156
[2025-02-24 12:24:00;INFO]Train | Loss : 0.288901 | ACC : 6071/6562 (92.518%)
[2025-02-24 12:24:04;INFO]Valid | Loss : 2.041698 | ACC : 1505/2813 (53.502%)
[2025-02-24 12:24:04;INFO]      | Loss didn't drop!

[2025-02-24 12:24:04;INFO]best epoch: 449, best loss: 0.124635
[2025-02-24 12:24:04;INFO]----------------------------------------------------------------------------------------------------

[2025-02-24 12:24:04;INFO]Current Epoch: 491 / 500 | Learning Rate : 0.0010000000000011094
[2025-02-24 12:24:34;INFO]Train | Loss : 0.224651 | ACC : 6170/6562 (94.026%)
[2025-02-24 12:24:38;INFO]Valid | Loss : 0.337087 | ACC : 2530/2813 (89.940%)
[2025-02-24 12:24:38;INFO]      | Loss didn't drop!

[2025-02-24 12:24:38;INFO]best epoch: 449, best loss: 0.124635
[2025-02-24 12:24:38;INFO]----------------------------------------------------------------------------------------------------

[2025-02-24 12:24:38;INFO]Current Epoch: 492 / 500 | Learning Rate : 0.0003454915028120958
[2025-02-24 12:25:08;INFO]Train | Loss : 0.131236 | ACC : 6380/6562 (97.226%)
[2025-02-24 12:25:12;INFO]Valid | Loss : 0.160064 | ACC : 2740/2813 (97.405%)
[2025-02-24 12:25:12;INFO]      | Loss didn't drop!

[2025-02-24 12:25:12;INFO]best epoch: 449, best loss: 0.124635
[2025-02-24 12:25:12;INFO]----------------------------------------------------------------------------------------------------

[2025-02-24 12:25:12;INFO]Current Epoch: 493 / 500 | Learning Rate : 9.549150281296935e-05
[2025-02-24 12:25:42;INFO]Train | Loss : 0.084639 | ACC : 6446/6562 (98.232%)
[2025-02-24 12:25:46;INFO]Valid | Loss : 0.260310 | ACC : 2611/2813 (92.819%)
[2025-02-24 12:25:46;INFO]      | Loss didn't drop!

[2025-02-24 12:25:46;INFO]best epoch: 449, best loss: 0.124635
[2025-02-24 12:25:46;INFO]----------------------------------------------------------------------------------------------------

[2025-02-24 12:25:46;INFO]Current Epoch: 494 / 500 | Learning Rate : 0.0009045084971893519
[2025-02-24 12:26:15;INFO]Train | Loss : 0.083679 | ACC : 6434/6562 (98.049%)
[2025-02-24 12:26:20;INFO]Valid | Loss : 0.336128 | ACC : 2561/2813 (91.042%)
[2025-02-24 12:26:20;INFO]      | Loss didn't drop!

[2025-02-24 12:26:20;INFO]best epoch: 449, best loss: 0.124635
[2025-02-24 12:26:20;INFO]----------------------------------------------------------------------------------------------------

[2025-02-24 12:26:20;INFO]Current Epoch: 495 / 500 | Learning Rate : 0.0006545084971908881
[2025-02-24 12:26:49;INFO]Train | Loss : 0.099016 | ACC : 6419/6562 (97.821%)
[2025-02-24 12:26:53;INFO]Valid | Loss : 0.235130 | ACC : 2671/2813 (94.952%)
[2025-02-24 12:26:53;INFO]      | Loss didn't drop!

[2025-02-24 12:26:53;INFO]best epoch: 449, best loss: 0.124635
[2025-02-24 12:26:53;INFO]----------------------------------------------------------------------------------------------------

[2025-02-24 12:26:53;INFO]Current Epoch: 496 / 500 | Learning Rate : 0.0
[2025-02-24 12:27:23;INFO]Train | Loss : 0.092946 | ACC : 6432/6562 (98.019%)
[2025-02-24 12:27:27;INFO]Valid | Loss : 0.606430 | ACC : 2212/2813 (78.635%)
[2025-02-24 12:27:27;INFO]      | Loss didn't drop!

[2025-02-24 12:27:27;INFO]best epoch: 449, best loss: 0.124635
[2025-02-24 12:27:27;INFO]----------------------------------------------------------------------------------------------------

[2025-02-24 12:27:27;INFO]Current Epoch: 497 / 500 | Learning Rate : 0.0006545084971856402
[2025-02-24 12:27:57;INFO]Train | Loss : 0.207234 | ACC : 6226/6562 (94.880%)
[2025-02-24 12:28:01;INFO]Valid | Loss : 3.307911 | ACC : 1357/2813 (48.240%)
[2025-02-24 12:28:01;INFO]      | Loss didn't drop!

[2025-02-24 12:28:01;INFO]best epoch: 449, best loss: 0.124635
[2025-02-24 12:28:01;INFO]----------------------------------------------------------------------------------------------------

[2025-02-24 12:28:01;INFO]Current Epoch: 498 / 500 | Learning Rate : 0.0009045084971880514
[2025-02-24 12:28:30;INFO]Train | Loss : 0.115319 | ACC : 6396/6562 (97.470%)
[2025-02-24 12:28:35;INFO]Valid | Loss : 0.207471 | ACC : 2696/2813 (95.841%)
[2025-02-24 12:28:35;INFO]      | Loss didn't drop!

[2025-02-24 12:28:35;INFO]best epoch: 449, best loss: 0.124635
[2025-02-24 12:28:35;INFO]----------------------------------------------------------------------------------------------------

[2025-02-24 12:28:35;INFO]Current Epoch: 499 / 500 | Learning Rate : 9.549150281239488e-05
[2025-02-24 12:29:04;INFO]Train | Loss : 0.116485 | ACC : 6403/6562 (97.577%)
[2025-02-24 12:29:08;INFO]Valid | Loss : 0.260227 | ACC : 2625/2813 (93.317%)
[2025-02-24 12:29:08;INFO]      | Loss didn't drop!

[2025-02-24 12:29:08;INFO]best epoch: 449, best loss: 0.124635
[2025-02-24 12:29:08;INFO]----------------------------------------------------------------------------------------------------

[2025-02-24 12:29:08;INFO]Current Epoch: 500 / 500 | Learning Rate : 0.0003454915028118102
[2025-02-24 12:29:34;INFO]Train | Loss : 0.136094 | ACC : 6368/6562 (97.044%)
[2025-02-24 12:29:36;INFO]Valid | Loss : 2.225280 | ACC : 1568/2813 (55.741%)
[2025-02-24 12:29:36;INFO]      | Loss didn't drop!

[2025-02-24 12:29:36;INFO]best epoch: 449, best loss: 0.124635
[2025-02-24 12:29:36;INFO]----------------------------------------------------------------------------------------------------

[2025-02-24 12:29:36;INFO]Training finished! Best Epoch : 449 | Best Loss : 0.124635


