[2025-02-24 07:45:49;INFO]====================================================================================================
[2025-02-24 07:45:49;INFO]Config
[2025-02-24 07:45:49;INFO]----------------------------------------------------------------------------------------------------
[2025-02-24 07:45:49;INFO]seed : 2025
[2025-02-24 07:45:49;INFO]mode : train
[2025-02-24 07:45:49;INFO]device : cuda
[2025-02-24 07:45:49;INFO]dataset_path : ../../../Datasets
[2025-02-24 07:45:49;INFO]source : {'d': 2}
[2025-02-24 07:45:49;INFO]num_classes : 25
[2025-02-24 07:45:49;INFO]backbone : scnn
[2025-02-24 07:45:49;INFO]lr : 0.001
[2025-02-24 07:45:49;INFO]batch_size : 128
[2025-02-24 07:45:49;INFO]train_epochs : 500
[2025-02-24 07:45:49;INFO]root_dir : ./result/lora_scnn
[2025-02-24 07:45:49;INFO]work_dir : ./result/lora_scnn/train/day2
[2025-02-24 07:45:49;INFO]logger : <Logger Logger_train (INFO)>
[2025-02-24 07:45:49;INFO]====================================================================================================


[2025-02-24 07:45:53;INFO]Start training ...
[2025-02-24 07:45:53;INFO]No. train samples: 6562
[2025-02-24 07:45:53;INFO]No. valid samples: 2813
[2025-02-24 07:45:53;INFO]----------------------------------------------------------------------------------------------------

[2025-02-24 07:45:53;INFO]Current Epoch: 1 / 500 | Learning Rate : 0.001
[2025-02-24 07:46:26;INFO]Train | Loss : 3.223024 | ACC : 319/6562 (4.861%)
[2025-02-24 07:46:30;INFO]Valid | Loss : 3.289557 | ACC : 99/2813 (3.519%)
[2025-02-24 07:46:30;INFO]      | Loss dropped from inf to 3.289557, model has been saved!

[2025-02-24 07:46:30;INFO]best epoch: 1, best loss: 3.289557
[2025-02-24 07:46:30;INFO]----------------------------------------------------------------------------------------------------

[2025-02-24 07:46:30;INFO]Current Epoch: 2 / 500 | Learning Rate : 0.0003454915028125262
[2025-02-24 07:46:59;INFO]Train | Loss : 3.194634 | ACC : 463/6562 (7.056%)
[2025-02-24 07:47:03;INFO]Valid | Loss : 3.342401 | ACC : 108/2813 (3.839%)
[2025-02-24 07:47:03;INFO]      | Loss didn't drop!

[2025-02-24 07:47:03;INFO]best epoch: 1, best loss: 3.289557
[2025-02-24 07:47:03;INFO]----------------------------------------------------------------------------------------------------

[2025-02-24 07:47:03;INFO]Current Epoch: 3 / 500 | Learning Rate : 9.549150281252526e-05
[2025-02-24 07:47:32;INFO]Train | Loss : 3.154953 | ACC : 577/6562 (8.793%)
[2025-02-24 07:47:36;INFO]Valid | Loss : 3.144957 | ACC : 117/2813 (4.159%)
[2025-02-24 07:47:36;INFO]      | Loss dropped from 3.289557 to 3.144957, model has been saved!

[2025-02-24 07:47:36;INFO]best epoch: 3, best loss: 3.144957
[2025-02-24 07:47:36;INFO]----------------------------------------------------------------------------------------------------

[2025-02-24 07:47:36;INFO]Current Epoch: 4 / 500 | Learning Rate : 0.0009045084971875147
[2025-02-24 07:48:05;INFO]Train | Loss : 3.000019 | ACC : 1057/6562 (16.108%)
[2025-02-24 07:48:09;INFO]Valid | Loss : 3.700769 | ACC : 127/2813 (4.515%)
[2025-02-24 07:48:09;INFO]      | Loss didn't drop!

[2025-02-24 07:48:09;INFO]best epoch: 3, best loss: 3.144957
[2025-02-24 07:48:09;INFO]----------------------------------------------------------------------------------------------------

[2025-02-24 07:48:09;INFO]Current Epoch: 5 / 500 | Learning Rate : 0.0006545084971874742
[2025-02-24 07:48:38;INFO]Train | Loss : 2.847064 | ACC : 1622/6562 (24.718%)
[2025-02-24 07:48:42;INFO]Valid | Loss : 2.755026 | ACC : 628/2813 (22.325%)
[2025-02-24 07:48:42;INFO]      | Loss dropped from 3.144957 to 2.755026, model has been saved!

[2025-02-24 07:48:42;INFO]best epoch: 5, best loss: 2.755026
[2025-02-24 07:48:42;INFO]----------------------------------------------------------------------------------------------------

[2025-02-24 07:48:42;INFO]Current Epoch: 6 / 500 | Learning Rate : 0.0
[2025-02-24 07:49:11;INFO]Train | Loss : 2.699537 | ACC : 2087/6562 (31.804%)
[2025-02-24 07:49:16;INFO]Valid | Loss : 2.941600 | ACC : 328/2813 (11.660%)
[2025-02-24 07:49:16;INFO]      | Loss didn't drop!

[2025-02-24 07:49:16;INFO]best epoch: 5, best loss: 2.755026
[2025-02-24 07:49:16;INFO]----------------------------------------------------------------------------------------------------

[2025-02-24 07:49:16;INFO]Current Epoch: 7 / 500 | Learning Rate : 0.0006545084971875082
[2025-02-24 07:49:45;INFO]Train | Loss : 2.653782 | ACC : 2270/6562 (34.593%)
[2025-02-24 07:49:49;INFO]Valid | Loss : 2.674220 | ACC : 646/2813 (22.965%)
[2025-02-24 07:49:49;INFO]      | Loss dropped from 2.755026 to 2.674220, model has been saved!

[2025-02-24 07:49:49;INFO]best epoch: 7, best loss: 2.674220
[2025-02-24 07:49:49;INFO]----------------------------------------------------------------------------------------------------

[2025-02-24 07:49:49;INFO]Current Epoch: 8 / 500 | Learning Rate : 0.0009045084971875245
[2025-02-24 07:50:18;INFO]Train | Loss : 2.575775 | ACC : 2572/6562 (39.195%)
[2025-02-24 07:50:22;INFO]Valid | Loss : 2.649087 | ACC : 564/2813 (20.050%)
[2025-02-24 07:50:22;INFO]      | Loss dropped from 2.674220 to 2.649087, model has been saved!

[2025-02-24 07:50:22;INFO]best epoch: 8, best loss: 2.649087
[2025-02-24 07:50:22;INFO]----------------------------------------------------------------------------------------------------

[2025-02-24 07:50:22;INFO]Current Epoch: 9 / 500 | Learning Rate : 9.549150281253313e-05
[2025-02-24 07:50:51;INFO]Train | Loss : 2.442159 | ACC : 3160/6562 (48.156%)
[2025-02-24 07:50:56;INFO]Valid | Loss : 2.413900 | ACC : 1306/2813 (46.427%)
[2025-02-24 07:50:56;INFO]      | Loss dropped from 2.649087 to 2.413900, model has been saved!

[2025-02-24 07:50:56;INFO]best epoch: 9, best loss: 2.413900
[2025-02-24 07:50:56;INFO]----------------------------------------------------------------------------------------------------

[2025-02-24 07:50:56;INFO]Current Epoch: 10 / 500 | Learning Rate : 0.00034549150281251733
[2025-02-24 07:51:25;INFO]Train | Loss : 2.398328 | ACC : 3243/6562 (49.421%)
[2025-02-24 07:51:29;INFO]Valid | Loss : 2.815114 | ACC : 402/2813 (14.291%)
[2025-02-24 07:51:29;INFO]      | Loss didn't drop!

[2025-02-24 07:51:29;INFO]best epoch: 9, best loss: 2.413900
[2025-02-24 07:51:29;INFO]----------------------------------------------------------------------------------------------------

[2025-02-24 07:51:29;INFO]Current Epoch: 11 / 500 | Learning Rate : 0.0010000000000000722
[2025-02-24 07:51:58;INFO]Train | Loss : 2.429609 | ACC : 3149/6562 (47.988%)
[2025-02-24 07:52:02;INFO]Valid | Loss : 2.633005 | ACC : 524/2813 (18.628%)
[2025-02-24 07:52:02;INFO]      | Loss didn't drop!

[2025-02-24 07:52:02;INFO]best epoch: 9, best loss: 2.413900
[2025-02-24 07:52:02;INFO]----------------------------------------------------------------------------------------------------

[2025-02-24 07:52:02;INFO]Current Epoch: 12 / 500 | Learning Rate : 0.0003454915028125234
[2025-02-24 07:52:31;INFO]Train | Loss : 2.315012 | ACC : 3369/6562 (51.341%)
[2025-02-24 07:52:35;INFO]Valid | Loss : 2.214271 | ACC : 1380/2813 (49.058%)
[2025-02-24 07:52:35;INFO]      | Loss dropped from 2.413900 to 2.214271, model has been saved!

[2025-02-24 07:52:35;INFO]best epoch: 12, best loss: 2.214271
[2025-02-24 07:52:35;INFO]----------------------------------------------------------------------------------------------------

[2025-02-24 07:52:35;INFO]Current Epoch: 13 / 500 | Learning Rate : 9.549150281252432e-05
[2025-02-24 07:53:04;INFO]Train | Loss : 2.196140 | ACC : 3775/6562 (57.528%)
[2025-02-24 07:53:09;INFO]Valid | Loss : 2.169649 | ACC : 1119/2813 (39.780%)
[2025-02-24 07:53:09;INFO]      | Loss dropped from 2.214271 to 2.169649, model has been saved!

[2025-02-24 07:53:09;INFO]best epoch: 13, best loss: 2.169649
[2025-02-24 07:53:09;INFO]----------------------------------------------------------------------------------------------------

[2025-02-24 07:53:09;INFO]Current Epoch: 14 / 500 | Learning Rate : 0.0009045084971873841
[2025-02-24 07:53:38;INFO]Train | Loss : 2.200425 | ACC : 3684/6562 (56.141%)
[2025-02-24 07:53:42;INFO]Valid | Loss : 2.238216 | ACC : 868/2813 (30.857%)
[2025-02-24 07:53:42;INFO]      | Loss didn't drop!

[2025-02-24 07:53:42;INFO]best epoch: 13, best loss: 2.169649
[2025-02-24 07:53:42;INFO]----------------------------------------------------------------------------------------------------

[2025-02-24 07:53:42;INFO]Current Epoch: 15 / 500 | Learning Rate : 0.0006545084971874736
[2025-02-24 07:54:11;INFO]Train | Loss : 2.148565 | ACC : 3756/6562 (57.239%)
[2025-02-24 07:54:15;INFO]Valid | Loss : 2.065114 | ACC : 1778/2813 (63.207%)
[2025-02-24 07:54:15;INFO]      | Loss dropped from 2.169649 to 2.065114, model has been saved!

[2025-02-24 07:54:15;INFO]best epoch: 15, best loss: 2.065114
[2025-02-24 07:54:15;INFO]----------------------------------------------------------------------------------------------------

[2025-02-24 07:54:15;INFO]Current Epoch: 16 / 500 | Learning Rate : 0.0
[2025-02-24 07:54:44;INFO]Train | Loss : 2.056963 | ACC : 4047/6562 (61.673%)
[2025-02-24 07:54:48;INFO]Valid | Loss : 2.498546 | ACC : 622/2813 (22.112%)
[2025-02-24 07:54:48;INFO]      | Loss didn't drop!

[2025-02-24 07:54:48;INFO]best epoch: 15, best loss: 2.065114
[2025-02-24 07:54:48;INFO]----------------------------------------------------------------------------------------------------

[2025-02-24 07:54:48;INFO]Current Epoch: 17 / 500 | Learning Rate : 0.0006545084971876484
[2025-02-24 07:55:17;INFO]Train | Loss : 2.071380 | ACC : 3796/6562 (57.848%)
[2025-02-24 07:55:22;INFO]Valid | Loss : 2.282415 | ACC : 961/2813 (34.163%)
[2025-02-24 07:55:22;INFO]      | Loss didn't drop!

[2025-02-24 07:55:22;INFO]best epoch: 15, best loss: 2.065114
[2025-02-24 07:55:22;INFO]----------------------------------------------------------------------------------------------------

[2025-02-24 07:55:22;INFO]Current Epoch: 18 / 500 | Learning Rate : 0.0009045084971876415
[2025-02-24 07:55:51;INFO]Train | Loss : 2.004135 | ACC : 3964/6562 (60.408%)
[2025-02-24 07:55:55;INFO]Valid | Loss : 1.983516 | ACC : 1373/2813 (48.809%)
[2025-02-24 07:55:55;INFO]      | Loss dropped from 2.065114 to 1.983516, model has been saved!

[2025-02-24 07:55:55;INFO]best epoch: 18, best loss: 1.983516
[2025-02-24 07:55:55;INFO]----------------------------------------------------------------------------------------------------

[2025-02-24 07:55:55;INFO]Current Epoch: 19 / 500 | Learning Rate : 9.549150281253538e-05
[2025-02-24 07:56:24;INFO]Train | Loss : 1.868787 | ACC : 4379/6562 (66.733%)
[2025-02-24 07:56:28;INFO]Valid | Loss : 2.030376 | ACC : 1288/2813 (45.787%)
[2025-02-24 07:56:28;INFO]      | Loss didn't drop!

[2025-02-24 07:56:28;INFO]best epoch: 18, best loss: 1.983516
[2025-02-24 07:56:28;INFO]----------------------------------------------------------------------------------------------------

[2025-02-24 07:56:28;INFO]Current Epoch: 20 / 500 | Learning Rate : 0.0003454915028126214
[2025-02-24 07:56:57;INFO]Train | Loss : 1.996743 | ACC : 4016/6562 (61.201%)
[2025-02-24 07:57:01;INFO]Valid | Loss : 2.093441 | ACC : 1165/2813 (41.415%)
[2025-02-24 07:57:01;INFO]      | Loss didn't drop!

[2025-02-24 07:57:01;INFO]best epoch: 18, best loss: 1.983516
[2025-02-24 07:57:01;INFO]----------------------------------------------------------------------------------------------------

[2025-02-24 07:57:01;INFO]Current Epoch: 21 / 500 | Learning Rate : 0.0010000000000001989
[2025-02-24 07:57:30;INFO]Train | Loss : 1.918044 | ACC : 3994/6562 (60.866%)
[2025-02-24 07:57:35;INFO]Valid | Loss : 1.826866 | ACC : 1518/2813 (53.964%)
[2025-02-24 07:57:35;INFO]      | Loss dropped from 1.983516 to 1.826866, model has been saved!

[2025-02-24 07:57:35;INFO]best epoch: 21, best loss: 1.826866
[2025-02-24 07:57:35;INFO]----------------------------------------------------------------------------------------------------

[2025-02-24 07:57:35;INFO]Current Epoch: 22 / 500 | Learning Rate : 0.0003454915028125684
[2025-02-24 07:58:04;INFO]Train | Loss : 1.779037 | ACC : 4338/6562 (66.108%)
[2025-02-24 07:58:08;INFO]Valid | Loss : 1.618268 | ACC : 2081/2813 (73.978%)
[2025-02-24 07:58:08;INFO]      | Loss dropped from 1.826866 to 1.618268, model has been saved!

[2025-02-24 07:58:08;INFO]best epoch: 22, best loss: 1.618268
[2025-02-24 07:58:08;INFO]----------------------------------------------------------------------------------------------------

[2025-02-24 07:58:08;INFO]Current Epoch: 23 / 500 | Learning Rate : 9.549150281251615e-05
[2025-02-24 07:58:37;INFO]Train | Loss : 1.767882 | ACC : 4328/6562 (65.956%)
[2025-02-24 07:58:41;INFO]Valid | Loss : 2.388223 | ACC : 736/2813 (26.164%)
[2025-02-24 07:58:41;INFO]      | Loss didn't drop!

[2025-02-24 07:58:41;INFO]best epoch: 22, best loss: 1.618268
[2025-02-24 07:58:41;INFO]----------------------------------------------------------------------------------------------------

[2025-02-24 07:58:41;INFO]Current Epoch: 24 / 500 | Learning Rate : 0.0009045084971876703
[2025-02-24 07:59:10;INFO]Train | Loss : 1.830589 | ACC : 4241/6562 (64.630%)
[2025-02-24 07:59:14;INFO]Valid | Loss : 2.360715 | ACC : 709/2813 (25.204%)
[2025-02-24 07:59:14;INFO]      | Loss didn't drop!

[2025-02-24 07:59:14;INFO]best epoch: 22, best loss: 1.618268
[2025-02-24 07:59:14;INFO]----------------------------------------------------------------------------------------------------

[2025-02-24 07:59:14;INFO]Current Epoch: 25 / 500 | Learning Rate : 0.00065450849718756
[2025-02-24 07:59:43;INFO]Train | Loss : 1.750557 | ACC : 4417/6562 (67.312%)
[2025-02-24 07:59:48;INFO]Valid | Loss : 1.654005 | ACC : 1628/2813 (57.874%)
[2025-02-24 07:59:48;INFO]      | Loss didn't drop!

[2025-02-24 07:59:48;INFO]best epoch: 22, best loss: 1.618268
[2025-02-24 07:59:48;INFO]----------------------------------------------------------------------------------------------------

[2025-02-24 07:59:48;INFO]Current Epoch: 26 / 500 | Learning Rate : 0.0
[2025-02-24 08:00:17;INFO]Train | Loss : 1.778733 | ACC : 4250/6562 (64.767%)
[2025-02-24 08:00:21;INFO]Valid | Loss : 2.300073 | ACC : 719/2813 (25.560%)
[2025-02-24 08:00:21;INFO]      | Loss didn't drop!

[2025-02-24 08:00:21;INFO]best epoch: 22, best loss: 1.618268
[2025-02-24 08:00:21;INFO]----------------------------------------------------------------------------------------------------

[2025-02-24 08:00:21;INFO]Current Epoch: 27 / 500 | Learning Rate : 0.0006545084971873847
[2025-02-24 08:00:50;INFO]Train | Loss : 1.743578 | ACC : 4335/6562 (66.062%)
[2025-02-24 08:00:54;INFO]Valid | Loss : 2.498442 | ACC : 509/2813 (18.095%)
[2025-02-24 08:00:54;INFO]      | Loss didn't drop!

[2025-02-24 08:00:54;INFO]best epoch: 22, best loss: 1.618268
[2025-02-24 08:00:54;INFO]----------------------------------------------------------------------------------------------------

[2025-02-24 08:00:54;INFO]Current Epoch: 28 / 500 | Learning Rate : 0.0009045084971875998
[2025-02-24 08:01:23;INFO]Train | Loss : 1.653741 | ACC : 4538/6562 (69.156%)
[2025-02-24 08:01:27;INFO]Valid | Loss : 1.593537 | ACC : 1846/2813 (65.624%)
[2025-02-24 08:01:27;INFO]      | Loss dropped from 1.618268 to 1.593537, model has been saved!

[2025-02-24 08:01:27;INFO]best epoch: 28, best loss: 1.593537
[2025-02-24 08:01:27;INFO]----------------------------------------------------------------------------------------------------

[2025-02-24 08:01:27;INFO]Current Epoch: 29 / 500 | Learning Rate : 9.549150281253827e-05
[2025-02-24 08:01:56;INFO]Train | Loss : 1.519008 | ACC : 4849/6562 (73.895%)
[2025-02-24 08:02:01;INFO]Valid | Loss : 1.594153 | ACC : 1770/2813 (62.922%)
[2025-02-24 08:02:01;INFO]      | Loss didn't drop!

[2025-02-24 08:02:01;INFO]best epoch: 28, best loss: 1.593537
[2025-02-24 08:02:01;INFO]----------------------------------------------------------------------------------------------------

[2025-02-24 08:02:01;INFO]Current Epoch: 30 / 500 | Learning Rate : 0.00034549150281247993
[2025-02-24 08:02:30;INFO]Train | Loss : 1.567425 | ACC : 4728/6562 (72.051%)
[2025-02-24 08:02:34;INFO]Valid | Loss : 1.714285 | ACC : 1596/2813 (56.737%)
[2025-02-24 08:02:34;INFO]      | Loss didn't drop!

[2025-02-24 08:02:34;INFO]best epoch: 28, best loss: 1.593537
[2025-02-24 08:02:34;INFO]----------------------------------------------------------------------------------------------------

[2025-02-24 08:02:34;INFO]Current Epoch: 31 / 500 | Learning Rate : 0.0010000000000001531
[2025-02-24 08:03:03;INFO]Train | Loss : 1.545564 | ACC : 4678/6562 (71.289%)
[2025-02-24 08:03:07;INFO]Valid | Loss : 1.569212 | ACC : 1772/2813 (62.993%)
[2025-02-24 08:03:07;INFO]      | Loss dropped from 1.593537 to 1.569212, model has been saved!

[2025-02-24 08:03:07;INFO]best epoch: 31, best loss: 1.569212
[2025-02-24 08:03:07;INFO]----------------------------------------------------------------------------------------------------

[2025-02-24 08:03:07;INFO]Current Epoch: 32 / 500 | Learning Rate : 0.00034549150281256124
[2025-02-24 08:03:36;INFO]Train | Loss : 1.562497 | ACC : 4504/6562 (68.638%)
[2025-02-24 08:03:40;INFO]Valid | Loss : 1.388824 | ACC : 1999/2813 (71.063%)
[2025-02-24 08:03:40;INFO]      | Loss dropped from 1.569212 to 1.388824, model has been saved!

[2025-02-24 08:03:40;INFO]best epoch: 32, best loss: 1.388824
[2025-02-24 08:03:40;INFO]----------------------------------------------------------------------------------------------------

[2025-02-24 08:03:40;INFO]Current Epoch: 33 / 500 | Learning Rate : 9.549150281251295e-05
[2025-02-24 08:04:10;INFO]Train | Loss : 1.431168 | ACC : 4970/6562 (75.739%)
[2025-02-24 08:04:14;INFO]Valid | Loss : 1.999010 | ACC : 1157/2813 (41.130%)
[2025-02-24 08:04:14;INFO]      | Loss didn't drop!

[2025-02-24 08:04:14;INFO]best epoch: 32, best loss: 1.388824
[2025-02-24 08:04:14;INFO]----------------------------------------------------------------------------------------------------

[2025-02-24 08:04:14;INFO]Current Epoch: 34 / 500 | Learning Rate : 0.0009045084971876226
[2025-02-24 08:04:43;INFO]Train | Loss : 1.446871 | ACC : 4906/6562 (74.764%)
[2025-02-24 08:04:47;INFO]Valid | Loss : 1.914205 | ACC : 1225/2813 (43.548%)
[2025-02-24 08:04:47;INFO]      | Loss didn't drop!

[2025-02-24 08:04:47;INFO]best epoch: 32, best loss: 1.388824
[2025-02-24 08:04:47;INFO]----------------------------------------------------------------------------------------------------

[2025-02-24 08:04:47;INFO]Current Epoch: 35 / 500 | Learning Rate : 0.0006545084971872731
[2025-02-24 08:05:16;INFO]Train | Loss : 1.552431 | ACC : 4606/6562 (70.192%)
[2025-02-24 08:05:20;INFO]Valid | Loss : 1.359271 | ACC : 2121/2813 (75.400%)
[2025-02-24 08:05:20;INFO]      | Loss dropped from 1.388824 to 1.359271, model has been saved!

[2025-02-24 08:05:20;INFO]best epoch: 35, best loss: 1.359271
[2025-02-24 08:05:20;INFO]----------------------------------------------------------------------------------------------------

[2025-02-24 08:05:20;INFO]Current Epoch: 36 / 500 | Learning Rate : 0.0
[2025-02-24 08:05:49;INFO]Train | Loss : 1.366571 | ACC : 5079/6562 (77.400%)
[2025-02-24 08:05:53;INFO]Valid | Loss : 1.518135 | ACC : 1847/2813 (65.659%)
[2025-02-24 08:05:53;INFO]      | Loss didn't drop!

[2025-02-24 08:05:53;INFO]best epoch: 35, best loss: 1.359271
[2025-02-24 08:05:53;INFO]----------------------------------------------------------------------------------------------------

[2025-02-24 08:05:53;INFO]Current Epoch: 37 / 500 | Learning Rate : 0.000654508497187351
[2025-02-24 08:06:23;INFO]Train | Loss : 1.362617 | ACC : 5062/6562 (77.141%)
[2025-02-24 08:06:27;INFO]Valid | Loss : 1.771793 | ACC : 1476/2813 (52.471%)
[2025-02-24 08:06:27;INFO]      | Loss didn't drop!

[2025-02-24 08:06:27;INFO]best epoch: 35, best loss: 1.359271
[2025-02-24 08:06:27;INFO]----------------------------------------------------------------------------------------------------

[2025-02-24 08:06:27;INFO]Current Epoch: 38 / 500 | Learning Rate : 0.0009045084971875662
[2025-02-24 08:06:56;INFO]Train | Loss : 1.515480 | ACC : 4601/6562 (70.116%)
[2025-02-24 08:07:00;INFO]Valid | Loss : 1.314003 | ACC : 2019/2813 (71.774%)
[2025-02-24 08:07:00;INFO]      | Loss dropped from 1.359271 to 1.314003, model has been saved!

[2025-02-24 08:07:00;INFO]best epoch: 38, best loss: 1.314003
[2025-02-24 08:07:00;INFO]----------------------------------------------------------------------------------------------------

[2025-02-24 08:07:00;INFO]Current Epoch: 39 / 500 | Learning Rate : 9.549150281256642e-05
[2025-02-24 08:07:29;INFO]Train | Loss : 1.437790 | ACC : 4762/6562 (72.569%)
[2025-02-24 08:07:33;INFO]Valid | Loss : 1.458581 | ACC : 1765/2813 (62.744%)
[2025-02-24 08:07:33;INFO]      | Loss didn't drop!

[2025-02-24 08:07:33;INFO]best epoch: 38, best loss: 1.314003
[2025-02-24 08:07:33;INFO]----------------------------------------------------------------------------------------------------

[2025-02-24 08:07:33;INFO]Current Epoch: 40 / 500 | Learning Rate : 0.0003454915028125908
[2025-02-24 08:08:02;INFO]Train | Loss : 1.415906 | ACC : 4850/6562 (73.910%)
[2025-02-24 08:08:06;INFO]Valid | Loss : 2.577037 | ACC : 808/2813 (28.724%)
[2025-02-24 08:08:06;INFO]      | Loss didn't drop!

[2025-02-24 08:08:06;INFO]best epoch: 38, best loss: 1.314003
[2025-02-24 08:08:06;INFO]----------------------------------------------------------------------------------------------------

[2025-02-24 08:08:06;INFO]Current Epoch: 41 / 500 | Learning Rate : 0.00100000000000046
[2025-02-24 08:08:36;INFO]Train | Loss : 1.606295 | ACC : 4228/6562 (64.432%)
[2025-02-24 08:08:40;INFO]Valid | Loss : 1.602760 | ACC : 1516/2813 (53.893%)
[2025-02-24 08:08:40;INFO]      | Loss didn't drop!

[2025-02-24 08:08:40;INFO]best epoch: 38, best loss: 1.314003
[2025-02-24 08:08:40;INFO]----------------------------------------------------------------------------------------------------

[2025-02-24 08:08:40;INFO]Current Epoch: 42 / 500 | Learning Rate : 0.00034549150281254064
[2025-02-24 08:09:09;INFO]Train | Loss : 1.307750 | ACC : 5077/6562 (77.370%)
[2025-02-24 08:09:13;INFO]Valid | Loss : 1.139139 | ACC : 2395/2813 (85.140%)
[2025-02-24 08:09:13;INFO]      | Loss dropped from 1.314003 to 1.139139, model has been saved!

[2025-02-24 08:09:13;INFO]best epoch: 42, best loss: 1.139139
[2025-02-24 08:09:13;INFO]----------------------------------------------------------------------------------------------------

[2025-02-24 08:09:13;INFO]Current Epoch: 43 / 500 | Learning Rate : 9.549150281250894e-05
[2025-02-24 08:09:42;INFO]Train | Loss : 1.338982 | ACC : 4889/6562 (74.505%)
[2025-02-24 08:09:46;INFO]Valid | Loss : 2.013537 | ACC : 1118/2813 (39.744%)
[2025-02-24 08:09:46;INFO]      | Loss didn't drop!

[2025-02-24 08:09:46;INFO]best epoch: 42, best loss: 1.139139
[2025-02-24 08:09:46;INFO]----------------------------------------------------------------------------------------------------

[2025-02-24 08:09:46;INFO]Current Epoch: 44 / 500 | Learning Rate : 0.0009045084971875831
[2025-02-24 08:10:15;INFO]Train | Loss : 1.309363 | ACC : 5007/6562 (76.303%)
[2025-02-24 08:10:19;INFO]Valid | Loss : 1.346200 | ACC : 1823/2813 (64.806%)
[2025-02-24 08:10:19;INFO]      | Loss didn't drop!

[2025-02-24 08:10:19;INFO]best epoch: 42, best loss: 1.139139
[2025-02-24 08:10:19;INFO]----------------------------------------------------------------------------------------------------

[2025-02-24 08:10:19;INFO]Current Epoch: 45 / 500 | Learning Rate : 0.0006545084971872693
[2025-02-24 08:10:49;INFO]Train | Loss : 1.280396 | ACC : 5027/6562 (76.608%)
[2025-02-24 08:10:53;INFO]Valid | Loss : 1.130399 | ACC : 2121/2813 (75.400%)
[2025-02-24 08:10:53;INFO]      | Loss dropped from 1.139139 to 1.130399, model has been saved!

[2025-02-24 08:10:53;INFO]best epoch: 45, best loss: 1.130399
[2025-02-24 08:10:53;INFO]----------------------------------------------------------------------------------------------------

[2025-02-24 08:10:53;INFO]Current Epoch: 46 / 500 | Learning Rate : 0.0
[2025-02-24 08:11:22;INFO]Train | Loss : 1.252190 | ACC : 5083/6562 (77.461%)
[2025-02-24 08:11:26;INFO]Valid | Loss : 1.809327 | ACC : 1251/2813 (44.472%)
[2025-02-24 08:11:26;INFO]      | Loss didn't drop!

[2025-02-24 08:11:26;INFO]best epoch: 45, best loss: 1.130399
[2025-02-24 08:11:26;INFO]----------------------------------------------------------------------------------------------------

[2025-02-24 08:11:26;INFO]Current Epoch: 47 / 500 | Learning Rate : 0.0006545084971877958
[2025-02-24 08:11:55;INFO]Train | Loss : 1.202655 | ACC : 5246/6562 (79.945%)
[2025-02-24 08:11:59;INFO]Valid | Loss : 2.157914 | ACC : 977/2813 (34.732%)
[2025-02-24 08:11:59;INFO]      | Loss didn't drop!

[2025-02-24 08:11:59;INFO]best epoch: 45, best loss: 1.130399
[2025-02-24 08:11:59;INFO]----------------------------------------------------------------------------------------------------

[2025-02-24 08:11:59;INFO]Current Epoch: 48 / 500 | Learning Rate : 0.0009045084971881685
[2025-02-24 08:12:28;INFO]Train | Loss : 1.402253 | ACC : 4723/6562 (71.975%)
[2025-02-24 08:12:33;INFO]Valid | Loss : 1.235050 | ACC : 1977/2813 (70.281%)
[2025-02-24 08:12:33;INFO]      | Loss didn't drop!

[2025-02-24 08:12:33;INFO]best epoch: 45, best loss: 1.130399
[2025-02-24 08:12:33;INFO]----------------------------------------------------------------------------------------------------

[2025-02-24 08:12:33;INFO]Current Epoch: 49 / 500 | Learning Rate : 9.549150281256093e-05
[2025-02-24 08:13:02;INFO]Train | Loss : 1.155912 | ACC : 5319/6562 (81.058%)
[2025-02-24 08:13:06;INFO]Valid | Loss : 1.185350 | ACC : 1815/2813 (64.522%)
[2025-02-24 08:13:06;INFO]      | Loss didn't drop!

[2025-02-24 08:13:06;INFO]best epoch: 45, best loss: 1.130399
[2025-02-24 08:13:06;INFO]----------------------------------------------------------------------------------------------------

[2025-02-24 08:13:06;INFO]Current Epoch: 50 / 500 | Learning Rate : 0.00034549150281254704
[2025-02-24 08:13:35;INFO]Train | Loss : 1.262881 | ACC : 4912/6562 (74.855%)
[2025-02-24 08:13:39;INFO]Valid | Loss : 1.781033 | ACC : 1381/2813 (49.093%)
[2025-02-24 08:13:39;INFO]      | Loss didn't drop!

[2025-02-24 08:13:39;INFO]best epoch: 45, best loss: 1.130399
[2025-02-24 08:13:39;INFO]----------------------------------------------------------------------------------------------------

[2025-02-24 08:13:39;INFO]Current Epoch: 51 / 500 | Learning Rate : 0.001000000000000415
[2025-02-24 08:14:08;INFO]Train | Loss : 1.238663 | ACC : 4973/6562 (75.785%)
[2025-02-24 08:14:12;INFO]Valid | Loss : 1.508638 | ACC : 1393/2813 (49.520%)
[2025-02-24 08:14:12;INFO]      | Loss didn't drop!

[2025-02-24 08:14:12;INFO]best epoch: 45, best loss: 1.130399
[2025-02-24 08:14:12;INFO]----------------------------------------------------------------------------------------------------

[2025-02-24 08:14:12;INFO]Current Epoch: 52 / 500 | Learning Rate : 0.00034549150281252335
[2025-02-24 08:14:41;INFO]Train | Loss : 1.146082 | ACC : 5306/6562 (80.859%)
[2025-02-24 08:14:46;INFO]Valid | Loss : 0.931623 | ACC : 2463/2813 (87.558%)
[2025-02-24 08:14:46;INFO]      | Loss dropped from 1.130399 to 0.931623, model has been saved!

[2025-02-24 08:14:46;INFO]best epoch: 52, best loss: 0.931623
[2025-02-24 08:14:46;INFO]----------------------------------------------------------------------------------------------------

[2025-02-24 08:14:46;INFO]Current Epoch: 53 / 500 | Learning Rate : 9.549150281257471e-05
[2025-02-24 08:15:15;INFO]Train | Loss : 1.098315 | ACC : 5317/6562 (81.027%)
[2025-02-24 08:15:19;INFO]Valid | Loss : 2.432301 | ACC : 692/2813 (24.600%)
[2025-02-24 08:15:19;INFO]      | Loss didn't drop!

[2025-02-24 08:15:19;INFO]best epoch: 52, best loss: 0.931623
[2025-02-24 08:15:19;INFO]----------------------------------------------------------------------------------------------------

[2025-02-24 08:15:19;INFO]Current Epoch: 54 / 500 | Learning Rate : 0.0009045084971875184
[2025-02-24 08:15:48;INFO]Train | Loss : 1.143444 | ACC : 5271/6562 (80.326%)
[2025-02-24 08:15:52;INFO]Valid | Loss : 2.179027 | ACC : 1162/2813 (41.308%)
[2025-02-24 08:15:52;INFO]      | Loss didn't drop!

[2025-02-24 08:15:52;INFO]best epoch: 52, best loss: 0.931623
[2025-02-24 08:15:52;INFO]----------------------------------------------------------------------------------------------------

[2025-02-24 08:15:52;INFO]Current Epoch: 55 / 500 | Learning Rate : 0.0006545084971877033
[2025-02-24 08:16:21;INFO]Train | Loss : 1.387315 | ACC : 4645/6562 (70.786%)
[2025-02-24 08:16:25;INFO]Valid | Loss : 1.229183 | ACC : 1974/2813 (70.174%)
[2025-02-24 08:16:25;INFO]      | Loss didn't drop!

[2025-02-24 08:16:25;INFO]best epoch: 52, best loss: 0.931623
[2025-02-24 08:16:25;INFO]----------------------------------------------------------------------------------------------------

[2025-02-24 08:16:25;INFO]Current Epoch: 56 / 500 | Learning Rate : 0.0
[2025-02-24 08:16:54;INFO]Train | Loss : 1.148966 | ACC : 5175/6562 (78.863%)
[2025-02-24 08:16:59;INFO]Valid | Loss : 2.479512 | ACC : 1160/2813 (41.237%)
[2025-02-24 08:16:59;INFO]      | Loss didn't drop!

[2025-02-24 08:16:59;INFO]best epoch: 52, best loss: 0.931623
[2025-02-24 08:16:59;INFO]----------------------------------------------------------------------------------------------------

[2025-02-24 08:16:59;INFO]Current Epoch: 57 / 500 | Learning Rate : 0.0006545084971877351
[2025-02-24 08:17:28;INFO]Train | Loss : 1.111294 | ACC : 5270/6562 (80.311%)
[2025-02-24 08:17:32;INFO]Valid | Loss : 2.678170 | ACC : 493/2813 (17.526%)
[2025-02-24 08:17:32;INFO]      | Loss didn't drop!

[2025-02-24 08:17:32;INFO]best epoch: 52, best loss: 0.931623
[2025-02-24 08:17:32;INFO]----------------------------------------------------------------------------------------------------

[2025-02-24 08:17:32;INFO]Current Epoch: 58 / 500 | Learning Rate : 0.0009045084971874573
[2025-02-24 08:18:01;INFO]Train | Loss : 1.134114 | ACC : 5227/6562 (79.656%)
[2025-02-24 08:18:05;INFO]Valid | Loss : 1.236164 | ACC : 1730/2813 (61.500%)
[2025-02-24 08:18:05;INFO]      | Loss didn't drop!

[2025-02-24 08:18:05;INFO]best epoch: 52, best loss: 0.931623
[2025-02-24 08:18:05;INFO]----------------------------------------------------------------------------------------------------

[2025-02-24 08:18:05;INFO]Current Epoch: 59 / 500 | Learning Rate : 9.549150281248566e-05
[2025-02-24 08:18:34;INFO]Train | Loss : 1.061464 | ACC : 5314/6562 (80.981%)
[2025-02-24 08:18:38;INFO]Valid | Loss : 1.004180 | ACC : 2181/2813 (77.533%)
[2025-02-24 08:18:38;INFO]      | Loss didn't drop!

[2025-02-24 08:18:38;INFO]best epoch: 52, best loss: 0.931623
[2025-02-24 08:18:38;INFO]----------------------------------------------------------------------------------------------------

[2025-02-24 08:18:38;INFO]Current Epoch: 60 / 500 | Learning Rate : 0.0003454915028125602
[2025-02-24 08:19:07;INFO]Train | Loss : 1.157442 | ACC : 5066/6562 (77.202%)
[2025-02-24 08:19:11;INFO]Valid | Loss : 1.620238 | ACC : 1332/2813 (47.352%)
[2025-02-24 08:19:11;INFO]      | Loss didn't drop!

[2025-02-24 08:19:11;INFO]best epoch: 52, best loss: 0.931623
[2025-02-24 08:19:11;INFO]----------------------------------------------------------------------------------------------------

[2025-02-24 08:19:11;INFO]Current Epoch: 61 / 500 | Learning Rate : 0.0009999999999996392
[2025-02-24 08:19:41;INFO]Train | Loss : 1.067244 | ACC : 5330/6562 (81.225%)
[2025-02-24 08:19:45;INFO]Valid | Loss : 1.249586 | ACC : 2094/2813 (74.440%)
[2025-02-24 08:19:45;INFO]      | Loss didn't drop!

[2025-02-24 08:19:45;INFO]best epoch: 52, best loss: 0.931623
[2025-02-24 08:19:45;INFO]----------------------------------------------------------------------------------------------------

[2025-02-24 08:19:45;INFO]Current Epoch: 62 / 500 | Learning Rate : 0.0003454915028127552
[2025-02-24 08:20:14;INFO]Train | Loss : 0.997568 | ACC : 5448/6562 (83.023%)
[2025-02-24 08:20:18;INFO]Valid | Loss : 0.796184 | ACC : 2505/2813 (89.051%)
[2025-02-24 08:20:18;INFO]      | Loss dropped from 0.931623 to 0.796184, model has been saved!

[2025-02-24 08:20:18;INFO]best epoch: 62, best loss: 0.796184
[2025-02-24 08:20:18;INFO]----------------------------------------------------------------------------------------------------

[2025-02-24 08:20:18;INFO]Current Epoch: 63 / 500 | Learning Rate : 9.549150281255399e-05
[2025-02-24 08:20:47;INFO]Train | Loss : 0.921752 | ACC : 5649/6562 (86.087%)
[2025-02-24 08:20:51;INFO]Valid | Loss : 3.517958 | ACC : 658/2813 (23.391%)
[2025-02-24 08:20:51;INFO]      | Loss didn't drop!

[2025-02-24 08:20:51;INFO]best epoch: 62, best loss: 0.796184
[2025-02-24 08:20:51;INFO]----------------------------------------------------------------------------------------------------

[2025-02-24 08:20:51;INFO]Current Epoch: 64 / 500 | Learning Rate : 0.0009045084971868181
[2025-02-24 08:21:20;INFO]Train | Loss : 1.097415 | ACC : 5204/6562 (79.305%)
[2025-02-24 08:21:24;INFO]Valid | Loss : 1.827982 | ACC : 1255/2813 (44.614%)
[2025-02-24 08:21:24;INFO]      | Loss didn't drop!

[2025-02-24 08:21:24;INFO]best epoch: 62, best loss: 0.796184
[2025-02-24 08:21:24;INFO]----------------------------------------------------------------------------------------------------

[2025-02-24 08:21:24;INFO]Current Epoch: 65 / 500 | Learning Rate : 0.0006545084971881445
[2025-02-24 08:21:53;INFO]Train | Loss : 1.039641 | ACC : 5317/6562 (81.027%)
[2025-02-24 08:21:58;INFO]Valid | Loss : 0.977681 | ACC : 2233/2813 (79.381%)
[2025-02-24 08:21:58;INFO]      | Loss didn't drop!

[2025-02-24 08:21:58;INFO]best epoch: 62, best loss: 0.796184
[2025-02-24 08:21:58;INFO]----------------------------------------------------------------------------------------------------

[2025-02-24 08:21:58;INFO]Current Epoch: 66 / 500 | Learning Rate : 0.0
[2025-02-24 08:22:27;INFO]Train | Loss : 1.008488 | ACC : 5458/6562 (83.176%)
[2025-02-24 08:22:31;INFO]Valid | Loss : 1.345379 | ACC : 1884/2813 (66.975%)
[2025-02-24 08:22:31;INFO]      | Loss didn't drop!

[2025-02-24 08:22:31;INFO]best epoch: 62, best loss: 0.796184
[2025-02-24 08:22:31;INFO]----------------------------------------------------------------------------------------------------

[2025-02-24 08:22:31;INFO]Current Epoch: 67 / 500 | Learning Rate : 0.0006545084971877343
[2025-02-24 08:23:00;INFO]Train | Loss : 1.215210 | ACC : 4956/6562 (75.526%)
[2025-02-24 08:23:04;INFO]Valid | Loss : 1.452187 | ACC : 1476/2813 (52.471%)
[2025-02-24 08:23:04;INFO]      | Loss didn't drop!

[2025-02-24 08:23:04;INFO]best epoch: 62, best loss: 0.796184
[2025-02-24 08:23:04;INFO]----------------------------------------------------------------------------------------------------

[2025-02-24 08:23:04;INFO]Current Epoch: 68 / 500 | Learning Rate : 0.0009045084971880933
[2025-02-24 08:23:33;INFO]Train | Loss : 0.975119 | ACC : 5550/6562 (84.578%)
[2025-02-24 08:23:37;INFO]Valid | Loss : 1.012512 | ACC : 2038/2813 (72.449%)
[2025-02-24 08:23:37;INFO]      | Loss didn't drop!

[2025-02-24 08:23:37;INFO]best epoch: 62, best loss: 0.796184
[2025-02-24 08:23:37;INFO]----------------------------------------------------------------------------------------------------

[2025-02-24 08:23:37;INFO]Current Epoch: 69 / 500 | Learning Rate : 9.549150281260131e-05
[2025-02-24 08:24:06;INFO]Train | Loss : 0.865408 | ACC : 5669/6562 (86.391%)
[2025-02-24 08:24:11;INFO]Valid | Loss : 1.346745 | ACC : 1597/2813 (56.772%)
[2025-02-24 08:24:11;INFO]      | Loss didn't drop!

[2025-02-24 08:24:11;INFO]best epoch: 62, best loss: 0.796184
[2025-02-24 08:24:11;INFO]----------------------------------------------------------------------------------------------------

[2025-02-24 08:24:11;INFO]Current Epoch: 70 / 500 | Learning Rate : 0.0003454915028125165
[2025-02-24 08:24:40;INFO]Train | Loss : 0.936789 | ACC : 5499/6562 (83.801%)
[2025-02-24 08:24:44;INFO]Valid | Loss : 1.850261 | ACC : 1241/2813 (44.117%)
[2025-02-24 08:24:44;INFO]      | Loss didn't drop!

[2025-02-24 08:24:44;INFO]best epoch: 62, best loss: 0.796184
[2025-02-24 08:24:44;INFO]----------------------------------------------------------------------------------------------------

[2025-02-24 08:24:44;INFO]Current Epoch: 71 / 500 | Learning Rate : 0.0010000000000003157
[2025-02-24 08:25:13;INFO]Train | Loss : 0.917172 | ACC : 5542/6562 (84.456%)
[2025-02-24 08:25:17;INFO]Valid | Loss : 0.989347 | ACC : 2017/2813 (71.703%)
[2025-02-24 08:25:17;INFO]      | Loss didn't drop!

[2025-02-24 08:25:17;INFO]best epoch: 62, best loss: 0.796184
[2025-02-24 08:25:17;INFO]----------------------------------------------------------------------------------------------------

[2025-02-24 08:25:17;INFO]Current Epoch: 72 / 500 | Learning Rate : 0.0003454915028127346
[2025-02-24 08:25:46;INFO]Train | Loss : 0.930090 | ACC : 5472/6562 (83.389%)
[2025-02-24 08:25:50;INFO]Valid | Loss : 0.789401 | ACC : 2418/2813 (85.958%)
[2025-02-24 08:25:50;INFO]      | Loss dropped from 0.796184 to 0.789401, model has been saved!

[2025-02-24 08:25:50;INFO]best epoch: 72, best loss: 0.789401
[2025-02-24 08:25:50;INFO]----------------------------------------------------------------------------------------------------

[2025-02-24 08:25:50;INFO]Current Epoch: 73 / 500 | Learning Rate : 9.549150281263641e-05
[2025-02-24 08:26:19;INFO]Train | Loss : 0.798439 | ACC : 5781/6562 (88.098%)
[2025-02-24 08:26:24;INFO]Valid | Loss : 1.472565 | ACC : 1466/2813 (52.115%)
[2025-02-24 08:26:24;INFO]      | Loss didn't drop!

[2025-02-24 08:26:24;INFO]best epoch: 72, best loss: 0.789401
[2025-02-24 08:26:24;INFO]----------------------------------------------------------------------------------------------------

[2025-02-24 08:26:24;INFO]Current Epoch: 74 / 500 | Learning Rate : 0.0009045084971874147
[2025-02-24 08:26:53;INFO]Train | Loss : 0.826897 | ACC : 5672/6562 (86.437%)
[2025-02-24 08:26:57;INFO]Valid | Loss : 1.620490 | ACC : 1219/2813 (43.335%)
[2025-02-24 08:26:57;INFO]      | Loss didn't drop!

[2025-02-24 08:26:57;INFO]best epoch: 72, best loss: 0.789401
[2025-02-24 08:26:57;INFO]----------------------------------------------------------------------------------------------------

[2025-02-24 08:26:57;INFO]Current Epoch: 75 / 500 | Learning Rate : 0.0006545084971876619
[2025-02-24 08:27:26;INFO]Train | Loss : 0.920728 | ACC : 5488/6562 (83.633%)
[2025-02-24 08:27:30;INFO]Valid | Loss : 0.982156 | ACC : 1967/2813 (69.925%)
[2025-02-24 08:27:30;INFO]      | Loss didn't drop!

[2025-02-24 08:27:30;INFO]best epoch: 72, best loss: 0.789401
[2025-02-24 08:27:30;INFO]----------------------------------------------------------------------------------------------------

[2025-02-24 08:27:30;INFO]Current Epoch: 76 / 500 | Learning Rate : 0.0
[2025-02-24 08:27:59;INFO]Train | Loss : 0.849262 | ACC : 5678/6562 (86.528%)
[2025-02-24 08:28:03;INFO]Valid | Loss : 1.727024 | ACC : 1464/2813 (52.044%)
[2025-02-24 08:28:03;INFO]      | Loss didn't drop!

[2025-02-24 08:28:03;INFO]best epoch: 72, best loss: 0.789401
[2025-02-24 08:28:03;INFO]----------------------------------------------------------------------------------------------------

[2025-02-24 08:28:03;INFO]Current Epoch: 77 / 500 | Learning Rate : 0.0006545084971881462
[2025-02-24 08:28:32;INFO]Train | Loss : 0.874825 | ACC : 5551/6562 (84.593%)
[2025-02-24 08:28:36;INFO]Valid | Loss : 2.157812 | ACC : 927/2813 (32.954%)
[2025-02-24 08:28:36;INFO]      | Loss didn't drop!

[2025-02-24 08:28:36;INFO]best epoch: 72, best loss: 0.789401
[2025-02-24 08:28:36;INFO]----------------------------------------------------------------------------------------------------

[2025-02-24 08:28:36;INFO]Current Epoch: 78 / 500 | Learning Rate : 0.000904508497187382
[2025-02-24 08:29:06;INFO]Train | Loss : 0.833083 | ACC : 5688/6562 (86.681%)
[2025-02-24 08:29:10;INFO]Valid | Loss : 1.239157 | ACC : 1796/2813 (63.846%)
[2025-02-24 08:29:10;INFO]      | Loss didn't drop!

[2025-02-24 08:29:10;INFO]best epoch: 72, best loss: 0.789401
[2025-02-24 08:29:10;INFO]----------------------------------------------------------------------------------------------------

[2025-02-24 08:29:10;INFO]Current Epoch: 79 / 500 | Learning Rate : 9.549150281254285e-05
[2025-02-24 08:29:39;INFO]Train | Loss : 0.909012 | ACC : 5446/6562 (82.993%)
[2025-02-24 08:29:43;INFO]Valid | Loss : 0.759738 | ACC : 2331/2813 (82.865%)
[2025-02-24 08:29:43;INFO]      | Loss dropped from 0.789401 to 0.759738, model has been saved!

[2025-02-24 08:29:43;INFO]best epoch: 79, best loss: 0.759738
[2025-02-24 08:29:43;INFO]----------------------------------------------------------------------------------------------------

[2025-02-24 08:29:43;INFO]Current Epoch: 80 / 500 | Learning Rate : 0.0003454915028127791
[2025-02-24 08:30:12;INFO]Train | Loss : 0.813884 | ACC : 5670/6562 (86.407%)
[2025-02-24 08:30:16;INFO]Valid | Loss : 1.659563 | ACC : 1389/2813 (49.378%)
[2025-02-24 08:30:16;INFO]      | Loss didn't drop!

[2025-02-24 08:30:16;INFO]best epoch: 79, best loss: 0.759738
[2025-02-24 08:30:16;INFO]----------------------------------------------------------------------------------------------------

[2025-02-24 08:30:16;INFO]Current Epoch: 81 / 500 | Learning Rate : 0.0009999999999995399
[2025-02-24 08:30:45;INFO]Train | Loss : 0.766664 | ACC : 5807/6562 (88.494%)
[2025-02-24 08:30:49;INFO]Valid | Loss : 1.219758 | ACC : 1642/2813 (58.372%)
[2025-02-24 08:30:49;INFO]      | Loss didn't drop!

[2025-02-24 08:30:49;INFO]best epoch: 79, best loss: 0.759738
[2025-02-24 08:30:49;INFO]----------------------------------------------------------------------------------------------------

[2025-02-24 08:30:49;INFO]Current Epoch: 82 / 500 | Learning Rate : 0.00034549150281249175
[2025-02-24 08:31:18;INFO]Train | Loss : 0.849075 | ACC : 5527/6562 (84.227%)
[2025-02-24 08:31:23;INFO]Valid | Loss : 0.762707 | ACC : 2355/2813 (83.718%)
[2025-02-24 08:31:23;INFO]      | Loss didn't drop!

[2025-02-24 08:31:23;INFO]best epoch: 79, best loss: 0.759738
[2025-02-24 08:31:23;INFO]----------------------------------------------------------------------------------------------------

[2025-02-24 08:31:23;INFO]Current Epoch: 83 / 500 | Learning Rate : 9.549150281254678e-05
[2025-02-24 08:31:52;INFO]Train | Loss : 0.771373 | ACC : 5730/6562 (87.321%)
[2025-02-24 08:31:56;INFO]Valid | Loss : 0.841404 | ACC : 2077/2813 (73.836%)
[2025-02-24 08:31:56;INFO]      | Loss didn't drop!

[2025-02-24 08:31:56;INFO]best epoch: 79, best loss: 0.759738
[2025-02-24 08:31:56;INFO]----------------------------------------------------------------------------------------------------

[2025-02-24 08:31:56;INFO]Current Epoch: 84 / 500 | Learning Rate : 0.0009045084971880438
[2025-02-24 08:32:25;INFO]Train | Loss : 0.770866 | ACC : 5691/6562 (86.727%)
[2025-02-24 08:32:29;INFO]Valid | Loss : 1.401822 | ACC : 1668/2813 (59.296%)
[2025-02-24 08:32:29;INFO]      | Loss didn't drop!

[2025-02-24 08:32:29;INFO]best epoch: 79, best loss: 0.759738
[2025-02-24 08:32:29;INFO]----------------------------------------------------------------------------------------------------

[2025-02-24 08:32:29;INFO]Current Epoch: 85 / 500 | Learning Rate : 0.0006545084971880757
[2025-02-24 08:32:58;INFO]Train | Loss : 0.800384 | ACC : 5675/6562 (86.483%)
[2025-02-24 08:33:02;INFO]Valid | Loss : 0.710139 | ACC : 2365/2813 (84.074%)
[2025-02-24 08:33:02;INFO]      | Loss dropped from 0.759738 to 0.710139, model has been saved!

[2025-02-24 08:33:02;INFO]best epoch: 85, best loss: 0.710139
[2025-02-24 08:33:02;INFO]----------------------------------------------------------------------------------------------------

[2025-02-24 08:33:02;INFO]Current Epoch: 86 / 500 | Learning Rate : 0.0
[2025-02-24 08:33:31;INFO]Train | Loss : 0.755876 | ACC : 5735/6562 (87.397%)
[2025-02-24 08:33:36;INFO]Valid | Loss : 0.990411 | ACC : 1964/2813 (69.819%)
[2025-02-24 08:33:36;INFO]      | Loss didn't drop!

[2025-02-24 08:33:36;INFO]best epoch: 85, best loss: 0.710139
[2025-02-24 08:33:36;INFO]----------------------------------------------------------------------------------------------------

[2025-02-24 08:33:36;INFO]Current Epoch: 87 / 500 | Learning Rate : 0.0006545084971876732
[2025-02-24 08:34:05;INFO]Train | Loss : 0.702561 | ACC : 5788/6562 (88.205%)
[2025-02-24 08:34:09;INFO]Valid | Loss : 1.002628 | ACC : 2068/2813 (73.516%)
[2025-02-24 08:34:09;INFO]      | Loss didn't drop!

[2025-02-24 08:34:09;INFO]best epoch: 85, best loss: 0.710139
[2025-02-24 08:34:09;INFO]----------------------------------------------------------------------------------------------------

[2025-02-24 08:34:09;INFO]Current Epoch: 88 / 500 | Learning Rate : 0.0009045084971880015
[2025-02-24 08:34:38;INFO]Train | Loss : 0.743311 | ACC : 5761/6562 (87.793%)
[2025-02-24 08:34:42;INFO]Valid | Loss : 2.331306 | ACC : 886/2813 (31.497%)
[2025-02-24 08:34:42;INFO]      | Loss didn't drop!

[2025-02-24 08:34:42;INFO]best epoch: 85, best loss: 0.710139
[2025-02-24 08:34:42;INFO]----------------------------------------------------------------------------------------------------

[2025-02-24 08:34:42;INFO]Current Epoch: 89 / 500 | Learning Rate : 9.549150281262297e-05
[2025-02-24 08:35:11;INFO]Train | Loss : 0.773761 | ACC : 5661/6562 (86.269%)
[2025-02-24 08:35:15;INFO]Valid | Loss : 0.932529 | ACC : 1975/2813 (70.210%)
[2025-02-24 08:35:15;INFO]      | Loss didn't drop!

[2025-02-24 08:35:15;INFO]best epoch: 85, best loss: 0.710139
[2025-02-24 08:35:15;INFO]----------------------------------------------------------------------------------------------------

[2025-02-24 08:35:15;INFO]Current Epoch: 90 / 500 | Learning Rate : 0.00034549150281248595
[2025-02-24 08:35:44;INFO]Train | Loss : 0.703324 | ACC : 5819/6562 (88.677%)
[2025-02-24 08:35:48;INFO]Valid | Loss : 1.817428 | ACC : 1337/2813 (47.529%)
[2025-02-24 08:35:48;INFO]      | Loss didn't drop!

[2025-02-24 08:35:48;INFO]best epoch: 85, best loss: 0.710139
[2025-02-24 08:35:48;INFO]----------------------------------------------------------------------------------------------------

[2025-02-24 08:35:48;INFO]Current Epoch: 91 / 500 | Learning Rate : 0.0010000000000002164
[2025-02-24 08:36:18;INFO]Train | Loss : 0.786829 | ACC : 5715/6562 (87.092%)
[2025-02-24 08:36:22;INFO]Valid | Loss : 1.193156 | ACC : 1762/2813 (62.638%)
[2025-02-24 08:36:22;INFO]      | Loss didn't drop!

[2025-02-24 08:36:22;INFO]best epoch: 85, best loss: 0.710139
[2025-02-24 08:36:22;INFO]----------------------------------------------------------------------------------------------------

[2025-02-24 08:36:22;INFO]Current Epoch: 92 / 500 | Learning Rate : 0.00034549150281275055
[2025-02-24 08:36:51;INFO]Train | Loss : 0.723668 | ACC : 5692/6562 (86.742%)
[2025-02-24 08:36:55;INFO]Valid | Loss : 0.532757 | ACC : 2592/2813 (92.144%)
[2025-02-24 08:36:55;INFO]      | Loss dropped from 0.710139 to 0.532757, model has been saved!

[2025-02-24 08:36:55;INFO]best epoch: 92, best loss: 0.532757
[2025-02-24 08:36:55;INFO]----------------------------------------------------------------------------------------------------

[2025-02-24 08:36:55;INFO]Current Epoch: 93 / 500 | Learning Rate : 9.549150281249147e-05
[2025-02-24 08:37:24;INFO]Train | Loss : 0.777453 | ACC : 5645/6562 (86.026%)
[2025-02-24 08:37:28;INFO]Valid | Loss : 2.084674 | ACC : 1061/2813 (37.718%)
[2025-02-24 08:37:28;INFO]      | Loss didn't drop!

[2025-02-24 08:37:28;INFO]best epoch: 92, best loss: 0.532757
[2025-02-24 08:37:28;INFO]----------------------------------------------------------------------------------------------------

[2025-02-24 08:37:28;INFO]Current Epoch: 94 / 500 | Learning Rate : 0.0009045084971886659
[2025-02-24 08:37:57;INFO]Train | Loss : 0.650381 | ACC : 5898/6562 (89.881%)
[2025-02-24 08:38:01;INFO]Valid | Loss : 1.474334 | ACC : 1844/2813 (65.553%)
[2025-02-24 08:38:01;INFO]      | Loss didn't drop!

[2025-02-24 08:38:01;INFO]best epoch: 92, best loss: 0.532757
[2025-02-24 08:38:01;INFO]----------------------------------------------------------------------------------------------------

[2025-02-24 08:38:01;INFO]Current Epoch: 95 / 500 | Learning Rate : 0.0006545084971875931
[2025-02-24 08:38:31;INFO]Train | Loss : 0.651072 | ACC : 5905/6562 (89.988%)
[2025-02-24 08:38:35;INFO]Valid | Loss : 0.535468 | ACC : 2511/2813 (89.264%)
[2025-02-24 08:38:35;INFO]      | Loss didn't drop!

[2025-02-24 08:38:35;INFO]best epoch: 92, best loss: 0.532757
[2025-02-24 08:38:35;INFO]----------------------------------------------------------------------------------------------------

[2025-02-24 08:38:35;INFO]Current Epoch: 96 / 500 | Learning Rate : 0.0
[2025-02-24 08:39:04;INFO]Train | Loss : 0.629264 | ACC : 5930/6562 (90.369%)
[2025-02-24 08:39:08;INFO]Valid | Loss : 1.778485 | ACC : 1304/2813 (46.356%)
[2025-02-24 08:39:08;INFO]      | Loss didn't drop!

[2025-02-24 08:39:08;INFO]best epoch: 92, best loss: 0.532757
[2025-02-24 08:39:08;INFO]----------------------------------------------------------------------------------------------------

[2025-02-24 08:39:08;INFO]Current Epoch: 97 / 500 | Learning Rate : 0.0006545084971880848
[2025-02-24 08:39:37;INFO]Train | Loss : 0.722647 | ACC : 5688/6562 (86.681%)
[2025-02-24 08:39:41;INFO]Valid | Loss : 2.542956 | ACC : 817/2813 (29.044%)
[2025-02-24 08:39:41;INFO]      | Loss didn't drop!

[2025-02-24 08:39:41;INFO]best epoch: 92, best loss: 0.532757
[2025-02-24 08:39:41;INFO]----------------------------------------------------------------------------------------------------

[2025-02-24 08:39:41;INFO]Current Epoch: 98 / 500 | Learning Rate : 0.00090450849718729
[2025-02-24 08:40:10;INFO]Train | Loss : 0.660332 | ACC : 5886/6562 (89.698%)
[2025-02-24 08:40:14;INFO]Valid | Loss : 0.994747 | ACC : 1979/2813 (70.352%)
[2025-02-24 08:40:14;INFO]      | Loss didn't drop!

[2025-02-24 08:40:14;INFO]best epoch: 92, best loss: 0.532757
[2025-02-24 08:40:14;INFO]----------------------------------------------------------------------------------------------------

[2025-02-24 08:40:14;INFO]Current Epoch: 99 / 500 | Learning Rate : 9.549150281256441e-05
[2025-02-24 08:40:44;INFO]Train | Loss : 0.625368 | ACC : 5918/6562 (90.186%)
[2025-02-24 08:40:48;INFO]Valid | Loss : 1.797007 | ACC : 1321/2813 (46.961%)
[2025-02-24 08:40:48;INFO]      | Loss didn't drop!

[2025-02-24 08:40:48;INFO]best epoch: 92, best loss: 0.532757
[2025-02-24 08:40:48;INFO]----------------------------------------------------------------------------------------------------

[2025-02-24 08:40:48;INFO]Current Epoch: 100 / 500 | Learning Rate : 0.00034549150281274843
[2025-02-24 08:41:17;INFO]Train | Loss : 0.623513 | ACC : 5883/6562 (89.653%)
[2025-02-24 08:41:21;INFO]Valid | Loss : 1.669183 | ACC : 1632/2813 (58.016%)
[2025-02-24 08:41:21;INFO]      | Loss didn't drop!

[2025-02-24 08:41:21;INFO]best epoch: 92, best loss: 0.532757
[2025-02-24 08:41:21;INFO]----------------------------------------------------------------------------------------------------

[2025-02-24 08:41:21;INFO]Current Epoch: 101 / 500 | Learning Rate : 0.0010000000000008834
[2025-02-24 08:41:50;INFO]Train | Loss : 0.788450 | ACC : 5469/6562 (83.343%)
[2025-02-24 08:41:54;INFO]Valid | Loss : 0.993792 | ACC : 1971/2813 (70.068%)
[2025-02-24 08:41:54;INFO]      | Loss didn't drop!

[2025-02-24 08:41:54;INFO]best epoch: 92, best loss: 0.532757
[2025-02-24 08:41:54;INFO]----------------------------------------------------------------------------------------------------

[2025-02-24 08:41:54;INFO]Current Epoch: 102 / 500 | Learning Rate : 0.0003454915028129527
[2025-02-24 08:42:23;INFO]Train | Loss : 0.772794 | ACC : 5637/6562 (85.904%)
[2025-02-24 08:42:28;INFO]Valid | Loss : 0.561115 | ACC : 2584/2813 (91.859%)
[2025-02-24 08:42:28;INFO]      | Loss didn't drop!

[2025-02-24 08:42:28;INFO]best epoch: 92, best loss: 0.532757
[2025-02-24 08:42:28;INFO]----------------------------------------------------------------------------------------------------

[2025-02-24 08:42:28;INFO]Current Epoch: 103 / 500 | Learning Rate : 9.549150281253965e-05
[2025-02-24 08:42:57;INFO]Train | Loss : 0.678705 | ACC : 5809/6562 (88.525%)
[2025-02-24 08:43:01;INFO]Valid | Loss : 2.009684 | ACC : 1213/2813 (43.121%)
[2025-02-24 08:43:01;INFO]      | Loss didn't drop!

[2025-02-24 08:43:01;INFO]best epoch: 92, best loss: 0.532757
[2025-02-24 08:43:01;INFO]----------------------------------------------------------------------------------------------------

[2025-02-24 08:43:01;INFO]Current Epoch: 104 / 500 | Learning Rate : 0.0009045084971892954
[2025-02-24 08:43:30;INFO]Train | Loss : 0.728512 | ACC : 5809/6562 (88.525%)
[2025-02-24 08:43:34;INFO]Valid | Loss : 2.854654 | ACC : 834/2813 (29.648%)
[2025-02-24 08:43:34;INFO]      | Loss didn't drop!

[2025-02-24 08:43:34;INFO]best epoch: 92, best loss: 0.532757
[2025-02-24 08:43:34;INFO]----------------------------------------------------------------------------------------------------

[2025-02-24 08:43:34;INFO]Current Epoch: 105 / 500 | Learning Rate : 0.0006545084971870626
[2025-02-24 08:44:03;INFO]Train | Loss : 0.654885 | ACC : 5910/6562 (90.064%)
[2025-02-24 08:44:07;INFO]Valid | Loss : 1.029460 | ACC : 1838/2813 (65.339%)
[2025-02-24 08:44:07;INFO]      | Loss didn't drop!

[2025-02-24 08:44:07;INFO]best epoch: 92, best loss: 0.532757
[2025-02-24 08:44:07;INFO]----------------------------------------------------------------------------------------------------

[2025-02-24 08:44:07;INFO]Current Epoch: 106 / 500 | Learning Rate : 0.0
[2025-02-24 08:44:36;INFO]Train | Loss : 0.607387 | ACC : 5974/6562 (91.039%)
[2025-02-24 08:44:41;INFO]Valid | Loss : 0.792780 | ACC : 2007/2813 (71.347%)
[2025-02-24 08:44:41;INFO]      | Loss didn't drop!

[2025-02-24 08:44:41;INFO]best epoch: 92, best loss: 0.532757
[2025-02-24 08:44:41;INFO]----------------------------------------------------------------------------------------------------

[2025-02-24 08:44:41;INFO]Current Epoch: 107 / 500 | Learning Rate : 0.0006545084971875581
[2025-02-24 08:45:10;INFO]Train | Loss : 0.611708 | ACC : 5847/6562 (89.104%)
[2025-02-24 08:45:14;INFO]Valid | Loss : 1.907507 | ACC : 1109/2813 (39.424%)
[2025-02-24 08:45:14;INFO]      | Loss didn't drop!

[2025-02-24 08:45:14;INFO]best epoch: 92, best loss: 0.532757
[2025-02-24 08:45:14;INFO]----------------------------------------------------------------------------------------------------

[2025-02-24 08:45:14;INFO]Current Epoch: 108 / 500 | Learning Rate : 0.0009045084971878756
[2025-02-24 08:45:43;INFO]Train | Loss : 0.593914 | ACC : 5928/6562 (90.338%)
[2025-02-24 08:45:47;INFO]Valid | Loss : 0.794338 | ACC : 2102/2813 (74.724%)
[2025-02-24 08:45:47;INFO]      | Loss didn't drop!

[2025-02-24 08:45:47;INFO]best epoch: 92, best loss: 0.532757
[2025-02-24 08:45:47;INFO]----------------------------------------------------------------------------------------------------

[2025-02-24 08:45:47;INFO]Current Epoch: 109 / 500 | Learning Rate : 9.549150281247256e-05
[2025-02-24 08:46:16;INFO]Train | Loss : 0.503773 | ACC : 6086/6562 (92.746%)
[2025-02-24 08:46:20;INFO]Valid | Loss : 1.667724 | ACC : 1354/2813 (48.134%)
[2025-02-24 08:46:20;INFO]      | Loss didn't drop!

[2025-02-24 08:46:20;INFO]best epoch: 92, best loss: 0.532757
[2025-02-24 08:46:20;INFO]----------------------------------------------------------------------------------------------------

[2025-02-24 08:46:20;INFO]Current Epoch: 110 / 500 | Learning Rate : 0.00034549150281295394
[2025-02-24 08:46:49;INFO]Train | Loss : 0.620729 | ACC : 5859/6562 (89.287%)
[2025-02-24 08:46:54;INFO]Valid | Loss : 1.638453 | ACC : 1529/2813 (54.355%)
[2025-02-24 08:46:54;INFO]      | Loss didn't drop!

[2025-02-24 08:46:54;INFO]best epoch: 92, best loss: 0.532757
[2025-02-24 08:46:54;INFO]----------------------------------------------------------------------------------------------------

[2025-02-24 08:46:54;INFO]Current Epoch: 111 / 500 | Learning Rate : 0.0010000000000001082
[2025-02-24 08:47:23;INFO]Train | Loss : 0.677643 | ACC : 5733/6562 (87.367%)
[2025-02-24 08:47:27;INFO]Valid | Loss : 2.174464 | ACC : 1123/2813 (39.922%)
[2025-02-24 08:47:27;INFO]      | Loss didn't drop!

[2025-02-24 08:47:27;INFO]best epoch: 92, best loss: 0.532757
[2025-02-24 08:47:27;INFO]----------------------------------------------------------------------------------------------------

[2025-02-24 08:47:27;INFO]Current Epoch: 112 / 500 | Learning Rate : 0.00034549150281265855
[2025-02-24 08:47:56;INFO]Train | Loss : 0.727301 | ACC : 5692/6562 (86.742%)
[2025-02-24 08:48:00;INFO]Valid | Loss : 0.482919 | ACC : 2620/2813 (93.139%)
[2025-02-24 08:48:00;INFO]      | Loss dropped from 0.532757 to 0.482919, model has been saved!

[2025-02-24 08:48:00;INFO]best epoch: 112, best loss: 0.482919
[2025-02-24 08:48:00;INFO]----------------------------------------------------------------------------------------------------

[2025-02-24 08:48:00;INFO]Current Epoch: 113 / 500 | Learning Rate : 9.549150281244999e-05
[2025-02-24 08:48:29;INFO]Train | Loss : 0.534601 | ACC : 6042/6562 (92.076%)
[2025-02-24 08:48:33;INFO]Valid | Loss : 0.780645 | ACC : 2250/2813 (79.986%)
[2025-02-24 08:48:33;INFO]      | Loss didn't drop!

[2025-02-24 08:48:33;INFO]best epoch: 112, best loss: 0.482919
[2025-02-24 08:48:33;INFO]----------------------------------------------------------------------------------------------------

[2025-02-24 08:48:33;INFO]Current Epoch: 114 / 500 | Learning Rate : 0.0009045084971885446
[2025-02-24 08:49:02;INFO]Train | Loss : 0.603528 | ACC : 5823/6562 (88.738%)
[2025-02-24 08:49:07;INFO]Valid | Loss : 1.397070 | ACC : 1765/2813 (62.744%)
[2025-02-24 08:49:07;INFO]      | Loss didn't drop!

[2025-02-24 08:49:07;INFO]best epoch: 112, best loss: 0.482919
[2025-02-24 08:49:07;INFO]----------------------------------------------------------------------------------------------------

[2025-02-24 08:49:07;INFO]Current Epoch: 115 / 500 | Learning Rate : 0.0006545084971874712
[2025-02-24 08:49:36;INFO]Train | Loss : 0.615305 | ACC : 5907/6562 (90.018%)
[2025-02-24 08:49:40;INFO]Valid | Loss : 0.456587 | ACC : 2559/2813 (90.970%)
[2025-02-24 08:49:40;INFO]      | Loss dropped from 0.482919 to 0.456587, model has been saved!

[2025-02-24 08:49:40;INFO]best epoch: 115, best loss: 0.456587
[2025-02-24 08:49:40;INFO]----------------------------------------------------------------------------------------------------

[2025-02-24 08:49:40;INFO]Current Epoch: 116 / 500 | Learning Rate : 0.0
[2025-02-24 08:50:09;INFO]Train | Loss : 0.508211 | ACC : 6028/6562 (91.862%)
[2025-02-24 08:50:13;INFO]Valid | Loss : 0.507344 | ACC : 2567/2813 (91.255%)
[2025-02-24 08:50:13;INFO]      | Loss didn't drop!

[2025-02-24 08:50:13;INFO]best epoch: 115, best loss: 0.456587
[2025-02-24 08:50:13;INFO]----------------------------------------------------------------------------------------------------

[2025-02-24 08:50:13;INFO]Current Epoch: 117 / 500 | Learning Rate : 0.0006545084971870791
[2025-02-24 08:50:42;INFO]Train | Loss : 0.541400 | ACC : 5980/6562 (91.131%)
[2025-02-24 08:50:46;INFO]Valid | Loss : 4.074064 | ACC : 393/2813 (13.971%)
[2025-02-24 08:50:46;INFO]      | Loss didn't drop!

[2025-02-24 08:50:46;INFO]best epoch: 115, best loss: 0.456587
[2025-02-24 08:50:46;INFO]----------------------------------------------------------------------------------------------------

[2025-02-24 08:50:46;INFO]Current Epoch: 118 / 500 | Learning Rate : 0.0009045084971885369
[2025-02-24 08:51:15;INFO]Train | Loss : 0.912399 | ACC : 5362/6562 (81.713%)
[2025-02-24 08:51:20;INFO]Valid | Loss : 1.400586 | ACC : 1326/2813 (47.138%)
[2025-02-24 08:51:20;INFO]      | Loss didn't drop!

[2025-02-24 08:51:20;INFO]best epoch: 115, best loss: 0.456587
[2025-02-24 08:51:20;INFO]----------------------------------------------------------------------------------------------------

[2025-02-24 08:51:20;INFO]Current Epoch: 119 / 500 | Learning Rate : 9.549150281265708e-05
[2025-02-24 08:51:49;INFO]Train | Loss : 0.506408 | ACC : 6076/6562 (92.594%)
[2025-02-24 08:51:53;INFO]Valid | Loss : 0.578204 | ACC : 2339/2813 (83.150%)
[2025-02-24 08:51:53;INFO]      | Loss didn't drop!

[2025-02-24 08:51:53;INFO]best epoch: 115, best loss: 0.456587
[2025-02-24 08:51:53;INFO]----------------------------------------------------------------------------------------------------

[2025-02-24 08:51:53;INFO]Current Epoch: 120 / 500 | Learning Rate : 0.0003454915028126639
[2025-02-24 08:52:22;INFO]Train | Loss : 0.601416 | ACC : 5859/6562 (89.287%)
[2025-02-24 08:52:26;INFO]Valid | Loss : 1.029049 | ACC : 1883/2813 (66.939%)
[2025-02-24 08:52:26;INFO]      | Loss didn't drop!

[2025-02-24 08:52:26;INFO]best epoch: 115, best loss: 0.456587
[2025-02-24 08:52:26;INFO]----------------------------------------------------------------------------------------------------

[2025-02-24 08:52:26;INFO]Current Epoch: 121 / 500 | Learning Rate : 0.0009999999999993417
[2025-02-24 08:52:55;INFO]Train | Loss : 0.449582 | ACC : 6103/6562 (93.005%)
[2025-02-24 08:52:59;INFO]Valid | Loss : 1.462117 | ACC : 1767/2813 (62.815%)
[2025-02-24 08:52:59;INFO]      | Loss didn't drop!

[2025-02-24 08:52:59;INFO]best epoch: 115, best loss: 0.456587
[2025-02-24 08:52:59;INFO]----------------------------------------------------------------------------------------------------

[2025-02-24 08:52:59;INFO]Current Epoch: 122 / 500 | Learning Rate : 0.00034549150281236153
[2025-02-24 08:53:28;INFO]Train | Loss : 0.611091 | ACC : 5810/6562 (88.540%)
[2025-02-24 08:53:33;INFO]Valid | Loss : 0.525679 | ACC : 2473/2813 (87.913%)
[2025-02-24 08:53:33;INFO]      | Loss didn't drop!

[2025-02-24 08:53:33;INFO]best epoch: 115, best loss: 0.456587
[2025-02-24 08:53:33;INFO]----------------------------------------------------------------------------------------------------

[2025-02-24 08:53:33;INFO]Current Epoch: 123 / 500 | Learning Rate : 9.549150281253245e-05
[2025-02-24 08:54:02;INFO]Train | Loss : 0.443601 | ACC : 6135/6562 (93.493%)
[2025-02-24 08:54:06;INFO]Valid | Loss : 2.635806 | ACC : 1041/2813 (37.007%)
[2025-02-24 08:54:06;INFO]      | Loss didn't drop!

[2025-02-24 08:54:06;INFO]best epoch: 115, best loss: 0.456587
[2025-02-24 08:54:06;INFO]----------------------------------------------------------------------------------------------------

[2025-02-24 08:54:06;INFO]Current Epoch: 124 / 500 | Learning Rate : 0.0009045084971878609
[2025-02-24 08:54:35;INFO]Train | Loss : 0.654185 | ACC : 5825/6562 (88.769%)
[2025-02-24 08:54:39;INFO]Valid | Loss : 1.431962 | ACC : 1481/2813 (52.648%)
[2025-02-24 08:54:39;INFO]      | Loss didn't drop!

[2025-02-24 08:54:39;INFO]best epoch: 115, best loss: 0.456587
[2025-02-24 08:54:39;INFO]----------------------------------------------------------------------------------------------------

[2025-02-24 08:54:39;INFO]Current Epoch: 125 / 500 | Learning Rate : 0.0006545084971879924
[2025-02-24 08:55:08;INFO]Train | Loss : 0.484802 | ACC : 6068/6562 (92.472%)
[2025-02-24 08:55:12;INFO]Valid | Loss : 0.368182 | ACC : 2623/2813 (93.246%)
[2025-02-24 08:55:12;INFO]      | Loss dropped from 0.456587 to 0.368182, model has been saved!

[2025-02-24 08:55:12;INFO]best epoch: 125, best loss: 0.368182
[2025-02-24 08:55:12;INFO]----------------------------------------------------------------------------------------------------

[2025-02-24 08:55:12;INFO]Current Epoch: 126 / 500 | Learning Rate : 0.0
[2025-02-24 08:55:41;INFO]Train | Loss : 0.459069 | ACC : 6098/6562 (92.929%)
[2025-02-24 08:55:46;INFO]Valid | Loss : 1.626541 | ACC : 1506/2813 (53.537%)
[2025-02-24 08:55:46;INFO]      | Loss didn't drop!

[2025-02-24 08:55:46;INFO]best epoch: 125, best loss: 0.368182
[2025-02-24 08:55:46;INFO]----------------------------------------------------------------------------------------------------

[2025-02-24 08:55:46;INFO]Current Epoch: 127 / 500 | Learning Rate : 0.000654508497188441
[2025-02-24 08:56:15;INFO]Train | Loss : 0.744149 | ACC : 5608/6562 (85.462%)
[2025-02-24 08:56:19;INFO]Valid | Loss : 1.903405 | ACC : 1545/2813 (54.924%)
[2025-02-24 08:56:19;INFO]      | Loss didn't drop!

[2025-02-24 08:56:19;INFO]best epoch: 125, best loss: 0.368182
[2025-02-24 08:56:19;INFO]----------------------------------------------------------------------------------------------------

[2025-02-24 08:56:19;INFO]Current Epoch: 128 / 500 | Learning Rate : 0.0009045084971865457
[2025-02-24 08:56:48;INFO]Train | Loss : 0.411549 | ACC : 6184/6562 (94.240%)
[2025-02-24 08:56:52;INFO]Valid | Loss : 0.894116 | ACC : 2086/2813 (74.156%)
[2025-02-24 08:56:52;INFO]      | Loss didn't drop!

[2025-02-24 08:56:52;INFO]best epoch: 125, best loss: 0.368182
[2025-02-24 08:56:52;INFO]----------------------------------------------------------------------------------------------------

[2025-02-24 08:56:52;INFO]Current Epoch: 129 / 500 | Learning Rate : 9.54915028127372e-05
[2025-02-24 08:57:21;INFO]Train | Loss : 0.419245 | ACC : 6126/6562 (93.356%)
[2025-02-24 08:57:25;INFO]Valid | Loss : 1.357910 | ACC : 1556/2813 (55.315%)
[2025-02-24 08:57:25;INFO]      | Loss didn't drop!

[2025-02-24 08:57:25;INFO]best epoch: 125, best loss: 0.368182
[2025-02-24 08:57:25;INFO]----------------------------------------------------------------------------------------------------

[2025-02-24 08:57:25;INFO]Current Epoch: 130 / 500 | Learning Rate : 0.00034549150281247895
[2025-02-24 08:57:54;INFO]Train | Loss : 0.617870 | ACC : 5856/6562 (89.241%)
[2025-02-24 08:57:58;INFO]Valid | Loss : 3.869036 | ACC : 801/2813 (28.475%)
[2025-02-24 08:57:58;INFO]      | Loss didn't drop!

[2025-02-24 08:57:58;INFO]best epoch: 125, best loss: 0.368182
[2025-02-24 08:57:58;INFO]----------------------------------------------------------------------------------------------------

[2025-02-24 08:57:58;INFO]Current Epoch: 131 / 500 | Learning Rate : 0.001000000000000009
[2025-02-24 08:58:27;INFO]Train | Loss : 0.466591 | ACC : 6086/6562 (92.746%)
[2025-02-24 08:58:32;INFO]Valid | Loss : 1.064444 | ACC : 1833/2813 (65.162%)
[2025-02-24 08:58:32;INFO]      | Loss didn't drop!

[2025-02-24 08:58:32;INFO]best epoch: 125, best loss: 0.368182
[2025-02-24 08:58:32;INFO]----------------------------------------------------------------------------------------------------

[2025-02-24 08:58:32;INFO]Current Epoch: 132 / 500 | Learning Rate : 0.0003454915028126745
[2025-02-24 08:59:01;INFO]Train | Loss : 0.433573 | ACC : 6154/6562 (93.782%)
[2025-02-24 08:59:05;INFO]Valid | Loss : 0.382956 | ACC : 2620/2813 (93.139%)
[2025-02-24 08:59:05;INFO]      | Loss didn't drop!

[2025-02-24 08:59:05;INFO]best epoch: 125, best loss: 0.368182
[2025-02-24 08:59:05;INFO]----------------------------------------------------------------------------------------------------

[2025-02-24 08:59:05;INFO]Current Epoch: 133 / 500 | Learning Rate : 9.54915028126149e-05
[2025-02-24 08:59:34;INFO]Train | Loss : 0.515735 | ACC : 5946/6562 (90.613%)
[2025-02-24 08:59:38;INFO]Valid | Loss : 3.663103 | ACC : 1037/2813 (36.865%)
[2025-02-24 08:59:38;INFO]      | Loss didn't drop!

[2025-02-24 08:59:38;INFO]best epoch: 125, best loss: 0.368182
[2025-02-24 08:59:38;INFO]----------------------------------------------------------------------------------------------------

[2025-02-24 08:59:38;INFO]Current Epoch: 134 / 500 | Learning Rate : 0.0009045084971884573
[2025-02-24 09:00:07;INFO]Train | Loss : 0.469339 | ACC : 6087/6562 (92.761%)
[2025-02-24 09:00:11;INFO]Valid | Loss : 2.602380 | ACC : 1334/2813 (47.423%)
[2025-02-24 09:00:11;INFO]      | Loss didn't drop!

[2025-02-24 09:00:11;INFO]best epoch: 125, best loss: 0.368182
[2025-02-24 09:00:11;INFO]----------------------------------------------------------------------------------------------------

[2025-02-24 09:00:11;INFO]Current Epoch: 135 / 500 | Learning Rate : 0.0006545084971884543
[2025-02-24 09:00:40;INFO]Train | Loss : 0.546549 | ACC : 5912/6562 (90.094%)
[2025-02-24 09:00:45;INFO]Valid | Loss : 0.436392 | ACC : 2559/2813 (90.970%)
[2025-02-24 09:00:45;INFO]      | Loss didn't drop!

[2025-02-24 09:00:45;INFO]best epoch: 125, best loss: 0.368182
[2025-02-24 09:00:45;INFO]----------------------------------------------------------------------------------------------------

[2025-02-24 09:00:45;INFO]Current Epoch: 136 / 500 | Learning Rate : 0.0
[2025-02-24 09:01:14;INFO]Train | Loss : 0.350582 | ACC : 6270/6562 (95.550%)
[2025-02-24 09:01:18;INFO]Valid | Loss : 1.124032 | ACC : 1814/2813 (64.486%)
[2025-02-24 09:01:18;INFO]      | Loss didn't drop!

[2025-02-24 09:01:18;INFO]best epoch: 125, best loss: 0.368182
[2025-02-24 09:01:18;INFO]----------------------------------------------------------------------------------------------------

[2025-02-24 09:01:18;INFO]Current Epoch: 137 / 500 | Learning Rate : 0.0006545084971889606
[2025-02-24 09:01:47;INFO]Train | Loss : 0.390455 | ACC : 6198/6562 (94.453%)
[2025-02-24 09:01:51;INFO]Valid | Loss : 1.751966 | ACC : 1573/2813 (55.919%)
[2025-02-24 09:01:51;INFO]      | Loss didn't drop!

[2025-02-24 09:01:51;INFO]best epoch: 125, best loss: 0.368182
[2025-02-24 09:01:51;INFO]----------------------------------------------------------------------------------------------------

[2025-02-24 09:01:51;INFO]Current Epoch: 138 / 500 | Learning Rate : 0.0009045084971870975
[2025-02-24 09:02:20;INFO]Train | Loss : 0.449823 | ACC : 6086/6562 (92.746%)
[2025-02-24 09:02:24;INFO]Valid | Loss : 0.502119 | ACC : 2581/2813 (91.753%)
[2025-02-24 09:02:24;INFO]      | Loss didn't drop!

[2025-02-24 09:02:24;INFO]best epoch: 125, best loss: 0.368182
[2025-02-24 09:02:24;INFO]----------------------------------------------------------------------------------------------------

[2025-02-24 09:02:24;INFO]Current Epoch: 139 / 500 | Learning Rate : 9.54915028125409e-05
[2025-02-24 09:02:53;INFO]Train | Loss : 0.431539 | ACC : 6118/6562 (93.234%)
[2025-02-24 09:02:58;INFO]Valid | Loss : 0.364614 | ACC : 2596/2813 (92.286%)
[2025-02-24 09:02:58;INFO]      | Loss dropped from 0.368182 to 0.364614, model has been saved!

[2025-02-24 09:02:58;INFO]best epoch: 139, best loss: 0.364614
[2025-02-24 09:02:58;INFO]----------------------------------------------------------------------------------------------------

[2025-02-24 09:02:58;INFO]Current Epoch: 140 / 500 | Learning Rate : 0.00034549150281268744
[2025-02-24 09:03:27;INFO]Train | Loss : 0.323538 | ACC : 6292/6562 (95.885%)
[2025-02-24 09:03:31;INFO]Valid | Loss : 2.178050 | ACC : 1164/2813 (41.379%)
[2025-02-24 09:03:31;INFO]      | Loss didn't drop!

[2025-02-24 09:03:31;INFO]best epoch: 139, best loss: 0.364614
[2025-02-24 09:03:31;INFO]----------------------------------------------------------------------------------------------------

[2025-02-24 09:03:31;INFO]Current Epoch: 141 / 500 | Learning Rate : 0.0010000000000006855
[2025-02-24 09:04:00;INFO]Train | Loss : 0.633028 | ACC : 5807/6562 (88.494%)
[2025-02-24 09:04:04;INFO]Valid | Loss : 0.877168 | ACC : 2090/2813 (74.298%)
[2025-02-24 09:04:04;INFO]      | Loss didn't drop!

[2025-02-24 09:04:04;INFO]best epoch: 139, best loss: 0.364614
[2025-02-24 09:04:04;INFO]----------------------------------------------------------------------------------------------------

[2025-02-24 09:04:04;INFO]Current Epoch: 142 / 500 | Learning Rate : 0.00034549150281293025
[2025-02-24 09:04:33;INFO]Train | Loss : 0.397142 | ACC : 6201/6562 (94.499%)
[2025-02-24 09:04:37;INFO]Valid | Loss : 0.294292 | ACC : 2722/2813 (96.765%)
[2025-02-24 09:04:37;INFO]      | Loss dropped from 0.364614 to 0.294292, model has been saved!

[2025-02-24 09:04:37;INFO]best epoch: 142, best loss: 0.294292
[2025-02-24 09:04:37;INFO]----------------------------------------------------------------------------------------------------

[2025-02-24 09:04:37;INFO]Current Epoch: 143 / 500 | Learning Rate : 9.54915028126631e-05
[2025-02-24 09:05:06;INFO]Train | Loss : 0.423525 | ACC : 6118/6562 (93.234%)
[2025-02-24 09:05:11;INFO]Valid | Loss : 2.248705 | ACC : 1333/2813 (47.387%)
[2025-02-24 09:05:11;INFO]      | Loss didn't drop!

[2025-02-24 09:05:11;INFO]best epoch: 142, best loss: 0.294292
[2025-02-24 09:05:11;INFO]----------------------------------------------------------------------------------------------------

[2025-02-24 09:05:11;INFO]Current Epoch: 144 / 500 | Learning Rate : 0.0009045084971865021
[2025-02-24 09:05:40;INFO]Train | Loss : 0.453679 | ACC : 6015/6562 (91.664%)
[2025-02-24 09:05:44;INFO]Valid | Loss : 2.395582 | ACC : 1007/2813 (35.798%)
[2025-02-24 09:05:44;INFO]      | Loss didn't drop!

[2025-02-24 09:05:44;INFO]best epoch: 142, best loss: 0.294292
[2025-02-24 09:05:44;INFO]----------------------------------------------------------------------------------------------------

[2025-02-24 09:05:44;INFO]Current Epoch: 145 / 500 | Learning Rate : 0.0006545084971869252
[2025-02-24 09:06:13;INFO]Train | Loss : 0.401440 | ACC : 6171/6562 (94.041%)
[2025-02-24 09:06:17;INFO]Valid | Loss : 0.396597 | ACC : 2532/2813 (90.011%)
[2025-02-24 09:06:17;INFO]      | Loss didn't drop!

[2025-02-24 09:06:17;INFO]best epoch: 142, best loss: 0.294292
[2025-02-24 09:06:17;INFO]----------------------------------------------------------------------------------------------------

[2025-02-24 09:06:17;INFO]Current Epoch: 146 / 500 | Learning Rate : 0.0
[2025-02-24 09:06:46;INFO]Train | Loss : 0.412562 | ACC : 6170/6562 (94.026%)
[2025-02-24 09:06:50;INFO]Valid | Loss : 3.311756 | ACC : 1105/2813 (39.282%)
[2025-02-24 09:06:50;INFO]      | Loss didn't drop!

[2025-02-24 09:06:50;INFO]best epoch: 142, best loss: 0.294292
[2025-02-24 09:06:50;INFO]----------------------------------------------------------------------------------------------------

[2025-02-24 09:06:50;INFO]Current Epoch: 147 / 500 | Learning Rate : 0.0006545084971873817
[2025-02-24 09:07:19;INFO]Train | Loss : 0.553857 | ACC : 5882/6562 (89.637%)
[2025-02-24 09:07:24;INFO]Valid | Loss : 1.696635 | ACC : 1783/2813 (63.384%)
[2025-02-24 09:07:24;INFO]      | Loss didn't drop!

[2025-02-24 09:07:24;INFO]best epoch: 142, best loss: 0.294292
[2025-02-24 09:07:24;INFO]----------------------------------------------------------------------------------------------------

[2025-02-24 09:07:24;INFO]Current Epoch: 148 / 500 | Learning Rate : 0.0009045084971877254
[2025-02-24 09:07:53;INFO]Train | Loss : 0.431723 | ACC : 6090/6562 (92.807%)
[2025-02-24 09:07:57;INFO]Valid | Loss : 0.397265 | ACC : 2511/2813 (89.264%)
[2025-02-24 09:07:57;INFO]      | Loss didn't drop!

[2025-02-24 09:07:57;INFO]best epoch: 142, best loss: 0.294292
[2025-02-24 09:07:57;INFO]----------------------------------------------------------------------------------------------------

[2025-02-24 09:07:57;INFO]Current Epoch: 149 / 500 | Learning Rate : 9.549150281262019e-05
[2025-02-24 09:08:26;INFO]Train | Loss : 0.319247 | ACC : 6278/6562 (95.672%)
[2025-02-24 09:08:30;INFO]Valid | Loss : 0.732366 | ACC : 2168/2813 (77.071%)
[2025-02-24 09:08:30;INFO]      | Loss didn't drop!

[2025-02-24 09:08:30;INFO]best epoch: 142, best loss: 0.294292
[2025-02-24 09:08:30;INFO]----------------------------------------------------------------------------------------------------

[2025-02-24 09:08:30;INFO]Current Epoch: 150 / 500 | Learning Rate : 0.00034549150281289274
[2025-02-24 09:08:59;INFO]Train | Loss : 0.327735 | ACC : 6246/6562 (95.184%)
[2025-02-24 09:09:03;INFO]Valid | Loss : 0.761243 | ACC : 2070/2813 (73.587%)
[2025-02-24 09:09:03;INFO]      | Loss didn't drop!

[2025-02-24 09:09:03;INFO]best epoch: 142, best loss: 0.294292
[2025-02-24 09:09:03;INFO]----------------------------------------------------------------------------------------------------

[2025-02-24 09:09:03;INFO]Current Epoch: 151 / 500 | Learning Rate : 0.001000000000001362
[2025-02-24 09:09:32;INFO]Train | Loss : 0.406798 | ACC : 6120/6562 (93.264%)
[2025-02-24 09:09:37;INFO]Valid | Loss : 1.625055 | ACC : 1811/2813 (64.380%)
[2025-02-24 09:09:37;INFO]      | Loss didn't drop!

[2025-02-24 09:09:37;INFO]best epoch: 142, best loss: 0.294292
[2025-02-24 09:09:37;INFO]----------------------------------------------------------------------------------------------------

[2025-02-24 09:09:37;INFO]Current Epoch: 152 / 500 | Learning Rate : 0.000345491502813081
[2025-02-24 09:10:06;INFO]Train | Loss : 0.359735 | ACC : 6188/6562 (94.301%)
[2025-02-24 09:10:10;INFO]Valid | Loss : 0.274457 | ACC : 2699/2813 (95.947%)
[2025-02-24 09:10:10;INFO]      | Loss dropped from 0.294292 to 0.274457, model has been saved!

[2025-02-24 09:10:10;INFO]best epoch: 152, best loss: 0.274457
[2025-02-24 09:10:10;INFO]----------------------------------------------------------------------------------------------------

[2025-02-24 09:10:10;INFO]Current Epoch: 153 / 500 | Learning Rate : 9.549150281243571e-05
[2025-02-24 09:10:39;INFO]Train | Loss : 0.352749 | ACC : 6207/6562 (94.590%)
[2025-02-24 09:10:43;INFO]Valid | Loss : 1.415892 | ACC : 1764/2813 (62.709%)
[2025-02-24 09:10:43;INFO]      | Loss didn't drop!

[2025-02-24 09:10:43;INFO]best epoch: 152, best loss: 0.274457
[2025-02-24 09:10:43;INFO]----------------------------------------------------------------------------------------------------

[2025-02-24 09:10:43;INFO]Current Epoch: 154 / 500 | Learning Rate : 0.0009045084971896418
[2025-02-24 09:11:12;INFO]Train | Loss : 0.500391 | ACC : 5979/6562 (91.116%)
[2025-02-24 09:11:16;INFO]Valid | Loss : 1.584382 | ACC : 1563/2813 (55.563%)
[2025-02-24 09:11:16;INFO]      | Loss didn't drop!

[2025-02-24 09:11:16;INFO]best epoch: 152, best loss: 0.274457
[2025-02-24 09:11:16;INFO]----------------------------------------------------------------------------------------------------

[2025-02-24 09:11:16;INFO]Current Epoch: 155 / 500 | Learning Rate : 0.0006545084971873877
[2025-02-24 09:11:45;INFO]Train | Loss : 0.322009 | ACC : 6311/6562 (96.175%)
[2025-02-24 09:11:50;INFO]Valid | Loss : 0.291680 | ACC : 2651/2813 (94.241%)
[2025-02-24 09:11:50;INFO]      | Loss didn't drop!

[2025-02-24 09:11:50;INFO]best epoch: 152, best loss: 0.274457
[2025-02-24 09:11:50;INFO]----------------------------------------------------------------------------------------------------

[2025-02-24 09:11:50;INFO]Current Epoch: 156 / 500 | Learning Rate : 0.0
[2025-02-24 09:12:19;INFO]Train | Loss : 0.288201 | ACC : 6276/6562 (95.642%)
[2025-02-24 09:12:23;INFO]Valid | Loss : 1.175804 | ACC : 1825/2813 (64.877%)
[2025-02-24 09:12:23;INFO]      | Loss didn't drop!

[2025-02-24 09:12:23;INFO]best epoch: 152, best loss: 0.274457
[2025-02-24 09:12:23;INFO]----------------------------------------------------------------------------------------------------

[2025-02-24 09:12:23;INFO]Current Epoch: 157 / 500 | Learning Rate : 0.000654508497187901
[2025-02-24 09:12:52;INFO]Train | Loss : 0.345749 | ACC : 6192/6562 (94.361%)
[2025-02-24 09:12:56;INFO]Valid | Loss : 0.921023 | ACC : 1892/2813 (67.259%)
[2025-02-24 09:12:56;INFO]      | Loss didn't drop!

[2025-02-24 09:12:56;INFO]best epoch: 152, best loss: 0.274457
[2025-02-24 09:12:56;INFO]----------------------------------------------------------------------------------------------------

[2025-02-24 09:12:56;INFO]Current Epoch: 158 / 500 | Learning Rate : 0.0009045084971882858
[2025-02-24 09:13:25;INFO]Train | Loss : 0.325670 | ACC : 6208/6562 (94.605%)
[2025-02-24 09:13:29;INFO]Valid | Loss : 0.701429 | ACC : 2106/2813 (74.867%)
[2025-02-24 09:13:29;INFO]      | Loss didn't drop!

[2025-02-24 09:13:29;INFO]best epoch: 152, best loss: 0.274457
[2025-02-24 09:13:29;INFO]----------------------------------------------------------------------------------------------------

[2025-02-24 09:13:29;INFO]Current Epoch: 159 / 500 | Learning Rate : 9.549150281263355e-05
[2025-02-24 09:13:58;INFO]Train | Loss : 0.327207 | ACC : 6229/6562 (94.925%)
[2025-02-24 09:14:02;INFO]Valid | Loss : 0.798057 | ACC : 2037/2813 (72.414%)
[2025-02-24 09:14:02;INFO]      | Loss didn't drop!

[2025-02-24 09:14:02;INFO]best epoch: 152, best loss: 0.274457
[2025-02-24 09:14:02;INFO]----------------------------------------------------------------------------------------------------

[2025-02-24 09:14:02;INFO]Current Epoch: 160 / 500 | Learning Rate : 0.0003454915028131014
[2025-02-24 09:14:32;INFO]Train | Loss : 0.310830 | ACC : 6269/6562 (95.535%)
[2025-02-24 09:14:36;INFO]Valid | Loss : 1.912426 | ACC : 1393/2813 (49.520%)
[2025-02-24 09:14:36;INFO]      | Loss didn't drop!

[2025-02-24 09:14:36;INFO]best epoch: 152, best loss: 0.274457
[2025-02-24 09:14:36;INFO]----------------------------------------------------------------------------------------------------

[2025-02-24 09:14:36;INFO]Current Epoch: 161 / 500 | Learning Rate : 0.0009999999999991433
[2025-02-24 09:15:05;INFO]Train | Loss : 0.296622 | ACC : 6274/6562 (95.611%)
[2025-02-24 09:15:09;INFO]Valid | Loss : 2.069215 | ACC : 1382/2813 (49.129%)
[2025-02-24 09:15:09;INFO]      | Loss didn't drop!

[2025-02-24 09:15:09;INFO]best epoch: 152, best loss: 0.274457
[2025-02-24 09:15:09;INFO]----------------------------------------------------------------------------------------------------

[2025-02-24 09:15:09;INFO]Current Epoch: 162 / 500 | Learning Rate : 0.00034549150281233963
[2025-02-24 09:15:38;INFO]Train | Loss : 0.363248 | ACC : 6155/6562 (93.798%)
[2025-02-24 09:15:42;INFO]Valid | Loss : 0.291997 | ACC : 2661/2813 (94.597%)
[2025-02-24 09:15:42;INFO]      | Loss didn't drop!

[2025-02-24 09:15:42;INFO]best epoch: 152, best loss: 0.274457
[2025-02-24 09:15:42;INFO]----------------------------------------------------------------------------------------------------

[2025-02-24 09:15:42;INFO]Current Epoch: 163 / 500 | Learning Rate : 9.54915028124847e-05
[2025-02-24 09:16:11;INFO]Train | Loss : 0.349229 | ACC : 6163/6562 (93.920%)
[2025-02-24 09:16:16;INFO]Valid | Loss : 3.853345 | ACC : 670/2813 (23.818%)
[2025-02-24 09:16:16;INFO]      | Loss didn't drop!

[2025-02-24 09:16:16;INFO]best epoch: 152, best loss: 0.274457
[2025-02-24 09:16:16;INFO]----------------------------------------------------------------------------------------------------

[2025-02-24 09:16:16;INFO]Current Epoch: 164 / 500 | Learning Rate : 0.0009045084971876864
[2025-02-24 09:16:45;INFO]Train | Loss : 0.360752 | ACC : 6185/6562 (94.255%)
[2025-02-24 09:16:49;INFO]Valid | Loss : 1.847809 | ACC : 1556/2813 (55.315%)
[2025-02-24 09:16:49;INFO]      | Loss didn't drop!

[2025-02-24 09:16:49;INFO]best epoch: 152, best loss: 0.274457
[2025-02-24 09:16:49;INFO]----------------------------------------------------------------------------------------------------

[2025-02-24 09:16:49;INFO]Current Epoch: 165 / 500 | Learning Rate : 0.0006545084971878552
[2025-02-24 09:17:18;INFO]Train | Loss : 0.369705 | ACC : 6199/6562 (94.468%)
[2025-02-24 09:17:22;INFO]Valid | Loss : 0.586966 | ACC : 2313/2813 (82.225%)
[2025-02-24 09:17:22;INFO]      | Loss didn't drop!

[2025-02-24 09:17:22;INFO]best epoch: 152, best loss: 0.274457
[2025-02-24 09:17:22;INFO]----------------------------------------------------------------------------------------------------

[2025-02-24 09:17:22;INFO]Current Epoch: 166 / 500 | Learning Rate : 0.0
[2025-02-24 09:17:51;INFO]Train | Loss : 0.371560 | ACC : 6165/6562 (93.950%)
[2025-02-24 09:17:55;INFO]Valid | Loss : 1.735259 | ACC : 1349/2813 (47.956%)
[2025-02-24 09:17:55;INFO]      | Loss didn't drop!

[2025-02-24 09:17:55;INFO]best epoch: 152, best loss: 0.274457
[2025-02-24 09:17:55;INFO]----------------------------------------------------------------------------------------------------

[2025-02-24 09:17:55;INFO]Current Epoch: 167 / 500 | Learning Rate : 0.0006545084971864242
[2025-02-24 09:18:24;INFO]Train | Loss : 0.411106 | ACC : 6102/6562 (92.990%)
[2025-02-24 09:18:29;INFO]Valid | Loss : 1.424385 | ACC : 1547/2813 (54.995%)
[2025-02-24 09:18:29;INFO]      | Loss didn't drop!

[2025-02-24 09:18:29;INFO]best epoch: 152, best loss: 0.274457
[2025-02-24 09:18:29;INFO]----------------------------------------------------------------------------------------------------

[2025-02-24 09:18:29;INFO]Current Epoch: 168 / 500 | Learning Rate : 0.0009045084971889717
[2025-02-24 09:18:58;INFO]Train | Loss : 0.420079 | ACC : 6032/6562 (91.923%)
[2025-02-24 09:19:02;INFO]Valid | Loss : 1.202302 | ACC : 1816/2813 (64.557%)
[2025-02-24 09:19:02;INFO]      | Loss didn't drop!

[2025-02-24 09:19:02;INFO]best epoch: 152, best loss: 0.274457
[2025-02-24 09:19:02;INFO]----------------------------------------------------------------------------------------------------

[2025-02-24 09:19:02;INFO]Current Epoch: 169 / 500 | Learning Rate : 9.549150281271362e-05
[2025-02-24 09:19:31;INFO]Train | Loss : 0.315947 | ACC : 6267/6562 (95.504%)
[2025-02-24 09:19:35;INFO]Valid | Loss : 0.733635 | ACC : 2154/2813 (76.573%)
[2025-02-24 09:19:35;INFO]      | Loss didn't drop!

[2025-02-24 09:19:35;INFO]best epoch: 152, best loss: 0.274457
[2025-02-24 09:19:35;INFO]----------------------------------------------------------------------------------------------------

[2025-02-24 09:19:35;INFO]Current Epoch: 170 / 500 | Learning Rate : 0.0003454915028123097
[2025-02-24 09:20:04;INFO]Train | Loss : 0.255295 | ACC : 6347/6562 (96.724%)
[2025-02-24 09:20:08;INFO]Valid | Loss : 0.586603 | ACC : 2369/2813 (84.216%)
[2025-02-24 09:20:08;INFO]      | Loss didn't drop!

[2025-02-24 09:20:08;INFO]best epoch: 152, best loss: 0.274457
[2025-02-24 09:20:08;INFO]----------------------------------------------------------------------------------------------------

[2025-02-24 09:20:08;INFO]Current Epoch: 171 / 500 | Learning Rate : 0.0010000000000027053
[2025-02-24 09:20:37;INFO]Train | Loss : 0.268072 | ACC : 6281/6562 (95.718%)
[2025-02-24 09:20:42;INFO]Valid | Loss : 0.506364 | ACC : 2373/2813 (84.358%)
[2025-02-24 09:20:42;INFO]      | Loss didn't drop!

[2025-02-24 09:20:42;INFO]best epoch: 152, best loss: 0.274457
[2025-02-24 09:20:42;INFO]----------------------------------------------------------------------------------------------------

[2025-02-24 09:20:42;INFO]Current Epoch: 172 / 500 | Learning Rate : 0.0003454915028125985
[2025-02-24 09:21:11;INFO]Train | Loss : 0.281384 | ACC : 6293/6562 (95.901%)
[2025-02-24 09:21:15;INFO]Valid | Loss : 0.448536 | ACC : 2292/2813 (81.479%)
[2025-02-24 09:21:15;INFO]      | Loss didn't drop!

[2025-02-24 09:21:15;INFO]best epoch: 152, best loss: 0.274457
[2025-02-24 09:21:15;INFO]----------------------------------------------------------------------------------------------------

[2025-02-24 09:21:15;INFO]Current Epoch: 173 / 500 | Learning Rate : 9.54915028125997e-05
[2025-02-24 09:21:44;INFO]Train | Loss : 0.196573 | ACC : 6397/6562 (97.486%)
[2025-02-24 09:21:48;INFO]Valid | Loss : 1.096744 | ACC : 1819/2813 (64.664%)
[2025-02-24 09:21:48;INFO]      | Loss didn't drop!

[2025-02-24 09:21:48;INFO]best epoch: 152, best loss: 0.274457
[2025-02-24 09:21:48;INFO]----------------------------------------------------------------------------------------------------

[2025-02-24 09:21:48;INFO]Current Epoch: 174 / 500 | Learning Rate : 0.0009045084971882822
[2025-02-24 09:22:17;INFO]Train | Loss : 0.348889 | ACC : 6132/6562 (93.447%)
[2025-02-24 09:22:21;INFO]Valid | Loss : 6.809018 | ACC : 313/2813 (11.127%)
[2025-02-24 09:22:21;INFO]      | Loss didn't drop!

[2025-02-24 09:22:21;INFO]best epoch: 152, best loss: 0.274457
[2025-02-24 09:22:21;INFO]----------------------------------------------------------------------------------------------------

[2025-02-24 09:22:21;INFO]Current Epoch: 175 / 500 | Learning Rate : 0.0006545084971883168
[2025-02-24 09:22:50;INFO]Train | Loss : 0.364353 | ACC : 6158/6562 (93.843%)
[2025-02-24 09:22:55;INFO]Valid | Loss : 0.434143 | ACC : 2454/2813 (87.238%)
[2025-02-24 09:22:55;INFO]      | Loss didn't drop!

[2025-02-24 09:22:55;INFO]best epoch: 152, best loss: 0.274457
[2025-02-24 09:22:55;INFO]----------------------------------------------------------------------------------------------------

[2025-02-24 09:22:55;INFO]Current Epoch: 176 / 500 | Learning Rate : 0.0
[2025-02-24 09:23:24;INFO]Train | Loss : 0.318939 | ACC : 6190/6562 (94.331%)
[2025-02-24 09:23:28;INFO]Valid | Loss : 2.548327 | ACC : 1327/2813 (47.174%)
[2025-02-24 09:23:28;INFO]      | Loss didn't drop!

[2025-02-24 09:23:28;INFO]best epoch: 152, best loss: 0.274457
[2025-02-24 09:23:28;INFO]----------------------------------------------------------------------------------------------------

[2025-02-24 09:23:28;INFO]Current Epoch: 177 / 500 | Learning Rate : 0.0006545084971887302
[2025-02-24 09:23:57;INFO]Train | Loss : 0.339745 | ACC : 6193/6562 (94.377%)
[2025-02-24 09:24:01;INFO]Valid | Loss : 0.551056 | ACC : 2458/2813 (87.380%)
[2025-02-24 09:24:01;INFO]      | Loss didn't drop!

[2025-02-24 09:24:01;INFO]best epoch: 152, best loss: 0.274457
[2025-02-24 09:24:01;INFO]----------------------------------------------------------------------------------------------------

[2025-02-24 09:24:01;INFO]Current Epoch: 178 / 500 | Learning Rate : 0.0009045084971869138
[2025-02-24 09:24:30;INFO]Train | Loss : 0.333484 | ACC : 6218/6562 (94.758%)
[2025-02-24 09:24:34;INFO]Valid | Loss : 0.239268 | ACC : 2747/2813 (97.654%)
[2025-02-24 09:24:34;INFO]      | Loss dropped from 0.274457 to 0.239268, model has been saved!

[2025-02-24 09:24:34;INFO]best epoch: 178, best loss: 0.239268
[2025-02-24 09:24:34;INFO]----------------------------------------------------------------------------------------------------

[2025-02-24 09:24:34;INFO]Current Epoch: 179 / 500 | Learning Rate : 9.549150281251736e-05
[2025-02-24 09:25:03;INFO]Train | Loss : 0.213769 | ACC : 6376/6562 (97.165%)
[2025-02-24 09:25:08;INFO]Valid | Loss : 0.223205 | ACC : 2703/2813 (96.090%)
[2025-02-24 09:25:08;INFO]      | Loss dropped from 0.239268 to 0.223205, model has been saved!

[2025-02-24 09:25:08;INFO]best epoch: 179, best loss: 0.223205
[2025-02-24 09:25:08;INFO]----------------------------------------------------------------------------------------------------

[2025-02-24 09:25:08;INFO]Current Epoch: 180 / 500 | Learning Rate : 0.00034549150281262635
[2025-02-24 09:25:37;INFO]Train | Loss : 0.214649 | ACC : 6343/6562 (96.663%)
[2025-02-24 09:25:41;INFO]Valid | Loss : 2.670288 | ACC : 1426/2813 (50.693%)
[2025-02-24 09:25:41;INFO]      | Loss didn't drop!

[2025-02-24 09:25:41;INFO]best epoch: 179, best loss: 0.223205
[2025-02-24 09:25:41;INFO]----------------------------------------------------------------------------------------------------

[2025-02-24 09:25:41;INFO]Current Epoch: 181 / 500 | Learning Rate : 0.0010000000000004875
[2025-02-24 09:26:10;INFO]Train | Loss : 0.267403 | ACC : 6307/6562 (96.114%)
[2025-02-24 09:26:14;INFO]Valid | Loss : 1.693016 | ACC : 1667/2813 (59.261%)
[2025-02-24 09:26:14;INFO]      | Loss didn't drop!

[2025-02-24 09:26:14;INFO]best epoch: 179, best loss: 0.223205
[2025-02-24 09:26:14;INFO]----------------------------------------------------------------------------------------------------

[2025-02-24 09:26:14;INFO]Current Epoch: 182 / 500 | Learning Rate : 0.000345491502812854
[2025-02-24 09:26:43;INFO]Train | Loss : 0.229460 | ACC : 6348/6562 (96.739%)
[2025-02-24 09:26:47;INFO]Valid | Loss : 0.255310 | ACC : 2684/2813 (95.414%)
[2025-02-24 09:26:47;INFO]      | Loss didn't drop!

[2025-02-24 09:26:47;INFO]best epoch: 179, best loss: 0.223205
[2025-02-24 09:26:47;INFO]----------------------------------------------------------------------------------------------------

[2025-02-24 09:26:47;INFO]Current Epoch: 183 / 500 | Learning Rate : 9.54915028125819e-05
[2025-02-24 09:27:16;INFO]Train | Loss : 0.231114 | ACC : 6360/6562 (96.922%)
[2025-02-24 09:27:21;INFO]Valid | Loss : 1.865999 | ACC : 1680/2813 (59.723%)
[2025-02-24 09:27:21;INFO]      | Loss didn't drop!

[2025-02-24 09:27:21;INFO]best epoch: 179, best loss: 0.223205
[2025-02-24 09:27:21;INFO]----------------------------------------------------------------------------------------------------

[2025-02-24 09:27:21;INFO]Current Epoch: 184 / 500 | Learning Rate : 0.0009045084971862602
[2025-02-24 09:27:50;INFO]Train | Loss : 0.327846 | ACC : 6206/6562 (94.575%)
[2025-02-24 09:27:54;INFO]Valid | Loss : 1.257548 | ACC : 1712/2813 (60.860%)
[2025-02-24 09:27:54;INFO]      | Loss didn't drop!

[2025-02-24 09:27:54;INFO]best epoch: 179, best loss: 0.223205
[2025-02-24 09:27:54;INFO]----------------------------------------------------------------------------------------------------

[2025-02-24 09:27:54;INFO]Current Epoch: 185 / 500 | Learning Rate : 0.0006545084971886771
[2025-02-24 09:28:23;INFO]Train | Loss : 0.247634 | ACC : 6325/6562 (96.388%)
[2025-02-24 09:28:27;INFO]Valid | Loss : 0.343058 | ACC : 2551/2813 (90.686%)
[2025-02-24 09:28:27;INFO]      | Loss didn't drop!

[2025-02-24 09:28:27;INFO]best epoch: 179, best loss: 0.223205
[2025-02-24 09:28:27;INFO]----------------------------------------------------------------------------------------------------

[2025-02-24 09:28:27;INFO]Current Epoch: 186 / 500 | Learning Rate : 0.0
[2025-02-24 09:28:56;INFO]Train | Loss : 0.257256 | ACC : 6275/6562 (95.626%)
[2025-02-24 09:29:00;INFO]Valid | Loss : 2.128162 | ACC : 1361/2813 (48.383%)
[2025-02-24 09:29:00;INFO]      | Loss didn't drop!

[2025-02-24 09:29:00;INFO]best epoch: 179, best loss: 0.223205
[2025-02-24 09:29:00;INFO]----------------------------------------------------------------------------------------------------

[2025-02-24 09:29:00;INFO]Current Epoch: 187 / 500 | Learning Rate : 0.0006545084971873673
[2025-02-24 09:29:29;INFO]Train | Loss : 0.269074 | ACC : 6305/6562 (96.084%)
[2025-02-24 09:29:34;INFO]Valid | Loss : 3.510058 | ACC : 531/2813 (18.877%)
[2025-02-24 09:29:34;INFO]      | Loss didn't drop!

[2025-02-24 09:29:34;INFO]best epoch: 179, best loss: 0.223205
[2025-02-24 09:29:34;INFO]----------------------------------------------------------------------------------------------------

[2025-02-24 09:29:34;INFO]Current Epoch: 188 / 500 | Learning Rate : 0.0009045084971901513
[2025-02-24 09:30:03;INFO]Train | Loss : 0.351212 | ACC : 6159/6562 (93.859%)
[2025-02-24 09:30:07;INFO]Valid | Loss : 0.253590 | ACC : 2692/2813 (95.699%)
[2025-02-24 09:30:07;INFO]      | Loss didn't drop!

[2025-02-24 09:30:07;INFO]best epoch: 179, best loss: 0.223205
[2025-02-24 09:30:07;INFO]----------------------------------------------------------------------------------------------------

[2025-02-24 09:30:07;INFO]Current Epoch: 189 / 500 | Learning Rate : 9.54915028125966e-05
[2025-02-24 09:30:36;INFO]Train | Loss : 0.217964 | ACC : 6350/6562 (96.769%)
[2025-02-24 09:30:40;INFO]Valid | Loss : 0.231604 | ACC : 2629/2813 (93.459%)
[2025-02-24 09:30:40;INFO]      | Loss didn't drop!

[2025-02-24 09:30:40;INFO]best epoch: 179, best loss: 0.223205
[2025-02-24 09:30:40;INFO]----------------------------------------------------------------------------------------------------

[2025-02-24 09:30:40;INFO]Current Epoch: 190 / 500 | Learning Rate : 0.00034549150281272355
[2025-02-24 09:31:09;INFO]Train | Loss : 0.237791 | ACC : 6338/6562 (96.586%)
[2025-02-24 09:31:13;INFO]Valid | Loss : 4.617988 | ACC : 620/2813 (22.041%)
[2025-02-24 09:31:13;INFO]      | Loss didn't drop!

[2025-02-24 09:31:13;INFO]best epoch: 179, best loss: 0.223205
[2025-02-24 09:31:13;INFO]----------------------------------------------------------------------------------------------------

[2025-02-24 09:31:13;INFO]Current Epoch: 191 / 500 | Learning Rate : 0.001000000000001155
[2025-02-24 09:31:42;INFO]Train | Loss : 0.498682 | ACC : 5967/6562 (90.933%)
[2025-02-24 09:31:47;INFO]Valid | Loss : 3.019589 | ACC : 1100/2813 (39.104%)
[2025-02-24 09:31:47;INFO]      | Loss didn't drop!

[2025-02-24 09:31:47;INFO]best epoch: 179, best loss: 0.223205
[2025-02-24 09:31:47;INFO]----------------------------------------------------------------------------------------------------

[2025-02-24 09:31:47;INFO]Current Epoch: 192 / 500 | Learning Rate : 0.0003454915028130051
[2025-02-24 09:32:16;INFO]Train | Loss : 0.301033 | ACC : 6269/6562 (95.535%)
[2025-02-24 09:32:20;INFO]Valid | Loss : 0.175940 | ACC : 2744/2813 (97.547%)
[2025-02-24 09:32:20;INFO]      | Loss dropped from 0.223205 to 0.175940, model has been saved!

[2025-02-24 09:32:20;INFO]best epoch: 192, best loss: 0.175940
[2025-02-24 09:32:20;INFO]----------------------------------------------------------------------------------------------------

[2025-02-24 09:32:20;INFO]Current Epoch: 193 / 500 | Learning Rate : 9.54915028126978e-05
[2025-02-24 09:32:49;INFO]Train | Loss : 0.220310 | ACC : 6378/6562 (97.196%)
[2025-02-24 09:32:53;INFO]Valid | Loss : 0.680023 | ACC : 2298/2813 (81.692%)
[2025-02-24 09:32:53;INFO]      | Loss didn't drop!

[2025-02-24 09:32:53;INFO]best epoch: 192, best loss: 0.175940
[2025-02-24 09:32:53;INFO]----------------------------------------------------------------------------------------------------

[2025-02-24 09:32:53;INFO]Current Epoch: 194 / 500 | Learning Rate : 0.0009045084971895335
[2025-02-24 09:33:22;INFO]Train | Loss : 0.409738 | ACC : 6045/6562 (92.121%)
[2025-02-24 09:33:26;INFO]Valid | Loss : 4.851238 | ACC : 419/2813 (14.895%)
[2025-02-24 09:33:26;INFO]      | Loss didn't drop!

[2025-02-24 09:33:26;INFO]best epoch: 192, best loss: 0.175940
[2025-02-24 09:33:26;INFO]----------------------------------------------------------------------------------------------------

[2025-02-24 09:33:26;INFO]Current Epoch: 195 / 500 | Learning Rate : 0.00065450849718725
[2025-02-24 09:33:55;INFO]Train | Loss : 0.312543 | ACC : 6273/6562 (95.596%)
[2025-02-24 09:34:00;INFO]Valid | Loss : 0.460456 | ACC : 2407/2813 (85.567%)
[2025-02-24 09:34:00;INFO]      | Loss didn't drop!

[2025-02-24 09:34:00;INFO]best epoch: 192, best loss: 0.175940
[2025-02-24 09:34:00;INFO]----------------------------------------------------------------------------------------------------

[2025-02-24 09:34:00;INFO]Current Epoch: 196 / 500 | Learning Rate : 0.0
[2025-02-24 09:34:29;INFO]Train | Loss : 0.291307 | ACC : 6221/6562 (94.803%)
[2025-02-24 09:34:33;INFO]Valid | Loss : 1.293407 | ACC : 1874/2813 (66.619%)
[2025-02-24 09:34:33;INFO]      | Loss didn't drop!

[2025-02-24 09:34:33;INFO]best epoch: 192, best loss: 0.175940
[2025-02-24 09:34:33;INFO]----------------------------------------------------------------------------------------------------

[2025-02-24 09:34:33;INFO]Current Epoch: 197 / 500 | Learning Rate : 0.0006545084971876707
[2025-02-24 09:35:02;INFO]Train | Loss : 0.314597 | ACC : 6227/6562 (94.895%)
[2025-02-24 09:35:06;INFO]Valid | Loss : 2.326861 | ACC : 1132/2813 (40.242%)
[2025-02-24 09:35:06;INFO]      | Loss didn't drop!

[2025-02-24 09:35:06;INFO]best epoch: 192, best loss: 0.175940
[2025-02-24 09:35:06;INFO]----------------------------------------------------------------------------------------------------

[2025-02-24 09:35:06;INFO]Current Epoch: 198 / 500 | Learning Rate : 0.0009045084971881683
[2025-02-24 09:35:35;INFO]Train | Loss : 0.267139 | ACC : 6288/6562 (95.824%)
[2025-02-24 09:35:39;INFO]Valid | Loss : 0.240758 | ACC : 2664/2813 (94.703%)
[2025-02-24 09:35:39;INFO]      | Loss didn't drop!

[2025-02-24 09:35:39;INFO]best epoch: 192, best loss: 0.175940
[2025-02-24 09:35:39;INFO]----------------------------------------------------------------------------------------------------

[2025-02-24 09:35:39;INFO]Current Epoch: 199 / 500 | Learning Rate : 9.549150281260995e-05
[2025-02-24 09:36:08;INFO]Train | Loss : 0.202261 | ACC : 6372/6562 (97.105%)
[2025-02-24 09:36:13;INFO]Valid | Loss : 0.153235 | ACC : 2752/2813 (97.831%)
[2025-02-24 09:36:13;INFO]      | Loss dropped from 0.175940 to 0.153235, model has been saved!

[2025-02-24 09:36:13;INFO]best epoch: 199, best loss: 0.153235
[2025-02-24 09:36:13;INFO]----------------------------------------------------------------------------------------------------

[2025-02-24 09:36:13;INFO]Current Epoch: 200 / 500 | Learning Rate : 0.00034549150281304014
[2025-02-24 09:36:42;INFO]Train | Loss : 0.251112 | ACC : 6249/6562 (95.230%)
[2025-02-24 09:36:46;INFO]Valid | Loss : 7.240510 | ACC : 624/2813 (22.183%)
[2025-02-24 09:36:46;INFO]      | Loss didn't drop!

[2025-02-24 09:36:46;INFO]best epoch: 199, best loss: 0.153235
[2025-02-24 09:36:46;INFO]----------------------------------------------------------------------------------------------------

[2025-02-24 09:36:46;INFO]Current Epoch: 201 / 500 | Learning Rate : 0.0009999999999989444
[2025-02-24 09:37:15;INFO]Train | Loss : 0.292910 | ACC : 6292/6562 (95.885%)
[2025-02-24 09:37:19;INFO]Valid | Loss : 3.045987 | ACC : 1072/2813 (38.109%)
[2025-02-24 09:37:19;INFO]      | Loss didn't drop!

[2025-02-24 09:37:19;INFO]best epoch: 199, best loss: 0.153235
[2025-02-24 09:37:19;INFO]----------------------------------------------------------------------------------------------------

[2025-02-24 09:37:19;INFO]Current Epoch: 202 / 500 | Learning Rate : 0.0003454915028133687
[2025-02-24 09:37:48;INFO]Train | Loss : 0.233493 | ACC : 6324/6562 (96.373%)
[2025-02-24 09:37:52;INFO]Valid | Loss : 0.216383 | ACC : 2698/2813 (95.912%)
[2025-02-24 09:37:52;INFO]      | Loss didn't drop!

[2025-02-24 09:37:52;INFO]best epoch: 199, best loss: 0.153235
[2025-02-24 09:37:52;INFO]----------------------------------------------------------------------------------------------------

[2025-02-24 09:37:52;INFO]Current Epoch: 203 / 500 | Learning Rate : 9.549150281247034e-05
[2025-02-24 09:38:22;INFO]Train | Loss : 0.215416 | ACC : 6350/6562 (96.769%)
[2025-02-24 09:38:26;INFO]Valid | Loss : 1.531463 | ACC : 1950/2813 (69.321%)
[2025-02-24 09:38:26;INFO]      | Loss didn't drop!

[2025-02-24 09:38:26;INFO]best epoch: 199, best loss: 0.153235
[2025-02-24 09:38:26;INFO]----------------------------------------------------------------------------------------------------

[2025-02-24 09:38:26;INFO]Current Epoch: 204 / 500 | Learning Rate : 0.0009045084971875113
[2025-02-24 09:38:55;INFO]Train | Loss : 0.220368 | ACC : 6382/6562 (97.257%)
[2025-02-24 09:38:59;INFO]Valid | Loss : 3.303902 | ACC : 1111/2813 (39.495%)
[2025-02-24 09:38:59;INFO]      | Loss didn't drop!

[2025-02-24 09:38:59;INFO]best epoch: 199, best loss: 0.153235
[2025-02-24 09:38:59;INFO]----------------------------------------------------------------------------------------------------

[2025-02-24 09:38:59;INFO]Current Epoch: 205 / 500 | Learning Rate : 0.0006545084971896063
[2025-02-24 09:39:28;INFO]Train | Loss : 0.239647 | ACC : 6266/6562 (95.489%)
[2025-02-24 09:39:32;INFO]Valid | Loss : 0.467159 | ACC : 2412/2813 (85.745%)
[2025-02-24 09:39:32;INFO]      | Loss didn't drop!

[2025-02-24 09:39:32;INFO]best epoch: 199, best loss: 0.153235
[2025-02-24 09:39:32;INFO]----------------------------------------------------------------------------------------------------

[2025-02-24 09:39:32;INFO]Current Epoch: 206 / 500 | Learning Rate : 0.0
[2025-02-24 09:40:01;INFO]Train | Loss : 0.253246 | ACC : 6258/6562 (95.367%)
[2025-02-24 09:40:05;INFO]Valid | Loss : 0.678485 | ACC : 2198/2813 (78.137%)
[2025-02-24 09:40:05;INFO]      | Loss didn't drop!

[2025-02-24 09:40:05;INFO]best epoch: 199, best loss: 0.153235
[2025-02-24 09:40:05;INFO]----------------------------------------------------------------------------------------------------

[2025-02-24 09:40:05;INFO]Current Epoch: 207 / 500 | Learning Rate : 0.0006545084971883047
[2025-02-24 09:40:35;INFO]Train | Loss : 0.207883 | ACC : 6352/6562 (96.800%)
[2025-02-24 09:40:39;INFO]Valid | Loss : 1.203558 | ACC : 1737/2813 (61.749%)
[2025-02-24 09:40:39;INFO]      | Loss didn't drop!

[2025-02-24 09:40:39;INFO]best epoch: 199, best loss: 0.153235
[2025-02-24 09:40:39;INFO]----------------------------------------------------------------------------------------------------

[2025-02-24 09:40:39;INFO]Current Epoch: 208 / 500 | Learning Rate : 0.0009045084971887874
[2025-02-24 09:41:08;INFO]Train | Loss : 0.194015 | ACC : 6350/6562 (96.769%)
[2025-02-24 09:41:12;INFO]Valid | Loss : 0.234607 | ACC : 2641/2813 (93.886%)
[2025-02-24 09:41:12;INFO]      | Loss didn't drop!

[2025-02-24 09:41:12;INFO]best epoch: 199, best loss: 0.153235
[2025-02-24 09:41:12;INFO]----------------------------------------------------------------------------------------------------

[2025-02-24 09:41:12;INFO]Current Epoch: 209 / 500 | Learning Rate : 9.54915028126892e-05
[2025-02-24 09:41:41;INFO]Train | Loss : 0.169193 | ACC : 6388/6562 (97.348%)
[2025-02-24 09:41:45;INFO]Valid | Loss : 1.055255 | ACC : 2045/2813 (72.698%)
[2025-02-24 09:41:45;INFO]      | Loss didn't drop!

[2025-02-24 09:41:45;INFO]best epoch: 199, best loss: 0.153235
[2025-02-24 09:41:45;INFO]----------------------------------------------------------------------------------------------------

[2025-02-24 09:41:45;INFO]Current Epoch: 210 / 500 | Learning Rate : 0.00034549150281214046
[2025-02-24 09:42:14;INFO]Train | Loss : 0.193440 | ACC : 6367/6562 (97.028%)
[2025-02-24 09:42:18;INFO]Valid | Loss : 1.321916 | ACC : 1689/2813 (60.043%)
[2025-02-24 09:42:18;INFO]      | Loss didn't drop!

[2025-02-24 09:42:18;INFO]best epoch: 199, best loss: 0.153235
[2025-02-24 09:42:18;INFO]----------------------------------------------------------------------------------------------------

[2025-02-24 09:42:18;INFO]Current Epoch: 211 / 500 | Learning Rate : 0.000999999999999612
[2025-02-24 09:42:47;INFO]Train | Loss : 0.216001 | ACC : 6332/6562 (96.495%)
[2025-02-24 09:42:52;INFO]Valid | Loss : 1.622426 | ACC : 1621/2813 (57.625%)
[2025-02-24 09:42:52;INFO]      | Loss didn't drop!

[2025-02-24 09:42:52;INFO]best epoch: 199, best loss: 0.153235
[2025-02-24 09:42:52;INFO]----------------------------------------------------------------------------------------------------

[2025-02-24 09:42:52;INFO]Current Epoch: 212 / 500 | Learning Rate : 0.0003454915028125224
[2025-02-24 09:43:21;INFO]Train | Loss : 0.256689 | ACC : 6260/6562 (95.398%)
[2025-02-24 09:43:25;INFO]Valid | Loss : 0.243329 | ACC : 2694/2813 (95.770%)
[2025-02-24 09:43:25;INFO]      | Loss didn't drop!

[2025-02-24 09:43:25;INFO]best epoch: 199, best loss: 0.153235
[2025-02-24 09:43:25;INFO]----------------------------------------------------------------------------------------------------

[2025-02-24 09:43:25;INFO]Current Epoch: 213 / 500 | Learning Rate : 9.549150281279497e-05
[2025-02-24 09:43:54;INFO]Train | Loss : 0.248811 | ACC : 6289/6562 (95.840%)
[2025-02-24 09:43:58;INFO]Valid | Loss : 1.960383 | ACC : 1510/2813 (53.679%)
[2025-02-24 09:43:58;INFO]      | Loss didn't drop!

[2025-02-24 09:43:58;INFO]best epoch: 199, best loss: 0.153235
[2025-02-24 09:43:58;INFO]----------------------------------------------------------------------------------------------------

[2025-02-24 09:43:58;INFO]Current Epoch: 214 / 500 | Learning Rate : 0.0009045084971907177
[2025-02-24 09:44:27;INFO]Train | Loss : 0.341164 | ACC : 6184/6562 (94.240%)
[2025-02-24 09:44:31;INFO]Valid | Loss : 1.985378 | ACC : 1586/2813 (56.381%)
[2025-02-24 09:44:31;INFO]      | Loss didn't drop!

[2025-02-24 09:44:31;INFO]best epoch: 199, best loss: 0.153235
[2025-02-24 09:44:31;INFO]----------------------------------------------------------------------------------------------------

[2025-02-24 09:44:31;INFO]Current Epoch: 215 / 500 | Learning Rate : 0.000654508497186183
[2025-02-24 09:45:01;INFO]Train | Loss : 0.208232 | ACC : 6350/6562 (96.769%)
[2025-02-24 09:45:05;INFO]Valid | Loss : 0.418198 | ACC : 2366/2813 (84.109%)
[2025-02-24 09:45:05;INFO]      | Loss didn't drop!

[2025-02-24 09:45:05;INFO]best epoch: 199, best loss: 0.153235
[2025-02-24 09:45:05;INFO]----------------------------------------------------------------------------------------------------

[2025-02-24 09:45:05;INFO]Current Epoch: 216 / 500 | Learning Rate : 0.0
[2025-02-24 09:45:34;INFO]Train | Loss : 0.160671 | ACC : 6398/6562 (97.501%)
[2025-02-24 09:45:38;INFO]Valid | Loss : 0.405107 | ACC : 2485/2813 (88.340%)
[2025-02-24 09:45:38;INFO]      | Loss didn't drop!

[2025-02-24 09:45:38;INFO]best epoch: 199, best loss: 0.153235
[2025-02-24 09:45:38;INFO]----------------------------------------------------------------------------------------------------

[2025-02-24 09:45:38;INFO]Current Epoch: 217 / 500 | Learning Rate : 0.0006545084971886078
[2025-02-24 09:46:07;INFO]Train | Loss : 0.187525 | ACC : 6342/6562 (96.647%)
[2025-02-24 09:46:11;INFO]Valid | Loss : 2.277599 | ACC : 1610/2813 (57.234%)
[2025-02-24 09:46:11;INFO]      | Loss didn't drop!

[2025-02-24 09:46:11;INFO]best epoch: 199, best loss: 0.153235
[2025-02-24 09:46:11;INFO]----------------------------------------------------------------------------------------------------

[2025-02-24 09:46:11;INFO]Current Epoch: 218 / 500 | Learning Rate : 0.0009045084971893482
[2025-02-24 09:46:40;INFO]Train | Loss : 0.244004 | ACC : 6282/6562 (95.733%)
[2025-02-24 09:46:44;INFO]Valid | Loss : 0.539412 | ACC : 2249/2813 (79.950%)
[2025-02-24 09:46:44;INFO]      | Loss didn't drop!

[2025-02-24 09:46:44;INFO]best epoch: 199, best loss: 0.153235
[2025-02-24 09:46:44;INFO]----------------------------------------------------------------------------------------------------

[2025-02-24 09:46:44;INFO]Current Epoch: 219 / 500 | Learning Rate : 9.549150281249383e-05
[2025-02-24 09:47:14;INFO]Train | Loss : 0.151524 | ACC : 6420/6562 (97.836%)
[2025-02-24 09:47:18;INFO]Valid | Loss : 1.550840 | ACC : 1838/2813 (65.339%)
[2025-02-24 09:47:18;INFO]      | Loss didn't drop!

[2025-02-24 09:47:18;INFO]best epoch: 199, best loss: 0.153235
[2025-02-24 09:47:18;INFO]----------------------------------------------------------------------------------------------------

[2025-02-24 09:47:18;INFO]Current Epoch: 220 / 500 | Learning Rate : 0.00034549150281256206
[2025-02-24 09:47:47;INFO]Train | Loss : 0.234407 | ACC : 6274/6562 (95.611%)
[2025-02-24 09:47:51;INFO]Valid | Loss : 6.527384 | ACC : 765/2813 (27.195%)
[2025-02-24 09:47:51;INFO]      | Loss didn't drop!

[2025-02-24 09:47:51;INFO]best epoch: 199, best loss: 0.153235
[2025-02-24 09:47:51;INFO]----------------------------------------------------------------------------------------------------

[2025-02-24 09:47:51;INFO]Current Epoch: 221 / 500 | Learning Rate : 0.001000000000000288
[2025-02-24 09:48:20;INFO]Train | Loss : 0.157290 | ACC : 6411/6562 (97.699%)
[2025-02-24 09:48:24;INFO]Valid | Loss : 1.853554 | ACC : 1548/2813 (55.030%)
[2025-02-24 09:48:24;INFO]      | Loss didn't drop!

[2025-02-24 09:48:24;INFO]best epoch: 199, best loss: 0.153235
[2025-02-24 09:48:24;INFO]----------------------------------------------------------------------------------------------------

[2025-02-24 09:48:24;INFO]Current Epoch: 222 / 500 | Learning Rate : 0.00034549150281377815
[2025-02-24 09:48:53;INFO]Train | Loss : 0.150190 | ACC : 6416/6562 (97.775%)
[2025-02-24 09:48:57;INFO]Valid | Loss : 0.120503 | ACC : 2746/2813 (97.618%)
[2025-02-24 09:48:57;INFO]      | Loss dropped from 0.153235 to 0.120503, model has been saved!

[2025-02-24 09:48:57;INFO]best epoch: 222, best loss: 0.120503
[2025-02-24 09:48:57;INFO]----------------------------------------------------------------------------------------------------

[2025-02-24 09:48:57;INFO]Current Epoch: 223 / 500 | Learning Rate : 9.549150281235886e-05
[2025-02-24 09:49:27;INFO]Train | Loss : 0.147529 | ACC : 6409/6562 (97.668%)
[2025-02-24 09:49:31;INFO]Valid | Loss : 2.112530 | ACC : 1695/2813 (60.256%)
[2025-02-24 09:49:31;INFO]      | Loss didn't drop!

[2025-02-24 09:49:31;INFO]best epoch: 222, best loss: 0.120503
[2025-02-24 09:49:31;INFO]----------------------------------------------------------------------------------------------------

[2025-02-24 09:49:31;INFO]Current Epoch: 224 / 500 | Learning Rate : 0.0009045084971886291
[2025-02-24 09:50:00;INFO]Train | Loss : 0.181394 | ACC : 6334/6562 (96.525%)
[2025-02-24 09:50:04;INFO]Valid | Loss : 7.541128 | ACC : 492/2813 (17.490%)
[2025-02-24 09:50:04;INFO]      | Loss didn't drop!

[2025-02-24 09:50:04;INFO]best epoch: 222, best loss: 0.120503
[2025-02-24 09:50:04;INFO]----------------------------------------------------------------------------------------------------

[2025-02-24 09:50:04;INFO]Current Epoch: 225 / 500 | Learning Rate : 0.0006545084971886479
[2025-02-24 09:50:33;INFO]Train | Loss : 0.213017 | ACC : 6314/6562 (96.221%)
[2025-02-24 09:50:37;INFO]Valid | Loss : 0.513732 | ACC : 2398/2813 (85.247%)
[2025-02-24 09:50:37;INFO]      | Loss didn't drop!

[2025-02-24 09:50:37;INFO]best epoch: 222, best loss: 0.120503
[2025-02-24 09:50:37;INFO]----------------------------------------------------------------------------------------------------

[2025-02-24 09:50:37;INFO]Current Epoch: 226 / 500 | Learning Rate : 0.0
[2025-02-24 09:51:06;INFO]Train | Loss : 0.180067 | ACC : 6352/6562 (96.800%)
[2025-02-24 09:51:10;INFO]Valid | Loss : 1.988160 | ACC : 1537/2813 (54.639%)
[2025-02-24 09:51:10;INFO]      | Loss didn't drop!

[2025-02-24 09:51:10;INFO]best epoch: 222, best loss: 0.120503
[2025-02-24 09:51:10;INFO]----------------------------------------------------------------------------------------------------

[2025-02-24 09:51:10;INFO]Current Epoch: 227 / 500 | Learning Rate : 0.0006545084971871312
[2025-02-24 09:51:40;INFO]Train | Loss : 0.199836 | ACC : 6349/6562 (96.754%)
[2025-02-24 09:51:44;INFO]Valid | Loss : 5.837235 | ACC : 619/2813 (22.005%)
[2025-02-24 09:51:44;INFO]      | Loss didn't drop!

[2025-02-24 09:51:44;INFO]best epoch: 222, best loss: 0.120503
[2025-02-24 09:51:44;INFO]----------------------------------------------------------------------------------------------------

[2025-02-24 09:51:44;INFO]Current Epoch: 228 / 500 | Learning Rate : 0.0009045084971873569
[2025-02-24 09:52:13;INFO]Train | Loss : 0.364014 | ACC : 6084/6562 (92.716%)
[2025-02-24 09:52:17;INFO]Valid | Loss : 0.285865 | ACC : 2677/2813 (95.165%)
[2025-02-24 09:52:17;INFO]      | Loss didn't drop!

[2025-02-24 09:52:17;INFO]best epoch: 222, best loss: 0.120503
[2025-02-24 09:52:17;INFO]----------------------------------------------------------------------------------------------------

[2025-02-24 09:52:17;INFO]Current Epoch: 229 / 500 | Learning Rate : 9.549150281250624e-05
[2025-02-24 09:52:46;INFO]Train | Loss : 0.275105 | ACC : 6257/6562 (95.352%)
[2025-02-24 09:52:50;INFO]Valid | Loss : 0.969311 | ACC : 2035/2813 (72.343%)
[2025-02-24 09:52:50;INFO]      | Loss didn't drop!

[2025-02-24 09:52:50;INFO]best epoch: 222, best loss: 0.120503
[2025-02-24 09:52:50;INFO]----------------------------------------------------------------------------------------------------

[2025-02-24 09:52:50;INFO]Current Epoch: 230 / 500 | Learning Rate : 0.0003454915028136595
[2025-02-24 09:53:19;INFO]Train | Loss : 0.172399 | ACC : 6396/6562 (97.470%)
[2025-02-24 09:53:23;INFO]Valid | Loss : 2.892492 | ACC : 1276/2813 (45.361%)
[2025-02-24 09:53:23;INFO]      | Loss didn't drop!

[2025-02-24 09:53:23;INFO]best epoch: 222, best loss: 0.120503
[2025-02-24 09:53:23;INFO]----------------------------------------------------------------------------------------------------

[2025-02-24 09:53:23;INFO]Current Epoch: 231 / 500 | Learning Rate : 0.00099999999999807
[2025-02-24 09:53:53;INFO]Train | Loss : 0.148131 | ACC : 6410/6562 (97.684%)
[2025-02-24 09:53:57;INFO]Valid | Loss : 0.359602 | ACC : 2526/2813 (89.797%)
[2025-02-24 09:53:57;INFO]      | Loss didn't drop!

[2025-02-24 09:53:57;INFO]best epoch: 222, best loss: 0.120503
[2025-02-24 09:53:57;INFO]----------------------------------------------------------------------------------------------------

[2025-02-24 09:53:57;INFO]Current Epoch: 232 / 500 | Learning Rate : 0.0003454915028119289
[2025-02-24 09:54:26;INFO]Train | Loss : 0.145027 | ACC : 6409/6562 (97.668%)
[2025-02-24 09:54:30;INFO]Valid | Loss : 0.140774 | ACC : 2737/2813 (97.298%)
[2025-02-24 09:54:30;INFO]      | Loss didn't drop!

[2025-02-24 09:54:30;INFO]best epoch: 222, best loss: 0.120503
[2025-02-24 09:54:30;INFO]----------------------------------------------------------------------------------------------------

[2025-02-24 09:54:30;INFO]Current Epoch: 233 / 500 | Learning Rate : 9.549150281268347e-05
[2025-02-24 09:54:59;INFO]Train | Loss : 0.121271 | ACC : 6438/6562 (98.110%)
[2025-02-24 09:55:03;INFO]Valid | Loss : 5.050013 | ACC : 1119/2813 (39.780%)
[2025-02-24 09:55:03;INFO]      | Loss didn't drop!

[2025-02-24 09:55:03;INFO]best epoch: 222, best loss: 0.120503
[2025-02-24 09:55:03;INFO]----------------------------------------------------------------------------------------------------

[2025-02-24 09:55:03;INFO]Current Epoch: 234 / 500 | Learning Rate : 0.0009045084971893584
[2025-02-24 09:55:32;INFO]Train | Loss : 0.151843 | ACC : 6406/6562 (97.623%)
[2025-02-24 09:55:36;INFO]Valid | Loss : 1.904041 | ACC : 1803/2813 (64.095%)
[2025-02-24 09:55:36;INFO]      | Loss didn't drop!

[2025-02-24 09:55:36;INFO]best epoch: 222, best loss: 0.120503
[2025-02-24 09:55:36;INFO]----------------------------------------------------------------------------------------------------

[2025-02-24 09:55:36;INFO]Current Epoch: 235 / 500 | Learning Rate : 0.0006545084971891095
[2025-02-24 09:56:05;INFO]Train | Loss : 0.306218 | ACC : 6129/6562 (93.401%)
[2025-02-24 09:56:10;INFO]Valid | Loss : 0.456489 | ACC : 2413/2813 (85.780%)
[2025-02-24 09:56:10;INFO]      | Loss didn't drop!

[2025-02-24 09:56:10;INFO]best epoch: 222, best loss: 0.120503
[2025-02-24 09:56:10;INFO]----------------------------------------------------------------------------------------------------

[2025-02-24 09:56:10;INFO]Current Epoch: 236 / 500 | Learning Rate : 0.0
[2025-02-24 09:56:39;INFO]Train | Loss : 0.214410 | ACC : 6366/6562 (97.013%)
[2025-02-24 09:56:43;INFO]Valid | Loss : 1.448939 | ACC : 1660/2813 (59.012%)
[2025-02-24 09:56:43;INFO]      | Loss didn't drop!

[2025-02-24 09:56:43;INFO]best epoch: 222, best loss: 0.120503
[2025-02-24 09:56:43;INFO]----------------------------------------------------------------------------------------------------

[2025-02-24 09:56:43;INFO]Current Epoch: 237 / 500 | Learning Rate : 0.0006545084971876564
[2025-02-24 09:57:12;INFO]Train | Loss : 0.185602 | ACC : 6373/6562 (97.120%)
[2025-02-24 09:57:16;INFO]Valid | Loss : 3.199703 | ACC : 1188/2813 (42.232%)
[2025-02-24 09:57:16;INFO]      | Loss didn't drop!

[2025-02-24 09:57:16;INFO]best epoch: 222, best loss: 0.120503
[2025-02-24 09:57:16;INFO]----------------------------------------------------------------------------------------------------

[2025-02-24 09:57:16;INFO]Current Epoch: 238 / 500 | Learning Rate : 0.0009045084971880435
[2025-02-24 09:57:45;INFO]Train | Loss : 0.222611 | ACC : 6312/6562 (96.190%)
[2025-02-24 09:57:49;INFO]Valid | Loss : 0.660538 | ACC : 2214/2813 (78.706%)
[2025-02-24 09:57:49;INFO]      | Loss didn't drop!

[2025-02-24 09:57:49;INFO]best epoch: 222, best loss: 0.120503
[2025-02-24 09:57:49;INFO]----------------------------------------------------------------------------------------------------

[2025-02-24 09:57:49;INFO]Current Epoch: 239 / 500 | Learning Rate : 9.54915028129287e-05
[2025-02-24 09:58:19;INFO]Train | Loss : 0.151040 | ACC : 6406/6562 (97.623%)
[2025-02-24 09:58:23;INFO]Valid | Loss : 0.196537 | ACC : 2675/2813 (95.094%)
[2025-02-24 09:58:23;INFO]      | Loss didn't drop!

[2025-02-24 09:58:23;INFO]best epoch: 222, best loss: 0.120503
[2025-02-24 09:58:23;INFO]----------------------------------------------------------------------------------------------------

[2025-02-24 09:58:23;INFO]Current Epoch: 240 / 500 | Learning Rate : 0.000345491502811979
[2025-02-24 09:58:52;INFO]Train | Loss : 0.293721 | ACC : 6210/6562 (94.636%)
[2025-02-24 09:58:56;INFO]Valid | Loss : 3.453119 | ACC : 1331/2813 (47.316%)
[2025-02-24 09:58:56;INFO]      | Loss didn't drop!

[2025-02-24 09:58:56;INFO]best epoch: 222, best loss: 0.120503
[2025-02-24 09:58:56;INFO]----------------------------------------------------------------------------------------------------

[2025-02-24 09:58:56;INFO]Current Epoch: 241 / 500 | Learning Rate : 0.001000000000001632
[2025-02-24 09:59:25;INFO]Train | Loss : 0.226606 | ACC : 6270/6562 (95.550%)
[2025-02-24 09:59:29;INFO]Valid | Loss : 1.251501 | ACC : 1920/2813 (68.255%)
[2025-02-24 09:59:29;INFO]      | Loss didn't drop!

[2025-02-24 09:59:29;INFO]best epoch: 222, best loss: 0.120503
[2025-02-24 09:59:29;INFO]----------------------------------------------------------------------------------------------------

[2025-02-24 09:59:29;INFO]Current Epoch: 242 / 500 | Learning Rate : 0.00034549150281318455
[2025-02-24 09:59:58;INFO]Train | Loss : 0.351112 | ACC : 6095/6562 (92.883%)
[2025-02-24 10:00:02;INFO]Valid | Loss : 0.481976 | ACC : 2348/2813 (83.470%)
[2025-02-24 10:00:02;INFO]      | Loss didn't drop!

[2025-02-24 10:00:02;INFO]best epoch: 222, best loss: 0.120503
[2025-02-24 10:00:02;INFO]----------------------------------------------------------------------------------------------------

[2025-02-24 10:00:02;INFO]Current Epoch: 243 / 500 | Learning Rate : 9.549150281279842e-05
[2025-02-24 10:00:32;INFO]Train | Loss : 0.216772 | ACC : 6357/6562 (96.876%)
[2025-02-24 10:00:36;INFO]Valid | Loss : 7.567017 | ACC : 866/2813 (30.786%)
[2025-02-24 10:00:36;INFO]      | Loss didn't drop!

[2025-02-24 10:00:36;INFO]best epoch: 222, best loss: 0.120503
[2025-02-24 10:00:36;INFO]----------------------------------------------------------------------------------------------------

[2025-02-24 10:00:36;INFO]Current Epoch: 244 / 500 | Learning Rate : 0.0009045084971872698
[2025-02-24 10:01:05;INFO]Train | Loss : 0.182955 | ACC : 6372/6562 (97.105%)
[2025-02-24 10:01:09;INFO]Valid | Loss : 2.501132 | ACC : 1234/2813 (43.868%)
[2025-02-24 10:01:09;INFO]      | Loss didn't drop!

[2025-02-24 10:01:09;INFO]best epoch: 222, best loss: 0.120503
[2025-02-24 10:01:09;INFO]----------------------------------------------------------------------------------------------------

[2025-02-24 10:01:09;INFO]Current Epoch: 245 / 500 | Learning Rate : 0.0006545084971875747
[2025-02-24 10:01:38;INFO]Train | Loss : 0.136037 | ACC : 6431/6562 (98.004%)
[2025-02-24 10:01:42;INFO]Valid | Loss : 0.181062 | ACC : 2683/2813 (95.379%)
[2025-02-24 10:01:42;INFO]      | Loss didn't drop!

[2025-02-24 10:01:42;INFO]best epoch: 222, best loss: 0.120503
[2025-02-24 10:01:42;INFO]----------------------------------------------------------------------------------------------------

[2025-02-24 10:01:42;INFO]Current Epoch: 246 / 500 | Learning Rate : 0.0
[2025-02-24 10:02:11;INFO]Train | Loss : 0.125581 | ACC : 6439/6562 (98.126%)
[2025-02-24 10:02:15;INFO]Valid | Loss : 1.692515 | ACC : 1613/2813 (57.341%)
[2025-02-24 10:02:15;INFO]      | Loss didn't drop!

[2025-02-24 10:02:15;INFO]best epoch: 222, best loss: 0.120503
[2025-02-24 10:02:15;INFO]----------------------------------------------------------------------------------------------------

[2025-02-24 10:02:15;INFO]Current Epoch: 247 / 500 | Learning Rate : 0.0006545084971899626
[2025-02-24 10:02:45;INFO]Train | Loss : 0.118701 | ACC : 6443/6562 (98.187%)
[2025-02-24 10:02:49;INFO]Valid | Loss : 3.966171 | ACC : 1226/2813 (43.583%)
[2025-02-24 10:02:49;INFO]      | Loss didn't drop!

[2025-02-24 10:02:49;INFO]best epoch: 222, best loss: 0.120503
[2025-02-24 10:02:49;INFO]----------------------------------------------------------------------------------------------------

[2025-02-24 10:02:49;INFO]Current Epoch: 248 / 500 | Learning Rate : 0.0009045084971859265
[2025-02-24 10:03:18;INFO]Train | Loss : 0.150513 | ACC : 6410/6562 (97.684%)
[2025-02-24 10:03:22;INFO]Valid | Loss : 0.180909 | ACC : 2678/2813 (95.201%)
[2025-02-24 10:03:22;INFO]      | Loss didn't drop!

[2025-02-24 10:03:22;INFO]best epoch: 222, best loss: 0.120503
[2025-02-24 10:03:22;INFO]----------------------------------------------------------------------------------------------------

[2025-02-24 10:03:22;INFO]Current Epoch: 249 / 500 | Learning Rate : 9.549150281245702e-05
[2025-02-24 10:03:51;INFO]Train | Loss : 0.131685 | ACC : 6434/6562 (98.049%)
[2025-02-24 10:03:55;INFO]Valid | Loss : 1.358647 | ACC : 2014/2813 (71.596%)
[2025-02-24 10:03:55;INFO]      | Loss didn't drop!

[2025-02-24 10:03:55;INFO]best epoch: 222, best loss: 0.120503
[2025-02-24 10:03:55;INFO]----------------------------------------------------------------------------------------------------

[2025-02-24 10:03:55;INFO]Current Epoch: 250 / 500 | Learning Rate : 0.00034549150281318444
[2025-02-24 10:04:24;INFO]Train | Loss : 0.134802 | ACC : 6401/6562 (97.546%)
[2025-02-24 10:04:28;INFO]Valid | Loss : 7.070230 | ACC : 618/2813 (21.969%)
[2025-02-24 10:04:28;INFO]      | Loss didn't drop!

[2025-02-24 10:04:28;INFO]best epoch: 222, best loss: 0.120503
[2025-02-24 10:04:28;INFO]----------------------------------------------------------------------------------------------------

[2025-02-24 10:04:28;INFO]Current Epoch: 251 / 500 | Learning Rate : 0.001000000000002308
[2025-02-24 10:04:57;INFO]Train | Loss : 0.245068 | ACC : 6259/6562 (95.383%)
[2025-02-24 10:05:02;INFO]Valid | Loss : 3.294424 | ACC : 1152/2813 (40.953%)
[2025-02-24 10:05:02;INFO]      | Loss didn't drop!

[2025-02-24 10:05:02;INFO]best epoch: 222, best loss: 0.120503
[2025-02-24 10:05:02;INFO]----------------------------------------------------------------------------------------------------

[2025-02-24 10:05:02;INFO]Current Epoch: 252 / 500 | Learning Rate : 0.00034549150281355166
[2025-02-24 10:05:31;INFO]Train | Loss : 0.154972 | ACC : 6409/6562 (97.668%)
[2025-02-24 10:05:35;INFO]Valid | Loss : 0.120827 | ACC : 2747/2813 (97.654%)
[2025-02-24 10:05:35;INFO]      | Loss didn't drop!

[2025-02-24 10:05:35;INFO]best epoch: 222, best loss: 0.120503
[2025-02-24 10:05:35;INFO]----------------------------------------------------------------------------------------------------

[2025-02-24 10:05:35;INFO]Current Epoch: 253 / 500 | Learning Rate : 9.54915028125042e-05
[2025-02-24 10:06:04;INFO]Train | Loss : 0.127104 | ACC : 6428/6562 (97.958%)
[2025-02-24 10:06:08;INFO]Valid | Loss : 3.811383 | ACC : 1210/2813 (43.015%)
[2025-02-24 10:06:08;INFO]      | Loss didn't drop!

[2025-02-24 10:06:08;INFO]best epoch: 222, best loss: 0.120503
[2025-02-24 10:06:08;INFO]----------------------------------------------------------------------------------------------------

[2025-02-24 10:06:08;INFO]Current Epoch: 254 / 500 | Learning Rate : 0.0009045084971905429
[2025-02-24 10:06:37;INFO]Train | Loss : 0.290523 | ACC : 6136/6562 (93.508%)
[2025-02-24 10:06:41;INFO]Valid | Loss : 2.537575 | ACC : 1348/2813 (47.920%)
[2025-02-24 10:06:41;INFO]      | Loss didn't drop!

[2025-02-24 10:06:41;INFO]best epoch: 222, best loss: 0.120503
[2025-02-24 10:06:41;INFO]----------------------------------------------------------------------------------------------------

[2025-02-24 10:06:41;INFO]Current Epoch: 255 / 500 | Learning Rate : 0.0006545084971881508
[2025-02-24 10:07:10;INFO]Train | Loss : 0.142772 | ACC : 6409/6562 (97.668%)
[2025-02-24 10:07:15;INFO]Valid | Loss : 0.514246 | ACC : 2214/2813 (78.706%)
[2025-02-24 10:07:15;INFO]      | Loss didn't drop!

[2025-02-24 10:07:15;INFO]best epoch: 222, best loss: 0.120503
[2025-02-24 10:07:15;INFO]----------------------------------------------------------------------------------------------------

[2025-02-24 10:07:15;INFO]Current Epoch: 256 / 500 | Learning Rate : 0.0
[2025-02-24 10:07:44;INFO]Train | Loss : 0.348692 | ACC : 6089/6562 (92.792%)
[2025-02-24 10:07:48;INFO]Valid | Loss : 1.710526 | ACC : 1416/2813 (50.338%)
[2025-02-24 10:07:48;INFO]      | Loss didn't drop!

[2025-02-24 10:07:48;INFO]best epoch: 222, best loss: 0.120503
[2025-02-24 10:07:48;INFO]----------------------------------------------------------------------------------------------------

[2025-02-24 10:07:48;INFO]Current Epoch: 257 / 500 | Learning Rate : 0.0006545084971865972
[2025-02-24 10:08:17;INFO]Train | Loss : 0.197580 | ACC : 6335/6562 (96.541%)
[2025-02-24 10:08:21;INFO]Valid | Loss : 4.718503 | ACC : 1129/2813 (40.135%)
[2025-02-24 10:08:21;INFO]      | Loss didn't drop!

[2025-02-24 10:08:21;INFO]best epoch: 222, best loss: 0.120503
[2025-02-24 10:08:21;INFO]----------------------------------------------------------------------------------------------------

[2025-02-24 10:08:21;INFO]Current Epoch: 258 / 500 | Learning Rate : 0.0009045084971891639
[2025-02-24 10:08:50;INFO]Train | Loss : 0.189525 | ACC : 6334/6562 (96.525%)
[2025-02-24 10:08:54;INFO]Valid | Loss : 2.790630 | ACC : 1205/2813 (42.837%)
[2025-02-24 10:08:54;INFO]      | Loss didn't drop!

[2025-02-24 10:08:54;INFO]best epoch: 222, best loss: 0.120503
[2025-02-24 10:08:54;INFO]----------------------------------------------------------------------------------------------------

[2025-02-24 10:08:54;INFO]Current Epoch: 259 / 500 | Learning Rate : 9.549150281240342e-05
[2025-02-24 10:09:23;INFO]Train | Loss : 0.139350 | ACC : 6408/6562 (97.653%)
[2025-02-24 10:09:28;INFO]Valid | Loss : 2.338468 | ACC : 1509/2813 (53.644%)
[2025-02-24 10:09:28;INFO]      | Loss didn't drop!

[2025-02-24 10:09:28;INFO]best epoch: 222, best loss: 0.120503
[2025-02-24 10:09:28;INFO]----------------------------------------------------------------------------------------------------

[2025-02-24 10:09:28;INFO]Current Epoch: 260 / 500 | Learning Rate : 0.0003454915028143901
[2025-02-24 10:09:57;INFO]Train | Loss : 0.187363 | ACC : 6356/6562 (96.861%)
[2025-02-24 10:10:01;INFO]Valid | Loss : 1.445084 | ACC : 1835/2813 (65.233%)
[2025-02-24 10:10:01;INFO]      | Loss didn't drop!

[2025-02-24 10:10:01;INFO]best epoch: 222, best loss: 0.120503
[2025-02-24 10:10:01;INFO]----------------------------------------------------------------------------------------------------

[2025-02-24 10:10:01;INFO]Current Epoch: 261 / 500 | Learning Rate : 0.0009999999999971954
[2025-02-24 10:10:30;INFO]Train | Loss : 0.206082 | ACC : 6305/6562 (96.084%)
[2025-02-24 10:10:34;INFO]Valid | Loss : 1.779985 | ACC : 1596/2813 (56.737%)
[2025-02-24 10:10:34;INFO]      | Loss didn't drop!

[2025-02-24 10:10:34;INFO]best epoch: 222, best loss: 0.120503
[2025-02-24 10:10:34;INFO]----------------------------------------------------------------------------------------------------

[2025-02-24 10:10:34;INFO]Current Epoch: 262 / 500 | Learning Rate : 0.0003454915028125941
[2025-02-24 10:11:03;INFO]Train | Loss : 0.113836 | ACC : 6453/6562 (98.339%)
[2025-02-24 10:11:07;INFO]Valid | Loss : 0.086002 | ACC : 2779/2813 (98.791%)
[2025-02-24 10:11:07;INFO]      | Loss dropped from 0.120503 to 0.086002, model has been saved!

[2025-02-24 10:11:07;INFO]best epoch: 262, best loss: 0.086002
[2025-02-24 10:11:07;INFO]----------------------------------------------------------------------------------------------------

[2025-02-24 10:11:07;INFO]Current Epoch: 263 / 500 | Learning Rate : 9.549150281255326e-05
[2025-02-24 10:11:36;INFO]Train | Loss : 0.114417 | ACC : 6428/6562 (97.958%)
[2025-02-24 10:11:41;INFO]Valid | Loss : 5.425160 | ACC : 863/2813 (30.679%)
[2025-02-24 10:11:41;INFO]      | Loss didn't drop!

[2025-02-24 10:11:41;INFO]best epoch: 262, best loss: 0.086002
[2025-02-24 10:11:41;INFO]----------------------------------------------------------------------------------------------------

[2025-02-24 10:11:41;INFO]Current Epoch: 264 / 500 | Learning Rate : 0.0009045084971911392
[2025-02-24 10:12:10;INFO]Train | Loss : 0.187850 | ACC : 6340/6562 (96.617%)
[2025-02-24 10:12:14;INFO]Valid | Loss : 4.463197 | ACC : 1016/2813 (36.118%)
[2025-02-24 10:12:14;INFO]      | Loss didn't drop!

[2025-02-24 10:12:14;INFO]best epoch: 262, best loss: 0.086002
[2025-02-24 10:12:14;INFO]----------------------------------------------------------------------------------------------------

[2025-02-24 10:12:14;INFO]Current Epoch: 265 / 500 | Learning Rate : 0.0006545084971884021
[2025-02-24 10:12:43;INFO]Train | Loss : 0.274739 | ACC : 6180/6562 (94.179%)
[2025-02-24 10:12:47;INFO]Valid | Loss : 1.475693 | ACC : 1646/2813 (58.514%)
[2025-02-24 10:12:47;INFO]      | Loss didn't drop!

[2025-02-24 10:12:47;INFO]best epoch: 262, best loss: 0.086002
[2025-02-24 10:12:47;INFO]----------------------------------------------------------------------------------------------------

[2025-02-24 10:12:47;INFO]Current Epoch: 266 / 500 | Learning Rate : 0.0
[2025-02-24 10:13:16;INFO]Train | Loss : 0.127439 | ACC : 6430/6562 (97.988%)
[2025-02-24 10:13:20;INFO]Valid | Loss : 1.129779 | ACC : 2058/2813 (73.160%)
[2025-02-24 10:13:20;INFO]      | Loss didn't drop!

[2025-02-24 10:13:20;INFO]best epoch: 262, best loss: 0.086002
[2025-02-24 10:13:20;INFO]----------------------------------------------------------------------------------------------------

[2025-02-24 10:13:20;INFO]Current Epoch: 267 / 500 | Learning Rate : 0.0006545084971870086
[2025-02-24 10:13:49;INFO]Train | Loss : 0.171472 | ACC : 6330/6562 (96.464%)
[2025-02-24 10:13:54;INFO]Valid | Loss : 2.868314 | ACC : 1079/2813 (38.358%)
[2025-02-24 10:13:54;INFO]      | Loss didn't drop!

[2025-02-24 10:13:54;INFO]best epoch: 262, best loss: 0.086002
[2025-02-24 10:13:54;INFO]----------------------------------------------------------------------------------------------------

[2025-02-24 10:13:54;INFO]Current Epoch: 268 / 500 | Learning Rate : 0.0009045084971897828
[2025-02-24 10:14:23;INFO]Train | Loss : 0.192928 | ACC : 6349/6562 (96.754%)
[2025-02-24 10:14:27;INFO]Valid | Loss : 0.402336 | ACC : 2453/2813 (87.202%)
[2025-02-24 10:14:27;INFO]      | Loss didn't drop!

[2025-02-24 10:14:27;INFO]best epoch: 262, best loss: 0.086002
[2025-02-24 10:14:27;INFO]----------------------------------------------------------------------------------------------------

[2025-02-24 10:14:27;INFO]Current Epoch: 269 / 500 | Learning Rate : 9.549150281261641e-05
[2025-02-24 10:14:56;INFO]Train | Loss : 0.237318 | ACC : 6254/6562 (95.306%)
[2025-02-24 10:15:00;INFO]Valid | Loss : 0.526649 | ACC : 2332/2813 (82.901%)
[2025-02-24 10:15:00;INFO]      | Loss didn't drop!

[2025-02-24 10:15:00;INFO]best epoch: 262, best loss: 0.086002
[2025-02-24 10:15:00;INFO]----------------------------------------------------------------------------------------------------

[2025-02-24 10:15:00;INFO]Current Epoch: 270 / 500 | Learning Rate : 0.0003454915028126015
[2025-02-24 10:15:29;INFO]Train | Loss : 0.154976 | ACC : 6388/6562 (97.348%)
[2025-02-24 10:15:33;INFO]Valid | Loss : 1.431317 | ACC : 1765/2813 (62.744%)
[2025-02-24 10:15:33;INFO]      | Loss didn't drop!

[2025-02-24 10:15:33;INFO]best epoch: 262, best loss: 0.086002
[2025-02-24 10:15:33;INFO]----------------------------------------------------------------------------------------------------

[2025-02-24 10:15:33;INFO]Current Epoch: 271 / 500 | Learning Rate : 0.0010000000000036518
[2025-02-24 10:16:02;INFO]Train | Loss : 0.155077 | ACC : 6372/6562 (97.105%)
[2025-02-24 10:16:07;INFO]Valid | Loss : 0.345818 | ACC : 2546/2813 (90.508%)
[2025-02-24 10:16:07;INFO]      | Loss didn't drop!

[2025-02-24 10:16:07;INFO]best epoch: 262, best loss: 0.086002
[2025-02-24 10:16:07;INFO]----------------------------------------------------------------------------------------------------

[2025-02-24 10:16:07;INFO]Current Epoch: 272 / 500 | Learning Rate : 0.00034549150281285284
[2025-02-24 10:16:36;INFO]Train | Loss : 0.166485 | ACC : 6367/6562 (97.028%)
[2025-02-24 10:16:40;INFO]Valid | Loss : 0.223227 | ACC : 2591/2813 (92.108%)
[2025-02-24 10:16:40;INFO]      | Loss didn't drop!

[2025-02-24 10:16:40;INFO]best epoch: 262, best loss: 0.086002
[2025-02-24 10:16:40;INFO]----------------------------------------------------------------------------------------------------

[2025-02-24 10:16:40;INFO]Current Epoch: 273 / 500 | Learning Rate : 9.549150281273505e-05
[2025-02-24 10:17:09;INFO]Train | Loss : 0.103997 | ACC : 6439/6562 (98.126%)
[2025-02-24 10:17:13;INFO]Valid | Loss : 9.168787 | ACC : 818/2813 (29.079%)
[2025-02-24 10:17:13;INFO]      | Loss didn't drop!

[2025-02-24 10:17:13;INFO]best epoch: 262, best loss: 0.086002
[2025-02-24 10:17:13;INFO]----------------------------------------------------------------------------------------------------

[2025-02-24 10:17:13;INFO]Current Epoch: 274 / 500 | Learning Rate : 0.0009045084971864985
[2025-02-24 10:17:42;INFO]Train | Loss : 0.121109 | ACC : 6431/6562 (98.004%)
[2025-02-24 10:17:46;INFO]Valid | Loss : 1.546864 | ACC : 1909/2813 (67.863%)
[2025-02-24 10:17:46;INFO]      | Loss didn't drop!

[2025-02-24 10:17:46;INFO]best epoch: 262, best loss: 0.086002
[2025-02-24 10:17:46;INFO]----------------------------------------------------------------------------------------------------

[2025-02-24 10:17:46;INFO]Current Epoch: 275 / 500 | Learning Rate : 0.0006545084971888639
[2025-02-24 10:18:15;INFO]Train | Loss : 0.127723 | ACC : 6405/6562 (97.607%)
[2025-02-24 10:18:20;INFO]Valid | Loss : 0.178570 | ACC : 2634/2813 (93.637%)
[2025-02-24 10:18:20;INFO]      | Loss didn't drop!

[2025-02-24 10:18:20;INFO]best epoch: 262, best loss: 0.086002
[2025-02-24 10:18:20;INFO]----------------------------------------------------------------------------------------------------

[2025-02-24 10:18:20;INFO]Current Epoch: 276 / 500 | Learning Rate : 0.0
[2025-02-24 10:18:49;INFO]Train | Loss : 0.126530 | ACC : 6422/6562 (97.867%)
[2025-02-24 10:18:53;INFO]Valid | Loss : 4.027690 | ACC : 1177/2813 (41.841%)
[2025-02-24 10:18:53;INFO]      | Loss didn't drop!

[2025-02-24 10:18:53;INFO]best epoch: 262, best loss: 0.086002
[2025-02-24 10:18:53;INFO]----------------------------------------------------------------------------------------------------

[2025-02-24 10:18:53;INFO]Current Epoch: 277 / 500 | Learning Rate : 0.000654508497187426
[2025-02-24 10:19:22;INFO]Train | Loss : 0.167211 | ACC : 6371/6562 (97.089%)
[2025-02-24 10:19:26;INFO]Valid | Loss : 1.322215 | ACC : 1854/2813 (65.908%)
[2025-02-24 10:19:26;INFO]      | Loss didn't drop!

[2025-02-24 10:19:26;INFO]best epoch: 262, best loss: 0.086002
[2025-02-24 10:19:26;INFO]----------------------------------------------------------------------------------------------------

[2025-02-24 10:19:26;INFO]Current Epoch: 278 / 500 | Learning Rate : 0.0009045084971851819
[2025-02-24 10:19:55;INFO]Train | Loss : 0.100643 | ACC : 6458/6562 (98.415%)
[2025-02-24 10:19:59;INFO]Valid | Loss : 2.319112 | ACC : 1552/2813 (55.172%)
[2025-02-24 10:19:59;INFO]      | Loss didn't drop!

[2025-02-24 10:19:59;INFO]best epoch: 262, best loss: 0.086002
[2025-02-24 10:19:59;INFO]----------------------------------------------------------------------------------------------------

[2025-02-24 10:19:59;INFO]Current Epoch: 279 / 500 | Learning Rate : 9.549150281256284e-05
[2025-02-24 10:20:28;INFO]Train | Loss : 0.103733 | ACC : 6443/6562 (98.187%)
[2025-02-24 10:20:32;INFO]Valid | Loss : 0.113382 | ACC : 2720/2813 (96.694%)
[2025-02-24 10:20:32;INFO]      | Loss didn't drop!

[2025-02-24 10:20:32;INFO]best epoch: 262, best loss: 0.086002
[2025-02-24 10:20:32;INFO]----------------------------------------------------------------------------------------------------

[2025-02-24 10:20:32;INFO]Current Epoch: 280 / 500 | Learning Rate : 0.000345491502812807
[2025-02-24 10:21:02;INFO]Train | Loss : 0.090932 | ACC : 6466/6562 (98.537%)
[2025-02-24 10:21:06;INFO]Valid | Loss : 1.832910 | ACC : 1637/2813 (58.194%)
[2025-02-24 10:21:06;INFO]      | Loss didn't drop!

[2025-02-24 10:21:06;INFO]best epoch: 262, best loss: 0.086002
[2025-02-24 10:21:06;INFO]----------------------------------------------------------------------------------------------------

[2025-02-24 10:21:06;INFO]Current Epoch: 281 / 500 | Learning Rate : 0.00100000000000432
[2025-02-24 10:21:35;INFO]Train | Loss : 0.136060 | ACC : 6377/6562 (97.181%)
[2025-02-24 10:21:39;INFO]Valid | Loss : 2.270141 | ACC : 1583/2813 (56.274%)
[2025-02-24 10:21:39;INFO]      | Loss didn't drop!

[2025-02-24 10:21:39;INFO]best epoch: 262, best loss: 0.086002
[2025-02-24 10:21:39;INFO]----------------------------------------------------------------------------------------------------

[2025-02-24 10:21:39;INFO]Current Epoch: 282 / 500 | Learning Rate : 0.00034549150281332496
[2025-02-24 10:22:08;INFO]Train | Loss : 0.255856 | ACC : 6182/6562 (94.209%)
[2025-02-24 10:22:12;INFO]Valid | Loss : 0.729684 | ACC : 2053/2813 (72.983%)
[2025-02-24 10:22:12;INFO]      | Loss didn't drop!

[2025-02-24 10:22:12;INFO]best epoch: 262, best loss: 0.086002
[2025-02-24 10:22:12;INFO]----------------------------------------------------------------------------------------------------

[2025-02-24 10:22:12;INFO]Current Epoch: 283 / 500 | Learning Rate : 9.549150281265047e-05
[2025-02-24 10:22:41;INFO]Train | Loss : 0.144132 | ACC : 6411/6562 (97.699%)
[2025-02-24 10:22:45;INFO]Valid | Loss : 0.642180 | ACC : 2207/2813 (78.457%)
[2025-02-24 10:22:45;INFO]      | Loss didn't drop!

[2025-02-24 10:22:45;INFO]best epoch: 262, best loss: 0.086002
[2025-02-24 10:22:45;INFO]----------------------------------------------------------------------------------------------------

[2025-02-24 10:22:45;INFO]Current Epoch: 284 / 500 | Learning Rate : 0.0009045084971870948
[2025-02-24 10:23:15;INFO]Train | Loss : 0.105730 | ACC : 6446/6562 (98.232%)
[2025-02-24 10:23:19;INFO]Valid | Loss : 2.004069 | ACC : 1615/2813 (57.412%)
[2025-02-24 10:23:19;INFO]      | Loss didn't drop!

[2025-02-24 10:23:19;INFO]best epoch: 262, best loss: 0.086002
[2025-02-24 10:23:19;INFO]----------------------------------------------------------------------------------------------------

[2025-02-24 10:23:19;INFO]Current Epoch: 285 / 500 | Learning Rate : 0.0006545084971893315
[2025-02-24 10:23:48;INFO]Train | Loss : 0.234836 | ACC : 6223/6562 (94.834%)
[2025-02-24 10:23:52;INFO]Valid | Loss : 1.501666 | ACC : 1730/2813 (61.500%)
[2025-02-24 10:23:52;INFO]      | Loss didn't drop!

[2025-02-24 10:23:52;INFO]best epoch: 262, best loss: 0.086002
[2025-02-24 10:23:52;INFO]----------------------------------------------------------------------------------------------------

[2025-02-24 10:23:52;INFO]Current Epoch: 286 / 500 | Learning Rate : 0.0
[2025-02-24 10:24:21;INFO]Train | Loss : 0.135728 | ACC : 6435/6562 (98.065%)
[2025-02-24 10:24:25;INFO]Valid | Loss : 2.507232 | ACC : 1429/2813 (50.800%)
[2025-02-24 10:24:25;INFO]      | Loss didn't drop!

[2025-02-24 10:24:25;INFO]best epoch: 262, best loss: 0.086002
[2025-02-24 10:24:25;INFO]----------------------------------------------------------------------------------------------------

[2025-02-24 10:24:25;INFO]Current Epoch: 287 / 500 | Learning Rate : 0.0006545084971880595
[2025-02-24 10:24:54;INFO]Train | Loss : 0.235559 | ACC : 6274/6562 (95.611%)
[2025-02-24 10:24:58;INFO]Valid | Loss : 1.312607 | ACC : 1668/2813 (59.296%)
[2025-02-24 10:24:58;INFO]      | Loss didn't drop!

[2025-02-24 10:24:58;INFO]best epoch: 262, best loss: 0.086002
[2025-02-24 10:24:58;INFO]----------------------------------------------------------------------------------------------------

[2025-02-24 10:24:58;INFO]Current Epoch: 288 / 500 | Learning Rate : 0.0009045084971910287
[2025-02-24 10:25:27;INFO]Train | Loss : 0.115858 | ACC : 6429/6562 (97.973%)
[2025-02-24 10:25:32;INFO]Valid | Loss : 0.418863 | ACC : 2441/2813 (86.776%)
[2025-02-24 10:25:32;INFO]      | Loss didn't drop!

[2025-02-24 10:25:32;INFO]best epoch: 262, best loss: 0.086002
[2025-02-24 10:25:32;INFO]----------------------------------------------------------------------------------------------------

[2025-02-24 10:25:32;INFO]Current Epoch: 289 / 500 | Learning Rate : 9.549150281264207e-05
[2025-02-24 10:26:01;INFO]Train | Loss : 0.094477 | ACC : 6452/6562 (98.324%)
[2025-02-24 10:26:05;INFO]Valid | Loss : 0.176808 | ACC : 2660/2813 (94.561%)
[2025-02-24 10:26:05;INFO]      | Loss didn't drop!

[2025-02-24 10:26:05;INFO]best epoch: 262, best loss: 0.086002
[2025-02-24 10:26:05;INFO]----------------------------------------------------------------------------------------------------

[2025-02-24 10:26:05;INFO]Current Epoch: 290 / 500 | Learning Rate : 0.00034549150281323155
[2025-02-24 10:26:34;INFO]Train | Loss : 0.106991 | ACC : 6446/6562 (98.232%)
[2025-02-24 10:26:38;INFO]Valid | Loss : 6.992868 | ACC : 518/2813 (18.415%)
[2025-02-24 10:26:38;INFO]      | Loss didn't drop!

[2025-02-24 10:26:38;INFO]best epoch: 262, best loss: 0.086002
[2025-02-24 10:26:38;INFO]----------------------------------------------------------------------------------------------------

[2025-02-24 10:26:38;INFO]Current Epoch: 291 / 500 | Learning Rate : 0.0009999999999992157
[2025-02-24 10:27:07;INFO]Train | Loss : 0.215266 | ACC : 6265/6562 (95.474%)
[2025-02-24 10:27:11;INFO]Valid | Loss : 3.302376 | ACC : 1372/2813 (48.774%)
[2025-02-24 10:27:11;INFO]      | Loss didn't drop!

[2025-02-24 10:27:11;INFO]best epoch: 262, best loss: 0.086002
[2025-02-24 10:27:11;INFO]----------------------------------------------------------------------------------------------------

[2025-02-24 10:27:11;INFO]Current Epoch: 292 / 500 | Learning Rate : 0.0003454915028133676
[2025-02-24 10:27:40;INFO]Train | Loss : 0.213446 | ACC : 6283/6562 (95.748%)
[2025-02-24 10:27:44;INFO]Valid | Loss : 0.389072 | ACC : 2482/2813 (88.233%)
[2025-02-24 10:27:44;INFO]      | Loss didn't drop!

[2025-02-24 10:27:44;INFO]best epoch: 262, best loss: 0.086002
[2025-02-24 10:27:44;INFO]----------------------------------------------------------------------------------------------------

[2025-02-24 10:27:44;INFO]Current Epoch: 293 / 500 | Learning Rate : 9.549150281269949e-05
[2025-02-24 10:28:14;INFO]Train | Loss : 0.174881 | ACC : 6361/6562 (96.937%)
[2025-02-24 10:28:18;INFO]Valid | Loss : 3.418475 | ACC : 1254/2813 (44.579%)
[2025-02-24 10:28:18;INFO]      | Loss didn't drop!

[2025-02-24 10:28:18;INFO]best epoch: 262, best loss: 0.086002
[2025-02-24 10:28:18;INFO]----------------------------------------------------------------------------------------------------

[2025-02-24 10:28:18;INFO]Current Epoch: 294 / 500 | Learning Rate : 0.000904508497187691
[2025-02-24 10:28:47;INFO]Train | Loss : 0.126572 | ACC : 6416/6562 (97.775%)
[2025-02-24 10:28:51;INFO]Valid | Loss : 9.891089 | ACC : 463/2813 (16.459%)
[2025-02-24 10:28:51;INFO]      | Loss didn't drop!

[2025-02-24 10:28:51;INFO]best epoch: 262, best loss: 0.086002
[2025-02-24 10:28:51;INFO]----------------------------------------------------------------------------------------------------

[2025-02-24 10:28:51;INFO]Current Epoch: 295 / 500 | Learning Rate : 0.0006545084971860166
[2025-02-24 10:29:20;INFO]Train | Loss : 0.192859 | ACC : 6318/6562 (96.282%)
[2025-02-24 10:29:24;INFO]Valid | Loss : 0.303593 | ACC : 2553/2813 (90.757%)
[2025-02-24 10:29:24;INFO]      | Loss didn't drop!

[2025-02-24 10:29:24;INFO]best epoch: 262, best loss: 0.086002
[2025-02-24 10:29:24;INFO]----------------------------------------------------------------------------------------------------

[2025-02-24 10:29:24;INFO]Current Epoch: 296 / 500 | Learning Rate : 0.0
[2025-02-24 10:29:53;INFO]Train | Loss : 0.102462 | ACC : 6447/6562 (98.247%)
[2025-02-24 10:29:57;INFO]Valid | Loss : 0.420684 | ACC : 2447/2813 (86.989%)
[2025-02-24 10:29:57;INFO]      | Loss didn't drop!

[2025-02-24 10:29:57;INFO]best epoch: 262, best loss: 0.086002
[2025-02-24 10:29:57;INFO]----------------------------------------------------------------------------------------------------

[2025-02-24 10:29:57;INFO]Current Epoch: 297 / 500 | Learning Rate : 0.0006545084971882551
[2025-02-24 10:30:26;INFO]Train | Loss : 0.101232 | ACC : 6454/6562 (98.354%)
[2025-02-24 10:30:31;INFO]Valid | Loss : 1.440557 | ACC : 1738/2813 (61.785%)
[2025-02-24 10:30:31;INFO]      | Loss didn't drop!

[2025-02-24 10:30:31;INFO]best epoch: 262, best loss: 0.086002
[2025-02-24 10:30:31;INFO]----------------------------------------------------------------------------------------------------

[2025-02-24 10:30:31;INFO]Current Epoch: 298 / 500 | Learning Rate : 0.000904508497191657
[2025-02-24 10:31:00;INFO]Train | Loss : 0.219712 | ACC : 6308/6562 (96.129%)
[2025-02-24 10:31:04;INFO]Valid | Loss : 0.986929 | ACC : 2049/2813 (72.840%)
[2025-02-24 10:31:04;INFO]      | Loss didn't drop!

[2025-02-24 10:31:04;INFO]best epoch: 262, best loss: 0.086002
[2025-02-24 10:31:04;INFO]----------------------------------------------------------------------------------------------------

[2025-02-24 10:31:04;INFO]Current Epoch: 299 / 500 | Learning Rate : 9.549150281272223e-05
[2025-02-24 10:31:33;INFO]Train | Loss : 0.259946 | ACC : 6230/6562 (94.941%)
[2025-02-24 10:31:37;INFO]Valid | Loss : 0.955213 | ACC : 2037/2813 (72.414%)
[2025-02-24 10:31:37;INFO]      | Loss didn't drop!

[2025-02-24 10:31:37;INFO]best epoch: 262, best loss: 0.086002
[2025-02-24 10:31:37;INFO]----------------------------------------------------------------------------------------------------

[2025-02-24 10:31:37;INFO]Current Epoch: 300 / 500 | Learning Rate : 0.00034549150281344
[2025-02-24 10:32:06;INFO]Train | Loss : 0.176755 | ACC : 6374/6562 (97.135%)
[2025-02-24 10:32:10;INFO]Valid | Loss : 1.782657 | ACC : 1826/2813 (64.913%)
[2025-02-24 10:32:10;INFO]      | Loss didn't drop!

[2025-02-24 10:32:10;INFO]best epoch: 262, best loss: 0.086002
[2025-02-24 10:32:10;INFO]----------------------------------------------------------------------------------------------------

[2025-02-24 10:32:10;INFO]Current Epoch: 301 / 500 | Learning Rate : 0.0009999999999998923
[2025-02-24 10:32:39;INFO]Train | Loss : 0.146016 | ACC : 6402/6562 (97.562%)
[2025-02-24 10:32:43;INFO]Valid | Loss : 0.313370 | ACC : 2571/2813 (91.397%)
[2025-02-24 10:32:43;INFO]      | Loss didn't drop!

[2025-02-24 10:32:43;INFO]best epoch: 262, best loss: 0.086002
[2025-02-24 10:32:43;INFO]----------------------------------------------------------------------------------------------------

[2025-02-24 10:32:43;INFO]Current Epoch: 302 / 500 | Learning Rate : 0.00034549150281362317
[2025-02-24 10:33:12;INFO]Train | Loss : 0.090250 | ACC : 6467/6562 (98.552%)
[2025-02-24 10:33:17;INFO]Valid | Loss : 0.079115 | ACC : 2779/2813 (98.791%)
[2025-02-24 10:33:17;INFO]      | Loss dropped from 0.086002 to 0.079115, model has been saved!

[2025-02-24 10:33:17;INFO]best epoch: 302, best loss: 0.079115
[2025-02-24 10:33:17;INFO]----------------------------------------------------------------------------------------------------

[2025-02-24 10:33:17;INFO]Current Epoch: 303 / 500 | Learning Rate : 9.549150281232931e-05
[2025-02-24 10:33:46;INFO]Train | Loss : 0.086880 | ACC : 6457/6562 (98.400%)
[2025-02-24 10:33:50;INFO]Valid | Loss : 2.267777 | ACC : 1509/2813 (53.644%)
[2025-02-24 10:33:50;INFO]      | Loss didn't drop!

[2025-02-24 10:33:50;INFO]best epoch: 302, best loss: 0.079115
[2025-02-24 10:33:50;INFO]----------------------------------------------------------------------------------------------------

[2025-02-24 10:33:50;INFO]Current Epoch: 304 / 500 | Learning Rate : 0.0009045084971884127
[2025-02-24 10:34:19;INFO]Train | Loss : 0.304433 | ACC : 6129/6562 (93.401%)
[2025-02-24 10:34:23;INFO]Valid | Loss : 14.389156 | ACC : 256/2813 (9.101%)
[2025-02-24 10:34:23;INFO]      | Loss didn't drop!

[2025-02-24 10:34:23;INFO]best epoch: 302, best loss: 0.079115
[2025-02-24 10:34:23;INFO]----------------------------------------------------------------------------------------------------

[2025-02-24 10:34:23;INFO]Current Epoch: 305 / 500 | Learning Rate : 0.0006545084971902617
[2025-02-24 10:34:52;INFO]Train | Loss : 0.115924 | ACC : 6439/6562 (98.126%)
[2025-02-24 10:34:56;INFO]Valid | Loss : 0.120880 | ACC : 2743/2813 (97.512%)
[2025-02-24 10:34:56;INFO]      | Loss didn't drop!

[2025-02-24 10:34:56;INFO]best epoch: 302, best loss: 0.079115
[2025-02-24 10:34:56;INFO]----------------------------------------------------------------------------------------------------

[2025-02-24 10:34:56;INFO]Current Epoch: 306 / 500 | Learning Rate : 0.0
[2025-02-24 10:35:25;INFO]Train | Loss : 0.083939 | ACC : 6471/6562 (98.613%)
[2025-02-24 10:35:29;INFO]Valid | Loss : 0.733889 | ACC : 2337/2813 (83.079%)
[2025-02-24 10:35:29;INFO]      | Loss didn't drop!

[2025-02-24 10:35:29;INFO]best epoch: 302, best loss: 0.079115
[2025-02-24 10:35:29;INFO]----------------------------------------------------------------------------------------------------

[2025-02-24 10:35:29;INFO]Current Epoch: 307 / 500 | Learning Rate : 0.0006545084971886721
[2025-02-24 10:35:59;INFO]Train | Loss : 0.113374 | ACC : 6412/6562 (97.714%)
[2025-02-24 10:36:03;INFO]Valid | Loss : 11.897429 | ACC : 449/2813 (15.962%)
[2025-02-24 10:36:03;INFO]      | Loss didn't drop!

[2025-02-24 10:36:03;INFO]best epoch: 302, best loss: 0.079115
[2025-02-24 10:36:03;INFO]----------------------------------------------------------------------------------------------------

[2025-02-24 10:36:03;INFO]Current Epoch: 308 / 500 | Learning Rate : 0.0009045084971870554
[2025-02-24 10:36:32;INFO]Train | Loss : 0.176968 | ACC : 6316/6562 (96.251%)
[2025-02-24 10:36:36;INFO]Valid | Loss : 1.668780 | ACC : 1907/2813 (67.792%)
[2025-02-24 10:36:36;INFO]      | Loss didn't drop!

[2025-02-24 10:36:36;INFO]best epoch: 302, best loss: 0.079115
[2025-02-24 10:36:36;INFO]----------------------------------------------------------------------------------------------------

[2025-02-24 10:36:36;INFO]Current Epoch: 309 / 500 | Learning Rate : 9.549150281280158e-05
[2025-02-24 10:37:05;INFO]Train | Loss : 0.091492 | ACC : 6461/6562 (98.461%)
[2025-02-24 10:37:09;INFO]Valid | Loss : 0.126056 | ACC : 2730/2813 (97.049%)
[2025-02-24 10:37:09;INFO]      | Loss didn't drop!

[2025-02-24 10:37:09;INFO]best epoch: 302, best loss: 0.079115
[2025-02-24 10:37:09;INFO]----------------------------------------------------------------------------------------------------

[2025-02-24 10:37:09;INFO]Current Epoch: 310 / 500 | Learning Rate : 0.00034549150281342915
[2025-02-24 10:37:38;INFO]Train | Loss : 0.090173 | ACC : 6457/6562 (98.400%)
[2025-02-24 10:37:42;INFO]Valid | Loss : 7.291938 | ACC : 812/2813 (28.866%)
[2025-02-24 10:37:42;INFO]      | Loss didn't drop!

[2025-02-24 10:37:42;INFO]best epoch: 302, best loss: 0.079115
[2025-02-24 10:37:42;INFO]----------------------------------------------------------------------------------------------------

[2025-02-24 10:37:42;INFO]Current Epoch: 311 / 500 | Learning Rate : 0.0010000000000005588
[2025-02-24 10:38:11;INFO]Train | Loss : 0.090781 | ACC : 6455/6562 (98.369%)
[2025-02-24 10:38:16;INFO]Valid | Loss : 0.724294 | ACC : 2204/2813 (78.351%)
[2025-02-24 10:38:16;INFO]      | Loss didn't drop!

[2025-02-24 10:38:16;INFO]best epoch: 302, best loss: 0.079115
[2025-02-24 10:38:16;INFO]----------------------------------------------------------------------------------------------------

[2025-02-24 10:38:16;INFO]Current Epoch: 312 / 500 | Learning Rate : 0.00034549150281188497
[2025-02-24 10:38:45;INFO]Train | Loss : 0.115986 | ACC : 6410/6562 (97.684%)
[2025-02-24 10:38:49;INFO]Valid | Loss : 0.610402 | ACC : 2148/2813 (76.360%)
[2025-02-24 10:38:49;INFO]      | Loss didn't drop!

[2025-02-24 10:38:49;INFO]best epoch: 302, best loss: 0.079115
[2025-02-24 10:38:49;INFO]----------------------------------------------------------------------------------------------------

[2025-02-24 10:38:49;INFO]Current Epoch: 313 / 500 | Learning Rate : 9.549150281293034e-05
[2025-02-24 10:39:18;INFO]Train | Loss : 0.322887 | ACC : 6113/6562 (93.158%)
[2025-02-24 10:39:22;INFO]Valid | Loss : 3.264308 | ACC : 1156/2813 (41.095%)
[2025-02-24 10:39:22;INFO]      | Loss didn't drop!

[2025-02-24 10:39:22;INFO]best epoch: 302, best loss: 0.079115
[2025-02-24 10:39:22;INFO]----------------------------------------------------------------------------------------------------

[2025-02-24 10:39:22;INFO]Current Epoch: 314 / 500 | Learning Rate : 0.0009045084971890085
[2025-02-24 10:39:51;INFO]Train | Loss : 0.154996 | ACC : 6394/6562 (97.440%)
[2025-02-24 10:39:55;INFO]Valid | Loss : 2.043161 | ACC : 1624/2813 (57.732%)
[2025-02-24 10:39:55;INFO]      | Loss didn't drop!

[2025-02-24 10:39:55;INFO]best epoch: 302, best loss: 0.079115
[2025-02-24 10:39:55;INFO]----------------------------------------------------------------------------------------------------

[2025-02-24 10:39:55;INFO]Current Epoch: 315 / 500 | Learning Rate : 0.0006545084971867303
[2025-02-24 10:40:24;INFO]Train | Loss : 0.199851 | ACC : 6277/6562 (95.657%)
[2025-02-24 10:40:28;INFO]Valid | Loss : 0.143632 | ACC : 2764/2813 (98.258%)
[2025-02-24 10:40:28;INFO]      | Loss didn't drop!

[2025-02-24 10:40:28;INFO]best epoch: 302, best loss: 0.079115
[2025-02-24 10:40:28;INFO]----------------------------------------------------------------------------------------------------

[2025-02-24 10:40:28;INFO]Current Epoch: 316 / 500 | Learning Rate : 0.0
[2025-02-24 10:40:58;INFO]Train | Loss : 0.127195 | ACC : 6431/6562 (98.004%)
[2025-02-24 10:41:02;INFO]Valid | Loss : 5.769554 | ACC : 1111/2813 (39.495%)
[2025-02-24 10:41:02;INFO]      | Loss didn't drop!

[2025-02-24 10:41:02;INFO]best epoch: 302, best loss: 0.079115
[2025-02-24 10:41:02;INFO]----------------------------------------------------------------------------------------------------

[2025-02-24 10:41:02;INFO]Current Epoch: 317 / 500 | Learning Rate : 0.0006545084971893004
[2025-02-24 10:41:31;INFO]Train | Loss : 0.106769 | ACC : 6433/6562 (98.034%)
[2025-02-24 10:41:35;INFO]Valid | Loss : 3.283502 | ACC : 1529/2813 (54.355%)
[2025-02-24 10:41:35;INFO]      | Loss didn't drop!

[2025-02-24 10:41:35;INFO]best epoch: 302, best loss: 0.079115
[2025-02-24 10:41:35;INFO]----------------------------------------------------------------------------------------------------

[2025-02-24 10:41:35;INFO]Current Epoch: 318 / 500 | Learning Rate : 0.0009045084971876747
[2025-02-24 10:42:04;INFO]Train | Loss : 0.095029 | ACC : 6451/6562 (98.308%)
[2025-02-24 10:42:08;INFO]Valid | Loss : 3.619640 | ACC : 1338/2813 (47.565%)
[2025-02-24 10:42:08;INFO]      | Loss didn't drop!

[2025-02-24 10:42:08;INFO]best epoch: 302, best loss: 0.079115
[2025-02-24 10:42:08;INFO]----------------------------------------------------------------------------------------------------

[2025-02-24 10:42:08;INFO]Current Epoch: 319 / 500 | Learning Rate : 9.549150281288158e-05
[2025-02-24 10:42:37;INFO]Train | Loss : 0.090640 | ACC : 6462/6562 (98.476%)
[2025-02-24 10:42:41;INFO]Valid | Loss : 0.755298 | ACC : 2031/2813 (72.200%)
[2025-02-24 10:42:41;INFO]      | Loss didn't drop!

[2025-02-24 10:42:41;INFO]best epoch: 302, best loss: 0.079115
[2025-02-24 10:42:41;INFO]----------------------------------------------------------------------------------------------------

[2025-02-24 10:42:41;INFO]Current Epoch: 320 / 500 | Learning Rate : 0.0003454915028118569
[2025-02-24 10:43:10;INFO]Train | Loss : 0.181547 | ACC : 6332/6562 (96.495%)
[2025-02-24 10:43:15;INFO]Valid | Loss : 0.561117 | ACC : 2290/2813 (81.408%)
[2025-02-24 10:43:15;INFO]      | Loss didn't drop!

[2025-02-24 10:43:15;INFO]best epoch: 302, best loss: 0.079115
[2025-02-24 10:43:15;INFO]----------------------------------------------------------------------------------------------------

[2025-02-24 10:43:15;INFO]Current Epoch: 321 / 500 | Learning Rate : 0.0010000000000012354
[2025-02-24 10:43:44;INFO]Train | Loss : 0.118079 | ACC : 6433/6562 (98.034%)
[2025-02-24 10:43:48;INFO]Valid | Loss : 3.320589 | ACC : 1317/2813 (46.818%)
[2025-02-24 10:43:48;INFO]      | Loss didn't drop!

[2025-02-24 10:43:48;INFO]best epoch: 302, best loss: 0.079115
[2025-02-24 10:43:48;INFO]----------------------------------------------------------------------------------------------------

[2025-02-24 10:43:48;INFO]Current Epoch: 322 / 500 | Learning Rate : 0.00034549150281414087
[2025-02-24 10:44:17;INFO]Train | Loss : 0.161835 | ACC : 6313/6562 (96.205%)
[2025-02-24 10:44:21;INFO]Valid | Loss : 0.206495 | ACC : 2649/2813 (94.170%)
[2025-02-24 10:44:21;INFO]      | Loss didn't drop!

[2025-02-24 10:44:21;INFO]best epoch: 302, best loss: 0.079115
[2025-02-24 10:44:21;INFO]----------------------------------------------------------------------------------------------------

[2025-02-24 10:44:21;INFO]Current Epoch: 323 / 500 | Learning Rate : 9.549150281242741e-05
[2025-02-24 10:44:50;INFO]Train | Loss : 0.102467 | ACC : 6459/6562 (98.430%)
[2025-02-24 10:44:54;INFO]Valid | Loss : 3.591745 | ACC : 1269/2813 (45.112%)
[2025-02-24 10:44:54;INFO]      | Loss didn't drop!

[2025-02-24 10:44:54;INFO]best epoch: 302, best loss: 0.079115
[2025-02-24 10:44:54;INFO]----------------------------------------------------------------------------------------------------

[2025-02-24 10:44:54;INFO]Current Epoch: 324 / 500 | Learning Rate : 0.0009045084971894638
[2025-02-24 10:45:23;INFO]Train | Loss : 0.138462 | ACC : 6408/6562 (97.653%)
[2025-02-24 10:45:27;INFO]Valid | Loss : 0.445678 | ACC : 2368/2813 (84.181%)
[2025-02-24 10:45:27;INFO]      | Loss didn't drop!

[2025-02-24 10:45:27;INFO]best epoch: 302, best loss: 0.079115
[2025-02-24 10:45:27;INFO]----------------------------------------------------------------------------------------------------

[2025-02-24 10:45:27;INFO]Current Epoch: 325 / 500 | Learning Rate : 0.0006545084971874081
[2025-02-24 10:45:57;INFO]Train | Loss : 0.098538 | ACC : 6435/6562 (98.065%)
[2025-02-24 10:46:01;INFO]Valid | Loss : 0.179988 | ACC : 2659/2813 (94.525%)
[2025-02-24 10:46:01;INFO]      | Loss didn't drop!

[2025-02-24 10:46:01;INFO]best epoch: 302, best loss: 0.079115
[2025-02-24 10:46:01;INFO]----------------------------------------------------------------------------------------------------

[2025-02-24 10:46:01;INFO]Current Epoch: 326 / 500 | Learning Rate : 0.0
[2025-02-24 10:46:30;INFO]Train | Loss : 0.085148 | ACC : 6467/6562 (98.552%)
[2025-02-24 10:46:34;INFO]Valid | Loss : 5.315891 | ACC : 1017/2813 (36.154%)
[2025-02-24 10:46:34;INFO]      | Loss didn't drop!

[2025-02-24 10:46:34;INFO]best epoch: 302, best loss: 0.079115
[2025-02-24 10:46:34;INFO]----------------------------------------------------------------------------------------------------

[2025-02-24 10:46:34;INFO]Current Epoch: 327 / 500 | Learning Rate : 0.000654508497189718
[2025-02-24 10:47:03;INFO]Train | Loss : 0.093210 | ACC : 6446/6562 (98.232%)
[2025-02-24 10:47:07;INFO]Valid | Loss : 8.580098 | ACC : 482/2813 (17.135%)
[2025-02-24 10:47:07;INFO]      | Loss didn't drop!

[2025-02-24 10:47:07;INFO]best epoch: 302, best loss: 0.079115
[2025-02-24 10:47:07;INFO]----------------------------------------------------------------------------------------------------

[2025-02-24 10:47:07;INFO]Current Epoch: 328 / 500 | Learning Rate : 0.0009045084971881686
[2025-02-24 10:47:36;INFO]Train | Loss : 0.127587 | ACC : 6386/6562 (97.318%)
[2025-02-24 10:47:40;INFO]Valid | Loss : 2.105294 | ACC : 1668/2813 (59.296%)
[2025-02-24 10:47:40;INFO]      | Loss didn't drop!

[2025-02-24 10:47:40;INFO]best epoch: 302, best loss: 0.079115
[2025-02-24 10:47:40;INFO]----------------------------------------------------------------------------------------------------

[2025-02-24 10:47:40;INFO]Current Epoch: 329 / 500 | Learning Rate : 9.549150281240986e-05
[2025-02-24 10:48:09;INFO]Train | Loss : 0.119242 | ACC : 6410/6562 (97.684%)
[2025-02-24 10:48:14;INFO]Valid | Loss : 1.242927 | ACC : 1891/2813 (67.224%)
[2025-02-24 10:48:14;INFO]      | Loss didn't drop!

[2025-02-24 10:48:14;INFO]best epoch: 302, best loss: 0.079115
[2025-02-24 10:48:14;INFO]----------------------------------------------------------------------------------------------------

[2025-02-24 10:48:14;INFO]Current Epoch: 330 / 500 | Learning Rate : 0.0003454915028140593
[2025-02-24 10:48:43;INFO]Train | Loss : 0.095332 | ACC : 6451/6562 (98.308%)
[2025-02-24 10:48:47;INFO]Valid | Loss : 5.238518 | ACC : 912/2813 (32.421%)
[2025-02-24 10:48:47;INFO]      | Loss didn't drop!

[2025-02-24 10:48:47;INFO]best epoch: 302, best loss: 0.079115
[2025-02-24 10:48:47;INFO]----------------------------------------------------------------------------------------------------

[2025-02-24 10:48:47;INFO]Current Epoch: 331 / 500 | Learning Rate : 0.0010000000000019026
[2025-02-24 10:49:16;INFO]Train | Loss : 0.108377 | ACC : 6432/6562 (98.019%)
[2025-02-24 10:49:20;INFO]Valid | Loss : 3.550017 | ACC : 1419/2813 (50.444%)
[2025-02-24 10:49:20;INFO]      | Loss didn't drop!

[2025-02-24 10:49:20;INFO]best epoch: 302, best loss: 0.079115
[2025-02-24 10:49:20;INFO]----------------------------------------------------------------------------------------------------

[2025-02-24 10:49:20;INFO]Current Epoch: 332 / 500 | Learning Rate : 0.0003454915028123996
[2025-02-24 10:49:49;INFO]Train | Loss : 0.076965 | ACC : 6467/6562 (98.552%)
[2025-02-24 10:49:53;INFO]Valid | Loss : 0.206642 | ACC : 2616/2813 (92.997%)
[2025-02-24 10:49:53;INFO]      | Loss didn't drop!

[2025-02-24 10:49:53;INFO]best epoch: 302, best loss: 0.079115
[2025-02-24 10:49:53;INFO]----------------------------------------------------------------------------------------------------

[2025-02-24 10:49:53;INFO]Current Epoch: 333 / 500 | Learning Rate : 9.549150281247553e-05
[2025-02-24 10:50:22;INFO]Train | Loss : 0.083483 | ACC : 6449/6562 (98.278%)
[2025-02-24 10:50:27;INFO]Valid | Loss : 3.730366 | ACC : 1151/2813 (40.917%)
[2025-02-24 10:50:27;INFO]      | Loss didn't drop!

[2025-02-24 10:50:27;INFO]best epoch: 302, best loss: 0.079115
[2025-02-24 10:50:27;INFO]----------------------------------------------------------------------------------------------------

[2025-02-24 10:50:27;INFO]Current Epoch: 334 / 500 | Learning Rate : 0.0009045084971901937
[2025-02-24 10:50:56;INFO]Train | Loss : 0.092280 | ACC : 6441/6562 (98.156%)
[2025-02-24 10:51:00;INFO]Valid | Loss : 17.494830 | ACC : 237/2813 (8.425%)
[2025-02-24 10:51:00;INFO]      | Loss didn't drop!

[2025-02-24 10:51:00;INFO]best epoch: 302, best loss: 0.079115
[2025-02-24 10:51:00;INFO]----------------------------------------------------------------------------------------------------

[2025-02-24 10:51:00;INFO]Current Epoch: 335 / 500 | Learning Rate : 0.000654508497187876
[2025-02-24 10:51:29;INFO]Train | Loss : 0.092741 | ACC : 6463/6562 (98.491%)
[2025-02-24 10:51:33;INFO]Valid | Loss : 1.627239 | ACC : 1764/2813 (62.709%)
[2025-02-24 10:51:33;INFO]      | Loss didn't drop!

[2025-02-24 10:51:33;INFO]best epoch: 302, best loss: 0.079115
[2025-02-24 10:51:33;INFO]----------------------------------------------------------------------------------------------------

[2025-02-24 10:51:33;INFO]Current Epoch: 336 / 500 | Learning Rate : 0.0
[2025-02-24 10:52:02;INFO]Train | Loss : 0.140473 | ACC : 6371/6562 (97.089%)
[2025-02-24 10:52:06;INFO]Valid | Loss : 2.253849 | ACC : 1332/2813 (47.352%)
[2025-02-24 10:52:06;INFO]      | Loss didn't drop!

[2025-02-24 10:52:06;INFO]best epoch: 302, best loss: 0.079115
[2025-02-24 10:52:06;INFO]----------------------------------------------------------------------------------------------------

[2025-02-24 10:52:06;INFO]Current Epoch: 337 / 500 | Learning Rate : 0.0006545084971863521
[2025-02-24 10:52:35;INFO]Train | Loss : 0.280287 | ACC : 6179/6562 (94.163%)
[2025-02-24 10:52:39;INFO]Valid | Loss : 17.005650 | ACC : 190/2813 (6.754%)
[2025-02-24 10:52:39;INFO]      | Loss didn't drop!

[2025-02-24 10:52:39;INFO]best epoch: 302, best loss: 0.079115
[2025-02-24 10:52:39;INFO]----------------------------------------------------------------------------------------------------

[2025-02-24 10:52:39;INFO]Current Epoch: 338 / 500 | Learning Rate : 0.0009045084971889215
[2025-02-24 10:53:09;INFO]Train | Loss : 0.138134 | ACC : 6401/6562 (97.546%)
[2025-02-24 10:53:13;INFO]Valid | Loss : 0.408976 | ACC : 2428/2813 (86.314%)
[2025-02-24 10:53:13;INFO]      | Loss didn't drop!

[2025-02-24 10:53:13;INFO]best epoch: 302, best loss: 0.079115
[2025-02-24 10:53:13;INFO]----------------------------------------------------------------------------------------------------

[2025-02-24 10:53:13;INFO]Current Epoch: 339 / 500 | Learning Rate : 9.549150281304113e-05
[2025-02-24 10:53:42;INFO]Train | Loss : 0.113918 | ACC : 6397/6562 (97.486%)
[2025-02-24 10:53:46;INFO]Valid | Loss : 1.081411 | ACC : 1909/2813 (67.863%)
[2025-02-24 10:53:46;INFO]      | Loss didn't drop!

[2025-02-24 10:53:46;INFO]best epoch: 302, best loss: 0.079115
[2025-02-24 10:53:46;INFO]----------------------------------------------------------------------------------------------------

[2025-02-24 10:53:46;INFO]Current Epoch: 340 / 500 | Learning Rate : 0.00034549150281227073
[2025-02-24 10:54:15;INFO]Train | Loss : 0.120094 | ACC : 6408/6562 (97.653%)
[2025-02-24 10:54:19;INFO]Valid | Loss : 6.191940 | ACC : 594/2813 (21.116%)
[2025-02-24 10:54:19;INFO]      | Loss didn't drop!

[2025-02-24 10:54:19;INFO]best epoch: 302, best loss: 0.079115
[2025-02-24 10:54:19;INFO]----------------------------------------------------------------------------------------------------

[2025-02-24 10:54:19;INFO]Current Epoch: 341 / 500 | Learning Rate : 0.0010000000000025793
[2025-02-24 10:54:48;INFO]Train | Loss : 0.199257 | ACC : 6252/6562 (95.276%)
[2025-02-24 10:54:52;INFO]Valid | Loss : 5.298935 | ACC : 1044/2813 (37.113%)
[2025-02-24 10:54:52;INFO]      | Loss didn't drop!

[2025-02-24 10:54:52;INFO]best epoch: 302, best loss: 0.079115
[2025-02-24 10:54:52;INFO]----------------------------------------------------------------------------------------------------

[2025-02-24 10:54:52;INFO]Current Epoch: 342 / 500 | Learning Rate : 0.00034549150281244204
[2025-02-24 10:55:21;INFO]Train | Loss : 0.126348 | ACC : 6414/6562 (97.745%)
[2025-02-24 10:55:25;INFO]Valid | Loss : 0.143328 | ACC : 2724/2813 (96.836%)
[2025-02-24 10:55:25;INFO]      | Loss didn't drop!

[2025-02-24 10:55:25;INFO]best epoch: 302, best loss: 0.079115
[2025-02-24 10:55:25;INFO]----------------------------------------------------------------------------------------------------

[2025-02-24 10:55:25;INFO]Current Epoch: 343 / 500 | Learning Rate : 9.549150281252459e-05
[2025-02-24 10:55:55;INFO]Train | Loss : 0.087570 | ACC : 6461/6562 (98.461%)
[2025-02-24 10:55:59;INFO]Valid | Loss : 3.465734 | ACC : 1343/2813 (47.743%)
[2025-02-24 10:55:59;INFO]      | Loss didn't drop!

[2025-02-24 10:55:59;INFO]best epoch: 302, best loss: 0.079115
[2025-02-24 10:55:59;INFO]----------------------------------------------------------------------------------------------------

[2025-02-24 10:55:59;INFO]Current Epoch: 344 / 500 | Learning Rate : 0.0009045084971907815
[2025-02-24 10:56:28;INFO]Train | Loss : 0.125093 | ACC : 6403/6562 (97.577%)
[2025-02-24 10:56:32;INFO]Valid | Loss : 2.245866 | ACC : 1663/2813 (59.118%)
[2025-02-24 10:56:32;INFO]      | Loss didn't drop!

[2025-02-24 10:56:32;INFO]best epoch: 302, best loss: 0.079115
[2025-02-24 10:56:32;INFO]----------------------------------------------------------------------------------------------------

[2025-02-24 10:56:32;INFO]Current Epoch: 345 / 500 | Learning Rate : 0.0006545084971881216
[2025-02-24 10:57:01;INFO]Train | Loss : 0.127012 | ACC : 6392/6562 (97.409%)
[2025-02-24 10:57:05;INFO]Valid | Loss : 0.462322 | ACC : 2379/2813 (84.572%)
[2025-02-24 10:57:05;INFO]      | Loss didn't drop!

[2025-02-24 10:57:05;INFO]best epoch: 302, best loss: 0.079115
[2025-02-24 10:57:05;INFO]----------------------------------------------------------------------------------------------------

[2025-02-24 10:57:05;INFO]Current Epoch: 346 / 500 | Learning Rate : 0.0
[2025-02-24 10:57:34;INFO]Train | Loss : 0.108113 | ACC : 6428/6562 (97.958%)
[2025-02-24 10:57:38;INFO]Valid | Loss : 2.982190 | ACC : 1581/2813 (56.203%)
[2025-02-24 10:57:38;INFO]      | Loss didn't drop!

[2025-02-24 10:57:38;INFO]best epoch: 302, best loss: 0.079115
[2025-02-24 10:57:38;INFO]----------------------------------------------------------------------------------------------------

[2025-02-24 10:57:38;INFO]Current Epoch: 347 / 500 | Learning Rate : 0.0006545084971905469
[2025-02-24 10:58:07;INFO]Train | Loss : 0.166506 | ACC : 6342/6562 (96.647%)
[2025-02-24 10:58:12;INFO]Valid | Loss : 8.299441 | ACC : 658/2813 (23.391%)
[2025-02-24 10:58:12;INFO]      | Loss didn't drop!

[2025-02-24 10:58:12;INFO]best epoch: 302, best loss: 0.079115
[2025-02-24 10:58:12;INFO]----------------------------------------------------------------------------------------------------

[2025-02-24 10:58:12;INFO]Current Epoch: 348 / 500 | Learning Rate : 0.0009045084971894149
[2025-02-24 10:58:41;INFO]Train | Loss : 0.098243 | ACC : 6434/6562 (98.049%)
[2025-02-24 10:58:45;INFO]Valid | Loss : 2.956713 | ACC : 1444/2813 (51.333%)
[2025-02-24 10:58:45;INFO]      | Loss didn't drop!

[2025-02-24 10:58:45;INFO]best epoch: 302, best loss: 0.079115
[2025-02-24 10:58:45;INFO]----------------------------------------------------------------------------------------------------

[2025-02-24 10:58:45;INFO]Current Epoch: 349 / 500 | Learning Rate : 9.549150281256927e-05
[2025-02-24 10:59:14;INFO]Train | Loss : 0.088413 | ACC : 6443/6562 (98.187%)
[2025-02-24 10:59:18;INFO]Valid | Loss : 1.162436 | ACC : 1979/2813 (70.352%)
[2025-02-24 10:59:18;INFO]      | Loss didn't drop!

[2025-02-24 10:59:18;INFO]best epoch: 302, best loss: 0.079115
[2025-02-24 10:59:18;INFO]----------------------------------------------------------------------------------------------------

[2025-02-24 10:59:18;INFO]Current Epoch: 350 / 500 | Learning Rate : 0.00034549150281247933
[2025-02-24 10:59:47;INFO]Train | Loss : 0.091986 | ACC : 6453/6562 (98.339%)
[2025-02-24 10:59:51;INFO]Valid | Loss : 3.538840 | ACC : 1124/2813 (39.957%)
[2025-02-24 10:59:51;INFO]      | Loss didn't drop!

[2025-02-24 10:59:51;INFO]best epoch: 302, best loss: 0.079115
[2025-02-24 10:59:51;INFO]----------------------------------------------------------------------------------------------------

[2025-02-24 10:59:51;INFO]Current Epoch: 351 / 500 | Learning Rate : 0.0010000000000032466
[2025-02-24 11:00:20;INFO]Train | Loss : 0.370364 | ACC : 6029/6562 (91.877%)
[2025-02-24 11:00:24;INFO]Valid | Loss : 12.059151 | ACC : 279/2813 (9.918%)
[2025-02-24 11:00:24;INFO]      | Loss didn't drop!

[2025-02-24 11:00:24;INFO]best epoch: 302, best loss: 0.079115
[2025-02-24 11:00:24;INFO]----------------------------------------------------------------------------------------------------

[2025-02-24 11:00:24;INFO]Current Epoch: 352 / 500 | Learning Rate : 0.00034549150281291404
[2025-02-24 11:00:54;INFO]Train | Loss : 0.143172 | ACC : 6406/6562 (97.623%)
[2025-02-24 11:00:58;INFO]Valid | Loss : 0.167470 | ACC : 2671/2813 (94.952%)
[2025-02-24 11:00:58;INFO]      | Loss didn't drop!

[2025-02-24 11:00:58;INFO]best epoch: 302, best loss: 0.079115
[2025-02-24 11:00:58;INFO]----------------------------------------------------------------------------------------------------

[2025-02-24 11:00:58;INFO]Current Epoch: 353 / 500 | Learning Rate : 9.549150281257277e-05
[2025-02-24 11:01:27;INFO]Train | Loss : 0.096446 | ACC : 6449/6562 (98.278%)
[2025-02-24 11:01:31;INFO]Valid | Loss : 2.394407 | ACC : 1365/2813 (48.525%)
[2025-02-24 11:01:31;INFO]      | Loss didn't drop!

[2025-02-24 11:01:31;INFO]best epoch: 302, best loss: 0.079115
[2025-02-24 11:01:31;INFO]----------------------------------------------------------------------------------------------------

[2025-02-24 11:01:31;INFO]Current Epoch: 354 / 500 | Learning Rate : 0.0009045084971861491
[2025-02-24 11:02:00;INFO]Train | Loss : 0.156890 | ACC : 6344/6562 (96.678%)
[2025-02-24 11:02:04;INFO]Valid | Loss : 3.540555 | ACC : 1312/2813 (46.641%)
[2025-02-24 11:02:04;INFO]      | Loss didn't drop!

[2025-02-24 11:02:04;INFO]best epoch: 302, best loss: 0.079115
[2025-02-24 11:02:04;INFO]----------------------------------------------------------------------------------------------------

[2025-02-24 11:02:04;INFO]Current Epoch: 355 / 500 | Learning Rate : 0.0006545084971885894
[2025-02-24 11:02:33;INFO]Train | Loss : 0.139575 | ACC : 6353/6562 (96.815%)
[2025-02-24 11:02:37;INFO]Valid | Loss : 1.211148 | ACC : 1858/2813 (66.050%)
[2025-02-24 11:02:37;INFO]      | Loss didn't drop!

[2025-02-24 11:02:37;INFO]best epoch: 302, best loss: 0.079115
[2025-02-24 11:02:37;INFO]----------------------------------------------------------------------------------------------------

[2025-02-24 11:02:37;INFO]Current Epoch: 356 / 500 | Learning Rate : 0.0
[2025-02-24 11:03:06;INFO]Train | Loss : 0.109073 | ACC : 6427/6562 (97.943%)
[2025-02-24 11:03:11;INFO]Valid | Loss : 5.247304 | ACC : 760/2813 (27.017%)
[2025-02-24 11:03:11;INFO]      | Loss didn't drop!

[2025-02-24 11:03:11;INFO]best epoch: 302, best loss: 0.079115
[2025-02-24 11:03:11;INFO]----------------------------------------------------------------------------------------------------

[2025-02-24 11:03:11;INFO]Current Epoch: 357 / 500 | Learning Rate : 0.0006545084971871816
[2025-02-24 11:03:40;INFO]Train | Loss : 0.093569 | ACC : 6450/6562 (98.293%)
[2025-02-24 11:03:44;INFO]Valid | Loss : 4.772567 | ACC : 1004/2813 (35.691%)
[2025-02-24 11:03:44;INFO]      | Loss didn't drop!

[2025-02-24 11:03:44;INFO]best epoch: 302, best loss: 0.079115
[2025-02-24 11:03:44;INFO]----------------------------------------------------------------------------------------------------

[2025-02-24 11:03:44;INFO]Current Epoch: 358 / 500 | Learning Rate : 0.0009045084971900422
[2025-02-24 11:04:13;INFO]Train | Loss : 0.150071 | ACC : 6347/6562 (96.724%)
[2025-02-24 11:04:17;INFO]Valid | Loss : 0.198870 | ACC : 2619/2813 (93.103%)
[2025-02-24 11:04:17;INFO]      | Loss didn't drop!

[2025-02-24 11:04:17;INFO]best epoch: 302, best loss: 0.079115
[2025-02-24 11:04:17;INFO]----------------------------------------------------------------------------------------------------

[2025-02-24 11:04:17;INFO]Current Epoch: 359 / 500 | Learning Rate : 9.54915028125157e-05
[2025-02-24 11:04:46;INFO]Train | Loss : 0.113884 | ACC : 6434/6562 (98.049%)
[2025-02-24 11:04:50;INFO]Valid | Loss : 0.219435 | ACC : 2598/2813 (92.357%)
[2025-02-24 11:04:50;INFO]      | Loss didn't drop!

[2025-02-24 11:04:50;INFO]best epoch: 302, best loss: 0.079115
[2025-02-24 11:04:50;INFO]----------------------------------------------------------------------------------------------------

[2025-02-24 11:04:50;INFO]Current Epoch: 360 / 500 | Learning Rate : 0.0003454915028126847
[2025-02-24 11:05:19;INFO]Train | Loss : 0.092664 | ACC : 6443/6562 (98.187%)
[2025-02-24 11:05:23;INFO]Valid | Loss : 3.519573 | ACC : 1149/2813 (40.846%)
[2025-02-24 11:05:23;INFO]      | Loss didn't drop!

[2025-02-24 11:05:23;INFO]best epoch: 302, best loss: 0.079115
[2025-02-24 11:05:23;INFO]----------------------------------------------------------------------------------------------------

[2025-02-24 11:05:23;INFO]Current Epoch: 361 / 500 | Learning Rate : 0.0009999999999981426
[2025-02-24 11:05:53;INFO]Train | Loss : 0.084951 | ACC : 6457/6562 (98.400%)
[2025-02-24 11:05:57;INFO]Valid | Loss : 1.891688 | ACC : 1607/2813 (57.128%)
[2025-02-24 11:05:57;INFO]      | Loss didn't drop!

[2025-02-24 11:05:57;INFO]best epoch: 302, best loss: 0.079115
[2025-02-24 11:05:57;INFO]----------------------------------------------------------------------------------------------------

[2025-02-24 11:05:57;INFO]Current Epoch: 362 / 500 | Learning Rate : 0.0003454915028129567
[2025-02-24 11:06:26;INFO]Train | Loss : 0.104195 | ACC : 6434/6562 (98.049%)
[2025-02-24 11:06:30;INFO]Valid | Loss : 0.263494 | ACC : 2555/2813 (90.828%)
[2025-02-24 11:06:30;INFO]      | Loss didn't drop!

[2025-02-24 11:06:30;INFO]best epoch: 302, best loss: 0.079115
[2025-02-24 11:06:30;INFO]----------------------------------------------------------------------------------------------------

[2025-02-24 11:06:30;INFO]Current Epoch: 363 / 500 | Learning Rate : 9.549150281262179e-05
[2025-02-24 11:06:59;INFO]Train | Loss : 0.088609 | ACC : 6444/6562 (98.202%)
[2025-02-24 11:07:03;INFO]Valid | Loss : 0.943849 | ACC : 2263/2813 (80.448%)
[2025-02-24 11:07:03;INFO]      | Loss didn't drop!

[2025-02-24 11:07:03;INFO]best epoch: 302, best loss: 0.079115
[2025-02-24 11:07:03;INFO]----------------------------------------------------------------------------------------------------

[2025-02-24 11:07:03;INFO]Current Epoch: 364 / 500 | Learning Rate : 0.0009045084971919733
[2025-02-24 11:07:32;INFO]Train | Loss : 0.174788 | ACC : 6292/6562 (95.885%)
[2025-02-24 11:07:36;INFO]Valid | Loss : 8.601995 | ACC : 726/2813 (25.809%)
[2025-02-24 11:07:36;INFO]      | Loss didn't drop!

[2025-02-24 11:07:36;INFO]best epoch: 302, best loss: 0.079115
[2025-02-24 11:07:36;INFO]----------------------------------------------------------------------------------------------------

[2025-02-24 11:07:36;INFO]Current Epoch: 365 / 500 | Learning Rate : 0.000654508497189274
[2025-02-24 11:08:05;INFO]Train | Loss : 0.097041 | ACC : 6459/6562 (98.430%)
[2025-02-24 11:08:10;INFO]Valid | Loss : 0.187931 | ACC : 2637/2813 (93.743%)
[2025-02-24 11:08:10;INFO]      | Loss didn't drop!

[2025-02-24 11:08:10;INFO]best epoch: 302, best loss: 0.079115
[2025-02-24 11:08:10;INFO]----------------------------------------------------------------------------------------------------

[2025-02-24 11:08:10;INFO]Current Epoch: 366 / 500 | Learning Rate : 0.0
[2025-02-24 11:08:39;INFO]Train | Loss : 0.195319 | ACC : 6249/6562 (95.230%)
[2025-02-24 11:08:43;INFO]Valid | Loss : 0.956016 | ACC : 2137/2813 (75.969%)
[2025-02-24 11:08:43;INFO]      | Loss didn't drop!

[2025-02-24 11:08:43;INFO]best epoch: 302, best loss: 0.079115
[2025-02-24 11:08:43;INFO]----------------------------------------------------------------------------------------------------

[2025-02-24 11:08:43;INFO]Current Epoch: 367 / 500 | Learning Rate : 0.0006545084971875928
[2025-02-24 11:09:12;INFO]Train | Loss : 0.112082 | ACC : 6429/6562 (97.973%)
[2025-02-24 11:09:16;INFO]Valid | Loss : 2.575495 | ACC : 1545/2813 (54.924%)
[2025-02-24 11:09:16;INFO]      | Loss didn't drop!

[2025-02-24 11:09:16;INFO]best epoch: 302, best loss: 0.079115
[2025-02-24 11:09:16;INFO]----------------------------------------------------------------------------------------------------

[2025-02-24 11:09:16;INFO]Current Epoch: 368 / 500 | Learning Rate : 0.0009045084971906616
[2025-02-24 11:09:45;INFO]Train | Loss : 0.082245 | ACC : 6457/6562 (98.400%)
[2025-02-24 11:09:49;INFO]Valid | Loss : 1.568103 | ACC : 1916/2813 (68.112%)
[2025-02-24 11:09:49;INFO]      | Loss didn't drop!

[2025-02-24 11:09:49;INFO]best epoch: 302, best loss: 0.079115
[2025-02-24 11:09:49;INFO]----------------------------------------------------------------------------------------------------

[2025-02-24 11:09:49;INFO]Current Epoch: 369 / 500 | Learning Rate : 9.549150281259502e-05
[2025-02-24 11:10:18;INFO]Train | Loss : 0.074729 | ACC : 6459/6562 (98.430%)
[2025-02-24 11:10:22;INFO]Valid | Loss : 0.549255 | ACC : 2254/2813 (80.128%)
[2025-02-24 11:10:22;INFO]      | Loss didn't drop!

[2025-02-24 11:10:22;INFO]best epoch: 302, best loss: 0.079115
[2025-02-24 11:10:22;INFO]----------------------------------------------------------------------------------------------------

[2025-02-24 11:10:22;INFO]Current Epoch: 370 / 500 | Learning Rate : 0.0003454915028131095
[2025-02-24 11:10:52;INFO]Train | Loss : 0.111640 | ACC : 6406/6562 (97.623%)
[2025-02-24 11:10:56;INFO]Valid | Loss : 0.593874 | ACC : 2239/2813 (79.595%)
[2025-02-24 11:10:56;INFO]      | Loss didn't drop!

[2025-02-24 11:10:56;INFO]best epoch: 302, best loss: 0.079115
[2025-02-24 11:10:56;INFO]----------------------------------------------------------------------------------------------------

[2025-02-24 11:10:56;INFO]Current Epoch: 371 / 500 | Learning Rate : 0.0009999999999988189
[2025-02-24 11:11:25;INFO]Train | Loss : 0.160766 | ACC : 6367/6562 (97.028%)
[2025-02-24 11:11:29;INFO]Valid | Loss : 1.680150 | ACC : 1716/2813 (61.002%)
[2025-02-24 11:11:29;INFO]      | Loss didn't drop!

[2025-02-24 11:11:29;INFO]best epoch: 302, best loss: 0.079115
[2025-02-24 11:11:29;INFO]----------------------------------------------------------------------------------------------------

[2025-02-24 11:11:29;INFO]Current Epoch: 372 / 500 | Learning Rate : 0.00034549150281321567
[2025-02-24 11:11:58;INFO]Train | Loss : 0.118286 | ACC : 6396/6562 (97.470%)
[2025-02-24 11:12:02;INFO]Valid | Loss : 0.288784 | ACC : 2521/2813 (89.620%)
[2025-02-24 11:12:02;INFO]      | Loss didn't drop!

[2025-02-24 11:12:02;INFO]best epoch: 302, best loss: 0.079115
[2025-02-24 11:12:02;INFO]----------------------------------------------------------------------------------------------------

[2025-02-24 11:12:02;INFO]Current Epoch: 373 / 500 | Learning Rate : 9.549150281280358e-05
[2025-02-24 11:12:31;INFO]Train | Loss : 0.111010 | ACC : 6415/6562 (97.760%)
[2025-02-24 11:12:35;INFO]Valid | Loss : 7.936611 | ACC : 532/2813 (18.912%)
[2025-02-24 11:12:35;INFO]      | Loss didn't drop!

[2025-02-24 11:12:35;INFO]best epoch: 302, best loss: 0.079115
[2025-02-24 11:12:35;INFO]----------------------------------------------------------------------------------------------------

[2025-02-24 11:12:35;INFO]Current Epoch: 374 / 500 | Learning Rate : 0.0009045084971873335
[2025-02-24 11:13:04;INFO]Train | Loss : 0.108796 | ACC : 6400/6562 (97.531%)
[2025-02-24 11:13:09;INFO]Valid | Loss : 9.563058 | ACC : 821/2813 (29.186%)
[2025-02-24 11:13:09;INFO]      | Loss didn't drop!

[2025-02-24 11:13:09;INFO]best epoch: 302, best loss: 0.079115
[2025-02-24 11:13:09;INFO]----------------------------------------------------------------------------------------------------

[2025-02-24 11:13:09;INFO]Current Epoch: 375 / 500 | Learning Rate : 0.0006545084971895193
[2025-02-24 11:13:38;INFO]Train | Loss : 0.149934 | ACC : 6369/6562 (97.059%)
[2025-02-24 11:13:42;INFO]Valid | Loss : 0.526733 | ACC : 2504/2813 (89.015%)
[2025-02-24 11:13:42;INFO]      | Loss didn't drop!

[2025-02-24 11:13:42;INFO]best epoch: 302, best loss: 0.079115
[2025-02-24 11:13:42;INFO]----------------------------------------------------------------------------------------------------

[2025-02-24 11:13:42;INFO]Current Epoch: 376 / 500 | Learning Rate : 0.0
[2025-02-24 11:14:11;INFO]Train | Loss : 0.076833 | ACC : 6473/6562 (98.644%)
[2025-02-24 11:14:15;INFO]Valid | Loss : 0.796746 | ACC : 2152/2813 (76.502%)
[2025-02-24 11:14:15;INFO]      | Loss didn't drop!

[2025-02-24 11:14:15;INFO]best epoch: 302, best loss: 0.079115
[2025-02-24 11:14:15;INFO]----------------------------------------------------------------------------------------------------

[2025-02-24 11:14:15;INFO]Current Epoch: 377 / 500 | Learning Rate : 0.0006545084971880099
[2025-02-24 11:14:44;INFO]Train | Loss : 0.087732 | ACC : 6453/6562 (98.339%)
[2025-02-24 11:14:48;INFO]Valid | Loss : 3.701951 | ACC : 1006/2813 (35.763%)
[2025-02-24 11:14:48;INFO]      | Loss didn't drop!

[2025-02-24 11:14:48;INFO]best epoch: 302, best loss: 0.079115
[2025-02-24 11:14:48;INFO]----------------------------------------------------------------------------------------------------

[2025-02-24 11:14:48;INFO]Current Epoch: 378 / 500 | Learning Rate : 0.0009045084971860606
[2025-02-24 11:15:17;INFO]Train | Loss : 0.084472 | ACC : 6456/6562 (98.385%)
[2025-02-24 11:15:21;INFO]Valid | Loss : 0.137437 | ACC : 2697/2813 (95.876%)
[2025-02-24 11:15:21;INFO]      | Loss didn't drop!

[2025-02-24 11:15:21;INFO]best epoch: 302, best loss: 0.079115
[2025-02-24 11:15:21;INFO]----------------------------------------------------------------------------------------------------

[2025-02-24 11:15:21;INFO]Current Epoch: 379 / 500 | Learning Rate : 9.54915028128088e-05
[2025-02-24 11:15:51;INFO]Train | Loss : 0.069376 | ACC : 6478/6562 (98.720%)
[2025-02-24 11:15:55;INFO]Valid | Loss : 0.060654 | ACC : 2781/2813 (98.862%)
[2025-02-24 11:15:55;INFO]      | Loss dropped from 0.079115 to 0.060654, model has been saved!

[2025-02-24 11:15:55;INFO]best epoch: 379, best loss: 0.060654
[2025-02-24 11:15:55;INFO]----------------------------------------------------------------------------------------------------

[2025-02-24 11:15:55;INFO]Current Epoch: 380 / 500 | Learning Rate : 0.0003454915028130984
[2025-02-24 11:16:24;INFO]Train | Loss : 0.066140 | ACC : 6480/6562 (98.750%)
[2025-02-24 11:16:28;INFO]Valid | Loss : 3.074415 | ACC : 1315/2813 (46.747%)
[2025-02-24 11:16:28;INFO]      | Loss didn't drop!

[2025-02-24 11:16:28;INFO]best epoch: 379, best loss: 0.060654
[2025-02-24 11:16:28;INFO]----------------------------------------------------------------------------------------------------

[2025-02-24 11:16:28;INFO]Current Epoch: 381 / 500 | Learning Rate : 0.0010000000000052664
[2025-02-24 11:16:57;INFO]Train | Loss : 0.093246 | ACC : 6445/6562 (98.217%)
[2025-02-24 11:17:01;INFO]Valid | Loss : 2.963641 | ACC : 1689/2813 (60.043%)
[2025-02-24 11:17:01;INFO]      | Loss didn't drop!

[2025-02-24 11:17:01;INFO]best epoch: 379, best loss: 0.060654
[2025-02-24 11:17:01;INFO]----------------------------------------------------------------------------------------------------

[2025-02-24 11:17:01;INFO]Current Epoch: 382 / 500 | Learning Rate : 0.0003454915028134712
[2025-02-24 11:17:30;INFO]Train | Loss : 0.286437 | ACC : 6096/6562 (92.899%)
[2025-02-24 11:17:34;INFO]Valid | Loss : 0.916332 | ACC : 2132/2813 (75.791%)
[2025-02-24 11:17:34;INFO]      | Loss didn't drop!

[2025-02-24 11:17:34;INFO]best epoch: 379, best loss: 0.060654
[2025-02-24 11:17:34;INFO]----------------------------------------------------------------------------------------------------

[2025-02-24 11:17:34;INFO]Current Epoch: 383 / 500 | Learning Rate : 9.549150281285263e-05
[2025-02-24 11:18:03;INFO]Train | Loss : 0.153523 | ACC : 6386/6562 (97.318%)
[2025-02-24 11:18:07;INFO]Valid | Loss : 2.979198 | ACC : 1298/2813 (46.143%)
[2025-02-24 11:18:07;INFO]      | Loss didn't drop!

[2025-02-24 11:18:07;INFO]best epoch: 379, best loss: 0.060654
[2025-02-24 11:18:07;INFO]----------------------------------------------------------------------------------------------------

[2025-02-24 11:18:07;INFO]Current Epoch: 384 / 500 | Learning Rate : 0.0009045084971880625
[2025-02-24 11:18:37;INFO]Train | Loss : 0.092815 | ACC : 6455/6562 (98.369%)
[2025-02-24 11:18:41;INFO]Valid | Loss : 3.500516 | ACC : 1243/2813 (44.188%)
[2025-02-24 11:18:41;INFO]      | Loss didn't drop!

[2025-02-24 11:18:41;INFO]best epoch: 379, best loss: 0.060654
[2025-02-24 11:18:41;INFO]----------------------------------------------------------------------------------------------------

[2025-02-24 11:18:41;INFO]Current Epoch: 385 / 500 | Learning Rate : 0.0006545084971899874
[2025-02-24 11:19:10;INFO]Train | Loss : 0.096121 | ACC : 6434/6562 (98.049%)
[2025-02-24 11:19:14;INFO]Valid | Loss : 1.220661 | ACC : 2036/2813 (72.378%)
[2025-02-24 11:19:14;INFO]      | Loss didn't drop!

[2025-02-24 11:19:14;INFO]best epoch: 379, best loss: 0.060654
[2025-02-24 11:19:14;INFO]----------------------------------------------------------------------------------------------------

[2025-02-24 11:19:14;INFO]Current Epoch: 386 / 500 | Learning Rate : 0.0
[2025-02-24 11:19:43;INFO]Train | Loss : 0.082988 | ACC : 6462/6562 (98.476%)
[2025-02-24 11:19:47;INFO]Valid | Loss : 14.847071 | ACC : 840/2813 (29.861%)
[2025-02-24 11:19:47;INFO]      | Loss didn't drop!

[2025-02-24 11:19:47;INFO]best epoch: 379, best loss: 0.060654
[2025-02-24 11:19:47;INFO]----------------------------------------------------------------------------------------------------

[2025-02-24 11:19:47;INFO]Current Epoch: 387 / 500 | Learning Rate : 0.0006545084971886381
[2025-02-24 11:20:16;INFO]Train | Loss : 0.082463 | ACC : 6460/6562 (98.446%)
[2025-02-24 11:20:20;INFO]Valid | Loss : 10.569052 | ACC : 475/2813 (16.886%)
[2025-02-24 11:20:20;INFO]      | Loss didn't drop!

[2025-02-24 11:20:20;INFO]best epoch: 379, best loss: 0.060654
[2025-02-24 11:20:20;INFO]----------------------------------------------------------------------------------------------------

[2025-02-24 11:20:20;INFO]Current Epoch: 388 / 500 | Learning Rate : 0.0009045084971866797
[2025-02-24 11:20:49;INFO]Train | Loss : 0.116529 | ACC : 6392/6562 (97.409%)
[2025-02-24 11:20:54;INFO]Valid | Loss : 3.328497 | ACC : 1410/2813 (50.124%)
[2025-02-24 11:20:54;INFO]      | Loss didn't drop!

[2025-02-24 11:20:54;INFO]best epoch: 379, best loss: 0.060654
[2025-02-24 11:20:54;INFO]----------------------------------------------------------------------------------------------------

[2025-02-24 11:20:54;INFO]Current Epoch: 389 / 500 | Learning Rate : 9.549150281275436e-05
[2025-02-24 11:21:23;INFO]Train | Loss : 0.090858 | ACC : 6445/6562 (98.217%)
[2025-02-24 11:21:27;INFO]Valid | Loss : 0.623085 | ACC : 2228/2813 (79.204%)
[2025-02-24 11:21:27;INFO]      | Loss didn't drop!

[2025-02-24 11:21:27;INFO]best epoch: 379, best loss: 0.060654
[2025-02-24 11:21:27;INFO]----------------------------------------------------------------------------------------------------

[2025-02-24 11:21:27;INFO]Current Epoch: 390 / 500 | Learning Rate : 0.00034549150281130997
[2025-02-24 11:21:56;INFO]Train | Loss : 0.082396 | ACC : 6451/6562 (98.308%)
[2025-02-24 11:22:00;INFO]Valid | Loss : 1.646143 | ACC : 1812/2813 (64.415%)
[2025-02-24 11:22:00;INFO]      | Loss didn't drop!

[2025-02-24 11:22:00;INFO]best epoch: 379, best loss: 0.060654
[2025-02-24 11:22:00;INFO]----------------------------------------------------------------------------------------------------

[2025-02-24 11:22:00;INFO]Current Epoch: 391 / 500 | Learning Rate : 0.0010000000000001627
[2025-02-24 11:22:29;INFO]Train | Loss : 0.112238 | ACC : 6403/6562 (97.577%)
[2025-02-24 11:22:33;INFO]Valid | Loss : 10.680103 | ACC : 512/2813 (18.201%)
[2025-02-24 11:22:33;INFO]      | Loss didn't drop!

[2025-02-24 11:22:33;INFO]best epoch: 379, best loss: 0.060654
[2025-02-24 11:22:33;INFO]----------------------------------------------------------------------------------------------------

[2025-02-24 11:22:33;INFO]Current Epoch: 392 / 500 | Learning Rate : 0.0003454915028137298
[2025-02-24 11:23:02;INFO]Train | Loss : 0.093080 | ACC : 6441/6562 (98.156%)
[2025-02-24 11:23:06;INFO]Valid | Loss : 0.466592 | ACC : 2266/2813 (80.555%)
[2025-02-24 11:23:06;INFO]      | Loss didn't drop!

[2025-02-24 11:23:06;INFO]best epoch: 379, best loss: 0.060654
[2025-02-24 11:23:06;INFO]----------------------------------------------------------------------------------------------------

[2025-02-24 11:23:06;INFO]Current Epoch: 393 / 500 | Learning Rate : 9.549150281276713e-05
[2025-02-24 11:23:36;INFO]Train | Loss : 0.072939 | ACC : 6468/6562 (98.568%)
[2025-02-24 11:23:40;INFO]Valid | Loss : 5.975976 | ACC : 1073/2813 (38.144%)
[2025-02-24 11:23:40;INFO]      | Loss didn't drop!

[2025-02-24 11:23:40;INFO]best epoch: 379, best loss: 0.060654
[2025-02-24 11:23:40;INFO]----------------------------------------------------------------------------------------------------

[2025-02-24 11:23:40;INFO]Current Epoch: 394 / 500 | Learning Rate : 0.0009045084971885174
[2025-02-24 11:24:09;INFO]Train | Loss : 0.080779 | ACC : 6448/6562 (98.263%)
[2025-02-24 11:24:13;INFO]Valid | Loss : 4.539462 | ACC : 872/2813 (30.999%)
[2025-02-24 11:24:13;INFO]      | Loss didn't drop!

[2025-02-24 11:24:13;INFO]best epoch: 379, best loss: 0.060654
[2025-02-24 11:24:13;INFO]----------------------------------------------------------------------------------------------------

[2025-02-24 11:24:13;INFO]Current Epoch: 395 / 500 | Learning Rate : 0.0006545084971866714
[2025-02-24 11:24:42;INFO]Train | Loss : 0.106329 | ACC : 6415/6562 (97.760%)
[2025-02-24 11:24:46;INFO]Valid | Loss : 0.552530 | ACC : 2312/2813 (82.190%)
[2025-02-24 11:24:46;INFO]      | Loss didn't drop!

[2025-02-24 11:24:46;INFO]best epoch: 379, best loss: 0.060654
[2025-02-24 11:24:46;INFO]----------------------------------------------------------------------------------------------------

[2025-02-24 11:24:46;INFO]Current Epoch: 396 / 500 | Learning Rate : 0.0
[2025-02-24 11:25:15;INFO]Train | Loss : 0.093957 | ACC : 6436/6562 (98.080%)
[2025-02-24 11:25:19;INFO]Valid | Loss : 5.817792 | ACC : 859/2813 (30.537%)
[2025-02-24 11:25:19;INFO]      | Loss didn't drop!

[2025-02-24 11:25:19;INFO]best epoch: 379, best loss: 0.060654
[2025-02-24 11:25:19;INFO]----------------------------------------------------------------------------------------------------

[2025-02-24 11:25:19;INFO]Current Epoch: 397 / 500 | Learning Rate : 0.0006545084971890557
[2025-02-24 11:25:48;INFO]Train | Loss : 0.133175 | ACC : 6363/6562 (96.967%)
[2025-02-24 11:25:53;INFO]Valid | Loss : 7.042006 | ACC : 938/2813 (33.345%)
[2025-02-24 11:25:53;INFO]      | Loss didn't drop!

[2025-02-24 11:25:53;INFO]best epoch: 379, best loss: 0.060654
[2025-02-24 11:25:53;INFO]----------------------------------------------------------------------------------------------------

[2025-02-24 11:25:53;INFO]Current Epoch: 398 / 500 | Learning Rate : 0.0009045084971924018
[2025-02-24 11:26:22;INFO]Train | Loss : 0.081680 | ACC : 6451/6562 (98.308%)
[2025-02-24 11:26:26;INFO]Valid | Loss : 0.567918 | ACC : 2353/2813 (83.647%)
[2025-02-24 11:26:26;INFO]      | Loss didn't drop!

[2025-02-24 11:26:26;INFO]best epoch: 379, best loss: 0.060654
[2025-02-24 11:26:26;INFO]----------------------------------------------------------------------------------------------------

[2025-02-24 11:26:26;INFO]Current Epoch: 399 / 500 | Learning Rate : 9.549150281228256e-05
[2025-02-24 11:26:55;INFO]Train | Loss : 0.057734 | ACC : 6490/6562 (98.903%)
[2025-02-24 11:26:59;INFO]Valid | Loss : 0.180099 | ACC : 2657/2813 (94.454%)
[2025-02-24 11:26:59;INFO]      | Loss didn't drop!

[2025-02-24 11:26:59;INFO]best epoch: 379, best loss: 0.060654
[2025-02-24 11:26:59;INFO]----------------------------------------------------------------------------------------------------

[2025-02-24 11:26:59;INFO]Current Epoch: 400 / 500 | Learning Rate : 0.0003454915028137317
[2025-02-24 11:27:28;INFO]Train | Loss : 0.068511 | ACC : 6475/6562 (98.674%)
[2025-02-24 11:27:32;INFO]Valid | Loss : 3.815808 | ACC : 1225/2813 (43.548%)
[2025-02-24 11:27:32;INFO]      | Loss didn't drop!

[2025-02-24 11:27:32;INFO]best epoch: 379, best loss: 0.060654
[2025-02-24 11:27:32;INFO]----------------------------------------------------------------------------------------------------

[2025-02-24 11:27:32;INFO]Current Epoch: 401 / 500 | Learning Rate : 0.0010000000000008394
[2025-02-24 11:28:01;INFO]Train | Loss : 0.161605 | ACC : 6353/6562 (96.815%)
[2025-02-24 11:28:05;INFO]Valid | Loss : 2.669159 | ACC : 1404/2813 (49.911%)
[2025-02-24 11:28:05;INFO]      | Loss didn't drop!

[2025-02-24 11:28:05;INFO]best epoch: 379, best loss: 0.060654
[2025-02-24 11:28:05;INFO]----------------------------------------------------------------------------------------------------

[2025-02-24 11:28:05;INFO]Current Epoch: 402 / 500 | Learning Rate : 0.0003454915028139857
[2025-02-24 11:28:35;INFO]Train | Loss : 0.173258 | ACC : 6311/6562 (96.175%)
[2025-02-24 11:28:39;INFO]Valid | Loss : 1.338322 | ACC : 1848/2813 (65.695%)
[2025-02-24 11:28:39;INFO]      | Loss didn't drop!

[2025-02-24 11:28:39;INFO]best epoch: 379, best loss: 0.060654
[2025-02-24 11:28:39;INFO]----------------------------------------------------------------------------------------------------

[2025-02-24 11:28:39;INFO]Current Epoch: 403 / 500 | Learning Rate : 9.549150281281616e-05
[2025-02-24 11:29:08;INFO]Train | Loss : 0.163599 | ACC : 6336/6562 (96.556%)
[2025-02-24 11:29:12;INFO]Valid | Loss : 2.889013 | ACC : 1352/2813 (48.063%)
[2025-02-24 11:29:12;INFO]      | Loss didn't drop!

[2025-02-24 11:29:12;INFO]best epoch: 379, best loss: 0.060654
[2025-02-24 11:29:12;INFO]----------------------------------------------------------------------------------------------------

[2025-02-24 11:29:12;INFO]Current Epoch: 404 / 500 | Learning Rate : 0.0009045084971944752
[2025-02-24 11:29:41;INFO]Train | Loss : 0.102653 | ACC : 6422/6562 (97.867%)
[2025-02-24 11:29:45;INFO]Valid | Loss : 23.379918 | ACC : 282/2813 (10.025%)
[2025-02-24 11:29:45;INFO]      | Loss didn't drop!

[2025-02-24 11:29:45;INFO]best epoch: 379, best loss: 0.060654
[2025-02-24 11:29:45;INFO]----------------------------------------------------------------------------------------------------

[2025-02-24 11:29:45;INFO]Current Epoch: 405 / 500 | Learning Rate : 0.0006545084971909171
[2025-02-24 11:30:14;INFO]Train | Loss : 0.156756 | ACC : 6348/6562 (96.739%)
[2025-02-24 11:30:18;INFO]Valid | Loss : 0.315114 | ACC : 2493/2813 (88.624%)
[2025-02-24 11:30:18;INFO]      | Loss didn't drop!

[2025-02-24 11:30:18;INFO]best epoch: 379, best loss: 0.060654
[2025-02-24 11:30:18;INFO]----------------------------------------------------------------------------------------------------

[2025-02-24 11:30:18;INFO]Current Epoch: 406 / 500 | Learning Rate : 0.0
[2025-02-24 11:30:47;INFO]Train | Loss : 0.092420 | ACC : 6442/6562 (98.171%)
[2025-02-24 11:30:52;INFO]Valid | Loss : 5.824101 | ACC : 1023/2813 (36.367%)
[2025-02-24 11:30:52;INFO]      | Loss didn't drop!

[2025-02-24 11:30:52;INFO]best epoch: 379, best loss: 0.060654
[2025-02-24 11:30:52;INFO]----------------------------------------------------------------------------------------------------

[2025-02-24 11:30:52;INFO]Current Epoch: 407 / 500 | Learning Rate : 0.00065450849718569
[2025-02-24 11:31:21;INFO]Train | Loss : 0.083759 | ACC : 6460/6562 (98.446%)
[2025-02-24 11:31:25;INFO]Valid | Loss : 2.239340 | ACC : 1730/2813 (61.500%)
[2025-02-24 11:31:25;INFO]      | Loss didn't drop!

[2025-02-24 11:31:25;INFO]best epoch: 379, best loss: 0.060654
[2025-02-24 11:31:25;INFO]----------------------------------------------------------------------------------------------------

[2025-02-24 11:31:25;INFO]Current Epoch: 408 / 500 | Learning Rate : 0.0009045084971879339
[2025-02-24 11:31:54;INFO]Train | Loss : 0.119248 | ACC : 6396/6562 (97.470%)
[2025-02-24 11:31:58;INFO]Valid | Loss : 1.189067 | ACC : 2095/2813 (74.476%)
[2025-02-24 11:31:58;INFO]      | Loss didn't drop!

[2025-02-24 11:31:58;INFO]best epoch: 379, best loss: 0.060654
[2025-02-24 11:31:58;INFO]----------------------------------------------------------------------------------------------------

[2025-02-24 11:31:58;INFO]Current Epoch: 409 / 500 | Learning Rate : 9.549150281291383e-05
[2025-02-24 11:32:27;INFO]Train | Loss : 0.107597 | ACC : 6401/6562 (97.546%)
[2025-02-24 11:32:31;INFO]Valid | Loss : 0.080158 | ACC : 2768/2813 (98.400%)
[2025-02-24 11:32:31;INFO]      | Loss didn't drop!

[2025-02-24 11:32:31;INFO]best epoch: 379, best loss: 0.060654
[2025-02-24 11:32:31;INFO]----------------------------------------------------------------------------------------------------

[2025-02-24 11:32:31;INFO]Current Epoch: 410 / 500 | Learning Rate : 0.0003454915028139372
[2025-02-24 11:33:00;INFO]Train | Loss : 0.070959 | ACC : 6479/6562 (98.735%)
[2025-02-24 11:33:04;INFO]Valid | Loss : 1.178496 | ACC : 2020/2813 (71.809%)
[2025-02-24 11:33:04;INFO]      | Loss didn't drop!

[2025-02-24 11:33:04;INFO]best epoch: 379, best loss: 0.060654
[2025-02-24 11:33:04;INFO]----------------------------------------------------------------------------------------------------

[2025-02-24 11:33:04;INFO]Current Epoch: 411 / 500 | Learning Rate : 0.001000000000001506
[2025-02-24 11:33:34;INFO]Train | Loss : 0.079420 | ACC : 6458/6562 (98.415%)
[2025-02-24 11:33:38;INFO]Valid | Loss : 2.442706 | ACC : 1418/2813 (50.409%)
[2025-02-24 11:33:38;INFO]      | Loss didn't drop!

[2025-02-24 11:33:38;INFO]best epoch: 379, best loss: 0.060654
[2025-02-24 11:33:38;INFO]----------------------------------------------------------------------------------------------------

[2025-02-24 11:33:38;INFO]Current Epoch: 412 / 500 | Learning Rate : 0.00034549150281424463
[2025-02-24 11:34:07;INFO]Train | Loss : 0.072302 | ACC : 6469/6562 (98.583%)
[2025-02-24 11:34:11;INFO]Valid | Loss : 0.169847 | ACC : 2661/2813 (94.597%)
[2025-02-24 11:34:11;INFO]      | Loss didn't drop!

[2025-02-24 11:34:11;INFO]best epoch: 379, best loss: 0.060654
[2025-02-24 11:34:11;INFO]----------------------------------------------------------------------------------------------------

[2025-02-24 11:34:11;INFO]Current Epoch: 413 / 500 | Learning Rate : 9.549150281258051e-05
[2025-02-24 11:34:40;INFO]Train | Loss : 0.057951 | ACC : 6489/6562 (98.888%)
[2025-02-24 11:34:44;INFO]Valid | Loss : 0.098914 | ACC : 2743/2813 (97.512%)
[2025-02-24 11:34:44;INFO]      | Loss didn't drop!

[2025-02-24 11:34:44;INFO]best epoch: 379, best loss: 0.060654
[2025-02-24 11:34:44;INFO]----------------------------------------------------------------------------------------------------

[2025-02-24 11:34:44;INFO]Current Epoch: 414 / 500 | Learning Rate : 0.0009045084971846152
[2025-02-24 11:35:13;INFO]Train | Loss : 0.069412 | ACC : 6474/6562 (98.659%)
[2025-02-24 11:35:17;INFO]Valid | Loss : 2.622049 | ACC : 1759/2813 (62.531%)
[2025-02-24 11:35:17;INFO]      | Loss didn't drop!

[2025-02-24 11:35:17;INFO]best epoch: 379, best loss: 0.060654
[2025-02-24 11:35:17;INFO]----------------------------------------------------------------------------------------------------

[2025-02-24 11:35:17;INFO]Current Epoch: 415 / 500 | Learning Rate : 0.0006545084971876015
[2025-02-24 11:35:46;INFO]Train | Loss : 0.086071 | ACC : 6440/6562 (98.141%)
[2025-02-24 11:35:51;INFO]Valid | Loss : 1.971524 | ACC : 1528/2813 (54.319%)
[2025-02-24 11:35:51;INFO]      | Loss didn't drop!

[2025-02-24 11:35:51;INFO]best epoch: 379, best loss: 0.060654
[2025-02-24 11:35:51;INFO]----------------------------------------------------------------------------------------------------

[2025-02-24 11:35:51;INFO]Current Epoch: 416 / 500 | Learning Rate : 0.0
[2025-02-24 11:36:20;INFO]Train | Loss : 0.076643 | ACC : 6460/6562 (98.446%)
[2025-02-24 11:36:24;INFO]Valid | Loss : 8.573772 | ACC : 722/2813 (25.667%)
[2025-02-24 11:36:24;INFO]      | Loss didn't drop!

[2025-02-24 11:36:24;INFO]best epoch: 379, best loss: 0.060654
[2025-02-24 11:36:24;INFO]----------------------------------------------------------------------------------------------------

[2025-02-24 11:36:24;INFO]Current Epoch: 417 / 500 | Learning Rate : 0.0006545084971898848
[2025-02-24 11:36:53;INFO]Train | Loss : 0.081809 | ACC : 6459/6562 (98.430%)
[2025-02-24 11:36:57;INFO]Valid | Loss : 8.033586 | ACC : 559/2813 (19.872%)
[2025-02-24 11:36:57;INFO]      | Loss didn't drop!

[2025-02-24 11:36:57;INFO]best epoch: 379, best loss: 0.060654
[2025-02-24 11:36:57;INFO]----------------------------------------------------------------------------------------------------

[2025-02-24 11:36:57;INFO]Current Epoch: 418 / 500 | Learning Rate : 0.0009045084971885535
[2025-02-24 11:37:26;INFO]Train | Loss : 0.192259 | ACC : 6289/6562 (95.840%)
[2025-02-24 11:37:30;INFO]Valid | Loss : 1.731291 | ACC : 1804/2813 (64.131%)
[2025-02-24 11:37:30;INFO]      | Loss didn't drop!

[2025-02-24 11:37:30;INFO]best epoch: 379, best loss: 0.060654
[2025-02-24 11:37:30;INFO]----------------------------------------------------------------------------------------------------

[2025-02-24 11:37:30;INFO]Current Epoch: 419 / 500 | Learning Rate : 9.549150281312757e-05
[2025-02-24 11:37:59;INFO]Train | Loss : 0.122526 | ACC : 6399/6562 (97.516%)
[2025-02-24 11:38:03;INFO]Valid | Loss : 0.077194 | ACC : 2778/2813 (98.756%)
[2025-02-24 11:38:03;INFO]      | Loss didn't drop!

[2025-02-24 11:38:03;INFO]best epoch: 379, best loss: 0.060654
[2025-02-24 11:38:03;INFO]----------------------------------------------------------------------------------------------------

[2025-02-24 11:38:03;INFO]Current Epoch: 420 / 500 | Learning Rate : 0.00034549150281414564
[2025-02-24 11:38:32;INFO]Train | Loss : 0.102365 | ACC : 6430/6562 (97.988%)
[2025-02-24 11:38:37;INFO]Valid | Loss : 5.317787 | ACC : 822/2813 (29.221%)
[2025-02-24 11:38:37;INFO]      | Loss didn't drop!

[2025-02-24 11:38:37;INFO]best epoch: 379, best loss: 0.060654
[2025-02-24 11:38:37;INFO]----------------------------------------------------------------------------------------------------

[2025-02-24 11:38:37;INFO]Current Epoch: 421 / 500 | Learning Rate : 0.0010000000000079535
[2025-02-24 11:39:06;INFO]Train | Loss : 0.247287 | ACC : 6173/6562 (94.072%)
[2025-02-24 11:39:10;INFO]Valid | Loss : 7.215267 | ACC : 574/2813 (20.405%)
[2025-02-24 11:39:10;INFO]      | Loss didn't drop!

[2025-02-24 11:39:10;INFO]best epoch: 379, best loss: 0.060654
[2025-02-24 11:39:10;INFO]----------------------------------------------------------------------------------------------------

[2025-02-24 11:39:10;INFO]Current Epoch: 422 / 500 | Learning Rate : 0.00034549150281250655
[2025-02-24 11:39:39;INFO]Train | Loss : 0.111382 | ACC : 6423/6562 (97.882%)
[2025-02-24 11:39:43;INFO]Valid | Loss : 0.214404 | ACC : 2625/2813 (93.317%)
[2025-02-24 11:39:43;INFO]      | Loss didn't drop!

[2025-02-24 11:39:43;INFO]best epoch: 379, best loss: 0.060654
[2025-02-24 11:39:43;INFO]----------------------------------------------------------------------------------------------------

[2025-02-24 11:39:43;INFO]Current Epoch: 423 / 500 | Learning Rate : 9.549150281249503e-05
[2025-02-24 11:40:12;INFO]Train | Loss : 0.084068 | ACC : 6450/6562 (98.293%)
[2025-02-24 11:40:16;INFO]Valid | Loss : 1.553638 | ACC : 1962/2813 (69.748%)
[2025-02-24 11:40:16;INFO]      | Loss didn't drop!

[2025-02-24 11:40:16;INFO]best epoch: 379, best loss: 0.060654
[2025-02-24 11:40:16;INFO]----------------------------------------------------------------------------------------------------

[2025-02-24 11:40:16;INFO]Current Epoch: 424 / 500 | Learning Rate : 0.0009045084971852027
[2025-02-24 11:40:45;INFO]Train | Loss : 0.136325 | ACC : 6357/6562 (96.876%)
[2025-02-24 11:40:49;INFO]Valid | Loss : 2.427001 | ACC : 1775/2813 (63.100%)
[2025-02-24 11:40:49;INFO]      | Loss didn't drop!

[2025-02-24 11:40:49;INFO]best epoch: 379, best loss: 0.060654
[2025-02-24 11:40:49;INFO]----------------------------------------------------------------------------------------------------

[2025-02-24 11:40:49;INFO]Current Epoch: 425 / 500 | Learning Rate : 0.0006545084971880631
[2025-02-24 11:41:18;INFO]Train | Loss : 0.079134 | ACC : 6452/6562 (98.324%)
[2025-02-24 11:41:23;INFO]Valid | Loss : 1.603478 | ACC : 1704/2813 (60.576%)
[2025-02-24 11:41:23;INFO]      | Loss didn't drop!

[2025-02-24 11:41:23;INFO]best epoch: 379, best loss: 0.060654
[2025-02-24 11:41:23;INFO]----------------------------------------------------------------------------------------------------

[2025-02-24 11:41:23;INFO]Current Epoch: 426 / 500 | Learning Rate : 0.0
[2025-02-24 11:41:52;INFO]Train | Loss : 0.063672 | ACC : 6473/6562 (98.644%)
[2025-02-24 11:41:56;INFO]Valid | Loss : 6.307795 | ACC : 858/2813 (30.501%)
[2025-02-24 11:41:56;INFO]      | Loss didn't drop!

[2025-02-24 11:41:56;INFO]best epoch: 379, best loss: 0.060654
[2025-02-24 11:41:56;INFO]----------------------------------------------------------------------------------------------------

[2025-02-24 11:41:56;INFO]Current Epoch: 427 / 500 | Learning Rate : 0.0006545084971903023
[2025-02-24 11:42:25;INFO]Train | Loss : 0.066425 | ACC : 6470/6562 (98.598%)
[2025-02-24 11:42:29;INFO]Valid | Loss : 3.992685 | ACC : 1468/2813 (52.186%)
[2025-02-24 11:42:29;INFO]      | Loss didn't drop!

[2025-02-24 11:42:29;INFO]best epoch: 379, best loss: 0.060654
[2025-02-24 11:42:29;INFO]----------------------------------------------------------------------------------------------------

[2025-02-24 11:42:29;INFO]Current Epoch: 428 / 500 | Learning Rate : 0.0009045084971891805
[2025-02-24 11:42:58;INFO]Train | Loss : 0.051192 | ACC : 6498/6562 (99.025%)
[2025-02-24 11:43:02;INFO]Valid | Loss : 0.675341 | ACC : 2417/2813 (85.923%)
[2025-02-24 11:43:02;INFO]      | Loss didn't drop!

[2025-02-24 11:43:02;INFO]best epoch: 379, best loss: 0.060654
[2025-02-24 11:43:02;INFO]----------------------------------------------------------------------------------------------------

[2025-02-24 11:43:02;INFO]Current Epoch: 429 / 500 | Learning Rate : 9.549150281293958e-05
[2025-02-24 11:43:31;INFO]Train | Loss : 0.058203 | ACC : 6483/6562 (98.796%)
[2025-02-24 11:43:35;INFO]Valid | Loss : 0.116387 | ACC : 2728/2813 (96.978%)
[2025-02-24 11:43:35;INFO]      | Loss didn't drop!

[2025-02-24 11:43:35;INFO]best epoch: 379, best loss: 0.060654
[2025-02-24 11:43:35;INFO]----------------------------------------------------------------------------------------------------

[2025-02-24 11:43:35;INFO]Current Epoch: 430 / 500 | Learning Rate : 0.000345491502812354
[2025-02-24 11:44:05;INFO]Train | Loss : 0.063190 | ACC : 6476/6562 (98.689%)
[2025-02-24 11:44:09;INFO]Valid | Loss : 5.150415 | ACC : 937/2813 (33.310%)
[2025-02-24 11:44:09;INFO]      | Loss didn't drop!

[2025-02-24 11:44:09;INFO]best epoch: 379, best loss: 0.060654
[2025-02-24 11:44:09;INFO]----------------------------------------------------------------------------------------------------

[2025-02-24 11:44:09;INFO]Current Epoch: 431 / 500 | Learning Rate : 0.0009999999999970692
[2025-02-24 11:44:38;INFO]Train | Loss : 0.117804 | ACC : 6426/6562 (97.927%)
[2025-02-24 11:44:42;INFO]Valid | Loss : 4.601913 | ACC : 1095/2813 (38.926%)
[2025-02-24 11:44:42;INFO]      | Loss didn't drop!

[2025-02-24 11:44:42;INFO]best epoch: 379, best loss: 0.060654
[2025-02-24 11:44:42;INFO]----------------------------------------------------------------------------------------------------

[2025-02-24 11:44:42;INFO]Current Epoch: 432 / 500 | Learning Rate : 0.0003454915028125458
[2025-02-24 11:45:11;INFO]Train | Loss : 0.225880 | ACC : 6222/6562 (94.819%)
[2025-02-24 11:45:15;INFO]Valid | Loss : 0.219100 | ACC : 2610/2813 (92.784%)
[2025-02-24 11:45:15;INFO]      | Loss didn't drop!

[2025-02-24 11:45:15;INFO]best epoch: 379, best loss: 0.060654
[2025-02-24 11:45:15;INFO]----------------------------------------------------------------------------------------------------

[2025-02-24 11:45:15;INFO]Current Epoch: 433 / 500 | Learning Rate : 9.549150281254408e-05
[2025-02-24 11:45:44;INFO]Train | Loss : 0.087363 | ACC : 6470/6562 (98.598%)
[2025-02-24 11:45:48;INFO]Valid | Loss : 1.012485 | ACC : 1902/2813 (67.615%)
[2025-02-24 11:45:48;INFO]      | Loss didn't drop!

[2025-02-24 11:45:48;INFO]best epoch: 379, best loss: 0.060654
[2025-02-24 11:45:48;INFO]----------------------------------------------------------------------------------------------------

[2025-02-24 11:45:48;INFO]Current Epoch: 434 / 500 | Learning Rate : 0.000904508497190894
[2025-02-24 11:46:17;INFO]Train | Loss : 0.083850 | ACC : 6452/6562 (98.324%)
[2025-02-24 11:46:21;INFO]Valid | Loss : 0.725002 | ACC : 2228/2813 (79.204%)
[2025-02-24 11:46:21;INFO]      | Loss didn't drop!

[2025-02-24 11:46:21;INFO]best epoch: 379, best loss: 0.060654
[2025-02-24 11:46:21;INFO]----------------------------------------------------------------------------------------------------

[2025-02-24 11:46:21;INFO]Current Epoch: 435 / 500 | Learning Rate : 0.0006545084971883151
[2025-02-24 11:46:51;INFO]Train | Loss : 0.071165 | ACC : 6471/6562 (98.613%)
[2025-02-24 11:46:55;INFO]Valid | Loss : 0.488471 | ACC : 2308/2813 (82.048%)
[2025-02-24 11:46:55;INFO]      | Loss didn't drop!

[2025-02-24 11:46:55;INFO]best epoch: 379, best loss: 0.060654
[2025-02-24 11:46:55;INFO]----------------------------------------------------------------------------------------------------

[2025-02-24 11:46:55;INFO]Current Epoch: 436 / 500 | Learning Rate : 0.0
[2025-02-24 11:47:24;INFO]Train | Loss : 0.062762 | ACC : 6483/6562 (98.796%)
[2025-02-24 11:47:28;INFO]Valid | Loss : 2.390653 | ACC : 1904/2813 (67.686%)
[2025-02-24 11:47:28;INFO]      | Loss didn't drop!

[2025-02-24 11:47:28;INFO]best epoch: 379, best loss: 0.060654
[2025-02-24 11:47:28;INFO]----------------------------------------------------------------------------------------------------

[2025-02-24 11:47:28;INFO]Current Epoch: 437 / 500 | Learning Rate : 0.0006545084971907136
[2025-02-24 11:47:57;INFO]Train | Loss : 0.205036 | ACC : 6252/6562 (95.276%)
[2025-02-24 11:48:01;INFO]Valid | Loss : 18.406549 | ACC : 317/2813 (11.269%)
[2025-02-24 11:48:01;INFO]      | Loss didn't drop!

[2025-02-24 11:48:01;INFO]best epoch: 379, best loss: 0.060654
[2025-02-24 11:48:01;INFO]----------------------------------------------------------------------------------------------------

[2025-02-24 11:48:01;INFO]Current Epoch: 438 / 500 | Learning Rate : 0.0009045084971948944
[2025-02-24 11:48:30;INFO]Train | Loss : 0.135053 | ACC : 6380/6562 (97.226%)
[2025-02-24 11:48:34;INFO]Valid | Loss : 0.492456 | ACC : 2486/2813 (88.375%)
[2025-02-24 11:48:34;INFO]      | Loss didn't drop!

[2025-02-24 11:48:34;INFO]best epoch: 379, best loss: 0.060654
[2025-02-24 11:48:34;INFO]----------------------------------------------------------------------------------------------------

[2025-02-24 11:48:34;INFO]Current Epoch: 439 / 500 | Learning Rate : 9.549150281246771e-05
[2025-02-24 11:49:03;INFO]Train | Loss : 0.062320 | ACC : 6481/6562 (98.766%)
[2025-02-24 11:49:08;INFO]Valid | Loss : 0.077425 | ACC : 2774/2813 (98.614%)
[2025-02-24 11:49:08;INFO]      | Loss didn't drop!

[2025-02-24 11:49:08;INFO]best epoch: 379, best loss: 0.060654
[2025-02-24 11:49:08;INFO]----------------------------------------------------------------------------------------------------

[2025-02-24 11:49:08;INFO]Current Epoch: 440 / 500 | Learning Rate : 0.0003454915028125626
[2025-02-24 11:49:37;INFO]Train | Loss : 0.084525 | ACC : 6448/6562 (98.263%)
[2025-02-24 11:49:41;INFO]Valid | Loss : 2.996521 | ACC : 1343/2813 (47.743%)
[2025-02-24 11:49:41;INFO]      | Loss didn't drop!

[2025-02-24 11:49:41;INFO]best epoch: 379, best loss: 0.060654
[2025-02-24 11:49:41;INFO]----------------------------------------------------------------------------------------------------

[2025-02-24 11:49:41;INFO]Current Epoch: 441 / 500 | Learning Rate : 0.000999999999997746
[2025-02-24 11:50:10;INFO]Train | Loss : 0.073723 | ACC : 6463/6562 (98.491%)
[2025-02-24 11:50:14;INFO]Valid | Loss : 4.763193 | ACC : 1162/2813 (41.308%)
[2025-02-24 11:50:14;INFO]      | Loss didn't drop!

[2025-02-24 11:50:14;INFO]best epoch: 379, best loss: 0.060654
[2025-02-24 11:50:14;INFO]----------------------------------------------------------------------------------------------------

[2025-02-24 11:50:14;INFO]Current Epoch: 442 / 500 | Learning Rate : 0.0003454915028128045
[2025-02-24 11:50:43;INFO]Train | Loss : 0.090471 | ACC : 6434/6562 (98.049%)
[2025-02-24 11:50:47;INFO]Valid | Loss : 0.228295 | ACC : 2578/2813 (91.646%)
[2025-02-24 11:50:47;INFO]      | Loss didn't drop!

[2025-02-24 11:50:47;INFO]best epoch: 379, best loss: 0.060654
[2025-02-24 11:50:47;INFO]----------------------------------------------------------------------------------------------------

[2025-02-24 11:50:47;INFO]Current Epoch: 443 / 500 | Learning Rate : 9.549150281259311e-05
[2025-02-24 11:51:16;INFO]Train | Loss : 0.082714 | ACC : 6451/6562 (98.308%)
[2025-02-24 11:51:20;INFO]Valid | Loss : 2.010707 | ACC : 1597/2813 (56.772%)
[2025-02-24 11:51:20;INFO]      | Loss didn't drop!

[2025-02-24 11:51:20;INFO]best epoch: 379, best loss: 0.060654
[2025-02-24 11:51:20;INFO]----------------------------------------------------------------------------------------------------

[2025-02-24 11:51:20;INFO]Current Epoch: 444 / 500 | Learning Rate : 0.0009045084971914823
[2025-02-24 11:51:49;INFO]Train | Loss : 0.070197 | ACC : 6466/6562 (98.537%)
[2025-02-24 11:51:54;INFO]Valid | Loss : 3.960566 | ACC : 1246/2813 (44.294%)
[2025-02-24 11:51:54;INFO]      | Loss didn't drop!

[2025-02-24 11:51:54;INFO]best epoch: 379, best loss: 0.060654
[2025-02-24 11:51:54;INFO]----------------------------------------------------------------------------------------------------

[2025-02-24 11:51:54;INFO]Current Epoch: 445 / 500 | Learning Rate : 0.0006545084971887765
[2025-02-24 11:52:23;INFO]Train | Loss : 0.061104 | ACC : 6474/6562 (98.659%)
[2025-02-24 11:52:27;INFO]Valid | Loss : 0.370432 | ACC : 2426/2813 (86.242%)
[2025-02-24 11:52:27;INFO]      | Loss didn't drop!

[2025-02-24 11:52:27;INFO]best epoch: 379, best loss: 0.060654
[2025-02-24 11:52:27;INFO]----------------------------------------------------------------------------------------------------

[2025-02-24 11:52:27;INFO]Current Epoch: 446 / 500 | Learning Rate : 0.0
[2025-02-24 11:52:56;INFO]Train | Loss : 0.053815 | ACC : 6489/6562 (98.888%)
[2025-02-24 11:53:00;INFO]Valid | Loss : 0.842336 | ACC : 2238/2813 (79.559%)
[2025-02-24 11:53:00;INFO]      | Loss didn't drop!

[2025-02-24 11:53:00;INFO]best epoch: 379, best loss: 0.060654
[2025-02-24 11:53:00;INFO]----------------------------------------------------------------------------------------------------

[2025-02-24 11:53:00;INFO]Current Epoch: 447 / 500 | Learning Rate : 0.0006545084971871317
[2025-02-24 11:53:29;INFO]Train | Loss : 0.069128 | ACC : 6465/6562 (98.522%)
[2025-02-24 11:53:33;INFO]Valid | Loss : 4.917950 | ACC : 1153/2813 (40.988%)
[2025-02-24 11:53:33;INFO]      | Loss didn't drop!

[2025-02-24 11:53:33;INFO]best epoch: 379, best loss: 0.060654
[2025-02-24 11:53:33;INFO]----------------------------------------------------------------------------------------------------

[2025-02-24 11:53:33;INFO]Current Epoch: 448 / 500 | Learning Rate : 0.0009045084971850641
[2025-02-24 11:54:02;INFO]Train | Loss : 0.063288 | ACC : 6481/6562 (98.766%)
[2025-02-24 11:54:06;INFO]Valid | Loss : 1.575472 | ACC : 1887/2813 (67.081%)
[2025-02-24 11:54:06;INFO]      | Loss didn't drop!

[2025-02-24 11:54:06;INFO]best epoch: 379, best loss: 0.060654
[2025-02-24 11:54:06;INFO]----------------------------------------------------------------------------------------------------

[2025-02-24 11:54:06;INFO]Current Epoch: 449 / 500 | Learning Rate : 9.549150281268157e-05
[2025-02-24 11:54:35;INFO]Train | Loss : 0.066886 | ACC : 6452/6562 (98.324%)
[2025-02-24 11:54:40;INFO]Valid | Loss : 0.249931 | ACC : 2568/2813 (91.290%)
[2025-02-24 11:54:40;INFO]      | Loss didn't drop!

[2025-02-24 11:54:40;INFO]best epoch: 379, best loss: 0.060654
[2025-02-24 11:54:40;INFO]----------------------------------------------------------------------------------------------------

[2025-02-24 11:54:40;INFO]Current Epoch: 450 / 500 | Learning Rate : 0.000345491502812771
[2025-02-24 11:55:09;INFO]Train | Loss : 0.058619 | ACC : 6481/6562 (98.766%)
[2025-02-24 11:55:13;INFO]Valid | Loss : 4.395135 | ACC : 1042/2813 (37.042%)
[2025-02-24 11:55:13;INFO]      | Loss didn't drop!

[2025-02-24 11:55:13;INFO]best epoch: 379, best loss: 0.060654
[2025-02-24 11:55:13;INFO]----------------------------------------------------------------------------------------------------

[2025-02-24 11:55:13;INFO]Current Epoch: 451 / 500 | Learning Rate : 0.0010000000000041933
[2025-02-24 11:55:42;INFO]Train | Loss : 0.061795 | ACC : 6470/6562 (98.598%)
[2025-02-24 11:55:46;INFO]Valid | Loss : 0.508657 | ACC : 2451/2813 (87.131%)
[2025-02-24 11:55:46;INFO]      | Loss didn't drop!

[2025-02-24 11:55:46;INFO]best epoch: 379, best loss: 0.060654
[2025-02-24 11:55:46;INFO]----------------------------------------------------------------------------------------------------

[2025-02-24 11:55:46;INFO]Current Epoch: 452 / 500 | Learning Rate : 0.00034549150281306046
[2025-02-24 11:56:15;INFO]Train | Loss : 0.099045 | ACC : 6410/6562 (97.684%)
[2025-02-24 11:56:19;INFO]Valid | Loss : 0.461686 | ACC : 2438/2813 (86.669%)
[2025-02-24 11:56:19;INFO]      | Loss didn't drop!

[2025-02-24 11:56:19;INFO]best epoch: 379, best loss: 0.060654
[2025-02-24 11:56:19;INFO]----------------------------------------------------------------------------------------------------

[2025-02-24 11:56:19;INFO]Current Epoch: 453 / 500 | Learning Rate : 9.54915028126413e-05
[2025-02-24 11:56:48;INFO]Train | Loss : 0.095651 | ACC : 6426/6562 (97.927%)
[2025-02-24 11:56:52;INFO]Valid | Loss : 3.157979 | ACC : 1428/2813 (50.764%)
[2025-02-24 11:56:52;INFO]      | Loss didn't drop!

[2025-02-24 11:56:52;INFO]best epoch: 379, best loss: 0.060654
[2025-02-24 11:56:52;INFO]----------------------------------------------------------------------------------------------------

[2025-02-24 11:56:52;INFO]Current Epoch: 454 / 500 | Learning Rate : 0.0009045084971923452
[2025-02-24 11:57:22;INFO]Train | Loss : 0.081304 | ACC : 6448/6562 (98.263%)
[2025-02-24 11:57:26;INFO]Valid | Loss : 9.378980 | ACC : 954/2813 (33.914%)
[2025-02-24 11:57:26;INFO]      | Loss didn't drop!

[2025-02-24 11:57:26;INFO]best epoch: 379, best loss: 0.060654
[2025-02-24 11:57:26;INFO]----------------------------------------------------------------------------------------------------

[2025-02-24 11:57:26;INFO]Current Epoch: 455 / 500 | Learning Rate : 0.0006545084971930282
[2025-02-24 11:57:55;INFO]Train | Loss : 0.076064 | ACC : 6452/6562 (98.324%)
[2025-02-24 11:57:59;INFO]Valid | Loss : 1.129399 | ACC : 1821/2813 (64.735%)
[2025-02-24 11:57:59;INFO]      | Loss didn't drop!

[2025-02-24 11:57:59;INFO]best epoch: 379, best loss: 0.060654
[2025-02-24 11:57:59;INFO]----------------------------------------------------------------------------------------------------

[2025-02-24 11:57:59;INFO]Current Epoch: 456 / 500 | Learning Rate : 0.0
[2025-02-24 11:58:28;INFO]Train | Loss : 0.064027 | ACC : 6478/6562 (98.720%)
[2025-02-24 11:58:32;INFO]Valid | Loss : 6.355065 | ACC : 957/2813 (34.021%)
[2025-02-24 11:58:32;INFO]      | Loss didn't drop!

[2025-02-24 11:58:32;INFO]best epoch: 379, best loss: 0.060654
[2025-02-24 11:58:32;INFO]----------------------------------------------------------------------------------------------------

[2025-02-24 11:58:32;INFO]Current Epoch: 457 / 500 | Learning Rate : 0.0006545084971879817
[2025-02-24 11:59:01;INFO]Train | Loss : 0.111271 | ACC : 6423/6562 (97.882%)
[2025-02-24 11:59:05;INFO]Valid | Loss : 3.532264 | ACC : 1083/2813 (38.500%)
[2025-02-24 11:59:05;INFO]      | Loss didn't drop!

[2025-02-24 11:59:05;INFO]best epoch: 379, best loss: 0.060654
[2025-02-24 11:59:05;INFO]----------------------------------------------------------------------------------------------------

[2025-02-24 11:59:05;INFO]Current Epoch: 458 / 500 | Learning Rate : 0.0009045084971856921
[2025-02-24 11:59:34;INFO]Train | Loss : 0.075912 | ACC : 6473/6562 (98.644%)
[2025-02-24 11:59:39;INFO]Valid | Loss : 4.183979 | ACC : 1138/2813 (40.455%)
[2025-02-24 11:59:39;INFO]      | Loss didn't drop!

[2025-02-24 11:59:39;INFO]best epoch: 379, best loss: 0.060654
[2025-02-24 11:59:39;INFO]----------------------------------------------------------------------------------------------------

[2025-02-24 11:59:39;INFO]Current Epoch: 459 / 500 | Learning Rate : 9.549150281276074e-05
[2025-02-24 12:00:08;INFO]Train | Loss : 0.080936 | ACC : 6441/6562 (98.156%)
[2025-02-24 12:00:12;INFO]Valid | Loss : 0.525108 | ACC : 2300/2813 (81.763%)
[2025-02-24 12:00:12;INFO]      | Loss didn't drop!

[2025-02-24 12:00:12;INFO]best epoch: 379, best loss: 0.060654
[2025-02-24 12:00:12;INFO]----------------------------------------------------------------------------------------------------

[2025-02-24 12:00:12;INFO]Current Epoch: 460 / 500 | Learning Rate : 0.0003454915028131926
[2025-02-24 12:00:41;INFO]Train | Loss : 0.072407 | ACC : 6455/6562 (98.369%)
[2025-02-24 12:00:45;INFO]Valid | Loss : 3.868248 | ACC : 1331/2813 (47.316%)
[2025-02-24 12:00:45;INFO]      | Loss didn't drop!

[2025-02-24 12:00:45;INFO]best epoch: 379, best loss: 0.060654
[2025-02-24 12:00:45;INFO]----------------------------------------------------------------------------------------------------

[2025-02-24 12:00:45;INFO]Current Epoch: 461 / 500 | Learning Rate : 0.00100000000000487
[2025-02-24 12:01:14;INFO]Train | Loss : 0.142774 | ACC : 6355/6562 (96.845%)
[2025-02-24 12:01:18;INFO]Valid | Loss : 3.947161 | ACC : 1409/2813 (50.089%)
[2025-02-24 12:01:18;INFO]      | Loss didn't drop!

[2025-02-24 12:01:18;INFO]best epoch: 379, best loss: 0.060654
[2025-02-24 12:01:18;INFO]----------------------------------------------------------------------------------------------------

[2025-02-24 12:01:18;INFO]Current Epoch: 462 / 500 | Learning Rate : 0.0003454915028135354
[2025-02-24 12:01:47;INFO]Train | Loss : 0.258475 | ACC : 6159/6562 (93.859%)
[2025-02-24 12:01:51;INFO]Valid | Loss : 0.356083 | ACC : 2505/2813 (89.051%)
[2025-02-24 12:01:51;INFO]      | Loss didn't drop!

[2025-02-24 12:01:51;INFO]best epoch: 379, best loss: 0.060654
[2025-02-24 12:01:51;INFO]----------------------------------------------------------------------------------------------------

[2025-02-24 12:01:51;INFO]Current Epoch: 463 / 500 | Learning Rate : 9.549150281337507e-05
[2025-02-24 12:02:20;INFO]Train | Loss : 0.118239 | ACC : 6430/6562 (97.988%)
[2025-02-24 12:02:25;INFO]Valid | Loss : 3.192470 | ACC : 1346/2813 (47.849%)
[2025-02-24 12:02:25;INFO]      | Loss didn't drop!

[2025-02-24 12:02:25;INFO]best epoch: 379, best loss: 0.060654
[2025-02-24 12:02:25;INFO]----------------------------------------------------------------------------------------------------

[2025-02-24 12:02:25;INFO]Current Epoch: 464 / 500 | Learning Rate : 0.0009045084971875799
[2025-02-24 12:02:54;INFO]Train | Loss : 0.152119 | ACC : 6338/6562 (96.586%)
[2025-02-24 12:02:58;INFO]Valid | Loss : 0.563765 | ACC : 2219/2813 (78.884%)
[2025-02-24 12:02:58;INFO]      | Loss didn't drop!

[2025-02-24 12:02:58;INFO]best epoch: 379, best loss: 0.060654
[2025-02-24 12:02:58;INFO]----------------------------------------------------------------------------------------------------

[2025-02-24 12:02:58;INFO]Current Epoch: 465 / 500 | Learning Rate : 0.0006545084971859294
[2025-02-24 12:03:27;INFO]Train | Loss : 0.077940 | ACC : 6460/6562 (98.446%)
[2025-02-24 12:03:31;INFO]Valid | Loss : 0.261475 | ACC : 2548/2813 (90.579%)
[2025-02-24 12:03:31;INFO]      | Loss didn't drop!

[2025-02-24 12:03:31;INFO]best epoch: 379, best loss: 0.060654
[2025-02-24 12:03:31;INFO]----------------------------------------------------------------------------------------------------

[2025-02-24 12:03:31;INFO]Current Epoch: 466 / 500 | Learning Rate : 0.0
[2025-02-24 12:04:00;INFO]Train | Loss : 0.073019 | ACC : 6449/6562 (98.278%)
[2025-02-24 12:04:04;INFO]Valid | Loss : 1.558355 | ACC : 1829/2813 (65.020%)
[2025-02-24 12:04:04;INFO]      | Loss didn't drop!

[2025-02-24 12:04:04;INFO]best epoch: 379, best loss: 0.060654
[2025-02-24 12:04:04;INFO]----------------------------------------------------------------------------------------------------

[2025-02-24 12:04:04;INFO]Current Epoch: 467 / 500 | Learning Rate : 0.0006545084971883933
[2025-02-24 12:04:33;INFO]Train | Loss : 0.065366 | ACC : 6483/6562 (98.796%)
[2025-02-24 12:04:37;INFO]Valid | Loss : 0.565077 | ACC : 2326/2813 (82.688%)
[2025-02-24 12:04:37;INFO]      | Loss didn't drop!

[2025-02-24 12:04:37;INFO]best epoch: 379, best loss: 0.060654
[2025-02-24 12:04:37;INFO]----------------------------------------------------------------------------------------------------

[2025-02-24 12:04:37;INFO]Current Epoch: 468 / 500 | Learning Rate : 0.0009045084971915398
[2025-02-24 12:05:07;INFO]Train | Loss : 0.068138 | ACC : 6462/6562 (98.476%)
[2025-02-24 12:05:11;INFO]Valid | Loss : 0.939162 | ACC : 2151/2813 (76.466%)
[2025-02-24 12:05:11;INFO]      | Loss didn't drop!

[2025-02-24 12:05:11;INFO]best epoch: 379, best loss: 0.060654
[2025-02-24 12:05:11;INFO]----------------------------------------------------------------------------------------------------

[2025-02-24 12:05:11;INFO]Current Epoch: 469 / 500 | Learning Rate : 9.549150281284091e-05
[2025-02-24 12:05:40;INFO]Train | Loss : 0.060673 | ACC : 6486/6562 (98.842%)
[2025-02-24 12:05:44;INFO]Valid | Loss : 0.525726 | ACC : 2375/2813 (84.429%)
[2025-02-24 12:05:44;INFO]      | Loss didn't drop!

[2025-02-24 12:05:44;INFO]best epoch: 379, best loss: 0.060654
[2025-02-24 12:05:44;INFO]----------------------------------------------------------------------------------------------------

[2025-02-24 12:05:44;INFO]Current Epoch: 470 / 500 | Learning Rate : 0.00034549150281340107
[2025-02-24 12:06:13;INFO]Train | Loss : 0.063779 | ACC : 6473/6562 (98.644%)
[2025-02-24 12:06:17;INFO]Valid | Loss : 1.677131 | ACC : 2129/2813 (75.684%)
[2025-02-24 12:06:17;INFO]      | Loss didn't drop!

[2025-02-24 12:06:17;INFO]best epoch: 379, best loss: 0.060654
[2025-02-24 12:06:17;INFO]----------------------------------------------------------------------------------------------------

[2025-02-24 12:06:17;INFO]Current Epoch: 471 / 500 | Learning Rate : 0.001000000000005546
[2025-02-24 12:06:46;INFO]Train | Loss : 0.060371 | ACC : 6477/6562 (98.705%)
[2025-02-24 12:06:50;INFO]Valid | Loss : 0.990266 | ACC : 2254/2813 (80.128%)
[2025-02-24 12:06:50;INFO]      | Loss didn't drop!

[2025-02-24 12:06:50;INFO]best epoch: 379, best loss: 0.060654
[2025-02-24 12:06:50;INFO]----------------------------------------------------------------------------------------------------

[2025-02-24 12:06:50;INFO]Current Epoch: 472 / 500 | Learning Rate : 0.0003454915028157881
[2025-02-24 12:07:19;INFO]Train | Loss : 0.063600 | ACC : 6479/6562 (98.735%)
[2025-02-24 12:07:24;INFO]Valid | Loss : 0.064525 | ACC : 2781/2813 (98.862%)
[2025-02-24 12:07:24;INFO]      | Loss didn't drop!

[2025-02-24 12:07:24;INFO]best epoch: 379, best loss: 0.060654
[2025-02-24 12:07:24;INFO]----------------------------------------------------------------------------------------------------

[2025-02-24 12:07:24;INFO]Current Epoch: 473 / 500 | Learning Rate : 9.5491502812321e-05
[2025-02-24 12:07:53;INFO]Train | Loss : 0.052440 | ACC : 6499/6562 (99.040%)
[2025-02-24 12:07:57;INFO]Valid | Loss : 3.147608 | ACC : 1401/2813 (49.804%)
[2025-02-24 12:07:57;INFO]      | Loss didn't drop!

[2025-02-24 12:07:57;INFO]best epoch: 379, best loss: 0.060654
[2025-02-24 12:07:57;INFO]----------------------------------------------------------------------------------------------------

[2025-02-24 12:07:57;INFO]Current Epoch: 474 / 500 | Learning Rate : 0.000904508497188168
[2025-02-24 12:08:26;INFO]Train | Loss : 0.064622 | ACC : 6479/6562 (98.735%)
[2025-02-24 12:08:30;INFO]Valid | Loss : 2.635921 | ACC : 1480/2813 (52.613%)
[2025-02-24 12:08:30;INFO]      | Loss didn't drop!

[2025-02-24 12:08:30;INFO]best epoch: 379, best loss: 0.060654
[2025-02-24 12:08:30;INFO]----------------------------------------------------------------------------------------------------

[2025-02-24 12:08:30;INFO]Current Epoch: 475 / 500 | Learning Rate : 0.0006545084971866081
[2025-02-24 12:08:59;INFO]Train | Loss : 0.049651 | ACC : 6498/6562 (99.025%)
[2025-02-24 12:09:03;INFO]Valid | Loss : 0.091467 | ACC : 2746/2813 (97.618%)
[2025-02-24 12:09:03;INFO]      | Loss didn't drop!

[2025-02-24 12:09:03;INFO]best epoch: 379, best loss: 0.060654
[2025-02-24 12:09:03;INFO]----------------------------------------------------------------------------------------------------

[2025-02-24 12:09:03;INFO]Current Epoch: 476 / 500 | Learning Rate : 0.0
[2025-02-24 12:09:32;INFO]Train | Loss : 0.102029 | ACC : 6419/6562 (97.821%)
[2025-02-24 12:09:36;INFO]Valid | Loss : 10.125756 | ACC : 592/2813 (21.045%)
[2025-02-24 12:09:36;INFO]      | Loss didn't drop!

[2025-02-24 12:09:36;INFO]best epoch: 379, best loss: 0.060654
[2025-02-24 12:09:36;INFO]----------------------------------------------------------------------------------------------------

[2025-02-24 12:09:36;INFO]Current Epoch: 477 / 500 | Learning Rate : 0.0006545084971885947
[2025-02-24 12:10:06;INFO]Train | Loss : 0.095608 | ACC : 6438/6562 (98.110%)
[2025-02-24 12:10:10;INFO]Valid | Loss : 8.306285 | ACC : 327/2813 (11.625%)
[2025-02-24 12:10:10;INFO]      | Loss didn't drop!

[2025-02-24 12:10:10;INFO]best epoch: 379, best loss: 0.060654
[2025-02-24 12:10:10;INFO]----------------------------------------------------------------------------------------------------

[2025-02-24 12:10:10;INFO]Current Epoch: 478 / 500 | Learning Rate : 0.0009045084971921673
[2025-02-24 12:10:39;INFO]Train | Loss : 0.135192 | ACC : 6385/6562 (97.303%)
[2025-02-24 12:10:43;INFO]Valid | Loss : 0.321945 | ACC : 2545/2813 (90.473%)
[2025-02-24 12:10:43;INFO]      | Loss didn't drop!

[2025-02-24 12:10:43;INFO]best epoch: 379, best loss: 0.060654
[2025-02-24 12:10:43;INFO]----------------------------------------------------------------------------------------------------

[2025-02-24 12:10:43;INFO]Current Epoch: 479 / 500 | Learning Rate : 9.549150281278746e-05
[2025-02-24 12:11:12;INFO]Train | Loss : 0.165945 | ACC : 6332/6562 (96.495%)
[2025-02-24 12:11:16;INFO]Valid | Loss : 0.852516 | ACC : 2053/2813 (72.983%)
[2025-02-24 12:11:16;INFO]      | Loss didn't drop!

[2025-02-24 12:11:16;INFO]best epoch: 379, best loss: 0.060654
[2025-02-24 12:11:16;INFO]----------------------------------------------------------------------------------------------------

[2025-02-24 12:11:16;INFO]Current Epoch: 480 / 500 | Learning Rate : 0.00034549150281560357
[2025-02-24 12:11:45;INFO]Train | Loss : 0.193333 | ACC : 6275/6562 (95.626%)
[2025-02-24 12:11:49;INFO]Valid | Loss : 4.635229 | ACC : 977/2813 (34.732%)
[2025-02-24 12:11:49;INFO]      | Loss didn't drop!

[2025-02-24 12:11:49;INFO]best epoch: 379, best loss: 0.060654
[2025-02-24 12:11:49;INFO]----------------------------------------------------------------------------------------------------

[2025-02-24 12:11:49;INFO]Current Epoch: 481 / 500 | Learning Rate : 0.0010000000000004326
[2025-02-24 12:12:18;INFO]Train | Loss : 0.196682 | ACC : 6303/6562 (96.053%)
[2025-02-24 12:12:22;INFO]Valid | Loss : 4.684830 | ACC : 1062/2813 (37.753%)
[2025-02-24 12:12:22;INFO]      | Loss didn't drop!

[2025-02-24 12:12:22;INFO]best epoch: 379, best loss: 0.060654
[2025-02-24 12:12:22;INFO]----------------------------------------------------------------------------------------------------

[2025-02-24 12:12:22;INFO]Current Epoch: 482 / 500 | Learning Rate : 0.00034549150281162026
[2025-02-24 12:12:52;INFO]Train | Loss : 0.108353 | ACC : 6402/6562 (97.562%)
[2025-02-24 12:12:56;INFO]Valid | Loss : 0.077519 | ACC : 2775/2813 (98.649%)
[2025-02-24 12:12:56;INFO]      | Loss didn't drop!

[2025-02-24 12:12:56;INFO]best epoch: 379, best loss: 0.060654
[2025-02-24 12:12:56;INFO]----------------------------------------------------------------------------------------------------

[2025-02-24 12:12:56;INFO]Current Epoch: 483 / 500 | Learning Rate : 9.549150281236921e-05
[2025-02-24 12:13:25;INFO]Train | Loss : 0.065235 | ACC : 6475/6562 (98.674%)
[2025-02-24 12:13:29;INFO]Valid | Loss : 0.469151 | ACC : 2345/2813 (83.363%)
[2025-02-24 12:13:29;INFO]      | Loss didn't drop!

[2025-02-24 12:13:29;INFO]best epoch: 379, best loss: 0.060654
[2025-02-24 12:13:29;INFO]----------------------------------------------------------------------------------------------------

[2025-02-24 12:13:29;INFO]Current Epoch: 484 / 500 | Learning Rate : 0.0009045084971887642
[2025-02-24 12:13:58;INFO]Train | Loss : 0.059492 | ACC : 6482/6562 (98.781%)
[2025-02-24 12:14:02;INFO]Valid | Loss : 1.463154 | ACC : 1923/2813 (68.361%)
[2025-02-24 12:14:02;INFO]      | Loss didn't drop!

[2025-02-24 12:14:02;INFO]best epoch: 379, best loss: 0.060654
[2025-02-24 12:14:02;INFO]----------------------------------------------------------------------------------------------------

[2025-02-24 12:14:02;INFO]Current Epoch: 485 / 500 | Learning Rate : 0.000654508497190426
[2025-02-24 12:14:31;INFO]Train | Loss : 0.059575 | ACC : 6489/6562 (98.888%)
[2025-02-24 12:14:35;INFO]Valid | Loss : 0.153585 | ACC : 2677/2813 (95.165%)
[2025-02-24 12:14:35;INFO]      | Loss didn't drop!

[2025-02-24 12:14:35;INFO]best epoch: 379, best loss: 0.060654
[2025-02-24 12:14:35;INFO]----------------------------------------------------------------------------------------------------

[2025-02-24 12:14:35;INFO]Current Epoch: 486 / 500 | Learning Rate : 0.0
[2025-02-24 12:15:04;INFO]Train | Loss : 0.057831 | ACC : 6488/6562 (98.872%)
[2025-02-24 12:15:08;INFO]Valid | Loss : 2.124887 | ACC : 1620/2813 (57.590%)
[2025-02-24 12:15:08;INFO]      | Loss didn't drop!

[2025-02-24 12:15:08;INFO]best epoch: 379, best loss: 0.060654
[2025-02-24 12:15:08;INFO]----------------------------------------------------------------------------------------------------

[2025-02-24 12:15:08;INFO]Current Epoch: 487 / 500 | Learning Rate : 0.0006545084971890062
[2025-02-24 12:15:38;INFO]Train | Loss : 0.063496 | ACC : 6480/6562 (98.750%)
[2025-02-24 12:15:42;INFO]Valid | Loss : 0.353883 | ACC : 2555/2813 (90.828%)
[2025-02-24 12:15:42;INFO]      | Loss didn't drop!

[2025-02-24 12:15:42;INFO]best epoch: 379, best loss: 0.060654
[2025-02-24 12:15:42;INFO]----------------------------------------------------------------------------------------------------

[2025-02-24 12:15:42;INFO]Current Epoch: 488 / 500 | Learning Rate : 0.0009045084971926516
[2025-02-24 12:16:11;INFO]Train | Loss : 0.067309 | ACC : 6460/6562 (98.446%)
[2025-02-24 12:16:15;INFO]Valid | Loss : 1.189217 | ACC : 1923/2813 (68.361%)
[2025-02-24 12:16:15;INFO]      | Loss didn't drop!

[2025-02-24 12:16:15;INFO]best epoch: 379, best loss: 0.060654
[2025-02-24 12:16:15;INFO]----------------------------------------------------------------------------------------------------

[2025-02-24 12:16:15;INFO]Current Epoch: 489 / 500 | Learning Rate : 9.54915028123148e-05
[2025-02-24 12:16:44;INFO]Train | Loss : 0.062595 | ACC : 6467/6562 (98.552%)
[2025-02-24 12:16:48;INFO]Valid | Loss : 0.082093 | ACC : 2754/2813 (97.903%)
[2025-02-24 12:16:48;INFO]      | Loss didn't drop!

[2025-02-24 12:16:48;INFO]best epoch: 379, best loss: 0.060654
[2025-02-24 12:16:48;INFO]----------------------------------------------------------------------------------------------------

[2025-02-24 12:16:48;INFO]Current Epoch: 490 / 500 | Learning Rate : 0.00034549150281160156
[2025-02-24 12:17:17;INFO]Train | Loss : 0.173258 | ACC : 6307/6562 (96.114%)
[2025-02-24 12:17:21;INFO]Valid | Loss : 9.300777 | ACC : 896/2813 (31.852%)
[2025-02-24 12:17:21;INFO]      | Loss didn't drop!

[2025-02-24 12:17:21;INFO]best epoch: 379, best loss: 0.060654
[2025-02-24 12:17:21;INFO]----------------------------------------------------------------------------------------------------

[2025-02-24 12:17:21;INFO]Current Epoch: 491 / 500 | Learning Rate : 0.0010000000000011094
[2025-02-24 12:17:50;INFO]Train | Loss : 0.135646 | ACC : 6396/6562 (97.470%)
[2025-02-24 12:17:54;INFO]Valid | Loss : 0.560088 | ACC : 2394/2813 (85.105%)
[2025-02-24 12:17:54;INFO]      | Loss didn't drop!

[2025-02-24 12:17:54;INFO]best epoch: 379, best loss: 0.060654
[2025-02-24 12:17:54;INFO]----------------------------------------------------------------------------------------------------

[2025-02-24 12:17:54;INFO]Current Epoch: 492 / 500 | Learning Rate : 0.0003454915028120958
[2025-02-24 12:18:24;INFO]Train | Loss : 0.101824 | ACC : 6429/6562 (97.973%)
[2025-02-24 12:18:28;INFO]Valid | Loss : 0.084478 | ACC : 2770/2813 (98.471%)
[2025-02-24 12:18:28;INFO]      | Loss didn't drop!

[2025-02-24 12:18:28;INFO]best epoch: 379, best loss: 0.060654
[2025-02-24 12:18:28;INFO]----------------------------------------------------------------------------------------------------

[2025-02-24 12:18:28;INFO]Current Epoch: 493 / 500 | Learning Rate : 9.549150281296935e-05
[2025-02-24 12:18:57;INFO]Train | Loss : 0.064073 | ACC : 6475/6562 (98.674%)
[2025-02-24 12:19:01;INFO]Valid | Loss : 0.160790 | ACC : 2672/2813 (94.988%)
[2025-02-24 12:19:01;INFO]      | Loss didn't drop!

[2025-02-24 12:19:01;INFO]best epoch: 379, best loss: 0.060654
[2025-02-24 12:19:01;INFO]----------------------------------------------------------------------------------------------------

[2025-02-24 12:19:01;INFO]Current Epoch: 494 / 500 | Learning Rate : 0.0009045084971893519
[2025-02-24 12:19:30;INFO]Train | Loss : 0.068408 | ACC : 6465/6562 (98.522%)
[2025-02-24 12:19:34;INFO]Valid | Loss : 0.340966 | ACC : 2590/2813 (92.073%)
[2025-02-24 12:19:34;INFO]      | Loss didn't drop!

[2025-02-24 12:19:34;INFO]best epoch: 379, best loss: 0.060654
[2025-02-24 12:19:34;INFO]----------------------------------------------------------------------------------------------------

[2025-02-24 12:19:34;INFO]Current Epoch: 495 / 500 | Learning Rate : 0.0006545084971908881
[2025-02-24 12:20:03;INFO]Train | Loss : 0.057272 | ACC : 6478/6562 (98.720%)
[2025-02-24 12:20:07;INFO]Valid | Loss : 0.981883 | ACC : 2007/2813 (71.347%)
[2025-02-24 12:20:07;INFO]      | Loss didn't drop!

[2025-02-24 12:20:07;INFO]best epoch: 379, best loss: 0.060654
[2025-02-24 12:20:07;INFO]----------------------------------------------------------------------------------------------------

[2025-02-24 12:20:07;INFO]Current Epoch: 496 / 500 | Learning Rate : 0.0
[2025-02-24 12:20:36;INFO]Train | Loss : 0.049216 | ACC : 6501/6562 (99.070%)
[2025-02-24 12:20:40;INFO]Valid | Loss : 0.790219 | ACC : 2350/2813 (83.541%)
[2025-02-24 12:20:40;INFO]      | Loss didn't drop!

[2025-02-24 12:20:40;INFO]best epoch: 379, best loss: 0.060654
[2025-02-24 12:20:40;INFO]----------------------------------------------------------------------------------------------------

[2025-02-24 12:20:40;INFO]Current Epoch: 497 / 500 | Learning Rate : 0.0006545084971856402
[2025-02-24 12:21:10;INFO]Train | Loss : 0.125672 | ACC : 6380/6562 (97.226%)
[2025-02-24 12:21:14;INFO]Valid | Loss : 6.453891 | ACC : 897/2813 (31.888%)
[2025-02-24 12:21:14;INFO]      | Loss didn't drop!

[2025-02-24 12:21:14;INFO]best epoch: 379, best loss: 0.060654
[2025-02-24 12:21:14;INFO]----------------------------------------------------------------------------------------------------

[2025-02-24 12:21:14;INFO]Current Epoch: 498 / 500 | Learning Rate : 0.0009045084971880514
[2025-02-24 12:21:37;INFO]Train | Loss : 0.140406 | ACC : 6345/6562 (96.693%)
[2025-02-24 12:21:39;INFO]Valid | Loss : 0.744453 | ACC : 2129/2813 (75.684%)
[2025-02-24 12:21:39;INFO]      | Loss didn't drop!

[2025-02-24 12:21:39;INFO]best epoch: 379, best loss: 0.060654
[2025-02-24 12:21:39;INFO]----------------------------------------------------------------------------------------------------

[2025-02-24 12:21:39;INFO]Current Epoch: 499 / 500 | Learning Rate : 9.549150281239488e-05
[2025-02-24 12:21:52;INFO]Train | Loss : 0.058152 | ACC : 6485/6562 (98.827%)
[2025-02-24 12:21:54;INFO]Valid | Loss : 0.096252 | ACC : 2738/2813 (97.334%)
[2025-02-24 12:21:54;INFO]      | Loss didn't drop!

[2025-02-24 12:21:54;INFO]best epoch: 379, best loss: 0.060654
[2025-02-24 12:21:54;INFO]----------------------------------------------------------------------------------------------------

[2025-02-24 12:21:54;INFO]Current Epoch: 500 / 500 | Learning Rate : 0.0003454915028118102
[2025-02-24 12:22:08;INFO]Train | Loss : 0.058944 | ACC : 6490/6562 (98.903%)
[2025-02-24 12:22:10;INFO]Valid | Loss : 3.444711 | ACC : 1182/2813 (42.019%)
[2025-02-24 12:22:10;INFO]      | Loss didn't drop!

[2025-02-24 12:22:10;INFO]best epoch: 379, best loss: 0.060654
[2025-02-24 12:22:10;INFO]----------------------------------------------------------------------------------------------------

[2025-02-24 12:22:10;INFO]Training finished! Best Epoch : 379 | Best Loss : 0.060654


