[2025-02-21 08:48:20;INFO]====================================================================================================
[2025-02-21 08:48:20;INFO]Config
[2025-02-21 08:48:20;INFO]----------------------------------------------------------------------------------------------------
[2025-02-21 08:48:20;INFO]seed : 2025
[2025-02-21 08:48:20;INFO]mode : train
[2025-02-21 08:48:20;INFO]device : cuda
[2025-02-21 08:48:20;INFO]dataset_path : ../../../Datasets
[2025-02-21 08:48:20;INFO]dataset_name : wisigeq
[2025-02-21 08:48:20;INFO]source : {'d': 2}
[2025-02-21 08:48:20;INFO]num_classes : 6
[2025-02-21 08:48:20;INFO]backbone : scnn
[2025-02-21 08:48:20;INFO]lr : 0.001
[2025-02-21 08:48:20;INFO]batch_size : 128
[2025-02-21 08:48:20;INFO]train_epochs : 500
[2025-02-21 08:48:20;INFO]root_dir : ./result/wisigeq_scnn
[2025-02-21 08:48:20;INFO]work_dir : ./result/wisigeq_scnn/train/day2
[2025-02-21 08:48:20;INFO]logger : <Logger Logger_train (INFO)>
[2025-02-21 08:48:20;INFO]====================================================================================================


[2025-02-21 08:48:23;INFO]Start training ...
[2025-02-21 08:48:23;INFO]No. train samples: 3150
[2025-02-21 08:48:23;INFO]No. valid samples: 1350
[2025-02-21 08:48:23;INFO]----------------------------------------------------------------------------------------------------

[2025-02-21 08:48:23;INFO]Current Epoch: 1 / 500 | Learning Rate : 0.001
[2025-02-21 08:48:27;INFO]Train | Loss : 0.835971 | ACC : 2651/3150 (84.159%)
[2025-02-21 08:48:27;INFO]Valid | Loss : 0.766828 | ACC : 1282/1350 (94.963%)
[2025-02-21 08:48:27;INFO]      | Loss dropped from inf to 0.766828, model has been saved!

[2025-02-21 08:48:27;INFO]best epoch: 1, best loss: 0.766828
[2025-02-21 08:48:27;INFO]----------------------------------------------------------------------------------------------------

[2025-02-21 08:48:27;INFO]Current Epoch: 2 / 500 | Learning Rate : 0.00014644660940672617
[2025-02-21 08:48:28;INFO]Train | Loss : 0.523953 | ACC : 3061/3150 (97.175%)
[2025-02-21 08:48:28;INFO]Valid | Loss : 0.438042 | ACC : 1297/1350 (96.074%)
[2025-02-21 08:48:28;INFO]      | Loss dropped from 0.766828 to 0.438042, model has been saved!

[2025-02-21 08:48:28;INFO]best epoch: 2, best loss: 0.438042
[2025-02-21 08:48:28;INFO]----------------------------------------------------------------------------------------------------

[2025-02-21 08:48:28;INFO]Current Epoch: 3 / 500 | Learning Rate : 0.0004999999999999998
[2025-02-21 08:48:29;INFO]Train | Loss : 0.389901 | ACC : 3128/3150 (99.302%)
[2025-02-21 08:48:29;INFO]Valid | Loss : 0.513399 | ACC : 1210/1350 (89.630%)
[2025-02-21 08:48:29;INFO]      | Loss didn't drop!

[2025-02-21 08:48:29;INFO]best epoch: 2, best loss: 0.438042
[2025-02-21 08:48:29;INFO]----------------------------------------------------------------------------------------------------

[2025-02-21 08:48:29;INFO]Current Epoch: 4 / 500 | Learning Rate : 0.0008535533905932656
[2025-02-21 08:48:30;INFO]Train | Loss : 0.362670 | ACC : 3135/3150 (99.524%)
[2025-02-21 08:48:30;INFO]Valid | Loss : 0.299813 | ACC : 1346/1350 (99.704%)
[2025-02-21 08:48:30;INFO]      | Loss dropped from 0.438042 to 0.299813, model has been saved!

[2025-02-21 08:48:30;INFO]best epoch: 4, best loss: 0.299813
[2025-02-21 08:48:30;INFO]----------------------------------------------------------------------------------------------------

[2025-02-21 08:48:30;INFO]Current Epoch: 5 / 500 | Learning Rate : 0.0
[2025-02-21 08:48:31;INFO]Train | Loss : 0.332579 | ACC : 3138/3150 (99.619%)
[2025-02-21 08:48:31;INFO]Valid | Loss : 0.357423 | ACC : 1334/1350 (98.815%)
[2025-02-21 08:48:31;INFO]      | Loss didn't drop!

[2025-02-21 08:48:31;INFO]best epoch: 4, best loss: 0.299813
[2025-02-21 08:48:31;INFO]----------------------------------------------------------------------------------------------------

[2025-02-21 08:48:31;INFO]Current Epoch: 6 / 500 | Learning Rate : 0.0008535533905932675
[2025-02-21 08:48:32;INFO]Train | Loss : 0.304758 | ACC : 3143/3150 (99.778%)
[2025-02-21 08:48:32;INFO]Valid | Loss : 0.329213 | ACC : 1346/1350 (99.704%)
[2025-02-21 08:48:32;INFO]      | Loss didn't drop!

[2025-02-21 08:48:32;INFO]best epoch: 4, best loss: 0.299813
[2025-02-21 08:48:32;INFO]----------------------------------------------------------------------------------------------------

[2025-02-21 08:48:32;INFO]Current Epoch: 7 / 500 | Learning Rate : 0.0005000000000000214
[2025-02-21 08:48:33;INFO]Train | Loss : 0.297227 | ACC : 3141/3150 (99.714%)
[2025-02-21 08:48:33;INFO]Valid | Loss : 0.314491 | ACC : 1344/1350 (99.556%)
[2025-02-21 08:48:33;INFO]      | Loss didn't drop!

[2025-02-21 08:48:33;INFO]best epoch: 4, best loss: 0.299813
[2025-02-21 08:48:33;INFO]----------------------------------------------------------------------------------------------------

[2025-02-21 08:48:33;INFO]Current Epoch: 8 / 500 | Learning Rate : 0.00014644660940673355
[2025-02-21 08:48:34;INFO]Train | Loss : 0.292016 | ACC : 3144/3150 (99.810%)
[2025-02-21 08:48:34;INFO]Valid | Loss : 0.697623 | ACC : 922/1350 (68.296%)
[2025-02-21 08:48:34;INFO]      | Loss didn't drop!

[2025-02-21 08:48:34;INFO]best epoch: 4, best loss: 0.299813
[2025-02-21 08:48:34;INFO]----------------------------------------------------------------------------------------------------

[2025-02-21 08:48:34;INFO]Current Epoch: 9 / 500 | Learning Rate : 0.001
[2025-02-21 08:48:35;INFO]Train | Loss : 0.280087 | ACC : 3147/3150 (99.905%)
[2025-02-21 08:48:35;INFO]Valid | Loss : 0.264761 | ACC : 1348/1350 (99.852%)
[2025-02-21 08:48:35;INFO]      | Loss dropped from 0.299813 to 0.264761, model has been saved!

[2025-02-21 08:48:35;INFO]best epoch: 9, best loss: 0.264761
[2025-02-21 08:48:35;INFO]----------------------------------------------------------------------------------------------------

[2025-02-21 08:48:35;INFO]Current Epoch: 10 / 500 | Learning Rate : 0.00014644660940671945
[2025-02-21 08:48:36;INFO]Train | Loss : 0.274644 | ACC : 3146/3150 (99.873%)
[2025-02-21 08:48:36;INFO]Valid | Loss : 0.240582 | ACC : 1347/1350 (99.778%)
[2025-02-21 08:48:36;INFO]      | Loss dropped from 0.264761 to 0.240582, model has been saved!

[2025-02-21 08:48:36;INFO]best epoch: 10, best loss: 0.240582
[2025-02-21 08:48:36;INFO]----------------------------------------------------------------------------------------------------

[2025-02-21 08:48:36;INFO]Current Epoch: 11 / 500 | Learning Rate : 0.000499999999999981
[2025-02-21 08:48:37;INFO]Train | Loss : 0.253468 | ACC : 3146/3150 (99.873%)
[2025-02-21 08:48:37;INFO]Valid | Loss : 0.299604 | ACC : 1348/1350 (99.852%)
[2025-02-21 08:48:37;INFO]      | Loss didn't drop!

[2025-02-21 08:48:37;INFO]best epoch: 10, best loss: 0.240582
[2025-02-21 08:48:37;INFO]----------------------------------------------------------------------------------------------------

[2025-02-21 08:48:37;INFO]Current Epoch: 12 / 500 | Learning Rate : 0.0008535533905933208
[2025-02-21 08:48:38;INFO]Train | Loss : 0.246900 | ACC : 3147/3150 (99.905%)
[2025-02-21 08:48:38;INFO]Valid | Loss : 0.233030 | ACC : 1347/1350 (99.778%)
[2025-02-21 08:48:38;INFO]      | Loss dropped from 0.240582 to 0.233030, model has been saved!

[2025-02-21 08:48:38;INFO]best epoch: 12, best loss: 0.233030
[2025-02-21 08:48:38;INFO]----------------------------------------------------------------------------------------------------

[2025-02-21 08:48:38;INFO]Current Epoch: 13 / 500 | Learning Rate : 0.0
[2025-02-21 08:48:39;INFO]Train | Loss : 0.238583 | ACC : 3149/3150 (99.968%)
[2025-02-21 08:48:40;INFO]Valid | Loss : 0.337495 | ACC : 1341/1350 (99.333%)
[2025-02-21 08:48:40;INFO]      | Loss didn't drop!

[2025-02-21 08:48:40;INFO]best epoch: 12, best loss: 0.233030
[2025-02-21 08:48:40;INFO]----------------------------------------------------------------------------------------------------

[2025-02-21 08:48:40;INFO]Current Epoch: 14 / 500 | Learning Rate : 0.0008535533905933215
[2025-02-21 08:48:40;INFO]Train | Loss : 0.231754 | ACC : 3149/3150 (99.968%)
[2025-02-21 08:48:41;INFO]Valid | Loss : 0.222568 | ACC : 1346/1350 (99.704%)
[2025-02-21 08:48:41;INFO]      | Loss dropped from 0.233030 to 0.222568, model has been saved!

[2025-02-21 08:48:41;INFO]best epoch: 14, best loss: 0.222568
[2025-02-21 08:48:41;INFO]----------------------------------------------------------------------------------------------------

[2025-02-21 08:48:41;INFO]Current Epoch: 15 / 500 | Learning Rate : 0.0005000000000000251
[2025-02-21 08:48:41;INFO]Train | Loss : 0.225711 | ACC : 3149/3150 (99.968%)
[2025-02-21 08:48:42;INFO]Valid | Loss : 0.191679 | ACC : 1348/1350 (99.852%)
[2025-02-21 08:48:42;INFO]      | Loss dropped from 0.222568 to 0.191679, model has been saved!

[2025-02-21 08:48:42;INFO]best epoch: 15, best loss: 0.191679
[2025-02-21 08:48:42;INFO]----------------------------------------------------------------------------------------------------

[2025-02-21 08:48:42;INFO]Current Epoch: 16 / 500 | Learning Rate : 0.0001464466094067354
[2025-02-21 08:48:43;INFO]Train | Loss : 0.222948 | ACC : 3148/3150 (99.937%)
[2025-02-21 08:48:43;INFO]Valid | Loss : 0.252391 | ACC : 1347/1350 (99.778%)
[2025-02-21 08:48:43;INFO]      | Loss didn't drop!

[2025-02-21 08:48:43;INFO]best epoch: 15, best loss: 0.191679
[2025-02-21 08:48:43;INFO]----------------------------------------------------------------------------------------------------

[2025-02-21 08:48:43;INFO]Current Epoch: 17 / 500 | Learning Rate : 0.0010000000000000633
[2025-02-21 08:48:44;INFO]Train | Loss : 0.213558 | ACC : 3150/3150 (100.000%)
[2025-02-21 08:48:44;INFO]Valid | Loss : 0.193737 | ACC : 1347/1350 (99.778%)
[2025-02-21 08:48:44;INFO]      | Loss didn't drop!

[2025-02-21 08:48:44;INFO]best epoch: 15, best loss: 0.191679
[2025-02-21 08:48:44;INFO]----------------------------------------------------------------------------------------------------

[2025-02-21 08:48:44;INFO]Current Epoch: 18 / 500 | Learning Rate : 0.0001464466094067349
[2025-02-21 08:48:45;INFO]Train | Loss : 0.209498 | ACC : 3150/3150 (100.000%)
[2025-02-21 08:48:45;INFO]Valid | Loss : 0.320280 | ACC : 1347/1350 (99.778%)
[2025-02-21 08:48:45;INFO]      | Loss didn't drop!

[2025-02-21 08:48:45;INFO]best epoch: 15, best loss: 0.191679
[2025-02-21 08:48:45;INFO]----------------------------------------------------------------------------------------------------

[2025-02-21 08:48:45;INFO]Current Epoch: 19 / 500 | Learning Rate : 0.0005000000000000322
[2025-02-21 08:48:46;INFO]Train | Loss : 0.203667 | ACC : 3150/3150 (100.000%)
[2025-02-21 08:48:46;INFO]Valid | Loss : 0.205264 | ACC : 1348/1350 (99.852%)
[2025-02-21 08:48:46;INFO]      | Loss didn't drop!

[2025-02-21 08:48:46;INFO]best epoch: 15, best loss: 0.191679
[2025-02-21 08:48:46;INFO]----------------------------------------------------------------------------------------------------

[2025-02-21 08:48:46;INFO]Current Epoch: 20 / 500 | Learning Rate : 0.0008535533905932506
[2025-02-21 08:48:47;INFO]Train | Loss : 0.202425 | ACC : 3149/3150 (99.968%)
[2025-02-21 08:48:47;INFO]Valid | Loss : 0.188681 | ACC : 1347/1350 (99.778%)
[2025-02-21 08:48:47;INFO]      | Loss dropped from 0.191679 to 0.188681, model has been saved!

[2025-02-21 08:48:47;INFO]best epoch: 20, best loss: 0.188681
[2025-02-21 08:48:47;INFO]----------------------------------------------------------------------------------------------------

[2025-02-21 08:48:47;INFO]Current Epoch: 21 / 500 | Learning Rate : 0.0
[2025-02-21 08:48:48;INFO]Train | Loss : 0.202445 | ACC : 3150/3150 (100.000%)
[2025-02-21 08:48:48;INFO]Valid | Loss : 0.175898 | ACC : 1349/1350 (99.926%)
[2025-02-21 08:48:48;INFO]      | Loss dropped from 0.188681 to 0.175898, model has been saved!

[2025-02-21 08:48:48;INFO]best epoch: 21, best loss: 0.175898
[2025-02-21 08:48:48;INFO]----------------------------------------------------------------------------------------------------

[2025-02-21 08:48:48;INFO]Current Epoch: 22 / 500 | Learning Rate : 0.000853553390593335
[2025-02-21 08:48:49;INFO]Train | Loss : 0.195243 | ACC : 3149/3150 (99.968%)
[2025-02-21 08:48:49;INFO]Valid | Loss : 0.246290 | ACC : 1343/1350 (99.481%)
[2025-02-21 08:48:49;INFO]      | Loss didn't drop!

[2025-02-21 08:48:49;INFO]best epoch: 21, best loss: 0.175898
[2025-02-21 08:48:49;INFO]----------------------------------------------------------------------------------------------------

[2025-02-21 08:48:49;INFO]Current Epoch: 23 / 500 | Learning Rate : 0.000499999999999992
[2025-02-21 08:48:50;INFO]Train | Loss : 0.186661 | ACC : 3149/3150 (99.968%)
[2025-02-21 08:48:50;INFO]Valid | Loss : 0.187335 | ACC : 1348/1350 (99.852%)
[2025-02-21 08:48:50;INFO]      | Loss didn't drop!

[2025-02-21 08:48:50;INFO]best epoch: 21, best loss: 0.175898
[2025-02-21 08:48:50;INFO]----------------------------------------------------------------------------------------------------

[2025-02-21 08:48:50;INFO]Current Epoch: 24 / 500 | Learning Rate : 0.0001464466094067277
[2025-02-21 08:48:51;INFO]Train | Loss : 0.178969 | ACC : 3150/3150 (100.000%)
[2025-02-21 08:48:51;INFO]Valid | Loss : 0.186125 | ACC : 1347/1350 (99.778%)
[2025-02-21 08:48:51;INFO]      | Loss didn't drop!

[2025-02-21 08:48:51;INFO]best epoch: 21, best loss: 0.175898
[2025-02-21 08:48:51;INFO]----------------------------------------------------------------------------------------------------

[2025-02-21 08:48:51;INFO]Current Epoch: 25 / 500 | Learning Rate : 0.0010000000000000722
[2025-02-21 08:48:52;INFO]Train | Loss : 0.178236 | ACC : 3150/3150 (100.000%)
[2025-02-21 08:48:52;INFO]Valid | Loss : 0.164576 | ACC : 1348/1350 (99.852%)
[2025-02-21 08:48:52;INFO]      | Loss dropped from 0.175898 to 0.164576, model has been saved!

[2025-02-21 08:48:52;INFO]best epoch: 25, best loss: 0.164576
[2025-02-21 08:48:52;INFO]----------------------------------------------------------------------------------------------------

[2025-02-21 08:48:52;INFO]Current Epoch: 26 / 500 | Learning Rate : 0.00014644660940672642
[2025-02-21 08:48:53;INFO]Train | Loss : 0.171820 | ACC : 3150/3150 (100.000%)
[2025-02-21 08:48:53;INFO]Valid | Loss : 0.172664 | ACC : 1349/1350 (99.926%)
[2025-02-21 08:48:53;INFO]      | Loss didn't drop!

[2025-02-21 08:48:53;INFO]best epoch: 25, best loss: 0.164576
[2025-02-21 08:48:53;INFO]----------------------------------------------------------------------------------------------------

[2025-02-21 08:48:53;INFO]Current Epoch: 27 / 500 | Learning Rate : 0.0005000000000000001
[2025-02-21 08:48:54;INFO]Train | Loss : 0.167194 | ACC : 3150/3150 (100.000%)
[2025-02-21 08:48:55;INFO]Valid | Loss : 0.177800 | ACC : 1349/1350 (99.926%)
[2025-02-21 08:48:55;INFO]      | Loss didn't drop!

[2025-02-21 08:48:55;INFO]best epoch: 25, best loss: 0.164576
[2025-02-21 08:48:55;INFO]----------------------------------------------------------------------------------------------------

[2025-02-21 08:48:55;INFO]Current Epoch: 28 / 500 | Learning Rate : 0.0008535533905931913
[2025-02-21 08:48:55;INFO]Train | Loss : 0.168674 | ACC : 3150/3150 (100.000%)
[2025-02-21 08:48:56;INFO]Valid | Loss : 0.136975 | ACC : 1348/1350 (99.852%)
[2025-02-21 08:48:56;INFO]      | Loss dropped from 0.164576 to 0.136975, model has been saved!

[2025-02-21 08:48:56;INFO]best epoch: 28, best loss: 0.136975
[2025-02-21 08:48:56;INFO]----------------------------------------------------------------------------------------------------

[2025-02-21 08:48:56;INFO]Current Epoch: 29 / 500 | Learning Rate : 0.0
[2025-02-21 08:48:56;INFO]Train | Loss : 0.162410 | ACC : 3150/3150 (100.000%)
[2025-02-21 08:48:57;INFO]Valid | Loss : 0.189562 | ACC : 1348/1350 (99.852%)
[2025-02-21 08:48:57;INFO]      | Loss didn't drop!

[2025-02-21 08:48:57;INFO]best epoch: 28, best loss: 0.136975
[2025-02-21 08:48:57;INFO]----------------------------------------------------------------------------------------------------

[2025-02-21 08:48:57;INFO]Current Epoch: 30 / 500 | Learning Rate : 0.0008535533905932689
[2025-02-21 08:48:58;INFO]Train | Loss : 0.156028 | ACC : 3150/3150 (100.000%)
[2025-02-21 08:48:58;INFO]Valid | Loss : 0.152074 | ACC : 1348/1350 (99.852%)
[2025-02-21 08:48:58;INFO]      | Loss didn't drop!

[2025-02-21 08:48:58;INFO]best epoch: 28, best loss: 0.136975
[2025-02-21 08:48:58;INFO]----------------------------------------------------------------------------------------------------

[2025-02-21 08:48:58;INFO]Current Epoch: 31 / 500 | Learning Rate : 0.0004999999999999518
[2025-02-21 08:48:59;INFO]Train | Loss : 0.154160 | ACC : 3150/3150 (100.000%)
[2025-02-21 08:48:59;INFO]Valid | Loss : 0.150746 | ACC : 1347/1350 (99.778%)
[2025-02-21 08:48:59;INFO]      | Loss didn't drop!

[2025-02-21 08:48:59;INFO]best epoch: 28, best loss: 0.136975
[2025-02-21 08:48:59;INFO]----------------------------------------------------------------------------------------------------

[2025-02-21 08:48:59;INFO]Current Epoch: 32 / 500 | Learning Rate : 0.0001464466094067151
[2025-02-21 08:49:00;INFO]Train | Loss : 0.154942 | ACC : 3150/3150 (100.000%)
[2025-02-21 08:49:00;INFO]Valid | Loss : 0.788424 | ACC : 1133/1350 (83.926%)
[2025-02-21 08:49:00;INFO]      | Loss didn't drop!

[2025-02-21 08:49:00;INFO]best epoch: 28, best loss: 0.136975
[2025-02-21 08:49:00;INFO]----------------------------------------------------------------------------------------------------

[2025-02-21 08:49:00;INFO]Current Epoch: 33 / 500 | Learning Rate : 0.0010000000000000002
[2025-02-21 08:49:01;INFO]Train | Loss : 0.162283 | ACC : 3148/3150 (99.937%)
[2025-02-21 08:49:01;INFO]Valid | Loss : 0.158552 | ACC : 1348/1350 (99.852%)
[2025-02-21 08:49:01;INFO]      | Loss didn't drop!

[2025-02-21 08:49:01;INFO]best epoch: 28, best loss: 0.136975
[2025-02-21 08:49:01;INFO]----------------------------------------------------------------------------------------------------

[2025-02-21 08:49:01;INFO]Current Epoch: 34 / 500 | Learning Rate : 0.0001464466094067694
[2025-02-21 08:49:02;INFO]Train | Loss : 0.145551 | ACC : 3150/3150 (100.000%)
[2025-02-21 08:49:02;INFO]Valid | Loss : 0.263405 | ACC : 1344/1350 (99.556%)
[2025-02-21 08:49:02;INFO]      | Loss didn't drop!

[2025-02-21 08:49:02;INFO]best epoch: 28, best loss: 0.136975
[2025-02-21 08:49:02;INFO]----------------------------------------------------------------------------------------------------

[2025-02-21 08:49:02;INFO]Current Epoch: 35 / 500 | Learning Rate : 0.000500000000000137
[2025-02-21 08:49:03;INFO]Train | Loss : 0.143043 | ACC : 3150/3150 (100.000%)
[2025-02-21 08:49:03;INFO]Valid | Loss : 0.130077 | ACC : 1348/1350 (99.852%)
[2025-02-21 08:49:03;INFO]      | Loss dropped from 0.136975 to 0.130077, model has been saved!

[2025-02-21 08:49:03;INFO]best epoch: 35, best loss: 0.130077
[2025-02-21 08:49:03;INFO]----------------------------------------------------------------------------------------------------

[2025-02-21 08:49:03;INFO]Current Epoch: 36 / 500 | Learning Rate : 0.0008535533905934294
[2025-02-21 08:49:04;INFO]Train | Loss : 0.141946 | ACC : 3150/3150 (100.000%)
[2025-02-21 08:49:04;INFO]Valid | Loss : 0.134463 | ACC : 1348/1350 (99.852%)
[2025-02-21 08:49:04;INFO]      | Loss didn't drop!

[2025-02-21 08:49:04;INFO]best epoch: 35, best loss: 0.130077
[2025-02-21 08:49:04;INFO]----------------------------------------------------------------------------------------------------

[2025-02-21 08:49:04;INFO]Current Epoch: 37 / 500 | Learning Rate : 0.0
[2025-02-21 08:49:05;INFO]Train | Loss : 0.135382 | ACC : 3150/3150 (100.000%)
[2025-02-21 08:49:05;INFO]Valid | Loss : 0.139178 | ACC : 1347/1350 (99.778%)
[2025-02-21 08:49:05;INFO]      | Loss didn't drop!

[2025-02-21 08:49:05;INFO]best epoch: 35, best loss: 0.130077
[2025-02-21 08:49:05;INFO]----------------------------------------------------------------------------------------------------

[2025-02-21 08:49:05;INFO]Current Epoch: 38 / 500 | Learning Rate : 0.000853553390593364
[2025-02-21 08:49:06;INFO]Train | Loss : 0.130654 | ACC : 3150/3150 (100.000%)
[2025-02-21 08:49:06;INFO]Valid | Loss : 0.132363 | ACC : 1347/1350 (99.778%)
[2025-02-21 08:49:06;INFO]      | Loss didn't drop!

[2025-02-21 08:49:06;INFO]best epoch: 35, best loss: 0.130077
[2025-02-21 08:49:06;INFO]----------------------------------------------------------------------------------------------------

[2025-02-21 08:49:06;INFO]Current Epoch: 39 / 500 | Learning Rate : 0.0005000000000000043
[2025-02-21 08:49:07;INFO]Train | Loss : 0.129097 | ACC : 3150/3150 (100.000%)
[2025-02-21 08:49:07;INFO]Valid | Loss : 0.118041 | ACC : 1348/1350 (99.852%)
[2025-02-21 08:49:07;INFO]      | Loss dropped from 0.130077 to 0.118041, model has been saved!

[2025-02-21 08:49:07;INFO]best epoch: 39, best loss: 0.118041
[2025-02-21 08:49:07;INFO]----------------------------------------------------------------------------------------------------

[2025-02-21 08:49:07;INFO]Current Epoch: 40 / 500 | Learning Rate : 0.00014644660940672243
[2025-02-21 08:49:08;INFO]Train | Loss : 0.126783 | ACC : 3150/3150 (100.000%)
[2025-02-21 08:49:08;INFO]Valid | Loss : 0.127574 | ACC : 1348/1350 (99.852%)
[2025-02-21 08:49:08;INFO]      | Loss didn't drop!

[2025-02-21 08:49:08;INFO]best epoch: 39, best loss: 0.118041
[2025-02-21 08:49:08;INFO]----------------------------------------------------------------------------------------------------

[2025-02-21 08:49:08;INFO]Current Epoch: 41 / 500 | Learning Rate : 0.0010000000000002884
[2025-02-21 08:49:09;INFO]Train | Loss : 0.121793 | ACC : 3150/3150 (100.000%)
[2025-02-21 08:49:09;INFO]Valid | Loss : 0.113070 | ACC : 1348/1350 (99.852%)
[2025-02-21 08:49:09;INFO]      | Loss dropped from 0.118041 to 0.113070, model has been saved!

[2025-02-21 08:49:09;INFO]best epoch: 41, best loss: 0.113070
[2025-02-21 08:49:09;INFO]----------------------------------------------------------------------------------------------------

[2025-02-21 08:49:09;INFO]Current Epoch: 42 / 500 | Learning Rate : 0.0001464466094067509
[2025-02-21 08:49:10;INFO]Train | Loss : 0.120569 | ACC : 3150/3150 (100.000%)
[2025-02-21 08:49:11;INFO]Valid | Loss : 0.108703 | ACC : 1348/1350 (99.852%)
[2025-02-21 08:49:11;INFO]      | Loss dropped from 0.113070 to 0.108703, model has been saved!

[2025-02-21 08:49:11;INFO]best epoch: 42, best loss: 0.108703
[2025-02-21 08:49:11;INFO]----------------------------------------------------------------------------------------------------

[2025-02-21 08:49:11;INFO]Current Epoch: 43 / 500 | Learning Rate : 0.0005000000000000981
[2025-02-21 08:49:11;INFO]Train | Loss : 0.118174 | ACC : 3150/3150 (100.000%)
[2025-02-21 08:49:12;INFO]Valid | Loss : 0.136027 | ACC : 1348/1350 (99.852%)
[2025-02-21 08:49:12;INFO]      | Loss didn't drop!

[2025-02-21 08:49:12;INFO]best epoch: 42, best loss: 0.108703
[2025-02-21 08:49:12;INFO]----------------------------------------------------------------------------------------------------

[2025-02-21 08:49:12;INFO]Current Epoch: 44 / 500 | Learning Rate : 0.00085355339059337
[2025-02-21 08:49:13;INFO]Train | Loss : 0.114901 | ACC : 3150/3150 (100.000%)
[2025-02-21 08:49:13;INFO]Valid | Loss : 0.111688 | ACC : 1348/1350 (99.852%)
[2025-02-21 08:49:13;INFO]      | Loss didn't drop!

[2025-02-21 08:49:13;INFO]best epoch: 42, best loss: 0.108703
[2025-02-21 08:49:13;INFO]----------------------------------------------------------------------------------------------------

[2025-02-21 08:49:13;INFO]Current Epoch: 45 / 500 | Learning Rate : 0.0
[2025-02-21 08:49:14;INFO]Train | Loss : 0.114066 | ACC : 3150/3150 (100.000%)
[2025-02-21 08:49:14;INFO]Valid | Loss : 0.118532 | ACC : 1348/1350 (99.852%)
[2025-02-21 08:49:14;INFO]      | Loss didn't drop!

[2025-02-21 08:49:14;INFO]best epoch: 42, best loss: 0.108703
[2025-02-21 08:49:14;INFO]----------------------------------------------------------------------------------------------------

[2025-02-21 08:49:14;INFO]Current Epoch: 46 / 500 | Learning Rate : 0.0008535533905933007
[2025-02-21 08:49:15;INFO]Train | Loss : 0.110422 | ACC : 3150/3150 (100.000%)
[2025-02-21 08:49:15;INFO]Valid | Loss : 0.104463 | ACC : 1348/1350 (99.852%)
[2025-02-21 08:49:15;INFO]      | Loss dropped from 0.108703 to 0.104463, model has been saved!

[2025-02-21 08:49:15;INFO]best epoch: 46, best loss: 0.104463
[2025-02-21 08:49:15;INFO]----------------------------------------------------------------------------------------------------

[2025-02-21 08:49:15;INFO]Current Epoch: 47 / 500 | Learning Rate : 0.000499999999999957
[2025-02-21 08:49:16;INFO]Train | Loss : 0.110870 | ACC : 3150/3150 (100.000%)
[2025-02-21 08:49:16;INFO]Valid | Loss : 0.097621 | ACC : 1348/1350 (99.852%)
[2025-02-21 08:49:16;INFO]      | Loss dropped from 0.104463 to 0.097621, model has been saved!

[2025-02-21 08:49:16;INFO]best epoch: 47, best loss: 0.097621
[2025-02-21 08:49:16;INFO]----------------------------------------------------------------------------------------------------

[2025-02-21 08:49:16;INFO]Current Epoch: 48 / 500 | Learning Rate : 0.0001464466094067199
[2025-02-21 08:49:17;INFO]Train | Loss : 0.107688 | ACC : 3150/3150 (100.000%)
[2025-02-21 08:49:17;INFO]Valid | Loss : 0.115382 | ACC : 1348/1350 (99.852%)
[2025-02-21 08:49:17;INFO]      | Loss didn't drop!

[2025-02-21 08:49:17;INFO]best epoch: 47, best loss: 0.097621
[2025-02-21 08:49:17;INFO]----------------------------------------------------------------------------------------------------

[2025-02-21 08:49:17;INFO]Current Epoch: 49 / 500 | Learning Rate : 0.0010000000000002162
[2025-02-21 08:49:18;INFO]Train | Loss : 0.105604 | ACC : 3150/3150 (100.000%)
[2025-02-21 08:49:18;INFO]Valid | Loss : 0.095714 | ACC : 1348/1350 (99.852%)
[2025-02-21 08:49:18;INFO]      | Loss dropped from 0.097621 to 0.095714, model has been saved!

[2025-02-21 08:49:18;INFO]best epoch: 49, best loss: 0.095714
[2025-02-21 08:49:18;INFO]----------------------------------------------------------------------------------------------------

[2025-02-21 08:49:18;INFO]Current Epoch: 50 / 500 | Learning Rate : 0.00014644660940674238
[2025-02-21 08:49:19;INFO]Train | Loss : 0.103903 | ACC : 3150/3150 (100.000%)
[2025-02-21 08:49:19;INFO]Valid | Loss : 0.104672 | ACC : 1348/1350 (99.852%)
[2025-02-21 08:49:19;INFO]      | Loss didn't drop!

[2025-02-21 08:49:19;INFO]best epoch: 49, best loss: 0.095714
[2025-02-21 08:49:19;INFO]----------------------------------------------------------------------------------------------------

[2025-02-21 08:49:19;INFO]Current Epoch: 51 / 500 | Learning Rate : 0.0005000000000000591
[2025-02-21 08:49:20;INFO]Train | Loss : 0.100709 | ACC : 3150/3150 (100.000%)
[2025-02-21 08:49:20;INFO]Valid | Loss : 0.107659 | ACC : 1348/1350 (99.852%)
[2025-02-21 08:49:20;INFO]      | Loss didn't drop!

[2025-02-21 08:49:20;INFO]best epoch: 49, best loss: 0.095714
[2025-02-21 08:49:20;INFO]----------------------------------------------------------------------------------------------------

[2025-02-21 08:49:20;INFO]Current Epoch: 52 / 500 | Learning Rate : 0.0008535533905933027
[2025-02-21 08:49:21;INFO]Train | Loss : 0.100477 | ACC : 3150/3150 (100.000%)
[2025-02-21 08:49:21;INFO]Valid | Loss : 0.092358 | ACC : 1347/1350 (99.778%)
[2025-02-21 08:49:21;INFO]      | Loss dropped from 0.095714 to 0.092358, model has been saved!

[2025-02-21 08:49:21;INFO]best epoch: 52, best loss: 0.092358
[2025-02-21 08:49:21;INFO]----------------------------------------------------------------------------------------------------

[2025-02-21 08:49:21;INFO]Current Epoch: 53 / 500 | Learning Rate : 0.0
[2025-02-21 08:49:22;INFO]Train | Loss : 0.100019 | ACC : 3150/3150 (100.000%)
[2025-02-21 08:49:22;INFO]Valid | Loss : 0.105937 | ACC : 1348/1350 (99.852%)
[2025-02-21 08:49:22;INFO]      | Loss didn't drop!

[2025-02-21 08:49:22;INFO]best epoch: 52, best loss: 0.092358
[2025-02-21 08:49:22;INFO]----------------------------------------------------------------------------------------------------

[2025-02-21 08:49:22;INFO]Current Epoch: 54 / 500 | Learning Rate : 0.0008535533905932371
[2025-02-21 08:49:23;INFO]Train | Loss : 0.098216 | ACC : 3150/3150 (100.000%)
[2025-02-21 08:49:24;INFO]Valid | Loss : 0.101417 | ACC : 1348/1350 (99.852%)
[2025-02-21 08:49:24;INFO]      | Loss didn't drop!

[2025-02-21 08:49:24;INFO]best epoch: 52, best loss: 0.092358
[2025-02-21 08:49:24;INFO]----------------------------------------------------------------------------------------------------

[2025-02-21 08:49:24;INFO]Current Epoch: 55 / 500 | Learning Rate : 0.0004999999999999381
[2025-02-21 08:49:24;INFO]Train | Loss : 0.096123 | ACC : 3150/3150 (100.000%)
[2025-02-21 08:49:25;INFO]Valid | Loss : 0.084206 | ACC : 1348/1350 (99.852%)
[2025-02-21 08:49:25;INFO]      | Loss dropped from 0.092358 to 0.084206, model has been saved!

[2025-02-21 08:49:25;INFO]best epoch: 55, best loss: 0.084206
[2025-02-21 08:49:25;INFO]----------------------------------------------------------------------------------------------------

[2025-02-21 08:49:25;INFO]Current Epoch: 56 / 500 | Learning Rate : 0.00014644660940671717
[2025-02-21 08:49:25;INFO]Train | Loss : 0.093019 | ACC : 3150/3150 (100.000%)
[2025-02-21 08:49:26;INFO]Valid | Loss : 0.094769 | ACC : 1348/1350 (99.852%)
[2025-02-21 08:49:26;INFO]      | Loss didn't drop!

[2025-02-21 08:49:26;INFO]best epoch: 55, best loss: 0.084206
[2025-02-21 08:49:26;INFO]----------------------------------------------------------------------------------------------------

[2025-02-21 08:49:26;INFO]Current Epoch: 57 / 500 | Learning Rate : 0.0010000000000001355
[2025-02-21 08:49:27;INFO]Train | Loss : 0.091350 | ACC : 3150/3150 (100.000%)
[2025-02-21 08:49:27;INFO]Valid | Loss : 0.085028 | ACC : 1348/1350 (99.852%)
[2025-02-21 08:49:27;INFO]      | Loss didn't drop!

[2025-02-21 08:49:27;INFO]best epoch: 55, best loss: 0.084206
[2025-02-21 08:49:27;INFO]----------------------------------------------------------------------------------------------------

[2025-02-21 08:49:27;INFO]Current Epoch: 58 / 500 | Learning Rate : 0.00014644660940672387
[2025-02-21 08:49:28;INFO]Train | Loss : 0.090633 | ACC : 3150/3150 (100.000%)
[2025-02-21 08:49:28;INFO]Valid | Loss : 0.088425 | ACC : 1348/1350 (99.852%)
[2025-02-21 08:49:28;INFO]      | Loss didn't drop!

[2025-02-21 08:49:28;INFO]best epoch: 55, best loss: 0.084206
[2025-02-21 08:49:28;INFO]----------------------------------------------------------------------------------------------------

[2025-02-21 08:49:28;INFO]Current Epoch: 59 / 500 | Learning Rate : 0.0005000000000000343
[2025-02-21 08:49:29;INFO]Train | Loss : 0.087132 | ACC : 3150/3150 (100.000%)
[2025-02-21 08:49:29;INFO]Valid | Loss : 0.091048 | ACC : 1349/1350 (99.926%)
[2025-02-21 08:49:29;INFO]      | Loss didn't drop!

[2025-02-21 08:49:29;INFO]best epoch: 55, best loss: 0.084206
[2025-02-21 08:49:29;INFO]----------------------------------------------------------------------------------------------------

[2025-02-21 08:49:29;INFO]Current Epoch: 60 / 500 | Learning Rate : 0.0008535533905935409
[2025-02-21 08:49:30;INFO]Train | Loss : 0.087007 | ACC : 3150/3150 (100.000%)
[2025-02-21 08:49:30;INFO]Valid | Loss : 0.083916 | ACC : 1348/1350 (99.852%)
[2025-02-21 08:49:30;INFO]      | Loss dropped from 0.084206 to 0.083916, model has been saved!

[2025-02-21 08:49:30;INFO]best epoch: 60, best loss: 0.083916
[2025-02-21 08:49:30;INFO]----------------------------------------------------------------------------------------------------

[2025-02-21 08:49:30;INFO]Current Epoch: 61 / 500 | Learning Rate : 0.0
[2025-02-21 08:49:31;INFO]Train | Loss : 0.085673 | ACC : 3150/3150 (100.000%)
[2025-02-21 08:49:31;INFO]Valid | Loss : 0.077897 | ACC : 1348/1350 (99.852%)
[2025-02-21 08:49:31;INFO]      | Loss dropped from 0.083916 to 0.077897, model has been saved!

[2025-02-21 08:49:31;INFO]best epoch: 61, best loss: 0.077897
[2025-02-21 08:49:31;INFO]----------------------------------------------------------------------------------------------------

[2025-02-21 08:49:31;INFO]Current Epoch: 62 / 500 | Learning Rate : 0.000853553390593165
[2025-02-21 08:49:32;INFO]Train | Loss : 0.083254 | ACC : 3150/3150 (100.000%)
[2025-02-21 08:49:32;INFO]Valid | Loss : 0.084132 | ACC : 1348/1350 (99.852%)
[2025-02-21 08:49:32;INFO]      | Loss didn't drop!

[2025-02-21 08:49:32;INFO]best epoch: 61, best loss: 0.077897
[2025-02-21 08:49:32;INFO]----------------------------------------------------------------------------------------------------

[2025-02-21 08:49:32;INFO]Current Epoch: 63 / 500 | Learning Rate : 0.000500000000000071
[2025-02-21 08:49:33;INFO]Train | Loss : 0.081577 | ACC : 3150/3150 (100.000%)
[2025-02-21 08:49:33;INFO]Valid | Loss : 0.079641 | ACC : 1348/1350 (99.852%)
[2025-02-21 08:49:33;INFO]      | Loss didn't drop!

[2025-02-21 08:49:33;INFO]best epoch: 61, best loss: 0.077897
[2025-02-21 08:49:33;INFO]----------------------------------------------------------------------------------------------------

[2025-02-21 08:49:33;INFO]Current Epoch: 64 / 500 | Learning Rate : 0.00014644660940674731
[2025-02-21 08:49:34;INFO]Train | Loss : 0.080045 | ACC : 3150/3150 (100.000%)
[2025-02-21 08:49:34;INFO]Valid | Loss : 0.082325 | ACC : 1348/1350 (99.852%)
[2025-02-21 08:49:34;INFO]      | Loss didn't drop!

[2025-02-21 08:49:34;INFO]best epoch: 61, best loss: 0.077897
[2025-02-21 08:49:34;INFO]----------------------------------------------------------------------------------------------------

[2025-02-21 08:49:34;INFO]Current Epoch: 65 / 500 | Learning Rate : 0.0010000000000000636
[2025-02-21 08:49:35;INFO]Train | Loss : 0.077723 | ACC : 3150/3150 (100.000%)
[2025-02-21 08:49:35;INFO]Valid | Loss : 0.075112 | ACC : 1348/1350 (99.852%)
[2025-02-21 08:49:35;INFO]      | Loss dropped from 0.077897 to 0.075112, model has been saved!

[2025-02-21 08:49:35;INFO]best epoch: 65, best loss: 0.075112
[2025-02-21 08:49:35;INFO]----------------------------------------------------------------------------------------------------

[2025-02-21 08:49:35;INFO]Current Epoch: 66 / 500 | Learning Rate : 0.0001464466094067769
[2025-02-21 08:49:36;INFO]Train | Loss : 0.078274 | ACC : 3150/3150 (100.000%)
[2025-02-21 08:49:36;INFO]Valid | Loss : 0.075948 | ACC : 1348/1350 (99.852%)
[2025-02-21 08:49:36;INFO]      | Loss didn't drop!

[2025-02-21 08:49:36;INFO]best epoch: 65, best loss: 0.075112
[2025-02-21 08:49:36;INFO]----------------------------------------------------------------------------------------------------

[2025-02-21 08:49:36;INFO]Current Epoch: 67 / 500 | Learning Rate : 0.0005000000000001566
[2025-02-21 08:49:37;INFO]Train | Loss : 0.077297 | ACC : 3150/3150 (100.000%)
[2025-02-21 08:49:38;INFO]Valid | Loss : 0.083689 | ACC : 1348/1350 (99.852%)
[2025-02-21 08:49:38;INFO]      | Loss didn't drop!

[2025-02-21 08:49:38;INFO]best epoch: 65, best loss: 0.075112
[2025-02-21 08:49:38;INFO]----------------------------------------------------------------------------------------------------

[2025-02-21 08:49:38;INFO]Current Epoch: 68 / 500 | Learning Rate : 0.000853553390593194
[2025-02-21 08:49:38;INFO]Train | Loss : 0.074831 | ACC : 3150/3150 (100.000%)
[2025-02-21 08:49:39;INFO]Valid | Loss : 0.071228 | ACC : 1348/1350 (99.852%)
[2025-02-21 08:49:39;INFO]      | Loss dropped from 0.075112 to 0.071228, model has been saved!

[2025-02-21 08:49:39;INFO]best epoch: 68, best loss: 0.071228
[2025-02-21 08:49:39;INFO]----------------------------------------------------------------------------------------------------

[2025-02-21 08:49:39;INFO]Current Epoch: 69 / 500 | Learning Rate : 0.0
[2025-02-21 08:49:40;INFO]Train | Loss : 0.073328 | ACC : 3150/3150 (100.000%)
[2025-02-21 08:49:40;INFO]Valid | Loss : 0.083423 | ACC : 1348/1350 (99.852%)
[2025-02-21 08:49:40;INFO]      | Loss didn't drop!

[2025-02-21 08:49:40;INFO]best epoch: 68, best loss: 0.071228
[2025-02-21 08:49:40;INFO]----------------------------------------------------------------------------------------------------

[2025-02-21 08:49:40;INFO]Current Epoch: 70 / 500 | Learning Rate : 0.0008535533905934297
[2025-02-21 08:49:41;INFO]Train | Loss : 0.073123 | ACC : 3150/3150 (100.000%)
[2025-02-21 08:49:41;INFO]Valid | Loss : 0.088965 | ACC : 1348/1350 (99.852%)
[2025-02-21 08:49:41;INFO]      | Loss didn't drop!

[2025-02-21 08:49:41;INFO]best epoch: 68, best loss: 0.071228
[2025-02-21 08:49:41;INFO]----------------------------------------------------------------------------------------------------

[2025-02-21 08:49:41;INFO]Current Epoch: 71 / 500 | Learning Rate : 0.0004999999999998388
[2025-02-21 08:49:42;INFO]Train | Loss : 0.072933 | ACC : 3150/3150 (100.000%)
[2025-02-21 08:49:42;INFO]Valid | Loss : 0.075080 | ACC : 1348/1350 (99.852%)
[2025-02-21 08:49:42;INFO]      | Loss didn't drop!

[2025-02-21 08:49:42;INFO]best epoch: 68, best loss: 0.071228
[2025-02-21 08:49:42;INFO]----------------------------------------------------------------------------------------------------

[2025-02-21 08:49:42;INFO]Current Epoch: 72 / 500 | Learning Rate : 0.00014644660940669072
[2025-02-21 08:49:43;INFO]Train | Loss : 0.071284 | ACC : 3150/3150 (100.000%)
[2025-02-21 08:49:43;INFO]Valid | Loss : 0.086606 | ACC : 1346/1350 (99.704%)
[2025-02-21 08:49:43;INFO]      | Loss didn't drop!

[2025-02-21 08:49:43;INFO]best epoch: 68, best loss: 0.071228
[2025-02-21 08:49:43;INFO]----------------------------------------------------------------------------------------------------

[2025-02-21 08:49:43;INFO]Current Epoch: 73 / 500 | Learning Rate : 0.0009999999999999907
[2025-02-21 08:49:44;INFO]Train | Loss : 0.068619 | ACC : 3150/3150 (100.000%)
[2025-02-21 08:49:44;INFO]Valid | Loss : 0.066903 | ACC : 1348/1350 (99.852%)
[2025-02-21 08:49:44;INFO]      | Loss dropped from 0.071228 to 0.066903, model has been saved!

[2025-02-21 08:49:44;INFO]best epoch: 73, best loss: 0.066903
[2025-02-21 08:49:44;INFO]----------------------------------------------------------------------------------------------------

[2025-02-21 08:49:44;INFO]Current Epoch: 74 / 500 | Learning Rate : 0.00014644660940676846
[2025-02-21 08:49:46;INFO]Train | Loss : 0.068391 | ACC : 3150/3150 (100.000%)
[2025-02-21 08:49:46;INFO]Valid | Loss : 0.065870 | ACC : 1348/1350 (99.852%)
[2025-02-21 08:49:46;INFO]      | Loss dropped from 0.066903 to 0.065870, model has been saved!

[2025-02-21 08:49:46;INFO]best epoch: 74, best loss: 0.065870
[2025-02-21 08:49:46;INFO]----------------------------------------------------------------------------------------------------

[2025-02-21 08:49:46;INFO]Current Epoch: 75 / 500 | Learning Rate : 0.000500000000000146
[2025-02-21 08:49:47;INFO]Train | Loss : 0.068129 | ACC : 3150/3150 (100.000%)
[2025-02-21 08:49:47;INFO]Valid | Loss : 0.069844 | ACC : 1348/1350 (99.852%)
[2025-02-21 08:49:47;INFO]      | Loss didn't drop!

[2025-02-21 08:49:47;INFO]best epoch: 74, best loss: 0.065870
[2025-02-21 08:49:47;INFO]----------------------------------------------------------------------------------------------------

[2025-02-21 08:49:47;INFO]Current Epoch: 76 / 500 | Learning Rate : 0.0008535533905931065
[2025-02-21 08:49:49;INFO]Train | Loss : 0.066656 | ACC : 3150/3150 (100.000%)
[2025-02-21 08:49:49;INFO]Valid | Loss : 0.064240 | ACC : 1348/1350 (99.852%)
[2025-02-21 08:49:49;INFO]      | Loss dropped from 0.065870 to 0.064240, model has been saved!

[2025-02-21 08:49:49;INFO]best epoch: 76, best loss: 0.064240
[2025-02-21 08:49:49;INFO]----------------------------------------------------------------------------------------------------

[2025-02-21 08:49:49;INFO]Current Epoch: 77 / 500 | Learning Rate : 0.0
[2025-02-21 08:49:50;INFO]Train | Loss : 0.064130 | ACC : 3150/3150 (100.000%)
[2025-02-21 08:49:51;INFO]Valid | Loss : 0.063328 | ACC : 1348/1350 (99.852%)
[2025-02-21 08:49:51;INFO]      | Loss dropped from 0.064240 to 0.063328, model has been saved!

[2025-02-21 08:49:51;INFO]best epoch: 77, best loss: 0.063328
[2025-02-21 08:49:51;INFO]----------------------------------------------------------------------------------------------------

[2025-02-21 08:49:51;INFO]Current Epoch: 78 / 500 | Learning Rate : 0.0008535533905933459
[2025-02-21 08:49:52;INFO]Train | Loss : 0.062087 | ACC : 3150/3150 (100.000%)
[2025-02-21 08:49:52;INFO]Valid | Loss : 0.065165 | ACC : 1348/1350 (99.852%)
[2025-02-21 08:49:52;INFO]      | Loss didn't drop!

[2025-02-21 08:49:52;INFO]best epoch: 77, best loss: 0.063328
[2025-02-21 08:49:52;INFO]----------------------------------------------------------------------------------------------------

[2025-02-21 08:49:52;INFO]Current Epoch: 79 / 500 | Learning Rate : 0.0005000000000001948
[2025-02-21 08:49:54;INFO]Train | Loss : 0.062419 | ACC : 3150/3150 (100.000%)
[2025-02-21 08:49:54;INFO]Valid | Loss : 0.060339 | ACC : 1348/1350 (99.852%)
[2025-02-21 08:49:54;INFO]      | Loss dropped from 0.063328 to 0.060339, model has been saved!

[2025-02-21 08:49:54;INFO]best epoch: 79, best loss: 0.060339
[2025-02-21 08:49:54;INFO]----------------------------------------------------------------------------------------------------

[2025-02-21 08:49:54;INFO]Current Epoch: 80 / 500 | Learning Rate : 0.00014644660940678372
[2025-02-21 08:49:55;INFO]Train | Loss : 0.062272 | ACC : 3150/3150 (100.000%)
[2025-02-21 08:49:55;INFO]Valid | Loss : 0.067528 | ACC : 1348/1350 (99.852%)
[2025-02-21 08:49:55;INFO]      | Loss didn't drop!

[2025-02-21 08:49:55;INFO]best epoch: 79, best loss: 0.060339
[2025-02-21 08:49:55;INFO]----------------------------------------------------------------------------------------------------

[2025-02-21 08:49:55;INFO]Current Epoch: 81 / 500 | Learning Rate : 0.0010000000000006406
[2025-02-21 08:49:57;INFO]Train | Loss : 0.061153 | ACC : 3150/3150 (100.000%)
[2025-02-21 08:49:57;INFO]Valid | Loss : 0.058885 | ACC : 1348/1350 (99.852%)
[2025-02-21 08:49:57;INFO]      | Loss dropped from 0.060339 to 0.058885, model has been saved!

[2025-02-21 08:49:57;INFO]best epoch: 81, best loss: 0.058885
[2025-02-21 08:49:57;INFO]----------------------------------------------------------------------------------------------------

[2025-02-21 08:49:57;INFO]Current Epoch: 82 / 500 | Learning Rate : 0.00014644660940673983
[2025-02-21 08:49:59;INFO]Train | Loss : 0.060257 | ACC : 3150/3150 (100.000%)
[2025-02-21 08:49:59;INFO]Valid | Loss : 0.059676 | ACC : 1349/1350 (99.926%)
[2025-02-21 08:49:59;INFO]      | Loss didn't drop!

[2025-02-21 08:49:59;INFO]best epoch: 81, best loss: 0.058885
[2025-02-21 08:49:59;INFO]----------------------------------------------------------------------------------------------------

[2025-02-21 08:49:59;INFO]Current Epoch: 83 / 500 | Learning Rate : 0.0005000000000001073
[2025-02-21 08:50:01;INFO]Train | Loss : 0.057009 | ACC : 3150/3150 (100.000%)
[2025-02-21 08:50:01;INFO]Valid | Loss : 0.062177 | ACC : 1348/1350 (99.852%)
[2025-02-21 08:50:01;INFO]      | Loss didn't drop!

[2025-02-21 08:50:01;INFO]best epoch: 81, best loss: 0.058885
[2025-02-21 08:50:01;INFO]----------------------------------------------------------------------------------------------------

[2025-02-21 08:50:01;INFO]Current Epoch: 84 / 500 | Learning Rate : 0.0008535533905936628
[2025-02-21 08:50:03;INFO]Train | Loss : 0.057904 | ACC : 3150/3150 (100.000%)
[2025-02-21 08:50:03;INFO]Valid | Loss : 0.057783 | ACC : 1348/1350 (99.852%)
[2025-02-21 08:50:03;INFO]      | Loss dropped from 0.058885 to 0.057783, model has been saved!

[2025-02-21 08:50:03;INFO]best epoch: 84, best loss: 0.057783
[2025-02-21 08:50:03;INFO]----------------------------------------------------------------------------------------------------

[2025-02-21 08:50:03;INFO]Current Epoch: 85 / 500 | Learning Rate : 0.0
[2025-02-21 08:50:05;INFO]Train | Loss : 0.057018 | ACC : 3150/3150 (100.000%)
[2025-02-21 08:50:05;INFO]Valid | Loss : 0.054139 | ACC : 1348/1350 (99.852%)
[2025-02-21 08:50:05;INFO]      | Loss dropped from 0.057783 to 0.054139, model has been saved!

[2025-02-21 08:50:05;INFO]best epoch: 85, best loss: 0.054139
[2025-02-21 08:50:05;INFO]----------------------------------------------------------------------------------------------------

[2025-02-21 08:50:05;INFO]Current Epoch: 86 / 500 | Learning Rate : 0.0008535533905932943
[2025-02-21 08:50:07;INFO]Train | Loss : 0.056271 | ACC : 3150/3150 (100.000%)
[2025-02-21 08:50:08;INFO]Valid | Loss : 0.058944 | ACC : 1348/1350 (99.852%)
[2025-02-21 08:50:08;INFO]      | Loss didn't drop!

[2025-02-21 08:50:08;INFO]best epoch: 85, best loss: 0.054139
[2025-02-21 08:50:08;INFO]----------------------------------------------------------------------------------------------------

[2025-02-21 08:50:08;INFO]Current Epoch: 87 / 500 | Learning Rate : 0.0005000000000001333
[2025-02-21 08:50:09;INFO]Train | Loss : 0.056101 | ACC : 3150/3150 (100.000%)
[2025-02-21 08:50:10;INFO]Valid | Loss : 0.051507 | ACC : 1348/1350 (99.852%)
[2025-02-21 08:50:10;INFO]      | Loss dropped from 0.054139 to 0.051507, model has been saved!

[2025-02-21 08:50:10;INFO]best epoch: 87, best loss: 0.051507
[2025-02-21 08:50:10;INFO]----------------------------------------------------------------------------------------------------

[2025-02-21 08:50:10;INFO]Current Epoch: 88 / 500 | Learning Rate : 0.00014644660940677106
[2025-02-21 08:50:11;INFO]Train | Loss : 0.055275 | ACC : 3150/3150 (100.000%)
[2025-02-21 08:50:12;INFO]Valid | Loss : 0.060510 | ACC : 1348/1350 (99.852%)
[2025-02-21 08:50:12;INFO]      | Loss didn't drop!

[2025-02-21 08:50:12;INFO]best epoch: 87, best loss: 0.051507
[2025-02-21 08:50:12;INFO]----------------------------------------------------------------------------------------------------

[2025-02-21 08:50:12;INFO]Current Epoch: 89 / 500 | Learning Rate : 0.000999999999999838
[2025-02-21 08:50:14;INFO]Train | Loss : 0.052170 | ACC : 3150/3150 (100.000%)
[2025-02-21 08:50:14;INFO]Valid | Loss : 0.052194 | ACC : 1348/1350 (99.852%)
[2025-02-21 08:50:14;INFO]      | Loss didn't drop!

[2025-02-21 08:50:14;INFO]best epoch: 87, best loss: 0.051507
[2025-02-21 08:50:14;INFO]----------------------------------------------------------------------------------------------------

[2025-02-21 08:50:14;INFO]Current Epoch: 90 / 500 | Learning Rate : 0.0001464466094067515
[2025-02-21 08:50:16;INFO]Train | Loss : 0.052327 | ACC : 3150/3150 (100.000%)
[2025-02-21 08:50:16;INFO]Valid | Loss : 0.052051 | ACC : 1348/1350 (99.852%)
[2025-02-21 08:50:16;INFO]      | Loss didn't drop!

[2025-02-21 08:50:16;INFO]best epoch: 87, best loss: 0.051507
[2025-02-21 08:50:16;INFO]----------------------------------------------------------------------------------------------------

[2025-02-21 08:50:16;INFO]Current Epoch: 91 / 500 | Learning Rate : 0.0005000000000000683
[2025-02-21 08:50:18;INFO]Train | Loss : 0.051309 | ACC : 3150/3150 (100.000%)
[2025-02-21 08:50:18;INFO]Valid | Loss : 0.055429 | ACC : 1348/1350 (99.852%)
[2025-02-21 08:50:18;INFO]      | Loss didn't drop!

[2025-02-21 08:50:18;INFO]best epoch: 87, best loss: 0.051507
[2025-02-21 08:50:18;INFO]----------------------------------------------------------------------------------------------------

[2025-02-21 08:50:18;INFO]Current Epoch: 92 / 500 | Learning Rate : 0.0008535533905929878
[2025-02-21 08:50:20;INFO]Train | Loss : 0.052332 | ACC : 3150/3150 (100.000%)
[2025-02-21 08:50:20;INFO]Valid | Loss : 0.051133 | ACC : 1348/1350 (99.852%)
[2025-02-21 08:50:20;INFO]      | Loss dropped from 0.051507 to 0.051133, model has been saved!

[2025-02-21 08:50:20;INFO]best epoch: 92, best loss: 0.051133
[2025-02-21 08:50:20;INFO]----------------------------------------------------------------------------------------------------

[2025-02-21 08:50:20;INFO]Current Epoch: 93 / 500 | Learning Rate : 0.0
[2025-02-21 08:50:22;INFO]Train | Loss : 0.049098 | ACC : 3150/3150 (100.000%)
[2025-02-21 08:50:22;INFO]Valid | Loss : 0.047123 | ACC : 1348/1350 (99.852%)
[2025-02-21 08:50:22;INFO]      | Loss dropped from 0.051133 to 0.047123, model has been saved!

[2025-02-21 08:50:22;INFO]best epoch: 93, best loss: 0.047123
[2025-02-21 08:50:22;INFO]----------------------------------------------------------------------------------------------------

[2025-02-21 08:50:22;INFO]Current Epoch: 94 / 500 | Learning Rate : 0.0008535533905932314
[2025-02-21 08:50:24;INFO]Train | Loss : 0.050792 | ACC : 3150/3150 (100.000%)
[2025-02-21 08:50:25;INFO]Valid | Loss : 0.048877 | ACC : 1348/1350 (99.852%)
[2025-02-21 08:50:25;INFO]      | Loss didn't drop!

[2025-02-21 08:50:25;INFO]best epoch: 93, best loss: 0.047123
[2025-02-21 08:50:25;INFO]----------------------------------------------------------------------------------------------------

[2025-02-21 08:50:25;INFO]Current Epoch: 95 / 500 | Learning Rate : 0.0005000000000001003
[2025-02-21 08:50:26;INFO]Train | Loss : 0.049258 | ACC : 3150/3150 (100.000%)
[2025-02-21 08:50:27;INFO]Valid | Loss : 0.047173 | ACC : 1348/1350 (99.852%)
[2025-02-21 08:50:27;INFO]      | Loss didn't drop!

[2025-02-21 08:50:27;INFO]best epoch: 93, best loss: 0.047123
[2025-02-21 08:50:27;INFO]----------------------------------------------------------------------------------------------------

[2025-02-21 08:50:27;INFO]Current Epoch: 96 / 500 | Learning Rate : 0.00014644660940675837
[2025-02-21 08:50:29;INFO]Train | Loss : 0.047727 | ACC : 3150/3150 (100.000%)
[2025-02-21 08:50:29;INFO]Valid | Loss : 0.043879 | ACC : 1348/1350 (99.852%)
[2025-02-21 08:50:29;INFO]      | Loss dropped from 0.047123 to 0.043879, model has been saved!

[2025-02-21 08:50:29;INFO]best epoch: 96, best loss: 0.043879
[2025-02-21 08:50:29;INFO]----------------------------------------------------------------------------------------------------

[2025-02-21 08:50:29;INFO]Current Epoch: 97 / 500 | Learning Rate : 0.0010000000000004873
[2025-02-21 08:50:31;INFO]Train | Loss : 0.046737 | ACC : 3150/3150 (100.000%)
[2025-02-21 08:50:31;INFO]Valid | Loss : 0.047025 | ACC : 1348/1350 (99.852%)
[2025-02-21 08:50:31;INFO]      | Loss didn't drop!

[2025-02-21 08:50:31;INFO]best epoch: 96, best loss: 0.043879
[2025-02-21 08:50:31;INFO]----------------------------------------------------------------------------------------------------

[2025-02-21 08:50:31;INFO]Current Epoch: 98 / 500 | Learning Rate : 0.00014644660940682722
[2025-02-21 08:50:33;INFO]Train | Loss : 0.046866 | ACC : 3150/3150 (100.000%)
[2025-02-21 08:50:33;INFO]Valid | Loss : 0.041762 | ACC : 1348/1350 (99.852%)
[2025-02-21 08:50:33;INFO]      | Loss dropped from 0.043879 to 0.041762, model has been saved!

[2025-02-21 08:50:33;INFO]best epoch: 98, best loss: 0.041762
[2025-02-21 08:50:33;INFO]----------------------------------------------------------------------------------------------------

[2025-02-21 08:50:33;INFO]Current Epoch: 99 / 500 | Learning Rate : 0.0005000000000003854
[2025-02-21 08:50:35;INFO]Train | Loss : 0.045298 | ACC : 3150/3150 (100.000%)
[2025-02-21 08:50:35;INFO]Valid | Loss : 0.060615 | ACC : 1349/1350 (99.926%)
[2025-02-21 08:50:35;INFO]      | Loss didn't drop!

[2025-02-21 08:50:35;INFO]best epoch: 98, best loss: 0.041762
[2025-02-21 08:50:35;INFO]----------------------------------------------------------------------------------------------------

[2025-02-21 08:50:35;INFO]Current Epoch: 100 / 500 | Learning Rate : 0.000853553390593544
[2025-02-21 08:50:37;INFO]Train | Loss : 0.045383 | ACC : 3150/3150 (100.000%)
[2025-02-21 08:50:37;INFO]Valid | Loss : 0.043991 | ACC : 1348/1350 (99.852%)
[2025-02-21 08:50:37;INFO]      | Loss didn't drop!

[2025-02-21 08:50:37;INFO]best epoch: 98, best loss: 0.041762
[2025-02-21 08:50:37;INFO]----------------------------------------------------------------------------------------------------

[2025-02-21 08:50:37;INFO]Current Epoch: 101 / 500 | Learning Rate : 0.0
[2025-02-21 08:50:39;INFO]Train | Loss : 0.045984 | ACC : 3150/3150 (100.000%)
[2025-02-21 08:50:40;INFO]Valid | Loss : 0.156011 | ACC : 1347/1350 (99.778%)
[2025-02-21 08:50:40;INFO]      | Loss didn't drop!

[2025-02-21 08:50:40;INFO]best epoch: 98, best loss: 0.041762
[2025-02-21 08:50:40;INFO]----------------------------------------------------------------------------------------------------

[2025-02-21 08:50:40;INFO]Current Epoch: 102 / 500 | Learning Rate : 0.000853553390593783
[2025-02-21 08:50:41;INFO]Train | Loss : 0.044101 | ACC : 3150/3150 (100.000%)
[2025-02-21 08:50:42;INFO]Valid | Loss : 0.051095 | ACC : 1349/1350 (99.926%)
[2025-02-21 08:50:42;INFO]      | Loss didn't drop!

[2025-02-21 08:50:42;INFO]best epoch: 98, best loss: 0.041762
[2025-02-21 08:50:42;INFO]----------------------------------------------------------------------------------------------------

[2025-02-21 08:50:42;INFO]Current Epoch: 103 / 500 | Learning Rate : 0.0005000000000000626
[2025-02-21 08:50:44;INFO]Train | Loss : 0.042381 | ACC : 3150/3150 (100.000%)
[2025-02-21 08:50:44;INFO]Valid | Loss : 0.042081 | ACC : 1348/1350 (99.852%)
[2025-02-21 08:50:44;INFO]      | Loss didn't drop!

[2025-02-21 08:50:44;INFO]best epoch: 98, best loss: 0.041762
[2025-02-21 08:50:44;INFO]----------------------------------------------------------------------------------------------------

[2025-02-21 08:50:44;INFO]Current Epoch: 104 / 500 | Learning Rate : 0.00014644660940674444
[2025-02-21 08:50:46;INFO]Train | Loss : 0.042810 | ACC : 3150/3150 (100.000%)
[2025-02-21 08:50:46;INFO]Valid | Loss : 0.050495 | ACC : 1348/1350 (99.852%)
[2025-02-21 08:50:46;INFO]      | Loss didn't drop!

[2025-02-21 08:50:46;INFO]best epoch: 98, best loss: 0.041762
[2025-02-21 08:50:46;INFO]----------------------------------------------------------------------------------------------------

[2025-02-21 08:50:46;INFO]Current Epoch: 105 / 500 | Learning Rate : 0.001000000000000415
[2025-02-21 08:50:48;INFO]Train | Loss : 0.041436 | ACC : 3150/3150 (100.000%)
[2025-02-21 08:50:48;INFO]Valid | Loss : 0.041710 | ACC : 1348/1350 (99.852%)
[2025-02-21 08:50:48;INFO]      | Loss dropped from 0.041762 to 0.041710, model has been saved!

[2025-02-21 08:50:48;INFO]best epoch: 105, best loss: 0.041710
[2025-02-21 08:50:48;INFO]----------------------------------------------------------------------------------------------------

[2025-02-21 08:50:48;INFO]Current Epoch: 106 / 500 | Learning Rate : 0.00014644660940671305
[2025-02-21 08:50:50;INFO]Train | Loss : 0.041659 | ACC : 3150/3150 (100.000%)
[2025-02-21 08:50:50;INFO]Valid | Loss : 0.039708 | ACC : 1348/1350 (99.852%)
[2025-02-21 08:50:50;INFO]      | Loss dropped from 0.041710 to 0.039708, model has been saved!

[2025-02-21 08:50:50;INFO]best epoch: 106, best loss: 0.039708
[2025-02-21 08:50:50;INFO]----------------------------------------------------------------------------------------------------

[2025-02-21 08:50:50;INFO]Current Epoch: 107 / 500 | Learning Rate : 0.0004999999999999858
[2025-02-21 08:50:52;INFO]Train | Loss : 0.040556 | ACC : 3150/3150 (100.000%)
[2025-02-21 08:50:52;INFO]Valid | Loss : 0.044327 | ACC : 1348/1350 (99.852%)
[2025-02-21 08:50:52;INFO]      | Loss didn't drop!

[2025-02-21 08:50:52;INFO]best epoch: 106, best loss: 0.039708
[2025-02-21 08:50:52;INFO]----------------------------------------------------------------------------------------------------

[2025-02-21 08:50:52;INFO]Current Epoch: 108 / 500 | Learning Rate : 0.0008535533905928404
[2025-02-21 08:50:54;INFO]Train | Loss : 0.039952 | ACC : 3150/3150 (100.000%)
[2025-02-21 08:50:55;INFO]Valid | Loss : 0.042705 | ACC : 1348/1350 (99.852%)
[2025-02-21 08:50:55;INFO]      | Loss didn't drop!

[2025-02-21 08:50:55;INFO]best epoch: 106, best loss: 0.039708
[2025-02-21 08:50:55;INFO]----------------------------------------------------------------------------------------------------

[2025-02-21 08:50:55;INFO]Current Epoch: 109 / 500 | Learning Rate : 0.0
[2025-02-21 08:50:56;INFO]Train | Loss : 0.038995 | ACC : 3150/3150 (100.000%)
[2025-02-21 08:50:57;INFO]Valid | Loss : 0.039138 | ACC : 1347/1350 (99.778%)
[2025-02-21 08:50:57;INFO]      | Loss dropped from 0.039708 to 0.039138, model has been saved!

[2025-02-21 08:50:57;INFO]best epoch: 109, best loss: 0.039138
[2025-02-21 08:50:57;INFO]----------------------------------------------------------------------------------------------------

[2025-02-21 08:50:57;INFO]Current Epoch: 110 / 500 | Learning Rate : 0.000853553390593719
[2025-02-21 08:50:58;INFO]Train | Loss : 0.039038 | ACC : 3150/3150 (100.000%)
[2025-02-21 08:50:59;INFO]Valid | Loss : 0.040189 | ACC : 1348/1350 (99.852%)
[2025-02-21 08:50:59;INFO]      | Loss didn't drop!

[2025-02-21 08:50:59;INFO]best epoch: 109, best loss: 0.039138
[2025-02-21 08:50:59;INFO]----------------------------------------------------------------------------------------------------

[2025-02-21 08:50:59;INFO]Current Epoch: 111 / 500 | Learning Rate : 0.0005000000000000009
[2025-02-21 08:51:01;INFO]Train | Loss : 0.039390 | ACC : 3150/3150 (100.000%)
[2025-02-21 08:51:01;INFO]Valid | Loss : 0.040322 | ACC : 1348/1350 (99.852%)
[2025-02-21 08:51:01;INFO]      | Loss didn't drop!

[2025-02-21 08:51:01;INFO]best epoch: 109, best loss: 0.039138
[2025-02-21 08:51:01;INFO]----------------------------------------------------------------------------------------------------

[2025-02-21 08:51:01;INFO]Current Epoch: 112 / 500 | Learning Rate : 0.0001464466094067317
[2025-02-21 08:51:03;INFO]Train | Loss : 0.037542 | ACC : 3150/3150 (100.000%)
[2025-02-21 08:51:03;INFO]Valid | Loss : 0.038915 | ACC : 1348/1350 (99.852%)
[2025-02-21 08:51:03;INFO]      | Loss dropped from 0.039138 to 0.038915, model has been saved!

[2025-02-21 08:51:03;INFO]best epoch: 112, best loss: 0.038915
[2025-02-21 08:51:03;INFO]----------------------------------------------------------------------------------------------------

[2025-02-21 08:51:03;INFO]Current Epoch: 113 / 500 | Learning Rate : 0.0010000000000003333
[2025-02-21 08:51:05;INFO]Train | Loss : 0.037742 | ACC : 3150/3150 (100.000%)
[2025-02-21 08:51:05;INFO]Valid | Loss : 0.037372 | ACC : 1348/1350 (99.852%)
[2025-02-21 08:51:05;INFO]      | Loss dropped from 0.038915 to 0.037372, model has been saved!

[2025-02-21 08:51:05;INFO]best epoch: 113, best loss: 0.037372
[2025-02-21 08:51:05;INFO]----------------------------------------------------------------------------------------------------

[2025-02-21 08:51:05;INFO]Current Epoch: 114 / 500 | Learning Rate : 0.0001464466094067046
[2025-02-21 08:51:07;INFO]Train | Loss : 0.038089 | ACC : 3150/3150 (100.000%)
[2025-02-21 08:51:07;INFO]Valid | Loss : 0.043418 | ACC : 1348/1350 (99.852%)
[2025-02-21 08:51:07;INFO]      | Loss didn't drop!

[2025-02-21 08:51:07;INFO]best epoch: 113, best loss: 0.037372
[2025-02-21 08:51:07;INFO]----------------------------------------------------------------------------------------------------

[2025-02-21 08:51:07;INFO]Current Epoch: 115 / 500 | Learning Rate : 0.0004999999999999749
[2025-02-21 08:51:09;INFO]Train | Loss : 0.036021 | ACC : 3150/3150 (100.000%)
[2025-02-21 08:51:10;INFO]Valid | Loss : 0.047674 | ACC : 1348/1350 (99.852%)
[2025-02-21 08:51:10;INFO]      | Loss didn't drop!

[2025-02-21 08:51:10;INFO]best epoch: 113, best loss: 0.037372
[2025-02-21 08:51:10;INFO]----------------------------------------------------------------------------------------------------

[2025-02-21 08:51:10;INFO]Current Epoch: 116 / 500 | Learning Rate : 0.0008535533905940328
[2025-02-21 08:51:11;INFO]Train | Loss : 0.035685 | ACC : 3150/3150 (100.000%)
[2025-02-21 08:51:12;INFO]Valid | Loss : 0.036908 | ACC : 1347/1350 (99.778%)
[2025-02-21 08:51:12;INFO]      | Loss dropped from 0.037372 to 0.036908, model has been saved!

[2025-02-21 08:51:12;INFO]best epoch: 116, best loss: 0.036908
[2025-02-21 08:51:12;INFO]----------------------------------------------------------------------------------------------------

[2025-02-21 08:51:12;INFO]Current Epoch: 117 / 500 | Learning Rate : 0.0
[2025-02-21 08:51:14;INFO]Train | Loss : 0.036381 | ACC : 3150/3150 (100.000%)
[2025-02-21 08:51:14;INFO]Valid | Loss : 0.033684 | ACC : 1347/1350 (99.778%)
[2025-02-21 08:51:14;INFO]      | Loss dropped from 0.036908 to 0.033684, model has been saved!

[2025-02-21 08:51:14;INFO]best epoch: 117, best loss: 0.033684
[2025-02-21 08:51:14;INFO]----------------------------------------------------------------------------------------------------

[2025-02-21 08:51:14;INFO]Current Epoch: 118 / 500 | Learning Rate : 0.0008535533905936482
[2025-02-21 08:51:16;INFO]Train | Loss : 0.034368 | ACC : 3150/3150 (100.000%)
[2025-02-21 08:51:16;INFO]Valid | Loss : 0.038440 | ACC : 1347/1350 (99.778%)
[2025-02-21 08:51:16;INFO]      | Loss didn't drop!

[2025-02-21 08:51:16;INFO]best epoch: 117, best loss: 0.033684
[2025-02-21 08:51:16;INFO]----------------------------------------------------------------------------------------------------

[2025-02-21 08:51:16;INFO]Current Epoch: 119 / 500 | Learning Rate : 0.0004999999999999676
[2025-02-21 08:51:18;INFO]Train | Loss : 0.035440 | ACC : 3150/3150 (100.000%)
[2025-02-21 08:51:18;INFO]Valid | Loss : 0.035575 | ACC : 1348/1350 (99.852%)
[2025-02-21 08:51:18;INFO]      | Loss didn't drop!

[2025-02-21 08:51:18;INFO]best epoch: 117, best loss: 0.033684
[2025-02-21 08:51:18;INFO]----------------------------------------------------------------------------------------------------

[2025-02-21 08:51:18;INFO]Current Epoch: 120 / 500 | Learning Rate : 0.00014644660940671913
[2025-02-21 08:51:20;INFO]Train | Loss : 0.033579 | ACC : 3150/3150 (100.000%)
[2025-02-21 08:51:20;INFO]Valid | Loss : 0.034606 | ACC : 1348/1350 (99.852%)
[2025-02-21 08:51:20;INFO]      | Loss didn't drop!

[2025-02-21 08:51:20;INFO]best epoch: 117, best loss: 0.033684
[2025-02-21 08:51:20;INFO]----------------------------------------------------------------------------------------------------

[2025-02-21 08:51:20;INFO]Current Epoch: 121 / 500 | Learning Rate : 0.00099999999999954
[2025-02-21 08:51:22;INFO]Train | Loss : 0.033607 | ACC : 3150/3150 (100.000%)
[2025-02-21 08:51:22;INFO]Valid | Loss : 0.034154 | ACC : 1347/1350 (99.778%)
[2025-02-21 08:51:22;INFO]      | Loss didn't drop!

[2025-02-21 08:51:22;INFO]best epoch: 117, best loss: 0.033684
[2025-02-21 08:51:22;INFO]----------------------------------------------------------------------------------------------------

[2025-02-21 08:51:22;INFO]Current Epoch: 122 / 500 | Learning Rate : 0.0001464466094068205
[2025-02-21 08:51:24;INFO]Train | Loss : 0.033826 | ACC : 3150/3150 (100.000%)
[2025-02-21 08:51:25;INFO]Valid | Loss : 0.040183 | ACC : 1348/1350 (99.852%)
[2025-02-21 08:51:25;INFO]      | Loss didn't drop!

[2025-02-21 08:51:25;INFO]best epoch: 117, best loss: 0.033684
[2025-02-21 08:51:25;INFO]----------------------------------------------------------------------------------------------------

[2025-02-21 08:51:25;INFO]Current Epoch: 123 / 500 | Learning Rate : 0.0005000000000002637
[2025-02-21 08:51:26;INFO]Train | Loss : 0.032861 | ACC : 3150/3150 (100.000%)
[2025-02-21 08:51:27;INFO]Valid | Loss : 0.045556 | ACC : 1349/1350 (99.926%)
[2025-02-21 08:51:27;INFO]      | Loss didn't drop!

[2025-02-21 08:51:27;INFO]best epoch: 117, best loss: 0.033684
[2025-02-21 08:51:27;INFO]----------------------------------------------------------------------------------------------------

[2025-02-21 08:51:27;INFO]Current Epoch: 124 / 500 | Learning Rate : 0.0008535533905933374
[2025-02-21 08:51:29;INFO]Train | Loss : 0.031602 | ACC : 3150/3150 (100.000%)
[2025-02-21 08:51:29;INFO]Valid | Loss : 0.033141 | ACC : 1348/1350 (99.852%)
[2025-02-21 08:51:29;INFO]      | Loss dropped from 0.033684 to 0.033141, model has been saved!

[2025-02-21 08:51:29;INFO]best epoch: 124, best loss: 0.033141
[2025-02-21 08:51:29;INFO]----------------------------------------------------------------------------------------------------

[2025-02-21 08:51:29;INFO]Current Epoch: 125 / 500 | Learning Rate : 0.0
[2025-02-21 08:51:31;INFO]Train | Loss : 0.032502 | ACC : 3150/3150 (100.000%)
[2025-02-21 08:51:31;INFO]Valid | Loss : 0.046637 | ACC : 1348/1350 (99.852%)
[2025-02-21 08:51:31;INFO]      | Loss didn't drop!

[2025-02-21 08:51:31;INFO]best epoch: 124, best loss: 0.033141
[2025-02-21 08:51:31;INFO]----------------------------------------------------------------------------------------------------

[2025-02-21 08:51:31;INFO]Current Epoch: 126 / 500 | Learning Rate : 0.0008535533905929886
[2025-02-21 08:51:33;INFO]Train | Loss : 0.031331 | ACC : 3150/3150 (100.000%)
[2025-02-21 08:51:33;INFO]Valid | Loss : 0.031968 | ACC : 1348/1350 (99.852%)
[2025-02-21 08:51:33;INFO]      | Loss dropped from 0.033141 to 0.031968, model has been saved!

[2025-02-21 08:51:33;INFO]best epoch: 126, best loss: 0.031968
[2025-02-21 08:51:33;INFO]----------------------------------------------------------------------------------------------------

[2025-02-21 08:51:33;INFO]Current Epoch: 127 / 500 | Learning Rate : 0.000500000000000324
[2025-02-21 08:51:35;INFO]Train | Loss : 0.032134 | ACC : 3150/3150 (100.000%)
[2025-02-21 08:51:35;INFO]Valid | Loss : 0.035302 | ACC : 1347/1350 (99.778%)
[2025-02-21 08:51:35;INFO]      | Loss didn't drop!

[2025-02-21 08:51:35;INFO]best epoch: 126, best loss: 0.031968
[2025-02-21 08:51:35;INFO]----------------------------------------------------------------------------------------------------

[2025-02-21 08:51:35;INFO]Current Epoch: 128 / 500 | Learning Rate : 0.0001464466094068323
[2025-02-21 08:51:37;INFO]Train | Loss : 0.031158 | ACC : 3150/3150 (100.000%)
[2025-02-21 08:51:37;INFO]Valid | Loss : 0.041091 | ACC : 1349/1350 (99.926%)
[2025-02-21 08:51:37;INFO]      | Loss didn't drop!

[2025-02-21 08:51:37;INFO]best epoch: 126, best loss: 0.031968
[2025-02-21 08:51:37;INFO]----------------------------------------------------------------------------------------------------

[2025-02-21 08:51:37;INFO]Current Epoch: 129 / 500 | Learning Rate : 0.0010000000000001893
[2025-02-21 08:51:39;INFO]Train | Loss : 0.030045 | ACC : 3150/3150 (100.000%)
[2025-02-21 08:51:40;INFO]Valid | Loss : 0.030825 | ACC : 1348/1350 (99.852%)
[2025-02-21 08:51:40;INFO]      | Loss dropped from 0.031968 to 0.030825, model has been saved!

[2025-02-21 08:51:40;INFO]best epoch: 129, best loss: 0.030825
[2025-02-21 08:51:40;INFO]----------------------------------------------------------------------------------------------------

[2025-02-21 08:51:40;INFO]Current Epoch: 130 / 500 | Learning Rate : 0.00014644660940677187
[2025-02-21 08:51:41;INFO]Train | Loss : 0.028781 | ACC : 3150/3150 (100.000%)
[2025-02-21 08:51:42;INFO]Valid | Loss : 0.035809 | ACC : 1348/1350 (99.852%)
[2025-02-21 08:51:42;INFO]      | Loss didn't drop!

[2025-02-21 08:51:42;INFO]best epoch: 129, best loss: 0.030825
[2025-02-21 08:51:42;INFO]----------------------------------------------------------------------------------------------------

[2025-02-21 08:51:42;INFO]Current Epoch: 131 / 500 | Learning Rate : 0.0005000000000002247
[2025-02-21 08:51:44;INFO]Train | Loss : 0.030803 | ACC : 3150/3150 (100.000%)
[2025-02-21 08:51:44;INFO]Valid | Loss : 0.046241 | ACC : 1348/1350 (99.852%)
[2025-02-21 08:51:44;INFO]      | Loss didn't drop!

[2025-02-21 08:51:44;INFO]best epoch: 129, best loss: 0.030825
[2025-02-21 08:51:44;INFO]----------------------------------------------------------------------------------------------------

[2025-02-21 08:51:44;INFO]Current Epoch: 132 / 500 | Learning Rate : 0.0008535533905926543
[2025-02-21 08:51:46;INFO]Train | Loss : 0.029062 | ACC : 3150/3150 (100.000%)
[2025-02-21 08:51:46;INFO]Valid | Loss : 0.030545 | ACC : 1347/1350 (99.778%)
[2025-02-21 08:51:46;INFO]      | Loss dropped from 0.030825 to 0.030545, model has been saved!

[2025-02-21 08:51:46;INFO]best epoch: 132, best loss: 0.030545
[2025-02-21 08:51:46;INFO]----------------------------------------------------------------------------------------------------

[2025-02-21 08:51:46;INFO]Current Epoch: 133 / 500 | Learning Rate : 0.0
[2025-02-21 08:51:48;INFO]Train | Loss : 0.028894 | ACC : 3150/3150 (100.000%)
[2025-02-21 08:51:48;INFO]Valid | Loss : 0.037503 | ACC : 1348/1350 (99.852%)
[2025-02-21 08:51:48;INFO]      | Loss didn't drop!

[2025-02-21 08:51:48;INFO]best epoch: 132, best loss: 0.030545
[2025-02-21 08:51:48;INFO]----------------------------------------------------------------------------------------------------

[2025-02-21 08:51:48;INFO]Current Epoch: 134 / 500 | Learning Rate : 0.0008535533905941366
[2025-02-21 08:51:50;INFO]Train | Loss : 0.029146 | ACC : 3150/3150 (100.000%)
[2025-02-21 08:51:50;INFO]Valid | Loss : 0.044973 | ACC : 1347/1350 (99.778%)
[2025-02-21 08:51:50;INFO]      | Loss didn't drop!

[2025-02-21 08:51:50;INFO]best epoch: 132, best loss: 0.030545
[2025-02-21 08:51:50;INFO]----------------------------------------------------------------------------------------------------

[2025-02-21 08:51:50;INFO]Current Epoch: 135 / 500 | Learning Rate : 0.000499999999999954
[2025-02-21 08:51:52;INFO]Train | Loss : 0.027625 | ACC : 3150/3150 (100.000%)
[2025-02-21 08:51:52;INFO]Valid | Loss : 0.029048 | ACC : 1348/1350 (99.852%)
[2025-02-21 08:51:52;INFO]      | Loss dropped from 0.030545 to 0.029048, model has been saved!

[2025-02-21 08:51:52;INFO]best epoch: 135, best loss: 0.029048
[2025-02-21 08:51:52;INFO]----------------------------------------------------------------------------------------------------

[2025-02-21 08:51:52;INFO]Current Epoch: 136 / 500 | Learning Rate : 0.00014644660940669254
[2025-02-21 08:51:54;INFO]Train | Loss : 0.027677 | ACC : 3150/3150 (100.000%)
[2025-02-21 08:51:55;INFO]Valid | Loss : 0.035846 | ACC : 1348/1350 (99.852%)
[2025-02-21 08:51:55;INFO]      | Loss didn't drop!

[2025-02-21 08:51:55;INFO]best epoch: 135, best loss: 0.029048
[2025-02-21 08:51:55;INFO]----------------------------------------------------------------------------------------------------

[2025-02-21 08:51:55;INFO]Current Epoch: 137 / 500 | Learning Rate : 0.0010000000000001171
[2025-02-21 08:51:56;INFO]Train | Loss : 0.026923 | ACC : 3150/3150 (100.000%)
[2025-02-21 08:51:57;INFO]Valid | Loss : 0.029507 | ACC : 1347/1350 (99.778%)
[2025-02-21 08:51:57;INFO]      | Loss didn't drop!

[2025-02-21 08:51:57;INFO]best epoch: 135, best loss: 0.029048
[2025-02-21 08:51:57;INFO]----------------------------------------------------------------------------------------------------

[2025-02-21 08:51:57;INFO]Current Epoch: 138 / 500 | Learning Rate : 0.00014644660940676333
[2025-02-21 08:51:59;INFO]Train | Loss : 0.026190 | ACC : 3150/3150 (100.000%)
[2025-02-21 08:51:59;INFO]Valid | Loss : 0.030244 | ACC : 1348/1350 (99.852%)
[2025-02-21 08:51:59;INFO]      | Loss didn't drop!

[2025-02-21 08:51:59;INFO]best epoch: 135, best loss: 0.029048
[2025-02-21 08:51:59;INFO]----------------------------------------------------------------------------------------------------

[2025-02-21 08:51:59;INFO]Current Epoch: 139 / 500 | Learning Rate : 0.0005000000000002425
[2025-02-21 08:52:01;INFO]Train | Loss : 0.026772 | ACC : 3150/3150 (100.000%)
[2025-02-21 08:52:01;INFO]Valid | Loss : 0.030715 | ACC : 1347/1350 (99.778%)
[2025-02-21 08:52:01;INFO]      | Loss didn't drop!

[2025-02-21 08:52:01;INFO]best epoch: 135, best loss: 0.029048
[2025-02-21 08:52:01;INFO]----------------------------------------------------------------------------------------------------

[2025-02-21 08:52:01;INFO]Current Epoch: 140 / 500 | Learning Rate : 0.0008535533905938267
[2025-02-21 08:52:03;INFO]Train | Loss : 0.025756 | ACC : 3150/3150 (100.000%)
[2025-02-21 08:52:03;INFO]Valid | Loss : 0.028098 | ACC : 1347/1350 (99.778%)
[2025-02-21 08:52:03;INFO]      | Loss dropped from 0.029048 to 0.028098, model has been saved!

[2025-02-21 08:52:03;INFO]best epoch: 140, best loss: 0.028098
[2025-02-21 08:52:03;INFO]----------------------------------------------------------------------------------------------------

[2025-02-21 08:52:03;INFO]Current Epoch: 141 / 500 | Learning Rate : 0.0
[2025-02-21 08:52:05;INFO]Train | Loss : 0.025057 | ACC : 3150/3150 (100.000%)
[2025-02-21 08:52:05;INFO]Valid | Loss : 0.026534 | ACC : 1347/1350 (99.778%)
[2025-02-21 08:52:05;INFO]      | Loss dropped from 0.028098 to 0.026534, model has been saved!

[2025-02-21 08:52:05;INFO]best epoch: 141, best loss: 0.026534
[2025-02-21 08:52:05;INFO]----------------------------------------------------------------------------------------------------

[2025-02-21 08:52:05;INFO]Current Epoch: 142 / 500 | Learning Rate : 0.0008535533905940727
[2025-02-21 08:52:07;INFO]Train | Loss : 0.024980 | ACC : 3150/3150 (100.000%)
[2025-02-21 08:52:07;INFO]Valid | Loss : 0.028123 | ACC : 1347/1350 (99.778%)
[2025-02-21 08:52:07;INFO]      | Loss didn't drop!

[2025-02-21 08:52:07;INFO]best epoch: 141, best loss: 0.026534
[2025-02-21 08:52:07;INFO]----------------------------------------------------------------------------------------------------

[2025-02-21 08:52:07;INFO]Current Epoch: 143 / 500 | Learning Rate : 0.000499999999999864
[2025-02-21 08:52:09;INFO]Train | Loss : 0.024940 | ACC : 3150/3150 (100.000%)
[2025-02-21 08:52:10;INFO]Valid | Loss : 0.026712 | ACC : 1347/1350 (99.778%)
[2025-02-21 08:52:10;INFO]      | Loss didn't drop!

[2025-02-21 08:52:10;INFO]best epoch: 141, best loss: 0.026534
[2025-02-21 08:52:10;INFO]----------------------------------------------------------------------------------------------------

[2025-02-21 08:52:10;INFO]Current Epoch: 144 / 500 | Learning Rate : 0.00014644660940667988
[2025-02-21 08:52:11;INFO]Train | Loss : 0.024781 | ACC : 3150/3150 (100.000%)
[2025-02-21 08:52:12;INFO]Valid | Loss : 0.028449 | ACC : 1348/1350 (99.852%)
[2025-02-21 08:52:12;INFO]      | Loss didn't drop!

[2025-02-21 08:52:12;INFO]best epoch: 141, best loss: 0.026534
[2025-02-21 08:52:12;INFO]----------------------------------------------------------------------------------------------------

[2025-02-21 08:52:12;INFO]Current Epoch: 145 / 500 | Learning Rate : 0.0010000000000000362
[2025-02-21 08:52:14;INFO]Train | Loss : 0.024057 | ACC : 3150/3150 (100.000%)
[2025-02-21 08:52:14;INFO]Valid | Loss : 0.026763 | ACC : 1347/1350 (99.778%)
[2025-02-21 08:52:14;INFO]      | Loss didn't drop!

[2025-02-21 08:52:14;INFO]best epoch: 141, best loss: 0.026534
[2025-02-21 08:52:14;INFO]----------------------------------------------------------------------------------------------------

[2025-02-21 08:52:14;INFO]Current Epoch: 146 / 500 | Learning Rate : 0.0001464466094067951
[2025-02-21 08:52:16;INFO]Train | Loss : 0.024032 | ACC : 3150/3150 (100.000%)
[2025-02-21 08:52:16;INFO]Valid | Loss : 0.026088 | ACC : 1348/1350 (99.852%)
[2025-02-21 08:52:16;INFO]      | Loss dropped from 0.026534 to 0.026088, model has been saved!

[2025-02-21 08:52:16;INFO]best epoch: 146, best loss: 0.026088
[2025-02-21 08:52:16;INFO]----------------------------------------------------------------------------------------------------

[2025-02-21 08:52:16;INFO]Current Epoch: 147 / 500 | Learning Rate : 0.0005000000000001469
[2025-02-21 08:52:18;INFO]Train | Loss : 0.023616 | ACC : 3150/3150 (100.000%)
[2025-02-21 08:52:18;INFO]Valid | Loss : 0.042384 | ACC : 1349/1350 (99.926%)
[2025-02-21 08:52:18;INFO]      | Loss didn't drop!

[2025-02-21 08:52:18;INFO]best epoch: 146, best loss: 0.026088
[2025-02-21 08:52:18;INFO]----------------------------------------------------------------------------------------------------

[2025-02-21 08:52:18;INFO]Current Epoch: 148 / 500 | Learning Rate : 0.0008535533905937675
[2025-02-21 08:52:20;INFO]Train | Loss : 0.024406 | ACC : 3150/3150 (100.000%)
[2025-02-21 08:52:20;INFO]Valid | Loss : 0.031492 | ACC : 1348/1350 (99.852%)
[2025-02-21 08:52:20;INFO]      | Loss didn't drop!

[2025-02-21 08:52:20;INFO]best epoch: 146, best loss: 0.026088
[2025-02-21 08:52:20;INFO]----------------------------------------------------------------------------------------------------

[2025-02-21 08:52:20;INFO]Current Epoch: 149 / 500 | Learning Rate : 0.0
[2025-02-21 08:52:22;INFO]Train | Loss : 0.022778 | ACC : 3150/3150 (100.000%)
[2025-02-21 08:52:22;INFO]Valid | Loss : 0.246297 | ACC : 1138/1350 (84.296%)
[2025-02-21 08:52:22;INFO]      | Loss didn't drop!

[2025-02-21 08:52:22;INFO]best epoch: 146, best loss: 0.026088
[2025-02-21 08:52:22;INFO]----------------------------------------------------------------------------------------------------

[2025-02-21 08:52:22;INFO]Current Epoch: 150 / 500 | Learning Rate : 0.0008535533905928101
[2025-02-21 08:52:24;INFO]Train | Loss : 0.022499 | ACC : 3150/3150 (100.000%)
[2025-02-21 08:52:25;INFO]Valid | Loss : 0.027410 | ACC : 1348/1350 (99.852%)
[2025-02-21 08:52:25;INFO]      | Loss didn't drop!

[2025-02-21 08:52:25;INFO]best epoch: 146, best loss: 0.026088
[2025-02-21 08:52:25;INFO]----------------------------------------------------------------------------------------------------

[2025-02-21 08:52:25;INFO]Current Epoch: 151 / 500 | Learning Rate : 0.0005000000000005524
[2025-02-21 08:52:26;INFO]Train | Loss : 0.022794 | ACC : 3150/3150 (100.000%)
[2025-02-21 08:52:27;INFO]Valid | Loss : 0.027330 | ACC : 1347/1350 (99.778%)
[2025-02-21 08:52:27;INFO]      | Loss didn't drop!

[2025-02-21 08:52:27;INFO]best epoch: 146, best loss: 0.026088
[2025-02-21 08:52:27;INFO]----------------------------------------------------------------------------------------------------

[2025-02-21 08:52:27;INFO]Current Epoch: 152 / 500 | Learning Rate : 0.00014644660940691886
[2025-02-21 08:52:29;INFO]Train | Loss : 0.021854 | ACC : 3150/3150 (100.000%)
[2025-02-21 08:52:29;INFO]Valid | Loss : 0.025228 | ACC : 1348/1350 (99.852%)
[2025-02-21 08:52:29;INFO]      | Loss dropped from 0.026088 to 0.025228, model has been saved!

[2025-02-21 08:52:29;INFO]best epoch: 152, best loss: 0.025228
[2025-02-21 08:52:29;INFO]----------------------------------------------------------------------------------------------------

[2025-02-21 08:52:29;INFO]Current Epoch: 153 / 500 | Learning Rate : 0.000999999999999964
[2025-02-21 08:52:31;INFO]Train | Loss : 0.022161 | ACC : 3150/3150 (100.000%)
[2025-02-21 08:52:31;INFO]Valid | Loss : 0.024202 | ACC : 1347/1350 (99.778%)
[2025-02-21 08:52:31;INFO]      | Loss dropped from 0.025228 to 0.024202, model has been saved!

[2025-02-21 08:52:31;INFO]best epoch: 153, best loss: 0.024202
[2025-02-21 08:52:31;INFO]----------------------------------------------------------------------------------------------------

[2025-02-21 08:52:31;INFO]Current Epoch: 154 / 500 | Learning Rate : 0.00014644660940674504
[2025-02-21 08:52:33;INFO]Train | Loss : 0.021728 | ACC : 3150/3150 (100.000%)
[2025-02-21 08:52:33;INFO]Valid | Loss : 0.029880 | ACC : 1349/1350 (99.926%)
[2025-02-21 08:52:33;INFO]      | Loss didn't drop!

[2025-02-21 08:52:33;INFO]best epoch: 153, best loss: 0.024202
[2025-02-21 08:52:33;INFO]----------------------------------------------------------------------------------------------------

[2025-02-21 08:52:33;INFO]Current Epoch: 155 / 500 | Learning Rate : 0.0005000000000001031
[2025-02-21 08:52:35;INFO]Train | Loss : 0.020906 | ACC : 3150/3150 (100.000%)
[2025-02-21 08:52:35;INFO]Valid | Loss : 0.025346 | ACC : 1348/1350 (99.852%)
[2025-02-21 08:52:35;INFO]      | Loss didn't drop!

[2025-02-21 08:52:35;INFO]best epoch: 153, best loss: 0.024202
[2025-02-21 08:52:35;INFO]----------------------------------------------------------------------------------------------------

[2025-02-21 08:52:35;INFO]Current Epoch: 156 / 500 | Learning Rate : 0.0008535533905937077
[2025-02-21 08:52:37;INFO]Train | Loss : 0.021068 | ACC : 3150/3150 (100.000%)
[2025-02-21 08:52:38;INFO]Valid | Loss : 0.023595 | ACC : 1347/1350 (99.778%)
[2025-02-21 08:52:38;INFO]      | Loss dropped from 0.024202 to 0.023595, model has been saved!

[2025-02-21 08:52:38;INFO]best epoch: 156, best loss: 0.023595
[2025-02-21 08:52:38;INFO]----------------------------------------------------------------------------------------------------

[2025-02-21 08:52:38;INFO]Current Epoch: 157 / 500 | Learning Rate : 0.0
[2025-02-21 08:52:39;INFO]Train | Loss : 0.020587 | ACC : 3150/3150 (100.000%)
[2025-02-21 08:52:40;INFO]Valid | Loss : 0.028766 | ACC : 1347/1350 (99.778%)
[2025-02-21 08:52:40;INFO]      | Loss didn't drop!

[2025-02-21 08:52:40;INFO]best epoch: 156, best loss: 0.023595
[2025-02-21 08:52:40;INFO]----------------------------------------------------------------------------------------------------

[2025-02-21 08:52:40;INFO]Current Epoch: 158 / 500 | Learning Rate : 0.0008535533905939376
[2025-02-21 08:52:42;INFO]Train | Loss : 0.020989 | ACC : 3150/3150 (100.000%)
[2025-02-21 08:52:42;INFO]Valid | Loss : 0.025080 | ACC : 1347/1350 (99.778%)
[2025-02-21 08:52:42;INFO]      | Loss didn't drop!

[2025-02-21 08:52:42;INFO]best epoch: 156, best loss: 0.023595
[2025-02-21 08:52:42;INFO]----------------------------------------------------------------------------------------------------

[2025-02-21 08:52:42;INFO]Current Epoch: 159 / 500 | Learning Rate : 0.0005000000000005147
[2025-02-21 08:52:44;INFO]Train | Loss : 0.021258 | ACC : 3150/3150 (100.000%)
[2025-02-21 08:52:44;INFO]Valid | Loss : 0.029825 | ACC : 1348/1350 (99.852%)
[2025-02-21 08:52:44;INFO]      | Loss didn't drop!

[2025-02-21 08:52:44;INFO]best epoch: 156, best loss: 0.023595
[2025-02-21 08:52:44;INFO]----------------------------------------------------------------------------------------------------

[2025-02-21 08:52:44;INFO]Current Epoch: 160 / 500 | Learning Rate : 0.0001464466094069048
[2025-02-21 08:52:46;INFO]Train | Loss : 0.020517 | ACC : 3150/3150 (100.000%)
[2025-02-21 08:52:46;INFO]Valid | Loss : 0.122846 | ACC : 1327/1350 (98.296%)
[2025-02-21 08:52:46;INFO]      | Loss didn't drop!

[2025-02-21 08:52:46;INFO]best epoch: 156, best loss: 0.023595
[2025-02-21 08:52:46;INFO]----------------------------------------------------------------------------------------------------

[2025-02-21 08:52:46;INFO]Current Epoch: 161 / 500 | Learning Rate : 0.0009999999999998918
[2025-02-21 08:52:48;INFO]Train | Loss : 0.019937 | ACC : 3150/3150 (100.000%)
[2025-02-21 08:52:48;INFO]Valid | Loss : 0.022005 | ACC : 1348/1350 (99.852%)
[2025-02-21 08:52:48;INFO]      | Loss dropped from 0.023595 to 0.022005, model has been saved!

[2025-02-21 08:52:48;INFO]best epoch: 161, best loss: 0.022005
[2025-02-21 08:52:48;INFO]----------------------------------------------------------------------------------------------------

[2025-02-21 08:52:48;INFO]Current Epoch: 162 / 500 | Learning Rate : 0.00014644660940673664
[2025-02-21 08:52:50;INFO]Train | Loss : 0.020191 | ACC : 3150/3150 (100.000%)
[2025-02-21 08:52:50;INFO]Valid | Loss : 0.029547 | ACC : 1347/1350 (99.778%)
[2025-02-21 08:52:50;INFO]      | Loss didn't drop!

[2025-02-21 08:52:50;INFO]best epoch: 161, best loss: 0.022005
[2025-02-21 08:52:50;INFO]----------------------------------------------------------------------------------------------------

[2025-02-21 08:52:50;INFO]Current Epoch: 163 / 500 | Learning Rate : 0.0005000000000001212
[2025-02-21 08:52:52;INFO]Train | Loss : 0.020015 | ACC : 3150/3150 (100.000%)
[2025-02-21 08:52:53;INFO]Valid | Loss : 0.279520 | ACC : 1146/1350 (84.889%)
[2025-02-21 08:52:53;INFO]      | Loss didn't drop!

[2025-02-21 08:52:53;INFO]best epoch: 161, best loss: 0.022005
[2025-02-21 08:52:53;INFO]----------------------------------------------------------------------------------------------------

[2025-02-21 08:52:53;INFO]Current Epoch: 164 / 500 | Learning Rate : 0.0008535533905936401
[2025-02-21 08:52:54;INFO]Train | Loss : 0.022528 | ACC : 3150/3150 (100.000%)
[2025-02-21 08:52:55;INFO]Valid | Loss : 0.063284 | ACC : 1337/1350 (99.037%)
[2025-02-21 08:52:55;INFO]      | Loss didn't drop!

[2025-02-21 08:52:55;INFO]best epoch: 161, best loss: 0.022005
[2025-02-21 08:52:55;INFO]----------------------------------------------------------------------------------------------------

[2025-02-21 08:52:55;INFO]Current Epoch: 165 / 500 | Learning Rate : 0.0
[2025-02-21 08:52:57;INFO]Train | Loss : 0.254435 | ACC : 2912/3150 (92.444%)
[2025-02-21 08:52:57;INFO]Valid | Loss : 65.162745 | ACC : 253/1350 (18.741%)
[2025-02-21 08:52:57;INFO]      | Loss didn't drop!

[2025-02-21 08:52:57;INFO]best epoch: 161, best loss: 0.022005
[2025-02-21 08:52:57;INFO]----------------------------------------------------------------------------------------------------

[2025-02-21 08:52:57;INFO]Current Epoch: 166 / 500 | Learning Rate : 0.0008535533905938744
[2025-02-21 08:52:59;INFO]Train | Loss : 0.130323 | ACC : 3131/3150 (99.397%)
[2025-02-21 08:52:59;INFO]Valid | Loss : 0.436302 | ACC : 1129/1350 (83.630%)
[2025-02-21 08:52:59;INFO]      | Loss didn't drop!

[2025-02-21 08:52:59;INFO]best epoch: 161, best loss: 0.022005
[2025-02-21 08:52:59;INFO]----------------------------------------------------------------------------------------------------

[2025-02-21 08:52:59;INFO]Current Epoch: 167 / 500 | Learning Rate : 0.0004999999999997599
[2025-02-21 08:53:01;INFO]Train | Loss : 0.070590 | ACC : 3138/3150 (99.619%)
[2025-02-21 08:53:01;INFO]Valid | Loss : 0.063312 | ACC : 1347/1350 (99.778%)
[2025-02-21 08:53:01;INFO]      | Loss didn't drop!

[2025-02-21 08:53:01;INFO]best epoch: 161, best loss: 0.022005
[2025-02-21 08:53:01;INFO]----------------------------------------------------------------------------------------------------

[2025-02-21 08:53:01;INFO]Current Epoch: 168 / 500 | Learning Rate : 0.0001464466094066406
[2025-02-21 08:53:03;INFO]Train | Loss : 0.052063 | ACC : 3140/3150 (99.683%)
[2025-02-21 08:53:03;INFO]Valid | Loss : 0.058227 | ACC : 1347/1350 (99.778%)
[2025-02-21 08:53:03;INFO]      | Loss didn't drop!

[2025-02-21 08:53:03;INFO]best epoch: 161, best loss: 0.022005
[2025-02-21 08:53:03;INFO]----------------------------------------------------------------------------------------------------

[2025-02-21 08:53:03;INFO]Current Epoch: 169 / 500 | Learning Rate : 0.0009999999999998107
[2025-02-21 08:53:05;INFO]Train | Loss : 0.042320 | ACC : 3147/3150 (99.905%)
[2025-02-21 08:53:05;INFO]Valid | Loss : 0.043275 | ACC : 1347/1350 (99.778%)
[2025-02-21 08:53:05;INFO]      | Loss didn't drop!

[2025-02-21 08:53:05;INFO]best epoch: 161, best loss: 0.022005
[2025-02-21 08:53:05;INFO]----------------------------------------------------------------------------------------------------

[2025-02-21 08:53:05;INFO]Current Epoch: 170 / 500 | Learning Rate : 0.0001464466094067281
[2025-02-21 08:53:07;INFO]Train | Loss : 0.041810 | ACC : 3148/3150 (99.937%)
[2025-02-21 08:53:08;INFO]Valid | Loss : 0.062734 | ACC : 1347/1350 (99.778%)
[2025-02-21 08:53:08;INFO]      | Loss didn't drop!

[2025-02-21 08:53:08;INFO]best epoch: 161, best loss: 0.022005
[2025-02-21 08:53:08;INFO]----------------------------------------------------------------------------------------------------

[2025-02-21 08:53:08;INFO]Current Epoch: 171 / 500 | Learning Rate : 0.0005000000000000823
[2025-02-21 08:53:09;INFO]Train | Loss : 0.037531 | ACC : 3148/3150 (99.937%)
[2025-02-21 08:53:10;INFO]Valid | Loss : 0.054871 | ACC : 1347/1350 (99.778%)
[2025-02-21 08:53:10;INFO]      | Loss didn't drop!

[2025-02-21 08:53:10;INFO]best epoch: 161, best loss: 0.022005
[2025-02-21 08:53:10;INFO]----------------------------------------------------------------------------------------------------

[2025-02-21 08:53:10;INFO]Current Epoch: 172 / 500 | Learning Rate : 0.0008535533905935405
[2025-02-21 08:53:12;INFO]Train | Loss : 0.033908 | ACC : 3148/3150 (99.937%)
[2025-02-21 08:53:12;INFO]Valid | Loss : 0.043919 | ACC : 1347/1350 (99.778%)
[2025-02-21 08:53:12;INFO]      | Loss didn't drop!

[2025-02-21 08:53:12;INFO]best epoch: 161, best loss: 0.022005
[2025-02-21 08:53:12;INFO]----------------------------------------------------------------------------------------------------

[2025-02-21 08:53:12;INFO]Current Epoch: 173 / 500 | Learning Rate : 0.0
[2025-02-21 08:53:14;INFO]Train | Loss : 0.030730 | ACC : 3146/3150 (99.873%)
[2025-02-21 08:53:14;INFO]Valid | Loss : 0.040781 | ACC : 1348/1350 (99.852%)
[2025-02-21 08:53:14;INFO]      | Loss didn't drop!

[2025-02-21 08:53:14;INFO]best epoch: 161, best loss: 0.022005
[2025-02-21 08:53:14;INFO]----------------------------------------------------------------------------------------------------

[2025-02-21 08:53:14;INFO]Current Epoch: 174 / 500 | Learning Rate : 0.0008535533905938505
[2025-02-21 08:53:16;INFO]Train | Loss : 0.027758 | ACC : 3149/3150 (99.968%)
[2025-02-21 08:53:16;INFO]Valid | Loss : 0.036998 | ACC : 1347/1350 (99.778%)
[2025-02-21 08:53:16;INFO]      | Loss didn't drop!

[2025-02-21 08:53:16;INFO]best epoch: 161, best loss: 0.022005
[2025-02-21 08:53:16;INFO]----------------------------------------------------------------------------------------------------

[2025-02-21 08:53:16;INFO]Current Epoch: 175 / 500 | Learning Rate : 0.0005000000000004482
[2025-02-21 08:53:18;INFO]Train | Loss : 0.027840 | ACC : 3148/3150 (99.937%)
[2025-02-21 08:53:18;INFO]Valid | Loss : 0.035003 | ACC : 1347/1350 (99.778%)
[2025-02-21 08:53:18;INFO]      | Loss didn't drop!

[2025-02-21 08:53:18;INFO]best epoch: 161, best loss: 0.022005
[2025-02-21 08:53:18;INFO]----------------------------------------------------------------------------------------------------

[2025-02-21 08:53:18;INFO]Current Epoch: 176 / 500 | Learning Rate : 0.00014644660940687945
[2025-02-21 08:53:20;INFO]Train | Loss : 0.024994 | ACC : 3150/3150 (100.000%)
[2025-02-21 08:53:20;INFO]Valid | Loss : 0.065082 | ACC : 1343/1350 (99.481%)
[2025-02-21 08:53:20;INFO]      | Loss didn't drop!

[2025-02-21 08:53:20;INFO]best epoch: 161, best loss: 0.022005
[2025-02-21 08:53:20;INFO]----------------------------------------------------------------------------------------------------

[2025-02-21 08:53:20;INFO]Current Epoch: 177 / 500 | Learning Rate : 0.001000000000001181
[2025-02-21 08:53:22;INFO]Train | Loss : 0.022582 | ACC : 3150/3150 (100.000%)
[2025-02-21 08:53:23;INFO]Valid | Loss : 0.028841 | ACC : 1348/1350 (99.852%)
[2025-02-21 08:53:23;INFO]      | Loss didn't drop!

[2025-02-21 08:53:23;INFO]best epoch: 161, best loss: 0.022005
[2025-02-21 08:53:23;INFO]----------------------------------------------------------------------------------------------------

[2025-02-21 08:53:23;INFO]Current Epoch: 178 / 500 | Learning Rate : 0.00014644660940671834
[2025-02-21 08:53:24;INFO]Train | Loss : 0.023322 | ACC : 3150/3150 (100.000%)
[2025-02-21 08:53:25;INFO]Valid | Loss : 0.044571 | ACC : 1348/1350 (99.852%)
[2025-02-21 08:53:25;INFO]      | Loss didn't drop!

[2025-02-21 08:53:25;INFO]best epoch: 161, best loss: 0.022005
[2025-02-21 08:53:25;INFO]----------------------------------------------------------------------------------------------------

[2025-02-21 08:53:25;INFO]Current Epoch: 179 / 500 | Learning Rate : 0.0004999999999999818
[2025-02-21 08:53:27;INFO]Train | Loss : 0.021850 | ACC : 3150/3150 (100.000%)
[2025-02-21 08:53:27;INFO]Valid | Loss : 0.124512 | ACC : 1305/1350 (96.667%)
[2025-02-21 08:53:27;INFO]      | Loss didn't drop!

[2025-02-21 08:53:27;INFO]best epoch: 161, best loss: 0.022005
[2025-02-21 08:53:27;INFO]----------------------------------------------------------------------------------------------------

[2025-02-21 08:53:27;INFO]Current Epoch: 180 / 500 | Learning Rate : 0.0008535533905935213
[2025-02-21 08:53:29;INFO]Train | Loss : 0.020996 | ACC : 3150/3150 (100.000%)
[2025-02-21 08:53:29;INFO]Valid | Loss : 0.025890 | ACC : 1348/1350 (99.852%)
[2025-02-21 08:53:29;INFO]      | Loss didn't drop!

[2025-02-21 08:53:29;INFO]best epoch: 161, best loss: 0.022005
[2025-02-21 08:53:29;INFO]----------------------------------------------------------------------------------------------------

[2025-02-21 08:53:29;INFO]Current Epoch: 181 / 500 | Learning Rate : 0.0
[2025-02-21 08:53:31;INFO]Train | Loss : 0.021208 | ACC : 3150/3150 (100.000%)
[2025-02-21 08:53:31;INFO]Valid | Loss : 0.045548 | ACC : 1347/1350 (99.778%)
[2025-02-21 08:53:31;INFO]      | Loss didn't drop!

[2025-02-21 08:53:31;INFO]best epoch: 161, best loss: 0.022005
[2025-02-21 08:53:31;INFO]----------------------------------------------------------------------------------------------------

[2025-02-21 08:53:31;INFO]Current Epoch: 182 / 500 | Learning Rate : 0.0008535533905937797
[2025-02-21 08:53:33;INFO]Train | Loss : 0.020221 | ACC : 3150/3150 (100.000%)
[2025-02-21 08:53:33;INFO]Valid | Loss : 0.030787 | ACC : 1348/1350 (99.852%)
[2025-02-21 08:53:33;INFO]      | Loss didn't drop!

[2025-02-21 08:53:33;INFO]best epoch: 161, best loss: 0.022005
[2025-02-21 08:53:33;INFO]----------------------------------------------------------------------------------------------------

[2025-02-21 08:53:33;INFO]Current Epoch: 183 / 500 | Learning Rate : 0.000500000000000415
[2025-02-21 08:53:35;INFO]Train | Loss : 0.019673 | ACC : 3150/3150 (100.000%)
[2025-02-21 08:53:36;INFO]Valid | Loss : 0.028364 | ACC : 1348/1350 (99.852%)
[2025-02-21 08:53:36;INFO]      | Loss didn't drop!

[2025-02-21 08:53:36;INFO]best epoch: 161, best loss: 0.022005
[2025-02-21 08:53:36;INFO]----------------------------------------------------------------------------------------------------

[2025-02-21 08:53:36;INFO]Current Epoch: 184 / 500 | Learning Rate : 0.00014644660940686682
[2025-02-21 08:53:37;INFO]Train | Loss : 0.018198 | ACC : 3150/3150 (100.000%)
[2025-02-21 08:53:38;INFO]Valid | Loss : 0.029264 | ACC : 1349/1350 (99.926%)
[2025-02-21 08:53:38;INFO]      | Loss didn't drop!

[2025-02-21 08:53:38;INFO]best epoch: 161, best loss: 0.022005
[2025-02-21 08:53:38;INFO]----------------------------------------------------------------------------------------------------

[2025-02-21 08:53:38;INFO]Current Epoch: 185 / 500 | Learning Rate : 0.0009999999999996665
[2025-02-21 08:53:39;INFO]Train | Loss : 0.018691 | ACC : 3150/3150 (100.000%)
[2025-02-21 08:53:40;INFO]Valid | Loss : 0.024815 | ACC : 1348/1350 (99.852%)
[2025-02-21 08:53:40;INFO]      | Loss didn't drop!

[2025-02-21 08:53:40;INFO]best epoch: 161, best loss: 0.022005
[2025-02-21 08:53:40;INFO]----------------------------------------------------------------------------------------------------

[2025-02-21 08:53:40;INFO]Current Epoch: 186 / 500 | Learning Rate : 0.0001464466094067098
[2025-02-21 08:53:42;INFO]Train | Loss : 0.018410 | ACC : 3150/3150 (100.000%)
[2025-02-21 08:53:42;INFO]Valid | Loss : 0.027649 | ACC : 1348/1350 (99.852%)
[2025-02-21 08:53:42;INFO]      | Loss didn't drop!

[2025-02-21 08:53:42;INFO]best epoch: 161, best loss: 0.022005
[2025-02-21 08:53:42;INFO]----------------------------------------------------------------------------------------------------

[2025-02-21 08:53:42;INFO]Current Epoch: 187 / 500 | Learning Rate : 0.0004999999999999995
[2025-02-21 08:53:44;INFO]Train | Loss : 0.018593 | ACC : 3150/3150 (100.000%)
[2025-02-21 08:53:44;INFO]Valid | Loss : 0.058606 | ACC : 1343/1350 (99.481%)
[2025-02-21 08:53:44;INFO]      | Loss didn't drop!

[2025-02-21 08:53:44;INFO]best epoch: 161, best loss: 0.022005
[2025-02-21 08:53:44;INFO]----------------------------------------------------------------------------------------------------

[2025-02-21 08:53:44;INFO]Current Epoch: 188 / 500 | Learning Rate : 0.0008535533905934617
[2025-02-21 08:53:46;INFO]Train | Loss : 0.019809 | ACC : 3150/3150 (100.000%)
[2025-02-21 08:53:46;INFO]Valid | Loss : 0.030084 | ACC : 1348/1350 (99.852%)
[2025-02-21 08:53:46;INFO]      | Loss didn't drop!

[2025-02-21 08:53:46;INFO]best epoch: 161, best loss: 0.022005
[2025-02-21 08:53:46;INFO]----------------------------------------------------------------------------------------------------

[2025-02-21 08:53:46;INFO]Current Epoch: 189 / 500 | Learning Rate : 0.0
[2025-02-21 08:53:48;INFO]Train | Loss : 0.017633 | ACC : 3150/3150 (100.000%)
[2025-02-21 08:53:48;INFO]Valid | Loss : 0.031338 | ACC : 1348/1350 (99.852%)
[2025-02-21 08:53:48;INFO]      | Loss didn't drop!

[2025-02-21 08:53:48;INFO]best epoch: 161, best loss: 0.022005
[2025-02-21 08:53:48;INFO]----------------------------------------------------------------------------------------------------

[2025-02-21 08:53:48;INFO]Current Epoch: 190 / 500 | Learning Rate : 0.0008535533905936753
[2025-02-21 08:53:50;INFO]Train | Loss : 0.016223 | ACC : 3150/3150 (100.000%)
[2025-02-21 08:53:51;INFO]Valid | Loss : 0.025695 | ACC : 1348/1350 (99.852%)
[2025-02-21 08:53:51;INFO]      | Loss didn't drop!

[2025-02-21 08:53:51;INFO]best epoch: 161, best loss: 0.022005
[2025-02-21 08:53:51;INFO]----------------------------------------------------------------------------------------------------

[2025-02-21 08:53:51;INFO]Current Epoch: 191 / 500 | Learning Rate : 0.0005000000000003773
[2025-02-21 08:53:52;INFO]Train | Loss : 0.019193 | ACC : 3150/3150 (100.000%)
[2025-02-21 08:53:53;INFO]Valid | Loss : 0.048638 | ACC : 1348/1350 (99.852%)
[2025-02-21 08:53:53;INFO]      | Loss didn't drop!

[2025-02-21 08:53:53;INFO]best epoch: 161, best loss: 0.022005
[2025-02-21 08:53:53;INFO]----------------------------------------------------------------------------------------------------

[2025-02-21 08:53:53;INFO]Current Epoch: 192 / 500 | Learning Rate : 0.00014644660940685286
[2025-02-21 08:53:55;INFO]Train | Loss : 0.017740 | ACC : 3150/3150 (100.000%)
[2025-02-21 08:53:55;INFO]Valid | Loss : 0.051300 | ACC : 1348/1350 (99.852%)
[2025-02-21 08:53:55;INFO]      | Loss didn't drop!

[2025-02-21 08:53:55;INFO]best epoch: 161, best loss: 0.022005
[2025-02-21 08:53:55;INFO]----------------------------------------------------------------------------------------------------

[2025-02-21 08:53:55;INFO]Current Epoch: 193 / 500 | Learning Rate : 0.0009999999999995943
[2025-02-21 08:53:57;INFO]Train | Loss : 0.017372 | ACC : 3150/3150 (100.000%)
[2025-02-21 08:53:57;INFO]Valid | Loss : 0.023913 | ACC : 1348/1350 (99.852%)
[2025-02-21 08:53:57;INFO]      | Loss didn't drop!

[2025-02-21 08:53:57;INFO]best epoch: 161, best loss: 0.022005
[2025-02-21 08:53:57;INFO]----------------------------------------------------------------------------------------------------

[2025-02-21 08:53:57;INFO]Current Epoch: 194 / 500 | Learning Rate : 0.00014644660940691263
[2025-02-21 08:53:59;INFO]Train | Loss : 0.017361 | ACC : 3150/3150 (100.000%)
[2025-02-21 08:53:59;INFO]Valid | Loss : 0.067322 | ACC : 1348/1350 (99.852%)
[2025-02-21 08:53:59;INFO]      | Loss didn't drop!

[2025-02-21 08:53:59;INFO]best epoch: 161, best loss: 0.022005
[2025-02-21 08:53:59;INFO]----------------------------------------------------------------------------------------------------

[2025-02-21 08:53:59;INFO]Current Epoch: 195 / 500 | Learning Rate : 0.0005000000000006822
[2025-02-21 08:54:01;INFO]Train | Loss : 0.015908 | ACC : 3150/3150 (100.000%)
[2025-02-21 08:54:01;INFO]Valid | Loss : 0.025052 | ACC : 1348/1350 (99.852%)
[2025-02-21 08:54:01;INFO]      | Loss didn't drop!

[2025-02-21 08:54:01;INFO]best epoch: 161, best loss: 0.022005
[2025-02-21 08:54:01;INFO]----------------------------------------------------------------------------------------------------

[2025-02-21 08:54:01;INFO]Current Epoch: 196 / 500 | Learning Rate : 0.0008535533905933947
[2025-02-21 08:54:03;INFO]Train | Loss : 0.015544 | ACC : 3150/3150 (100.000%)
[2025-02-21 08:54:03;INFO]Valid | Loss : 0.021381 | ACC : 1348/1350 (99.852%)
[2025-02-21 08:54:03;INFO]      | Loss dropped from 0.022005 to 0.021381, model has been saved!

[2025-02-21 08:54:03;INFO]best epoch: 196, best loss: 0.021381
[2025-02-21 08:54:03;INFO]----------------------------------------------------------------------------------------------------

[2025-02-21 08:54:03;INFO]Current Epoch: 197 / 500 | Learning Rate : 0.0
[2025-02-21 08:54:05;INFO]Train | Loss : 0.014977 | ACC : 3150/3150 (100.000%)
[2025-02-21 08:54:06;INFO]Valid | Loss : 0.024404 | ACC : 1348/1350 (99.852%)
[2025-02-21 08:54:06;INFO]      | Loss didn't drop!

[2025-02-21 08:54:06;INFO]best epoch: 196, best loss: 0.021381
[2025-02-21 08:54:06;INFO]----------------------------------------------------------------------------------------------------

[2025-02-21 08:54:06;INFO]Current Epoch: 198 / 500 | Learning Rate : 0.0008535533905936523
[2025-02-21 08:54:07;INFO]Train | Loss : 0.015449 | ACC : 3150/3150 (100.000%)
[2025-02-21 08:54:08;INFO]Valid | Loss : 0.046223 | ACC : 1349/1350 (99.926%)
[2025-02-21 08:54:08;INFO]      | Loss didn't drop!

[2025-02-21 08:54:08;INFO]best epoch: 196, best loss: 0.021381
[2025-02-21 08:54:08;INFO]----------------------------------------------------------------------------------------------------

[2025-02-21 08:54:08;INFO]Current Epoch: 199 / 500 | Learning Rate : 0.0004999999999996229
[2025-02-21 08:54:10;INFO]Train | Loss : 0.015144 | ACC : 3150/3150 (100.000%)
[2025-02-21 08:54:10;INFO]Valid | Loss : 0.022020 | ACC : 1348/1350 (99.852%)
[2025-02-21 08:54:10;INFO]      | Loss didn't drop!

[2025-02-21 08:54:10;INFO]best epoch: 196, best loss: 0.021381
[2025-02-21 08:54:10;INFO]----------------------------------------------------------------------------------------------------

[2025-02-21 08:54:10;INFO]Current Epoch: 200 / 500 | Learning Rate : 0.0001464466094066288
[2025-02-21 08:54:12;INFO]Train | Loss : 0.013662 | ACC : 3150/3150 (100.000%)
[2025-02-21 08:54:12;INFO]Valid | Loss : 0.021259 | ACC : 1348/1350 (99.852%)
[2025-02-21 08:54:12;INFO]      | Loss dropped from 0.021381 to 0.021259, model has been saved!

[2025-02-21 08:54:12;INFO]best epoch: 200, best loss: 0.021259
[2025-02-21 08:54:12;INFO]----------------------------------------------------------------------------------------------------

[2025-02-21 08:54:12;INFO]Current Epoch: 201 / 500 | Learning Rate : 0.001000000000000956
[2025-02-21 08:54:14;INFO]Train | Loss : 0.014993 | ACC : 3150/3150 (100.000%)
[2025-02-21 08:54:14;INFO]Valid | Loss : 0.019940 | ACC : 1348/1350 (99.852%)
[2025-02-21 08:54:14;INFO]      | Loss dropped from 0.021259 to 0.019940, model has been saved!

[2025-02-21 08:54:14;INFO]best epoch: 201, best loss: 0.019940
[2025-02-21 08:54:14;INFO]----------------------------------------------------------------------------------------------------

[2025-02-21 08:54:14;INFO]Current Epoch: 202 / 500 | Learning Rate : 0.00014644660940669286
[2025-02-21 08:54:16;INFO]Train | Loss : 0.013750 | ACC : 3150/3150 (100.000%)
[2025-02-21 08:54:16;INFO]Valid | Loss : 0.023054 | ACC : 1348/1350 (99.852%)
[2025-02-21 08:54:16;INFO]      | Loss didn't drop!

[2025-02-21 08:54:16;INFO]best epoch: 201, best loss: 0.019940
[2025-02-21 08:54:16;INFO]----------------------------------------------------------------------------------------------------

[2025-02-21 08:54:16;INFO]Current Epoch: 203 / 500 | Learning Rate : 0.0004999999999999215
[2025-02-21 08:54:18;INFO]Train | Loss : 0.013425 | ACC : 3150/3150 (100.000%)
[2025-02-21 08:54:18;INFO]Valid | Loss : 0.021094 | ACC : 1348/1350 (99.852%)
[2025-02-21 08:54:18;INFO]      | Loss didn't drop!

[2025-02-21 08:54:18;INFO]best epoch: 201, best loss: 0.019940
[2025-02-21 08:54:18;INFO]----------------------------------------------------------------------------------------------------

[2025-02-21 08:54:18;INFO]Current Epoch: 204 / 500 | Learning Rate : 0.0008535533905932949
[2025-02-21 08:54:20;INFO]Train | Loss : 0.012828 | ACC : 3150/3150 (100.000%)
[2025-02-21 08:54:21;INFO]Valid | Loss : 0.020979 | ACC : 1348/1350 (99.852%)
[2025-02-21 08:54:21;INFO]      | Loss didn't drop!

[2025-02-21 08:54:21;INFO]best epoch: 201, best loss: 0.019940
[2025-02-21 08:54:21;INFO]----------------------------------------------------------------------------------------------------

[2025-02-21 08:54:21;INFO]Current Epoch: 205 / 500 | Learning Rate : 0.0
[2025-02-21 08:54:22;INFO]Train | Loss : 0.012761 | ACC : 3150/3150 (100.000%)
[2025-02-21 08:54:23;INFO]Valid | Loss : 0.023135 | ACC : 1348/1350 (99.852%)
[2025-02-21 08:54:23;INFO]      | Loss didn't drop!

[2025-02-21 08:54:23;INFO]best epoch: 201, best loss: 0.019940
[2025-02-21 08:54:23;INFO]----------------------------------------------------------------------------------------------------

[2025-02-21 08:54:23;INFO]Current Epoch: 206 / 500 | Learning Rate : 0.0008535533905935807
[2025-02-21 08:54:25;INFO]Train | Loss : 0.013410 | ACC : 3150/3150 (100.000%)
[2025-02-21 08:54:25;INFO]Valid | Loss : 0.020592 | ACC : 1348/1350 (99.852%)
[2025-02-21 08:54:25;INFO]      | Loss didn't drop!

[2025-02-21 08:54:25;INFO]best epoch: 201, best loss: 0.019940
[2025-02-21 08:54:25;INFO]----------------------------------------------------------------------------------------------------

[2025-02-21 08:54:25;INFO]Current Epoch: 207 / 500 | Learning Rate : 0.0005000000000003113
[2025-02-21 08:54:27;INFO]Train | Loss : 0.012789 | ACC : 3150/3150 (100.000%)
[2025-02-21 08:54:27;INFO]Valid | Loss : 0.020880 | ACC : 1348/1350 (99.852%)
[2025-02-21 08:54:27;INFO]      | Loss didn't drop!

[2025-02-21 08:54:27;INFO]best epoch: 201, best loss: 0.019940
[2025-02-21 08:54:27;INFO]----------------------------------------------------------------------------------------------------

[2025-02-21 08:54:27;INFO]Current Epoch: 208 / 500 | Learning Rate : 0.00014644660940682755
[2025-02-21 08:54:29;INFO]Train | Loss : 0.012583 | ACC : 3150/3150 (100.000%)
[2025-02-21 08:54:29;INFO]Valid | Loss : 0.023334 | ACC : 1348/1350 (99.852%)
[2025-02-21 08:54:29;INFO]      | Loss didn't drop!

[2025-02-21 08:54:29;INFO]best epoch: 201, best loss: 0.019940
[2025-02-21 08:54:29;INFO]----------------------------------------------------------------------------------------------------

[2025-02-21 08:54:29;INFO]Current Epoch: 209 / 500 | Learning Rate : 0.0010000000000008834
[2025-02-21 08:54:31;INFO]Train | Loss : 0.012354 | ACC : 3150/3150 (100.000%)
[2025-02-21 08:54:31;INFO]Valid | Loss : 0.019434 | ACC : 1348/1350 (99.852%)
[2025-02-21 08:54:31;INFO]      | Loss dropped from 0.019940 to 0.019434, model has been saved!

[2025-02-21 08:54:31;INFO]best epoch: 209, best loss: 0.019434
[2025-02-21 08:54:31;INFO]----------------------------------------------------------------------------------------------------

[2025-02-21 08:54:31;INFO]Current Epoch: 210 / 500 | Learning Rate : 0.00014644660940689433
[2025-02-21 08:54:33;INFO]Train | Loss : 0.011581 | ACC : 3150/3150 (100.000%)
[2025-02-21 08:54:33;INFO]Valid | Loss : 0.019337 | ACC : 1348/1350 (99.852%)
[2025-02-21 08:54:34;INFO]      | Loss dropped from 0.019434 to 0.019337, model has been saved!

[2025-02-21 08:54:34;INFO]best epoch: 210, best loss: 0.019337
[2025-02-21 08:54:34;INFO]----------------------------------------------------------------------------------------------------

[2025-02-21 08:54:34;INFO]Current Epoch: 211 / 500 | Learning Rate : 0.0005000000000006001
[2025-02-21 08:54:35;INFO]Train | Loss : 0.011870 | ACC : 3150/3150 (100.000%)
[2025-02-21 08:54:36;INFO]Valid | Loss : 0.114862 | ACC : 1306/1350 (96.741%)
[2025-02-21 08:54:36;INFO]      | Loss didn't drop!

[2025-02-21 08:54:36;INFO]best epoch: 210, best loss: 0.019337
[2025-02-21 08:54:36;INFO]----------------------------------------------------------------------------------------------------

[2025-02-21 08:54:36;INFO]Current Epoch: 212 / 500 | Learning Rate : 0.0008535533905932359
[2025-02-21 08:54:37;INFO]Train | Loss : 0.011873 | ACC : 3150/3150 (100.000%)
[2025-02-21 08:54:38;INFO]Valid | Loss : 0.026134 | ACC : 1348/1350 (99.852%)
[2025-02-21 08:54:38;INFO]      | Loss didn't drop!

[2025-02-21 08:54:38;INFO]best epoch: 210, best loss: 0.019337
[2025-02-21 08:54:38;INFO]----------------------------------------------------------------------------------------------------

[2025-02-21 08:54:38;INFO]Current Epoch: 213 / 500 | Learning Rate : 0.0
[2025-02-21 08:54:40;INFO]Train | Loss : 0.012547 | ACC : 3150/3150 (100.000%)
[2025-02-21 08:54:40;INFO]Valid | Loss : 0.037901 | ACC : 1348/1350 (99.852%)
[2025-02-21 08:54:40;INFO]      | Loss didn't drop!

[2025-02-21 08:54:40;INFO]best epoch: 210, best loss: 0.019337
[2025-02-21 08:54:40;INFO]----------------------------------------------------------------------------------------------------

[2025-02-21 08:54:40;INFO]Current Epoch: 214 / 500 | Learning Rate : 0.0008535533905935171
[2025-02-21 08:54:42;INFO]Train | Loss : 0.011624 | ACC : 3150/3150 (100.000%)
[2025-02-21 08:54:42;INFO]Valid | Loss : 0.018456 | ACC : 1348/1350 (99.852%)
[2025-02-21 08:54:42;INFO]      | Loss dropped from 0.019337 to 0.018456, model has been saved!

[2025-02-21 08:54:42;INFO]best epoch: 214, best loss: 0.018456
[2025-02-21 08:54:42;INFO]----------------------------------------------------------------------------------------------------

[2025-02-21 08:54:42;INFO]Current Epoch: 215 / 500 | Learning Rate : 0.0005000000000009427
[2025-02-21 08:54:44;INFO]Train | Loss : 0.012034 | ACC : 3150/3150 (100.000%)
[2025-02-21 08:54:44;INFO]Valid | Loss : 0.019263 | ACC : 1348/1350 (99.852%)
[2025-02-21 08:54:44;INFO]      | Loss didn't drop!

[2025-02-21 08:54:44;INFO]best epoch: 214, best loss: 0.018456
[2025-02-21 08:54:44;INFO]----------------------------------------------------------------------------------------------------

[2025-02-21 08:54:44;INFO]Current Epoch: 216 / 500 | Learning Rate : 0.0001464466094070665
[2025-02-21 08:54:46;INFO]Train | Loss : 0.011893 | ACC : 3150/3150 (100.000%)
[2025-02-21 08:54:46;INFO]Valid | Loss : 0.022224 | ACC : 1348/1350 (99.852%)
[2025-02-21 08:54:46;INFO]      | Loss didn't drop!

[2025-02-21 08:54:46;INFO]best epoch: 214, best loss: 0.018456
[2025-02-21 08:54:46;INFO]----------------------------------------------------------------------------------------------------

[2025-02-21 08:54:46;INFO]Current Epoch: 217 / 500 | Learning Rate : 0.0009999999999993686
[2025-02-21 08:54:48;INFO]Train | Loss : 0.011841 | ACC : 3150/3150 (100.000%)
[2025-02-21 08:54:49;INFO]Valid | Loss : 0.019334 | ACC : 1348/1350 (99.852%)
[2025-02-21 08:54:49;INFO]      | Loss didn't drop!

[2025-02-21 08:54:49;INFO]best epoch: 214, best loss: 0.018456
[2025-02-21 08:54:49;INFO]----------------------------------------------------------------------------------------------------

[2025-02-21 08:54:49;INFO]Current Epoch: 218 / 500 | Learning Rate : 0.0001464466094068859
[2025-02-21 08:54:50;INFO]Train | Loss : 0.011377 | ACC : 3150/3150 (100.000%)
[2025-02-21 08:54:51;INFO]Valid | Loss : 0.020715 | ACC : 1348/1350 (99.852%)
[2025-02-21 08:54:51;INFO]      | Loss didn't drop!

[2025-02-21 08:54:51;INFO]best epoch: 214, best loss: 0.018456
[2025-02-21 08:54:51;INFO]----------------------------------------------------------------------------------------------------

[2025-02-21 08:54:51;INFO]Current Epoch: 219 / 500 | Learning Rate : 0.0005000000000005604
[2025-02-21 08:54:53;INFO]Train | Loss : 0.011076 | ACC : 3150/3150 (100.000%)
[2025-02-21 08:54:53;INFO]Valid | Loss : 0.021170 | ACC : 1348/1350 (99.852%)
[2025-02-21 08:54:53;INFO]      | Loss didn't drop!

[2025-02-21 08:54:53;INFO]best epoch: 214, best loss: 0.018456
[2025-02-21 08:54:53;INFO]----------------------------------------------------------------------------------------------------

[2025-02-21 08:54:53;INFO]Current Epoch: 220 / 500 | Learning Rate : 0.0008535533905931687
[2025-02-21 08:54:55;INFO]Train | Loss : 0.010478 | ACC : 3150/3150 (100.000%)
[2025-02-21 08:54:55;INFO]Valid | Loss : 0.019215 | ACC : 1348/1350 (99.852%)
[2025-02-21 08:54:55;INFO]      | Loss didn't drop!

[2025-02-21 08:54:55;INFO]best epoch: 214, best loss: 0.018456
[2025-02-21 08:54:55;INFO]----------------------------------------------------------------------------------------------------

[2025-02-21 08:54:55;INFO]Current Epoch: 221 / 500 | Learning Rate : 0.0
[2025-02-21 08:54:57;INFO]Train | Loss : 0.010811 | ACC : 3150/3150 (100.000%)
[2025-02-21 08:54:57;INFO]Valid | Loss : 0.028068 | ACC : 1348/1350 (99.852%)
[2025-02-21 08:54:57;INFO]      | Loss didn't drop!

[2025-02-21 08:54:57;INFO]best epoch: 214, best loss: 0.018456
[2025-02-21 08:54:57;INFO]----------------------------------------------------------------------------------------------------

[2025-02-21 08:54:57;INFO]Current Epoch: 222 / 500 | Learning Rate : 0.0008535533905934136
[2025-02-21 08:54:59;INFO]Train | Loss : 0.010347 | ACC : 3150/3150 (100.000%)
[2025-02-21 08:54:59;INFO]Valid | Loss : 0.018317 | ACC : 1348/1350 (99.852%)
[2025-02-21 08:54:59;INFO]      | Loss dropped from 0.018456 to 0.018317, model has been saved!

[2025-02-21 08:54:59;INFO]best epoch: 222, best loss: 0.018317
[2025-02-21 08:54:59;INFO]----------------------------------------------------------------------------------------------------

[2025-02-21 08:54:59;INFO]Current Epoch: 223 / 500 | Learning Rate : 0.0005000000000002405
[2025-02-21 08:55:01;INFO]Train | Loss : 0.010526 | ACC : 3150/3150 (100.000%)
[2025-02-21 08:55:01;INFO]Valid | Loss : 0.022247 | ACC : 1349/1350 (99.926%)
[2025-02-21 08:55:01;INFO]      | Loss didn't drop!

[2025-02-21 08:55:01;INFO]best epoch: 222, best loss: 0.018317
[2025-02-21 08:55:01;INFO]----------------------------------------------------------------------------------------------------

[2025-02-21 08:55:01;INFO]Current Epoch: 224 / 500 | Learning Rate : 0.00014644660940680096
[2025-02-21 08:55:03;INFO]Train | Loss : 0.010110 | ACC : 3150/3150 (100.000%)
[2025-02-21 08:55:04;INFO]Valid | Loss : 0.023666 | ACC : 1348/1350 (99.852%)
[2025-02-21 08:55:04;INFO]      | Loss didn't drop!

[2025-02-21 08:55:04;INFO]best epoch: 222, best loss: 0.018317
[2025-02-21 08:55:04;INFO]----------------------------------------------------------------------------------------------------

[2025-02-21 08:55:04;INFO]Current Epoch: 225 / 500 | Learning Rate : 0.0009999999999992875
[2025-02-21 08:55:05;INFO]Train | Loss : 0.009941 | ACC : 3150/3150 (100.000%)
[2025-02-21 08:55:06;INFO]Valid | Loss : 0.018130 | ACC : 1348/1350 (99.852%)
[2025-02-21 08:55:06;INFO]      | Loss dropped from 0.018317 to 0.018130, model has been saved!

[2025-02-21 08:55:06;INFO]best epoch: 225, best loss: 0.018130
[2025-02-21 08:55:06;INFO]----------------------------------------------------------------------------------------------------

[2025-02-21 08:55:06;INFO]Current Epoch: 226 / 500 | Learning Rate : 0.00014644660940687736
[2025-02-21 08:55:08;INFO]Train | Loss : 0.010217 | ACC : 3150/3150 (100.000%)
[2025-02-21 08:55:08;INFO]Valid | Loss : 0.441449 | ACC : 1135/1350 (84.074%)
[2025-02-21 08:55:08;INFO]      | Loss didn't drop!

[2025-02-21 08:55:08;INFO]best epoch: 225, best loss: 0.018130
[2025-02-21 08:55:08;INFO]----------------------------------------------------------------------------------------------------

[2025-02-21 08:55:08;INFO]Current Epoch: 227 / 500 | Learning Rate : 0.0005000000000005216
[2025-02-21 08:55:10;INFO]Train | Loss : 0.011094 | ACC : 3150/3150 (100.000%)
[2025-02-21 08:55:10;INFO]Valid | Loss : 0.120640 | ACC : 1342/1350 (99.407%)
[2025-02-21 08:55:10;INFO]      | Loss didn't drop!

[2025-02-21 08:55:10;INFO]best epoch: 225, best loss: 0.018130
[2025-02-21 08:55:10;INFO]----------------------------------------------------------------------------------------------------

[2025-02-21 08:55:10;INFO]Current Epoch: 228 / 500 | Learning Rate : 0.0008535533905943401
[2025-02-21 08:55:12;INFO]Train | Loss : 0.010064 | ACC : 3150/3150 (100.000%)
[2025-02-21 08:55:12;INFO]Valid | Loss : 0.020377 | ACC : 1348/1350 (99.852%)
[2025-02-21 08:55:12;INFO]      | Loss didn't drop!

[2025-02-21 08:55:12;INFO]best epoch: 225, best loss: 0.018130
[2025-02-21 08:55:12;INFO]----------------------------------------------------------------------------------------------------

[2025-02-21 08:55:12;INFO]Current Epoch: 229 / 500 | Learning Rate : 0.0
[2025-02-21 08:55:14;INFO]Train | Loss : 0.009200 | ACC : 3150/3150 (100.000%)
[2025-02-21 08:55:14;INFO]Valid | Loss : 0.019773 | ACC : 1348/1350 (99.852%)
[2025-02-21 08:55:14;INFO]      | Loss didn't drop!

[2025-02-21 08:55:14;INFO]best epoch: 225, best loss: 0.018130
[2025-02-21 08:55:14;INFO]----------------------------------------------------------------------------------------------------

[2025-02-21 08:55:14;INFO]Current Epoch: 230 / 500 | Learning Rate : 0.0008535533905933417
[2025-02-21 08:55:16;INFO]Train | Loss : 0.009392 | ACC : 3150/3150 (100.000%)
[2025-02-21 08:55:16;INFO]Valid | Loss : 0.019317 | ACC : 1348/1350 (99.852%)
[2025-02-21 08:55:16;INFO]      | Loss didn't drop!

[2025-02-21 08:55:16;INFO]best epoch: 225, best loss: 0.018130
[2025-02-21 08:55:16;INFO]----------------------------------------------------------------------------------------------------

[2025-02-21 08:55:16;INFO]Current Epoch: 231 / 500 | Learning Rate : 0.0005000000000002072
[2025-02-21 08:55:18;INFO]Train | Loss : 0.009152 | ACC : 3150/3150 (100.000%)
[2025-02-21 08:55:19;INFO]Valid | Loss : 0.017993 | ACC : 1348/1350 (99.852%)
[2025-02-21 08:55:19;INFO]      | Loss dropped from 0.018130 to 0.017993, model has been saved!

[2025-02-21 08:55:19;INFO]best epoch: 231, best loss: 0.017993
[2025-02-21 08:55:19;INFO]----------------------------------------------------------------------------------------------------

[2025-02-21 08:55:19;INFO]Current Epoch: 232 / 500 | Learning Rate : 0.00014644660940678838
[2025-02-21 08:55:20;INFO]Train | Loss : 0.008769 | ACC : 3150/3150 (100.000%)
[2025-02-21 08:55:21;INFO]Valid | Loss : 0.020425 | ACC : 1348/1350 (99.852%)
[2025-02-21 08:55:21;INFO]      | Loss didn't drop!

[2025-02-21 08:55:21;INFO]best epoch: 231, best loss: 0.017993
[2025-02-21 08:55:21;INFO]----------------------------------------------------------------------------------------------------

[2025-02-21 08:55:21;INFO]Current Epoch: 233 / 500 | Learning Rate : 0.0010000000000021006
[2025-02-21 08:55:23;INFO]Train | Loss : 0.009035 | ACC : 3150/3150 (100.000%)
[2025-02-21 08:55:23;INFO]Valid | Loss : 0.018883 | ACC : 1348/1350 (99.852%)
[2025-02-21 08:55:23;INFO]      | Loss didn't drop!

[2025-02-21 08:55:23;INFO]best epoch: 231, best loss: 0.017993
[2025-02-21 08:55:23;INFO]----------------------------------------------------------------------------------------------------

[2025-02-21 08:55:23;INFO]Current Epoch: 234 / 500 | Learning Rate : 0.00014644660940661607
[2025-02-21 08:55:25;INFO]Train | Loss : 0.009180 | ACC : 3150/3150 (100.000%)
[2025-02-21 08:55:25;INFO]Valid | Loss : 0.023822 | ACC : 1349/1350 (99.926%)
[2025-02-21 08:55:25;INFO]      | Loss didn't drop!

[2025-02-21 08:55:25;INFO]best epoch: 231, best loss: 0.017993
[2025-02-21 08:55:25;INFO]----------------------------------------------------------------------------------------------------

[2025-02-21 08:55:25;INFO]Current Epoch: 235 / 500 | Learning Rate : 0.0004999999999997563
[2025-02-21 08:55:27;INFO]Train | Loss : 0.008500 | ACC : 3150/3150 (100.000%)
[2025-02-21 08:55:27;INFO]Valid | Loss : 0.020266 | ACC : 1348/1350 (99.852%)
[2025-02-21 08:55:27;INFO]      | Loss didn't drop!

[2025-02-21 08:55:27;INFO]best epoch: 231, best loss: 0.017993
[2025-02-21 08:55:27;INFO]----------------------------------------------------------------------------------------------------

[2025-02-21 08:55:27;INFO]Current Epoch: 236 / 500 | Learning Rate : 0.0008535533905942809
[2025-02-21 08:55:29;INFO]Train | Loss : 0.008680 | ACC : 3150/3150 (100.000%)
[2025-02-21 08:55:29;INFO]Valid | Loss : 0.018092 | ACC : 1348/1350 (99.852%)
[2025-02-21 08:55:29;INFO]      | Loss didn't drop!

[2025-02-21 08:55:29;INFO]best epoch: 231, best loss: 0.017993
[2025-02-21 08:55:29;INFO]----------------------------------------------------------------------------------------------------

[2025-02-21 08:55:29;INFO]Current Epoch: 237 / 500 | Learning Rate : 0.0
[2025-02-21 08:55:31;INFO]Train | Loss : 0.008778 | ACC : 3150/3150 (100.000%)
[2025-02-21 08:55:32;INFO]Valid | Loss : 0.019276 | ACC : 1349/1350 (99.926%)
[2025-02-21 08:55:32;INFO]      | Loss didn't drop!

[2025-02-21 08:55:32;INFO]best epoch: 231, best loss: 0.017993
[2025-02-21 08:55:32;INFO]----------------------------------------------------------------------------------------------------

[2025-02-21 08:55:32;INFO]Current Epoch: 238 / 500 | Learning Rate : 0.0008535533905933593
[2025-02-21 08:55:33;INFO]Train | Loss : 0.008306 | ACC : 3150/3150 (100.000%)
[2025-02-21 08:55:34;INFO]Valid | Loss : 0.018253 | ACC : 1348/1350 (99.852%)
[2025-02-21 08:55:34;INFO]      | Loss didn't drop!

[2025-02-21 08:55:34;INFO]best epoch: 231, best loss: 0.017993
[2025-02-21 08:55:34;INFO]----------------------------------------------------------------------------------------------------

[2025-02-21 08:55:34;INFO]Current Epoch: 239 / 500 | Learning Rate : 0.0005000000000001742
[2025-02-21 08:55:35;INFO]Train | Loss : 0.008466 | ACC : 3150/3150 (100.000%)
[2025-02-21 08:55:36;INFO]Valid | Loss : 0.017978 | ACC : 1348/1350 (99.852%)
[2025-02-21 08:55:36;INFO]      | Loss dropped from 0.017993 to 0.017978, model has been saved!

[2025-02-21 08:55:36;INFO]best epoch: 239, best loss: 0.017978
[2025-02-21 08:55:36;INFO]----------------------------------------------------------------------------------------------------

[2025-02-21 08:55:36;INFO]Current Epoch: 240 / 500 | Learning Rate : 0.0001464466094067756
[2025-02-21 08:55:38;INFO]Train | Loss : 0.008364 | ACC : 3150/3150 (100.000%)
[2025-02-21 08:55:38;INFO]Valid | Loss : 0.104577 | ACC : 1348/1350 (99.852%)
[2025-02-21 08:55:38;INFO]      | Loss didn't drop!

[2025-02-21 08:55:38;INFO]best epoch: 239, best loss: 0.017978
[2025-02-21 08:55:38;INFO]----------------------------------------------------------------------------------------------------

[2025-02-21 08:55:38;INFO]Current Epoch: 241 / 500 | Learning Rate : 0.001000000000000586
[2025-02-21 08:55:40;INFO]Train | Loss : 0.008833 | ACC : 3150/3150 (100.000%)
[2025-02-21 08:55:40;INFO]Valid | Loss : 0.017480 | ACC : 1348/1350 (99.852%)
[2025-02-21 08:55:40;INFO]      | Loss dropped from 0.017978 to 0.017480, model has been saved!

[2025-02-21 08:55:40;INFO]best epoch: 241, best loss: 0.017480
[2025-02-21 08:55:40;INFO]----------------------------------------------------------------------------------------------------

[2025-02-21 08:55:40;INFO]Current Epoch: 242 / 500 | Learning Rate : 0.0001464466094066076
[2025-02-21 08:55:42;INFO]Train | Loss : 0.008205 | ACC : 3150/3150 (100.000%)
[2025-02-21 08:55:42;INFO]Valid | Loss : 0.017958 | ACC : 1348/1350 (99.852%)
[2025-02-21 08:55:42;INFO]      | Loss didn't drop!

[2025-02-21 08:55:42;INFO]best epoch: 241, best loss: 0.017480
[2025-02-21 08:55:42;INFO]----------------------------------------------------------------------------------------------------

[2025-02-21 08:55:42;INFO]Current Epoch: 243 / 500 | Learning Rate : 0.0004999999999996604
[2025-02-21 08:55:44;INFO]Train | Loss : 0.008251 | ACC : 3150/3150 (100.000%)
[2025-02-21 08:55:44;INFO]Valid | Loss : 0.021856 | ACC : 1348/1350 (99.852%)
[2025-02-21 08:55:44;INFO]      | Loss didn't drop!

[2025-02-21 08:55:44;INFO]best epoch: 241, best loss: 0.017480
[2025-02-21 08:55:44;INFO]----------------------------------------------------------------------------------------------------

[2025-02-21 08:55:44;INFO]Current Epoch: 244 / 500 | Learning Rate : 0.0008535533905942619
[2025-02-21 08:55:46;INFO]Train | Loss : 0.008626 | ACC : 3150/3150 (100.000%)
[2025-02-21 08:55:47;INFO]Valid | Loss : 0.017799 | ACC : 1348/1350 (99.852%)
[2025-02-21 08:55:47;INFO]      | Loss didn't drop!

[2025-02-21 08:55:47;INFO]best epoch: 241, best loss: 0.017480
[2025-02-21 08:55:47;INFO]----------------------------------------------------------------------------------------------------

[2025-02-21 08:55:47;INFO]Current Epoch: 245 / 500 | Learning Rate : 0.0
[2025-02-21 08:55:48;INFO]Train | Loss : 0.007692 | ACC : 3150/3150 (100.000%)
[2025-02-21 08:55:49;INFO]Valid | Loss : 0.021504 | ACC : 1348/1350 (99.852%)
[2025-02-21 08:55:49;INFO]      | Loss didn't drop!

[2025-02-21 08:55:49;INFO]best epoch: 241, best loss: 0.017480
[2025-02-21 08:55:49;INFO]----------------------------------------------------------------------------------------------------

[2025-02-21 08:55:49;INFO]Current Epoch: 246 / 500 | Learning Rate : 0.0008535533905944864
[2025-02-21 08:55:51;INFO]Train | Loss : 0.007827 | ACC : 3150/3150 (100.000%)
[2025-02-21 08:55:51;INFO]Valid | Loss : 0.018271 | ACC : 1348/1350 (99.852%)
[2025-02-21 08:55:51;INFO]      | Loss didn't drop!

[2025-02-21 08:55:51;INFO]best epoch: 241, best loss: 0.017480
[2025-02-21 08:55:51;INFO]----------------------------------------------------------------------------------------------------

[2025-02-21 08:55:51;INFO]Current Epoch: 247 / 500 | Learning Rate : 0.0005000000000000798
[2025-02-21 08:55:53;INFO]Train | Loss : 0.007817 | ACC : 3150/3150 (100.000%)
[2025-02-21 08:55:53;INFO]Valid | Loss : 0.018586 | ACC : 1348/1350 (99.852%)
[2025-02-21 08:55:53;INFO]      | Loss didn't drop!

[2025-02-21 08:55:53;INFO]best epoch: 241, best loss: 0.017480
[2025-02-21 08:55:53;INFO]----------------------------------------------------------------------------------------------------

[2025-02-21 08:55:53;INFO]Current Epoch: 248 / 500 | Learning Rate : 0.00014644660940676173
[2025-02-21 08:55:55;INFO]Train | Loss : 0.007267 | ACC : 3150/3150 (100.000%)
[2025-02-21 08:55:55;INFO]Valid | Loss : 0.022064 | ACC : 1349/1350 (99.926%)
[2025-02-21 08:55:55;INFO]      | Loss didn't drop!

[2025-02-21 08:55:55;INFO]best epoch: 241, best loss: 0.017480
[2025-02-21 08:55:55;INFO]----------------------------------------------------------------------------------------------------

[2025-02-21 08:55:55;INFO]Current Epoch: 249 / 500 | Learning Rate : 0.0010000000000005141
[2025-02-21 08:55:57;INFO]Train | Loss : 0.007405 | ACC : 3150/3150 (100.000%)
[2025-02-21 08:55:57;INFO]Valid | Loss : 0.017980 | ACC : 1348/1350 (99.852%)
[2025-02-21 08:55:57;INFO]      | Loss didn't drop!

[2025-02-21 08:55:57;INFO]best epoch: 241, best loss: 0.017480
[2025-02-21 08:55:57;INFO]----------------------------------------------------------------------------------------------------

[2025-02-21 08:55:57;INFO]Current Epoch: 250 / 500 | Learning Rate : 0.00014644660940659913
[2025-02-21 08:55:59;INFO]Train | Loss : 0.007330 | ACC : 3150/3150 (100.000%)
[2025-02-21 08:55:59;INFO]Valid | Loss : 0.018656 | ACC : 1348/1350 (99.852%)
[2025-02-21 08:55:59;INFO]      | Loss didn't drop!

[2025-02-21 08:55:59;INFO]best epoch: 241, best loss: 0.017480
[2025-02-21 08:55:59;INFO]----------------------------------------------------------------------------------------------------

[2025-02-21 08:55:59;INFO]Current Epoch: 251 / 500 | Learning Rate : 0.0004999999999997352
[2025-02-21 08:56:01;INFO]Train | Loss : 0.007404 | ACC : 3150/3150 (100.000%)
[2025-02-21 08:56:02;INFO]Valid | Loss : 0.018495 | ACC : 1348/1350 (99.852%)
[2025-02-21 08:56:02;INFO]      | Loss didn't drop!

[2025-02-21 08:56:02;INFO]best epoch: 241, best loss: 0.017480
[2025-02-21 08:56:02;INFO]----------------------------------------------------------------------------------------------------

[2025-02-21 08:56:02;INFO]Current Epoch: 252 / 500 | Learning Rate : 0.0008535533905929625
[2025-02-21 08:56:03;INFO]Train | Loss : 0.007467 | ACC : 3150/3150 (100.000%)
[2025-02-21 08:56:04;INFO]Valid | Loss : 0.018753 | ACC : 1348/1350 (99.852%)
[2025-02-21 08:56:04;INFO]      | Loss didn't drop!

[2025-02-21 08:56:04;INFO]best epoch: 241, best loss: 0.017480
[2025-02-21 08:56:04;INFO]----------------------------------------------------------------------------------------------------

[2025-02-21 08:56:04;INFO]Current Epoch: 253 / 500 | Learning Rate : 0.0
[2025-02-21 08:56:06;INFO]Train | Loss : 0.006944 | ACC : 3150/3150 (100.000%)
[2025-02-21 08:56:06;INFO]Valid | Loss : 0.019237 | ACC : 1348/1350 (99.852%)
[2025-02-21 08:56:06;INFO]      | Loss didn't drop!

[2025-02-21 08:56:06;INFO]best epoch: 241, best loss: 0.017480
[2025-02-21 08:56:06;INFO]----------------------------------------------------------------------------------------------------

[2025-02-21 08:56:06;INFO]Current Epoch: 254 / 500 | Learning Rate : 0.0008535533905944226
[2025-02-21 08:56:08;INFO]Train | Loss : 0.006968 | ACC : 3150/3150 (100.000%)
[2025-02-21 08:56:08;INFO]Valid | Loss : 0.018981 | ACC : 1348/1350 (99.852%)
[2025-02-21 08:56:08;INFO]      | Loss didn't drop!

[2025-02-21 08:56:08;INFO]best epoch: 241, best loss: 0.017480
[2025-02-21 08:56:08;INFO]----------------------------------------------------------------------------------------------------

[2025-02-21 08:56:08;INFO]Current Epoch: 255 / 500 | Learning Rate : 0.0005000000000000467
[2025-02-21 08:56:10;INFO]Train | Loss : 0.006638 | ACC : 3150/3150 (100.000%)
[2025-02-21 08:56:10;INFO]Valid | Loss : 0.016426 | ACC : 1348/1350 (99.852%)
[2025-02-21 08:56:10;INFO]      | Loss dropped from 0.017480 to 0.016426, model has been saved!

[2025-02-21 08:56:10;INFO]best epoch: 255, best loss: 0.016426
[2025-02-21 08:56:10;INFO]----------------------------------------------------------------------------------------------------

[2025-02-21 08:56:10;INFO]Current Epoch: 256 / 500 | Learning Rate : 0.00014644660940674908
[2025-02-21 08:56:12;INFO]Train | Loss : 0.006857 | ACC : 3150/3150 (100.000%)
[2025-02-21 08:56:12;INFO]Valid | Loss : 0.018812 | ACC : 1348/1350 (99.852%)
[2025-02-21 08:56:12;INFO]      | Loss didn't drop!

[2025-02-21 08:56:12;INFO]best epoch: 255, best loss: 0.016426
[2025-02-21 08:56:12;INFO]----------------------------------------------------------------------------------------------------

[2025-02-21 08:56:12;INFO]Current Epoch: 257 / 500 | Learning Rate : 0.0010000000000004328
[2025-02-21 08:56:14;INFO]Train | Loss : 0.007358 | ACC : 3150/3150 (100.000%)
[2025-02-21 08:56:14;INFO]Valid | Loss : 0.018474 | ACC : 1348/1350 (99.852%)
[2025-02-21 08:56:14;INFO]      | Loss didn't drop!

[2025-02-21 08:56:14;INFO]best epoch: 255, best loss: 0.016426
[2025-02-21 08:56:14;INFO]----------------------------------------------------------------------------------------------------

[2025-02-21 08:56:14;INFO]Current Epoch: 258 / 500 | Learning Rate : 0.00014644660940680188
[2025-02-21 08:56:16;INFO]Train | Loss : 0.007282 | ACC : 3150/3150 (100.000%)
[2025-02-21 08:56:17;INFO]Valid | Loss : 0.019110 | ACC : 1348/1350 (99.852%)
[2025-02-21 08:56:17;INFO]      | Loss didn't drop!

[2025-02-21 08:56:17;INFO]best epoch: 255, best loss: 0.016426
[2025-02-21 08:56:17;INFO]----------------------------------------------------------------------------------------------------

[2025-02-21 08:56:17;INFO]Current Epoch: 259 / 500 | Learning Rate : 0.0005000000000004176
[2025-02-21 08:56:18;INFO]Train | Loss : 0.006730 | ACC : 3150/3150 (100.000%)
[2025-02-21 08:56:19;INFO]Valid | Loss : 0.017090 | ACC : 1349/1350 (99.926%)
[2025-02-21 08:56:19;INFO]      | Loss didn't drop!

[2025-02-21 08:56:19;INFO]best epoch: 255, best loss: 0.016426
[2025-02-21 08:56:19;INFO]----------------------------------------------------------------------------------------------------

[2025-02-21 08:56:19;INFO]Current Epoch: 260 / 500 | Learning Rate : 0.000853553390592823
[2025-02-21 08:56:21;INFO]Train | Loss : 0.006982 | ACC : 3150/3150 (100.000%)
[2025-02-21 08:56:21;INFO]Valid | Loss : 0.017524 | ACC : 1348/1350 (99.852%)
[2025-02-21 08:56:21;INFO]      | Loss didn't drop!

[2025-02-21 08:56:21;INFO]best epoch: 255, best loss: 0.016426
[2025-02-21 08:56:21;INFO]----------------------------------------------------------------------------------------------------

[2025-02-21 08:56:21;INFO]Current Epoch: 261 / 500 | Learning Rate : 0.0
[2025-02-21 08:56:23;INFO]Train | Loss : 0.006285 | ACC : 3150/3150 (100.000%)
[2025-02-21 08:56:23;INFO]Valid | Loss : 0.017315 | ACC : 1349/1350 (99.926%)
[2025-02-21 08:56:23;INFO]      | Loss didn't drop!

[2025-02-21 08:56:23;INFO]best epoch: 255, best loss: 0.016426
[2025-02-21 08:56:23;INFO]----------------------------------------------------------------------------------------------------

[2025-02-21 08:56:23;INFO]Current Epoch: 262 / 500 | Learning Rate : 0.0008535533905943588
[2025-02-21 08:56:25;INFO]Train | Loss : 0.006995 | ACC : 3150/3150 (100.000%)
[2025-02-21 08:56:25;INFO]Valid | Loss : 0.017928 | ACC : 1348/1350 (99.852%)
[2025-02-21 08:56:25;INFO]      | Loss didn't drop!

[2025-02-21 08:56:25;INFO]best epoch: 255, best loss: 0.016426
[2025-02-21 08:56:25;INFO]----------------------------------------------------------------------------------------------------

[2025-02-21 08:56:25;INFO]Current Epoch: 263 / 500 | Learning Rate : 0.0005000000000007349
[2025-02-21 08:56:27;INFO]Train | Loss : 0.006505 | ACC : 3150/3150 (100.000%)
[2025-02-21 08:56:27;INFO]Valid | Loss : 0.017028 | ACC : 1348/1350 (99.852%)
[2025-02-21 08:56:27;INFO]      | Loss didn't drop!

[2025-02-21 08:56:27;INFO]best epoch: 255, best loss: 0.016426
[2025-02-21 08:56:27;INFO]----------------------------------------------------------------------------------------------------

[2025-02-21 08:56:27;INFO]Current Epoch: 264 / 500 | Learning Rate : 0.00014644660940698795
[2025-02-21 08:56:29;INFO]Train | Loss : 0.006144 | ACC : 3150/3150 (100.000%)
[2025-02-21 08:56:30;INFO]Valid | Loss : 0.016726 | ACC : 1348/1350 (99.852%)
[2025-02-21 08:56:30;INFO]      | Loss didn't drop!

[2025-02-21 08:56:30;INFO]best epoch: 255, best loss: 0.016426
[2025-02-21 08:56:30;INFO]----------------------------------------------------------------------------------------------------

[2025-02-21 08:56:30;INFO]Current Epoch: 265 / 500 | Learning Rate : 0.0009999999999989182
[2025-02-21 08:56:31;INFO]Train | Loss : 0.006413 | ACC : 3150/3150 (100.000%)
[2025-02-21 08:56:32;INFO]Valid | Loss : 0.015689 | ACC : 1348/1350 (99.852%)
[2025-02-21 08:56:32;INFO]      | Loss dropped from 0.016426 to 0.015689, model has been saved!

[2025-02-21 08:56:32;INFO]best epoch: 265, best loss: 0.015689
[2025-02-21 08:56:32;INFO]----------------------------------------------------------------------------------------------------

[2025-02-21 08:56:32;INFO]Current Epoch: 266 / 500 | Learning Rate : 0.0001464466094070449
[2025-02-21 08:56:33;INFO]Train | Loss : 0.006361 | ACC : 3150/3150 (100.000%)
[2025-02-21 08:56:34;INFO]Valid | Loss : 0.015299 | ACC : 1348/1350 (99.852%)
[2025-02-21 08:56:34;INFO]      | Loss dropped from 0.015689 to 0.015299, model has been saved!

[2025-02-21 08:56:34;INFO]best epoch: 266, best loss: 0.015299
[2025-02-21 08:56:34;INFO]----------------------------------------------------------------------------------------------------

[2025-02-21 08:56:34;INFO]Current Epoch: 267 / 500 | Learning Rate : 0.0005000000000010433
[2025-02-21 08:56:36;INFO]Train | Loss : 0.006088 | ACC : 3150/3150 (100.000%)
[2025-02-21 08:56:36;INFO]Valid | Loss : 0.017133 | ACC : 1349/1350 (99.926%)
[2025-02-21 08:56:36;INFO]      | Loss didn't drop!

[2025-02-21 08:56:36;INFO]best epoch: 266, best loss: 0.015299
[2025-02-21 08:56:36;INFO]----------------------------------------------------------------------------------------------------

[2025-02-21 08:56:36;INFO]Current Epoch: 268 / 500 | Learning Rate : 0.000853553390592804
[2025-02-21 08:56:38;INFO]Train | Loss : 0.005961 | ACC : 3150/3150 (100.000%)
[2025-02-21 08:56:38;INFO]Valid | Loss : 0.017260 | ACC : 1348/1350 (99.852%)
[2025-02-21 08:56:38;INFO]      | Loss didn't drop!

[2025-02-21 08:56:38;INFO]best epoch: 266, best loss: 0.015299
[2025-02-21 08:56:38;INFO]----------------------------------------------------------------------------------------------------

[2025-02-21 08:56:38;INFO]Current Epoch: 269 / 500 | Learning Rate : 0.0
[2025-02-21 08:56:40;INFO]Train | Loss : 0.005995 | ACC : 3150/3150 (100.000%)
[2025-02-21 08:56:40;INFO]Valid | Loss : 0.018244 | ACC : 1348/1350 (99.852%)
[2025-02-21 08:56:40;INFO]      | Loss didn't drop!

[2025-02-21 08:56:40;INFO]best epoch: 266, best loss: 0.015299
[2025-02-21 08:56:40;INFO]----------------------------------------------------------------------------------------------------

[2025-02-21 08:56:40;INFO]Current Epoch: 270 / 500 | Learning Rate : 0.000853553390593016
[2025-02-21 08:56:42;INFO]Train | Loss : 0.005922 | ACC : 3150/3150 (100.000%)
[2025-02-21 08:56:42;INFO]Valid | Loss : 0.017507 | ACC : 1348/1350 (99.852%)
[2025-02-21 08:56:42;INFO]      | Loss didn't drop!

[2025-02-21 08:56:42;INFO]best epoch: 266, best loss: 0.015299
[2025-02-21 08:56:42;INFO]----------------------------------------------------------------------------------------------------

[2025-02-21 08:56:42;INFO]Current Epoch: 271 / 500 | Learning Rate : 0.0005000000000000328
[2025-02-21 08:56:44;INFO]Train | Loss : 0.006209 | ACC : 3150/3150 (100.000%)
[2025-02-21 08:56:45;INFO]Valid | Loss : 0.024944 | ACC : 1348/1350 (99.852%)
[2025-02-21 08:56:45;INFO]      | Loss didn't drop!

[2025-02-21 08:56:45;INFO]best epoch: 266, best loss: 0.015299
[2025-02-21 08:56:45;INFO]----------------------------------------------------------------------------------------------------

[2025-02-21 08:56:45;INFO]Current Epoch: 272 / 500 | Learning Rate : 0.00014644660940672246
[2025-02-21 08:56:46;INFO]Train | Loss : 0.006113 | ACC : 3150/3150 (100.000%)
[2025-02-21 08:56:47;INFO]Valid | Loss : 0.025989 | ACC : 1348/1350 (99.852%)
[2025-02-21 08:56:47;INFO]      | Loss didn't drop!

[2025-02-21 08:56:47;INFO]best epoch: 266, best loss: 0.015299
[2025-02-21 08:56:47;INFO]----------------------------------------------------------------------------------------------------

[2025-02-21 08:56:47;INFO]Current Epoch: 273 / 500 | Learning Rate : 0.0010000000000002884
[2025-02-21 08:56:49;INFO]Train | Loss : 0.005804 | ACC : 3150/3150 (100.000%)
[2025-02-21 08:56:49;INFO]Valid | Loss : 0.015563 | ACC : 1348/1350 (99.852%)
[2025-02-21 08:56:49;INFO]      | Loss didn't drop!

[2025-02-21 08:56:49;INFO]best epoch: 266, best loss: 0.015299
[2025-02-21 08:56:49;INFO]----------------------------------------------------------------------------------------------------

[2025-02-21 08:56:49;INFO]Current Epoch: 274 / 500 | Learning Rate : 0.00014644660940678358
[2025-02-21 08:56:51;INFO]Train | Loss : 0.005799 | ACC : 3150/3150 (100.000%)
[2025-02-21 08:56:51;INFO]Valid | Loss : 0.016726 | ACC : 1348/1350 (99.852%)
[2025-02-21 08:56:51;INFO]      | Loss didn't drop!

[2025-02-21 08:56:51;INFO]best epoch: 266, best loss: 0.015299
[2025-02-21 08:56:51;INFO]----------------------------------------------------------------------------------------------------

[2025-02-21 08:56:51;INFO]Current Epoch: 275 / 500 | Learning Rate : 0.0005000000000003351
[2025-02-21 08:56:53;INFO]Train | Loss : 0.005770 | ACC : 3150/3150 (100.000%)
[2025-02-21 08:56:53;INFO]Valid | Loss : 0.016868 | ACC : 1349/1350 (99.926%)
[2025-02-21 08:56:53;INFO]      | Loss didn't drop!

[2025-02-21 08:56:53;INFO]best epoch: 266, best loss: 0.015299
[2025-02-21 08:56:53;INFO]----------------------------------------------------------------------------------------------------

[2025-02-21 08:56:53;INFO]Current Epoch: 276 / 500 | Learning Rate : 0.0008535533905939354
[2025-02-21 08:56:55;INFO]Train | Loss : 0.005948 | ACC : 3150/3150 (100.000%)
[2025-02-21 08:56:55;INFO]Valid | Loss : 0.015673 | ACC : 1348/1350 (99.852%)
[2025-02-21 08:56:55;INFO]      | Loss didn't drop!

[2025-02-21 08:56:55;INFO]best epoch: 266, best loss: 0.015299
[2025-02-21 08:56:55;INFO]----------------------------------------------------------------------------------------------------

[2025-02-21 08:56:55;INFO]Current Epoch: 277 / 500 | Learning Rate : 0.0
[2025-02-21 08:56:57;INFO]Train | Loss : 0.005504 | ACC : 3150/3150 (100.000%)
[2025-02-21 08:56:57;INFO]Valid | Loss : 0.017982 | ACC : 1348/1350 (99.852%)
[2025-02-21 08:56:57;INFO]      | Loss didn't drop!

[2025-02-21 08:56:57;INFO]best epoch: 266, best loss: 0.015299
[2025-02-21 08:56:57;INFO]----------------------------------------------------------------------------------------------------

[2025-02-21 08:56:57;INFO]Current Epoch: 278 / 500 | Learning Rate : 0.0008535533905942238
[2025-02-21 08:56:59;INFO]Train | Loss : 0.005542 | ACC : 3150/3150 (100.000%)
[2025-02-21 08:57:00;INFO]Valid | Loss : 0.024897 | ACC : 1348/1350 (99.852%)
[2025-02-21 08:57:00;INFO]      | Loss didn't drop!

[2025-02-21 08:57:00;INFO]best epoch: 266, best loss: 0.015299
[2025-02-21 08:57:00;INFO]----------------------------------------------------------------------------------------------------

[2025-02-21 08:57:00;INFO]Current Epoch: 279 / 500 | Learning Rate : 0.0005000000000006641
[2025-02-21 08:57:01;INFO]Train | Loss : 0.005652 | ACC : 3150/3150 (100.000%)
[2025-02-21 08:57:02;INFO]Valid | Loss : 0.016453 | ACC : 1348/1350 (99.852%)
[2025-02-21 08:57:02;INFO]      | Loss didn't drop!

[2025-02-21 08:57:02;INFO]best epoch: 266, best loss: 0.015299
[2025-02-21 08:57:02;INFO]----------------------------------------------------------------------------------------------------

[2025-02-21 08:57:02;INFO]Current Epoch: 280 / 500 | Learning Rate : 0.00014644660940696125
[2025-02-21 08:57:04;INFO]Train | Loss : 0.005272 | ACC : 3150/3150 (100.000%)
[2025-02-21 08:57:04;INFO]Valid | Loss : 0.015974 | ACC : 1348/1350 (99.852%)
[2025-02-21 08:57:04;INFO]      | Loss didn't drop!

[2025-02-21 08:57:04;INFO]best epoch: 266, best loss: 0.015299
[2025-02-21 08:57:04;INFO]----------------------------------------------------------------------------------------------------

[2025-02-21 08:57:04;INFO]Current Epoch: 281 / 500 | Learning Rate : 0.0010000000000016593
[2025-02-21 08:57:06;INFO]Train | Loss : 0.005177 | ACC : 3150/3150 (100.000%)
[2025-02-21 08:57:06;INFO]Valid | Loss : 0.015331 | ACC : 1348/1350 (99.852%)
[2025-02-21 08:57:06;INFO]      | Loss didn't drop!

[2025-02-21 08:57:06;INFO]best epoch: 266, best loss: 0.015299
[2025-02-21 08:57:06;INFO]----------------------------------------------------------------------------------------------------

[2025-02-21 08:57:06;INFO]Current Epoch: 282 / 500 | Learning Rate : 0.00014644660940652362
[2025-02-21 08:57:08;INFO]Train | Loss : 0.005056 | ACC : 3150/3150 (100.000%)
[2025-02-21 08:57:08;INFO]Valid | Loss : 0.016110 | ACC : 1348/1350 (99.852%)
[2025-02-21 08:57:08;INFO]      | Loss didn't drop!

[2025-02-21 08:57:08;INFO]best epoch: 266, best loss: 0.015299
[2025-02-21 08:57:08;INFO]----------------------------------------------------------------------------------------------------

[2025-02-21 08:57:08;INFO]Current Epoch: 283 / 500 | Learning Rate : 0.000499999999999518
[2025-02-21 08:57:10;INFO]Train | Loss : 0.004947 | ACC : 3150/3150 (100.000%)
[2025-02-21 08:57:10;INFO]Valid | Loss : 0.016864 | ACC : 1348/1350 (99.852%)
[2025-02-21 08:57:10;INFO]      | Loss didn't drop!

[2025-02-21 08:57:10;INFO]best epoch: 266, best loss: 0.015299
[2025-02-21 08:57:10;INFO]----------------------------------------------------------------------------------------------------

[2025-02-21 08:57:10;INFO]Current Epoch: 284 / 500 | Learning Rate : 0.0008535533905951398
[2025-02-21 08:57:12;INFO]Train | Loss : 0.005443 | ACC : 3150/3150 (100.000%)
[2025-02-21 08:57:12;INFO]Valid | Loss : 0.015960 | ACC : 1348/1350 (99.852%)
[2025-02-21 08:57:12;INFO]      | Loss didn't drop!

[2025-02-21 08:57:12;INFO]best epoch: 266, best loss: 0.015299
[2025-02-21 08:57:12;INFO]----------------------------------------------------------------------------------------------------

[2025-02-21 08:57:12;INFO]Current Epoch: 285 / 500 | Learning Rate : 0.0
[2025-02-21 08:57:14;INFO]Train | Loss : 0.005646 | ACC : 3150/3150 (100.000%)
[2025-02-21 08:57:15;INFO]Valid | Loss : 0.040063 | ACC : 1348/1350 (99.852%)
[2025-02-21 08:57:15;INFO]      | Loss didn't drop!

[2025-02-21 08:57:15;INFO]best epoch: 266, best loss: 0.015299
[2025-02-21 08:57:15;INFO]----------------------------------------------------------------------------------------------------

[2025-02-21 08:57:15;INFO]Current Epoch: 286 / 500 | Learning Rate : 0.000853553390592961
[2025-02-21 08:57:16;INFO]Train | Loss : 0.005141 | ACC : 3150/3150 (100.000%)
[2025-02-21 08:57:17;INFO]Valid | Loss : 0.014527 | ACC : 1349/1350 (99.926%)
[2025-02-21 08:57:17;INFO]      | Loss dropped from 0.015299 to 0.014527, model has been saved!

[2025-02-21 08:57:17;INFO]best epoch: 286, best loss: 0.014527
[2025-02-21 08:57:17;INFO]----------------------------------------------------------------------------------------------------

[2025-02-21 08:57:17;INFO]Current Epoch: 287 / 500 | Learning Rate : 0.0004999999999999664
[2025-02-21 08:57:19;INFO]Train | Loss : 0.005151 | ACC : 3150/3150 (100.000%)
[2025-02-21 08:57:19;INFO]Valid | Loss : 0.017017 | ACC : 1348/1350 (99.852%)
[2025-02-21 08:57:19;INFO]      | Loss didn't drop!

[2025-02-21 08:57:19;INFO]best epoch: 286, best loss: 0.014527
[2025-02-21 08:57:19;INFO]----------------------------------------------------------------------------------------------------

[2025-02-21 08:57:19;INFO]Current Epoch: 288 / 500 | Learning Rate : 0.00014644660940669714
[2025-02-21 08:57:21;INFO]Train | Loss : 0.004840 | ACC : 3150/3150 (100.000%)
[2025-02-21 08:57:21;INFO]Valid | Loss : 0.024021 | ACC : 1348/1350 (99.852%)
[2025-02-21 08:57:21;INFO]      | Loss didn't drop!

[2025-02-21 08:57:21;INFO]best epoch: 286, best loss: 0.014527
[2025-02-21 08:57:21;INFO]----------------------------------------------------------------------------------------------------

[2025-02-21 08:57:21;INFO]Current Epoch: 289 / 500 | Learning Rate : 0.0010000000000001358
[2025-02-21 08:57:23;INFO]Train | Loss : 0.004734 | ACC : 3150/3150 (100.000%)
[2025-02-21 08:57:23;INFO]Valid | Loss : 0.014620 | ACC : 1348/1350 (99.852%)
[2025-02-21 08:57:23;INFO]      | Loss didn't drop!

[2025-02-21 08:57:23;INFO]best epoch: 286, best loss: 0.014527
[2025-02-21 08:57:23;INFO]----------------------------------------------------------------------------------------------------

[2025-02-21 08:57:23;INFO]Current Epoch: 290 / 500 | Learning Rate : 0.00014644660940676664
[2025-02-21 08:57:25;INFO]Train | Loss : 0.013619 | ACC : 3145/3150 (99.841%)
[2025-02-21 08:57:25;INFO]Valid | Loss : 3.831041 | ACC : 223/1350 (16.519%)
[2025-02-21 08:57:25;INFO]      | Loss didn't drop!

[2025-02-21 08:57:25;INFO]best epoch: 286, best loss: 0.014527
[2025-02-21 08:57:25;INFO]----------------------------------------------------------------------------------------------------

[2025-02-21 08:57:25;INFO]Current Epoch: 291 / 500 | Learning Rate : 0.0005000000000001432
[2025-02-21 08:57:27;INFO]Train | Loss : 0.028845 | ACC : 3143/3150 (99.778%)
[2025-02-21 08:57:28;INFO]Valid | Loss : 0.502301 | ACC : 1131/1350 (83.778%)
[2025-02-21 08:57:28;INFO]      | Loss didn't drop!

[2025-02-21 08:57:28;INFO]best epoch: 286, best loss: 0.014527
[2025-02-21 08:57:28;INFO]----------------------------------------------------------------------------------------------------

[2025-02-21 08:57:28;INFO]Current Epoch: 292 / 500 | Learning Rate : 0.0008535533905938892
[2025-02-21 08:57:29;INFO]Train | Loss : 0.012242 | ACC : 3146/3150 (99.873%)
[2025-02-21 08:57:30;INFO]Valid | Loss : 0.018309 | ACC : 1348/1350 (99.852%)
[2025-02-21 08:57:30;INFO]      | Loss didn't drop!

[2025-02-21 08:57:30;INFO]best epoch: 286, best loss: 0.014527
[2025-02-21 08:57:30;INFO]----------------------------------------------------------------------------------------------------

[2025-02-21 08:57:30;INFO]Current Epoch: 293 / 500 | Learning Rate : 0.0
[2025-02-21 08:57:32;INFO]Train | Loss : 0.007351 | ACC : 3150/3150 (100.000%)
[2025-02-21 08:57:32;INFO]Valid | Loss : 0.058432 | ACC : 1346/1350 (99.704%)
[2025-02-21 08:57:32;INFO]      | Loss didn't drop!

[2025-02-21 08:57:32;INFO]best epoch: 286, best loss: 0.014527
[2025-02-21 08:57:32;INFO]----------------------------------------------------------------------------------------------------

[2025-02-21 08:57:32;INFO]Current Epoch: 294 / 500 | Learning Rate : 0.0008535533905940888
[2025-02-21 08:57:34;INFO]Train | Loss : 0.006525 | ACC : 3150/3150 (100.000%)
[2025-02-21 08:57:34;INFO]Valid | Loss : 0.011739 | ACC : 1348/1350 (99.852%)
[2025-02-21 08:57:34;INFO]      | Loss dropped from 0.014527 to 0.011739, model has been saved!

[2025-02-21 08:57:34;INFO]best epoch: 294, best loss: 0.011739
[2025-02-21 08:57:34;INFO]----------------------------------------------------------------------------------------------------

[2025-02-21 08:57:34;INFO]Current Epoch: 295 / 500 | Learning Rate : 0.0005000000000005978
[2025-02-21 08:57:36;INFO]Train | Loss : 0.005992 | ACC : 3150/3150 (100.000%)
[2025-02-21 08:57:36;INFO]Valid | Loss : 0.012263 | ACC : 1348/1350 (99.852%)
[2025-02-21 08:57:36;INFO]      | Loss didn't drop!

[2025-02-21 08:57:36;INFO]best epoch: 294, best loss: 0.011739
[2025-02-21 08:57:36;INFO]----------------------------------------------------------------------------------------------------

[2025-02-21 08:57:36;INFO]Current Epoch: 296 / 500 | Learning Rate : 0.000146446609406936
[2025-02-21 08:57:38;INFO]Train | Loss : 0.005250 | ACC : 3150/3150 (100.000%)
[2025-02-21 08:57:38;INFO]Valid | Loss : 0.012063 | ACC : 1348/1350 (99.852%)
[2025-02-21 08:57:38;INFO]      | Loss didn't drop!

[2025-02-21 08:57:38;INFO]best epoch: 294, best loss: 0.011739
[2025-02-21 08:57:38;INFO]----------------------------------------------------------------------------------------------------

[2025-02-21 08:57:38;INFO]Current Epoch: 297 / 500 | Learning Rate : 0.0010000000000015066
[2025-02-21 08:57:40;INFO]Train | Loss : 0.005180 | ACC : 3150/3150 (100.000%)
[2025-02-21 08:57:40;INFO]Valid | Loss : 0.011111 | ACC : 1348/1350 (99.852%)
[2025-02-21 08:57:40;INFO]      | Loss dropped from 0.011739 to 0.011111, model has been saved!

[2025-02-21 08:57:40;INFO]best epoch: 297, best loss: 0.011111
[2025-02-21 08:57:40;INFO]----------------------------------------------------------------------------------------------------

[2025-02-21 08:57:40;INFO]Current Epoch: 298 / 500 | Learning Rate : 0.00014644660940650532
[2025-02-21 08:57:42;INFO]Train | Loss : 0.005958 | ACC : 3150/3150 (100.000%)
[2025-02-21 08:57:43;INFO]Valid | Loss : 0.011470 | ACC : 1348/1350 (99.852%)
[2025-02-21 08:57:43;INFO]      | Loss didn't drop!

[2025-02-21 08:57:43;INFO]best epoch: 297, best loss: 0.011111
[2025-02-21 08:57:43;INFO]----------------------------------------------------------------------------------------------------

[2025-02-21 08:57:43;INFO]Current Epoch: 299 / 500 | Learning Rate : 0.0004999999999995491
[2025-02-21 08:57:44;INFO]Train | Loss : 0.005225 | ACC : 3150/3150 (100.000%)
[2025-02-21 08:57:45;INFO]Valid | Loss : 0.011520 | ACC : 1349/1350 (99.926%)
[2025-02-21 08:57:45;INFO]      | Loss didn't drop!

[2025-02-21 08:57:45;INFO]best epoch: 297, best loss: 0.011111
[2025-02-21 08:57:45;INFO]----------------------------------------------------------------------------------------------------

[2025-02-21 08:57:45;INFO]Current Epoch: 300 / 500 | Learning Rate : 0.0008535533905925578
[2025-02-21 08:57:47;INFO]Train | Loss : 0.005113 | ACC : 3150/3150 (100.000%)
[2025-02-21 08:57:47;INFO]Valid | Loss : 0.010464 | ACC : 1349/1350 (99.926%)
[2025-02-21 08:57:47;INFO]      | Loss dropped from 0.011111 to 0.010464, model has been saved!

[2025-02-21 08:57:47;INFO]best epoch: 300, best loss: 0.010464
[2025-02-21 08:57:47;INFO]----------------------------------------------------------------------------------------------------

[2025-02-21 08:57:47;INFO]Current Epoch: 301 / 500 | Learning Rate : 0.0
[2025-02-21 08:57:49;INFO]Train | Loss : 0.005002 | ACC : 3150/3150 (100.000%)
[2025-02-21 08:57:49;INFO]Valid | Loss : 0.017957 | ACC : 1349/1350 (99.926%)
[2025-02-21 08:57:49;INFO]      | Loss didn't drop!

[2025-02-21 08:57:49;INFO]best epoch: 300, best loss: 0.010464
[2025-02-21 08:57:49;INFO]----------------------------------------------------------------------------------------------------

[2025-02-21 08:57:49;INFO]Current Epoch: 302 / 500 | Learning Rate : 0.0008535533905952973
[2025-02-21 08:57:51;INFO]Train | Loss : 0.004680 | ACC : 3150/3150 (100.000%)
[2025-02-21 08:57:51;INFO]Valid | Loss : 0.010799 | ACC : 1349/1350 (99.926%)
[2025-02-21 08:57:51;INFO]      | Loss didn't drop!

[2025-02-21 08:57:51;INFO]best epoch: 300, best loss: 0.010464
[2025-02-21 08:57:51;INFO]----------------------------------------------------------------------------------------------------

[2025-02-21 08:57:51;INFO]Current Epoch: 303 / 500 | Learning Rate : 0.0004999999999997821
[2025-02-21 08:57:53;INFO]Train | Loss : 0.004480 | ACC : 3150/3150 (100.000%)
[2025-02-21 08:57:53;INFO]Valid | Loss : 0.010565 | ACC : 1348/1350 (99.852%)
[2025-02-21 08:57:53;INFO]      | Loss didn't drop!

[2025-02-21 08:57:53;INFO]best epoch: 300, best loss: 0.010464
[2025-02-21 08:57:53;INFO]----------------------------------------------------------------------------------------------------

[2025-02-21 08:57:53;INFO]Current Epoch: 304 / 500 | Learning Rate : 0.0001464466094066705
[2025-02-21 08:57:55;INFO]Train | Loss : 0.004386 | ACC : 3150/3150 (100.000%)
[2025-02-21 08:57:56;INFO]Valid | Loss : 0.016651 | ACC : 1348/1350 (99.852%)
[2025-02-21 08:57:56;INFO]      | Loss didn't drop!

[2025-02-21 08:57:56;INFO]best epoch: 300, best loss: 0.010464
[2025-02-21 08:57:56;INFO]----------------------------------------------------------------------------------------------------

[2025-02-21 08:57:56;INFO]Current Epoch: 305 / 500 | Learning Rate : 0.0009999999999999913
[2025-02-21 08:57:57;INFO]Train | Loss : 0.004301 | ACC : 3150/3150 (100.000%)
[2025-02-21 08:57:58;INFO]Valid | Loss : 0.010255 | ACC : 1348/1350 (99.852%)
[2025-02-21 08:57:58;INFO]      | Loss dropped from 0.010464 to 0.010255, model has been saved!

[2025-02-21 08:57:58;INFO]best epoch: 305, best loss: 0.010255
[2025-02-21 08:57:58;INFO]----------------------------------------------------------------------------------------------------

[2025-02-21 08:57:58;INFO]Current Epoch: 306 / 500 | Learning Rate : 0.00014644660940674837
[2025-02-21 08:58:00;INFO]Train | Loss : 0.004162 | ACC : 3150/3150 (100.000%)
[2025-02-21 08:58:00;INFO]Valid | Loss : 0.010984 | ACC : 1348/1350 (99.852%)
[2025-02-21 08:58:00;INFO]      | Loss didn't drop!

[2025-02-21 08:58:00;INFO]best epoch: 305, best loss: 0.010255
[2025-02-21 08:58:00;INFO]----------------------------------------------------------------------------------------------------

[2025-02-21 08:58:00;INFO]Current Epoch: 307 / 500 | Learning Rate : 0.0005000000000001748
[2025-02-21 08:58:02;INFO]Train | Loss : 0.004222 | ACC : 3150/3150 (100.000%)
[2025-02-21 08:58:02;INFO]Valid | Loss : 0.011462 | ACC : 1349/1350 (99.926%)
[2025-02-21 08:58:02;INFO]      | Loss didn't drop!

[2025-02-21 08:58:02;INFO]best epoch: 305, best loss: 0.010255
[2025-02-21 08:58:02;INFO]----------------------------------------------------------------------------------------------------

[2025-02-21 08:58:02;INFO]Current Epoch: 308 / 500 | Learning Rate : 0.0008535533905936823
[2025-02-21 08:58:04;INFO]Train | Loss : 0.004417 | ACC : 3150/3150 (100.000%)
[2025-02-21 08:58:04;INFO]Valid | Loss : 0.010371 | ACC : 1348/1350 (99.852%)
[2025-02-21 08:58:04;INFO]      | Loss didn't drop!

[2025-02-21 08:58:04;INFO]best epoch: 305, best loss: 0.010255
[2025-02-21 08:58:04;INFO]----------------------------------------------------------------------------------------------------

[2025-02-21 08:58:04;INFO]Current Epoch: 309 / 500 | Learning Rate : 0.0
[2025-02-21 08:58:06;INFO]Train | Loss : 0.004262 | ACC : 3150/3150 (100.000%)
[2025-02-21 08:58:06;INFO]Valid | Loss : 0.016997 | ACC : 1348/1350 (99.852%)
[2025-02-21 08:58:06;INFO]      | Loss didn't drop!

[2025-02-21 08:58:06;INFO]best epoch: 305, best loss: 0.010255
[2025-02-21 08:58:06;INFO]----------------------------------------------------------------------------------------------------

[2025-02-21 08:58:06;INFO]Current Epoch: 310 / 500 | Learning Rate : 0.0008535533905939615
[2025-02-21 08:58:08;INFO]Train | Loss : 0.004209 | ACC : 3150/3150 (100.000%)
[2025-02-21 08:58:08;INFO]Valid | Loss : 0.010810 | ACC : 1348/1350 (99.852%)
[2025-02-21 08:58:08;INFO]      | Loss didn't drop!

[2025-02-21 08:58:08;INFO]best epoch: 305, best loss: 0.010255
[2025-02-21 08:58:08;INFO]----------------------------------------------------------------------------------------------------

[2025-02-21 08:58:08;INFO]Current Epoch: 311 / 500 | Learning Rate : 0.0005000000000005271
[2025-02-21 08:58:10;INFO]Train | Loss : 0.004332 | ACC : 3150/3150 (100.000%)
[2025-02-21 08:58:11;INFO]Valid | Loss : 0.010327 | ACC : 1349/1350 (99.926%)
[2025-02-21 08:58:11;INFO]      | Loss didn't drop!

[2025-02-21 08:58:11;INFO]best epoch: 305, best loss: 0.010255
[2025-02-21 08:58:11;INFO]----------------------------------------------------------------------------------------------------

[2025-02-21 08:58:11;INFO]Current Epoch: 312 / 500 | Learning Rate : 0.00014644660940690935
[2025-02-21 08:58:12;INFO]Train | Loss : 0.004164 | ACC : 3150/3150 (100.000%)
[2025-02-21 08:58:13;INFO]Valid | Loss : 0.010633 | ACC : 1348/1350 (99.852%)
[2025-02-21 08:58:13;INFO]      | Loss didn't drop!

[2025-02-21 08:58:13;INFO]best epoch: 305, best loss: 0.010255
[2025-02-21 08:58:13;INFO]----------------------------------------------------------------------------------------------------

[2025-02-21 08:58:13;INFO]Current Epoch: 313 / 500 | Learning Rate : 0.001000000000001362
[2025-02-21 08:58:15;INFO]Train | Loss : 0.003911 | ACC : 3150/3150 (100.000%)
[2025-02-21 08:58:15;INFO]Valid | Loss : 0.010652 | ACC : 1348/1350 (99.852%)
[2025-02-21 08:58:15;INFO]      | Loss didn't drop!

[2025-02-21 08:58:15;INFO]best epoch: 305, best loss: 0.010255
[2025-02-21 08:58:15;INFO]----------------------------------------------------------------------------------------------------

[2025-02-21 08:58:15;INFO]Current Epoch: 314 / 500 | Learning Rate : 0.00014644660940699134
[2025-02-21 08:58:17;INFO]Train | Loss : 0.003846 | ACC : 3150/3150 (100.000%)
[2025-02-21 08:58:17;INFO]Valid | Loss : 0.012625 | ACC : 1348/1350 (99.852%)
[2025-02-21 08:58:17;INFO]      | Loss didn't drop!

[2025-02-21 08:58:17;INFO]best epoch: 305, best loss: 0.010255
[2025-02-21 08:58:17;INFO]----------------------------------------------------------------------------------------------------

[2025-02-21 08:58:17;INFO]Current Epoch: 315 / 500 | Learning Rate : 0.0005000000000008003
[2025-02-21 08:58:19;INFO]Train | Loss : 0.003629 | ACC : 3150/3150 (100.000%)
[2025-02-21 08:58:19;INFO]Valid | Loss : 0.012163 | ACC : 1348/1350 (99.852%)
[2025-02-21 08:58:19;INFO]      | Loss didn't drop!

[2025-02-21 08:58:19;INFO]best epoch: 305, best loss: 0.010255
[2025-02-21 08:58:19;INFO]----------------------------------------------------------------------------------------------------

[2025-02-21 08:58:19;INFO]Current Epoch: 316 / 500 | Learning Rate : 0.0008535533905924312
[2025-02-21 08:58:21;INFO]Train | Loss : 0.003993 | ACC : 3150/3150 (100.000%)
[2025-02-21 08:58:21;INFO]Valid | Loss : 0.010650 | ACC : 1348/1350 (99.852%)
[2025-02-21 08:58:21;INFO]      | Loss didn't drop!

[2025-02-21 08:58:21;INFO]best epoch: 305, best loss: 0.010255
[2025-02-21 08:58:21;INFO]----------------------------------------------------------------------------------------------------

[2025-02-21 08:58:21;INFO]Current Epoch: 317 / 500 | Learning Rate : 0.0
[2025-02-21 08:58:23;INFO]Train | Loss : 0.003609 | ACC : 3150/3150 (100.000%)
[2025-02-21 08:58:23;INFO]Valid | Loss : 0.010657 | ACC : 1349/1350 (99.926%)
[2025-02-21 08:58:23;INFO]      | Loss didn't drop!

[2025-02-21 08:58:23;INFO]best epoch: 305, best loss: 0.010255
[2025-02-21 08:58:23;INFO]----------------------------------------------------------------------------------------------------

[2025-02-21 08:58:23;INFO]Current Epoch: 318 / 500 | Learning Rate : 0.000853553390592699
[2025-02-21 08:58:25;INFO]Train | Loss : 0.003579 | ACC : 3150/3150 (100.000%)
[2025-02-21 08:58:26;INFO]Valid | Loss : 0.009884 | ACC : 1348/1350 (99.852%)
[2025-02-21 08:58:26;INFO]      | Loss dropped from 0.010255 to 0.009884, model has been saved!

[2025-02-21 08:58:26;INFO]best epoch: 318, best loss: 0.009884
[2025-02-21 08:58:26;INFO]----------------------------------------------------------------------------------------------------

[2025-02-21 08:58:26;INFO]Current Epoch: 319 / 500 | Learning Rate : 0.0005000000000011587
[2025-02-21 08:58:28;INFO]Train | Loss : 0.003539 | ACC : 3150/3150 (100.000%)
[2025-02-21 08:58:28;INFO]Valid | Loss : 0.010941 | ACC : 1348/1350 (99.852%)
[2025-02-21 08:58:28;INFO]      | Loss didn't drop!

[2025-02-21 08:58:28;INFO]best epoch: 318, best loss: 0.009884
[2025-02-21 08:58:28;INFO]----------------------------------------------------------------------------------------------------

[2025-02-21 08:58:28;INFO]Current Epoch: 320 / 500 | Learning Rate : 0.00014644660940714836
[2025-02-21 08:58:30;INFO]Train | Loss : 0.003548 | ACC : 3150/3150 (100.000%)
[2025-02-21 08:58:30;INFO]Valid | Loss : 0.013415 | ACC : 1349/1350 (99.926%)
[2025-02-21 08:58:30;INFO]      | Loss didn't drop!

[2025-02-21 08:58:30;INFO]best epoch: 318, best loss: 0.009884
[2025-02-21 08:58:30;INFO]----------------------------------------------------------------------------------------------------

[2025-02-21 08:58:30;INFO]Current Epoch: 321 / 500 | Learning Rate : 0.0009999999999998378
[2025-02-21 08:58:32;INFO]Train | Loss : 0.003524 | ACC : 3150/3150 (100.000%)
[2025-02-21 08:58:32;INFO]Valid | Loss : 0.015271 | ACC : 1348/1350 (99.852%)
[2025-02-21 08:58:32;INFO]      | Loss didn't drop!

[2025-02-21 08:58:32;INFO]best epoch: 318, best loss: 0.009884
[2025-02-21 08:58:32;INFO]----------------------------------------------------------------------------------------------------

[2025-02-21 08:58:32;INFO]Current Epoch: 322 / 500 | Learning Rate : 0.0001464466094067301
[2025-02-21 08:58:34;INFO]Train | Loss : 0.003260 | ACC : 3150/3150 (100.000%)
[2025-02-21 08:58:34;INFO]Valid | Loss : 0.009759 | ACC : 1349/1350 (99.926%)
[2025-02-21 08:58:34;INFO]      | Loss dropped from 0.009884 to 0.009759, model has been saved!

[2025-02-21 08:58:34;INFO]best epoch: 322, best loss: 0.009759
[2025-02-21 08:58:34;INFO]----------------------------------------------------------------------------------------------------

[2025-02-21 08:58:34;INFO]Current Epoch: 323 / 500 | Learning Rate : 0.0005000000000000924
[2025-02-21 08:58:36;INFO]Train | Loss : 0.003403 | ACC : 3150/3150 (100.000%)
[2025-02-21 08:58:36;INFO]Valid | Loss : 0.014355 | ACC : 1348/1350 (99.852%)
[2025-02-21 08:58:36;INFO]      | Loss didn't drop!

[2025-02-21 08:58:36;INFO]best epoch: 322, best loss: 0.009759
[2025-02-21 08:58:36;INFO]----------------------------------------------------------------------------------------------------

[2025-02-21 08:58:36;INFO]Current Epoch: 324 / 500 | Learning Rate : 0.0008535533905935632
[2025-02-21 08:58:38;INFO]Train | Loss : 0.003654 | ACC : 3150/3150 (100.000%)
[2025-02-21 08:58:39;INFO]Valid | Loss : 0.010970 | ACC : 1348/1350 (99.852%)
[2025-02-21 08:58:39;INFO]      | Loss didn't drop!

[2025-02-21 08:58:39;INFO]best epoch: 322, best loss: 0.009759
[2025-02-21 08:58:39;INFO]----------------------------------------------------------------------------------------------------

[2025-02-21 08:58:39;INFO]Current Epoch: 325 / 500 | Learning Rate : 0.0
[2025-02-21 08:58:40;INFO]Train | Loss : 0.003224 | ACC : 3150/3150 (100.000%)
[2025-02-21 08:58:41;INFO]Valid | Loss : 0.013975 | ACC : 1348/1350 (99.852%)
[2025-02-21 08:58:41;INFO]      | Loss didn't drop!

[2025-02-21 08:58:41;INFO]best epoch: 322, best loss: 0.009759
[2025-02-21 08:58:41;INFO]----------------------------------------------------------------------------------------------------

[2025-02-21 08:58:41;INFO]Current Epoch: 326 / 500 | Learning Rate : 0.000853553390593826
[2025-02-21 08:58:43;INFO]Train | Loss : 0.003197 | ACC : 3150/3150 (100.000%)
[2025-02-21 08:58:43;INFO]Valid | Loss : 0.010738 | ACC : 1348/1350 (99.852%)
[2025-02-21 08:58:43;INFO]      | Loss didn't drop!

[2025-02-21 08:58:43;INFO]best epoch: 322, best loss: 0.009759
[2025-02-21 08:58:43;INFO]----------------------------------------------------------------------------------------------------

[2025-02-21 08:58:43;INFO]Current Epoch: 327 / 500 | Learning Rate : 0.000500000000000461
[2025-02-21 08:58:45;INFO]Train | Loss : 0.003098 | ACC : 3150/3150 (100.000%)
[2025-02-21 08:58:45;INFO]Valid | Loss : 0.009864 | ACC : 1348/1350 (99.852%)
[2025-02-21 08:58:45;INFO]      | Loss didn't drop!

[2025-02-21 08:58:45;INFO]best epoch: 322, best loss: 0.009759
[2025-02-21 08:58:45;INFO]----------------------------------------------------------------------------------------------------

[2025-02-21 08:58:45;INFO]Current Epoch: 328 / 500 | Learning Rate : 0.00014644660940688414
[2025-02-21 08:58:47;INFO]Train | Loss : 0.003347 | ACC : 3150/3150 (100.000%)
[2025-02-21 08:58:47;INFO]Valid | Loss : 0.011848 | ACC : 1348/1350 (99.852%)
[2025-02-21 08:58:47;INFO]      | Loss didn't drop!

[2025-02-21 08:58:47;INFO]best epoch: 322, best loss: 0.009759
[2025-02-21 08:58:47;INFO]----------------------------------------------------------------------------------------------------

[2025-02-21 08:58:47;INFO]Current Epoch: 329 / 500 | Learning Rate : 0.0010000000000012087
[2025-02-21 08:58:49;INFO]Train | Loss : 0.003154 | ACC : 3150/3150 (100.000%)
[2025-02-21 08:58:49;INFO]Valid | Loss : 0.009930 | ACC : 1348/1350 (99.852%)
[2025-02-21 08:58:49;INFO]      | Loss didn't drop!

[2025-02-21 08:58:49;INFO]best epoch: 322, best loss: 0.009759
[2025-02-21 08:58:49;INFO]----------------------------------------------------------------------------------------------------

[2025-02-21 08:58:49;INFO]Current Epoch: 330 / 500 | Learning Rate : 0.00014644660940697307
[2025-02-21 08:58:51;INFO]Train | Loss : 0.003016 | ACC : 3150/3150 (100.000%)
[2025-02-21 08:58:51;INFO]Valid | Loss : 0.010624 | ACC : 1348/1350 (99.852%)
[2025-02-21 08:58:51;INFO]      | Loss didn't drop!

[2025-02-21 08:58:51;INFO]best epoch: 322, best loss: 0.009759
[2025-02-21 08:58:51;INFO]----------------------------------------------------------------------------------------------------

[2025-02-21 08:58:51;INFO]Current Epoch: 331 / 500 | Learning Rate : 0.0005000000000007178
[2025-02-21 08:58:53;INFO]Train | Loss : 0.002900 | ACC : 3150/3150 (100.000%)
[2025-02-21 08:58:54;INFO]Valid | Loss : 0.009354 | ACC : 1349/1350 (99.926%)
[2025-02-21 08:58:54;INFO]      | Loss dropped from 0.009759 to 0.009354, model has been saved!

[2025-02-21 08:58:54;INFO]best epoch: 331, best loss: 0.009354
[2025-02-21 08:58:54;INFO]----------------------------------------------------------------------------------------------------

[2025-02-21 08:58:54;INFO]Current Epoch: 332 / 500 | Learning Rate : 0.0008535533905947759
[2025-02-21 08:58:55;INFO]Train | Loss : 0.002968 | ACC : 3150/3150 (100.000%)
[2025-02-21 08:58:56;INFO]Valid | Loss : 0.015544 | ACC : 1348/1350 (99.852%)
[2025-02-21 08:58:56;INFO]      | Loss didn't drop!

[2025-02-21 08:58:56;INFO]best epoch: 331, best loss: 0.009354
[2025-02-21 08:58:56;INFO]----------------------------------------------------------------------------------------------------

[2025-02-21 08:58:56;INFO]Current Epoch: 333 / 500 | Learning Rate : 0.0
[2025-02-21 08:58:58;INFO]Train | Loss : 0.002989 | ACC : 3150/3150 (100.000%)
[2025-02-21 08:58:58;INFO]Valid | Loss : 0.009183 | ACC : 1349/1350 (99.926%)
[2025-02-21 08:58:58;INFO]      | Loss dropped from 0.009354 to 0.009183, model has been saved!

[2025-02-21 08:58:58;INFO]best epoch: 333, best loss: 0.009183
[2025-02-21 08:58:58;INFO]----------------------------------------------------------------------------------------------------

[2025-02-21 08:58:58;INFO]Current Epoch: 334 / 500 | Learning Rate : 0.0008535533905925715
[2025-02-21 08:59:00;INFO]Train | Loss : 0.003005 | ACC : 3150/3150 (100.000%)
[2025-02-21 08:59:00;INFO]Valid | Loss : 0.020807 | ACC : 1348/1350 (99.852%)
[2025-02-21 08:59:00;INFO]      | Loss didn't drop!

[2025-02-21 08:59:00;INFO]best epoch: 333, best loss: 0.009183
[2025-02-21 08:59:00;INFO]----------------------------------------------------------------------------------------------------

[2025-02-21 08:59:00;INFO]Current Epoch: 335 / 500 | Learning Rate : 0.0004999999999997587
[2025-02-21 08:59:02;INFO]Train | Loss : 0.003169 | ACC : 3150/3150 (100.000%)
[2025-02-21 08:59:02;INFO]Valid | Loss : 0.012094 | ACC : 1348/1350 (99.852%)
[2025-02-21 08:59:02;INFO]      | Loss didn't drop!

[2025-02-21 08:59:02;INFO]best epoch: 333, best loss: 0.009183
[2025-02-21 08:59:02;INFO]----------------------------------------------------------------------------------------------------

[2025-02-21 08:59:02;INFO]Current Epoch: 336 / 500 | Learning Rate : 0.00014644660940661865
[2025-02-21 08:59:04;INFO]Train | Loss : 0.002907 | ACC : 3150/3150 (100.000%)
[2025-02-21 08:59:04;INFO]Valid | Loss : 0.009173 | ACC : 1349/1350 (99.926%)
[2025-02-21 08:59:04;INFO]      | Loss dropped from 0.009183 to 0.009173, model has been saved!

[2025-02-21 08:59:04;INFO]best epoch: 336, best loss: 0.009173
[2025-02-21 08:59:04;INFO]----------------------------------------------------------------------------------------------------

[2025-02-21 08:59:04;INFO]Current Epoch: 337 / 500 | Learning Rate : 0.0010000000000025793
[2025-02-21 08:59:06;INFO]Train | Loss : 0.002742 | ACC : 3150/3150 (100.000%)
[2025-02-21 08:59:07;INFO]Valid | Loss : 0.009490 | ACC : 1348/1350 (99.852%)
[2025-02-21 08:59:07;INFO]      | Loss didn't drop!

[2025-02-21 08:59:07;INFO]best epoch: 336, best loss: 0.009173
[2025-02-21 08:59:07;INFO]----------------------------------------------------------------------------------------------------

[2025-02-21 08:59:07;INFO]Current Epoch: 338 / 500 | Learning Rate : 0.0001464466094067131
[2025-02-21 08:59:08;INFO]Train | Loss : 0.002868 | ACC : 3150/3150 (100.000%)
[2025-02-21 08:59:09;INFO]Valid | Loss : 0.012532 | ACC : 1348/1350 (99.852%)
[2025-02-21 08:59:09;INFO]      | Loss didn't drop!

[2025-02-21 08:59:09;INFO]best epoch: 336, best loss: 0.009173
[2025-02-21 08:59:09;INFO]----------------------------------------------------------------------------------------------------

[2025-02-21 08:59:09;INFO]Current Epoch: 339 / 500 | Learning Rate : 0.000500000000000014
[2025-02-21 08:59:11;INFO]Train | Loss : 0.002785 | ACC : 3150/3150 (100.000%)
[2025-02-21 08:59:11;INFO]Valid | Loss : 0.010222 | ACC : 1348/1350 (99.852%)
[2025-02-21 08:59:11;INFO]      | Loss didn't drop!

[2025-02-21 08:59:11;INFO]best epoch: 336, best loss: 0.009173
[2025-02-21 08:59:11;INFO]----------------------------------------------------------------------------------------------------

[2025-02-21 08:59:11;INFO]Current Epoch: 340 / 500 | Learning Rate : 0.0008535533905934365
[2025-02-21 08:59:13;INFO]Train | Loss : 0.002710 | ACC : 3150/3150 (100.000%)
[2025-02-21 08:59:13;INFO]Valid | Loss : 0.009625 | ACC : 1349/1350 (99.926%)
[2025-02-21 08:59:13;INFO]      | Loss didn't drop!

[2025-02-21 08:59:13;INFO]best epoch: 336, best loss: 0.009173
[2025-02-21 08:59:13;INFO]----------------------------------------------------------------------------------------------------

[2025-02-21 08:59:13;INFO]Current Epoch: 341 / 500 | Learning Rate : 0.0
[2025-02-21 08:59:15;INFO]Train | Loss : 0.002680 | ACC : 3150/3150 (100.000%)
[2025-02-21 08:59:15;INFO]Valid | Loss : 0.008830 | ACC : 1349/1350 (99.926%)
[2025-02-21 08:59:15;INFO]      | Loss dropped from 0.009173 to 0.008830, model has been saved!

[2025-02-21 08:59:15;INFO]best epoch: 341, best loss: 0.008830
[2025-02-21 08:59:15;INFO]----------------------------------------------------------------------------------------------------

[2025-02-21 08:59:15;INFO]Current Epoch: 342 / 500 | Learning Rate : 0.0008535533905937795
[2025-02-21 08:59:17;INFO]Train | Loss : 0.002699 | ACC : 3150/3150 (100.000%)
[2025-02-21 08:59:17;INFO]Valid | Loss : 0.009520 | ACC : 1348/1350 (99.852%)
[2025-02-21 08:59:17;INFO]      | Loss didn't drop!

[2025-02-21 08:59:17;INFO]best epoch: 341, best loss: 0.008830
[2025-02-21 08:59:17;INFO]----------------------------------------------------------------------------------------------------

[2025-02-21 08:59:17;INFO]Current Epoch: 343 / 500 | Learning Rate : 0.0005000000000002764
[2025-02-21 08:59:19;INFO]Train | Loss : 0.003066 | ACC : 3150/3150 (100.000%)
[2025-02-21 08:59:19;INFO]Valid | Loss : 0.009176 | ACC : 1349/1350 (99.926%)
[2025-02-21 08:59:19;INFO]      | Loss didn't drop!

[2025-02-21 08:59:19;INFO]best epoch: 341, best loss: 0.008830
[2025-02-21 08:59:19;INFO]----------------------------------------------------------------------------------------------------

[2025-02-21 08:59:19;INFO]Current Epoch: 344 / 500 | Learning Rate : 0.00014644660940685742
[2025-02-21 08:59:21;INFO]Train | Loss : 0.002654 | ACC : 3150/3150 (100.000%)
[2025-02-21 08:59:22;INFO]Valid | Loss : 0.008695 | ACC : 1349/1350 (99.926%)
[2025-02-21 08:59:22;INFO]      | Loss dropped from 0.008830 to 0.008695, model has been saved!

[2025-02-21 08:59:22;INFO]best epoch: 344, best loss: 0.008695
[2025-02-21 08:59:22;INFO]----------------------------------------------------------------------------------------------------

[2025-02-21 08:59:22;INFO]Current Epoch: 345 / 500 | Learning Rate : 0.001000000000001055
[2025-02-21 08:59:23;INFO]Train | Loss : 0.002673 | ACC : 3150/3150 (100.000%)
[2025-02-21 08:59:24;INFO]Valid | Loss : 0.009456 | ACC : 1348/1350 (99.852%)
[2025-02-21 08:59:24;INFO]      | Loss didn't drop!

[2025-02-21 08:59:24;INFO]best epoch: 344, best loss: 0.008695
[2025-02-21 08:59:24;INFO]----------------------------------------------------------------------------------------------------

[2025-02-21 08:59:24;INFO]Current Epoch: 346 / 500 | Learning Rate : 0.0001464466094064518
[2025-02-21 08:59:26;INFO]Train | Loss : 0.002521 | ACC : 3150/3150 (100.000%)
[2025-02-21 08:59:26;INFO]Valid | Loss : 0.009849 | ACC : 1348/1350 (99.852%)
[2025-02-21 08:59:26;INFO]      | Loss didn't drop!

[2025-02-21 08:59:26;INFO]best epoch: 344, best loss: 0.008695
[2025-02-21 08:59:26;INFO]----------------------------------------------------------------------------------------------------

[2025-02-21 08:59:26;INFO]Current Epoch: 347 / 500 | Learning Rate : 0.000499999999999306
[2025-02-21 08:59:28;INFO]Train | Loss : 0.002637 | ACC : 3150/3150 (100.000%)
[2025-02-21 08:59:28;INFO]Valid | Loss : 0.010189 | ACC : 1348/1350 (99.852%)
[2025-02-21 08:59:28;INFO]      | Loss didn't drop!

[2025-02-21 08:59:28;INFO]best epoch: 344, best loss: 0.008695
[2025-02-21 08:59:28;INFO]----------------------------------------------------------------------------------------------------

[2025-02-21 08:59:28;INFO]Current Epoch: 348 / 500 | Learning Rate : 0.0008535533905946488
[2025-02-21 08:59:30;INFO]Train | Loss : 0.002580 | ACC : 3150/3150 (100.000%)
[2025-02-21 08:59:30;INFO]Valid | Loss : 0.014548 | ACC : 1348/1350 (99.852%)
[2025-02-21 08:59:30;INFO]      | Loss didn't drop!

[2025-02-21 08:59:30;INFO]best epoch: 344, best loss: 0.008695
[2025-02-21 08:59:30;INFO]----------------------------------------------------------------------------------------------------

[2025-02-21 08:59:30;INFO]Current Epoch: 349 / 500 | Learning Rate : 0.0
[2025-02-21 08:59:32;INFO]Train | Loss : 0.002375 | ACC : 3150/3150 (100.000%)
[2025-02-21 08:59:32;INFO]Valid | Loss : 0.010814 | ACC : 1348/1350 (99.852%)
[2025-02-21 08:59:32;INFO]      | Loss didn't drop!

[2025-02-21 08:59:32;INFO]best epoch: 344, best loss: 0.008695
[2025-02-21 08:59:32;INFO]----------------------------------------------------------------------------------------------------

[2025-02-21 08:59:32;INFO]Current Epoch: 350 / 500 | Learning Rate : 0.000853553390594907
[2025-02-21 08:59:34;INFO]Train | Loss : 0.002785 | ACC : 3150/3150 (100.000%)
[2025-02-21 08:59:35;INFO]Valid | Loss : 0.009353 | ACC : 1348/1350 (99.852%)
[2025-02-21 08:59:35;INFO]      | Loss didn't drop!

[2025-02-21 08:59:35;INFO]best epoch: 344, best loss: 0.008695
[2025-02-21 08:59:35;INFO]----------------------------------------------------------------------------------------------------

[2025-02-21 08:59:35;INFO]Current Epoch: 351 / 500 | Learning Rate : 0.0004999999999995787
[2025-02-21 08:59:36;INFO]Train | Loss : 0.002551 | ACC : 3150/3150 (100.000%)
[2025-02-21 08:59:37;INFO]Valid | Loss : 0.009577 | ACC : 1348/1350 (99.852%)
[2025-02-21 08:59:37;INFO]      | Loss didn't drop!

[2025-02-21 08:59:37;INFO]best epoch: 344, best loss: 0.008695
[2025-02-21 08:59:37;INFO]----------------------------------------------------------------------------------------------------

[2025-02-21 08:59:37;INFO]Current Epoch: 352 / 500 | Learning Rate : 0.0001464466094065933
[2025-02-21 08:59:39;INFO]Train | Loss : 0.002277 | ACC : 3150/3150 (100.000%)
[2025-02-21 08:59:39;INFO]Valid | Loss : 0.014896 | ACC : 1348/1350 (99.852%)
[2025-02-21 08:59:39;INFO]      | Loss didn't drop!

[2025-02-21 08:59:39;INFO]best epoch: 344, best loss: 0.008695
[2025-02-21 08:59:39;INFO]----------------------------------------------------------------------------------------------------

[2025-02-21 08:59:39;INFO]Current Epoch: 353 / 500 | Learning Rate : 0.00099999999999954
[2025-02-21 08:59:41;INFO]Train | Loss : 0.002303 | ACC : 3150/3150 (100.000%)
[2025-02-21 08:59:41;INFO]Valid | Loss : 0.008948 | ACC : 1348/1350 (99.852%)
[2025-02-21 08:59:41;INFO]      | Loss didn't drop!

[2025-02-21 08:59:41;INFO]best epoch: 344, best loss: 0.008695
[2025-02-21 08:59:41;INFO]----------------------------------------------------------------------------------------------------

[2025-02-21 08:59:41;INFO]Current Epoch: 354 / 500 | Learning Rate : 0.00014644660940711868
[2025-02-21 08:59:43;INFO]Train | Loss : 0.002384 | ACC : 3150/3150 (100.000%)
[2025-02-21 08:59:43;INFO]Valid | Loss : 0.010721 | ACC : 1348/1350 (99.852%)
[2025-02-21 08:59:43;INFO]      | Loss didn't drop!

[2025-02-21 08:59:43;INFO]best epoch: 344, best loss: 0.008695
[2025-02-21 08:59:43;INFO]----------------------------------------------------------------------------------------------------

[2025-02-21 08:59:43;INFO]Current Epoch: 355 / 500 | Learning Rate : 0.0005000000000013789
[2025-02-21 08:59:45;INFO]Train | Loss : 0.002327 | ACC : 3150/3150 (100.000%)
[2025-02-21 08:59:45;INFO]Valid | Loss : 0.008862 | ACC : 1349/1350 (99.926%)
[2025-02-21 08:59:45;INFO]      | Loss didn't drop!

[2025-02-21 08:59:45;INFO]best epoch: 344, best loss: 0.008695
[2025-02-21 08:59:45;INFO]----------------------------------------------------------------------------------------------------

[2025-02-21 08:59:45;INFO]Current Epoch: 356 / 500 | Learning Rate : 0.0008535533905933174
[2025-02-21 08:59:47;INFO]Train | Loss : 0.002370 | ACC : 3150/3150 (100.000%)
[2025-02-21 08:59:47;INFO]Valid | Loss : 0.009616 | ACC : 1348/1350 (99.852%)
[2025-02-21 08:59:47;INFO]      | Loss didn't drop!

[2025-02-21 08:59:47;INFO]best epoch: 344, best loss: 0.008695
[2025-02-21 08:59:47;INFO]----------------------------------------------------------------------------------------------------

[2025-02-21 08:59:47;INFO]Current Epoch: 357 / 500 | Learning Rate : 0.0
[2025-02-21 08:59:49;INFO]Train | Loss : 0.002326 | ACC : 3150/3150 (100.000%)
[2025-02-21 08:59:50;INFO]Valid | Loss : 0.009253 | ACC : 1349/1350 (99.926%)
[2025-02-21 08:59:50;INFO]      | Loss didn't drop!

[2025-02-21 08:59:50;INFO]best epoch: 344, best loss: 0.008695
[2025-02-21 08:59:50;INFO]----------------------------------------------------------------------------------------------------

[2025-02-21 08:59:50;INFO]Current Epoch: 358 / 500 | Learning Rate : 0.0008535533905935641
[2025-02-21 08:59:51;INFO]Train | Loss : 0.002149 | ACC : 3150/3150 (100.000%)
[2025-02-21 08:59:52;INFO]Valid | Loss : 0.009894 | ACC : 1348/1350 (99.852%)
[2025-02-21 08:59:52;INFO]      | Loss didn't drop!

[2025-02-21 08:59:52;INFO]best epoch: 344, best loss: 0.008695
[2025-02-21 08:59:52;INFO]----------------------------------------------------------------------------------------------------

[2025-02-21 08:59:52;INFO]Current Epoch: 359 / 500 | Learning Rate : 0.0005000000000003191
[2025-02-21 08:59:54;INFO]Train | Loss : 0.002168 | ACC : 3150/3150 (100.000%)
[2025-02-21 08:59:54;INFO]Valid | Loss : 0.008755 | ACC : 1349/1350 (99.926%)
[2025-02-21 08:59:54;INFO]      | Loss didn't drop!

[2025-02-21 08:59:54;INFO]best epoch: 344, best loss: 0.008695
[2025-02-21 08:59:54;INFO]----------------------------------------------------------------------------------------------------

[2025-02-21 08:59:54;INFO]Current Epoch: 360 / 500 | Learning Rate : 0.00014644660940683077
[2025-02-21 08:59:56;INFO]Train | Loss : 0.002151 | ACC : 3150/3150 (100.000%)
[2025-02-21 08:59:56;INFO]Valid | Loss : 0.008939 | ACC : 1349/1350 (99.926%)
[2025-02-21 08:59:56;INFO]      | Loss didn't drop!

[2025-02-21 08:59:56;INFO]best epoch: 344, best loss: 0.008695
[2025-02-21 08:59:56;INFO]----------------------------------------------------------------------------------------------------

[2025-02-21 08:59:56;INFO]Current Epoch: 361 / 500 | Learning Rate : 0.0010000000000009103
[2025-02-21 08:59:58;INFO]Train | Loss : 0.002251 | ACC : 3150/3150 (100.000%)
[2025-02-21 08:59:58;INFO]Valid | Loss : 0.009564 | ACC : 1348/1350 (99.852%)
[2025-02-21 08:59:58;INFO]      | Loss didn't drop!

[2025-02-21 08:59:58;INFO]best epoch: 344, best loss: 0.008695
[2025-02-21 08:59:58;INFO]----------------------------------------------------------------------------------------------------

[2025-02-21 08:59:58;INFO]Current Epoch: 362 / 500 | Learning Rate : 0.00014644660940685742
[2025-02-21 09:00:00;INFO]Train | Loss : 0.002215 | ACC : 3150/3150 (100.000%)
[2025-02-21 09:00:00;INFO]Valid | Loss : 0.009100 | ACC : 1348/1350 (99.852%)
[2025-02-21 09:00:00;INFO]      | Loss didn't drop!

[2025-02-21 09:00:00;INFO]best epoch: 344, best loss: 0.008695
[2025-02-21 09:00:00;INFO]----------------------------------------------------------------------------------------------------

[2025-02-21 09:00:00;INFO]Current Epoch: 363 / 500 | Learning Rate : 0.0005000000000006705
[2025-02-21 09:00:02;INFO]Train | Loss : 0.002158 | ACC : 3150/3150 (100.000%)
[2025-02-21 09:00:02;INFO]Valid | Loss : 0.010741 | ACC : 1348/1350 (99.852%)
[2025-02-21 09:00:02;INFO]      | Loss didn't drop!

[2025-02-21 09:00:02;INFO]best epoch: 344, best loss: 0.008695
[2025-02-21 09:00:02;INFO]----------------------------------------------------------------------------------------------------

[2025-02-21 09:00:02;INFO]Current Epoch: 364 / 500 | Learning Rate : 0.0008535533905919786
[2025-02-21 09:00:04;INFO]Train | Loss : 0.002034 | ACC : 3150/3150 (100.000%)
[2025-02-21 09:00:05;INFO]Valid | Loss : 0.008571 | ACC : 1349/1350 (99.926%)
[2025-02-21 09:00:05;INFO]      | Loss dropped from 0.008695 to 0.008571, model has been saved!

[2025-02-21 09:00:05;INFO]best epoch: 364, best loss: 0.008571
[2025-02-21 09:00:05;INFO]----------------------------------------------------------------------------------------------------

[2025-02-21 09:00:05;INFO]Current Epoch: 365 / 500 | Learning Rate : 0.0
[2025-02-21 09:00:06;INFO]Train | Loss : 0.002000 | ACC : 3150/3150 (100.000%)
[2025-02-21 09:00:07;INFO]Valid | Loss : 0.009833 | ACC : 1348/1350 (99.852%)
[2025-02-21 09:00:07;INFO]      | Loss didn't drop!

[2025-02-21 09:00:07;INFO]best epoch: 364, best loss: 0.008571
[2025-02-21 09:00:07;INFO]----------------------------------------------------------------------------------------------------

[2025-02-21 09:00:07;INFO]Current Epoch: 366 / 500 | Learning Rate : 0.0008535533905947727
[2025-02-21 09:00:09;INFO]Train | Loss : 0.002092 | ACC : 3150/3150 (100.000%)
[2025-02-21 09:00:09;INFO]Valid | Loss : 0.009173 | ACC : 1348/1350 (99.852%)
[2025-02-21 09:00:09;INFO]      | Loss didn't drop!

[2025-02-21 09:00:09;INFO]best epoch: 364, best loss: 0.008571
[2025-02-21 09:00:09;INFO]----------------------------------------------------------------------------------------------------

[2025-02-21 09:00:09;INFO]Current Epoch: 367 / 500 | Learning Rate : 0.0005000000000009507
[2025-02-21 09:00:11;INFO]Train | Loss : 0.002059 | ACC : 3150/3150 (100.000%)
[2025-02-21 09:00:11;INFO]Valid | Loss : 0.008784 | ACC : 1348/1350 (99.852%)
[2025-02-21 09:00:11;INFO]      | Loss didn't drop!

[2025-02-21 09:00:11;INFO]best epoch: 364, best loss: 0.008571
[2025-02-21 09:00:11;INFO]----------------------------------------------------------------------------------------------------

[2025-02-21 09:00:11;INFO]Current Epoch: 368 / 500 | Learning Rate : 0.0001464466094070698
[2025-02-21 09:00:13;INFO]Train | Loss : 0.001996 | ACC : 3150/3150 (100.000%)
[2025-02-21 09:00:13;INFO]Valid | Loss : 0.010578 | ACC : 1348/1350 (99.852%)
[2025-02-21 09:00:13;INFO]      | Loss didn't drop!

[2025-02-21 09:00:13;INFO]best epoch: 364, best loss: 0.008571
[2025-02-21 09:00:13;INFO]----------------------------------------------------------------------------------------------------

[2025-02-21 09:00:13;INFO]Current Epoch: 369 / 500 | Learning Rate : 0.000999999999999387
[2025-02-21 09:00:15;INFO]Train | Loss : 0.001925 | ACC : 3150/3150 (100.000%)
[2025-02-21 09:00:15;INFO]Valid | Loss : 0.009061 | ACC : 1348/1350 (99.852%)
[2025-02-21 09:00:15;INFO]      | Loss didn't drop!

[2025-02-21 09:00:15;INFO]best epoch: 364, best loss: 0.008571
[2025-02-21 09:00:15;INFO]----------------------------------------------------------------------------------------------------

[2025-02-21 09:00:15;INFO]Current Epoch: 370 / 500 | Learning Rate : 0.00014644660940667776
[2025-02-21 09:00:17;INFO]Train | Loss : 0.001992 | ACC : 3150/3150 (100.000%)
[2025-02-21 09:00:18;INFO]Valid | Loss : 0.009703 | ACC : 1348/1350 (99.852%)
[2025-02-21 09:00:18;INFO]      | Loss didn't drop!

[2025-02-21 09:00:18;INFO]best epoch: 364, best loss: 0.008571
[2025-02-21 09:00:18;INFO]----------------------------------------------------------------------------------------------------

[2025-02-21 09:00:18;INFO]Current Epoch: 371 / 500 | Learning Rate : 0.0004999999999998535
[2025-02-21 09:00:19;INFO]Train | Loss : 0.001870 | ACC : 3150/3150 (100.000%)
[2025-02-21 09:00:20;INFO]Valid | Loss : 0.008640 | ACC : 1349/1350 (99.926%)
[2025-02-21 09:00:20;INFO]      | Loss didn't drop!

[2025-02-21 09:00:20;INFO]best epoch: 364, best loss: 0.008571
[2025-02-21 09:00:20;INFO]----------------------------------------------------------------------------------------------------

[2025-02-21 09:00:20;INFO]Current Epoch: 372 / 500 | Learning Rate : 0.0008535533905956612
[2025-02-21 09:00:21;INFO]Train | Loss : 0.001918 | ACC : 3150/3150 (100.000%)
[2025-02-21 09:00:22;INFO]Valid | Loss : 0.008030 | ACC : 1349/1350 (99.926%)
[2025-02-21 09:00:22;INFO]      | Loss dropped from 0.008571 to 0.008030, model has been saved!

[2025-02-21 09:00:22;INFO]best epoch: 372, best loss: 0.008030
[2025-02-21 09:00:22;INFO]----------------------------------------------------------------------------------------------------

[2025-02-21 09:00:22;INFO]Current Epoch: 373 / 500 | Learning Rate : 0.0
[2025-02-21 09:00:24;INFO]Train | Loss : 0.001920 | ACC : 3150/3150 (100.000%)
[2025-02-21 09:00:24;INFO]Valid | Loss : 0.008111 | ACC : 1349/1350 (99.926%)
[2025-02-21 09:00:24;INFO]      | Loss didn't drop!

[2025-02-21 09:00:24;INFO]best epoch: 372, best loss: 0.008030
[2025-02-21 09:00:24;INFO]----------------------------------------------------------------------------------------------------

[2025-02-21 09:00:24;INFO]Current Epoch: 374 / 500 | Learning Rate : 0.000853553390593437
[2025-02-21 09:00:26;INFO]Train | Loss : 0.001955 | ACC : 3150/3150 (100.000%)
[2025-02-21 09:00:26;INFO]Valid | Loss : 0.009598 | ACC : 1348/1350 (99.852%)
[2025-02-21 09:00:26;INFO]      | Loss didn't drop!

[2025-02-21 09:00:26;INFO]best epoch: 372, best loss: 0.008030
[2025-02-21 09:00:26;INFO]----------------------------------------------------------------------------------------------------

[2025-02-21 09:00:26;INFO]Current Epoch: 375 / 500 | Learning Rate : 0.0005000000000002532
[2025-02-21 09:00:28;INFO]Train | Loss : 0.001894 | ACC : 3150/3150 (100.000%)
[2025-02-21 09:00:28;INFO]Valid | Loss : 0.010911 | ACC : 1348/1350 (99.852%)
[2025-02-21 09:00:28;INFO]      | Loss didn't drop!

[2025-02-21 09:00:28;INFO]best epoch: 372, best loss: 0.008030
[2025-02-21 09:00:28;INFO]----------------------------------------------------------------------------------------------------

[2025-02-21 09:00:28;INFO]Current Epoch: 376 / 500 | Learning Rate : 0.00014644660940680564
[2025-02-21 09:00:30;INFO]Train | Loss : 0.001841 | ACC : 3150/3150 (100.000%)
[2025-02-21 09:00:30;INFO]Valid | Loss : 0.009193 | ACC : 1348/1350 (99.852%)
[2025-02-21 09:00:30;INFO]      | Loss didn't drop!

[2025-02-21 09:00:30;INFO]best epoch: 372, best loss: 0.008030
[2025-02-21 09:00:30;INFO]----------------------------------------------------------------------------------------------------

[2025-02-21 09:00:30;INFO]Current Epoch: 377 / 500 | Learning Rate : 0.0010000000000007566
[2025-02-21 09:00:32;INFO]Train | Loss : 0.001834 | ACC : 3150/3150 (100.000%)
[2025-02-21 09:00:33;INFO]Valid | Loss : 0.008710 | ACC : 1348/1350 (99.852%)
[2025-02-21 09:00:33;INFO]      | Loss didn't drop!

[2025-02-21 09:00:33;INFO]best epoch: 372, best loss: 0.008030
[2025-02-21 09:00:33;INFO]----------------------------------------------------------------------------------------------------

[2025-02-21 09:00:33;INFO]Current Epoch: 378 / 500 | Learning Rate : 0.00014644660940692084
[2025-02-21 09:00:34;INFO]Train | Loss : 0.001867 | ACC : 3150/3150 (100.000%)
[2025-02-21 09:00:35;INFO]Valid | Loss : 0.007801 | ACC : 1349/1350 (99.926%)
[2025-02-21 09:00:35;INFO]      | Loss dropped from 0.008030 to 0.007801, model has been saved!

[2025-02-21 09:00:35;INFO]best epoch: 378, best loss: 0.007801
[2025-02-21 09:00:35;INFO]----------------------------------------------------------------------------------------------------

[2025-02-21 09:00:35;INFO]Current Epoch: 379 / 500 | Learning Rate : 0.0005000000000004788
[2025-02-21 09:00:37;INFO]Train | Loss : 0.001835 | ACC : 3150/3150 (100.000%)
[2025-02-21 09:00:37;INFO]Valid | Loss : 0.008047 | ACC : 1349/1350 (99.926%)
[2025-02-21 09:00:37;INFO]      | Loss didn't drop!

[2025-02-21 09:00:37;INFO]best epoch: 378, best loss: 0.007801
[2025-02-21 09:00:37;INFO]----------------------------------------------------------------------------------------------------

[2025-02-21 09:00:37;INFO]Current Epoch: 380 / 500 | Learning Rate : 0.0008535533905944025
[2025-02-21 09:00:39;INFO]Train | Loss : 0.002064 | ACC : 3150/3150 (100.000%)
[2025-02-21 09:00:39;INFO]Valid | Loss : 0.008716 | ACC : 1348/1350 (99.852%)
[2025-02-21 09:00:39;INFO]      | Loss didn't drop!

[2025-02-21 09:00:39;INFO]best epoch: 378, best loss: 0.007801
[2025-02-21 09:00:39;INFO]----------------------------------------------------------------------------------------------------

[2025-02-21 09:00:39;INFO]Current Epoch: 381 / 500 | Learning Rate : 0.0
[2025-02-21 09:00:41;INFO]Train | Loss : 0.001801 | ACC : 3150/3150 (100.000%)
[2025-02-21 09:00:41;INFO]Valid | Loss : 0.010200 | ACC : 1348/1350 (99.852%)
[2025-02-21 09:00:41;INFO]      | Loss didn't drop!

[2025-02-21 09:00:41;INFO]best epoch: 378, best loss: 0.007801
[2025-02-21 09:00:41;INFO]----------------------------------------------------------------------------------------------------

[2025-02-21 09:00:41;INFO]Current Epoch: 382 / 500 | Learning Rate : 0.000853553390592174
[2025-02-21 09:00:43;INFO]Train | Loss : 0.001776 | ACC : 3150/3150 (100.000%)
[2025-02-21 09:00:43;INFO]Valid | Loss : 0.007639 | ACC : 1349/1350 (99.926%)
[2025-02-21 09:00:43;INFO]      | Loss dropped from 0.007801 to 0.007639, model has been saved!

[2025-02-21 09:00:43;INFO]best epoch: 382, best loss: 0.007639
[2025-02-21 09:00:43;INFO]----------------------------------------------------------------------------------------------------

[2025-02-21 09:00:43;INFO]Current Epoch: 383 / 500 | Learning Rate : 0.0005000000000008845
[2025-02-21 09:00:45;INFO]Train | Loss : 0.001712 | ACC : 3150/3150 (100.000%)
[2025-02-21 09:00:45;INFO]Valid | Loss : 0.008802 | ACC : 1348/1350 (99.852%)
[2025-02-21 09:00:45;INFO]      | Loss didn't drop!

[2025-02-21 09:00:45;INFO]best epoch: 382, best loss: 0.007639
[2025-02-21 09:00:45;INFO]----------------------------------------------------------------------------------------------------

[2025-02-21 09:00:45;INFO]Current Epoch: 384 / 500 | Learning Rate : 0.00014644660940704447
[2025-02-21 09:00:47;INFO]Train | Loss : 0.001719 | ACC : 3150/3150 (100.000%)
[2025-02-21 09:00:48;INFO]Valid | Loss : 0.008016 | ACC : 1348/1350 (99.852%)
[2025-02-21 09:00:48;INFO]      | Loss didn't drop!

[2025-02-21 09:00:48;INFO]best epoch: 382, best loss: 0.007639
[2025-02-21 09:00:48;INFO]----------------------------------------------------------------------------------------------------

[2025-02-21 09:00:48;INFO]Current Epoch: 385 / 500 | Learning Rate : 0.0010000000000021283
[2025-02-21 09:00:49;INFO]Train | Loss : 0.001709 | ACC : 3150/3150 (100.000%)
[2025-02-21 09:00:50;INFO]Valid | Loss : 0.008491 | ACC : 1348/1350 (99.852%)
[2025-02-21 09:00:50;INFO]      | Loss didn't drop!

[2025-02-21 09:00:50;INFO]best epoch: 382, best loss: 0.007639
[2025-02-21 09:00:50;INFO]----------------------------------------------------------------------------------------------------

[2025-02-21 09:00:50;INFO]Current Epoch: 386 / 500 | Learning Rate : 0.00014644660940657915
[2025-02-21 09:00:52;INFO]Train | Loss : 0.001780 | ACC : 3150/3150 (100.000%)
[2025-02-21 09:00:52;INFO]Valid | Loss : 0.011752 | ACC : 1348/1350 (99.852%)
[2025-02-21 09:00:52;INFO]      | Loss didn't drop!

[2025-02-21 09:00:52;INFO]best epoch: 382, best loss: 0.007639
[2025-02-21 09:00:52;INFO]----------------------------------------------------------------------------------------------------

[2025-02-21 09:00:52;INFO]Current Epoch: 387 / 500 | Learning Rate : 0.0004999999999997709
[2025-02-21 09:00:54;INFO]Train | Loss : 0.001633 | ACC : 3150/3150 (100.000%)
[2025-02-21 09:00:54;INFO]Valid | Loss : 0.007932 | ACC : 1349/1350 (99.926%)
[2025-02-21 09:00:54;INFO]      | Loss didn't drop!

[2025-02-21 09:00:54;INFO]best epoch: 382, best loss: 0.007639
[2025-02-21 09:00:54;INFO]----------------------------------------------------------------------------------------------------

[2025-02-21 09:00:54;INFO]Current Epoch: 388 / 500 | Learning Rate : 0.0008535533905930715
[2025-02-21 09:00:56;INFO]Train | Loss : 0.001580 | ACC : 3150/3150 (100.000%)
[2025-02-21 09:00:56;INFO]Valid | Loss : 0.007975 | ACC : 1348/1350 (99.852%)
[2025-02-21 09:00:56;INFO]      | Loss didn't drop!

[2025-02-21 09:00:56;INFO]best epoch: 382, best loss: 0.007639
[2025-02-21 09:00:56;INFO]----------------------------------------------------------------------------------------------------

[2025-02-21 09:00:56;INFO]Current Epoch: 389 / 500 | Learning Rate : 0.0
[2025-02-21 09:00:58;INFO]Train | Loss : 0.001513 | ACC : 3150/3150 (100.000%)
[2025-02-21 09:00:58;INFO]Valid | Loss : 0.007759 | ACC : 1348/1350 (99.852%)
[2025-02-21 09:00:58;INFO]      | Loss didn't drop!

[2025-02-21 09:00:58;INFO]best epoch: 382, best loss: 0.007639
[2025-02-21 09:00:58;INFO]----------------------------------------------------------------------------------------------------

[2025-02-21 09:00:58;INFO]Current Epoch: 390 / 500 | Learning Rate : 0.0008535533905958454
[2025-02-21 09:01:00;INFO]Train | Loss : 0.001586 | ACC : 3150/3150 (100.000%)
[2025-02-21 09:01:01;INFO]Valid | Loss : 0.008453 | ACC : 1348/1350 (99.852%)
[2025-02-21 09:01:01;INFO]      | Loss didn't drop!

[2025-02-21 09:01:01;INFO]best epoch: 382, best loss: 0.007639
[2025-02-21 09:01:01;INFO]----------------------------------------------------------------------------------------------------

[2025-02-21 09:01:01;INFO]Current Epoch: 391 / 500 | Learning Rate : 0.0005000000000001823
[2025-02-21 09:01:02;INFO]Train | Loss : 0.001613 | ACC : 3150/3150 (100.000%)
[2025-02-21 09:01:03;INFO]Valid | Loss : 0.009053 | ACC : 1348/1350 (99.852%)
[2025-02-21 09:01:03;INFO]      | Loss didn't drop!

[2025-02-21 09:01:03;INFO]best epoch: 382, best loss: 0.007639
[2025-02-21 09:01:03;INFO]----------------------------------------------------------------------------------------------------

[2025-02-21 09:01:03;INFO]Current Epoch: 392 / 500 | Learning Rate : 0.000146446609406779
[2025-02-21 09:01:05;INFO]Train | Loss : 0.001537 | ACC : 3150/3150 (100.000%)
[2025-02-21 09:01:05;INFO]Valid | Loss : 0.009393 | ACC : 1348/1350 (99.852%)
[2025-02-21 09:01:05;INFO]      | Loss didn't drop!

[2025-02-21 09:01:05;INFO]best epoch: 382, best loss: 0.007639
[2025-02-21 09:01:05;INFO]----------------------------------------------------------------------------------------------------

[2025-02-21 09:01:05;INFO]Current Epoch: 393 / 500 | Learning Rate : 0.0010000000000006124
[2025-02-21 09:01:07;INFO]Train | Loss : 0.001529 | ACC : 3150/3150 (100.000%)
[2025-02-21 09:01:07;INFO]Valid | Loss : 0.008635 | ACC : 1348/1350 (99.852%)
[2025-02-21 09:01:07;INFO]      | Loss didn't drop!

[2025-02-21 09:01:07;INFO]best epoch: 382, best loss: 0.007639
[2025-02-21 09:01:07;INFO]----------------------------------------------------------------------------------------------------

[2025-02-21 09:01:07;INFO]Current Epoch: 394 / 500 | Learning Rate : 0.00014644660940682215
[2025-02-21 09:01:09;INFO]Train | Loss : 0.001530 | ACC : 3150/3150 (100.000%)
[2025-02-21 09:01:09;INFO]Valid | Loss : 0.007912 | ACC : 1349/1350 (99.926%)
[2025-02-21 09:01:09;INFO]      | Loss didn't drop!

[2025-02-21 09:01:09;INFO]best epoch: 382, best loss: 0.007639
[2025-02-21 09:01:09;INFO]----------------------------------------------------------------------------------------------------

[2025-02-21 09:01:09;INFO]Current Epoch: 395 / 500 | Learning Rate : 0.0005000000000005102
[2025-02-21 09:01:11;INFO]Train | Loss : 0.001444 | ACC : 3150/3150 (100.000%)
[2025-02-21 09:01:11;INFO]Valid | Loss : 0.008908 | ACC : 1348/1350 (99.852%)
[2025-02-21 09:01:11;INFO]      | Loss didn't drop!

[2025-02-21 09:01:11;INFO]best epoch: 382, best loss: 0.007639
[2025-02-21 09:01:11;INFO]----------------------------------------------------------------------------------------------------

[2025-02-21 09:01:11;INFO]Current Epoch: 396 / 500 | Learning Rate : 0.0008535533905942766
[2025-02-21 09:01:13;INFO]Train | Loss : 0.001423 | ACC : 3150/3150 (100.000%)
[2025-02-21 09:01:13;INFO]Valid | Loss : 0.008599 | ACC : 1348/1350 (99.852%)
[2025-02-21 09:01:13;INFO]      | Loss didn't drop!

[2025-02-21 09:01:13;INFO]best epoch: 382, best loss: 0.007639
[2025-02-21 09:01:13;INFO]----------------------------------------------------------------------------------------------------

[2025-02-21 09:01:13;INFO]Current Epoch: 397 / 500 | Learning Rate : 0.0
[2025-02-21 09:01:15;INFO]Train | Loss : 0.001502 | ACC : 3150/3150 (100.000%)
[2025-02-21 09:01:16;INFO]Valid | Loss : 0.010386 | ACC : 1348/1350 (99.852%)
[2025-02-21 09:01:16;INFO]      | Loss didn't drop!

[2025-02-21 09:01:16;INFO]best epoch: 382, best loss: 0.007639
[2025-02-21 09:01:16;INFO]----------------------------------------------------------------------------------------------------

[2025-02-21 09:01:16;INFO]Current Epoch: 398 / 500 | Learning Rate : 0.0008535533905945106
[2025-02-21 09:01:17;INFO]Train | Loss : 0.001446 | ACC : 3150/3150 (100.000%)
[2025-02-21 09:01:18;INFO]Valid | Loss : 0.009690 | ACC : 1348/1350 (99.852%)
[2025-02-21 09:01:18;INFO]      | Loss didn't drop!

[2025-02-21 09:01:18;INFO]best epoch: 382, best loss: 0.007639
[2025-02-21 09:01:18;INFO]----------------------------------------------------------------------------------------------------

[2025-02-21 09:01:18;INFO]Current Epoch: 399 / 500 | Learning Rate : 0.0004999999999993707
[2025-02-21 09:01:20;INFO]Train | Loss : 0.001463 | ACC : 3150/3150 (100.000%)
[2025-02-21 09:01:20;INFO]Valid | Loss : 0.009186 | ACC : 1348/1350 (99.852%)
[2025-02-21 09:01:20;INFO]      | Loss didn't drop!

[2025-02-21 09:01:20;INFO]best epoch: 382, best loss: 0.007639
[2025-02-21 09:01:20;INFO]----------------------------------------------------------------------------------------------------

[2025-02-21 09:01:20;INFO]Current Epoch: 400 / 500 | Learning Rate : 0.00014644660940651475
[2025-02-21 09:01:22;INFO]Train | Loss : 0.001444 | ACC : 3150/3150 (100.000%)
[2025-02-21 09:01:22;INFO]Valid | Loss : 0.007408 | ACC : 1349/1350 (99.926%)
[2025-02-21 09:01:22;INFO]      | Loss dropped from 0.007639 to 0.007408, model has been saved!

[2025-02-21 09:01:22;INFO]best epoch: 400, best loss: 0.007408
[2025-02-21 09:01:22;INFO]----------------------------------------------------------------------------------------------------

[2025-02-21 09:01:22;INFO]Current Epoch: 401 / 500 | Learning Rate : 0.001000000000001984
[2025-02-21 09:01:24;INFO]Train | Loss : 0.001428 | ACC : 3150/3150 (100.000%)
[2025-02-21 09:01:24;INFO]Valid | Loss : 0.008122 | ACC : 1348/1350 (99.852%)
[2025-02-21 09:01:24;INFO]      | Loss didn't drop!

[2025-02-21 09:01:24;INFO]best epoch: 400, best loss: 0.007408
[2025-02-21 09:01:24;INFO]----------------------------------------------------------------------------------------------------

[2025-02-21 09:01:24;INFO]Current Epoch: 402 / 500 | Learning Rate : 0.00014644660940706515
[2025-02-21 09:01:26;INFO]Train | Loss : 0.001331 | ACC : 3150/3150 (100.000%)
[2025-02-21 09:01:26;INFO]Valid | Loss : 0.007881 | ACC : 1348/1350 (99.852%)
[2025-02-21 09:01:26;INFO]      | Loss didn't drop!

[2025-02-21 09:01:26;INFO]best epoch: 400, best loss: 0.007408
[2025-02-21 09:01:26;INFO]----------------------------------------------------------------------------------------------------

[2025-02-21 09:01:26;INFO]Current Epoch: 403 / 500 | Learning Rate : 0.0005000000000011358
[2025-02-21 09:01:28;INFO]Train | Loss : 0.001428 | ACC : 3150/3150 (100.000%)
[2025-02-21 09:01:28;INFO]Valid | Loss : 0.007811 | ACC : 1349/1350 (99.926%)
[2025-02-21 09:01:28;INFO]      | Loss didn't drop!

[2025-02-21 09:01:28;INFO]best epoch: 400, best loss: 0.007408
[2025-02-21 09:01:28;INFO]----------------------------------------------------------------------------------------------------

[2025-02-21 09:01:28;INFO]Current Epoch: 404 / 500 | Learning Rate : 0.000853553390592945
[2025-02-21 09:01:30;INFO]Train | Loss : 0.001334 | ACC : 3150/3150 (100.000%)
[2025-02-21 09:01:31;INFO]Valid | Loss : 0.007790 | ACC : 1348/1350 (99.852%)
[2025-02-21 09:01:31;INFO]      | Loss didn't drop!

[2025-02-21 09:01:31;INFO]best epoch: 400, best loss: 0.007408
[2025-02-21 09:01:31;INFO]----------------------------------------------------------------------------------------------------

[2025-02-21 09:01:31;INFO]Current Epoch: 405 / 500 | Learning Rate : 0.0
[2025-02-21 09:01:32;INFO]Train | Loss : 0.001333 | ACC : 3150/3150 (100.000%)
[2025-02-21 09:01:33;INFO]Valid | Loss : 0.008498 | ACC : 1348/1350 (99.852%)
[2025-02-21 09:01:33;INFO]      | Loss didn't drop!

[2025-02-21 09:01:33;INFO]best epoch: 400, best loss: 0.007408
[2025-02-21 09:01:33;INFO]----------------------------------------------------------------------------------------------------

[2025-02-21 09:01:33;INFO]Current Epoch: 406 / 500 | Learning Rate : 0.000853553390593247
[2025-02-21 09:01:35;INFO]Train | Loss : 0.001452 | ACC : 3150/3150 (100.000%)
[2025-02-21 09:01:35;INFO]Valid | Loss : 0.009578 | ACC : 1348/1350 (99.852%)
[2025-02-21 09:01:35;INFO]      | Loss didn't drop!

[2025-02-21 09:01:35;INFO]best epoch: 400, best loss: 0.007408
[2025-02-21 09:01:35;INFO]----------------------------------------------------------------------------------------------------

[2025-02-21 09:01:35;INFO]Current Epoch: 407 / 500 | Learning Rate : 0.0005000000000014453
[2025-02-21 09:01:37;INFO]Train | Loss : 0.001334 | ACC : 3150/3150 (100.000%)
[2025-02-21 09:01:37;INFO]Valid | Loss : 0.008057 | ACC : 1348/1350 (99.852%)
[2025-02-21 09:01:37;INFO]      | Loss didn't drop!

[2025-02-21 09:01:37;INFO]best epoch: 400, best loss: 0.007408
[2025-02-21 09:01:37;INFO]----------------------------------------------------------------------------------------------------

[2025-02-21 09:01:37;INFO]Current Epoch: 408 / 500 | Learning Rate : 0.00014644660940725673
[2025-02-21 09:01:39;INFO]Train | Loss : 0.001305 | ACC : 3150/3150 (100.000%)
[2025-02-21 09:01:39;INFO]Valid | Loss : 0.008720 | ACC : 1348/1350 (99.852%)
[2025-02-21 09:01:39;INFO]      | Loss didn't drop!

[2025-02-21 09:01:39;INFO]best epoch: 400, best loss: 0.007408
[2025-02-21 09:01:39;INFO]----------------------------------------------------------------------------------------------------

[2025-02-21 09:01:39;INFO]Current Epoch: 409 / 500 | Learning Rate : 0.0010000000000004602
[2025-02-21 09:01:41;INFO]Train | Loss : 0.001319 | ACC : 3150/3150 (100.000%)
[2025-02-21 09:01:41;INFO]Valid | Loss : 0.008028 | ACC : 1348/1350 (99.852%)
[2025-02-21 09:01:41;INFO]      | Loss didn't drop!

[2025-02-21 09:01:41;INFO]best epoch: 400, best loss: 0.007408
[2025-02-21 09:01:41;INFO]----------------------------------------------------------------------------------------------------

[2025-02-21 09:01:41;INFO]Current Epoch: 410 / 500 | Learning Rate : 0.00014644660940680518
[2025-02-21 09:01:43;INFO]Train | Loss : 0.001308 | ACC : 3150/3150 (100.000%)
[2025-02-21 09:01:44;INFO]Valid | Loss : 0.008160 | ACC : 1348/1350 (99.852%)
[2025-02-21 09:01:44;INFO]      | Loss didn't drop!

[2025-02-21 09:01:44;INFO]best epoch: 400, best loss: 0.007408
[2025-02-21 09:01:44;INFO]----------------------------------------------------------------------------------------------------

[2025-02-21 09:01:44;INFO]Current Epoch: 411 / 500 | Learning Rate : 0.0005000000000004322
[2025-02-21 09:01:45;INFO]Train | Loss : 0.001231 | ACC : 3150/3150 (100.000%)
[2025-02-21 09:01:46;INFO]Valid | Loss : 0.007449 | ACC : 1349/1350 (99.926%)
[2025-02-21 09:01:46;INFO]      | Loss didn't drop!

[2025-02-21 09:01:46;INFO]best epoch: 400, best loss: 0.007408
[2025-02-21 09:01:46;INFO]----------------------------------------------------------------------------------------------------

[2025-02-21 09:01:46;INFO]Current Epoch: 412 / 500 | Learning Rate : 0.0008535533905940766
[2025-02-21 09:01:48;INFO]Train | Loss : 0.001355 | ACC : 3150/3150 (100.000%)
[2025-02-21 09:01:48;INFO]Valid | Loss : 0.007019 | ACC : 1349/1350 (99.926%)
[2025-02-21 09:01:48;INFO]      | Loss dropped from 0.007408 to 0.007019, model has been saved!

[2025-02-21 09:01:48;INFO]best epoch: 412, best loss: 0.007019
[2025-02-21 09:01:48;INFO]----------------------------------------------------------------------------------------------------

[2025-02-21 09:01:48;INFO]Current Epoch: 413 / 500 | Learning Rate : 0.0
[2025-02-21 09:01:50;INFO]Train | Loss : 0.001237 | ACC : 3150/3150 (100.000%)
[2025-02-21 09:01:50;INFO]Valid | Loss : 0.007997 | ACC : 1348/1350 (99.852%)
[2025-02-21 09:01:50;INFO]      | Loss didn't drop!

[2025-02-21 09:01:50;INFO]best epoch: 412, best loss: 0.007019
[2025-02-21 09:01:50;INFO]----------------------------------------------------------------------------------------------------

[2025-02-21 09:01:50;INFO]Current Epoch: 414 / 500 | Learning Rate : 0.000853553390594375
[2025-02-21 09:01:52;INFO]Train | Loss : 0.001197 | ACC : 3150/3150 (100.000%)
[2025-02-21 09:01:52;INFO]Valid | Loss : 0.007908 | ACC : 1348/1350 (99.852%)
[2025-02-21 09:01:52;INFO]      | Loss didn't drop!

[2025-02-21 09:01:52;INFO]best epoch: 412, best loss: 0.007019
[2025-02-21 09:01:52;INFO]----------------------------------------------------------------------------------------------------

[2025-02-21 09:01:52;INFO]Current Epoch: 415 / 500 | Learning Rate : 0.0005000000000007472
[2025-02-21 09:01:54;INFO]Train | Loss : 0.001273 | ACC : 3150/3150 (100.000%)
[2025-02-21 09:01:54;INFO]Valid | Loss : 0.006854 | ACC : 1349/1350 (99.926%)
[2025-02-21 09:01:54;INFO]      | Loss dropped from 0.007019 to 0.006854, model has been saved!

[2025-02-21 09:01:54;INFO]best epoch: 415, best loss: 0.006854
[2025-02-21 09:01:54;INFO]----------------------------------------------------------------------------------------------------

[2025-02-21 09:01:54;INFO]Current Epoch: 416 / 500 | Learning Rate : 0.00014644660940699248
[2025-02-21 09:01:56;INFO]Train | Loss : 0.001254 | ACC : 3150/3150 (100.000%)
[2025-02-21 09:01:56;INFO]Valid | Loss : 0.010305 | ACC : 1348/1350 (99.852%)
[2025-02-21 09:01:56;INFO]      | Loss didn't drop!

[2025-02-21 09:01:56;INFO]best epoch: 415, best loss: 0.006854
[2025-02-21 09:01:56;INFO]----------------------------------------------------------------------------------------------------

[2025-02-21 09:01:56;INFO]Current Epoch: 417 / 500 | Learning Rate : 0.0009999999999989444
[2025-02-21 09:01:58;INFO]Train | Loss : 0.001122 | ACC : 3150/3150 (100.000%)
[2025-02-21 09:01:59;INFO]Valid | Loss : 0.007253 | ACC : 1348/1350 (99.852%)
[2025-02-21 09:01:59;INFO]      | Loss didn't drop!

[2025-02-21 09:01:59;INFO]best epoch: 415, best loss: 0.006854
[2025-02-21 09:01:59;INFO]----------------------------------------------------------------------------------------------------

[2025-02-21 09:01:59;INFO]Current Epoch: 418 / 500 | Learning Rate : 0.00014644660940704685
[2025-02-21 09:02:00;INFO]Train | Loss : 0.001179 | ACC : 3150/3150 (100.000%)
[2025-02-21 09:02:01;INFO]Valid | Loss : 0.007858 | ACC : 1348/1350 (99.852%)
[2025-02-21 09:02:01;INFO]      | Loss didn't drop!

[2025-02-21 09:02:01;INFO]best epoch: 415, best loss: 0.006854
[2025-02-21 09:02:01;INFO]----------------------------------------------------------------------------------------------------

[2025-02-21 09:02:01;INFO]Current Epoch: 419 / 500 | Learning Rate : 0.0005000000000010531
[2025-02-21 09:02:03;INFO]Train | Loss : 0.001133 | ACC : 3150/3150 (100.000%)
[2025-02-21 09:02:03;INFO]Valid | Loss : 0.007202 | ACC : 1349/1350 (99.926%)
[2025-02-21 09:02:03;INFO]      | Loss didn't drop!

[2025-02-21 09:02:03;INFO]best epoch: 415, best loss: 0.006854
[2025-02-21 09:02:03;INFO]----------------------------------------------------------------------------------------------------

[2025-02-21 09:02:03;INFO]Current Epoch: 420 / 500 | Learning Rate : 0.0008535533905928986
[2025-02-21 09:02:05;INFO]Train | Loss : 0.001119 | ACC : 3150/3150 (100.000%)
[2025-02-21 09:02:05;INFO]Valid | Loss : 0.007429 | ACC : 1348/1350 (99.852%)
[2025-02-21 09:02:05;INFO]      | Loss didn't drop!

[2025-02-21 09:02:05;INFO]best epoch: 415, best loss: 0.006854
[2025-02-21 09:02:05;INFO]----------------------------------------------------------------------------------------------------

[2025-02-21 09:02:05;INFO]Current Epoch: 421 / 500 | Learning Rate : 0.0
[2025-02-21 09:02:07;INFO]Train | Loss : 0.001191 | ACC : 3150/3150 (100.000%)
[2025-02-21 09:02:07;INFO]Valid | Loss : 0.007390 | ACC : 1349/1350 (99.926%)
[2025-02-21 09:02:07;INFO]      | Loss didn't drop!

[2025-02-21 09:02:07;INFO]best epoch: 415, best loss: 0.006854
[2025-02-21 09:02:07;INFO]----------------------------------------------------------------------------------------------------

[2025-02-21 09:02:07;INFO]Current Epoch: 422 / 500 | Learning Rate : 0.0008535533905930394
[2025-02-21 09:02:09;INFO]Train | Loss : 0.001196 | ACC : 3150/3150 (100.000%)
[2025-02-21 09:02:09;INFO]Valid | Loss : 0.007110 | ACC : 1349/1350 (99.926%)
[2025-02-21 09:02:09;INFO]      | Loss didn't drop!

[2025-02-21 09:02:09;INFO]best epoch: 415, best loss: 0.006854
[2025-02-21 09:02:09;INFO]----------------------------------------------------------------------------------------------------

[2025-02-21 09:02:09;INFO]Current Epoch: 423 / 500 | Learning Rate : 0.0004999999999999315
[2025-02-21 09:02:11;INFO]Train | Loss : 0.001146 | ACC : 3150/3150 (100.000%)
[2025-02-21 09:02:12;INFO]Valid | Loss : 0.006574 | ACC : 1349/1350 (99.926%)
[2025-02-21 09:02:12;INFO]      | Loss dropped from 0.006854 to 0.006574, model has been saved!

[2025-02-21 09:02:12;INFO]best epoch: 423, best loss: 0.006574
[2025-02-21 09:02:12;INFO]----------------------------------------------------------------------------------------------------

[2025-02-21 09:02:12;INFO]Current Epoch: 424 / 500 | Learning Rate : 0.00014644660940672712
[2025-02-21 09:02:13;INFO]Train | Loss : 0.001136 | ACC : 3150/3150 (100.000%)
[2025-02-21 09:02:14;INFO]Valid | Loss : 0.007946 | ACC : 1348/1350 (99.852%)
[2025-02-21 09:02:14;INFO]      | Loss didn't drop!

[2025-02-21 09:02:14;INFO]best epoch: 423, best loss: 0.006574
[2025-02-21 09:02:14;INFO]----------------------------------------------------------------------------------------------------

[2025-02-21 09:02:14;INFO]Current Epoch: 425 / 500 | Learning Rate : 0.001000000000003201
[2025-02-21 09:02:16;INFO]Train | Loss : 0.001069 | ACC : 3150/3150 (100.000%)
[2025-02-21 09:02:16;INFO]Valid | Loss : 0.007164 | ACC : 1348/1350 (99.852%)
[2025-02-21 09:02:16;INFO]      | Loss didn't drop!

[2025-02-21 09:02:16;INFO]best epoch: 423, best loss: 0.006574
[2025-02-21 09:02:16;INFO]----------------------------------------------------------------------------------------------------

[2025-02-21 09:02:16;INFO]Current Epoch: 426 / 500 | Learning Rate : 0.00014644660940720943
[2025-02-21 09:02:18;INFO]Train | Loss : 0.001092 | ACC : 3150/3150 (100.000%)
[2025-02-21 09:02:18;INFO]Valid | Loss : 0.006938 | ACC : 1349/1350 (99.926%)
[2025-02-21 09:02:18;INFO]      | Loss didn't drop!

[2025-02-21 09:02:18;INFO]best epoch: 423, best loss: 0.006574
[2025-02-21 09:02:18;INFO]----------------------------------------------------------------------------------------------------

[2025-02-21 09:02:18;INFO]Current Epoch: 427 / 500 | Learning Rate : 0.0005000000000017921
[2025-02-21 09:02:20;INFO]Train | Loss : 0.001018 | ACC : 3150/3150 (100.000%)
[2025-02-21 09:02:20;INFO]Valid | Loss : 0.007231 | ACC : 1348/1350 (99.852%)
[2025-02-21 09:02:20;INFO]      | Loss didn't drop!

[2025-02-21 09:02:20;INFO]best epoch: 423, best loss: 0.006574
[2025-02-21 09:02:20;INFO]----------------------------------------------------------------------------------------------------

[2025-02-21 09:02:20;INFO]Current Epoch: 428 / 500 | Learning Rate : 0.0008535533905914868
[2025-02-21 09:02:22;INFO]Train | Loss : 0.001039 | ACC : 3150/3150 (100.000%)
[2025-02-21 09:02:22;INFO]Valid | Loss : 0.011942 | ACC : 1348/1350 (99.852%)
[2025-02-21 09:02:22;INFO]      | Loss didn't drop!

[2025-02-21 09:02:22;INFO]best epoch: 423, best loss: 0.006574
[2025-02-21 09:02:22;INFO]----------------------------------------------------------------------------------------------------

[2025-02-21 09:02:22;INFO]Current Epoch: 429 / 500 | Learning Rate : 0.0
[2025-02-21 09:02:24;INFO]Train | Loss : 0.001075 | ACC : 3150/3150 (100.000%)
[2025-02-21 09:02:24;INFO]Valid | Loss : 0.007537 | ACC : 1348/1350 (99.852%)
[2025-02-21 09:02:24;INFO]      | Loss didn't drop!

[2025-02-21 09:02:24;INFO]best epoch: 423, best loss: 0.006574
[2025-02-21 09:02:24;INFO]----------------------------------------------------------------------------------------------------

[2025-02-21 09:02:24;INFO]Current Epoch: 430 / 500 | Learning Rate : 0.000853553390594248
[2025-02-21 09:02:26;INFO]Train | Loss : 0.001078 | ACC : 3150/3150 (100.000%)
[2025-02-21 09:02:27;INFO]Valid | Loss : 0.007409 | ACC : 1348/1350 (99.852%)
[2025-02-21 09:02:27;INFO]      | Loss didn't drop!

[2025-02-21 09:02:27;INFO]best epoch: 423, best loss: 0.006574
[2025-02-21 09:02:27;INFO]----------------------------------------------------------------------------------------------------

[2025-02-21 09:02:27;INFO]Current Epoch: 431 / 500 | Learning Rate : 0.000500000000000563
[2025-02-21 09:02:28;INFO]Train | Loss : 0.001052 | ACC : 3150/3150 (100.000%)
[2025-02-21 09:02:29;INFO]Valid | Loss : 0.010038 | ACC : 1348/1350 (99.852%)
[2025-02-21 09:02:29;INFO]      | Loss didn't drop!

[2025-02-21 09:02:29;INFO]best epoch: 423, best loss: 0.006574
[2025-02-21 09:02:29;INFO]----------------------------------------------------------------------------------------------------

[2025-02-21 09:02:29;INFO]Current Epoch: 432 / 500 | Learning Rate : 0.0001464466094069659
[2025-02-21 09:02:31;INFO]Train | Loss : 0.001011 | ACC : 3150/3150 (100.000%)
[2025-02-21 09:02:31;INFO]Valid | Loss : 0.010668 | ACC : 1348/1350 (99.852%)
[2025-02-21 09:02:31;INFO]      | Loss didn't drop!

[2025-02-21 09:02:31;INFO]best epoch: 423, best loss: 0.006574
[2025-02-21 09:02:31;INFO]----------------------------------------------------------------------------------------------------

[2025-02-21 09:02:31;INFO]Current Epoch: 433 / 500 | Learning Rate : 0.0010000000000016773
[2025-02-21 09:02:33;INFO]Train | Loss : 0.000985 | ACC : 3150/3150 (100.000%)
[2025-02-21 09:02:33;INFO]Valid | Loss : 0.007070 | ACC : 1348/1350 (99.852%)
[2025-02-21 09:02:33;INFO]      | Loss didn't drop!

[2025-02-21 09:02:33;INFO]best epoch: 423, best loss: 0.006574
[2025-02-21 09:02:33;INFO]----------------------------------------------------------------------------------------------------

[2025-02-21 09:02:33;INFO]Current Epoch: 434 / 500 | Learning Rate : 0.00014644660940694952
[2025-02-21 09:02:35;INFO]Train | Loss : 0.001083 | ACC : 3150/3150 (100.000%)
[2025-02-21 09:02:35;INFO]Valid | Loss : 0.007434 | ACC : 1348/1350 (99.852%)
[2025-02-21 09:02:35;INFO]      | Loss didn't drop!

[2025-02-21 09:02:35;INFO]best epoch: 423, best loss: 0.006574
[2025-02-21 09:02:35;INFO]----------------------------------------------------------------------------------------------------

[2025-02-21 09:02:35;INFO]Current Epoch: 435 / 500 | Learning Rate : 0.0005000000000009754
[2025-02-21 09:02:37;INFO]Train | Loss : 0.000983 | ACC : 3150/3150 (100.000%)
[2025-02-21 09:02:37;INFO]Valid | Loss : 0.006836 | ACC : 1349/1350 (99.926%)
[2025-02-21 09:02:37;INFO]      | Loss didn't drop!

[2025-02-21 09:02:37;INFO]best epoch: 423, best loss: 0.006574
[2025-02-21 09:02:37;INFO]----------------------------------------------------------------------------------------------------

[2025-02-21 09:02:37;INFO]Current Epoch: 436 / 500 | Learning Rate : 0.000853553390592619
[2025-02-21 09:02:39;INFO]Train | Loss : 0.001038 | ACC : 3150/3150 (100.000%)
[2025-02-21 09:02:39;INFO]Valid | Loss : 0.006422 | ACC : 1349/1350 (99.926%)
[2025-02-21 09:02:39;INFO]      | Loss dropped from 0.006574 to 0.006422, model has been saved!

[2025-02-21 09:02:39;INFO]best epoch: 436, best loss: 0.006422
[2025-02-21 09:02:39;INFO]----------------------------------------------------------------------------------------------------

[2025-02-21 09:02:39;INFO]Current Epoch: 437 / 500 | Learning Rate : 0.0
[2025-02-21 09:02:41;INFO]Train | Loss : 0.000959 | ACC : 3150/3150 (100.000%)
[2025-02-21 09:02:42;INFO]Valid | Loss : 0.007385 | ACC : 1348/1350 (99.852%)
[2025-02-21 09:02:42;INFO]      | Loss didn't drop!

[2025-02-21 09:02:42;INFO]best epoch: 436, best loss: 0.006422
[2025-02-21 09:02:42;INFO]----------------------------------------------------------------------------------------------------

[2025-02-21 09:02:42;INFO]Current Epoch: 438 / 500 | Learning Rate : 0.0008535533905929044
[2025-02-21 09:02:43;INFO]Train | Loss : 0.000934 | ACC : 3150/3150 (100.000%)
[2025-02-21 09:02:44;INFO]Valid | Loss : 0.007265 | ACC : 1348/1350 (99.852%)
[2025-02-21 09:02:44;INFO]      | Loss didn't drop!

[2025-02-21 09:02:44;INFO]best epoch: 436, best loss: 0.006422
[2025-02-21 09:02:44;INFO]----------------------------------------------------------------------------------------------------

[2025-02-21 09:02:44;INFO]Current Epoch: 439 / 500 | Learning Rate : 0.0004999999999998652
[2025-02-21 09:02:46;INFO]Train | Loss : 0.000988 | ACC : 3150/3150 (100.000%)
[2025-02-21 09:02:46;INFO]Valid | Loss : 0.006698 | ACC : 1348/1350 (99.852%)
[2025-02-21 09:02:46;INFO]      | Loss didn't drop!

[2025-02-21 09:02:46;INFO]best epoch: 436, best loss: 0.006422
[2025-02-21 09:02:46;INFO]----------------------------------------------------------------------------------------------------

[2025-02-21 09:02:46;INFO]Current Epoch: 440 / 500 | Learning Rate : 0.00014644660940670175
[2025-02-21 09:02:48;INFO]Train | Loss : 0.000915 | ACC : 3150/3150 (100.000%)
[2025-02-21 09:02:48;INFO]Valid | Loss : 0.007768 | ACC : 1348/1350 (99.852%)
[2025-02-21 09:02:48;INFO]      | Loss didn't drop!

[2025-02-21 09:02:48;INFO]best epoch: 436, best loss: 0.006422
[2025-02-21 09:02:48;INFO]----------------------------------------------------------------------------------------------------

[2025-02-21 09:02:48;INFO]Current Epoch: 441 / 500 | Learning Rate : 0.0010000000000001624
[2025-02-21 09:02:50;INFO]Train | Loss : 0.000938 | ACC : 3150/3150 (100.000%)
[2025-02-21 09:02:50;INFO]Valid | Loss : 0.006937 | ACC : 1349/1350 (99.926%)
[2025-02-21 09:02:50;INFO]      | Loss didn't drop!

[2025-02-21 09:02:50;INFO]best epoch: 436, best loss: 0.006422
[2025-02-21 09:02:50;INFO]----------------------------------------------------------------------------------------------------

[2025-02-21 09:02:50;INFO]Current Epoch: 442 / 500 | Learning Rate : 0.0001464466094071925
[2025-02-21 09:02:52;INFO]Train | Loss : 0.000917 | ACC : 3150/3150 (100.000%)
[2025-02-21 09:02:52;INFO]Valid | Loss : 0.008052 | ACC : 1348/1350 (99.852%)
[2025-02-21 09:02:52;INFO]      | Loss didn't drop!

[2025-02-21 09:02:52;INFO]best epoch: 436, best loss: 0.006422
[2025-02-21 09:02:52;INFO]----------------------------------------------------------------------------------------------------

[2025-02-21 09:02:52;INFO]Current Epoch: 443 / 500 | Learning Rate : 0.0005000000000016008
[2025-02-21 09:02:54;INFO]Train | Loss : 0.000971 | ACC : 3150/3150 (100.000%)
[2025-02-21 09:02:55;INFO]Valid | Loss : 0.006775 | ACC : 1349/1350 (99.926%)
[2025-02-21 09:02:55;INFO]      | Loss didn't drop!

[2025-02-21 09:02:55;INFO]best epoch: 436, best loss: 0.006422
[2025-02-21 09:02:55;INFO]----------------------------------------------------------------------------------------------------

[2025-02-21 09:02:55;INFO]Current Epoch: 444 / 500 | Learning Rate : 0.0008535533905962943
[2025-02-21 09:02:56;INFO]Train | Loss : 0.000908 | ACC : 3150/3150 (100.000%)
[2025-02-21 09:02:57;INFO]Valid | Loss : 0.012551 | ACC : 1349/1350 (99.926%)
[2025-02-21 09:02:57;INFO]      | Loss didn't drop!

[2025-02-21 09:02:57;INFO]best epoch: 436, best loss: 0.006422
[2025-02-21 09:02:57;INFO]----------------------------------------------------------------------------------------------------

[2025-02-21 09:02:57;INFO]Current Epoch: 445 / 500 | Learning Rate : 0.0
[2025-02-21 09:02:59;INFO]Train | Loss : 0.000884 | ACC : 3150/3150 (100.000%)
[2025-02-21 09:02:59;INFO]Valid | Loss : 0.008763 | ACC : 1348/1350 (99.852%)
[2025-02-21 09:02:59;INFO]      | Loss didn't drop!

[2025-02-21 09:02:59;INFO]best epoch: 436, best loss: 0.006422
[2025-02-21 09:02:59;INFO]----------------------------------------------------------------------------------------------------

[2025-02-21 09:02:59;INFO]Current Epoch: 446 / 500 | Learning Rate : 0.0008535533905916495
[2025-02-21 09:03:01;INFO]Train | Loss : 0.000876 | ACC : 3150/3150 (100.000%)
[2025-02-21 09:03:01;INFO]Valid | Loss : 0.006756 | ACC : 1349/1350 (99.926%)
[2025-02-21 09:03:01;INFO]      | Loss didn't drop!

[2025-02-21 09:03:01;INFO]best epoch: 436, best loss: 0.006422
[2025-02-21 09:03:01;INFO]----------------------------------------------------------------------------------------------------

[2025-02-21 09:03:01;INFO]Current Epoch: 447 / 500 | Learning Rate : 0.0005000000000006105
[2025-02-21 09:03:03;INFO]Train | Loss : 0.000828 | ACC : 3150/3150 (100.000%)
[2025-02-21 09:03:03;INFO]Valid | Loss : 0.006600 | ACC : 1349/1350 (99.926%)
[2025-02-21 09:03:03;INFO]      | Loss didn't drop!

[2025-02-21 09:03:03;INFO]best epoch: 436, best loss: 0.006422
[2025-02-21 09:03:03;INFO]----------------------------------------------------------------------------------------------------

[2025-02-21 09:03:03;INFO]Current Epoch: 448 / 500 | Learning Rate : 0.0001464466094069407
[2025-02-21 09:03:05;INFO]Train | Loss : 0.000826 | ACC : 3150/3150 (100.000%)
[2025-02-21 09:03:05;INFO]Valid | Loss : 0.006937 | ACC : 1349/1350 (99.926%)
[2025-02-21 09:03:05;INFO]      | Loss didn't drop!

[2025-02-21 09:03:05;INFO]best epoch: 436, best loss: 0.006422
[2025-02-21 09:03:05;INFO]----------------------------------------------------------------------------------------------------

[2025-02-21 09:03:05;INFO]Current Epoch: 449 / 500 | Learning Rate : 0.0010000000000015329
[2025-02-21 09:03:07;INFO]Train | Loss : 0.000867 | ACC : 3150/3150 (100.000%)
[2025-02-21 09:03:07;INFO]Valid | Loss : 0.007043 | ACC : 1349/1350 (99.926%)
[2025-02-21 09:03:07;INFO]      | Loss didn't drop!

[2025-02-21 09:03:07;INFO]best epoch: 436, best loss: 0.006422
[2025-02-21 09:03:07;INFO]----------------------------------------------------------------------------------------------------

[2025-02-21 09:03:07;INFO]Current Epoch: 450 / 500 | Learning Rate : 0.00014644660940693122
[2025-02-21 09:03:09;INFO]Train | Loss : 0.000826 | ACC : 3150/3150 (100.000%)
[2025-02-21 09:03:10;INFO]Valid | Loss : 0.006809 | ACC : 1349/1350 (99.926%)
[2025-02-21 09:03:10;INFO]      | Loss didn't drop!

[2025-02-21 09:03:10;INFO]best epoch: 436, best loss: 0.006422
[2025-02-21 09:03:10;INFO]----------------------------------------------------------------------------------------------------

[2025-02-21 09:03:10;INFO]Current Epoch: 451 / 500 | Learning Rate : 0.0005000000000008926
[2025-02-21 09:03:11;INFO]Train | Loss : 0.000844 | ACC : 3150/3150 (100.000%)
[2025-02-21 09:03:12;INFO]Valid | Loss : 0.006889 | ACC : 1349/1350 (99.926%)
[2025-02-21 09:03:12;INFO]      | Loss didn't drop!

[2025-02-21 09:03:12;INFO]best epoch: 436, best loss: 0.006422
[2025-02-21 09:03:12;INFO]----------------------------------------------------------------------------------------------------

[2025-02-21 09:03:12;INFO]Current Epoch: 452 / 500 | Learning Rate : 0.0008535533905949631
[2025-02-21 09:03:14;INFO]Train | Loss : 0.000874 | ACC : 3150/3150 (100.000%)
[2025-02-21 09:03:14;INFO]Valid | Loss : 0.007008 | ACC : 1349/1350 (99.926%)
[2025-02-21 09:03:14;INFO]      | Loss didn't drop!

[2025-02-21 09:03:14;INFO]best epoch: 436, best loss: 0.006422
[2025-02-21 09:03:14;INFO]----------------------------------------------------------------------------------------------------

[2025-02-21 09:03:14;INFO]Current Epoch: 453 / 500 | Learning Rate : 0.0
[2025-02-21 09:03:16;INFO]Train | Loss : 0.000844 | ACC : 3150/3150 (100.000%)
[2025-02-21 09:03:16;INFO]Valid | Loss : 0.010478 | ACC : 1348/1350 (99.852%)
[2025-02-21 09:03:16;INFO]      | Loss didn't drop!

[2025-02-21 09:03:16;INFO]best epoch: 436, best loss: 0.006422
[2025-02-21 09:03:16;INFO]----------------------------------------------------------------------------------------------------

[2025-02-21 09:03:16;INFO]Current Epoch: 454 / 500 | Learning Rate : 0.0008535533905929385
[2025-02-21 09:03:18;INFO]Train | Loss : 0.000815 | ACC : 3150/3150 (100.000%)
[2025-02-21 09:03:18;INFO]Valid | Loss : 0.008057 | ACC : 1348/1350 (99.852%)
[2025-02-21 09:03:18;INFO]      | Loss didn't drop!

[2025-02-21 09:03:18;INFO]best epoch: 436, best loss: 0.006422
[2025-02-21 09:03:18;INFO]----------------------------------------------------------------------------------------------------

[2025-02-21 09:03:18;INFO]Current Epoch: 455 / 500 | Learning Rate : 0.0004999999999997947
[2025-02-21 09:03:20;INFO]Train | Loss : 0.000802 | ACC : 3150/3150 (100.000%)
[2025-02-21 09:03:20;INFO]Valid | Loss : 0.011757 | ACC : 1349/1350 (99.926%)
[2025-02-21 09:03:20;INFO]      | Loss didn't drop!

[2025-02-21 09:03:20;INFO]best epoch: 436, best loss: 0.006422
[2025-02-21 09:03:20;INFO]----------------------------------------------------------------------------------------------------

[2025-02-21 09:03:20;INFO]Current Epoch: 456 / 500 | Learning Rate : 0.0001464466094066752
[2025-02-21 09:03:22;INFO]Train | Loss : 0.000802 | ACC : 3150/3150 (100.000%)
[2025-02-21 09:03:23;INFO]Valid | Loss : 0.008555 | ACC : 1348/1350 (99.852%)
[2025-02-21 09:03:23;INFO]      | Loss didn't drop!

[2025-02-21 09:03:23;INFO]best epoch: 436, best loss: 0.006422
[2025-02-21 09:03:23;INFO]----------------------------------------------------------------------------------------------------

[2025-02-21 09:03:23;INFO]Current Epoch: 457 / 500 | Learning Rate : 0.0010000000000000087
[2025-02-21 09:03:24;INFO]Train | Loss : 0.000780 | ACC : 3150/3150 (100.000%)
[2025-02-21 09:03:25;INFO]Valid | Loss : 0.006687 | ACC : 1349/1350 (99.926%)
[2025-02-21 09:03:25;INFO]      | Loss didn't drop!

[2025-02-21 09:03:25;INFO]best epoch: 436, best loss: 0.006422
[2025-02-21 09:03:25;INFO]----------------------------------------------------------------------------------------------------

[2025-02-21 09:03:25;INFO]Current Epoch: 458 / 500 | Learning Rate : 0.00014644660940675157
[2025-02-21 09:03:27;INFO]Train | Loss : 0.000774 | ACC : 3150/3150 (100.000%)
[2025-02-21 09:03:27;INFO]Valid | Loss : 0.006496 | ACC : 1349/1350 (99.926%)
[2025-02-21 09:03:27;INFO]      | Loss didn't drop!

[2025-02-21 09:03:27;INFO]best epoch: 436, best loss: 0.006422
[2025-02-21 09:03:27;INFO]----------------------------------------------------------------------------------------------------

[2025-02-21 09:03:27;INFO]Current Epoch: 459 / 500 | Learning Rate : 0.0005000000000000751
[2025-02-21 09:03:29;INFO]Train | Loss : 0.000787 | ACC : 3150/3150 (100.000%)
[2025-02-21 09:03:29;INFO]Valid | Loss : 0.006898 | ACC : 1348/1350 (99.852%)
[2025-02-21 09:03:29;INFO]      | Loss didn't drop!

[2025-02-21 09:03:29;INFO]best epoch: 436, best loss: 0.006422
[2025-02-21 09:03:29;INFO]----------------------------------------------------------------------------------------------------

[2025-02-21 09:03:29;INFO]Current Epoch: 460 / 500 | Learning Rate : 0.0008535533905961748
[2025-02-21 09:03:31;INFO]Train | Loss : 0.000767 | ACC : 3150/3150 (100.000%)
[2025-02-21 09:03:31;INFO]Valid | Loss : 0.006577 | ACC : 1349/1350 (99.926%)
[2025-02-21 09:03:31;INFO]      | Loss didn't drop!

[2025-02-21 09:03:31;INFO]best epoch: 436, best loss: 0.006422
[2025-02-21 09:03:31;INFO]----------------------------------------------------------------------------------------------------

[2025-02-21 09:03:31;INFO]Current Epoch: 461 / 500 | Learning Rate : 0.0
[2025-02-21 09:03:33;INFO]Train | Loss : 0.000761 | ACC : 3150/3150 (100.000%)
[2025-02-21 09:03:33;INFO]Valid | Loss : 0.006550 | ACC : 1349/1350 (99.926%)
[2025-02-21 09:03:33;INFO]      | Loss didn't drop!

[2025-02-21 09:03:33;INFO]best epoch: 436, best loss: 0.006422
[2025-02-21 09:03:33;INFO]----------------------------------------------------------------------------------------------------

[2025-02-21 09:03:33;INFO]Current Epoch: 462 / 500 | Learning Rate : 0.0008535533905965286
[2025-02-21 09:03:35;INFO]Train | Loss : 0.000732 | ACC : 3150/3150 (100.000%)
[2025-02-21 09:03:35;INFO]Valid | Loss : 0.006959 | ACC : 1348/1350 (99.852%)
[2025-02-21 09:03:35;INFO]      | Loss didn't drop!

[2025-02-21 09:03:35;INFO]best epoch: 436, best loss: 0.006422
[2025-02-21 09:03:35;INFO]----------------------------------------------------------------------------------------------------

[2025-02-21 09:03:35;INFO]Current Epoch: 463 / 500 | Learning Rate : 0.000499999999999097
[2025-02-21 09:03:37;INFO]Train | Loss : 0.000692 | ACC : 3150/3150 (100.000%)
[2025-02-21 09:03:38;INFO]Valid | Loss : 0.007528 | ACC : 1348/1350 (99.852%)
[2025-02-21 09:03:38;INFO]      | Loss didn't drop!

[2025-02-21 09:03:38;INFO]best epoch: 436, best loss: 0.006422
[2025-02-21 09:03:38;INFO]----------------------------------------------------------------------------------------------------

[2025-02-21 09:03:38;INFO]Current Epoch: 464 / 500 | Learning Rate : 0.00014644660940641105
[2025-02-21 09:03:39;INFO]Train | Loss : 0.000706 | ACC : 3150/3150 (100.000%)
[2025-02-21 09:03:40;INFO]Valid | Loss : 0.006509 | ACC : 1349/1350 (99.926%)
[2025-02-21 09:03:40;INFO]      | Loss didn't drop!

[2025-02-21 09:03:40;INFO]best epoch: 436, best loss: 0.006422
[2025-02-21 09:03:40;INFO]----------------------------------------------------------------------------------------------------

[2025-02-21 09:03:40;INFO]Current Epoch: 465 / 500 | Learning Rate : 0.00100000000000138
[2025-02-21 09:03:42;INFO]Train | Loss : 0.000754 | ACC : 3150/3150 (100.000%)
[2025-02-21 09:03:42;INFO]Valid | Loss : 0.006978 | ACC : 1349/1350 (99.926%)
[2025-02-21 09:03:42;INFO]      | Loss didn't drop!

[2025-02-21 09:03:42;INFO]best epoch: 436, best loss: 0.006422
[2025-02-21 09:03:42;INFO]----------------------------------------------------------------------------------------------------

[2025-02-21 09:03:42;INFO]Current Epoch: 466 / 500 | Learning Rate : 0.00014644660940699465
[2025-02-21 09:03:44;INFO]Train | Loss : 0.000664 | ACC : 3150/3150 (100.000%)
[2025-02-21 09:03:44;INFO]Valid | Loss : 0.007095 | ACC : 1349/1350 (99.926%)
[2025-02-21 09:03:44;INFO]      | Loss didn't drop!

[2025-02-21 09:03:44;INFO]best epoch: 436, best loss: 0.006422
[2025-02-21 09:03:44;INFO]----------------------------------------------------------------------------------------------------

[2025-02-21 09:03:44;INFO]Current Epoch: 467 / 500 | Learning Rate : 0.0005000000000009285
[2025-02-21 09:03:46;INFO]Train | Loss : 0.000713 | ACC : 3150/3150 (100.000%)
[2025-02-21 09:03:46;INFO]Valid | Loss : 0.007913 | ACC : 1348/1350 (99.852%)
[2025-02-21 09:03:46;INFO]      | Loss didn't drop!

[2025-02-21 09:03:46;INFO]best epoch: 436, best loss: 0.006422
[2025-02-21 09:03:46;INFO]----------------------------------------------------------------------------------------------------

[2025-02-21 09:03:46;INFO]Current Epoch: 468 / 500 | Learning Rate : 0.0008535533905949166
[2025-02-21 09:03:48;INFO]Train | Loss : 0.000709 | ACC : 3150/3150 (100.000%)
[2025-02-21 09:03:48;INFO]Valid | Loss : 0.006568 | ACC : 1349/1350 (99.926%)
[2025-02-21 09:03:48;INFO]      | Loss didn't drop!

[2025-02-21 09:03:48;INFO]best epoch: 436, best loss: 0.006422
[2025-02-21 09:03:48;INFO]----------------------------------------------------------------------------------------------------

[2025-02-21 09:03:48;INFO]Current Epoch: 469 / 500 | Learning Rate : 0.0
[2025-02-21 09:03:50;INFO]Train | Loss : 0.000919 | ACC : 3150/3150 (100.000%)
[2025-02-21 09:03:50;INFO]Valid | Loss : 0.238780 | ACC : 1133/1350 (83.926%)
[2025-02-21 09:03:50;INFO]      | Loss didn't drop!

[2025-02-21 09:03:50;INFO]best epoch: 436, best loss: 0.006422
[2025-02-21 09:03:50;INFO]----------------------------------------------------------------------------------------------------

[2025-02-21 09:03:50;INFO]Current Epoch: 470 / 500 | Learning Rate : 0.0008535533905951854
[2025-02-21 09:03:51;INFO]Train | Loss : 0.000874 | ACC : 3150/3150 (100.000%)
[2025-02-21 09:03:52;INFO]Valid | Loss : 0.052313 | ACC : 1328/1350 (98.370%)
[2025-02-21 09:03:52;INFO]      | Loss didn't drop!

[2025-02-21 09:03:52;INFO]best epoch: 436, best loss: 0.006422
[2025-02-21 09:03:52;INFO]----------------------------------------------------------------------------------------------------

[2025-02-21 09:03:52;INFO]Current Epoch: 471 / 500 | Learning Rate : 0.000499999999999724
[2025-02-21 09:03:53;INFO]Train | Loss : 0.001046 | ACC : 3150/3150 (100.000%)
[2025-02-21 09:03:53;INFO]Valid | Loss : 0.082341 | ACC : 1307/1350 (96.815%)
[2025-02-21 09:03:53;INFO]      | Loss didn't drop!

[2025-02-21 09:03:53;INFO]best epoch: 436, best loss: 0.006422
[2025-02-21 09:03:53;INFO]----------------------------------------------------------------------------------------------------

[2025-02-21 09:03:53;INFO]Current Epoch: 472 / 500 | Learning Rate : 0.00014644660940664868
[2025-02-21 09:03:55;INFO]Train | Loss : 0.000884 | ACC : 3150/3150 (100.000%)
[2025-02-21 09:03:55;INFO]Valid | Loss : 0.011309 | ACC : 1347/1350 (99.778%)
[2025-02-21 09:03:55;INFO]      | Loss didn't drop!

[2025-02-21 09:03:55;INFO]best epoch: 436, best loss: 0.006422
[2025-02-21 09:03:55;INFO]----------------------------------------------------------------------------------------------------

[2025-02-21 09:03:55;INFO]Current Epoch: 473 / 500 | Learning Rate : 0.0009999999999998647
[2025-02-21 09:03:56;INFO]Train | Loss : 0.179119 | ACC : 3050/3150 (96.825%)
[2025-02-21 09:03:56;INFO]Valid | Loss : 0.150911 | ACC : 1326/1350 (98.222%)
[2025-02-21 09:03:56;INFO]      | Loss didn't drop!

[2025-02-21 09:03:56;INFO]best epoch: 436, best loss: 0.006422
[2025-02-21 09:03:56;INFO]----------------------------------------------------------------------------------------------------

[2025-02-21 09:03:56;INFO]Current Epoch: 474 / 500 | Learning Rate : 0.0001464466094067333
[2025-02-21 09:03:58;INFO]Train | Loss : 0.052029 | ACC : 3132/3150 (99.429%)
[2025-02-21 09:03:58;INFO]Valid | Loss : 0.254582 | ACC : 1255/1350 (92.963%)
[2025-02-21 09:03:58;INFO]      | Loss didn't drop!

[2025-02-21 09:03:58;INFO]best epoch: 436, best loss: 0.006422
[2025-02-21 09:03:58;INFO]----------------------------------------------------------------------------------------------------

[2025-02-21 09:03:58;INFO]Current Epoch: 475 / 500 | Learning Rate : 0.0005000000000002201
[2025-02-21 09:03:59;INFO]Train | Loss : 0.023993 | ACC : 3139/3150 (99.651%)
[2025-02-21 09:04:00;INFO]Valid | Loss : 0.090112 | ACC : 1337/1350 (99.037%)
[2025-02-21 09:04:00;INFO]      | Loss didn't drop!

[2025-02-21 09:04:00;INFO]best epoch: 436, best loss: 0.006422
[2025-02-21 09:04:00;INFO]----------------------------------------------------------------------------------------------------

[2025-02-21 09:04:00;INFO]Current Epoch: 476 / 500 | Learning Rate : 0.0008535533905935852
[2025-02-21 09:04:01;INFO]Train | Loss : 0.014369 | ACC : 3143/3150 (99.778%)
[2025-02-21 09:04:01;INFO]Valid | Loss : 0.019361 | ACC : 1347/1350 (99.778%)
[2025-02-21 09:04:01;INFO]      | Loss didn't drop!

[2025-02-21 09:04:01;INFO]best epoch: 436, best loss: 0.006422
[2025-02-21 09:04:01;INFO]----------------------------------------------------------------------------------------------------

[2025-02-21 09:04:01;INFO]Current Epoch: 477 / 500 | Learning Rate : 0.0
[2025-02-21 09:04:03;INFO]Train | Loss : 0.008002 | ACC : 3150/3150 (100.000%)
[2025-02-21 09:04:03;INFO]Valid | Loss : 0.015267 | ACC : 1347/1350 (99.778%)
[2025-02-21 09:04:03;INFO]      | Loss didn't drop!

[2025-02-21 09:04:03;INFO]best epoch: 436, best loss: 0.006422
[2025-02-21 09:04:03;INFO]----------------------------------------------------------------------------------------------------

[2025-02-21 09:04:03;INFO]Current Epoch: 478 / 500 | Learning Rate : 0.0008535533905963937
[2025-02-21 09:04:04;INFO]Train | Loss : 0.007335 | ACC : 3146/3150 (99.873%)
[2025-02-21 09:04:04;INFO]Valid | Loss : 0.015579 | ACC : 1348/1350 (99.852%)
[2025-02-21 09:04:04;INFO]      | Loss didn't drop!

[2025-02-21 09:04:04;INFO]best epoch: 436, best loss: 0.006422
[2025-02-21 09:04:04;INFO]----------------------------------------------------------------------------------------------------

[2025-02-21 09:04:04;INFO]Current Epoch: 479 / 500 | Learning Rate : 0.000499999999999026
[2025-02-21 09:04:06;INFO]Train | Loss : 0.004770 | ACC : 3148/3150 (99.937%)
[2025-02-21 09:04:06;INFO]Valid | Loss : 0.013277 | ACC : 1348/1350 (99.852%)
[2025-02-21 09:04:06;INFO]      | Loss didn't drop!

[2025-02-21 09:04:06;INFO]best epoch: 436, best loss: 0.006422
[2025-02-21 09:04:06;INFO]----------------------------------------------------------------------------------------------------

[2025-02-21 09:04:06;INFO]Current Epoch: 480 / 500 | Learning Rate : 0.0001464466094065452
[2025-02-21 09:04:07;INFO]Train | Loss : 0.003996 | ACC : 3149/3150 (99.968%)
[2025-02-21 09:04:08;INFO]Valid | Loss : 0.020066 | ACC : 1347/1350 (99.778%)
[2025-02-21 09:04:08;INFO]      | Loss didn't drop!

[2025-02-21 09:04:08;INFO]best epoch: 436, best loss: 0.006422
[2025-02-21 09:04:08;INFO]----------------------------------------------------------------------------------------------------

[2025-02-21 09:04:08;INFO]Current Epoch: 481 / 500 | Learning Rate : 0.0009999999999983408
[2025-02-21 09:04:09;INFO]Train | Loss : 0.003030 | ACC : 3150/3150 (100.000%)
[2025-02-21 09:04:09;INFO]Valid | Loss : 0.009557 | ACC : 1348/1350 (99.852%)
[2025-02-21 09:04:09;INFO]      | Loss didn't drop!

[2025-02-21 09:04:09;INFO]best epoch: 436, best loss: 0.006422
[2025-02-21 09:04:09;INFO]----------------------------------------------------------------------------------------------------

[2025-02-21 09:04:09;INFO]Current Epoch: 482 / 500 | Learning Rate : 0.00014644660940697635
[2025-02-21 09:04:11;INFO]Train | Loss : 0.004969 | ACC : 3148/3150 (99.937%)
[2025-02-21 09:04:11;INFO]Valid | Loss : 0.009857 | ACC : 1348/1350 (99.852%)
[2025-02-21 09:04:11;INFO]      | Loss didn't drop!

[2025-02-21 09:04:11;INFO]best epoch: 436, best loss: 0.006422
[2025-02-21 09:04:11;INFO]----------------------------------------------------------------------------------------------------

[2025-02-21 09:04:11;INFO]Current Epoch: 483 / 500 | Learning Rate : 0.0005000000000008458
[2025-02-21 09:04:12;INFO]Train | Loss : 0.002634 | ACC : 3150/3150 (100.000%)
[2025-02-21 09:04:13;INFO]Valid | Loss : 0.007850 | ACC : 1348/1350 (99.852%)
[2025-02-21 09:04:13;INFO]      | Loss didn't drop!

[2025-02-21 09:04:13;INFO]best epoch: 436, best loss: 0.006422
[2025-02-21 09:04:13;INFO]----------------------------------------------------------------------------------------------------

[2025-02-21 09:04:13;INFO]Current Epoch: 484 / 500 | Learning Rate : 0.0008535533905947983
[2025-02-21 09:04:14;INFO]Train | Loss : 0.003235 | ACC : 3148/3150 (99.937%)
[2025-02-21 09:04:14;INFO]Valid | Loss : 0.007780 | ACC : 1348/1350 (99.852%)
[2025-02-21 09:04:14;INFO]      | Loss didn't drop!

[2025-02-21 09:04:14;INFO]best epoch: 436, best loss: 0.006422
[2025-02-21 09:04:14;INFO]----------------------------------------------------------------------------------------------------

[2025-02-21 09:04:14;INFO]Current Epoch: 485 / 500 | Learning Rate : 0.0
[2025-02-21 09:04:16;INFO]Train | Loss : 0.002850 | ACC : 3150/3150 (100.000%)
[2025-02-21 09:04:16;INFO]Valid | Loss : 0.011190 | ACC : 1348/1350 (99.852%)
[2025-02-21 09:04:16;INFO]      | Loss didn't drop!

[2025-02-21 09:04:16;INFO]best epoch: 436, best loss: 0.006422
[2025-02-21 09:04:16;INFO]----------------------------------------------------------------------------------------------------

[2025-02-21 09:04:16;INFO]Current Epoch: 486 / 500 | Learning Rate : 0.0008535533905950582
[2025-02-21 09:04:17;INFO]Train | Loss : 0.002027 | ACC : 3150/3150 (100.000%)
[2025-02-21 09:04:17;INFO]Valid | Loss : 0.007105 | ACC : 1348/1350 (99.852%)
[2025-02-21 09:04:17;INFO]      | Loss didn't drop!

[2025-02-21 09:04:17;INFO]best epoch: 436, best loss: 0.006422
[2025-02-21 09:04:17;INFO]----------------------------------------------------------------------------------------------------

[2025-02-21 09:04:17;INFO]Current Epoch: 487 / 500 | Learning Rate : 0.0005000000000012141
[2025-02-21 09:04:19;INFO]Train | Loss : 0.002221 | ACC : 3150/3150 (100.000%)
[2025-02-21 09:04:19;INFO]Valid | Loss : 0.007040 | ACC : 1348/1350 (99.852%)
[2025-02-21 09:04:19;INFO]      | Loss didn't drop!

[2025-02-21 09:04:19;INFO]best epoch: 436, best loss: 0.006422
[2025-02-21 09:04:19;INFO]----------------------------------------------------------------------------------------------------

[2025-02-21 09:04:19;INFO]Current Epoch: 488 / 500 | Learning Rate : 0.00014644660940712627
[2025-02-21 09:04:20;INFO]Train | Loss : 0.001899 | ACC : 3150/3150 (100.000%)
[2025-02-21 09:04:21;INFO]Valid | Loss : 0.009102 | ACC : 1348/1350 (99.852%)
[2025-02-21 09:04:21;INFO]      | Loss didn't drop!

[2025-02-21 09:04:21;INFO]best epoch: 436, best loss: 0.006422
[2025-02-21 09:04:21;INFO]----------------------------------------------------------------------------------------------------

[2025-02-21 09:04:21;INFO]Current Epoch: 489 / 500 | Learning Rate : 0.0009999999999997112
[2025-02-21 09:04:22;INFO]Train | Loss : 0.001979 | ACC : 3150/3150 (100.000%)
[2025-02-21 09:04:22;INFO]Valid | Loss : 0.009283 | ACC : 1348/1350 (99.852%)
[2025-02-21 09:04:22;INFO]      | Loss didn't drop!

[2025-02-21 09:04:22;INFO]best epoch: 436, best loss: 0.006422
[2025-02-21 09:04:22;INFO]----------------------------------------------------------------------------------------------------

[2025-02-21 09:04:22;INFO]Current Epoch: 490 / 500 | Learning Rate : 0.00014644660940671633
[2025-02-21 09:04:24;INFO]Train | Loss : 0.001592 | ACC : 3150/3150 (100.000%)
[2025-02-21 09:04:24;INFO]Valid | Loss : 0.009562 | ACC : 1348/1350 (99.852%)
[2025-02-21 09:04:24;INFO]      | Loss didn't drop!

[2025-02-21 09:04:24;INFO]best epoch: 436, best loss: 0.006422
[2025-02-21 09:04:24;INFO]----------------------------------------------------------------------------------------------------

[2025-02-21 09:04:24;INFO]Current Epoch: 491 / 500 | Learning Rate : 0.0005000000000000286
[2025-02-21 09:04:25;INFO]Train | Loss : 0.001671 | ACC : 3150/3150 (100.000%)
[2025-02-21 09:04:25;INFO]Valid | Loss : 0.008784 | ACC : 1348/1350 (99.852%)
[2025-02-21 09:04:25;INFO]      | Loss didn't drop!

[2025-02-21 09:04:25;INFO]best epoch: 436, best loss: 0.006422
[2025-02-21 09:04:25;INFO]----------------------------------------------------------------------------------------------------

[2025-02-21 09:04:25;INFO]Current Epoch: 492 / 500 | Learning Rate : 0.0008535533905934587
[2025-02-21 09:04:27;INFO]Train | Loss : 0.001568 | ACC : 3150/3150 (100.000%)
[2025-02-21 09:04:27;INFO]Valid | Loss : 0.009699 | ACC : 1348/1350 (99.852%)
[2025-02-21 09:04:27;INFO]      | Loss didn't drop!

[2025-02-21 09:04:27;INFO]best epoch: 436, best loss: 0.006422
[2025-02-21 09:04:27;INFO]----------------------------------------------------------------------------------------------------

[2025-02-21 09:04:27;INFO]Current Epoch: 493 / 500 | Learning Rate : 0.0
[2025-02-21 09:04:28;INFO]Train | Loss : 0.001487 | ACC : 3150/3150 (100.000%)
[2025-02-21 09:04:29;INFO]Valid | Loss : 0.009289 | ACC : 1348/1350 (99.852%)
[2025-02-21 09:04:29;INFO]      | Loss didn't drop!

[2025-02-21 09:04:29;INFO]best epoch: 436, best loss: 0.006422
[2025-02-21 09:04:29;INFO]----------------------------------------------------------------------------------------------------

[2025-02-21 09:04:29;INFO]Current Epoch: 494 / 500 | Learning Rate : 0.0008535533905937962
[2025-02-21 09:04:30;INFO]Train | Loss : 0.001528 | ACC : 3150/3150 (100.000%)
[2025-02-21 09:04:30;INFO]Valid | Loss : 0.009374 | ACC : 1348/1350 (99.852%)
[2025-02-21 09:04:30;INFO]      | Loss didn't drop!

[2025-02-21 09:04:30;INFO]best epoch: 436, best loss: 0.006422
[2025-02-21 09:04:30;INFO]----------------------------------------------------------------------------------------------------

[2025-02-21 09:04:30;INFO]Current Epoch: 495 / 500 | Learning Rate : 0.0005000000000018454
[2025-02-21 09:04:32;INFO]Train | Loss : 0.002849 | ACC : 3149/3150 (99.968%)
[2025-02-21 09:04:32;INFO]Valid | Loss : 0.009720 | ACC : 1348/1350 (99.852%)
[2025-02-21 09:04:32;INFO]      | Loss didn't drop!

[2025-02-21 09:04:32;INFO]best epoch: 436, best loss: 0.006422
[2025-02-21 09:04:32;INFO]----------------------------------------------------------------------------------------------------

[2025-02-21 09:04:32;INFO]Current Epoch: 496 / 500 | Learning Rate : 0.0001464466094073651
[2025-02-21 09:04:33;INFO]Train | Loss : 0.002381 | ACC : 3150/3150 (100.000%)
[2025-02-21 09:04:33;INFO]Valid | Loss : 0.029203 | ACC : 1349/1350 (99.926%)
[2025-02-21 09:04:33;INFO]      | Loss didn't drop!

[2025-02-21 09:04:33;INFO]best epoch: 436, best loss: 0.006422
[2025-02-21 09:04:33;INFO]----------------------------------------------------------------------------------------------------

[2025-02-21 09:04:33;INFO]Current Epoch: 497 / 500 | Learning Rate : 0.0009999999999981966
[2025-02-21 09:04:35;INFO]Train | Loss : 0.001665 | ACC : 3150/3150 (100.000%)
[2025-02-21 09:04:35;INFO]Valid | Loss : 0.008541 | ACC : 1348/1350 (99.852%)
[2025-02-21 09:04:35;INFO]      | Loss didn't drop!

[2025-02-21 09:04:35;INFO]best epoch: 436, best loss: 0.006422
[2025-02-21 09:04:35;INFO]----------------------------------------------------------------------------------------------------

[2025-02-21 09:04:35;INFO]Current Epoch: 498 / 500 | Learning Rate : 0.0001464466094065355
[2025-02-21 09:04:36;INFO]Train | Loss : 0.001381 | ACC : 3150/3150 (100.000%)
[2025-02-21 09:04:37;INFO]Valid | Loss : 0.009607 | ACC : 1348/1350 (99.852%)
[2025-02-21 09:04:37;INFO]      | Loss didn't drop!

[2025-02-21 09:04:37;INFO]best epoch: 436, best loss: 0.006422
[2025-02-21 09:04:37;INFO]----------------------------------------------------------------------------------------------------

[2025-02-21 09:04:37;INFO]Current Epoch: 499 / 500 | Learning Rate : 0.0004999999999993205
[2025-02-21 09:04:38;INFO]Train | Loss : 0.001352 | ACC : 3150/3150 (100.000%)
[2025-02-21 09:04:38;INFO]Valid | Loss : 0.012011 | ACC : 1348/1350 (99.852%)
[2025-02-21 09:04:38;INFO]      | Loss didn't drop!

[2025-02-21 09:04:38;INFO]best epoch: 436, best loss: 0.006422
[2025-02-21 09:04:38;INFO]----------------------------------------------------------------------------------------------------

[2025-02-21 09:04:38;INFO]Current Epoch: 500 / 500 | Learning Rate : 0.000853553390594671
[2025-02-21 09:04:40;INFO]Train | Loss : 0.001348 | ACC : 3150/3150 (100.000%)
[2025-02-21 09:04:40;INFO]Valid | Loss : 0.010304 | ACC : 1348/1350 (99.852%)
[2025-02-21 09:04:40;INFO]      | Loss didn't drop!

[2025-02-21 09:04:40;INFO]best epoch: 436, best loss: 0.006422
[2025-02-21 09:04:40;INFO]----------------------------------------------------------------------------------------------------

[2025-02-21 09:04:40;INFO]Training finished! Best Epoch : 436 | Best Loss : 0.006422


