[2025-02-21 08:48:48;INFO]====================================================================================================
[2025-02-21 08:48:48;INFO]Config
[2025-02-21 08:48:48;INFO]----------------------------------------------------------------------------------------------------
[2025-02-21 08:48:48;INFO]seed : 2025
[2025-02-21 08:48:48;INFO]mode : train
[2025-02-21 08:48:48;INFO]device : cuda
[2025-02-21 08:48:48;INFO]dataset_path : ../../../Datasets
[2025-02-21 08:48:48;INFO]dataset_name : wisigeq
[2025-02-21 08:48:48;INFO]source : {'d': 4}
[2025-02-21 08:48:48;INFO]num_classes : 6
[2025-02-21 08:48:48;INFO]backbone : scnn
[2025-02-21 08:48:48;INFO]lr : 0.001
[2025-02-21 08:48:48;INFO]batch_size : 128
[2025-02-21 08:48:48;INFO]train_epochs : 500
[2025-02-21 08:48:48;INFO]root_dir : ./result/wisigeq_scnn
[2025-02-21 08:48:48;INFO]work_dir : ./result/wisigeq_scnn/train/day4
[2025-02-21 08:48:48;INFO]logger : <Logger Logger_train (INFO)>
[2025-02-21 08:48:48;INFO]====================================================================================================


[2025-02-21 08:48:52;INFO]Start training ...
[2025-02-21 08:48:52;INFO]No. train samples: 3150
[2025-02-21 08:48:52;INFO]No. valid samples: 1350
[2025-02-21 08:48:52;INFO]----------------------------------------------------------------------------------------------------

[2025-02-21 08:48:52;INFO]Current Epoch: 1 / 500 | Learning Rate : 0.001
[2025-02-21 08:48:55;INFO]Train | Loss : 0.813563 | ACC : 2763/3150 (87.714%)
[2025-02-21 08:48:56;INFO]Valid | Loss : 0.796558 | ACC : 1248/1350 (92.444%)
[2025-02-21 08:48:56;INFO]      | Loss dropped from inf to 0.796558, model has been saved!

[2025-02-21 08:48:56;INFO]best epoch: 1, best loss: 0.796558
[2025-02-21 08:48:56;INFO]----------------------------------------------------------------------------------------------------

[2025-02-21 08:48:56;INFO]Current Epoch: 2 / 500 | Learning Rate : 0.00014644660940672617
[2025-02-21 08:48:56;INFO]Train | Loss : 0.487829 | ACC : 3098/3150 (98.349%)
[2025-02-21 08:48:57;INFO]Valid | Loss : 1.406093 | ACC : 529/1350 (39.185%)
[2025-02-21 08:48:57;INFO]      | Loss didn't drop!

[2025-02-21 08:48:57;INFO]best epoch: 1, best loss: 0.796558
[2025-02-21 08:48:57;INFO]----------------------------------------------------------------------------------------------------

[2025-02-21 08:48:57;INFO]Current Epoch: 3 / 500 | Learning Rate : 0.0004999999999999998
[2025-02-21 08:48:57;INFO]Train | Loss : 0.364586 | ACC : 3141/3150 (99.714%)
[2025-02-21 08:48:58;INFO]Valid | Loss : 0.415266 | ACC : 1343/1350 (99.481%)
[2025-02-21 08:48:58;INFO]      | Loss dropped from 0.796558 to 0.415266, model has been saved!

[2025-02-21 08:48:58;INFO]best epoch: 3, best loss: 0.415266
[2025-02-21 08:48:58;INFO]----------------------------------------------------------------------------------------------------

[2025-02-21 08:48:58;INFO]Current Epoch: 4 / 500 | Learning Rate : 0.0008535533905932656
[2025-02-21 08:48:58;INFO]Train | Loss : 0.338396 | ACC : 3146/3150 (99.873%)
[2025-02-21 08:48:59;INFO]Valid | Loss : 0.290142 | ACC : 1347/1350 (99.778%)
[2025-02-21 08:48:59;INFO]      | Loss dropped from 0.415266 to 0.290142, model has been saved!

[2025-02-21 08:48:59;INFO]best epoch: 4, best loss: 0.290142
[2025-02-21 08:48:59;INFO]----------------------------------------------------------------------------------------------------

[2025-02-21 08:48:59;INFO]Current Epoch: 5 / 500 | Learning Rate : 0.0
[2025-02-21 08:48:59;INFO]Train | Loss : 0.318789 | ACC : 3146/3150 (99.873%)
[2025-02-21 08:49:00;INFO]Valid | Loss : 0.358119 | ACC : 1347/1350 (99.778%)
[2025-02-21 08:49:00;INFO]      | Loss didn't drop!

[2025-02-21 08:49:00;INFO]best epoch: 4, best loss: 0.290142
[2025-02-21 08:49:00;INFO]----------------------------------------------------------------------------------------------------

[2025-02-21 08:49:00;INFO]Current Epoch: 6 / 500 | Learning Rate : 0.0008535533905932675
[2025-02-21 08:49:01;INFO]Train | Loss : 0.298484 | ACC : 3146/3150 (99.873%)
[2025-02-21 08:49:01;INFO]Valid | Loss : 0.338770 | ACC : 1347/1350 (99.778%)
[2025-02-21 08:49:01;INFO]      | Loss didn't drop!

[2025-02-21 08:49:01;INFO]best epoch: 4, best loss: 0.290142
[2025-02-21 08:49:01;INFO]----------------------------------------------------------------------------------------------------

[2025-02-21 08:49:01;INFO]Current Epoch: 7 / 500 | Learning Rate : 0.0005000000000000214
[2025-02-21 08:49:02;INFO]Train | Loss : 0.289341 | ACC : 3146/3150 (99.873%)
[2025-02-21 08:49:02;INFO]Valid | Loss : 0.265284 | ACC : 1348/1350 (99.852%)
[2025-02-21 08:49:02;INFO]      | Loss dropped from 0.290142 to 0.265284, model has been saved!

[2025-02-21 08:49:02;INFO]best epoch: 7, best loss: 0.265284
[2025-02-21 08:49:02;INFO]----------------------------------------------------------------------------------------------------

[2025-02-21 08:49:02;INFO]Current Epoch: 8 / 500 | Learning Rate : 0.00014644660940673355
[2025-02-21 08:49:03;INFO]Train | Loss : 0.281930 | ACC : 3147/3150 (99.905%)
[2025-02-21 08:49:03;INFO]Valid | Loss : 0.290756 | ACC : 1348/1350 (99.852%)
[2025-02-21 08:49:03;INFO]      | Loss didn't drop!

[2025-02-21 08:49:03;INFO]best epoch: 7, best loss: 0.265284
[2025-02-21 08:49:03;INFO]----------------------------------------------------------------------------------------------------

[2025-02-21 08:49:03;INFO]Current Epoch: 9 / 500 | Learning Rate : 0.001
[2025-02-21 08:49:04;INFO]Train | Loss : 0.271686 | ACC : 3148/3150 (99.937%)
[2025-02-21 08:49:04;INFO]Valid | Loss : 0.256972 | ACC : 1348/1350 (99.852%)
[2025-02-21 08:49:04;INFO]      | Loss dropped from 0.265284 to 0.256972, model has been saved!

[2025-02-21 08:49:04;INFO]best epoch: 9, best loss: 0.256972
[2025-02-21 08:49:04;INFO]----------------------------------------------------------------------------------------------------

[2025-02-21 08:49:04;INFO]Current Epoch: 10 / 500 | Learning Rate : 0.00014644660940671945
[2025-02-21 08:49:05;INFO]Train | Loss : 0.266565 | ACC : 3148/3150 (99.937%)
[2025-02-21 08:49:05;INFO]Valid | Loss : 0.228355 | ACC : 1348/1350 (99.852%)
[2025-02-21 08:49:05;INFO]      | Loss dropped from 0.256972 to 0.228355, model has been saved!

[2025-02-21 08:49:05;INFO]best epoch: 10, best loss: 0.228355
[2025-02-21 08:49:05;INFO]----------------------------------------------------------------------------------------------------

[2025-02-21 08:49:05;INFO]Current Epoch: 11 / 500 | Learning Rate : 0.000499999999999981
[2025-02-21 08:49:06;INFO]Train | Loss : 0.251792 | ACC : 3148/3150 (99.937%)
[2025-02-21 08:49:06;INFO]Valid | Loss : 0.267135 | ACC : 1348/1350 (99.852%)
[2025-02-21 08:49:06;INFO]      | Loss didn't drop!

[2025-02-21 08:49:06;INFO]best epoch: 10, best loss: 0.228355
[2025-02-21 08:49:06;INFO]----------------------------------------------------------------------------------------------------

[2025-02-21 08:49:06;INFO]Current Epoch: 12 / 500 | Learning Rate : 0.0008535533905933208
[2025-02-21 08:49:07;INFO]Train | Loss : 0.250578 | ACC : 3148/3150 (99.937%)
[2025-02-21 08:49:07;INFO]Valid | Loss : 0.233510 | ACC : 1348/1350 (99.852%)
[2025-02-21 08:49:07;INFO]      | Loss didn't drop!

[2025-02-21 08:49:07;INFO]best epoch: 10, best loss: 0.228355
[2025-02-21 08:49:07;INFO]----------------------------------------------------------------------------------------------------

[2025-02-21 08:49:07;INFO]Current Epoch: 13 / 500 | Learning Rate : 0.0
[2025-02-21 08:49:08;INFO]Train | Loss : 0.241334 | ACC : 3149/3150 (99.968%)
[2025-02-21 08:49:08;INFO]Valid | Loss : 0.240315 | ACC : 1346/1350 (99.704%)
[2025-02-21 08:49:08;INFO]      | Loss didn't drop!

[2025-02-21 08:49:08;INFO]best epoch: 10, best loss: 0.228355
[2025-02-21 08:49:08;INFO]----------------------------------------------------------------------------------------------------

[2025-02-21 08:49:08;INFO]Current Epoch: 14 / 500 | Learning Rate : 0.0008535533905933215
[2025-02-21 08:49:09;INFO]Train | Loss : 0.234121 | ACC : 3148/3150 (99.937%)
[2025-02-21 08:49:09;INFO]Valid | Loss : 0.224985 | ACC : 1348/1350 (99.852%)
[2025-02-21 08:49:09;INFO]      | Loss dropped from 0.228355 to 0.224985, model has been saved!

[2025-02-21 08:49:09;INFO]best epoch: 14, best loss: 0.224985
[2025-02-21 08:49:09;INFO]----------------------------------------------------------------------------------------------------

[2025-02-21 08:49:09;INFO]Current Epoch: 15 / 500 | Learning Rate : 0.0005000000000000251
[2025-02-21 08:49:10;INFO]Train | Loss : 0.228573 | ACC : 3148/3150 (99.937%)
[2025-02-21 08:49:10;INFO]Valid | Loss : 0.230307 | ACC : 1350/1350 (100.000%)
[2025-02-21 08:49:10;INFO]      | Loss didn't drop!

[2025-02-21 08:49:10;INFO]best epoch: 14, best loss: 0.224985
[2025-02-21 08:49:10;INFO]----------------------------------------------------------------------------------------------------

[2025-02-21 08:49:10;INFO]Current Epoch: 16 / 500 | Learning Rate : 0.0001464466094067354
[2025-02-21 08:49:11;INFO]Train | Loss : 0.224436 | ACC : 3148/3150 (99.937%)
[2025-02-21 08:49:11;INFO]Valid | Loss : 0.247378 | ACC : 1347/1350 (99.778%)
[2025-02-21 08:49:11;INFO]      | Loss didn't drop!

[2025-02-21 08:49:11;INFO]best epoch: 14, best loss: 0.224985
[2025-02-21 08:49:11;INFO]----------------------------------------------------------------------------------------------------

[2025-02-21 08:49:11;INFO]Current Epoch: 17 / 500 | Learning Rate : 0.0010000000000000633
[2025-02-21 08:49:12;INFO]Train | Loss : 0.216230 | ACC : 3149/3150 (99.968%)
[2025-02-21 08:49:12;INFO]Valid | Loss : 0.205319 | ACC : 1348/1350 (99.852%)
[2025-02-21 08:49:12;INFO]      | Loss dropped from 0.224985 to 0.205319, model has been saved!

[2025-02-21 08:49:12;INFO]best epoch: 17, best loss: 0.205319
[2025-02-21 08:49:12;INFO]----------------------------------------------------------------------------------------------------

[2025-02-21 08:49:12;INFO]Current Epoch: 18 / 500 | Learning Rate : 0.0001464466094067349
[2025-02-21 08:49:13;INFO]Train | Loss : 0.212926 | ACC : 3149/3150 (99.968%)
[2025-02-21 08:49:13;INFO]Valid | Loss : 0.228008 | ACC : 1349/1350 (99.926%)
[2025-02-21 08:49:13;INFO]      | Loss didn't drop!

[2025-02-21 08:49:13;INFO]best epoch: 17, best loss: 0.205319
[2025-02-21 08:49:13;INFO]----------------------------------------------------------------------------------------------------

[2025-02-21 08:49:13;INFO]Current Epoch: 19 / 500 | Learning Rate : 0.0005000000000000322
[2025-02-21 08:49:14;INFO]Train | Loss : 0.206252 | ACC : 3149/3150 (99.968%)
[2025-02-21 08:49:14;INFO]Valid | Loss : 0.204994 | ACC : 1349/1350 (99.926%)
[2025-02-21 08:49:14;INFO]      | Loss dropped from 0.205319 to 0.204994, model has been saved!

[2025-02-21 08:49:14;INFO]best epoch: 19, best loss: 0.204994
[2025-02-21 08:49:14;INFO]----------------------------------------------------------------------------------------------------

[2025-02-21 08:49:14;INFO]Current Epoch: 20 / 500 | Learning Rate : 0.0008535533905932506
[2025-02-21 08:49:15;INFO]Train | Loss : 0.203615 | ACC : 3148/3150 (99.937%)
[2025-02-21 08:49:15;INFO]Valid | Loss : 0.192925 | ACC : 1348/1350 (99.852%)
[2025-02-21 08:49:15;INFO]      | Loss dropped from 0.204994 to 0.192925, model has been saved!

[2025-02-21 08:49:15;INFO]best epoch: 20, best loss: 0.192925
[2025-02-21 08:49:15;INFO]----------------------------------------------------------------------------------------------------

[2025-02-21 08:49:15;INFO]Current Epoch: 21 / 500 | Learning Rate : 0.0
[2025-02-21 08:49:16;INFO]Train | Loss : 0.201283 | ACC : 3148/3150 (99.937%)
[2025-02-21 08:49:16;INFO]Valid | Loss : 0.278682 | ACC : 1346/1350 (99.704%)
[2025-02-21 08:49:16;INFO]      | Loss didn't drop!

[2025-02-21 08:49:16;INFO]best epoch: 20, best loss: 0.192925
[2025-02-21 08:49:16;INFO]----------------------------------------------------------------------------------------------------

[2025-02-21 08:49:16;INFO]Current Epoch: 22 / 500 | Learning Rate : 0.000853553390593335
[2025-02-21 08:49:17;INFO]Train | Loss : 0.193942 | ACC : 3149/3150 (99.968%)
[2025-02-21 08:49:18;INFO]Valid | Loss : 0.189458 | ACC : 1348/1350 (99.852%)
[2025-02-21 08:49:18;INFO]      | Loss dropped from 0.192925 to 0.189458, model has been saved!

[2025-02-21 08:49:18;INFO]best epoch: 22, best loss: 0.189458
[2025-02-21 08:49:18;INFO]----------------------------------------------------------------------------------------------------

[2025-02-21 08:49:18;INFO]Current Epoch: 23 / 500 | Learning Rate : 0.000499999999999992
[2025-02-21 08:49:18;INFO]Train | Loss : 0.186078 | ACC : 3150/3150 (100.000%)
[2025-02-21 08:49:19;INFO]Valid | Loss : 0.181838 | ACC : 1349/1350 (99.926%)
[2025-02-21 08:49:19;INFO]      | Loss dropped from 0.189458 to 0.181838, model has been saved!

[2025-02-21 08:49:19;INFO]best epoch: 23, best loss: 0.181838
[2025-02-21 08:49:19;INFO]----------------------------------------------------------------------------------------------------

[2025-02-21 08:49:19;INFO]Current Epoch: 24 / 500 | Learning Rate : 0.0001464466094067277
[2025-02-21 08:49:20;INFO]Train | Loss : 0.180735 | ACC : 3149/3150 (99.968%)
[2025-02-21 08:49:20;INFO]Valid | Loss : 0.196257 | ACC : 1348/1350 (99.852%)
[2025-02-21 08:49:20;INFO]      | Loss didn't drop!

[2025-02-21 08:49:20;INFO]best epoch: 23, best loss: 0.181838
[2025-02-21 08:49:20;INFO]----------------------------------------------------------------------------------------------------

[2025-02-21 08:49:20;INFO]Current Epoch: 25 / 500 | Learning Rate : 0.0010000000000000722
[2025-02-21 08:49:21;INFO]Train | Loss : 0.178440 | ACC : 3150/3150 (100.000%)
[2025-02-21 08:49:21;INFO]Valid | Loss : 0.163544 | ACC : 1349/1350 (99.926%)
[2025-02-21 08:49:21;INFO]      | Loss dropped from 0.181838 to 0.163544, model has been saved!

[2025-02-21 08:49:21;INFO]best epoch: 25, best loss: 0.163544
[2025-02-21 08:49:21;INFO]----------------------------------------------------------------------------------------------------

[2025-02-21 08:49:21;INFO]Current Epoch: 26 / 500 | Learning Rate : 0.00014644660940672642
[2025-02-21 08:49:22;INFO]Train | Loss : 0.173120 | ACC : 3150/3150 (100.000%)
[2025-02-21 08:49:22;INFO]Valid | Loss : 0.281277 | ACC : 1339/1350 (99.185%)
[2025-02-21 08:49:22;INFO]      | Loss didn't drop!

[2025-02-21 08:49:22;INFO]best epoch: 25, best loss: 0.163544
[2025-02-21 08:49:22;INFO]----------------------------------------------------------------------------------------------------

[2025-02-21 08:49:22;INFO]Current Epoch: 27 / 500 | Learning Rate : 0.0005000000000000001
[2025-02-21 08:49:23;INFO]Train | Loss : 0.169210 | ACC : 3149/3150 (99.968%)
[2025-02-21 08:49:23;INFO]Valid | Loss : 0.223816 | ACC : 1348/1350 (99.852%)
[2025-02-21 08:49:23;INFO]      | Loss didn't drop!

[2025-02-21 08:49:23;INFO]best epoch: 25, best loss: 0.163544
[2025-02-21 08:49:23;INFO]----------------------------------------------------------------------------------------------------

[2025-02-21 08:49:23;INFO]Current Epoch: 28 / 500 | Learning Rate : 0.0008535533905931913
[2025-02-21 08:49:24;INFO]Train | Loss : 0.179509 | ACC : 3149/3150 (99.968%)
[2025-02-21 08:49:25;INFO]Valid | Loss : 0.182247 | ACC : 1343/1350 (99.481%)
[2025-02-21 08:49:25;INFO]      | Loss didn't drop!

[2025-02-21 08:49:25;INFO]best epoch: 25, best loss: 0.163544
[2025-02-21 08:49:25;INFO]----------------------------------------------------------------------------------------------------

[2025-02-21 08:49:25;INFO]Current Epoch: 29 / 500 | Learning Rate : 0.0
[2025-02-21 08:49:26;INFO]Train | Loss : 0.168728 | ACC : 3149/3150 (99.968%)
[2025-02-21 08:49:26;INFO]Valid | Loss : 0.202234 | ACC : 1349/1350 (99.926%)
[2025-02-21 08:49:26;INFO]      | Loss didn't drop!

[2025-02-21 08:49:26;INFO]best epoch: 25, best loss: 0.163544
[2025-02-21 08:49:26;INFO]----------------------------------------------------------------------------------------------------

[2025-02-21 08:49:26;INFO]Current Epoch: 30 / 500 | Learning Rate : 0.0008535533905932689
[2025-02-21 08:49:28;INFO]Train | Loss : 0.159544 | ACC : 3149/3150 (99.968%)
[2025-02-21 08:49:28;INFO]Valid | Loss : 0.176398 | ACC : 1348/1350 (99.852%)
[2025-02-21 08:49:28;INFO]      | Loss didn't drop!

[2025-02-21 08:49:28;INFO]best epoch: 25, best loss: 0.163544
[2025-02-21 08:49:28;INFO]----------------------------------------------------------------------------------------------------

[2025-02-21 08:49:28;INFO]Current Epoch: 31 / 500 | Learning Rate : 0.0004999999999999518
[2025-02-21 08:49:29;INFO]Train | Loss : 0.157562 | ACC : 3149/3150 (99.968%)
[2025-02-21 08:49:29;INFO]Valid | Loss : 0.169305 | ACC : 1350/1350 (100.000%)
[2025-02-21 08:49:29;INFO]      | Loss didn't drop!

[2025-02-21 08:49:29;INFO]best epoch: 25, best loss: 0.163544
[2025-02-21 08:49:29;INFO]----------------------------------------------------------------------------------------------------

[2025-02-21 08:49:29;INFO]Current Epoch: 32 / 500 | Learning Rate : 0.0001464466094067151
[2025-02-21 08:49:31;INFO]Train | Loss : 0.154584 | ACC : 3150/3150 (100.000%)
[2025-02-21 08:49:31;INFO]Valid | Loss : 0.333087 | ACC : 1262/1350 (93.481%)
[2025-02-21 08:49:31;INFO]      | Loss didn't drop!

[2025-02-21 08:49:31;INFO]best epoch: 25, best loss: 0.163544
[2025-02-21 08:49:31;INFO]----------------------------------------------------------------------------------------------------

[2025-02-21 08:49:31;INFO]Current Epoch: 33 / 500 | Learning Rate : 0.0010000000000000002
[2025-02-21 08:49:33;INFO]Train | Loss : 0.151167 | ACC : 3149/3150 (99.968%)
[2025-02-21 08:49:33;INFO]Valid | Loss : 0.137673 | ACC : 1350/1350 (100.000%)
[2025-02-21 08:49:33;INFO]      | Loss dropped from 0.163544 to 0.137673, model has been saved!

[2025-02-21 08:49:33;INFO]best epoch: 33, best loss: 0.137673
[2025-02-21 08:49:33;INFO]----------------------------------------------------------------------------------------------------

[2025-02-21 08:49:33;INFO]Current Epoch: 34 / 500 | Learning Rate : 0.0001464466094067694
[2025-02-21 08:49:35;INFO]Train | Loss : 0.143128 | ACC : 3150/3150 (100.000%)
[2025-02-21 08:49:35;INFO]Valid | Loss : 0.146577 | ACC : 1350/1350 (100.000%)
[2025-02-21 08:49:35;INFO]      | Loss didn't drop!

[2025-02-21 08:49:35;INFO]best epoch: 33, best loss: 0.137673
[2025-02-21 08:49:35;INFO]----------------------------------------------------------------------------------------------------

[2025-02-21 08:49:35;INFO]Current Epoch: 35 / 500 | Learning Rate : 0.000500000000000137
[2025-02-21 08:49:37;INFO]Train | Loss : 0.142775 | ACC : 3150/3150 (100.000%)
[2025-02-21 08:49:37;INFO]Valid | Loss : 0.153456 | ACC : 1348/1350 (99.852%)
[2025-02-21 08:49:37;INFO]      | Loss didn't drop!

[2025-02-21 08:49:37;INFO]best epoch: 33, best loss: 0.137673
[2025-02-21 08:49:37;INFO]----------------------------------------------------------------------------------------------------

[2025-02-21 08:49:37;INFO]Current Epoch: 36 / 500 | Learning Rate : 0.0008535533905934294
[2025-02-21 08:49:39;INFO]Train | Loss : 0.141039 | ACC : 3150/3150 (100.000%)
[2025-02-21 08:49:40;INFO]Valid | Loss : 0.119817 | ACC : 1349/1350 (99.926%)
[2025-02-21 08:49:40;INFO]      | Loss dropped from 0.137673 to 0.119817, model has been saved!

[2025-02-21 08:49:40;INFO]best epoch: 36, best loss: 0.119817
[2025-02-21 08:49:40;INFO]----------------------------------------------------------------------------------------------------

[2025-02-21 08:49:40;INFO]Current Epoch: 37 / 500 | Learning Rate : 0.0
[2025-02-21 08:49:41;INFO]Train | Loss : 0.135359 | ACC : 3150/3150 (100.000%)
[2025-02-21 08:49:42;INFO]Valid | Loss : 0.128992 | ACC : 1349/1350 (99.926%)
[2025-02-21 08:49:42;INFO]      | Loss didn't drop!

[2025-02-21 08:49:42;INFO]best epoch: 36, best loss: 0.119817
[2025-02-21 08:49:42;INFO]----------------------------------------------------------------------------------------------------

[2025-02-21 08:49:42;INFO]Current Epoch: 38 / 500 | Learning Rate : 0.000853553390593364
[2025-02-21 08:49:43;INFO]Train | Loss : 0.132144 | ACC : 3150/3150 (100.000%)
[2025-02-21 08:49:44;INFO]Valid | Loss : 0.231039 | ACC : 1344/1350 (99.556%)
[2025-02-21 08:49:44;INFO]      | Loss didn't drop!

[2025-02-21 08:49:44;INFO]best epoch: 36, best loss: 0.119817
[2025-02-21 08:49:44;INFO]----------------------------------------------------------------------------------------------------

[2025-02-21 08:49:44;INFO]Current Epoch: 39 / 500 | Learning Rate : 0.0005000000000000043
[2025-02-21 08:49:46;INFO]Train | Loss : 0.130088 | ACC : 3150/3150 (100.000%)
[2025-02-21 08:49:46;INFO]Valid | Loss : 0.114483 | ACC : 1349/1350 (99.926%)
[2025-02-21 08:49:46;INFO]      | Loss dropped from 0.119817 to 0.114483, model has been saved!

[2025-02-21 08:49:46;INFO]best epoch: 39, best loss: 0.114483
[2025-02-21 08:49:46;INFO]----------------------------------------------------------------------------------------------------

[2025-02-21 08:49:46;INFO]Current Epoch: 40 / 500 | Learning Rate : 0.00014644660940672243
[2025-02-21 08:49:48;INFO]Train | Loss : 0.127191 | ACC : 3150/3150 (100.000%)
[2025-02-21 08:49:48;INFO]Valid | Loss : 0.120914 | ACC : 1350/1350 (100.000%)
[2025-02-21 08:49:48;INFO]      | Loss didn't drop!

[2025-02-21 08:49:48;INFO]best epoch: 39, best loss: 0.114483
[2025-02-21 08:49:48;INFO]----------------------------------------------------------------------------------------------------

[2025-02-21 08:49:48;INFO]Current Epoch: 41 / 500 | Learning Rate : 0.0010000000000002884
[2025-02-21 08:49:50;INFO]Train | Loss : 0.122416 | ACC : 3150/3150 (100.000%)
[2025-02-21 08:49:50;INFO]Valid | Loss : 0.118110 | ACC : 1350/1350 (100.000%)
[2025-02-21 08:49:50;INFO]      | Loss didn't drop!

[2025-02-21 08:49:50;INFO]best epoch: 39, best loss: 0.114483
[2025-02-21 08:49:50;INFO]----------------------------------------------------------------------------------------------------

[2025-02-21 08:49:50;INFO]Current Epoch: 42 / 500 | Learning Rate : 0.0001464466094067509
[2025-02-21 08:49:52;INFO]Train | Loss : 0.121046 | ACC : 3150/3150 (100.000%)
[2025-02-21 08:49:52;INFO]Valid | Loss : 0.135380 | ACC : 1349/1350 (99.926%)
[2025-02-21 08:49:52;INFO]      | Loss didn't drop!

[2025-02-21 08:49:52;INFO]best epoch: 39, best loss: 0.114483
[2025-02-21 08:49:52;INFO]----------------------------------------------------------------------------------------------------

[2025-02-21 08:49:52;INFO]Current Epoch: 43 / 500 | Learning Rate : 0.0005000000000000981
[2025-02-21 08:49:54;INFO]Train | Loss : 0.118680 | ACC : 3150/3150 (100.000%)
[2025-02-21 08:49:54;INFO]Valid | Loss : 0.120748 | ACC : 1347/1350 (99.778%)
[2025-02-21 08:49:54;INFO]      | Loss didn't drop!

[2025-02-21 08:49:54;INFO]best epoch: 39, best loss: 0.114483
[2025-02-21 08:49:54;INFO]----------------------------------------------------------------------------------------------------

[2025-02-21 08:49:54;INFO]Current Epoch: 44 / 500 | Learning Rate : 0.00085355339059337
[2025-02-21 08:49:56;INFO]Train | Loss : 0.115330 | ACC : 3150/3150 (100.000%)
[2025-02-21 08:49:56;INFO]Valid | Loss : 0.111877 | ACC : 1350/1350 (100.000%)
[2025-02-21 08:49:56;INFO]      | Loss dropped from 0.114483 to 0.111877, model has been saved!

[2025-02-21 08:49:56;INFO]best epoch: 44, best loss: 0.111877
[2025-02-21 08:49:56;INFO]----------------------------------------------------------------------------------------------------

[2025-02-21 08:49:56;INFO]Current Epoch: 45 / 500 | Learning Rate : 0.0
[2025-02-21 08:49:58;INFO]Train | Loss : 0.114410 | ACC : 3150/3150 (100.000%)
[2025-02-21 08:49:59;INFO]Valid | Loss : 0.116905 | ACC : 1349/1350 (99.926%)
[2025-02-21 08:49:59;INFO]      | Loss didn't drop!

[2025-02-21 08:49:59;INFO]best epoch: 44, best loss: 0.111877
[2025-02-21 08:49:59;INFO]----------------------------------------------------------------------------------------------------

[2025-02-21 08:49:59;INFO]Current Epoch: 46 / 500 | Learning Rate : 0.0008535533905933007
[2025-02-21 08:50:00;INFO]Train | Loss : 0.110766 | ACC : 3150/3150 (100.000%)
[2025-02-21 08:50:01;INFO]Valid | Loss : 0.118193 | ACC : 1349/1350 (99.926%)
[2025-02-21 08:50:01;INFO]      | Loss didn't drop!

[2025-02-21 08:50:01;INFO]best epoch: 44, best loss: 0.111877
[2025-02-21 08:50:01;INFO]----------------------------------------------------------------------------------------------------

[2025-02-21 08:50:01;INFO]Current Epoch: 47 / 500 | Learning Rate : 0.000499999999999957
[2025-02-21 08:50:02;INFO]Train | Loss : 0.111386 | ACC : 3150/3150 (100.000%)
[2025-02-21 08:50:03;INFO]Valid | Loss : 0.105669 | ACC : 1350/1350 (100.000%)
[2025-02-21 08:50:03;INFO]      | Loss dropped from 0.111877 to 0.105669, model has been saved!

[2025-02-21 08:50:03;INFO]best epoch: 47, best loss: 0.105669
[2025-02-21 08:50:03;INFO]----------------------------------------------------------------------------------------------------

[2025-02-21 08:50:03;INFO]Current Epoch: 48 / 500 | Learning Rate : 0.0001464466094067199
[2025-02-21 08:50:05;INFO]Train | Loss : 0.107820 | ACC : 3150/3150 (100.000%)
[2025-02-21 08:50:05;INFO]Valid | Loss : 0.103465 | ACC : 1349/1350 (99.926%)
[2025-02-21 08:50:05;INFO]      | Loss dropped from 0.105669 to 0.103465, model has been saved!

[2025-02-21 08:50:05;INFO]best epoch: 48, best loss: 0.103465
[2025-02-21 08:50:05;INFO]----------------------------------------------------------------------------------------------------

[2025-02-21 08:50:05;INFO]Current Epoch: 49 / 500 | Learning Rate : 0.0010000000000002162
[2025-02-21 08:50:07;INFO]Train | Loss : 0.105841 | ACC : 3150/3150 (100.000%)
[2025-02-21 08:50:07;INFO]Valid | Loss : 0.099142 | ACC : 1350/1350 (100.000%)
[2025-02-21 08:50:07;INFO]      | Loss dropped from 0.103465 to 0.099142, model has been saved!

[2025-02-21 08:50:07;INFO]best epoch: 49, best loss: 0.099142
[2025-02-21 08:50:07;INFO]----------------------------------------------------------------------------------------------------

[2025-02-21 08:50:07;INFO]Current Epoch: 50 / 500 | Learning Rate : 0.00014644660940674238
[2025-02-21 08:50:09;INFO]Train | Loss : 0.104413 | ACC : 3150/3150 (100.000%)
[2025-02-21 08:50:09;INFO]Valid | Loss : 0.095605 | ACC : 1350/1350 (100.000%)
[2025-02-21 08:50:09;INFO]      | Loss dropped from 0.099142 to 0.095605, model has been saved!

[2025-02-21 08:50:09;INFO]best epoch: 50, best loss: 0.095605
[2025-02-21 08:50:09;INFO]----------------------------------------------------------------------------------------------------

[2025-02-21 08:50:09;INFO]Current Epoch: 51 / 500 | Learning Rate : 0.0005000000000000591
[2025-02-21 08:50:11;INFO]Train | Loss : 0.100748 | ACC : 3150/3150 (100.000%)
[2025-02-21 08:50:11;INFO]Valid | Loss : 0.099167 | ACC : 1349/1350 (99.926%)
[2025-02-21 08:50:11;INFO]      | Loss didn't drop!

[2025-02-21 08:50:11;INFO]best epoch: 50, best loss: 0.095605
[2025-02-21 08:50:11;INFO]----------------------------------------------------------------------------------------------------

[2025-02-21 08:50:11;INFO]Current Epoch: 52 / 500 | Learning Rate : 0.0008535533905933027
[2025-02-21 08:50:13;INFO]Train | Loss : 0.100642 | ACC : 3150/3150 (100.000%)
[2025-02-21 08:50:13;INFO]Valid | Loss : 0.097511 | ACC : 1349/1350 (99.926%)
[2025-02-21 08:50:13;INFO]      | Loss didn't drop!

[2025-02-21 08:50:13;INFO]best epoch: 50, best loss: 0.095605
[2025-02-21 08:50:13;INFO]----------------------------------------------------------------------------------------------------

[2025-02-21 08:50:13;INFO]Current Epoch: 53 / 500 | Learning Rate : 0.0
[2025-02-21 08:50:15;INFO]Train | Loss : 0.100101 | ACC : 3150/3150 (100.000%)
[2025-02-21 08:50:16;INFO]Valid | Loss : 0.110351 | ACC : 1350/1350 (100.000%)
[2025-02-21 08:50:16;INFO]      | Loss didn't drop!

[2025-02-21 08:50:16;INFO]best epoch: 50, best loss: 0.095605
[2025-02-21 08:50:16;INFO]----------------------------------------------------------------------------------------------------

[2025-02-21 08:50:16;INFO]Current Epoch: 54 / 500 | Learning Rate : 0.0008535533905932371
[2025-02-21 08:50:17;INFO]Train | Loss : 0.097973 | ACC : 3150/3150 (100.000%)
[2025-02-21 08:50:18;INFO]Valid | Loss : 0.096138 | ACC : 1349/1350 (99.926%)
[2025-02-21 08:50:18;INFO]      | Loss didn't drop!

[2025-02-21 08:50:18;INFO]best epoch: 50, best loss: 0.095605
[2025-02-21 08:50:18;INFO]----------------------------------------------------------------------------------------------------

[2025-02-21 08:50:18;INFO]Current Epoch: 55 / 500 | Learning Rate : 0.0004999999999999381
[2025-02-21 08:50:19;INFO]Train | Loss : 0.096427 | ACC : 3150/3150 (100.000%)
[2025-02-21 08:50:20;INFO]Valid | Loss : 0.091565 | ACC : 1350/1350 (100.000%)
[2025-02-21 08:50:20;INFO]      | Loss dropped from 0.095605 to 0.091565, model has been saved!

[2025-02-21 08:50:20;INFO]best epoch: 55, best loss: 0.091565
[2025-02-21 08:50:20;INFO]----------------------------------------------------------------------------------------------------

[2025-02-21 08:50:20;INFO]Current Epoch: 56 / 500 | Learning Rate : 0.00014644660940671717
[2025-02-21 08:50:22;INFO]Train | Loss : 0.093052 | ACC : 3150/3150 (100.000%)
[2025-02-21 08:50:22;INFO]Valid | Loss : 0.101462 | ACC : 1348/1350 (99.852%)
[2025-02-21 08:50:22;INFO]      | Loss didn't drop!

[2025-02-21 08:50:22;INFO]best epoch: 55, best loss: 0.091565
[2025-02-21 08:50:22;INFO]----------------------------------------------------------------------------------------------------

[2025-02-21 08:50:22;INFO]Current Epoch: 57 / 500 | Learning Rate : 0.0010000000000001355
[2025-02-21 08:50:24;INFO]Train | Loss : 0.091361 | ACC : 3150/3150 (100.000%)
[2025-02-21 08:50:24;INFO]Valid | Loss : 0.088600 | ACC : 1350/1350 (100.000%)
[2025-02-21 08:50:24;INFO]      | Loss dropped from 0.091565 to 0.088600, model has been saved!

[2025-02-21 08:50:24;INFO]best epoch: 57, best loss: 0.088600
[2025-02-21 08:50:24;INFO]----------------------------------------------------------------------------------------------------

[2025-02-21 08:50:24;INFO]Current Epoch: 58 / 500 | Learning Rate : 0.00014644660940672387
[2025-02-21 08:50:26;INFO]Train | Loss : 0.090482 | ACC : 3150/3150 (100.000%)
[2025-02-21 08:50:26;INFO]Valid | Loss : 0.158361 | ACC : 1348/1350 (99.852%)
[2025-02-21 08:50:26;INFO]      | Loss didn't drop!

[2025-02-21 08:50:26;INFO]best epoch: 57, best loss: 0.088600
[2025-02-21 08:50:26;INFO]----------------------------------------------------------------------------------------------------

[2025-02-21 08:50:26;INFO]Current Epoch: 59 / 500 | Learning Rate : 0.0005000000000000343
[2025-02-21 08:50:28;INFO]Train | Loss : 0.087050 | ACC : 3150/3150 (100.000%)
[2025-02-21 08:50:28;INFO]Valid | Loss : 0.091446 | ACC : 1349/1350 (99.926%)
[2025-02-21 08:50:28;INFO]      | Loss didn't drop!

[2025-02-21 08:50:28;INFO]best epoch: 57, best loss: 0.088600
[2025-02-21 08:50:28;INFO]----------------------------------------------------------------------------------------------------

[2025-02-21 08:50:28;INFO]Current Epoch: 60 / 500 | Learning Rate : 0.0008535533905935409
[2025-02-21 08:50:30;INFO]Train | Loss : 0.086812 | ACC : 3150/3150 (100.000%)
[2025-02-21 08:50:30;INFO]Valid | Loss : 0.081883 | ACC : 1350/1350 (100.000%)
[2025-02-21 08:50:30;INFO]      | Loss dropped from 0.088600 to 0.081883, model has been saved!

[2025-02-21 08:50:30;INFO]best epoch: 60, best loss: 0.081883
[2025-02-21 08:50:30;INFO]----------------------------------------------------------------------------------------------------

[2025-02-21 08:50:30;INFO]Current Epoch: 61 / 500 | Learning Rate : 0.0
[2025-02-21 08:50:32;INFO]Train | Loss : 0.085494 | ACC : 3150/3150 (100.000%)
[2025-02-21 08:50:33;INFO]Valid | Loss : 0.082247 | ACC : 1348/1350 (99.852%)
[2025-02-21 08:50:33;INFO]      | Loss didn't drop!

[2025-02-21 08:50:33;INFO]best epoch: 60, best loss: 0.081883
[2025-02-21 08:50:33;INFO]----------------------------------------------------------------------------------------------------

[2025-02-21 08:50:33;INFO]Current Epoch: 62 / 500 | Learning Rate : 0.000853553390593165
[2025-02-21 08:50:34;INFO]Train | Loss : 0.083364 | ACC : 3150/3150 (100.000%)
[2025-02-21 08:50:35;INFO]Valid | Loss : 0.089760 | ACC : 1348/1350 (99.852%)
[2025-02-21 08:50:35;INFO]      | Loss didn't drop!

[2025-02-21 08:50:35;INFO]best epoch: 60, best loss: 0.081883
[2025-02-21 08:50:35;INFO]----------------------------------------------------------------------------------------------------

[2025-02-21 08:50:35;INFO]Current Epoch: 63 / 500 | Learning Rate : 0.000500000000000071
[2025-02-21 08:50:37;INFO]Train | Loss : 0.081244 | ACC : 3150/3150 (100.000%)
[2025-02-21 08:50:37;INFO]Valid | Loss : 0.076456 | ACC : 1349/1350 (99.926%)
[2025-02-21 08:50:37;INFO]      | Loss dropped from 0.081883 to 0.076456, model has been saved!

[2025-02-21 08:50:37;INFO]best epoch: 63, best loss: 0.076456
[2025-02-21 08:50:37;INFO]----------------------------------------------------------------------------------------------------

[2025-02-21 08:50:37;INFO]Current Epoch: 64 / 500 | Learning Rate : 0.00014644660940674731
[2025-02-21 08:50:39;INFO]Train | Loss : 0.080050 | ACC : 3150/3150 (100.000%)
[2025-02-21 08:50:39;INFO]Valid | Loss : 0.091595 | ACC : 1348/1350 (99.852%)
[2025-02-21 08:50:39;INFO]      | Loss didn't drop!

[2025-02-21 08:50:39;INFO]best epoch: 63, best loss: 0.076456
[2025-02-21 08:50:39;INFO]----------------------------------------------------------------------------------------------------

[2025-02-21 08:50:39;INFO]Current Epoch: 65 / 500 | Learning Rate : 0.0010000000000000636
[2025-02-21 08:50:41;INFO]Train | Loss : 0.077684 | ACC : 3150/3150 (100.000%)
[2025-02-21 08:50:41;INFO]Valid | Loss : 0.075767 | ACC : 1349/1350 (99.926%)
[2025-02-21 08:50:41;INFO]      | Loss dropped from 0.076456 to 0.075767, model has been saved!

[2025-02-21 08:50:41;INFO]best epoch: 65, best loss: 0.075767
[2025-02-21 08:50:41;INFO]----------------------------------------------------------------------------------------------------

[2025-02-21 08:50:41;INFO]Current Epoch: 66 / 500 | Learning Rate : 0.0001464466094067769
[2025-02-21 08:50:43;INFO]Train | Loss : 0.078413 | ACC : 3150/3150 (100.000%)
[2025-02-21 08:50:43;INFO]Valid | Loss : 0.070429 | ACC : 1346/1350 (99.704%)
[2025-02-21 08:50:43;INFO]      | Loss dropped from 0.075767 to 0.070429, model has been saved!

[2025-02-21 08:50:43;INFO]best epoch: 66, best loss: 0.070429
[2025-02-21 08:50:43;INFO]----------------------------------------------------------------------------------------------------

[2025-02-21 08:50:43;INFO]Current Epoch: 67 / 500 | Learning Rate : 0.0005000000000001566
[2025-02-21 08:50:45;INFO]Train | Loss : 0.077732 | ACC : 3150/3150 (100.000%)
[2025-02-21 08:50:45;INFO]Valid | Loss : 0.080005 | ACC : 1348/1350 (99.852%)
[2025-02-21 08:50:45;INFO]      | Loss didn't drop!

[2025-02-21 08:50:45;INFO]best epoch: 66, best loss: 0.070429
[2025-02-21 08:50:45;INFO]----------------------------------------------------------------------------------------------------

[2025-02-21 08:50:45;INFO]Current Epoch: 68 / 500 | Learning Rate : 0.000853553390593194
[2025-02-21 08:50:47;INFO]Train | Loss : 0.075185 | ACC : 3150/3150 (100.000%)
[2025-02-21 08:50:48;INFO]Valid | Loss : 0.071315 | ACC : 1349/1350 (99.926%)
[2025-02-21 08:50:48;INFO]      | Loss didn't drop!

[2025-02-21 08:50:48;INFO]best epoch: 66, best loss: 0.070429
[2025-02-21 08:50:48;INFO]----------------------------------------------------------------------------------------------------

[2025-02-21 08:50:48;INFO]Current Epoch: 69 / 500 | Learning Rate : 0.0
[2025-02-21 08:50:49;INFO]Train | Loss : 0.073699 | ACC : 3150/3150 (100.000%)
[2025-02-21 08:50:50;INFO]Valid | Loss : 0.084658 | ACC : 1349/1350 (99.926%)
[2025-02-21 08:50:50;INFO]      | Loss didn't drop!

[2025-02-21 08:50:50;INFO]best epoch: 66, best loss: 0.070429
[2025-02-21 08:50:50;INFO]----------------------------------------------------------------------------------------------------

[2025-02-21 08:50:50;INFO]Current Epoch: 70 / 500 | Learning Rate : 0.0008535533905934297
[2025-02-21 08:50:51;INFO]Train | Loss : 0.073670 | ACC : 3150/3150 (100.000%)
[2025-02-21 08:50:52;INFO]Valid | Loss : 0.077493 | ACC : 1349/1350 (99.926%)
[2025-02-21 08:50:52;INFO]      | Loss didn't drop!

[2025-02-21 08:50:52;INFO]best epoch: 66, best loss: 0.070429
[2025-02-21 08:50:52;INFO]----------------------------------------------------------------------------------------------------

[2025-02-21 08:50:52;INFO]Current Epoch: 71 / 500 | Learning Rate : 0.0004999999999998388
[2025-02-21 08:50:54;INFO]Train | Loss : 0.073600 | ACC : 3150/3150 (100.000%)
[2025-02-21 08:50:54;INFO]Valid | Loss : 0.068517 | ACC : 1350/1350 (100.000%)
[2025-02-21 08:50:54;INFO]      | Loss dropped from 0.070429 to 0.068517, model has been saved!

[2025-02-21 08:50:54;INFO]best epoch: 71, best loss: 0.068517
[2025-02-21 08:50:54;INFO]----------------------------------------------------------------------------------------------------

[2025-02-21 08:50:54;INFO]Current Epoch: 72 / 500 | Learning Rate : 0.00014644660940669072
[2025-02-21 08:50:56;INFO]Train | Loss : 0.071641 | ACC : 3150/3150 (100.000%)
[2025-02-21 08:50:56;INFO]Valid | Loss : 0.150179 | ACC : 1342/1350 (99.407%)
[2025-02-21 08:50:56;INFO]      | Loss didn't drop!

[2025-02-21 08:50:56;INFO]best epoch: 71, best loss: 0.068517
[2025-02-21 08:50:56;INFO]----------------------------------------------------------------------------------------------------

[2025-02-21 08:50:56;INFO]Current Epoch: 73 / 500 | Learning Rate : 0.0009999999999999907
[2025-02-21 08:50:58;INFO]Train | Loss : 0.069325 | ACC : 3150/3150 (100.000%)
[2025-02-21 08:50:58;INFO]Valid | Loss : 0.064302 | ACC : 1349/1350 (99.926%)
[2025-02-21 08:50:58;INFO]      | Loss dropped from 0.068517 to 0.064302, model has been saved!

[2025-02-21 08:50:58;INFO]best epoch: 73, best loss: 0.064302
[2025-02-21 08:50:58;INFO]----------------------------------------------------------------------------------------------------

[2025-02-21 08:50:58;INFO]Current Epoch: 74 / 500 | Learning Rate : 0.00014644660940676846
[2025-02-21 08:51:00;INFO]Train | Loss : 0.068731 | ACC : 3150/3150 (100.000%)
[2025-02-21 08:51:00;INFO]Valid | Loss : 0.076694 | ACC : 1350/1350 (100.000%)
[2025-02-21 08:51:00;INFO]      | Loss didn't drop!

[2025-02-21 08:51:00;INFO]best epoch: 73, best loss: 0.064302
[2025-02-21 08:51:00;INFO]----------------------------------------------------------------------------------------------------

[2025-02-21 08:51:00;INFO]Current Epoch: 75 / 500 | Learning Rate : 0.000500000000000146
[2025-02-21 08:51:02;INFO]Train | Loss : 0.068372 | ACC : 3150/3150 (100.000%)
[2025-02-21 08:51:03;INFO]Valid | Loss : 0.079639 | ACC : 1350/1350 (100.000%)
[2025-02-21 08:51:03;INFO]      | Loss didn't drop!

[2025-02-21 08:51:03;INFO]best epoch: 73, best loss: 0.064302
[2025-02-21 08:51:03;INFO]----------------------------------------------------------------------------------------------------

[2025-02-21 08:51:03;INFO]Current Epoch: 76 / 500 | Learning Rate : 0.0008535533905931065
[2025-02-21 08:51:04;INFO]Train | Loss : 0.067145 | ACC : 3150/3150 (100.000%)
[2025-02-21 08:51:05;INFO]Valid | Loss : 0.060787 | ACC : 1350/1350 (100.000%)
[2025-02-21 08:51:05;INFO]      | Loss dropped from 0.064302 to 0.060787, model has been saved!

[2025-02-21 08:51:05;INFO]best epoch: 76, best loss: 0.060787
[2025-02-21 08:51:05;INFO]----------------------------------------------------------------------------------------------------

[2025-02-21 08:51:05;INFO]Current Epoch: 77 / 500 | Learning Rate : 0.0
[2025-02-21 08:51:06;INFO]Train | Loss : 0.064397 | ACC : 3150/3150 (100.000%)
[2025-02-21 08:51:07;INFO]Valid | Loss : 0.069875 | ACC : 1350/1350 (100.000%)
[2025-02-21 08:51:07;INFO]      | Loss didn't drop!

[2025-02-21 08:51:07;INFO]best epoch: 76, best loss: 0.060787
[2025-02-21 08:51:07;INFO]----------------------------------------------------------------------------------------------------

[2025-02-21 08:51:07;INFO]Current Epoch: 78 / 500 | Learning Rate : 0.0008535533905933459
[2025-02-21 08:51:09;INFO]Train | Loss : 0.062219 | ACC : 3150/3150 (100.000%)
[2025-02-21 08:51:09;INFO]Valid | Loss : 0.062906 | ACC : 1350/1350 (100.000%)
[2025-02-21 08:51:09;INFO]      | Loss didn't drop!

[2025-02-21 08:51:09;INFO]best epoch: 76, best loss: 0.060787
[2025-02-21 08:51:09;INFO]----------------------------------------------------------------------------------------------------

[2025-02-21 08:51:09;INFO]Current Epoch: 79 / 500 | Learning Rate : 0.0005000000000001948
[2025-02-21 08:51:11;INFO]Train | Loss : 0.072339 | ACC : 3147/3150 (99.905%)
[2025-02-21 08:51:11;INFO]Valid | Loss : 1.765387 | ACC : 672/1350 (49.778%)
[2025-02-21 08:51:11;INFO]      | Loss didn't drop!

[2025-02-21 08:51:11;INFO]best epoch: 76, best loss: 0.060787
[2025-02-21 08:51:11;INFO]----------------------------------------------------------------------------------------------------

[2025-02-21 08:51:11;INFO]Current Epoch: 80 / 500 | Learning Rate : 0.00014644660940678372
[2025-02-21 08:51:13;INFO]Train | Loss : 0.070113 | ACC : 3150/3150 (100.000%)
[2025-02-21 08:51:13;INFO]Valid | Loss : 0.719592 | ACC : 910/1350 (67.407%)
[2025-02-21 08:51:13;INFO]      | Loss didn't drop!

[2025-02-21 08:51:13;INFO]best epoch: 76, best loss: 0.060787
[2025-02-21 08:51:13;INFO]----------------------------------------------------------------------------------------------------

[2025-02-21 08:51:13;INFO]Current Epoch: 81 / 500 | Learning Rate : 0.0010000000000006406
[2025-02-21 08:51:15;INFO]Train | Loss : 0.070742 | ACC : 3147/3150 (99.905%)
[2025-02-21 08:51:15;INFO]Valid | Loss : 0.085548 | ACC : 1348/1350 (99.852%)
[2025-02-21 08:51:15;INFO]      | Loss didn't drop!

[2025-02-21 08:51:15;INFO]best epoch: 76, best loss: 0.060787
[2025-02-21 08:51:15;INFO]----------------------------------------------------------------------------------------------------

[2025-02-21 08:51:15;INFO]Current Epoch: 82 / 500 | Learning Rate : 0.00014644660940673983
[2025-02-21 08:51:17;INFO]Train | Loss : 0.069987 | ACC : 3148/3150 (99.937%)
[2025-02-21 08:51:18;INFO]Valid | Loss : 0.769255 | ACC : 909/1350 (67.333%)
[2025-02-21 08:51:18;INFO]      | Loss didn't drop!

[2025-02-21 08:51:18;INFO]best epoch: 76, best loss: 0.060787
[2025-02-21 08:51:18;INFO]----------------------------------------------------------------------------------------------------

[2025-02-21 08:51:18;INFO]Current Epoch: 83 / 500 | Learning Rate : 0.0005000000000001073
[2025-02-21 08:51:19;INFO]Train | Loss : 0.063075 | ACC : 3149/3150 (99.968%)
[2025-02-21 08:51:20;INFO]Valid | Loss : 0.084942 | ACC : 1346/1350 (99.704%)
[2025-02-21 08:51:20;INFO]      | Loss didn't drop!

[2025-02-21 08:51:20;INFO]best epoch: 76, best loss: 0.060787
[2025-02-21 08:51:20;INFO]----------------------------------------------------------------------------------------------------

[2025-02-21 08:51:20;INFO]Current Epoch: 84 / 500 | Learning Rate : 0.0008535533905936628
[2025-02-21 08:51:21;INFO]Train | Loss : 0.061355 | ACC : 3150/3150 (100.000%)
[2025-02-21 08:51:22;INFO]Valid | Loss : 0.066496 | ACC : 1349/1350 (99.926%)
[2025-02-21 08:51:22;INFO]      | Loss didn't drop!

[2025-02-21 08:51:22;INFO]best epoch: 76, best loss: 0.060787
[2025-02-21 08:51:22;INFO]----------------------------------------------------------------------------------------------------

[2025-02-21 08:51:22;INFO]Current Epoch: 85 / 500 | Learning Rate : 0.0
[2025-02-21 08:51:24;INFO]Train | Loss : 0.059431 | ACC : 3150/3150 (100.000%)
[2025-02-21 08:51:24;INFO]Valid | Loss : 0.068295 | ACC : 1349/1350 (99.926%)
[2025-02-21 08:51:24;INFO]      | Loss didn't drop!

[2025-02-21 08:51:24;INFO]best epoch: 76, best loss: 0.060787
[2025-02-21 08:51:24;INFO]----------------------------------------------------------------------------------------------------

[2025-02-21 08:51:24;INFO]Current Epoch: 86 / 500 | Learning Rate : 0.0008535533905932943
[2025-02-21 08:51:26;INFO]Train | Loss : 0.057523 | ACC : 3150/3150 (100.000%)
[2025-02-21 08:51:26;INFO]Valid | Loss : 0.055456 | ACC : 1350/1350 (100.000%)
[2025-02-21 08:51:26;INFO]      | Loss dropped from 0.060787 to 0.055456, model has been saved!

[2025-02-21 08:51:26;INFO]best epoch: 86, best loss: 0.055456
[2025-02-21 08:51:26;INFO]----------------------------------------------------------------------------------------------------

[2025-02-21 08:51:26;INFO]Current Epoch: 87 / 500 | Learning Rate : 0.0005000000000001333
[2025-02-21 08:51:28;INFO]Train | Loss : 0.057110 | ACC : 3150/3150 (100.000%)
[2025-02-21 08:51:28;INFO]Valid | Loss : 0.055135 | ACC : 1349/1350 (99.926%)
[2025-02-21 08:51:28;INFO]      | Loss dropped from 0.055456 to 0.055135, model has been saved!

[2025-02-21 08:51:28;INFO]best epoch: 87, best loss: 0.055135
[2025-02-21 08:51:28;INFO]----------------------------------------------------------------------------------------------------

[2025-02-21 08:51:28;INFO]Current Epoch: 88 / 500 | Learning Rate : 0.00014644660940677106
[2025-02-21 08:51:30;INFO]Train | Loss : 0.055819 | ACC : 3150/3150 (100.000%)
[2025-02-21 08:51:30;INFO]Valid | Loss : 0.056348 | ACC : 1349/1350 (99.926%)
[2025-02-21 08:51:30;INFO]      | Loss didn't drop!

[2025-02-21 08:51:30;INFO]best epoch: 87, best loss: 0.055135
[2025-02-21 08:51:30;INFO]----------------------------------------------------------------------------------------------------

[2025-02-21 08:51:30;INFO]Current Epoch: 89 / 500 | Learning Rate : 0.000999999999999838
[2025-02-21 08:51:32;INFO]Train | Loss : 0.052589 | ACC : 3150/3150 (100.000%)
[2025-02-21 08:51:33;INFO]Valid | Loss : 0.051282 | ACC : 1350/1350 (100.000%)
[2025-02-21 08:51:33;INFO]      | Loss dropped from 0.055135 to 0.051282, model has been saved!

[2025-02-21 08:51:33;INFO]best epoch: 89, best loss: 0.051282
[2025-02-21 08:51:33;INFO]----------------------------------------------------------------------------------------------------

[2025-02-21 08:51:33;INFO]Current Epoch: 90 / 500 | Learning Rate : 0.0001464466094067515
[2025-02-21 08:51:34;INFO]Train | Loss : 0.052900 | ACC : 3150/3150 (100.000%)
[2025-02-21 08:51:35;INFO]Valid | Loss : 0.052584 | ACC : 1350/1350 (100.000%)
[2025-02-21 08:51:35;INFO]      | Loss didn't drop!

[2025-02-21 08:51:35;INFO]best epoch: 89, best loss: 0.051282
[2025-02-21 08:51:35;INFO]----------------------------------------------------------------------------------------------------

[2025-02-21 08:51:35;INFO]Current Epoch: 91 / 500 | Learning Rate : 0.0005000000000000683
[2025-02-21 08:51:37;INFO]Train | Loss : 0.051819 | ACC : 3150/3150 (100.000%)
[2025-02-21 08:51:37;INFO]Valid | Loss : 0.053312 | ACC : 1350/1350 (100.000%)
[2025-02-21 08:51:37;INFO]      | Loss didn't drop!

[2025-02-21 08:51:37;INFO]best epoch: 89, best loss: 0.051282
[2025-02-21 08:51:37;INFO]----------------------------------------------------------------------------------------------------

[2025-02-21 08:51:37;INFO]Current Epoch: 92 / 500 | Learning Rate : 0.0008535533905929878
[2025-02-21 08:51:39;INFO]Train | Loss : 0.052608 | ACC : 3150/3150 (100.000%)
[2025-02-21 08:51:39;INFO]Valid | Loss : 0.050167 | ACC : 1350/1350 (100.000%)
[2025-02-21 08:51:39;INFO]      | Loss dropped from 0.051282 to 0.050167, model has been saved!

[2025-02-21 08:51:39;INFO]best epoch: 92, best loss: 0.050167
[2025-02-21 08:51:39;INFO]----------------------------------------------------------------------------------------------------

[2025-02-21 08:51:39;INFO]Current Epoch: 93 / 500 | Learning Rate : 0.0
[2025-02-21 08:51:41;INFO]Train | Loss : 0.049316 | ACC : 3150/3150 (100.000%)
[2025-02-21 08:51:41;INFO]Valid | Loss : 0.051979 | ACC : 1350/1350 (100.000%)
[2025-02-21 08:51:41;INFO]      | Loss didn't drop!

[2025-02-21 08:51:41;INFO]best epoch: 92, best loss: 0.050167
[2025-02-21 08:51:41;INFO]----------------------------------------------------------------------------------------------------

[2025-02-21 08:51:41;INFO]Current Epoch: 94 / 500 | Learning Rate : 0.0008535533905932314
[2025-02-21 08:51:43;INFO]Train | Loss : 0.051145 | ACC : 3150/3150 (100.000%)
[2025-02-21 08:51:43;INFO]Valid | Loss : 0.046921 | ACC : 1350/1350 (100.000%)
[2025-02-21 08:51:43;INFO]      | Loss dropped from 0.050167 to 0.046921, model has been saved!

[2025-02-21 08:51:43;INFO]best epoch: 94, best loss: 0.046921
[2025-02-21 08:51:43;INFO]----------------------------------------------------------------------------------------------------

[2025-02-21 08:51:43;INFO]Current Epoch: 95 / 500 | Learning Rate : 0.0005000000000001003
[2025-02-21 08:51:45;INFO]Train | Loss : 0.049534 | ACC : 3150/3150 (100.000%)
[2025-02-21 08:51:45;INFO]Valid | Loss : 0.046221 | ACC : 1350/1350 (100.000%)
[2025-02-21 08:51:45;INFO]      | Loss dropped from 0.046921 to 0.046221, model has been saved!

[2025-02-21 08:51:45;INFO]best epoch: 95, best loss: 0.046221
[2025-02-21 08:51:45;INFO]----------------------------------------------------------------------------------------------------

[2025-02-21 08:51:45;INFO]Current Epoch: 96 / 500 | Learning Rate : 0.00014644660940675837
[2025-02-21 08:51:47;INFO]Train | Loss : 0.047949 | ACC : 3150/3150 (100.000%)
[2025-02-21 08:51:48;INFO]Valid | Loss : 0.050278 | ACC : 1350/1350 (100.000%)
[2025-02-21 08:51:48;INFO]      | Loss didn't drop!

[2025-02-21 08:51:48;INFO]best epoch: 95, best loss: 0.046221
[2025-02-21 08:51:48;INFO]----------------------------------------------------------------------------------------------------

[2025-02-21 08:51:48;INFO]Current Epoch: 97 / 500 | Learning Rate : 0.0010000000000004873
[2025-02-21 08:51:49;INFO]Train | Loss : 0.047080 | ACC : 3150/3150 (100.000%)
[2025-02-21 08:51:50;INFO]Valid | Loss : 0.046539 | ACC : 1350/1350 (100.000%)
[2025-02-21 08:51:50;INFO]      | Loss didn't drop!

[2025-02-21 08:51:50;INFO]best epoch: 95, best loss: 0.046221
[2025-02-21 08:51:50;INFO]----------------------------------------------------------------------------------------------------

[2025-02-21 08:51:50;INFO]Current Epoch: 98 / 500 | Learning Rate : 0.00014644660940682722
[2025-02-21 08:51:52;INFO]Train | Loss : 0.046948 | ACC : 3150/3150 (100.000%)
[2025-02-21 08:51:52;INFO]Valid | Loss : 0.045289 | ACC : 1350/1350 (100.000%)
[2025-02-21 08:51:52;INFO]      | Loss dropped from 0.046221 to 0.045289, model has been saved!

[2025-02-21 08:51:52;INFO]best epoch: 98, best loss: 0.045289
[2025-02-21 08:51:52;INFO]----------------------------------------------------------------------------------------------------

[2025-02-21 08:51:52;INFO]Current Epoch: 99 / 500 | Learning Rate : 0.0005000000000003854
[2025-02-21 08:51:54;INFO]Train | Loss : 0.045443 | ACC : 3150/3150 (100.000%)
[2025-02-21 08:51:54;INFO]Valid | Loss : 0.049639 | ACC : 1350/1350 (100.000%)
[2025-02-21 08:51:54;INFO]      | Loss didn't drop!

[2025-02-21 08:51:54;INFO]best epoch: 98, best loss: 0.045289
[2025-02-21 08:51:54;INFO]----------------------------------------------------------------------------------------------------

[2025-02-21 08:51:54;INFO]Current Epoch: 100 / 500 | Learning Rate : 0.000853553390593544
[2025-02-21 08:51:56;INFO]Train | Loss : 0.045400 | ACC : 3150/3150 (100.000%)
[2025-02-21 08:51:56;INFO]Valid | Loss : 0.043108 | ACC : 1350/1350 (100.000%)
[2025-02-21 08:51:56;INFO]      | Loss dropped from 0.045289 to 0.043108, model has been saved!

[2025-02-21 08:51:56;INFO]best epoch: 100, best loss: 0.043108
[2025-02-21 08:51:56;INFO]----------------------------------------------------------------------------------------------------

[2025-02-21 08:51:56;INFO]Current Epoch: 101 / 500 | Learning Rate : 0.0
[2025-02-21 08:51:58;INFO]Train | Loss : 0.045947 | ACC : 3150/3150 (100.000%)
[2025-02-21 08:51:58;INFO]Valid | Loss : 0.042992 | ACC : 1350/1350 (100.000%)
[2025-02-21 08:51:58;INFO]      | Loss dropped from 0.043108 to 0.042992, model has been saved!

[2025-02-21 08:51:58;INFO]best epoch: 101, best loss: 0.042992
[2025-02-21 08:51:58;INFO]----------------------------------------------------------------------------------------------------

[2025-02-21 08:51:58;INFO]Current Epoch: 102 / 500 | Learning Rate : 0.000853553390593783
[2025-02-21 08:52:00;INFO]Train | Loss : 0.044247 | ACC : 3150/3150 (100.000%)
[2025-02-21 08:52:01;INFO]Valid | Loss : 0.043853 | ACC : 1350/1350 (100.000%)
[2025-02-21 08:52:01;INFO]      | Loss didn't drop!

[2025-02-21 08:52:01;INFO]best epoch: 101, best loss: 0.042992
[2025-02-21 08:52:01;INFO]----------------------------------------------------------------------------------------------------

[2025-02-21 08:52:01;INFO]Current Epoch: 103 / 500 | Learning Rate : 0.0005000000000000626
[2025-02-21 08:52:02;INFO]Train | Loss : 0.042397 | ACC : 3150/3150 (100.000%)
[2025-02-21 08:52:03;INFO]Valid | Loss : 0.042368 | ACC : 1350/1350 (100.000%)
[2025-02-21 08:52:03;INFO]      | Loss dropped from 0.042992 to 0.042368, model has been saved!

[2025-02-21 08:52:03;INFO]best epoch: 103, best loss: 0.042368
[2025-02-21 08:52:03;INFO]----------------------------------------------------------------------------------------------------

[2025-02-21 08:52:03;INFO]Current Epoch: 104 / 500 | Learning Rate : 0.00014644660940674444
[2025-02-21 08:52:05;INFO]Train | Loss : 0.042741 | ACC : 3150/3150 (100.000%)
[2025-02-21 08:52:05;INFO]Valid | Loss : 0.042136 | ACC : 1350/1350 (100.000%)
[2025-02-21 08:52:05;INFO]      | Loss dropped from 0.042368 to 0.042136, model has been saved!

[2025-02-21 08:52:05;INFO]best epoch: 104, best loss: 0.042136
[2025-02-21 08:52:05;INFO]----------------------------------------------------------------------------------------------------

[2025-02-21 08:52:05;INFO]Current Epoch: 105 / 500 | Learning Rate : 0.001000000000000415
[2025-02-21 08:52:07;INFO]Train | Loss : 0.041377 | ACC : 3150/3150 (100.000%)
[2025-02-21 08:52:07;INFO]Valid | Loss : 0.041608 | ACC : 1350/1350 (100.000%)
[2025-02-21 08:52:07;INFO]      | Loss dropped from 0.042136 to 0.041608, model has been saved!

[2025-02-21 08:52:07;INFO]best epoch: 105, best loss: 0.041608
[2025-02-21 08:52:07;INFO]----------------------------------------------------------------------------------------------------

[2025-02-21 08:52:07;INFO]Current Epoch: 106 / 500 | Learning Rate : 0.00014644660940671305
[2025-02-21 08:52:09;INFO]Train | Loss : 0.041782 | ACC : 3150/3150 (100.000%)
[2025-02-21 08:52:09;INFO]Valid | Loss : 0.043257 | ACC : 1350/1350 (100.000%)
[2025-02-21 08:52:09;INFO]      | Loss didn't drop!

[2025-02-21 08:52:09;INFO]best epoch: 105, best loss: 0.041608
[2025-02-21 08:52:09;INFO]----------------------------------------------------------------------------------------------------

[2025-02-21 08:52:09;INFO]Current Epoch: 107 / 500 | Learning Rate : 0.0004999999999999858
[2025-02-21 08:52:11;INFO]Train | Loss : 0.040666 | ACC : 3150/3150 (100.000%)
[2025-02-21 08:52:11;INFO]Valid | Loss : 0.038235 | ACC : 1350/1350 (100.000%)
[2025-02-21 08:52:11;INFO]      | Loss dropped from 0.041608 to 0.038235, model has been saved!

[2025-02-21 08:52:11;INFO]best epoch: 107, best loss: 0.038235
[2025-02-21 08:52:11;INFO]----------------------------------------------------------------------------------------------------

[2025-02-21 08:52:11;INFO]Current Epoch: 108 / 500 | Learning Rate : 0.0008535533905928404
[2025-02-21 08:52:13;INFO]Train | Loss : 0.039881 | ACC : 3150/3150 (100.000%)
[2025-02-21 08:52:13;INFO]Valid | Loss : 0.039094 | ACC : 1350/1350 (100.000%)
[2025-02-21 08:52:13;INFO]      | Loss didn't drop!

[2025-02-21 08:52:13;INFO]best epoch: 107, best loss: 0.038235
[2025-02-21 08:52:13;INFO]----------------------------------------------------------------------------------------------------

[2025-02-21 08:52:13;INFO]Current Epoch: 109 / 500 | Learning Rate : 0.0
[2025-02-21 08:52:15;INFO]Train | Loss : 0.039051 | ACC : 3150/3150 (100.000%)
[2025-02-21 08:52:16;INFO]Valid | Loss : 0.040583 | ACC : 1350/1350 (100.000%)
[2025-02-21 08:52:16;INFO]      | Loss didn't drop!

[2025-02-21 08:52:16;INFO]best epoch: 107, best loss: 0.038235
[2025-02-21 08:52:16;INFO]----------------------------------------------------------------------------------------------------

[2025-02-21 08:52:16;INFO]Current Epoch: 110 / 500 | Learning Rate : 0.000853553390593719
[2025-02-21 08:52:17;INFO]Train | Loss : 0.039060 | ACC : 3150/3150 (100.000%)
[2025-02-21 08:52:18;INFO]Valid | Loss : 0.038868 | ACC : 1350/1350 (100.000%)
[2025-02-21 08:52:18;INFO]      | Loss didn't drop!

[2025-02-21 08:52:18;INFO]best epoch: 107, best loss: 0.038235
[2025-02-21 08:52:18;INFO]----------------------------------------------------------------------------------------------------

[2025-02-21 08:52:18;INFO]Current Epoch: 111 / 500 | Learning Rate : 0.0005000000000000009
[2025-02-21 08:52:20;INFO]Train | Loss : 0.039370 | ACC : 3150/3150 (100.000%)
[2025-02-21 08:52:20;INFO]Valid | Loss : 0.038634 | ACC : 1350/1350 (100.000%)
[2025-02-21 08:52:20;INFO]      | Loss didn't drop!

[2025-02-21 08:52:20;INFO]best epoch: 107, best loss: 0.038235
[2025-02-21 08:52:20;INFO]----------------------------------------------------------------------------------------------------

[2025-02-21 08:52:20;INFO]Current Epoch: 112 / 500 | Learning Rate : 0.0001464466094067317
[2025-02-21 08:52:22;INFO]Train | Loss : 0.037625 | ACC : 3150/3150 (100.000%)
[2025-02-21 08:52:22;INFO]Valid | Loss : 0.040760 | ACC : 1349/1350 (99.926%)
[2025-02-21 08:52:22;INFO]      | Loss didn't drop!

[2025-02-21 08:52:22;INFO]best epoch: 107, best loss: 0.038235
[2025-02-21 08:52:22;INFO]----------------------------------------------------------------------------------------------------

[2025-02-21 08:52:22;INFO]Current Epoch: 113 / 500 | Learning Rate : 0.0010000000000003333
[2025-02-21 08:52:24;INFO]Train | Loss : 0.037784 | ACC : 3150/3150 (100.000%)
[2025-02-21 08:52:24;INFO]Valid | Loss : 0.037807 | ACC : 1350/1350 (100.000%)
[2025-02-21 08:52:24;INFO]      | Loss dropped from 0.038235 to 0.037807, model has been saved!

[2025-02-21 08:52:24;INFO]best epoch: 113, best loss: 0.037807
[2025-02-21 08:52:24;INFO]----------------------------------------------------------------------------------------------------

[2025-02-21 08:52:24;INFO]Current Epoch: 114 / 500 | Learning Rate : 0.0001464466094067046
[2025-02-21 08:52:26;INFO]Train | Loss : 0.037939 | ACC : 3150/3150 (100.000%)
[2025-02-21 08:52:26;INFO]Valid | Loss : 0.035287 | ACC : 1350/1350 (100.000%)
[2025-02-21 08:52:26;INFO]      | Loss dropped from 0.037807 to 0.035287, model has been saved!

[2025-02-21 08:52:26;INFO]best epoch: 114, best loss: 0.035287
[2025-02-21 08:52:26;INFO]----------------------------------------------------------------------------------------------------

[2025-02-21 08:52:26;INFO]Current Epoch: 115 / 500 | Learning Rate : 0.0004999999999999749
[2025-02-21 08:52:28;INFO]Train | Loss : 0.035801 | ACC : 3150/3150 (100.000%)
[2025-02-21 08:52:29;INFO]Valid | Loss : 0.040486 | ACC : 1350/1350 (100.000%)
[2025-02-21 08:52:29;INFO]      | Loss didn't drop!

[2025-02-21 08:52:29;INFO]best epoch: 114, best loss: 0.035287
[2025-02-21 08:52:29;INFO]----------------------------------------------------------------------------------------------------

[2025-02-21 08:52:29;INFO]Current Epoch: 116 / 500 | Learning Rate : 0.0008535533905940328
[2025-02-21 08:52:30;INFO]Train | Loss : 0.035543 | ACC : 3150/3150 (100.000%)
[2025-02-21 08:52:31;INFO]Valid | Loss : 0.035558 | ACC : 1350/1350 (100.000%)
[2025-02-21 08:52:31;INFO]      | Loss didn't drop!

[2025-02-21 08:52:31;INFO]best epoch: 114, best loss: 0.035287
[2025-02-21 08:52:31;INFO]----------------------------------------------------------------------------------------------------

[2025-02-21 08:52:31;INFO]Current Epoch: 117 / 500 | Learning Rate : 0.0
[2025-02-21 08:52:33;INFO]Train | Loss : 0.036297 | ACC : 3150/3150 (100.000%)
[2025-02-21 08:52:33;INFO]Valid | Loss : 0.035687 | ACC : 1350/1350 (100.000%)
[2025-02-21 08:52:33;INFO]      | Loss didn't drop!

[2025-02-21 08:52:33;INFO]best epoch: 114, best loss: 0.035287
[2025-02-21 08:52:33;INFO]----------------------------------------------------------------------------------------------------

[2025-02-21 08:52:33;INFO]Current Epoch: 118 / 500 | Learning Rate : 0.0008535533905936482
[2025-02-21 08:52:35;INFO]Train | Loss : 0.034374 | ACC : 3150/3150 (100.000%)
[2025-02-21 08:52:35;INFO]Valid | Loss : 0.034146 | ACC : 1350/1350 (100.000%)
[2025-02-21 08:52:35;INFO]      | Loss dropped from 0.035287 to 0.034146, model has been saved!

[2025-02-21 08:52:35;INFO]best epoch: 118, best loss: 0.034146
[2025-02-21 08:52:35;INFO]----------------------------------------------------------------------------------------------------

[2025-02-21 08:52:35;INFO]Current Epoch: 119 / 500 | Learning Rate : 0.0004999999999999676
[2025-02-21 08:52:37;INFO]Train | Loss : 0.035406 | ACC : 3150/3150 (100.000%)
[2025-02-21 08:52:37;INFO]Valid | Loss : 0.037463 | ACC : 1350/1350 (100.000%)
[2025-02-21 08:52:37;INFO]      | Loss didn't drop!

[2025-02-21 08:52:37;INFO]best epoch: 118, best loss: 0.034146
[2025-02-21 08:52:37;INFO]----------------------------------------------------------------------------------------------------

[2025-02-21 08:52:37;INFO]Current Epoch: 120 / 500 | Learning Rate : 0.00014644660940671913
[2025-02-21 08:52:39;INFO]Train | Loss : 0.033679 | ACC : 3150/3150 (100.000%)
[2025-02-21 08:52:39;INFO]Valid | Loss : 0.038397 | ACC : 1350/1350 (100.000%)
[2025-02-21 08:52:39;INFO]      | Loss didn't drop!

[2025-02-21 08:52:39;INFO]best epoch: 118, best loss: 0.034146
[2025-02-21 08:52:39;INFO]----------------------------------------------------------------------------------------------------

[2025-02-21 08:52:39;INFO]Current Epoch: 121 / 500 | Learning Rate : 0.00099999999999954
[2025-02-21 08:52:41;INFO]Train | Loss : 0.033667 | ACC : 3150/3150 (100.000%)
[2025-02-21 08:52:41;INFO]Valid | Loss : 0.032485 | ACC : 1350/1350 (100.000%)
[2025-02-21 08:52:42;INFO]      | Loss dropped from 0.034146 to 0.032485, model has been saved!

[2025-02-21 08:52:42;INFO]best epoch: 121, best loss: 0.032485
[2025-02-21 08:52:42;INFO]----------------------------------------------------------------------------------------------------

[2025-02-21 08:52:42;INFO]Current Epoch: 122 / 500 | Learning Rate : 0.0001464466094068205
[2025-02-21 08:52:43;INFO]Train | Loss : 0.033812 | ACC : 3150/3150 (100.000%)
[2025-02-21 08:52:44;INFO]Valid | Loss : 0.031884 | ACC : 1350/1350 (100.000%)
[2025-02-21 08:52:44;INFO]      | Loss dropped from 0.032485 to 0.031884, model has been saved!

[2025-02-21 08:52:44;INFO]best epoch: 122, best loss: 0.031884
[2025-02-21 08:52:44;INFO]----------------------------------------------------------------------------------------------------

[2025-02-21 08:52:44;INFO]Current Epoch: 123 / 500 | Learning Rate : 0.0005000000000002637
[2025-02-21 08:52:45;INFO]Train | Loss : 0.032884 | ACC : 3150/3150 (100.000%)
[2025-02-21 08:52:46;INFO]Valid | Loss : 0.037669 | ACC : 1349/1350 (99.926%)
[2025-02-21 08:52:46;INFO]      | Loss didn't drop!

[2025-02-21 08:52:46;INFO]best epoch: 122, best loss: 0.031884
[2025-02-21 08:52:46;INFO]----------------------------------------------------------------------------------------------------

[2025-02-21 08:52:46;INFO]Current Epoch: 124 / 500 | Learning Rate : 0.0008535533905933374
[2025-02-21 08:52:48;INFO]Train | Loss : 0.031531 | ACC : 3150/3150 (100.000%)
[2025-02-21 08:52:48;INFO]Valid | Loss : 0.030835 | ACC : 1350/1350 (100.000%)
[2025-02-21 08:52:48;INFO]      | Loss dropped from 0.031884 to 0.030835, model has been saved!

[2025-02-21 08:52:48;INFO]best epoch: 124, best loss: 0.030835
[2025-02-21 08:52:48;INFO]----------------------------------------------------------------------------------------------------

[2025-02-21 08:52:48;INFO]Current Epoch: 125 / 500 | Learning Rate : 0.0
[2025-02-21 08:52:50;INFO]Train | Loss : 0.032513 | ACC : 3150/3150 (100.000%)
[2025-02-21 08:52:50;INFO]Valid | Loss : 0.044228 | ACC : 1347/1350 (99.778%)
[2025-02-21 08:52:50;INFO]      | Loss didn't drop!

[2025-02-21 08:52:50;INFO]best epoch: 124, best loss: 0.030835
[2025-02-21 08:52:50;INFO]----------------------------------------------------------------------------------------------------

[2025-02-21 08:52:50;INFO]Current Epoch: 126 / 500 | Learning Rate : 0.0008535533905929886
[2025-02-21 08:52:52;INFO]Train | Loss : 0.031373 | ACC : 3150/3150 (100.000%)
[2025-02-21 08:52:52;INFO]Valid | Loss : 0.032811 | ACC : 1350/1350 (100.000%)
[2025-02-21 08:52:52;INFO]      | Loss didn't drop!

[2025-02-21 08:52:52;INFO]best epoch: 124, best loss: 0.030835
[2025-02-21 08:52:52;INFO]----------------------------------------------------------------------------------------------------

[2025-02-21 08:52:52;INFO]Current Epoch: 127 / 500 | Learning Rate : 0.000500000000000324
[2025-02-21 08:52:54;INFO]Train | Loss : 0.031921 | ACC : 3150/3150 (100.000%)
[2025-02-21 08:52:54;INFO]Valid | Loss : 0.030802 | ACC : 1350/1350 (100.000%)
[2025-02-21 08:52:54;INFO]      | Loss dropped from 0.030835 to 0.030802, model has been saved!

[2025-02-21 08:52:54;INFO]best epoch: 127, best loss: 0.030802
[2025-02-21 08:52:54;INFO]----------------------------------------------------------------------------------------------------

[2025-02-21 08:52:54;INFO]Current Epoch: 128 / 500 | Learning Rate : 0.0001464466094068323
[2025-02-21 08:52:56;INFO]Train | Loss : 0.031003 | ACC : 3150/3150 (100.000%)
[2025-02-21 08:52:57;INFO]Valid | Loss : 0.032370 | ACC : 1350/1350 (100.000%)
[2025-02-21 08:52:57;INFO]      | Loss didn't drop!

[2025-02-21 08:52:57;INFO]best epoch: 127, best loss: 0.030802
[2025-02-21 08:52:57;INFO]----------------------------------------------------------------------------------------------------

[2025-02-21 08:52:57;INFO]Current Epoch: 129 / 500 | Learning Rate : 0.0010000000000001893
[2025-02-21 08:52:58;INFO]Train | Loss : 0.029797 | ACC : 3150/3150 (100.000%)
[2025-02-21 08:52:59;INFO]Valid | Loss : 0.030224 | ACC : 1350/1350 (100.000%)
[2025-02-21 08:52:59;INFO]      | Loss dropped from 0.030802 to 0.030224, model has been saved!

[2025-02-21 08:52:59;INFO]best epoch: 129, best loss: 0.030224
[2025-02-21 08:52:59;INFO]----------------------------------------------------------------------------------------------------

[2025-02-21 08:52:59;INFO]Current Epoch: 130 / 500 | Learning Rate : 0.00014644660940677187
[2025-02-21 08:53:01;INFO]Train | Loss : 0.028651 | ACC : 3150/3150 (100.000%)
[2025-02-21 08:53:01;INFO]Valid | Loss : 0.029678 | ACC : 1350/1350 (100.000%)
[2025-02-21 08:53:01;INFO]      | Loss dropped from 0.030224 to 0.029678, model has been saved!

[2025-02-21 08:53:01;INFO]best epoch: 130, best loss: 0.029678
[2025-02-21 08:53:01;INFO]----------------------------------------------------------------------------------------------------

[2025-02-21 08:53:01;INFO]Current Epoch: 131 / 500 | Learning Rate : 0.0005000000000002247
[2025-02-21 08:53:03;INFO]Train | Loss : 0.030787 | ACC : 3150/3150 (100.000%)
[2025-02-21 08:53:03;INFO]Valid | Loss : 0.036032 | ACC : 1348/1350 (99.852%)
[2025-02-21 08:53:03;INFO]      | Loss didn't drop!

[2025-02-21 08:53:03;INFO]best epoch: 130, best loss: 0.029678
[2025-02-21 08:53:03;INFO]----------------------------------------------------------------------------------------------------

[2025-02-21 08:53:03;INFO]Current Epoch: 132 / 500 | Learning Rate : 0.0008535533905926543
[2025-02-21 08:53:05;INFO]Train | Loss : 0.028907 | ACC : 3150/3150 (100.000%)
[2025-02-21 08:53:05;INFO]Valid | Loss : 0.028688 | ACC : 1349/1350 (99.926%)
[2025-02-21 08:53:05;INFO]      | Loss dropped from 0.029678 to 0.028688, model has been saved!

[2025-02-21 08:53:05;INFO]best epoch: 132, best loss: 0.028688
[2025-02-21 08:53:05;INFO]----------------------------------------------------------------------------------------------------

[2025-02-21 08:53:05;INFO]Current Epoch: 133 / 500 | Learning Rate : 0.0
[2025-02-21 08:53:07;INFO]Train | Loss : 0.028661 | ACC : 3150/3150 (100.000%)
[2025-02-21 08:53:07;INFO]Valid | Loss : 0.033337 | ACC : 1349/1350 (99.926%)
[2025-02-21 08:53:07;INFO]      | Loss didn't drop!

[2025-02-21 08:53:07;INFO]best epoch: 132, best loss: 0.028688
[2025-02-21 08:53:07;INFO]----------------------------------------------------------------------------------------------------

[2025-02-21 08:53:07;INFO]Current Epoch: 134 / 500 | Learning Rate : 0.0008535533905941366
[2025-02-21 08:53:09;INFO]Train | Loss : 0.028842 | ACC : 3150/3150 (100.000%)
[2025-02-21 08:53:10;INFO]Valid | Loss : 0.029774 | ACC : 1350/1350 (100.000%)
[2025-02-21 08:53:10;INFO]      | Loss didn't drop!

[2025-02-21 08:53:10;INFO]best epoch: 132, best loss: 0.028688
[2025-02-21 08:53:10;INFO]----------------------------------------------------------------------------------------------------

[2025-02-21 08:53:10;INFO]Current Epoch: 135 / 500 | Learning Rate : 0.000499999999999954
[2025-02-21 08:53:11;INFO]Train | Loss : 0.027507 | ACC : 3150/3150 (100.000%)
[2025-02-21 08:53:12;INFO]Valid | Loss : 0.025150 | ACC : 1350/1350 (100.000%)
[2025-02-21 08:53:12;INFO]      | Loss dropped from 0.028688 to 0.025150, model has been saved!

[2025-02-21 08:53:12;INFO]best epoch: 135, best loss: 0.025150
[2025-02-21 08:53:12;INFO]----------------------------------------------------------------------------------------------------

[2025-02-21 08:53:12;INFO]Current Epoch: 136 / 500 | Learning Rate : 0.00014644660940669254
[2025-02-21 08:53:13;INFO]Train | Loss : 0.027564 | ACC : 3150/3150 (100.000%)
[2025-02-21 08:53:14;INFO]Valid | Loss : 0.032944 | ACC : 1347/1350 (99.778%)
[2025-02-21 08:53:14;INFO]      | Loss didn't drop!

[2025-02-21 08:53:14;INFO]best epoch: 135, best loss: 0.025150
[2025-02-21 08:53:14;INFO]----------------------------------------------------------------------------------------------------

[2025-02-21 08:53:14;INFO]Current Epoch: 137 / 500 | Learning Rate : 0.0010000000000001171
[2025-02-21 08:53:16;INFO]Train | Loss : 0.026857 | ACC : 3150/3150 (100.000%)
[2025-02-21 08:53:16;INFO]Valid | Loss : 0.026206 | ACC : 1350/1350 (100.000%)
[2025-02-21 08:53:16;INFO]      | Loss didn't drop!

[2025-02-21 08:53:16;INFO]best epoch: 135, best loss: 0.025150
[2025-02-21 08:53:16;INFO]----------------------------------------------------------------------------------------------------

[2025-02-21 08:53:16;INFO]Current Epoch: 138 / 500 | Learning Rate : 0.00014644660940676333
[2025-02-21 08:53:18;INFO]Train | Loss : 0.026256 | ACC : 3150/3150 (100.000%)
[2025-02-21 08:53:18;INFO]Valid | Loss : 0.028044 | ACC : 1349/1350 (99.926%)
[2025-02-21 08:53:18;INFO]      | Loss didn't drop!

[2025-02-21 08:53:18;INFO]best epoch: 135, best loss: 0.025150
[2025-02-21 08:53:18;INFO]----------------------------------------------------------------------------------------------------

[2025-02-21 08:53:18;INFO]Current Epoch: 139 / 500 | Learning Rate : 0.0005000000000002425
[2025-02-21 08:53:20;INFO]Train | Loss : 0.026815 | ACC : 3150/3150 (100.000%)
[2025-02-21 08:53:20;INFO]Valid | Loss : 0.029696 | ACC : 1350/1350 (100.000%)
[2025-02-21 08:53:20;INFO]      | Loss didn't drop!

[2025-02-21 08:53:20;INFO]best epoch: 135, best loss: 0.025150
[2025-02-21 08:53:20;INFO]----------------------------------------------------------------------------------------------------

[2025-02-21 08:53:20;INFO]Current Epoch: 140 / 500 | Learning Rate : 0.0008535533905938267
[2025-02-21 08:53:22;INFO]Train | Loss : 0.025781 | ACC : 3150/3150 (100.000%)
[2025-02-21 08:53:22;INFO]Valid | Loss : 0.026316 | ACC : 1350/1350 (100.000%)
[2025-02-21 08:53:22;INFO]      | Loss didn't drop!

[2025-02-21 08:53:22;INFO]best epoch: 135, best loss: 0.025150
[2025-02-21 08:53:22;INFO]----------------------------------------------------------------------------------------------------

[2025-02-21 08:53:22;INFO]Current Epoch: 141 / 500 | Learning Rate : 0.0
[2025-02-21 08:53:24;INFO]Train | Loss : 0.025101 | ACC : 3150/3150 (100.000%)
[2025-02-21 08:53:25;INFO]Valid | Loss : 0.025330 | ACC : 1350/1350 (100.000%)
[2025-02-21 08:53:25;INFO]      | Loss didn't drop!

[2025-02-21 08:53:25;INFO]best epoch: 135, best loss: 0.025150
[2025-02-21 08:53:25;INFO]----------------------------------------------------------------------------------------------------

[2025-02-21 08:53:25;INFO]Current Epoch: 142 / 500 | Learning Rate : 0.0008535533905940727
[2025-02-21 08:53:26;INFO]Train | Loss : 0.025004 | ACC : 3150/3150 (100.000%)
[2025-02-21 08:53:27;INFO]Valid | Loss : 0.026855 | ACC : 1350/1350 (100.000%)
[2025-02-21 08:53:27;INFO]      | Loss didn't drop!

[2025-02-21 08:53:27;INFO]best epoch: 135, best loss: 0.025150
[2025-02-21 08:53:27;INFO]----------------------------------------------------------------------------------------------------

[2025-02-21 08:53:27;INFO]Current Epoch: 143 / 500 | Learning Rate : 0.000499999999999864
[2025-02-21 08:53:29;INFO]Train | Loss : 0.024968 | ACC : 3150/3150 (100.000%)
[2025-02-21 08:53:29;INFO]Valid | Loss : 0.023621 | ACC : 1350/1350 (100.000%)
[2025-02-21 08:53:29;INFO]      | Loss dropped from 0.025150 to 0.023621, model has been saved!

[2025-02-21 08:53:29;INFO]best epoch: 143, best loss: 0.023621
[2025-02-21 08:53:29;INFO]----------------------------------------------------------------------------------------------------

[2025-02-21 08:53:29;INFO]Current Epoch: 144 / 500 | Learning Rate : 0.00014644660940667988
[2025-02-21 08:53:31;INFO]Train | Loss : 0.024814 | ACC : 3150/3150 (100.000%)
[2025-02-21 08:53:31;INFO]Valid | Loss : 0.028343 | ACC : 1350/1350 (100.000%)
[2025-02-21 08:53:31;INFO]      | Loss didn't drop!

[2025-02-21 08:53:31;INFO]best epoch: 143, best loss: 0.023621
[2025-02-21 08:53:31;INFO]----------------------------------------------------------------------------------------------------

[2025-02-21 08:53:31;INFO]Current Epoch: 145 / 500 | Learning Rate : 0.0010000000000000362
[2025-02-21 08:53:33;INFO]Train | Loss : 0.024067 | ACC : 3150/3150 (100.000%)
[2025-02-21 08:53:33;INFO]Valid | Loss : 0.023824 | ACC : 1350/1350 (100.000%)
[2025-02-21 08:53:33;INFO]      | Loss didn't drop!

[2025-02-21 08:53:33;INFO]best epoch: 143, best loss: 0.023621
[2025-02-21 08:53:33;INFO]----------------------------------------------------------------------------------------------------

[2025-02-21 08:53:33;INFO]Current Epoch: 146 / 500 | Learning Rate : 0.0001464466094067951
[2025-02-21 08:53:35;INFO]Train | Loss : 0.024075 | ACC : 3150/3150 (100.000%)
[2025-02-21 08:53:35;INFO]Valid | Loss : 0.024432 | ACC : 1350/1350 (100.000%)
[2025-02-21 08:53:35;INFO]      | Loss didn't drop!

[2025-02-21 08:53:35;INFO]best epoch: 143, best loss: 0.023621
[2025-02-21 08:53:35;INFO]----------------------------------------------------------------------------------------------------

[2025-02-21 08:53:35;INFO]Current Epoch: 147 / 500 | Learning Rate : 0.0005000000000001469
[2025-02-21 08:53:37;INFO]Train | Loss : 0.023653 | ACC : 3150/3150 (100.000%)
[2025-02-21 08:53:38;INFO]Valid | Loss : 0.024501 | ACC : 1350/1350 (100.000%)
[2025-02-21 08:53:38;INFO]      | Loss didn't drop!

[2025-02-21 08:53:38;INFO]best epoch: 143, best loss: 0.023621
[2025-02-21 08:53:38;INFO]----------------------------------------------------------------------------------------------------

[2025-02-21 08:53:38;INFO]Current Epoch: 148 / 500 | Learning Rate : 0.0008535533905937675
[2025-02-21 08:53:39;INFO]Train | Loss : 0.023777 | ACC : 3150/3150 (100.000%)
[2025-02-21 08:53:40;INFO]Valid | Loss : 0.022912 | ACC : 1350/1350 (100.000%)
[2025-02-21 08:53:40;INFO]      | Loss dropped from 0.023621 to 0.022912, model has been saved!

[2025-02-21 08:53:40;INFO]best epoch: 148, best loss: 0.022912
[2025-02-21 08:53:40;INFO]----------------------------------------------------------------------------------------------------

[2025-02-21 08:53:40;INFO]Current Epoch: 149 / 500 | Learning Rate : 0.0
[2025-02-21 08:53:41;INFO]Train | Loss : 0.022571 | ACC : 3150/3150 (100.000%)
[2025-02-21 08:53:42;INFO]Valid | Loss : 0.024728 | ACC : 1350/1350 (100.000%)
[2025-02-21 08:53:42;INFO]      | Loss didn't drop!

[2025-02-21 08:53:42;INFO]best epoch: 148, best loss: 0.022912
[2025-02-21 08:53:42;INFO]----------------------------------------------------------------------------------------------------

[2025-02-21 08:53:42;INFO]Current Epoch: 150 / 500 | Learning Rate : 0.0008535533905928101
[2025-02-21 08:53:44;INFO]Train | Loss : 0.022432 | ACC : 3150/3150 (100.000%)
[2025-02-21 08:53:44;INFO]Valid | Loss : 0.022966 | ACC : 1350/1350 (100.000%)
[2025-02-21 08:53:44;INFO]      | Loss didn't drop!

[2025-02-21 08:53:44;INFO]best epoch: 148, best loss: 0.022912
[2025-02-21 08:53:44;INFO]----------------------------------------------------------------------------------------------------

[2025-02-21 08:53:44;INFO]Current Epoch: 151 / 500 | Learning Rate : 0.0005000000000005524
[2025-02-21 08:53:46;INFO]Train | Loss : 0.022768 | ACC : 3150/3150 (100.000%)
[2025-02-21 08:53:46;INFO]Valid | Loss : 0.023560 | ACC : 1350/1350 (100.000%)
[2025-02-21 08:53:46;INFO]      | Loss didn't drop!

[2025-02-21 08:53:46;INFO]best epoch: 148, best loss: 0.022912
[2025-02-21 08:53:46;INFO]----------------------------------------------------------------------------------------------------

[2025-02-21 08:53:46;INFO]Current Epoch: 152 / 500 | Learning Rate : 0.00014644660940691886
[2025-02-21 08:53:48;INFO]Train | Loss : 0.021869 | ACC : 3150/3150 (100.000%)
[2025-02-21 08:53:48;INFO]Valid | Loss : 0.022408 | ACC : 1350/1350 (100.000%)
[2025-02-21 08:53:48;INFO]      | Loss dropped from 0.022912 to 0.022408, model has been saved!

[2025-02-21 08:53:48;INFO]best epoch: 152, best loss: 0.022408
[2025-02-21 08:53:48;INFO]----------------------------------------------------------------------------------------------------

[2025-02-21 08:53:48;INFO]Current Epoch: 153 / 500 | Learning Rate : 0.000999999999999964
[2025-02-21 08:53:50;INFO]Train | Loss : 0.022177 | ACC : 3150/3150 (100.000%)
[2025-02-21 08:53:50;INFO]Valid | Loss : 0.022053 | ACC : 1350/1350 (100.000%)
[2025-02-21 08:53:50;INFO]      | Loss dropped from 0.022408 to 0.022053, model has been saved!

[2025-02-21 08:53:50;INFO]best epoch: 153, best loss: 0.022053
[2025-02-21 08:53:50;INFO]----------------------------------------------------------------------------------------------------

[2025-02-21 08:53:50;INFO]Current Epoch: 154 / 500 | Learning Rate : 0.00014644660940674504
[2025-02-21 08:53:52;INFO]Train | Loss : 0.021704 | ACC : 3150/3150 (100.000%)
[2025-02-21 08:53:53;INFO]Valid | Loss : 0.019423 | ACC : 1350/1350 (100.000%)
[2025-02-21 08:53:53;INFO]      | Loss dropped from 0.022053 to 0.019423, model has been saved!

[2025-02-21 08:53:53;INFO]best epoch: 154, best loss: 0.019423
[2025-02-21 08:53:53;INFO]----------------------------------------------------------------------------------------------------

[2025-02-21 08:53:53;INFO]Current Epoch: 155 / 500 | Learning Rate : 0.0005000000000001031
[2025-02-21 08:53:54;INFO]Train | Loss : 0.020831 | ACC : 3150/3150 (100.000%)
[2025-02-21 08:53:55;INFO]Valid | Loss : 0.026831 | ACC : 1350/1350 (100.000%)
[2025-02-21 08:53:55;INFO]      | Loss didn't drop!

[2025-02-21 08:53:55;INFO]best epoch: 154, best loss: 0.019423
[2025-02-21 08:53:55;INFO]----------------------------------------------------------------------------------------------------

[2025-02-21 08:53:55;INFO]Current Epoch: 156 / 500 | Learning Rate : 0.0008535533905937077
[2025-02-21 08:53:57;INFO]Train | Loss : 0.021012 | ACC : 3150/3150 (100.000%)
[2025-02-21 08:53:57;INFO]Valid | Loss : 0.020880 | ACC : 1350/1350 (100.000%)
[2025-02-21 08:53:57;INFO]      | Loss didn't drop!

[2025-02-21 08:53:57;INFO]best epoch: 154, best loss: 0.019423
[2025-02-21 08:53:57;INFO]----------------------------------------------------------------------------------------------------

[2025-02-21 08:53:57;INFO]Current Epoch: 157 / 500 | Learning Rate : 0.0
[2025-02-21 08:53:59;INFO]Train | Loss : 0.020582 | ACC : 3150/3150 (100.000%)
[2025-02-21 08:53:59;INFO]Valid | Loss : 0.023694 | ACC : 1350/1350 (100.000%)
[2025-02-21 08:53:59;INFO]      | Loss didn't drop!

[2025-02-21 08:53:59;INFO]best epoch: 154, best loss: 0.019423
[2025-02-21 08:53:59;INFO]----------------------------------------------------------------------------------------------------

[2025-02-21 08:53:59;INFO]Current Epoch: 158 / 500 | Learning Rate : 0.0008535533905939376
[2025-02-21 08:54:01;INFO]Train | Loss : 0.020959 | ACC : 3150/3150 (100.000%)
[2025-02-21 08:54:01;INFO]Valid | Loss : 0.022581 | ACC : 1350/1350 (100.000%)
[2025-02-21 08:54:01;INFO]      | Loss didn't drop!

[2025-02-21 08:54:01;INFO]best epoch: 154, best loss: 0.019423
[2025-02-21 08:54:01;INFO]----------------------------------------------------------------------------------------------------

[2025-02-21 08:54:01;INFO]Current Epoch: 159 / 500 | Learning Rate : 0.0005000000000005147
[2025-02-21 08:54:03;INFO]Train | Loss : 0.021086 | ACC : 3150/3150 (100.000%)
[2025-02-21 08:54:03;INFO]Valid | Loss : 0.019388 | ACC : 1350/1350 (100.000%)
[2025-02-21 08:54:03;INFO]      | Loss dropped from 0.019423 to 0.019388, model has been saved!

[2025-02-21 08:54:03;INFO]best epoch: 159, best loss: 0.019388
[2025-02-21 08:54:03;INFO]----------------------------------------------------------------------------------------------------

[2025-02-21 08:54:03;INFO]Current Epoch: 160 / 500 | Learning Rate : 0.0001464466094069048
[2025-02-21 08:54:05;INFO]Train | Loss : 0.020339 | ACC : 3150/3150 (100.000%)
[2025-02-21 08:54:06;INFO]Valid | Loss : 0.024125 | ACC : 1350/1350 (100.000%)
[2025-02-21 08:54:06;INFO]      | Loss didn't drop!

[2025-02-21 08:54:06;INFO]best epoch: 159, best loss: 0.019388
[2025-02-21 08:54:06;INFO]----------------------------------------------------------------------------------------------------

[2025-02-21 08:54:06;INFO]Current Epoch: 161 / 500 | Learning Rate : 0.0009999999999998918
[2025-02-21 08:54:07;INFO]Train | Loss : 0.019806 | ACC : 3150/3150 (100.000%)
[2025-02-21 08:54:08;INFO]Valid | Loss : 0.019142 | ACC : 1350/1350 (100.000%)
[2025-02-21 08:54:08;INFO]      | Loss dropped from 0.019388 to 0.019142, model has been saved!

[2025-02-21 08:54:08;INFO]best epoch: 161, best loss: 0.019142
[2025-02-21 08:54:08;INFO]----------------------------------------------------------------------------------------------------

[2025-02-21 08:54:08;INFO]Current Epoch: 162 / 500 | Learning Rate : 0.00014644660940673664
[2025-02-21 08:54:09;INFO]Train | Loss : 0.019755 | ACC : 3150/3150 (100.000%)
[2025-02-21 08:54:10;INFO]Valid | Loss : 0.025539 | ACC : 1349/1350 (99.926%)
[2025-02-21 08:54:10;INFO]      | Loss didn't drop!

[2025-02-21 08:54:10;INFO]best epoch: 161, best loss: 0.019142
[2025-02-21 08:54:10;INFO]----------------------------------------------------------------------------------------------------

[2025-02-21 08:54:10;INFO]Current Epoch: 163 / 500 | Learning Rate : 0.0005000000000001212
[2025-02-21 08:54:12;INFO]Train | Loss : 0.019367 | ACC : 3150/3150 (100.000%)
[2025-02-21 08:54:12;INFO]Valid | Loss : 0.018856 | ACC : 1350/1350 (100.000%)
[2025-02-21 08:54:12;INFO]      | Loss dropped from 0.019142 to 0.018856, model has been saved!

[2025-02-21 08:54:12;INFO]best epoch: 163, best loss: 0.018856
[2025-02-21 08:54:12;INFO]----------------------------------------------------------------------------------------------------

[2025-02-21 08:54:12;INFO]Current Epoch: 164 / 500 | Learning Rate : 0.0008535533905936401
[2025-02-21 08:54:14;INFO]Train | Loss : 0.019600 | ACC : 3150/3150 (100.000%)
[2025-02-21 08:54:14;INFO]Valid | Loss : 0.019896 | ACC : 1350/1350 (100.000%)
[2025-02-21 08:54:14;INFO]      | Loss didn't drop!

[2025-02-21 08:54:14;INFO]best epoch: 163, best loss: 0.018856
[2025-02-21 08:54:14;INFO]----------------------------------------------------------------------------------------------------

[2025-02-21 08:54:14;INFO]Current Epoch: 165 / 500 | Learning Rate : 0.0
[2025-02-21 08:54:16;INFO]Train | Loss : 0.019164 | ACC : 3150/3150 (100.000%)
[2025-02-21 08:54:16;INFO]Valid | Loss : 0.022945 | ACC : 1348/1350 (99.852%)
[2025-02-21 08:54:16;INFO]      | Loss didn't drop!

[2025-02-21 08:54:16;INFO]best epoch: 163, best loss: 0.018856
[2025-02-21 08:54:16;INFO]----------------------------------------------------------------------------------------------------

[2025-02-21 08:54:16;INFO]Current Epoch: 166 / 500 | Learning Rate : 0.0008535533905938744
[2025-02-21 08:54:18;INFO]Train | Loss : 0.018610 | ACC : 3150/3150 (100.000%)
[2025-02-21 08:54:18;INFO]Valid | Loss : 0.019165 | ACC : 1350/1350 (100.000%)
[2025-02-21 08:54:18;INFO]      | Loss didn't drop!

[2025-02-21 08:54:18;INFO]best epoch: 163, best loss: 0.018856
[2025-02-21 08:54:18;INFO]----------------------------------------------------------------------------------------------------

[2025-02-21 08:54:18;INFO]Current Epoch: 167 / 500 | Learning Rate : 0.0004999999999997599
[2025-02-21 08:54:20;INFO]Train | Loss : 0.018268 | ACC : 3150/3150 (100.000%)
[2025-02-21 08:54:21;INFO]Valid | Loss : 0.018508 | ACC : 1350/1350 (100.000%)
[2025-02-21 08:54:21;INFO]      | Loss dropped from 0.018856 to 0.018508, model has been saved!

[2025-02-21 08:54:21;INFO]best epoch: 167, best loss: 0.018508
[2025-02-21 08:54:21;INFO]----------------------------------------------------------------------------------------------------

[2025-02-21 08:54:21;INFO]Current Epoch: 168 / 500 | Learning Rate : 0.0001464466094066406
[2025-02-21 08:54:22;INFO]Train | Loss : 0.017999 | ACC : 3150/3150 (100.000%)
[2025-02-21 08:54:23;INFO]Valid | Loss : 0.023433 | ACC : 1350/1350 (100.000%)
[2025-02-21 08:54:23;INFO]      | Loss didn't drop!

[2025-02-21 08:54:23;INFO]best epoch: 167, best loss: 0.018508
[2025-02-21 08:54:23;INFO]----------------------------------------------------------------------------------------------------

[2025-02-21 08:54:23;INFO]Current Epoch: 169 / 500 | Learning Rate : 0.0009999999999998107
[2025-02-21 08:54:25;INFO]Train | Loss : 0.018377 | ACC : 3150/3150 (100.000%)
[2025-02-21 08:54:25;INFO]Valid | Loss : 0.018231 | ACC : 1350/1350 (100.000%)
[2025-02-21 08:54:25;INFO]      | Loss dropped from 0.018508 to 0.018231, model has been saved!

[2025-02-21 08:54:25;INFO]best epoch: 169, best loss: 0.018231
[2025-02-21 08:54:25;INFO]----------------------------------------------------------------------------------------------------

[2025-02-21 08:54:25;INFO]Current Epoch: 170 / 500 | Learning Rate : 0.0001464466094067281
[2025-02-21 08:54:27;INFO]Train | Loss : 0.017725 | ACC : 3150/3150 (100.000%)
[2025-02-21 08:54:27;INFO]Valid | Loss : 0.016464 | ACC : 1350/1350 (100.000%)
[2025-02-21 08:54:27;INFO]      | Loss dropped from 0.018231 to 0.016464, model has been saved!

[2025-02-21 08:54:27;INFO]best epoch: 170, best loss: 0.016464
[2025-02-21 08:54:27;INFO]----------------------------------------------------------------------------------------------------

[2025-02-21 08:54:27;INFO]Current Epoch: 171 / 500 | Learning Rate : 0.0005000000000000823
[2025-02-21 08:54:29;INFO]Train | Loss : 0.017604 | ACC : 3150/3150 (100.000%)
[2025-02-21 08:54:29;INFO]Valid | Loss : 0.025087 | ACC : 1350/1350 (100.000%)
[2025-02-21 08:54:29;INFO]      | Loss didn't drop!

[2025-02-21 08:54:29;INFO]best epoch: 170, best loss: 0.016464
[2025-02-21 08:54:29;INFO]----------------------------------------------------------------------------------------------------

[2025-02-21 08:54:29;INFO]Current Epoch: 172 / 500 | Learning Rate : 0.0008535533905935405
[2025-02-21 08:54:31;INFO]Train | Loss : 0.018709 | ACC : 3150/3150 (100.000%)
[2025-02-21 08:54:31;INFO]Valid | Loss : 0.162976 | ACC : 1328/1350 (98.370%)
[2025-02-21 08:54:31;INFO]      | Loss didn't drop!

[2025-02-21 08:54:31;INFO]best epoch: 170, best loss: 0.016464
[2025-02-21 08:54:31;INFO]----------------------------------------------------------------------------------------------------

[2025-02-21 08:54:31;INFO]Current Epoch: 173 / 500 | Learning Rate : 0.0
[2025-02-21 08:54:33;INFO]Train | Loss : 0.018266 | ACC : 3150/3150 (100.000%)
[2025-02-21 08:54:34;INFO]Valid | Loss : 0.224453 | ACC : 1249/1350 (92.519%)
[2025-02-21 08:54:34;INFO]      | Loss didn't drop!

[2025-02-21 08:54:34;INFO]best epoch: 170, best loss: 0.016464
[2025-02-21 08:54:34;INFO]----------------------------------------------------------------------------------------------------

[2025-02-21 08:54:34;INFO]Current Epoch: 174 / 500 | Learning Rate : 0.0008535533905938505
[2025-02-21 08:54:35;INFO]Train | Loss : 0.017745 | ACC : 3150/3150 (100.000%)
[2025-02-21 08:54:36;INFO]Valid | Loss : 0.049713 | ACC : 1341/1350 (99.333%)
[2025-02-21 08:54:36;INFO]      | Loss didn't drop!

[2025-02-21 08:54:36;INFO]best epoch: 170, best loss: 0.016464
[2025-02-21 08:54:36;INFO]----------------------------------------------------------------------------------------------------

[2025-02-21 08:54:36;INFO]Current Epoch: 175 / 500 | Learning Rate : 0.0005000000000004482
[2025-02-21 08:54:38;INFO]Train | Loss : 0.017713 | ACC : 3150/3150 (100.000%)
[2025-02-21 08:54:38;INFO]Valid | Loss : 0.017736 | ACC : 1350/1350 (100.000%)
[2025-02-21 08:54:38;INFO]      | Loss didn't drop!

[2025-02-21 08:54:38;INFO]best epoch: 170, best loss: 0.016464
[2025-02-21 08:54:38;INFO]----------------------------------------------------------------------------------------------------

[2025-02-21 08:54:38;INFO]Current Epoch: 176 / 500 | Learning Rate : 0.00014644660940687945
[2025-02-21 08:54:40;INFO]Train | Loss : 0.017254 | ACC : 3150/3150 (100.000%)
[2025-02-21 08:54:40;INFO]Valid | Loss : 0.042300 | ACC : 1347/1350 (99.778%)
[2025-02-21 08:54:40;INFO]      | Loss didn't drop!

[2025-02-21 08:54:40;INFO]best epoch: 170, best loss: 0.016464
[2025-02-21 08:54:40;INFO]----------------------------------------------------------------------------------------------------

[2025-02-21 08:54:40;INFO]Current Epoch: 177 / 500 | Learning Rate : 0.001000000000001181
[2025-02-21 08:54:42;INFO]Train | Loss : 0.015908 | ACC : 3150/3150 (100.000%)
[2025-02-21 08:54:42;INFO]Valid | Loss : 0.016513 | ACC : 1350/1350 (100.000%)
[2025-02-21 08:54:42;INFO]      | Loss didn't drop!

[2025-02-21 08:54:42;INFO]best epoch: 170, best loss: 0.016464
[2025-02-21 08:54:42;INFO]----------------------------------------------------------------------------------------------------

[2025-02-21 08:54:42;INFO]Current Epoch: 178 / 500 | Learning Rate : 0.00014644660940671834
[2025-02-21 08:54:44;INFO]Train | Loss : 0.016088 | ACC : 3150/3150 (100.000%)
[2025-02-21 08:54:44;INFO]Valid | Loss : 0.017438 | ACC : 1350/1350 (100.000%)
[2025-02-21 08:54:44;INFO]      | Loss didn't drop!

[2025-02-21 08:54:44;INFO]best epoch: 170, best loss: 0.016464
[2025-02-21 08:54:44;INFO]----------------------------------------------------------------------------------------------------

[2025-02-21 08:54:44;INFO]Current Epoch: 179 / 500 | Learning Rate : 0.0004999999999999818
[2025-02-21 08:54:46;INFO]Train | Loss : 0.015765 | ACC : 3150/3150 (100.000%)
[2025-02-21 08:54:46;INFO]Valid | Loss : 0.017123 | ACC : 1350/1350 (100.000%)
[2025-02-21 08:54:46;INFO]      | Loss didn't drop!

[2025-02-21 08:54:46;INFO]best epoch: 170, best loss: 0.016464
[2025-02-21 08:54:46;INFO]----------------------------------------------------------------------------------------------------

[2025-02-21 08:54:46;INFO]Current Epoch: 180 / 500 | Learning Rate : 0.0008535533905935213
[2025-02-21 08:54:48;INFO]Train | Loss : 0.015342 | ACC : 3150/3150 (100.000%)
[2025-02-21 08:54:49;INFO]Valid | Loss : 0.016428 | ACC : 1350/1350 (100.000%)
[2025-02-21 08:54:49;INFO]      | Loss dropped from 0.016464 to 0.016428, model has been saved!

[2025-02-21 08:54:49;INFO]best epoch: 180, best loss: 0.016428
[2025-02-21 08:54:49;INFO]----------------------------------------------------------------------------------------------------

[2025-02-21 08:54:49;INFO]Current Epoch: 181 / 500 | Learning Rate : 0.0
[2025-02-21 08:54:50;INFO]Train | Loss : 0.015734 | ACC : 3150/3150 (100.000%)
[2025-02-21 08:54:51;INFO]Valid | Loss : 0.018359 | ACC : 1350/1350 (100.000%)
[2025-02-21 08:54:51;INFO]      | Loss didn't drop!

[2025-02-21 08:54:51;INFO]best epoch: 180, best loss: 0.016428
[2025-02-21 08:54:51;INFO]----------------------------------------------------------------------------------------------------

[2025-02-21 08:54:51;INFO]Current Epoch: 182 / 500 | Learning Rate : 0.0008535533905937797
[2025-02-21 08:54:53;INFO]Train | Loss : 0.015576 | ACC : 3150/3150 (100.000%)
[2025-02-21 08:54:53;INFO]Valid | Loss : 0.015742 | ACC : 1350/1350 (100.000%)
[2025-02-21 08:54:53;INFO]      | Loss dropped from 0.016428 to 0.015742, model has been saved!

[2025-02-21 08:54:53;INFO]best epoch: 182, best loss: 0.015742
[2025-02-21 08:54:53;INFO]----------------------------------------------------------------------------------------------------

[2025-02-21 08:54:53;INFO]Current Epoch: 183 / 500 | Learning Rate : 0.000500000000000415
[2025-02-21 08:54:55;INFO]Train | Loss : 0.015255 | ACC : 3150/3150 (100.000%)
[2025-02-21 08:54:55;INFO]Valid | Loss : 0.015204 | ACC : 1350/1350 (100.000%)
[2025-02-21 08:54:55;INFO]      | Loss dropped from 0.015742 to 0.015204, model has been saved!

[2025-02-21 08:54:55;INFO]best epoch: 183, best loss: 0.015204
[2025-02-21 08:54:55;INFO]----------------------------------------------------------------------------------------------------

[2025-02-21 08:54:55;INFO]Current Epoch: 184 / 500 | Learning Rate : 0.00014644660940686682
[2025-02-21 08:54:57;INFO]Train | Loss : 0.014527 | ACC : 3150/3150 (100.000%)
[2025-02-21 08:54:57;INFO]Valid | Loss : 0.015007 | ACC : 1350/1350 (100.000%)
[2025-02-21 08:54:57;INFO]      | Loss dropped from 0.015204 to 0.015007, model has been saved!

[2025-02-21 08:54:57;INFO]best epoch: 184, best loss: 0.015007
[2025-02-21 08:54:57;INFO]----------------------------------------------------------------------------------------------------

[2025-02-21 08:54:57;INFO]Current Epoch: 185 / 500 | Learning Rate : 0.0009999999999996665
[2025-02-21 08:54:59;INFO]Train | Loss : 0.014817 | ACC : 3150/3150 (100.000%)
[2025-02-21 08:54:59;INFO]Valid | Loss : 0.015543 | ACC : 1350/1350 (100.000%)
[2025-02-21 08:54:59;INFO]      | Loss didn't drop!

[2025-02-21 08:54:59;INFO]best epoch: 184, best loss: 0.015007
[2025-02-21 08:54:59;INFO]----------------------------------------------------------------------------------------------------

[2025-02-21 08:54:59;INFO]Current Epoch: 186 / 500 | Learning Rate : 0.0001464466094067098
[2025-02-21 08:55:01;INFO]Train | Loss : 0.014545 | ACC : 3150/3150 (100.000%)
[2025-02-21 08:55:02;INFO]Valid | Loss : 0.015125 | ACC : 1350/1350 (100.000%)
[2025-02-21 08:55:02;INFO]      | Loss didn't drop!

[2025-02-21 08:55:02;INFO]best epoch: 184, best loss: 0.015007
[2025-02-21 08:55:02;INFO]----------------------------------------------------------------------------------------------------

[2025-02-21 08:55:02;INFO]Current Epoch: 187 / 500 | Learning Rate : 0.0004999999999999995
[2025-02-21 08:55:03;INFO]Train | Loss : 0.014446 | ACC : 3150/3150 (100.000%)
[2025-02-21 08:55:04;INFO]Valid | Loss : 0.016388 | ACC : 1349/1350 (99.926%)
[2025-02-21 08:55:04;INFO]      | Loss didn't drop!

[2025-02-21 08:55:04;INFO]best epoch: 184, best loss: 0.015007
[2025-02-21 08:55:04;INFO]----------------------------------------------------------------------------------------------------

[2025-02-21 08:55:04;INFO]Current Epoch: 188 / 500 | Learning Rate : 0.0008535533905934617
[2025-02-21 08:55:06;INFO]Train | Loss : 0.014447 | ACC : 3150/3150 (100.000%)
[2025-02-21 08:55:06;INFO]Valid | Loss : 0.014810 | ACC : 1350/1350 (100.000%)
[2025-02-21 08:55:06;INFO]      | Loss dropped from 0.015007 to 0.014810, model has been saved!

[2025-02-21 08:55:06;INFO]best epoch: 188, best loss: 0.014810
[2025-02-21 08:55:06;INFO]----------------------------------------------------------------------------------------------------

[2025-02-21 08:55:06;INFO]Current Epoch: 189 / 500 | Learning Rate : 0.0
[2025-02-21 08:55:08;INFO]Train | Loss : 0.013852 | ACC : 3150/3150 (100.000%)
[2025-02-21 08:55:08;INFO]Valid | Loss : 0.014581 | ACC : 1350/1350 (100.000%)
[2025-02-21 08:55:08;INFO]      | Loss dropped from 0.014810 to 0.014581, model has been saved!

[2025-02-21 08:55:08;INFO]best epoch: 189, best loss: 0.014581
[2025-02-21 08:55:08;INFO]----------------------------------------------------------------------------------------------------

[2025-02-21 08:55:08;INFO]Current Epoch: 190 / 500 | Learning Rate : 0.0008535533905936753
[2025-02-21 08:55:10;INFO]Train | Loss : 0.013322 | ACC : 3150/3150 (100.000%)
[2025-02-21 08:55:10;INFO]Valid | Loss : 0.015545 | ACC : 1350/1350 (100.000%)
[2025-02-21 08:55:10;INFO]      | Loss didn't drop!

[2025-02-21 08:55:10;INFO]best epoch: 189, best loss: 0.014581
[2025-02-21 08:55:10;INFO]----------------------------------------------------------------------------------------------------

[2025-02-21 08:55:10;INFO]Current Epoch: 191 / 500 | Learning Rate : 0.0005000000000003773
[2025-02-21 08:55:12;INFO]Train | Loss : 0.014301 | ACC : 3150/3150 (100.000%)
[2025-02-21 08:55:12;INFO]Valid | Loss : 0.014151 | ACC : 1350/1350 (100.000%)
[2025-02-21 08:55:12;INFO]      | Loss dropped from 0.014581 to 0.014151, model has been saved!

[2025-02-21 08:55:12;INFO]best epoch: 191, best loss: 0.014151
[2025-02-21 08:55:12;INFO]----------------------------------------------------------------------------------------------------

[2025-02-21 08:55:12;INFO]Current Epoch: 192 / 500 | Learning Rate : 0.00014644660940685286
[2025-02-21 08:55:14;INFO]Train | Loss : 0.013154 | ACC : 3150/3150 (100.000%)
[2025-02-21 08:55:14;INFO]Valid | Loss : 0.014987 | ACC : 1350/1350 (100.000%)
[2025-02-21 08:55:14;INFO]      | Loss didn't drop!

[2025-02-21 08:55:14;INFO]best epoch: 191, best loss: 0.014151
[2025-02-21 08:55:14;INFO]----------------------------------------------------------------------------------------------------

[2025-02-21 08:55:14;INFO]Current Epoch: 193 / 500 | Learning Rate : 0.0009999999999995943
[2025-02-21 08:55:16;INFO]Train | Loss : 0.013416 | ACC : 3150/3150 (100.000%)
[2025-02-21 08:55:17;INFO]Valid | Loss : 0.013999 | ACC : 1350/1350 (100.000%)
[2025-02-21 08:55:17;INFO]      | Loss dropped from 0.014151 to 0.013999, model has been saved!

[2025-02-21 08:55:17;INFO]best epoch: 193, best loss: 0.013999
[2025-02-21 08:55:17;INFO]----------------------------------------------------------------------------------------------------

[2025-02-21 08:55:17;INFO]Current Epoch: 194 / 500 | Learning Rate : 0.00014644660940691263
[2025-02-21 08:55:18;INFO]Train | Loss : 0.013367 | ACC : 3150/3150 (100.000%)
[2025-02-21 08:55:19;INFO]Valid | Loss : 0.013404 | ACC : 1350/1350 (100.000%)
[2025-02-21 08:55:19;INFO]      | Loss dropped from 0.013999 to 0.013404, model has been saved!

[2025-02-21 08:55:19;INFO]best epoch: 194, best loss: 0.013404
[2025-02-21 08:55:19;INFO]----------------------------------------------------------------------------------------------------

[2025-02-21 08:55:19;INFO]Current Epoch: 195 / 500 | Learning Rate : 0.0005000000000006822
[2025-02-21 08:55:21;INFO]Train | Loss : 0.013174 | ACC : 3150/3150 (100.000%)
[2025-02-21 08:55:21;INFO]Valid | Loss : 0.015652 | ACC : 1349/1350 (99.926%)
[2025-02-21 08:55:21;INFO]      | Loss didn't drop!

[2025-02-21 08:55:21;INFO]best epoch: 194, best loss: 0.013404
[2025-02-21 08:55:21;INFO]----------------------------------------------------------------------------------------------------

[2025-02-21 08:55:21;INFO]Current Epoch: 196 / 500 | Learning Rate : 0.0008535533905933947
[2025-02-21 08:55:23;INFO]Train | Loss : 0.012932 | ACC : 3150/3150 (100.000%)
[2025-02-21 08:55:23;INFO]Valid | Loss : 0.013715 | ACC : 1349/1350 (99.926%)
[2025-02-21 08:55:23;INFO]      | Loss didn't drop!

[2025-02-21 08:55:23;INFO]best epoch: 194, best loss: 0.013404
[2025-02-21 08:55:23;INFO]----------------------------------------------------------------------------------------------------

[2025-02-21 08:55:23;INFO]Current Epoch: 197 / 500 | Learning Rate : 0.0
[2025-02-21 08:55:25;INFO]Train | Loss : 0.012720 | ACC : 3150/3150 (100.000%)
[2025-02-21 08:55:25;INFO]Valid | Loss : 0.012694 | ACC : 1350/1350 (100.000%)
[2025-02-21 08:55:25;INFO]      | Loss dropped from 0.013404 to 0.012694, model has been saved!

[2025-02-21 08:55:25;INFO]best epoch: 197, best loss: 0.012694
[2025-02-21 08:55:25;INFO]----------------------------------------------------------------------------------------------------

[2025-02-21 08:55:25;INFO]Current Epoch: 198 / 500 | Learning Rate : 0.0008535533905936523
[2025-02-21 08:55:27;INFO]Train | Loss : 0.012751 | ACC : 3150/3150 (100.000%)
[2025-02-21 08:55:27;INFO]Valid | Loss : 0.013561 | ACC : 1350/1350 (100.000%)
[2025-02-21 08:55:27;INFO]      | Loss didn't drop!

[2025-02-21 08:55:27;INFO]best epoch: 197, best loss: 0.012694
[2025-02-21 08:55:27;INFO]----------------------------------------------------------------------------------------------------

[2025-02-21 08:55:27;INFO]Current Epoch: 199 / 500 | Learning Rate : 0.0004999999999996229
[2025-02-21 08:55:29;INFO]Train | Loss : 0.012682 | ACC : 3150/3150 (100.000%)
[2025-02-21 08:55:30;INFO]Valid | Loss : 0.013804 | ACC : 1350/1350 (100.000%)
[2025-02-21 08:55:30;INFO]      | Loss didn't drop!

[2025-02-21 08:55:30;INFO]best epoch: 197, best loss: 0.012694
[2025-02-21 08:55:30;INFO]----------------------------------------------------------------------------------------------------

[2025-02-21 08:55:30;INFO]Current Epoch: 200 / 500 | Learning Rate : 0.0001464466094066288
[2025-02-21 08:55:31;INFO]Train | Loss : 0.012084 | ACC : 3150/3150 (100.000%)
[2025-02-21 08:55:32;INFO]Valid | Loss : 0.013374 | ACC : 1350/1350 (100.000%)
[2025-02-21 08:55:32;INFO]      | Loss didn't drop!

[2025-02-21 08:55:32;INFO]best epoch: 197, best loss: 0.012694
[2025-02-21 08:55:32;INFO]----------------------------------------------------------------------------------------------------

[2025-02-21 08:55:32;INFO]Current Epoch: 201 / 500 | Learning Rate : 0.001000000000000956
[2025-02-21 08:55:34;INFO]Train | Loss : 0.012873 | ACC : 3150/3150 (100.000%)
[2025-02-21 08:55:34;INFO]Valid | Loss : 0.012567 | ACC : 1350/1350 (100.000%)
[2025-02-21 08:55:34;INFO]      | Loss dropped from 0.012694 to 0.012567, model has been saved!

[2025-02-21 08:55:34;INFO]best epoch: 201, best loss: 0.012567
[2025-02-21 08:55:34;INFO]----------------------------------------------------------------------------------------------------

[2025-02-21 08:55:34;INFO]Current Epoch: 202 / 500 | Learning Rate : 0.00014644660940669286
[2025-02-21 08:55:36;INFO]Train | Loss : 0.012077 | ACC : 3150/3150 (100.000%)
[2025-02-21 08:55:36;INFO]Valid | Loss : 0.014069 | ACC : 1350/1350 (100.000%)
[2025-02-21 08:55:36;INFO]      | Loss didn't drop!

[2025-02-21 08:55:36;INFO]best epoch: 201, best loss: 0.012567
[2025-02-21 08:55:36;INFO]----------------------------------------------------------------------------------------------------

[2025-02-21 08:55:36;INFO]Current Epoch: 203 / 500 | Learning Rate : 0.0004999999999999215
[2025-02-21 08:55:38;INFO]Train | Loss : 0.011787 | ACC : 3150/3150 (100.000%)
[2025-02-21 08:55:38;INFO]Valid | Loss : 0.012469 | ACC : 1348/1350 (99.852%)
[2025-02-21 08:55:38;INFO]      | Loss dropped from 0.012567 to 0.012469, model has been saved!

[2025-02-21 08:55:38;INFO]best epoch: 203, best loss: 0.012469
[2025-02-21 08:55:38;INFO]----------------------------------------------------------------------------------------------------

[2025-02-21 08:55:38;INFO]Current Epoch: 204 / 500 | Learning Rate : 0.0008535533905932949
[2025-02-21 08:55:40;INFO]Train | Loss : 0.011477 | ACC : 3150/3150 (100.000%)
[2025-02-21 08:55:40;INFO]Valid | Loss : 0.012061 | ACC : 1350/1350 (100.000%)
[2025-02-21 08:55:40;INFO]      | Loss dropped from 0.012469 to 0.012061, model has been saved!

[2025-02-21 08:55:40;INFO]best epoch: 204, best loss: 0.012061
[2025-02-21 08:55:40;INFO]----------------------------------------------------------------------------------------------------

[2025-02-21 08:55:40;INFO]Current Epoch: 205 / 500 | Learning Rate : 0.0
[2025-02-21 08:55:42;INFO]Train | Loss : 0.011439 | ACC : 3150/3150 (100.000%)
[2025-02-21 08:55:43;INFO]Valid | Loss : 0.013059 | ACC : 1350/1350 (100.000%)
[2025-02-21 08:55:43;INFO]      | Loss didn't drop!

[2025-02-21 08:55:43;INFO]best epoch: 204, best loss: 0.012061
[2025-02-21 08:55:43;INFO]----------------------------------------------------------------------------------------------------

[2025-02-21 08:55:43;INFO]Current Epoch: 206 / 500 | Learning Rate : 0.0008535533905935807
[2025-02-21 08:55:44;INFO]Train | Loss : 0.011730 | ACC : 3150/3150 (100.000%)
[2025-02-21 08:55:45;INFO]Valid | Loss : 0.011927 | ACC : 1350/1350 (100.000%)
[2025-02-21 08:55:45;INFO]      | Loss dropped from 0.012061 to 0.011927, model has been saved!

[2025-02-21 08:55:45;INFO]best epoch: 206, best loss: 0.011927
[2025-02-21 08:55:45;INFO]----------------------------------------------------------------------------------------------------

[2025-02-21 08:55:45;INFO]Current Epoch: 207 / 500 | Learning Rate : 0.0005000000000003113
[2025-02-21 08:55:47;INFO]Train | Loss : 0.011465 | ACC : 3150/3150 (100.000%)
[2025-02-21 08:55:47;INFO]Valid | Loss : 0.013472 | ACC : 1350/1350 (100.000%)
[2025-02-21 08:55:47;INFO]      | Loss didn't drop!

[2025-02-21 08:55:47;INFO]best epoch: 206, best loss: 0.011927
[2025-02-21 08:55:47;INFO]----------------------------------------------------------------------------------------------------

[2025-02-21 08:55:47;INFO]Current Epoch: 208 / 500 | Learning Rate : 0.00014644660940682755
[2025-02-21 08:55:49;INFO]Train | Loss : 0.011281 | ACC : 3150/3150 (100.000%)
[2025-02-21 08:55:49;INFO]Valid | Loss : 0.012823 | ACC : 1348/1350 (99.852%)
[2025-02-21 08:55:49;INFO]      | Loss didn't drop!

[2025-02-21 08:55:49;INFO]best epoch: 206, best loss: 0.011927
[2025-02-21 08:55:49;INFO]----------------------------------------------------------------------------------------------------

[2025-02-21 08:55:49;INFO]Current Epoch: 209 / 500 | Learning Rate : 0.0010000000000008834
[2025-02-21 08:55:51;INFO]Train | Loss : 0.010921 | ACC : 3150/3150 (100.000%)
[2025-02-21 08:55:51;INFO]Valid | Loss : 0.012048 | ACC : 1350/1350 (100.000%)
[2025-02-21 08:55:51;INFO]      | Loss didn't drop!

[2025-02-21 08:55:51;INFO]best epoch: 206, best loss: 0.011927
[2025-02-21 08:55:51;INFO]----------------------------------------------------------------------------------------------------

[2025-02-21 08:55:51;INFO]Current Epoch: 210 / 500 | Learning Rate : 0.00014644660940689433
[2025-02-21 08:55:53;INFO]Train | Loss : 0.010471 | ACC : 3150/3150 (100.000%)
[2025-02-21 08:55:53;INFO]Valid | Loss : 0.011636 | ACC : 1350/1350 (100.000%)
[2025-02-21 08:55:53;INFO]      | Loss dropped from 0.011927 to 0.011636, model has been saved!

[2025-02-21 08:55:53;INFO]best epoch: 210, best loss: 0.011636
[2025-02-21 08:55:53;INFO]----------------------------------------------------------------------------------------------------

[2025-02-21 08:55:53;INFO]Current Epoch: 211 / 500 | Learning Rate : 0.0005000000000006001
[2025-02-21 08:55:55;INFO]Train | Loss : 0.010669 | ACC : 3150/3150 (100.000%)
[2025-02-21 08:55:55;INFO]Valid | Loss : 0.012474 | ACC : 1350/1350 (100.000%)
[2025-02-21 08:55:55;INFO]      | Loss didn't drop!

[2025-02-21 08:55:55;INFO]best epoch: 210, best loss: 0.011636
[2025-02-21 08:55:55;INFO]----------------------------------------------------------------------------------------------------

[2025-02-21 08:55:55;INFO]Current Epoch: 212 / 500 | Learning Rate : 0.0008535533905932359
[2025-02-21 08:55:57;INFO]Train | Loss : 0.010525 | ACC : 3150/3150 (100.000%)
[2025-02-21 08:55:58;INFO]Valid | Loss : 0.011522 | ACC : 1350/1350 (100.000%)
[2025-02-21 08:55:58;INFO]      | Loss dropped from 0.011636 to 0.011522, model has been saved!

[2025-02-21 08:55:58;INFO]best epoch: 212, best loss: 0.011522
[2025-02-21 08:55:58;INFO]----------------------------------------------------------------------------------------------------

[2025-02-21 08:55:58;INFO]Current Epoch: 213 / 500 | Learning Rate : 0.0
[2025-02-21 08:55:59;INFO]Train | Loss : 0.010959 | ACC : 3150/3150 (100.000%)
[2025-02-21 08:56:00;INFO]Valid | Loss : 0.012254 | ACC : 1350/1350 (100.000%)
[2025-02-21 08:56:00;INFO]      | Loss didn't drop!

[2025-02-21 08:56:00;INFO]best epoch: 212, best loss: 0.011522
[2025-02-21 08:56:00;INFO]----------------------------------------------------------------------------------------------------

[2025-02-21 08:56:00;INFO]Current Epoch: 214 / 500 | Learning Rate : 0.0008535533905935171
[2025-02-21 08:56:02;INFO]Train | Loss : 0.010369 | ACC : 3150/3150 (100.000%)
[2025-02-21 08:56:02;INFO]Valid | Loss : 0.011713 | ACC : 1350/1350 (100.000%)
[2025-02-21 08:56:02;INFO]      | Loss didn't drop!

[2025-02-21 08:56:02;INFO]best epoch: 212, best loss: 0.011522
[2025-02-21 08:56:02;INFO]----------------------------------------------------------------------------------------------------

[2025-02-21 08:56:02;INFO]Current Epoch: 215 / 500 | Learning Rate : 0.0005000000000009427
[2025-02-21 08:56:04;INFO]Train | Loss : 0.010626 | ACC : 3150/3150 (100.000%)
[2025-02-21 08:56:04;INFO]Valid | Loss : 0.011821 | ACC : 1350/1350 (100.000%)
[2025-02-21 08:56:04;INFO]      | Loss didn't drop!

[2025-02-21 08:56:04;INFO]best epoch: 212, best loss: 0.011522
[2025-02-21 08:56:04;INFO]----------------------------------------------------------------------------------------------------

[2025-02-21 08:56:04;INFO]Current Epoch: 216 / 500 | Learning Rate : 0.0001464466094070665
[2025-02-21 08:56:06;INFO]Train | Loss : 0.010636 | ACC : 3150/3150 (100.000%)
[2025-02-21 08:56:06;INFO]Valid | Loss : 0.011341 | ACC : 1348/1350 (99.852%)
[2025-02-21 08:56:06;INFO]      | Loss dropped from 0.011522 to 0.011341, model has been saved!

[2025-02-21 08:56:06;INFO]best epoch: 216, best loss: 0.011341
[2025-02-21 08:56:06;INFO]----------------------------------------------------------------------------------------------------

[2025-02-21 08:56:06;INFO]Current Epoch: 217 / 500 | Learning Rate : 0.0009999999999993686
[2025-02-21 08:56:08;INFO]Train | Loss : 0.010392 | ACC : 3150/3150 (100.000%)
[2025-02-21 08:56:08;INFO]Valid | Loss : 0.011654 | ACC : 1350/1350 (100.000%)
[2025-02-21 08:56:08;INFO]      | Loss didn't drop!

[2025-02-21 08:56:08;INFO]best epoch: 216, best loss: 0.011341
[2025-02-21 08:56:08;INFO]----------------------------------------------------------------------------------------------------

[2025-02-21 08:56:08;INFO]Current Epoch: 218 / 500 | Learning Rate : 0.0001464466094068859
[2025-02-21 08:56:10;INFO]Train | Loss : 0.010089 | ACC : 3150/3150 (100.000%)
[2025-02-21 08:56:11;INFO]Valid | Loss : 0.010251 | ACC : 1350/1350 (100.000%)
[2025-02-21 08:56:11;INFO]      | Loss dropped from 0.011341 to 0.010251, model has been saved!

[2025-02-21 08:56:11;INFO]best epoch: 218, best loss: 0.010251
[2025-02-21 08:56:11;INFO]----------------------------------------------------------------------------------------------------

[2025-02-21 08:56:11;INFO]Current Epoch: 219 / 500 | Learning Rate : 0.0005000000000005604
[2025-02-21 08:56:12;INFO]Train | Loss : 0.010040 | ACC : 3150/3150 (100.000%)
[2025-02-21 08:56:13;INFO]Valid | Loss : 0.010555 | ACC : 1350/1350 (100.000%)
[2025-02-21 08:56:13;INFO]      | Loss didn't drop!

[2025-02-21 08:56:13;INFO]best epoch: 218, best loss: 0.010251
[2025-02-21 08:56:13;INFO]----------------------------------------------------------------------------------------------------

[2025-02-21 08:56:13;INFO]Current Epoch: 220 / 500 | Learning Rate : 0.0008535533905931687
[2025-02-21 08:56:15;INFO]Train | Loss : 0.009613 | ACC : 3150/3150 (100.000%)
[2025-02-21 08:56:15;INFO]Valid | Loss : 0.010611 | ACC : 1350/1350 (100.000%)
[2025-02-21 08:56:15;INFO]      | Loss didn't drop!

[2025-02-21 08:56:15;INFO]best epoch: 218, best loss: 0.010251
[2025-02-21 08:56:15;INFO]----------------------------------------------------------------------------------------------------

[2025-02-21 08:56:15;INFO]Current Epoch: 221 / 500 | Learning Rate : 0.0
[2025-02-21 08:56:17;INFO]Train | Loss : 0.009671 | ACC : 3150/3150 (100.000%)
[2025-02-21 08:56:17;INFO]Valid | Loss : 0.011477 | ACC : 1350/1350 (100.000%)
[2025-02-21 08:56:17;INFO]      | Loss didn't drop!

[2025-02-21 08:56:17;INFO]best epoch: 218, best loss: 0.010251
[2025-02-21 08:56:17;INFO]----------------------------------------------------------------------------------------------------

[2025-02-21 08:56:17;INFO]Current Epoch: 222 / 500 | Learning Rate : 0.0008535533905934136
[2025-02-21 08:56:19;INFO]Train | Loss : 0.009452 | ACC : 3150/3150 (100.000%)
[2025-02-21 08:56:19;INFO]Valid | Loss : 0.011284 | ACC : 1350/1350 (100.000%)
[2025-02-21 08:56:19;INFO]      | Loss didn't drop!

[2025-02-21 08:56:19;INFO]best epoch: 218, best loss: 0.010251
[2025-02-21 08:56:19;INFO]----------------------------------------------------------------------------------------------------

[2025-02-21 08:56:19;INFO]Current Epoch: 223 / 500 | Learning Rate : 0.0005000000000002405
[2025-02-21 08:56:21;INFO]Train | Loss : 0.009547 | ACC : 3150/3150 (100.000%)
[2025-02-21 08:56:21;INFO]Valid | Loss : 0.010408 | ACC : 1350/1350 (100.000%)
[2025-02-21 08:56:21;INFO]      | Loss didn't drop!

[2025-02-21 08:56:21;INFO]best epoch: 218, best loss: 0.010251
[2025-02-21 08:56:21;INFO]----------------------------------------------------------------------------------------------------

[2025-02-21 08:56:21;INFO]Current Epoch: 224 / 500 | Learning Rate : 0.00014644660940680096
[2025-02-21 08:56:23;INFO]Train | Loss : 0.009291 | ACC : 3150/3150 (100.000%)
[2025-02-21 08:56:23;INFO]Valid | Loss : 0.012201 | ACC : 1350/1350 (100.000%)
[2025-02-21 08:56:23;INFO]      | Loss didn't drop!

[2025-02-21 08:56:23;INFO]best epoch: 218, best loss: 0.010251
[2025-02-21 08:56:23;INFO]----------------------------------------------------------------------------------------------------

[2025-02-21 08:56:23;INFO]Current Epoch: 225 / 500 | Learning Rate : 0.0009999999999992875
[2025-02-21 08:56:25;INFO]Train | Loss : 0.009108 | ACC : 3150/3150 (100.000%)
[2025-02-21 08:56:26;INFO]Valid | Loss : 0.009765 | ACC : 1350/1350 (100.000%)
[2025-02-21 08:56:26;INFO]      | Loss dropped from 0.010251 to 0.009765, model has been saved!

[2025-02-21 08:56:26;INFO]best epoch: 225, best loss: 0.009765
[2025-02-21 08:56:26;INFO]----------------------------------------------------------------------------------------------------

[2025-02-21 08:56:26;INFO]Current Epoch: 226 / 500 | Learning Rate : 0.00014644660940687736
[2025-02-21 08:56:27;INFO]Train | Loss : 0.009094 | ACC : 3150/3150 (100.000%)
[2025-02-21 08:56:28;INFO]Valid | Loss : 0.010594 | ACC : 1350/1350 (100.000%)
[2025-02-21 08:56:28;INFO]      | Loss didn't drop!

[2025-02-21 08:56:28;INFO]best epoch: 225, best loss: 0.009765
[2025-02-21 08:56:28;INFO]----------------------------------------------------------------------------------------------------

[2025-02-21 08:56:28;INFO]Current Epoch: 227 / 500 | Learning Rate : 0.0005000000000005216
[2025-02-21 08:56:30;INFO]Train | Loss : 0.009363 | ACC : 3150/3150 (100.000%)
[2025-02-21 08:56:30;INFO]Valid | Loss : 0.010711 | ACC : 1350/1350 (100.000%)
[2025-02-21 08:56:30;INFO]      | Loss didn't drop!

[2025-02-21 08:56:30;INFO]best epoch: 225, best loss: 0.009765
[2025-02-21 08:56:30;INFO]----------------------------------------------------------------------------------------------------

[2025-02-21 08:56:30;INFO]Current Epoch: 228 / 500 | Learning Rate : 0.0008535533905943401
[2025-02-21 08:56:32;INFO]Train | Loss : 0.008983 | ACC : 3150/3150 (100.000%)
[2025-02-21 08:56:32;INFO]Valid | Loss : 0.009101 | ACC : 1349/1350 (99.926%)
[2025-02-21 08:56:32;INFO]      | Loss dropped from 0.009765 to 0.009101, model has been saved!

[2025-02-21 08:56:32;INFO]best epoch: 228, best loss: 0.009101
[2025-02-21 08:56:32;INFO]----------------------------------------------------------------------------------------------------

[2025-02-21 08:56:32;INFO]Current Epoch: 229 / 500 | Learning Rate : 0.0
[2025-02-21 08:56:34;INFO]Train | Loss : 0.008485 | ACC : 3150/3150 (100.000%)
[2025-02-21 08:56:34;INFO]Valid | Loss : 0.009829 | ACC : 1350/1350 (100.000%)
[2025-02-21 08:56:34;INFO]      | Loss didn't drop!

[2025-02-21 08:56:34;INFO]best epoch: 228, best loss: 0.009101
[2025-02-21 08:56:34;INFO]----------------------------------------------------------------------------------------------------

[2025-02-21 08:56:34;INFO]Current Epoch: 230 / 500 | Learning Rate : 0.0008535533905933417
[2025-02-21 08:56:36;INFO]Train | Loss : 0.008593 | ACC : 3150/3150 (100.000%)
[2025-02-21 08:56:36;INFO]Valid | Loss : 0.008846 | ACC : 1350/1350 (100.000%)
[2025-02-21 08:56:36;INFO]      | Loss dropped from 0.009101 to 0.008846, model has been saved!

[2025-02-21 08:56:36;INFO]best epoch: 230, best loss: 0.008846
[2025-02-21 08:56:36;INFO]----------------------------------------------------------------------------------------------------

[2025-02-21 08:56:36;INFO]Current Epoch: 231 / 500 | Learning Rate : 0.0005000000000002072
[2025-02-21 08:56:38;INFO]Train | Loss : 0.008428 | ACC : 3150/3150 (100.000%)
[2025-02-21 08:56:39;INFO]Valid | Loss : 0.008962 | ACC : 1350/1350 (100.000%)
[2025-02-21 08:56:39;INFO]      | Loss didn't drop!

[2025-02-21 08:56:39;INFO]best epoch: 230, best loss: 0.008846
[2025-02-21 08:56:39;INFO]----------------------------------------------------------------------------------------------------

[2025-02-21 08:56:39;INFO]Current Epoch: 232 / 500 | Learning Rate : 0.00014644660940678838
[2025-02-21 08:56:40;INFO]Train | Loss : 0.008239 | ACC : 3150/3150 (100.000%)
[2025-02-21 08:56:41;INFO]Valid | Loss : 0.009482 | ACC : 1350/1350 (100.000%)
[2025-02-21 08:56:41;INFO]      | Loss didn't drop!

[2025-02-21 08:56:41;INFO]best epoch: 230, best loss: 0.008846
[2025-02-21 08:56:41;INFO]----------------------------------------------------------------------------------------------------

[2025-02-21 08:56:41;INFO]Current Epoch: 233 / 500 | Learning Rate : 0.0010000000000021006
[2025-02-21 08:56:43;INFO]Train | Loss : 0.008360 | ACC : 3150/3150 (100.000%)
[2025-02-21 08:56:43;INFO]Valid | Loss : 0.008812 | ACC : 1350/1350 (100.000%)
[2025-02-21 08:56:43;INFO]      | Loss dropped from 0.008846 to 0.008812, model has been saved!

[2025-02-21 08:56:43;INFO]best epoch: 233, best loss: 0.008812
[2025-02-21 08:56:43;INFO]----------------------------------------------------------------------------------------------------

[2025-02-21 08:56:43;INFO]Current Epoch: 234 / 500 | Learning Rate : 0.00014644660940661607
[2025-02-21 08:56:45;INFO]Train | Loss : 0.008306 | ACC : 3150/3150 (100.000%)
[2025-02-21 08:56:45;INFO]Valid | Loss : 0.009687 | ACC : 1349/1350 (99.926%)
[2025-02-21 08:56:45;INFO]      | Loss didn't drop!

[2025-02-21 08:56:45;INFO]best epoch: 233, best loss: 0.008812
[2025-02-21 08:56:45;INFO]----------------------------------------------------------------------------------------------------

[2025-02-21 08:56:45;INFO]Current Epoch: 235 / 500 | Learning Rate : 0.0004999999999997563
[2025-02-21 08:56:47;INFO]Train | Loss : 0.007922 | ACC : 3150/3150 (100.000%)
[2025-02-21 08:56:47;INFO]Valid | Loss : 0.010826 | ACC : 1349/1350 (99.926%)
[2025-02-21 08:56:47;INFO]      | Loss didn't drop!

[2025-02-21 08:56:47;INFO]best epoch: 233, best loss: 0.008812
[2025-02-21 08:56:47;INFO]----------------------------------------------------------------------------------------------------

[2025-02-21 08:56:47;INFO]Current Epoch: 236 / 500 | Learning Rate : 0.0008535533905942809
[2025-02-21 08:56:49;INFO]Train | Loss : 0.008092 | ACC : 3150/3150 (100.000%)
[2025-02-21 08:56:49;INFO]Valid | Loss : 0.008474 | ACC : 1350/1350 (100.000%)
[2025-02-21 08:56:49;INFO]      | Loss dropped from 0.008812 to 0.008474, model has been saved!

[2025-02-21 08:56:49;INFO]best epoch: 236, best loss: 0.008474
[2025-02-21 08:56:49;INFO]----------------------------------------------------------------------------------------------------

[2025-02-21 08:56:49;INFO]Current Epoch: 237 / 500 | Learning Rate : 0.0
[2025-02-21 08:56:51;INFO]Train | Loss : 0.008105 | ACC : 3150/3150 (100.000%)
[2025-02-21 08:56:52;INFO]Valid | Loss : 0.009059 | ACC : 1350/1350 (100.000%)
[2025-02-21 08:56:52;INFO]      | Loss didn't drop!

[2025-02-21 08:56:52;INFO]best epoch: 236, best loss: 0.008474
[2025-02-21 08:56:52;INFO]----------------------------------------------------------------------------------------------------

[2025-02-21 08:56:52;INFO]Current Epoch: 238 / 500 | Learning Rate : 0.0008535533905933593
[2025-02-21 08:56:53;INFO]Train | Loss : 0.007716 | ACC : 3150/3150 (100.000%)
[2025-02-21 08:56:54;INFO]Valid | Loss : 0.008499 | ACC : 1350/1350 (100.000%)
[2025-02-21 08:56:54;INFO]      | Loss didn't drop!

[2025-02-21 08:56:54;INFO]best epoch: 236, best loss: 0.008474
[2025-02-21 08:56:54;INFO]----------------------------------------------------------------------------------------------------

[2025-02-21 08:56:54;INFO]Current Epoch: 239 / 500 | Learning Rate : 0.0005000000000001742
[2025-02-21 08:56:56;INFO]Train | Loss : 0.007802 | ACC : 3150/3150 (100.000%)
[2025-02-21 08:56:56;INFO]Valid | Loss : 0.009104 | ACC : 1350/1350 (100.000%)
[2025-02-21 08:56:56;INFO]      | Loss didn't drop!

[2025-02-21 08:56:56;INFO]best epoch: 236, best loss: 0.008474
[2025-02-21 08:56:56;INFO]----------------------------------------------------------------------------------------------------

[2025-02-21 08:56:56;INFO]Current Epoch: 240 / 500 | Learning Rate : 0.0001464466094067756
[2025-02-21 08:56:58;INFO]Train | Loss : 0.007788 | ACC : 3150/3150 (100.000%)
[2025-02-21 08:56:58;INFO]Valid | Loss : 0.089086 | ACC : 1345/1350 (99.630%)
[2025-02-21 08:56:58;INFO]      | Loss didn't drop!

[2025-02-21 08:56:58;INFO]best epoch: 236, best loss: 0.008474
[2025-02-21 08:56:58;INFO]----------------------------------------------------------------------------------------------------

[2025-02-21 08:56:58;INFO]Current Epoch: 241 / 500 | Learning Rate : 0.001000000000000586
[2025-02-21 08:57:00;INFO]Train | Loss : 0.007760 | ACC : 3150/3150 (100.000%)
[2025-02-21 08:57:00;INFO]Valid | Loss : 0.008473 | ACC : 1350/1350 (100.000%)
[2025-02-21 08:57:00;INFO]      | Loss dropped from 0.008474 to 0.008473, model has been saved!

[2025-02-21 08:57:00;INFO]best epoch: 241, best loss: 0.008473
[2025-02-21 08:57:00;INFO]----------------------------------------------------------------------------------------------------

[2025-02-21 08:57:00;INFO]Current Epoch: 242 / 500 | Learning Rate : 0.0001464466094066076
[2025-02-21 08:57:02;INFO]Train | Loss : 0.007571 | ACC : 3150/3150 (100.000%)
[2025-02-21 08:57:02;INFO]Valid | Loss : 0.007739 | ACC : 1350/1350 (100.000%)
[2025-02-21 08:57:02;INFO]      | Loss dropped from 0.008473 to 0.007739, model has been saved!

[2025-02-21 08:57:02;INFO]best epoch: 242, best loss: 0.007739
[2025-02-21 08:57:02;INFO]----------------------------------------------------------------------------------------------------

[2025-02-21 08:57:02;INFO]Current Epoch: 243 / 500 | Learning Rate : 0.0004999999999996604
[2025-02-21 08:57:04;INFO]Train | Loss : 0.007553 | ACC : 3150/3150 (100.000%)
[2025-02-21 08:57:05;INFO]Valid | Loss : 0.010555 | ACC : 1348/1350 (99.852%)
[2025-02-21 08:57:05;INFO]      | Loss didn't drop!

[2025-02-21 08:57:05;INFO]best epoch: 242, best loss: 0.007739
[2025-02-21 08:57:05;INFO]----------------------------------------------------------------------------------------------------

[2025-02-21 08:57:05;INFO]Current Epoch: 244 / 500 | Learning Rate : 0.0008535533905942619
[2025-02-21 08:57:06;INFO]Train | Loss : 0.007920 | ACC : 3150/3150 (100.000%)
[2025-02-21 08:57:07;INFO]Valid | Loss : 0.009390 | ACC : 1349/1350 (99.926%)
[2025-02-21 08:57:07;INFO]      | Loss didn't drop!

[2025-02-21 08:57:07;INFO]best epoch: 242, best loss: 0.007739
[2025-02-21 08:57:07;INFO]----------------------------------------------------------------------------------------------------

[2025-02-21 08:57:07;INFO]Current Epoch: 245 / 500 | Learning Rate : 0.0
[2025-02-21 08:57:09;INFO]Train | Loss : 0.007225 | ACC : 3150/3150 (100.000%)
[2025-02-21 08:57:09;INFO]Valid | Loss : 0.008963 | ACC : 1350/1350 (100.000%)
[2025-02-21 08:57:09;INFO]      | Loss didn't drop!

[2025-02-21 08:57:09;INFO]best epoch: 242, best loss: 0.007739
[2025-02-21 08:57:09;INFO]----------------------------------------------------------------------------------------------------

[2025-02-21 08:57:09;INFO]Current Epoch: 246 / 500 | Learning Rate : 0.0008535533905944864
[2025-02-21 08:57:11;INFO]Train | Loss : 0.007295 | ACC : 3150/3150 (100.000%)
[2025-02-21 08:57:11;INFO]Valid | Loss : 0.007691 | ACC : 1350/1350 (100.000%)
[2025-02-21 08:57:11;INFO]      | Loss dropped from 0.007739 to 0.007691, model has been saved!

[2025-02-21 08:57:11;INFO]best epoch: 246, best loss: 0.007691
[2025-02-21 08:57:11;INFO]----------------------------------------------------------------------------------------------------

[2025-02-21 08:57:11;INFO]Current Epoch: 247 / 500 | Learning Rate : 0.0005000000000000798
[2025-02-21 08:57:13;INFO]Train | Loss : 0.007181 | ACC : 3150/3150 (100.000%)
[2025-02-21 08:57:13;INFO]Valid | Loss : 0.009462 | ACC : 1350/1350 (100.000%)
[2025-02-21 08:57:13;INFO]      | Loss didn't drop!

[2025-02-21 08:57:13;INFO]best epoch: 246, best loss: 0.007691
[2025-02-21 08:57:13;INFO]----------------------------------------------------------------------------------------------------

[2025-02-21 08:57:13;INFO]Current Epoch: 248 / 500 | Learning Rate : 0.00014644660940676173
[2025-02-21 08:57:15;INFO]Train | Loss : 0.006839 | ACC : 3150/3150 (100.000%)
[2025-02-21 08:57:15;INFO]Valid | Loss : 0.009146 | ACC : 1350/1350 (100.000%)
[2025-02-21 08:57:15;INFO]      | Loss didn't drop!

[2025-02-21 08:57:15;INFO]best epoch: 246, best loss: 0.007691
[2025-02-21 08:57:15;INFO]----------------------------------------------------------------------------------------------------

[2025-02-21 08:57:15;INFO]Current Epoch: 249 / 500 | Learning Rate : 0.0010000000000005141
[2025-02-21 08:57:17;INFO]Train | Loss : 0.006965 | ACC : 3150/3150 (100.000%)
[2025-02-21 08:57:18;INFO]Valid | Loss : 0.007099 | ACC : 1350/1350 (100.000%)
[2025-02-21 08:57:18;INFO]      | Loss dropped from 0.007691 to 0.007099, model has been saved!

[2025-02-21 08:57:18;INFO]best epoch: 249, best loss: 0.007099
[2025-02-21 08:57:18;INFO]----------------------------------------------------------------------------------------------------

[2025-02-21 08:57:18;INFO]Current Epoch: 250 / 500 | Learning Rate : 0.00014644660940659913
[2025-02-21 08:57:19;INFO]Train | Loss : 0.006837 | ACC : 3150/3150 (100.000%)
[2025-02-21 08:57:20;INFO]Valid | Loss : 0.009261 | ACC : 1350/1350 (100.000%)
[2025-02-21 08:57:20;INFO]      | Loss didn't drop!

[2025-02-21 08:57:20;INFO]best epoch: 249, best loss: 0.007099
[2025-02-21 08:57:20;INFO]----------------------------------------------------------------------------------------------------

[2025-02-21 08:57:20;INFO]Current Epoch: 251 / 500 | Learning Rate : 0.0004999999999997352
[2025-02-21 08:57:22;INFO]Train | Loss : 0.006910 | ACC : 3150/3150 (100.000%)
[2025-02-21 08:57:22;INFO]Valid | Loss : 0.008500 | ACC : 1350/1350 (100.000%)
[2025-02-21 08:57:22;INFO]      | Loss didn't drop!

[2025-02-21 08:57:22;INFO]best epoch: 249, best loss: 0.007099
[2025-02-21 08:57:22;INFO]----------------------------------------------------------------------------------------------------

[2025-02-21 08:57:22;INFO]Current Epoch: 252 / 500 | Learning Rate : 0.0008535533905929625
[2025-02-21 08:57:24;INFO]Train | Loss : 0.006903 | ACC : 3150/3150 (100.000%)
[2025-02-21 08:57:24;INFO]Valid | Loss : 0.007761 | ACC : 1350/1350 (100.000%)
[2025-02-21 08:57:24;INFO]      | Loss didn't drop!

[2025-02-21 08:57:24;INFO]best epoch: 249, best loss: 0.007099
[2025-02-21 08:57:24;INFO]----------------------------------------------------------------------------------------------------

[2025-02-21 08:57:24;INFO]Current Epoch: 253 / 500 | Learning Rate : 0.0
[2025-02-21 08:57:26;INFO]Train | Loss : 0.006565 | ACC : 3150/3150 (100.000%)
[2025-02-21 08:57:26;INFO]Valid | Loss : 0.008228 | ACC : 1348/1350 (99.852%)
[2025-02-21 08:57:26;INFO]      | Loss didn't drop!

[2025-02-21 08:57:26;INFO]best epoch: 249, best loss: 0.007099
[2025-02-21 08:57:26;INFO]----------------------------------------------------------------------------------------------------

[2025-02-21 08:57:26;INFO]Current Epoch: 254 / 500 | Learning Rate : 0.0008535533905944226
[2025-02-21 08:57:28;INFO]Train | Loss : 0.006538 | ACC : 3150/3150 (100.000%)
[2025-02-21 08:57:28;INFO]Valid | Loss : 0.007408 | ACC : 1350/1350 (100.000%)
[2025-02-21 08:57:28;INFO]      | Loss didn't drop!

[2025-02-21 08:57:28;INFO]best epoch: 249, best loss: 0.007099
[2025-02-21 08:57:28;INFO]----------------------------------------------------------------------------------------------------

[2025-02-21 08:57:28;INFO]Current Epoch: 255 / 500 | Learning Rate : 0.0005000000000000467
[2025-02-21 08:57:30;INFO]Train | Loss : 0.006278 | ACC : 3150/3150 (100.000%)
[2025-02-21 08:57:31;INFO]Valid | Loss : 0.007107 | ACC : 1350/1350 (100.000%)
[2025-02-21 08:57:31;INFO]      | Loss didn't drop!

[2025-02-21 08:57:31;INFO]best epoch: 249, best loss: 0.007099
[2025-02-21 08:57:31;INFO]----------------------------------------------------------------------------------------------------

[2025-02-21 08:57:31;INFO]Current Epoch: 256 / 500 | Learning Rate : 0.00014644660940674908
[2025-02-21 08:57:32;INFO]Train | Loss : 0.006383 | ACC : 3150/3150 (100.000%)
[2025-02-21 08:57:33;INFO]Valid | Loss : 0.012472 | ACC : 1347/1350 (99.778%)
[2025-02-21 08:57:33;INFO]      | Loss didn't drop!

[2025-02-21 08:57:33;INFO]best epoch: 249, best loss: 0.007099
[2025-02-21 08:57:33;INFO]----------------------------------------------------------------------------------------------------

[2025-02-21 08:57:33;INFO]Current Epoch: 257 / 500 | Learning Rate : 0.0010000000000004328
[2025-02-21 08:57:35;INFO]Train | Loss : 0.006317 | ACC : 3150/3150 (100.000%)
[2025-02-21 08:57:35;INFO]Valid | Loss : 0.006936 | ACC : 1350/1350 (100.000%)
[2025-02-21 08:57:35;INFO]      | Loss dropped from 0.007099 to 0.006936, model has been saved!

[2025-02-21 08:57:35;INFO]best epoch: 257, best loss: 0.006936
[2025-02-21 08:57:35;INFO]----------------------------------------------------------------------------------------------------

[2025-02-21 08:57:35;INFO]Current Epoch: 258 / 500 | Learning Rate : 0.00014644660940680188
[2025-02-21 08:57:37;INFO]Train | Loss : 0.006484 | ACC : 3150/3150 (100.000%)
[2025-02-21 08:57:37;INFO]Valid | Loss : 0.013291 | ACC : 1348/1350 (99.852%)
[2025-02-21 08:57:37;INFO]      | Loss didn't drop!

[2025-02-21 08:57:37;INFO]best epoch: 257, best loss: 0.006936
[2025-02-21 08:57:37;INFO]----------------------------------------------------------------------------------------------------

[2025-02-21 08:57:37;INFO]Current Epoch: 259 / 500 | Learning Rate : 0.0005000000000004176
[2025-02-21 08:57:39;INFO]Train | Loss : 0.006186 | ACC : 3150/3150 (100.000%)
[2025-02-21 08:57:39;INFO]Valid | Loss : 0.008807 | ACC : 1349/1350 (99.926%)
[2025-02-21 08:57:39;INFO]      | Loss didn't drop!

[2025-02-21 08:57:39;INFO]best epoch: 257, best loss: 0.006936
[2025-02-21 08:57:39;INFO]----------------------------------------------------------------------------------------------------

[2025-02-21 08:57:39;INFO]Current Epoch: 260 / 500 | Learning Rate : 0.000853553390592823
[2025-02-21 08:57:41;INFO]Train | Loss : 0.006207 | ACC : 3150/3150 (100.000%)
[2025-02-21 08:57:41;INFO]Valid | Loss : 0.006817 | ACC : 1350/1350 (100.000%)
[2025-02-21 08:57:41;INFO]      | Loss dropped from 0.006936 to 0.006817, model has been saved!

[2025-02-21 08:57:41;INFO]best epoch: 260, best loss: 0.006817
[2025-02-21 08:57:41;INFO]----------------------------------------------------------------------------------------------------

[2025-02-21 08:57:41;INFO]Current Epoch: 261 / 500 | Learning Rate : 0.0
[2025-02-21 08:57:43;INFO]Train | Loss : 0.005816 | ACC : 3150/3150 (100.000%)
[2025-02-21 08:57:44;INFO]Valid | Loss : 0.008654 | ACC : 1349/1350 (99.926%)
[2025-02-21 08:57:44;INFO]      | Loss didn't drop!

[2025-02-21 08:57:44;INFO]best epoch: 260, best loss: 0.006817
[2025-02-21 08:57:44;INFO]----------------------------------------------------------------------------------------------------

[2025-02-21 08:57:44;INFO]Current Epoch: 262 / 500 | Learning Rate : 0.0008535533905943588
[2025-02-21 08:57:45;INFO]Train | Loss : 0.006353 | ACC : 3150/3150 (100.000%)
[2025-02-21 08:57:46;INFO]Valid | Loss : 0.007834 | ACC : 1350/1350 (100.000%)
[2025-02-21 08:57:46;INFO]      | Loss didn't drop!

[2025-02-21 08:57:46;INFO]best epoch: 260, best loss: 0.006817
[2025-02-21 08:57:46;INFO]----------------------------------------------------------------------------------------------------

[2025-02-21 08:57:46;INFO]Current Epoch: 263 / 500 | Learning Rate : 0.0005000000000007349
[2025-02-21 08:57:48;INFO]Train | Loss : 0.005948 | ACC : 3150/3150 (100.000%)
[2025-02-21 08:57:48;INFO]Valid | Loss : 0.006633 | ACC : 1350/1350 (100.000%)
[2025-02-21 08:57:48;INFO]      | Loss dropped from 0.006817 to 0.006633, model has been saved!

[2025-02-21 08:57:48;INFO]best epoch: 263, best loss: 0.006633
[2025-02-21 08:57:48;INFO]----------------------------------------------------------------------------------------------------

[2025-02-21 08:57:48;INFO]Current Epoch: 264 / 500 | Learning Rate : 0.00014644660940698795
[2025-02-21 08:57:50;INFO]Train | Loss : 0.005766 | ACC : 3150/3150 (100.000%)
[2025-02-21 08:57:50;INFO]Valid | Loss : 0.006629 | ACC : 1350/1350 (100.000%)
[2025-02-21 08:57:50;INFO]      | Loss dropped from 0.006633 to 0.006629, model has been saved!

[2025-02-21 08:57:50;INFO]best epoch: 264, best loss: 0.006629
[2025-02-21 08:57:50;INFO]----------------------------------------------------------------------------------------------------

[2025-02-21 08:57:50;INFO]Current Epoch: 265 / 500 | Learning Rate : 0.0009999999999989182
[2025-02-21 08:57:52;INFO]Train | Loss : 0.005851 | ACC : 3150/3150 (100.000%)
[2025-02-21 08:57:52;INFO]Valid | Loss : 0.007013 | ACC : 1350/1350 (100.000%)
[2025-02-21 08:57:52;INFO]      | Loss didn't drop!

[2025-02-21 08:57:52;INFO]best epoch: 264, best loss: 0.006629
[2025-02-21 08:57:52;INFO]----------------------------------------------------------------------------------------------------

[2025-02-21 08:57:52;INFO]Current Epoch: 266 / 500 | Learning Rate : 0.0001464466094070449
[2025-02-21 08:57:54;INFO]Train | Loss : 0.005849 | ACC : 3150/3150 (100.000%)
[2025-02-21 08:57:54;INFO]Valid | Loss : 0.005971 | ACC : 1349/1350 (99.926%)
[2025-02-21 08:57:54;INFO]      | Loss dropped from 0.006629 to 0.005971, model has been saved!

[2025-02-21 08:57:54;INFO]best epoch: 266, best loss: 0.005971
[2025-02-21 08:57:54;INFO]----------------------------------------------------------------------------------------------------

[2025-02-21 08:57:54;INFO]Current Epoch: 267 / 500 | Learning Rate : 0.0005000000000010433
[2025-02-21 08:57:56;INFO]Train | Loss : 0.005701 | ACC : 3150/3150 (100.000%)
[2025-02-21 08:57:57;INFO]Valid | Loss : 0.007222 | ACC : 1350/1350 (100.000%)
[2025-02-21 08:57:57;INFO]      | Loss didn't drop!

[2025-02-21 08:57:57;INFO]best epoch: 266, best loss: 0.005971
[2025-02-21 08:57:57;INFO]----------------------------------------------------------------------------------------------------

[2025-02-21 08:57:57;INFO]Current Epoch: 268 / 500 | Learning Rate : 0.000853553390592804
[2025-02-21 08:57:58;INFO]Train | Loss : 0.005570 | ACC : 3150/3150 (100.000%)
[2025-02-21 08:57:59;INFO]Valid | Loss : 0.006738 | ACC : 1350/1350 (100.000%)
[2025-02-21 08:57:59;INFO]      | Loss didn't drop!

[2025-02-21 08:57:59;INFO]best epoch: 266, best loss: 0.005971
[2025-02-21 08:57:59;INFO]----------------------------------------------------------------------------------------------------

[2025-02-21 08:57:59;INFO]Current Epoch: 269 / 500 | Learning Rate : 0.0
[2025-02-21 08:58:01;INFO]Train | Loss : 0.005581 | ACC : 3150/3150 (100.000%)
[2025-02-21 08:58:01;INFO]Valid | Loss : 0.013566 | ACC : 1349/1350 (99.926%)
[2025-02-21 08:58:01;INFO]      | Loss didn't drop!

[2025-02-21 08:58:01;INFO]best epoch: 266, best loss: 0.005971
[2025-02-21 08:58:01;INFO]----------------------------------------------------------------------------------------------------

[2025-02-21 08:58:01;INFO]Current Epoch: 270 / 500 | Learning Rate : 0.000853553390593016
[2025-02-21 08:58:03;INFO]Train | Loss : 0.005405 | ACC : 3150/3150 (100.000%)
[2025-02-21 08:58:03;INFO]Valid | Loss : 0.014037 | ACC : 1350/1350 (100.000%)
[2025-02-21 08:58:03;INFO]      | Loss didn't drop!

[2025-02-21 08:58:03;INFO]best epoch: 266, best loss: 0.005971
[2025-02-21 08:58:03;INFO]----------------------------------------------------------------------------------------------------

[2025-02-21 08:58:03;INFO]Current Epoch: 271 / 500 | Learning Rate : 0.0005000000000000328
[2025-02-21 08:58:05;INFO]Train | Loss : 0.005571 | ACC : 3150/3150 (100.000%)
[2025-02-21 08:58:05;INFO]Valid | Loss : 0.007033 | ACC : 1350/1350 (100.000%)
[2025-02-21 08:58:05;INFO]      | Loss didn't drop!

[2025-02-21 08:58:05;INFO]best epoch: 266, best loss: 0.005971
[2025-02-21 08:58:05;INFO]----------------------------------------------------------------------------------------------------

[2025-02-21 08:58:05;INFO]Current Epoch: 272 / 500 | Learning Rate : 0.00014644660940672246
[2025-02-21 08:58:07;INFO]Train | Loss : 0.005612 | ACC : 3150/3150 (100.000%)
[2025-02-21 08:58:07;INFO]Valid | Loss : 0.010345 | ACC : 1348/1350 (99.852%)
[2025-02-21 08:58:07;INFO]      | Loss didn't drop!

[2025-02-21 08:58:07;INFO]best epoch: 266, best loss: 0.005971
[2025-02-21 08:58:07;INFO]----------------------------------------------------------------------------------------------------

[2025-02-21 08:58:07;INFO]Current Epoch: 273 / 500 | Learning Rate : 0.0010000000000002884
[2025-02-21 08:58:09;INFO]Train | Loss : 0.005347 | ACC : 3150/3150 (100.000%)
[2025-02-21 08:58:10;INFO]Valid | Loss : 0.006577 | ACC : 1350/1350 (100.000%)
[2025-02-21 08:58:10;INFO]      | Loss didn't drop!

[2025-02-21 08:58:10;INFO]best epoch: 266, best loss: 0.005971
[2025-02-21 08:58:10;INFO]----------------------------------------------------------------------------------------------------

[2025-02-21 08:58:10;INFO]Current Epoch: 274 / 500 | Learning Rate : 0.00014644660940678358
[2025-02-21 08:58:11;INFO]Train | Loss : 0.005377 | ACC : 3150/3150 (100.000%)
[2025-02-21 08:58:12;INFO]Valid | Loss : 0.012401 | ACC : 1348/1350 (99.852%)
[2025-02-21 08:58:12;INFO]      | Loss didn't drop!

[2025-02-21 08:58:12;INFO]best epoch: 266, best loss: 0.005971
[2025-02-21 08:58:12;INFO]----------------------------------------------------------------------------------------------------

[2025-02-21 08:58:12;INFO]Current Epoch: 275 / 500 | Learning Rate : 0.0005000000000003351
[2025-02-21 08:58:14;INFO]Train | Loss : 0.005333 | ACC : 3150/3150 (100.000%)
[2025-02-21 08:58:14;INFO]Valid | Loss : 0.009979 | ACC : 1349/1350 (99.926%)
[2025-02-21 08:58:14;INFO]      | Loss didn't drop!

[2025-02-21 08:58:14;INFO]best epoch: 266, best loss: 0.005971
[2025-02-21 08:58:14;INFO]----------------------------------------------------------------------------------------------------

[2025-02-21 08:58:14;INFO]Current Epoch: 276 / 500 | Learning Rate : 0.0008535533905939354
[2025-02-21 08:58:16;INFO]Train | Loss : 0.005439 | ACC : 3150/3150 (100.000%)
[2025-02-21 08:58:16;INFO]Valid | Loss : 0.005679 | ACC : 1350/1350 (100.000%)
[2025-02-21 08:58:16;INFO]      | Loss dropped from 0.005971 to 0.005679, model has been saved!

[2025-02-21 08:58:16;INFO]best epoch: 276, best loss: 0.005679
[2025-02-21 08:58:16;INFO]----------------------------------------------------------------------------------------------------

[2025-02-21 08:58:16;INFO]Current Epoch: 277 / 500 | Learning Rate : 0.0
[2025-02-21 08:58:18;INFO]Train | Loss : 0.005144 | ACC : 3150/3150 (100.000%)
[2025-02-21 08:58:18;INFO]Valid | Loss : 0.006414 | ACC : 1350/1350 (100.000%)
[2025-02-21 08:58:18;INFO]      | Loss didn't drop!

[2025-02-21 08:58:18;INFO]best epoch: 276, best loss: 0.005679
[2025-02-21 08:58:18;INFO]----------------------------------------------------------------------------------------------------

[2025-02-21 08:58:18;INFO]Current Epoch: 278 / 500 | Learning Rate : 0.0008535533905942238
[2025-02-21 08:58:20;INFO]Train | Loss : 0.005099 | ACC : 3150/3150 (100.000%)
[2025-02-21 08:58:20;INFO]Valid | Loss : 0.005737 | ACC : 1350/1350 (100.000%)
[2025-02-21 08:58:20;INFO]      | Loss didn't drop!

[2025-02-21 08:58:20;INFO]best epoch: 276, best loss: 0.005679
[2025-02-21 08:58:20;INFO]----------------------------------------------------------------------------------------------------

[2025-02-21 08:58:20;INFO]Current Epoch: 279 / 500 | Learning Rate : 0.0005000000000006641
[2025-02-21 08:58:22;INFO]Train | Loss : 0.005199 | ACC : 3150/3150 (100.000%)
[2025-02-21 08:58:23;INFO]Valid | Loss : 0.006384 | ACC : 1350/1350 (100.000%)
[2025-02-21 08:58:23;INFO]      | Loss didn't drop!

[2025-02-21 08:58:23;INFO]best epoch: 276, best loss: 0.005679
[2025-02-21 08:58:23;INFO]----------------------------------------------------------------------------------------------------

[2025-02-21 08:58:23;INFO]Current Epoch: 280 / 500 | Learning Rate : 0.00014644660940696125
[2025-02-21 08:58:24;INFO]Train | Loss : 0.004962 | ACC : 3150/3150 (100.000%)
[2025-02-21 08:58:25;INFO]Valid | Loss : 0.006338 | ACC : 1350/1350 (100.000%)
[2025-02-21 08:58:25;INFO]      | Loss didn't drop!

[2025-02-21 08:58:25;INFO]best epoch: 276, best loss: 0.005679
[2025-02-21 08:58:25;INFO]----------------------------------------------------------------------------------------------------

[2025-02-21 08:58:25;INFO]Current Epoch: 281 / 500 | Learning Rate : 0.0010000000000016593
[2025-02-21 08:58:27;INFO]Train | Loss : 0.004882 | ACC : 3150/3150 (100.000%)
[2025-02-21 08:58:27;INFO]Valid | Loss : 0.005143 | ACC : 1350/1350 (100.000%)
[2025-02-21 08:58:27;INFO]      | Loss dropped from 0.005679 to 0.005143, model has been saved!

[2025-02-21 08:58:27;INFO]best epoch: 281, best loss: 0.005143
[2025-02-21 08:58:27;INFO]----------------------------------------------------------------------------------------------------

[2025-02-21 08:58:27;INFO]Current Epoch: 282 / 500 | Learning Rate : 0.00014644660940652362
[2025-02-21 08:58:29;INFO]Train | Loss : 0.004766 | ACC : 3150/3150 (100.000%)
[2025-02-21 08:58:29;INFO]Valid | Loss : 0.007125 | ACC : 1348/1350 (99.852%)
[2025-02-21 08:58:29;INFO]      | Loss didn't drop!

[2025-02-21 08:58:29;INFO]best epoch: 281, best loss: 0.005143
[2025-02-21 08:58:29;INFO]----------------------------------------------------------------------------------------------------

[2025-02-21 08:58:29;INFO]Current Epoch: 283 / 500 | Learning Rate : 0.000499999999999518
[2025-02-21 08:58:31;INFO]Train | Loss : 0.004678 | ACC : 3150/3150 (100.000%)
[2025-02-21 08:58:31;INFO]Valid | Loss : 0.005998 | ACC : 1350/1350 (100.000%)
[2025-02-21 08:58:31;INFO]      | Loss didn't drop!

[2025-02-21 08:58:31;INFO]best epoch: 281, best loss: 0.005143
[2025-02-21 08:58:31;INFO]----------------------------------------------------------------------------------------------------

[2025-02-21 08:58:31;INFO]Current Epoch: 284 / 500 | Learning Rate : 0.0008535533905951398
[2025-02-21 08:58:33;INFO]Train | Loss : 0.005018 | ACC : 3150/3150 (100.000%)
[2025-02-21 08:58:33;INFO]Valid | Loss : 0.006231 | ACC : 1350/1350 (100.000%)
[2025-02-21 08:58:33;INFO]      | Loss didn't drop!

[2025-02-21 08:58:33;INFO]best epoch: 281, best loss: 0.005143
[2025-02-21 08:58:33;INFO]----------------------------------------------------------------------------------------------------

[2025-02-21 08:58:33;INFO]Current Epoch: 285 / 500 | Learning Rate : 0.0
[2025-02-21 08:58:35;INFO]Train | Loss : 0.005047 | ACC : 3150/3150 (100.000%)
[2025-02-21 08:58:36;INFO]Valid | Loss : 0.141169 | ACC : 1241/1350 (91.926%)
[2025-02-21 08:58:36;INFO]      | Loss didn't drop!

[2025-02-21 08:58:36;INFO]best epoch: 281, best loss: 0.005143
[2025-02-21 08:58:36;INFO]----------------------------------------------------------------------------------------------------

[2025-02-21 08:58:36;INFO]Current Epoch: 286 / 500 | Learning Rate : 0.000853553390592961
[2025-02-21 08:58:37;INFO]Train | Loss : 0.008982 | ACC : 3150/3150 (100.000%)
[2025-02-21 08:58:38;INFO]Valid | Loss : 4.900868 | ACC : 473/1350 (35.037%)
[2025-02-21 08:58:38;INFO]      | Loss didn't drop!

[2025-02-21 08:58:38;INFO]best epoch: 281, best loss: 0.005143
[2025-02-21 08:58:38;INFO]----------------------------------------------------------------------------------------------------

[2025-02-21 08:58:38;INFO]Current Epoch: 287 / 500 | Learning Rate : 0.0004999999999999664
[2025-02-21 08:58:40;INFO]Train | Loss : 0.193854 | ACC : 3064/3150 (97.270%)
[2025-02-21 08:58:40;INFO]Valid | Loss : 1.972645 | ACC : 769/1350 (56.963%)
[2025-02-21 08:58:40;INFO]      | Loss didn't drop!

[2025-02-21 08:58:40;INFO]best epoch: 281, best loss: 0.005143
[2025-02-21 08:58:40;INFO]----------------------------------------------------------------------------------------------------

[2025-02-21 08:58:40;INFO]Current Epoch: 288 / 500 | Learning Rate : 0.00014644660940669714
[2025-02-21 08:58:42;INFO]Train | Loss : 0.042586 | ACC : 3141/3150 (99.714%)
[2025-02-21 08:58:42;INFO]Valid | Loss : 0.240247 | ACC : 1249/1350 (92.519%)
[2025-02-21 08:58:42;INFO]      | Loss didn't drop!

[2025-02-21 08:58:42;INFO]best epoch: 281, best loss: 0.005143
[2025-02-21 08:58:42;INFO]----------------------------------------------------------------------------------------------------

[2025-02-21 08:58:42;INFO]Current Epoch: 289 / 500 | Learning Rate : 0.0010000000000001358
[2025-02-21 08:58:44;INFO]Train | Loss : 0.027249 | ACC : 3144/3150 (99.810%)
[2025-02-21 08:58:44;INFO]Valid | Loss : 0.027928 | ACC : 1344/1350 (99.556%)
[2025-02-21 08:58:44;INFO]      | Loss didn't drop!

[2025-02-21 08:58:44;INFO]best epoch: 281, best loss: 0.005143
[2025-02-21 08:58:44;INFO]----------------------------------------------------------------------------------------------------

[2025-02-21 08:58:44;INFO]Current Epoch: 290 / 500 | Learning Rate : 0.00014644660940676664
[2025-02-21 08:58:46;INFO]Train | Loss : 0.022913 | ACC : 3143/3150 (99.778%)
[2025-02-21 08:58:46;INFO]Valid | Loss : 0.026210 | ACC : 1346/1350 (99.704%)
[2025-02-21 08:58:46;INFO]      | Loss didn't drop!

[2025-02-21 08:58:46;INFO]best epoch: 281, best loss: 0.005143
[2025-02-21 08:58:46;INFO]----------------------------------------------------------------------------------------------------

[2025-02-21 08:58:46;INFO]Current Epoch: 291 / 500 | Learning Rate : 0.0005000000000001432
[2025-02-21 08:58:48;INFO]Train | Loss : 0.017464 | ACC : 3145/3150 (99.841%)
[2025-02-21 08:58:49;INFO]Valid | Loss : 0.028254 | ACC : 1346/1350 (99.704%)
[2025-02-21 08:58:49;INFO]      | Loss didn't drop!

[2025-02-21 08:58:49;INFO]best epoch: 281, best loss: 0.005143
[2025-02-21 08:58:49;INFO]----------------------------------------------------------------------------------------------------

[2025-02-21 08:58:49;INFO]Current Epoch: 292 / 500 | Learning Rate : 0.0008535533905938892
[2025-02-21 08:58:50;INFO]Train | Loss : 0.013668 | ACC : 3147/3150 (99.905%)
[2025-02-21 08:58:51;INFO]Valid | Loss : 0.025380 | ACC : 1345/1350 (99.630%)
[2025-02-21 08:58:51;INFO]      | Loss didn't drop!

[2025-02-21 08:58:51;INFO]best epoch: 281, best loss: 0.005143
[2025-02-21 08:58:51;INFO]----------------------------------------------------------------------------------------------------

[2025-02-21 08:58:51;INFO]Current Epoch: 293 / 500 | Learning Rate : 0.0
[2025-02-21 08:58:53;INFO]Train | Loss : 0.011545 | ACC : 3148/3150 (99.937%)
[2025-02-21 08:58:53;INFO]Valid | Loss : 0.209033 | ACC : 1180/1350 (87.407%)
[2025-02-21 08:58:53;INFO]      | Loss didn't drop!

[2025-02-21 08:58:53;INFO]best epoch: 281, best loss: 0.005143
[2025-02-21 08:58:53;INFO]----------------------------------------------------------------------------------------------------

[2025-02-21 08:58:53;INFO]Current Epoch: 294 / 500 | Learning Rate : 0.0008535533905940888
[2025-02-21 08:58:55;INFO]Train | Loss : 0.011123 | ACC : 3149/3150 (99.968%)
[2025-02-21 08:58:55;INFO]Valid | Loss : 0.016538 | ACC : 1344/1350 (99.556%)
[2025-02-21 08:58:55;INFO]      | Loss didn't drop!

[2025-02-21 08:58:55;INFO]best epoch: 281, best loss: 0.005143
[2025-02-21 08:58:55;INFO]----------------------------------------------------------------------------------------------------

[2025-02-21 08:58:55;INFO]Current Epoch: 295 / 500 | Learning Rate : 0.0005000000000005978
[2025-02-21 08:58:57;INFO]Train | Loss : 0.009569 | ACC : 3149/3150 (99.968%)
[2025-02-21 08:58:57;INFO]Valid | Loss : 0.020897 | ACC : 1346/1350 (99.704%)
[2025-02-21 08:58:57;INFO]      | Loss didn't drop!

[2025-02-21 08:58:57;INFO]best epoch: 281, best loss: 0.005143
[2025-02-21 08:58:57;INFO]----------------------------------------------------------------------------------------------------

[2025-02-21 08:58:57;INFO]Current Epoch: 296 / 500 | Learning Rate : 0.000146446609406936
[2025-02-21 08:58:59;INFO]Train | Loss : 0.008578 | ACC : 3149/3150 (99.968%)
[2025-02-21 08:59:00;INFO]Valid | Loss : 0.018054 | ACC : 1344/1350 (99.556%)
[2025-02-21 08:59:00;INFO]      | Loss didn't drop!

[2025-02-21 08:59:00;INFO]best epoch: 281, best loss: 0.005143
[2025-02-21 08:59:00;INFO]----------------------------------------------------------------------------------------------------

[2025-02-21 08:59:00;INFO]Current Epoch: 297 / 500 | Learning Rate : 0.0010000000000015066
[2025-02-21 08:59:01;INFO]Train | Loss : 0.009131 | ACC : 3149/3150 (99.968%)
[2025-02-21 08:59:02;INFO]Valid | Loss : 0.013052 | ACC : 1346/1350 (99.704%)
[2025-02-21 08:59:02;INFO]      | Loss didn't drop!

[2025-02-21 08:59:02;INFO]best epoch: 281, best loss: 0.005143
[2025-02-21 08:59:02;INFO]----------------------------------------------------------------------------------------------------

[2025-02-21 08:59:02;INFO]Current Epoch: 298 / 500 | Learning Rate : 0.00014644660940650532
[2025-02-21 08:59:03;INFO]Train | Loss : 0.009787 | ACC : 3149/3150 (99.968%)
[2025-02-21 08:59:04;INFO]Valid | Loss : 0.015755 | ACC : 1345/1350 (99.630%)
[2025-02-21 08:59:04;INFO]      | Loss didn't drop!

[2025-02-21 08:59:04;INFO]best epoch: 281, best loss: 0.005143
[2025-02-21 08:59:04;INFO]----------------------------------------------------------------------------------------------------

[2025-02-21 08:59:04;INFO]Current Epoch: 299 / 500 | Learning Rate : 0.0004999999999995491
[2025-02-21 08:59:06;INFO]Train | Loss : 0.008168 | ACC : 3150/3150 (100.000%)
[2025-02-21 08:59:06;INFO]Valid | Loss : 0.052280 | ACC : 1343/1350 (99.481%)
[2025-02-21 08:59:06;INFO]      | Loss didn't drop!

[2025-02-21 08:59:06;INFO]best epoch: 281, best loss: 0.005143
[2025-02-21 08:59:06;INFO]----------------------------------------------------------------------------------------------------

[2025-02-21 08:59:06;INFO]Current Epoch: 300 / 500 | Learning Rate : 0.0008535533905925578
[2025-02-21 08:59:08;INFO]Train | Loss : 0.007965 | ACC : 3150/3150 (100.000%)
[2025-02-21 08:59:08;INFO]Valid | Loss : 0.015843 | ACC : 1345/1350 (99.630%)
[2025-02-21 08:59:08;INFO]      | Loss didn't drop!

[2025-02-21 08:59:08;INFO]best epoch: 281, best loss: 0.005143
[2025-02-21 08:59:08;INFO]----------------------------------------------------------------------------------------------------

[2025-02-21 08:59:08;INFO]Current Epoch: 301 / 500 | Learning Rate : 0.0
[2025-02-21 08:59:10;INFO]Train | Loss : 0.007670 | ACC : 3150/3150 (100.000%)
[2025-02-21 08:59:10;INFO]Valid | Loss : 0.033587 | ACC : 1346/1350 (99.704%)
[2025-02-21 08:59:10;INFO]      | Loss didn't drop!

[2025-02-21 08:59:10;INFO]best epoch: 281, best loss: 0.005143
[2025-02-21 08:59:10;INFO]----------------------------------------------------------------------------------------------------

[2025-02-21 08:59:10;INFO]Current Epoch: 302 / 500 | Learning Rate : 0.0008535533905952973
[2025-02-21 08:59:12;INFO]Train | Loss : 0.007329 | ACC : 3150/3150 (100.000%)
[2025-02-21 08:59:13;INFO]Valid | Loss : 0.013073 | ACC : 1346/1350 (99.704%)
[2025-02-21 08:59:13;INFO]      | Loss didn't drop!

[2025-02-21 08:59:13;INFO]best epoch: 281, best loss: 0.005143
[2025-02-21 08:59:13;INFO]----------------------------------------------------------------------------------------------------

[2025-02-21 08:59:13;INFO]Current Epoch: 303 / 500 | Learning Rate : 0.0004999999999997821
[2025-02-21 08:59:14;INFO]Train | Loss : 0.006549 | ACC : 3150/3150 (100.000%)
[2025-02-21 08:59:15;INFO]Valid | Loss : 0.012371 | ACC : 1346/1350 (99.704%)
[2025-02-21 08:59:15;INFO]      | Loss didn't drop!

[2025-02-21 08:59:15;INFO]best epoch: 281, best loss: 0.005143
[2025-02-21 08:59:15;INFO]----------------------------------------------------------------------------------------------------

[2025-02-21 08:59:15;INFO]Current Epoch: 304 / 500 | Learning Rate : 0.0001464466094066705
[2025-02-21 08:59:16;INFO]Train | Loss : 0.006177 | ACC : 3150/3150 (100.000%)
[2025-02-21 08:59:17;INFO]Valid | Loss : 0.011396 | ACC : 1346/1350 (99.704%)
[2025-02-21 08:59:17;INFO]      | Loss didn't drop!

[2025-02-21 08:59:17;INFO]best epoch: 281, best loss: 0.005143
[2025-02-21 08:59:17;INFO]----------------------------------------------------------------------------------------------------

[2025-02-21 08:59:17;INFO]Current Epoch: 305 / 500 | Learning Rate : 0.0009999999999999913
[2025-02-21 08:59:19;INFO]Train | Loss : 0.006490 | ACC : 3150/3150 (100.000%)
[2025-02-21 08:59:19;INFO]Valid | Loss : 0.011887 | ACC : 1345/1350 (99.630%)
[2025-02-21 08:59:19;INFO]      | Loss didn't drop!

[2025-02-21 08:59:19;INFO]best epoch: 281, best loss: 0.005143
[2025-02-21 08:59:19;INFO]----------------------------------------------------------------------------------------------------

[2025-02-21 08:59:19;INFO]Current Epoch: 306 / 500 | Learning Rate : 0.00014644660940674837
[2025-02-21 08:59:21;INFO]Train | Loss : 0.006029 | ACC : 3150/3150 (100.000%)
[2025-02-21 08:59:21;INFO]Valid | Loss : 0.013384 | ACC : 1345/1350 (99.630%)
[2025-02-21 08:59:21;INFO]      | Loss didn't drop!

[2025-02-21 08:59:21;INFO]best epoch: 281, best loss: 0.005143
[2025-02-21 08:59:21;INFO]----------------------------------------------------------------------------------------------------

[2025-02-21 08:59:21;INFO]Current Epoch: 307 / 500 | Learning Rate : 0.0005000000000001748
[2025-02-21 08:59:23;INFO]Train | Loss : 0.006130 | ACC : 3150/3150 (100.000%)
[2025-02-21 08:59:23;INFO]Valid | Loss : 0.041358 | ACC : 1345/1350 (99.630%)
[2025-02-21 08:59:23;INFO]      | Loss didn't drop!

[2025-02-21 08:59:23;INFO]best epoch: 281, best loss: 0.005143
[2025-02-21 08:59:23;INFO]----------------------------------------------------------------------------------------------------

[2025-02-21 08:59:23;INFO]Current Epoch: 308 / 500 | Learning Rate : 0.0008535533905936823
[2025-02-21 08:59:25;INFO]Train | Loss : 0.006946 | ACC : 3149/3150 (99.968%)
[2025-02-21 08:59:26;INFO]Valid | Loss : 0.010155 | ACC : 1346/1350 (99.704%)
[2025-02-21 08:59:26;INFO]      | Loss didn't drop!

[2025-02-21 08:59:26;INFO]best epoch: 281, best loss: 0.005143
[2025-02-21 08:59:26;INFO]----------------------------------------------------------------------------------------------------

[2025-02-21 08:59:26;INFO]Current Epoch: 309 / 500 | Learning Rate : 0.0
[2025-02-21 08:59:27;INFO]Train | Loss : 0.005746 | ACC : 3150/3150 (100.000%)
[2025-02-21 08:59:28;INFO]Valid | Loss : 0.015785 | ACC : 1343/1350 (99.481%)
[2025-02-21 08:59:28;INFO]      | Loss didn't drop!

[2025-02-21 08:59:28;INFO]best epoch: 281, best loss: 0.005143
[2025-02-21 08:59:28;INFO]----------------------------------------------------------------------------------------------------

[2025-02-21 08:59:28;INFO]Current Epoch: 310 / 500 | Learning Rate : 0.0008535533905939615
[2025-02-21 08:59:29;INFO]Train | Loss : 0.005781 | ACC : 3150/3150 (100.000%)
[2025-02-21 08:59:30;INFO]Valid | Loss : 0.010550 | ACC : 1346/1350 (99.704%)
[2025-02-21 08:59:30;INFO]      | Loss didn't drop!

[2025-02-21 08:59:30;INFO]best epoch: 281, best loss: 0.005143
[2025-02-21 08:59:30;INFO]----------------------------------------------------------------------------------------------------

[2025-02-21 08:59:30;INFO]Current Epoch: 311 / 500 | Learning Rate : 0.0005000000000005271
[2025-02-21 08:59:32;INFO]Train | Loss : 0.005665 | ACC : 3150/3150 (100.000%)
[2025-02-21 08:59:32;INFO]Valid | Loss : 0.010268 | ACC : 1346/1350 (99.704%)
[2025-02-21 08:59:32;INFO]      | Loss didn't drop!

[2025-02-21 08:59:32;INFO]best epoch: 281, best loss: 0.005143
[2025-02-21 08:59:32;INFO]----------------------------------------------------------------------------------------------------

[2025-02-21 08:59:32;INFO]Current Epoch: 312 / 500 | Learning Rate : 0.00014644660940690935
[2025-02-21 08:59:34;INFO]Train | Loss : 0.005784 | ACC : 3150/3150 (100.000%)
[2025-02-21 08:59:34;INFO]Valid | Loss : 0.015025 | ACC : 1346/1350 (99.704%)
[2025-02-21 08:59:34;INFO]      | Loss didn't drop!

[2025-02-21 08:59:34;INFO]best epoch: 281, best loss: 0.005143
[2025-02-21 08:59:34;INFO]----------------------------------------------------------------------------------------------------

[2025-02-21 08:59:34;INFO]Current Epoch: 313 / 500 | Learning Rate : 0.001000000000001362
[2025-02-21 08:59:36;INFO]Train | Loss : 0.005438 | ACC : 3150/3150 (100.000%)
[2025-02-21 08:59:36;INFO]Valid | Loss : 0.010373 | ACC : 1345/1350 (99.630%)
[2025-02-21 08:59:36;INFO]      | Loss didn't drop!

[2025-02-21 08:59:36;INFO]best epoch: 281, best loss: 0.005143
[2025-02-21 08:59:36;INFO]----------------------------------------------------------------------------------------------------

[2025-02-21 08:59:36;INFO]Current Epoch: 314 / 500 | Learning Rate : 0.00014644660940699134
[2025-02-21 08:59:38;INFO]Train | Loss : 0.005123 | ACC : 3150/3150 (100.000%)
[2025-02-21 08:59:39;INFO]Valid | Loss : 0.012313 | ACC : 1345/1350 (99.630%)
[2025-02-21 08:59:39;INFO]      | Loss didn't drop!

[2025-02-21 08:59:39;INFO]best epoch: 281, best loss: 0.005143
[2025-02-21 08:59:39;INFO]----------------------------------------------------------------------------------------------------

[2025-02-21 08:59:39;INFO]Current Epoch: 315 / 500 | Learning Rate : 0.0005000000000008003
[2025-02-21 08:59:40;INFO]Train | Loss : 0.004705 | ACC : 3150/3150 (100.000%)
[2025-02-21 08:59:41;INFO]Valid | Loss : 0.012425 | ACC : 1346/1350 (99.704%)
[2025-02-21 08:59:41;INFO]      | Loss didn't drop!

[2025-02-21 08:59:41;INFO]best epoch: 281, best loss: 0.005143
[2025-02-21 08:59:41;INFO]----------------------------------------------------------------------------------------------------

[2025-02-21 08:59:41;INFO]Current Epoch: 316 / 500 | Learning Rate : 0.0008535533905924312
[2025-02-21 08:59:43;INFO]Train | Loss : 0.005381 | ACC : 3150/3150 (100.000%)
[2025-02-21 08:59:43;INFO]Valid | Loss : 0.011116 | ACC : 1346/1350 (99.704%)
[2025-02-21 08:59:43;INFO]      | Loss didn't drop!

[2025-02-21 08:59:43;INFO]best epoch: 281, best loss: 0.005143
[2025-02-21 08:59:43;INFO]----------------------------------------------------------------------------------------------------

[2025-02-21 08:59:43;INFO]Current Epoch: 317 / 500 | Learning Rate : 0.0
[2025-02-21 08:59:45;INFO]Train | Loss : 0.004718 | ACC : 3150/3150 (100.000%)
[2025-02-21 08:59:45;INFO]Valid | Loss : 0.010459 | ACC : 1346/1350 (99.704%)
[2025-02-21 08:59:45;INFO]      | Loss didn't drop!

[2025-02-21 08:59:45;INFO]best epoch: 281, best loss: 0.005143
[2025-02-21 08:59:45;INFO]----------------------------------------------------------------------------------------------------

[2025-02-21 08:59:45;INFO]Current Epoch: 318 / 500 | Learning Rate : 0.000853553390592699
[2025-02-21 08:59:47;INFO]Train | Loss : 0.004555 | ACC : 3150/3150 (100.000%)
[2025-02-21 08:59:47;INFO]Valid | Loss : 0.009765 | ACC : 1346/1350 (99.704%)
[2025-02-21 08:59:47;INFO]      | Loss didn't drop!

[2025-02-21 08:59:47;INFO]best epoch: 281, best loss: 0.005143
[2025-02-21 08:59:47;INFO]----------------------------------------------------------------------------------------------------

[2025-02-21 08:59:47;INFO]Current Epoch: 319 / 500 | Learning Rate : 0.0005000000000011587
[2025-02-21 08:59:49;INFO]Train | Loss : 0.004707 | ACC : 3150/3150 (100.000%)
[2025-02-21 08:59:49;INFO]Valid | Loss : 0.010121 | ACC : 1346/1350 (99.704%)
[2025-02-21 08:59:49;INFO]      | Loss didn't drop!

[2025-02-21 08:59:49;INFO]best epoch: 281, best loss: 0.005143
[2025-02-21 08:59:49;INFO]----------------------------------------------------------------------------------------------------

[2025-02-21 08:59:49;INFO]Current Epoch: 320 / 500 | Learning Rate : 0.00014644660940714836
[2025-02-21 08:59:51;INFO]Train | Loss : 0.004597 | ACC : 3150/3150 (100.000%)
[2025-02-21 08:59:52;INFO]Valid | Loss : 0.009299 | ACC : 1346/1350 (99.704%)
[2025-02-21 08:59:52;INFO]      | Loss didn't drop!

[2025-02-21 08:59:52;INFO]best epoch: 281, best loss: 0.005143
[2025-02-21 08:59:52;INFO]----------------------------------------------------------------------------------------------------

[2025-02-21 08:59:52;INFO]Current Epoch: 321 / 500 | Learning Rate : 0.0009999999999998378
[2025-02-21 08:59:53;INFO]Train | Loss : 0.004700 | ACC : 3150/3150 (100.000%)
[2025-02-21 08:59:54;INFO]Valid | Loss : 0.008756 | ACC : 1346/1350 (99.704%)
[2025-02-21 08:59:54;INFO]      | Loss didn't drop!

[2025-02-21 08:59:54;INFO]best epoch: 281, best loss: 0.005143
[2025-02-21 08:59:54;INFO]----------------------------------------------------------------------------------------------------

[2025-02-21 08:59:54;INFO]Current Epoch: 322 / 500 | Learning Rate : 0.0001464466094067301
[2025-02-21 08:59:56;INFO]Train | Loss : 0.004209 | ACC : 3150/3150 (100.000%)
[2025-02-21 08:59:56;INFO]Valid | Loss : 0.009321 | ACC : 1346/1350 (99.704%)
[2025-02-21 08:59:56;INFO]      | Loss didn't drop!

[2025-02-21 08:59:56;INFO]best epoch: 281, best loss: 0.005143
[2025-02-21 08:59:56;INFO]----------------------------------------------------------------------------------------------------

[2025-02-21 08:59:56;INFO]Current Epoch: 323 / 500 | Learning Rate : 0.0005000000000000924
[2025-02-21 08:59:58;INFO]Train | Loss : 0.004314 | ACC : 3150/3150 (100.000%)
[2025-02-21 08:59:58;INFO]Valid | Loss : 0.011833 | ACC : 1344/1350 (99.556%)
[2025-02-21 08:59:58;INFO]      | Loss didn't drop!

[2025-02-21 08:59:58;INFO]best epoch: 281, best loss: 0.005143
[2025-02-21 08:59:58;INFO]----------------------------------------------------------------------------------------------------

[2025-02-21 08:59:58;INFO]Current Epoch: 324 / 500 | Learning Rate : 0.0008535533905935632
[2025-02-21 09:00:00;INFO]Train | Loss : 0.004843 | ACC : 3150/3150 (100.000%)
[2025-02-21 09:00:00;INFO]Valid | Loss : 0.009362 | ACC : 1345/1350 (99.630%)
[2025-02-21 09:00:00;INFO]      | Loss didn't drop!

[2025-02-21 09:00:00;INFO]best epoch: 281, best loss: 0.005143
[2025-02-21 09:00:00;INFO]----------------------------------------------------------------------------------------------------

[2025-02-21 09:00:00;INFO]Current Epoch: 325 / 500 | Learning Rate : 0.0
[2025-02-21 09:00:02;INFO]Train | Loss : 0.004156 | ACC : 3150/3150 (100.000%)
[2025-02-21 09:00:02;INFO]Valid | Loss : 0.009860 | ACC : 1345/1350 (99.630%)
[2025-02-21 09:00:02;INFO]      | Loss didn't drop!

[2025-02-21 09:00:02;INFO]best epoch: 281, best loss: 0.005143
[2025-02-21 09:00:02;INFO]----------------------------------------------------------------------------------------------------

[2025-02-21 09:00:02;INFO]Current Epoch: 326 / 500 | Learning Rate : 0.000853553390593826
[2025-02-21 09:00:04;INFO]Train | Loss : 0.004121 | ACC : 3150/3150 (100.000%)
[2025-02-21 09:00:05;INFO]Valid | Loss : 0.010193 | ACC : 1347/1350 (99.778%)
[2025-02-21 09:00:05;INFO]      | Loss didn't drop!

[2025-02-21 09:00:05;INFO]best epoch: 281, best loss: 0.005143
[2025-02-21 09:00:05;INFO]----------------------------------------------------------------------------------------------------

[2025-02-21 09:00:05;INFO]Current Epoch: 327 / 500 | Learning Rate : 0.000500000000000461
[2025-02-21 09:00:06;INFO]Train | Loss : 0.003902 | ACC : 3150/3150 (100.000%)
[2025-02-21 09:00:07;INFO]Valid | Loss : 0.009076 | ACC : 1346/1350 (99.704%)
[2025-02-21 09:00:07;INFO]      | Loss didn't drop!

[2025-02-21 09:00:07;INFO]best epoch: 281, best loss: 0.005143
[2025-02-21 09:00:07;INFO]----------------------------------------------------------------------------------------------------

[2025-02-21 09:00:07;INFO]Current Epoch: 328 / 500 | Learning Rate : 0.00014644660940688414
[2025-02-21 09:00:08;INFO]Train | Loss : 0.004326 | ACC : 3150/3150 (100.000%)
[2025-02-21 09:00:09;INFO]Valid | Loss : 0.035889 | ACC : 1346/1350 (99.704%)
[2025-02-21 09:00:09;INFO]      | Loss didn't drop!

[2025-02-21 09:00:09;INFO]best epoch: 281, best loss: 0.005143
[2025-02-21 09:00:09;INFO]----------------------------------------------------------------------------------------------------

[2025-02-21 09:00:09;INFO]Current Epoch: 329 / 500 | Learning Rate : 0.0010000000000012087
[2025-02-21 09:00:11;INFO]Train | Loss : 0.003941 | ACC : 3150/3150 (100.000%)
[2025-02-21 09:00:11;INFO]Valid | Loss : 0.008519 | ACC : 1346/1350 (99.704%)
[2025-02-21 09:00:11;INFO]      | Loss didn't drop!

[2025-02-21 09:00:11;INFO]best epoch: 281, best loss: 0.005143
[2025-02-21 09:00:11;INFO]----------------------------------------------------------------------------------------------------

[2025-02-21 09:00:11;INFO]Current Epoch: 330 / 500 | Learning Rate : 0.00014644660940697307
[2025-02-21 09:00:13;INFO]Train | Loss : 0.003766 | ACC : 3150/3150 (100.000%)
[2025-02-21 09:00:13;INFO]Valid | Loss : 0.008496 | ACC : 1345/1350 (99.630%)
[2025-02-21 09:00:13;INFO]      | Loss didn't drop!

[2025-02-21 09:00:13;INFO]best epoch: 281, best loss: 0.005143
[2025-02-21 09:00:13;INFO]----------------------------------------------------------------------------------------------------

[2025-02-21 09:00:13;INFO]Current Epoch: 331 / 500 | Learning Rate : 0.0005000000000007178
[2025-02-21 09:00:15;INFO]Train | Loss : 0.003640 | ACC : 3150/3150 (100.000%)
[2025-02-21 09:00:15;INFO]Valid | Loss : 0.012162 | ACC : 1346/1350 (99.704%)
[2025-02-21 09:00:15;INFO]      | Loss didn't drop!

[2025-02-21 09:00:15;INFO]best epoch: 281, best loss: 0.005143
[2025-02-21 09:00:15;INFO]----------------------------------------------------------------------------------------------------

[2025-02-21 09:00:15;INFO]Current Epoch: 332 / 500 | Learning Rate : 0.0008535533905947759
[2025-02-21 09:00:17;INFO]Train | Loss : 0.003697 | ACC : 3150/3150 (100.000%)
[2025-02-21 09:00:18;INFO]Valid | Loss : 0.008393 | ACC : 1346/1350 (99.704%)
[2025-02-21 09:00:18;INFO]      | Loss didn't drop!

[2025-02-21 09:00:18;INFO]best epoch: 281, best loss: 0.005143
[2025-02-21 09:00:18;INFO]----------------------------------------------------------------------------------------------------

[2025-02-21 09:00:18;INFO]Current Epoch: 333 / 500 | Learning Rate : 0.0
[2025-02-21 09:00:19;INFO]Train | Loss : 0.003713 | ACC : 3150/3150 (100.000%)
[2025-02-21 09:00:20;INFO]Valid | Loss : 0.008927 | ACC : 1347/1350 (99.778%)
[2025-02-21 09:00:20;INFO]      | Loss didn't drop!

[2025-02-21 09:00:20;INFO]best epoch: 281, best loss: 0.005143
[2025-02-21 09:00:20;INFO]----------------------------------------------------------------------------------------------------

[2025-02-21 09:00:20;INFO]Current Epoch: 334 / 500 | Learning Rate : 0.0008535533905925715
[2025-02-21 09:00:21;INFO]Train | Loss : 0.003712 | ACC : 3150/3150 (100.000%)
[2025-02-21 09:00:22;INFO]Valid | Loss : 0.011894 | ACC : 1345/1350 (99.630%)
[2025-02-21 09:00:22;INFO]      | Loss didn't drop!

[2025-02-21 09:00:22;INFO]best epoch: 281, best loss: 0.005143
[2025-02-21 09:00:22;INFO]----------------------------------------------------------------------------------------------------

[2025-02-21 09:00:22;INFO]Current Epoch: 335 / 500 | Learning Rate : 0.0004999999999997587
[2025-02-21 09:00:24;INFO]Train | Loss : 0.004077 | ACC : 3150/3150 (100.000%)
[2025-02-21 09:00:24;INFO]Valid | Loss : 0.011536 | ACC : 1345/1350 (99.630%)
[2025-02-21 09:00:24;INFO]      | Loss didn't drop!

[2025-02-21 09:00:24;INFO]best epoch: 281, best loss: 0.005143
[2025-02-21 09:00:24;INFO]----------------------------------------------------------------------------------------------------

[2025-02-21 09:00:24;INFO]Current Epoch: 336 / 500 | Learning Rate : 0.00014644660940661865
[2025-02-21 09:00:26;INFO]Train | Loss : 0.003613 | ACC : 3150/3150 (100.000%)
[2025-02-21 09:00:26;INFO]Valid | Loss : 0.012575 | ACC : 1346/1350 (99.704%)
[2025-02-21 09:00:26;INFO]      | Loss didn't drop!

[2025-02-21 09:00:26;INFO]best epoch: 281, best loss: 0.005143
[2025-02-21 09:00:26;INFO]----------------------------------------------------------------------------------------------------

[2025-02-21 09:00:26;INFO]Current Epoch: 337 / 500 | Learning Rate : 0.0010000000000025793
[2025-02-21 09:00:28;INFO]Train | Loss : 0.003477 | ACC : 3150/3150 (100.000%)
[2025-02-21 09:00:28;INFO]Valid | Loss : 0.007665 | ACC : 1346/1350 (99.704%)
[2025-02-21 09:00:28;INFO]      | Loss didn't drop!

[2025-02-21 09:00:28;INFO]best epoch: 281, best loss: 0.005143
[2025-02-21 09:00:28;INFO]----------------------------------------------------------------------------------------------------

[2025-02-21 09:00:28;INFO]Current Epoch: 338 / 500 | Learning Rate : 0.0001464466094067131
[2025-02-21 09:00:30;INFO]Train | Loss : 0.003612 | ACC : 3150/3150 (100.000%)
[2025-02-21 09:00:31;INFO]Valid | Loss : 0.020696 | ACC : 1345/1350 (99.630%)
[2025-02-21 09:00:31;INFO]      | Loss didn't drop!

[2025-02-21 09:00:31;INFO]best epoch: 281, best loss: 0.005143
[2025-02-21 09:00:31;INFO]----------------------------------------------------------------------------------------------------

[2025-02-21 09:00:31;INFO]Current Epoch: 339 / 500 | Learning Rate : 0.000500000000000014
[2025-02-21 09:00:32;INFO]Train | Loss : 0.003551 | ACC : 3150/3150 (100.000%)
[2025-02-21 09:00:33;INFO]Valid | Loss : 0.029349 | ACC : 1346/1350 (99.704%)
[2025-02-21 09:00:33;INFO]      | Loss didn't drop!

[2025-02-21 09:00:33;INFO]best epoch: 281, best loss: 0.005143
[2025-02-21 09:00:33;INFO]----------------------------------------------------------------------------------------------------

[2025-02-21 09:00:33;INFO]Current Epoch: 340 / 500 | Learning Rate : 0.0008535533905934365
[2025-02-21 09:00:34;INFO]Train | Loss : 0.003282 | ACC : 3150/3150 (100.000%)
[2025-02-21 09:00:35;INFO]Valid | Loss : 0.008671 | ACC : 1347/1350 (99.778%)
[2025-02-21 09:00:35;INFO]      | Loss didn't drop!

[2025-02-21 09:00:35;INFO]best epoch: 281, best loss: 0.005143
[2025-02-21 09:00:35;INFO]----------------------------------------------------------------------------------------------------

[2025-02-21 09:00:35;INFO]Current Epoch: 341 / 500 | Learning Rate : 0.0
[2025-02-21 09:00:37;INFO]Train | Loss : 0.003234 | ACC : 3150/3150 (100.000%)
[2025-02-21 09:00:37;INFO]Valid | Loss : 0.008613 | ACC : 1346/1350 (99.704%)
[2025-02-21 09:00:37;INFO]      | Loss didn't drop!

[2025-02-21 09:00:37;INFO]best epoch: 281, best loss: 0.005143
[2025-02-21 09:00:37;INFO]----------------------------------------------------------------------------------------------------

[2025-02-21 09:00:37;INFO]Current Epoch: 342 / 500 | Learning Rate : 0.0008535533905937795
[2025-02-21 09:00:39;INFO]Train | Loss : 0.003295 | ACC : 3150/3150 (100.000%)
[2025-02-21 09:00:39;INFO]Valid | Loss : 0.007591 | ACC : 1346/1350 (99.704%)
[2025-02-21 09:00:39;INFO]      | Loss didn't drop!

[2025-02-21 09:00:39;INFO]best epoch: 281, best loss: 0.005143
[2025-02-21 09:00:39;INFO]----------------------------------------------------------------------------------------------------

[2025-02-21 09:00:39;INFO]Current Epoch: 343 / 500 | Learning Rate : 0.0005000000000002764
[2025-02-21 09:00:41;INFO]Train | Loss : 0.003937 | ACC : 3150/3150 (100.000%)
[2025-02-21 09:00:41;INFO]Valid | Loss : 0.008360 | ACC : 1347/1350 (99.778%)
[2025-02-21 09:00:41;INFO]      | Loss didn't drop!

[2025-02-21 09:00:41;INFO]best epoch: 281, best loss: 0.005143
[2025-02-21 09:00:41;INFO]----------------------------------------------------------------------------------------------------

[2025-02-21 09:00:41;INFO]Current Epoch: 344 / 500 | Learning Rate : 0.00014644660940685742
[2025-02-21 09:00:43;INFO]Train | Loss : 0.003416 | ACC : 3150/3150 (100.000%)
[2025-02-21 09:00:44;INFO]Valid | Loss : 0.008825 | ACC : 1347/1350 (99.778%)
[2025-02-21 09:00:44;INFO]      | Loss didn't drop!

[2025-02-21 09:00:44;INFO]best epoch: 281, best loss: 0.005143
[2025-02-21 09:00:44;INFO]----------------------------------------------------------------------------------------------------

[2025-02-21 09:00:44;INFO]Current Epoch: 345 / 500 | Learning Rate : 0.001000000000001055
[2025-02-21 09:00:45;INFO]Train | Loss : 0.003374 | ACC : 3150/3150 (100.000%)
[2025-02-21 09:00:46;INFO]Valid | Loss : 0.007088 | ACC : 1347/1350 (99.778%)
[2025-02-21 09:00:46;INFO]      | Loss didn't drop!

[2025-02-21 09:00:46;INFO]best epoch: 281, best loss: 0.005143
[2025-02-21 09:00:46;INFO]----------------------------------------------------------------------------------------------------

[2025-02-21 09:00:46;INFO]Current Epoch: 346 / 500 | Learning Rate : 0.0001464466094064518
[2025-02-21 09:00:48;INFO]Train | Loss : 0.003137 | ACC : 3150/3150 (100.000%)
[2025-02-21 09:00:48;INFO]Valid | Loss : 0.007592 | ACC : 1347/1350 (99.778%)
[2025-02-21 09:00:48;INFO]      | Loss didn't drop!

[2025-02-21 09:00:48;INFO]best epoch: 281, best loss: 0.005143
[2025-02-21 09:00:48;INFO]----------------------------------------------------------------------------------------------------

[2025-02-21 09:00:48;INFO]Current Epoch: 347 / 500 | Learning Rate : 0.000499999999999306
[2025-02-21 09:00:50;INFO]Train | Loss : 0.003269 | ACC : 3150/3150 (100.000%)
[2025-02-21 09:00:50;INFO]Valid | Loss : 0.010237 | ACC : 1345/1350 (99.630%)
[2025-02-21 09:00:50;INFO]      | Loss didn't drop!

[2025-02-21 09:00:50;INFO]best epoch: 281, best loss: 0.005143
[2025-02-21 09:00:50;INFO]----------------------------------------------------------------------------------------------------

[2025-02-21 09:00:50;INFO]Current Epoch: 348 / 500 | Learning Rate : 0.0008535533905946488
[2025-02-21 09:00:52;INFO]Train | Loss : 0.003152 | ACC : 3150/3150 (100.000%)
[2025-02-21 09:00:52;INFO]Valid | Loss : 0.008170 | ACC : 1347/1350 (99.778%)
[2025-02-21 09:00:52;INFO]      | Loss didn't drop!

[2025-02-21 09:00:52;INFO]best epoch: 281, best loss: 0.005143
[2025-02-21 09:00:52;INFO]----------------------------------------------------------------------------------------------------

[2025-02-21 09:00:52;INFO]Current Epoch: 349 / 500 | Learning Rate : 0.0
[2025-02-21 09:00:54;INFO]Train | Loss : 0.002875 | ACC : 3150/3150 (100.000%)
[2025-02-21 09:00:54;INFO]Valid | Loss : 0.010165 | ACC : 1347/1350 (99.778%)
[2025-02-21 09:00:54;INFO]      | Loss didn't drop!

[2025-02-21 09:00:54;INFO]best epoch: 281, best loss: 0.005143
[2025-02-21 09:00:54;INFO]----------------------------------------------------------------------------------------------------

[2025-02-21 09:00:54;INFO]Current Epoch: 350 / 500 | Learning Rate : 0.000853553390594907
[2025-02-21 09:00:56;INFO]Train | Loss : 0.003906 | ACC : 3150/3150 (100.000%)
[2025-02-21 09:00:57;INFO]Valid | Loss : 0.016957 | ACC : 1346/1350 (99.704%)
[2025-02-21 09:00:57;INFO]      | Loss didn't drop!

[2025-02-21 09:00:57;INFO]best epoch: 281, best loss: 0.005143
[2025-02-21 09:00:57;INFO]----------------------------------------------------------------------------------------------------

[2025-02-21 09:00:57;INFO]Current Epoch: 351 / 500 | Learning Rate : 0.0004999999999995787
[2025-02-21 09:00:58;INFO]Train | Loss : 0.003241 | ACC : 3150/3150 (100.000%)
[2025-02-21 09:00:59;INFO]Valid | Loss : 0.008397 | ACC : 1345/1350 (99.630%)
[2025-02-21 09:00:59;INFO]      | Loss didn't drop!

[2025-02-21 09:00:59;INFO]best epoch: 281, best loss: 0.005143
[2025-02-21 09:00:59;INFO]----------------------------------------------------------------------------------------------------

[2025-02-21 09:00:59;INFO]Current Epoch: 352 / 500 | Learning Rate : 0.0001464466094065933
[2025-02-21 09:01:01;INFO]Train | Loss : 0.002739 | ACC : 3150/3150 (100.000%)
[2025-02-21 09:01:01;INFO]Valid | Loss : 0.008198 | ACC : 1347/1350 (99.778%)
[2025-02-21 09:01:01;INFO]      | Loss didn't drop!

[2025-02-21 09:01:01;INFO]best epoch: 281, best loss: 0.005143
[2025-02-21 09:01:01;INFO]----------------------------------------------------------------------------------------------------

[2025-02-21 09:01:01;INFO]Current Epoch: 353 / 500 | Learning Rate : 0.00099999999999954
[2025-02-21 09:01:03;INFO]Train | Loss : 0.002748 | ACC : 3150/3150 (100.000%)
[2025-02-21 09:01:03;INFO]Valid | Loss : 0.007516 | ACC : 1346/1350 (99.704%)
[2025-02-21 09:01:03;INFO]      | Loss didn't drop!

[2025-02-21 09:01:03;INFO]best epoch: 281, best loss: 0.005143
[2025-02-21 09:01:03;INFO]----------------------------------------------------------------------------------------------------

[2025-02-21 09:01:03;INFO]Current Epoch: 354 / 500 | Learning Rate : 0.00014644660940711868
[2025-02-21 09:01:05;INFO]Train | Loss : 0.002876 | ACC : 3150/3150 (100.000%)
[2025-02-21 09:01:05;INFO]Valid | Loss : 0.009224 | ACC : 1347/1350 (99.778%)
[2025-02-21 09:01:05;INFO]      | Loss didn't drop!

[2025-02-21 09:01:05;INFO]best epoch: 281, best loss: 0.005143
[2025-02-21 09:01:05;INFO]----------------------------------------------------------------------------------------------------

[2025-02-21 09:01:05;INFO]Current Epoch: 355 / 500 | Learning Rate : 0.0005000000000013789
[2025-02-21 09:01:07;INFO]Train | Loss : 0.002825 | ACC : 3150/3150 (100.000%)
[2025-02-21 09:01:07;INFO]Valid | Loss : 0.007583 | ACC : 1347/1350 (99.778%)
[2025-02-21 09:01:07;INFO]      | Loss didn't drop!

[2025-02-21 09:01:07;INFO]best epoch: 281, best loss: 0.005143
[2025-02-21 09:01:07;INFO]----------------------------------------------------------------------------------------------------

[2025-02-21 09:01:07;INFO]Current Epoch: 356 / 500 | Learning Rate : 0.0008535533905933174
[2025-02-21 09:01:09;INFO]Train | Loss : 0.002827 | ACC : 3150/3150 (100.000%)
[2025-02-21 09:01:10;INFO]Valid | Loss : 0.007356 | ACC : 1346/1350 (99.704%)
[2025-02-21 09:01:10;INFO]      | Loss didn't drop!

[2025-02-21 09:01:10;INFO]best epoch: 281, best loss: 0.005143
[2025-02-21 09:01:10;INFO]----------------------------------------------------------------------------------------------------

[2025-02-21 09:01:10;INFO]Current Epoch: 357 / 500 | Learning Rate : 0.0
[2025-02-21 09:01:11;INFO]Train | Loss : 0.002795 | ACC : 3150/3150 (100.000%)
[2025-02-21 09:01:12;INFO]Valid | Loss : 0.007924 | ACC : 1346/1350 (99.704%)
[2025-02-21 09:01:12;INFO]      | Loss didn't drop!

[2025-02-21 09:01:12;INFO]best epoch: 281, best loss: 0.005143
[2025-02-21 09:01:12;INFO]----------------------------------------------------------------------------------------------------

[2025-02-21 09:01:12;INFO]Current Epoch: 358 / 500 | Learning Rate : 0.0008535533905935641
[2025-02-21 09:01:14;INFO]Train | Loss : 0.002503 | ACC : 3150/3150 (100.000%)
[2025-02-21 09:01:14;INFO]Valid | Loss : 0.007004 | ACC : 1347/1350 (99.778%)
[2025-02-21 09:01:14;INFO]      | Loss didn't drop!

[2025-02-21 09:01:14;INFO]best epoch: 281, best loss: 0.005143
[2025-02-21 09:01:14;INFO]----------------------------------------------------------------------------------------------------

[2025-02-21 09:01:14;INFO]Current Epoch: 359 / 500 | Learning Rate : 0.0005000000000003191
[2025-02-21 09:01:16;INFO]Train | Loss : 0.002581 | ACC : 3150/3150 (100.000%)
[2025-02-21 09:01:16;INFO]Valid | Loss : 0.007857 | ACC : 1347/1350 (99.778%)
[2025-02-21 09:01:16;INFO]      | Loss didn't drop!

[2025-02-21 09:01:16;INFO]best epoch: 281, best loss: 0.005143
[2025-02-21 09:01:16;INFO]----------------------------------------------------------------------------------------------------

[2025-02-21 09:01:16;INFO]Current Epoch: 360 / 500 | Learning Rate : 0.00014644660940683077
[2025-02-21 09:01:18;INFO]Train | Loss : 0.002567 | ACC : 3150/3150 (100.000%)
[2025-02-21 09:01:18;INFO]Valid | Loss : 0.007739 | ACC : 1347/1350 (99.778%)
[2025-02-21 09:01:18;INFO]      | Loss didn't drop!

[2025-02-21 09:01:18;INFO]best epoch: 281, best loss: 0.005143
[2025-02-21 09:01:18;INFO]----------------------------------------------------------------------------------------------------

[2025-02-21 09:01:18;INFO]Current Epoch: 361 / 500 | Learning Rate : 0.0010000000000009103
[2025-02-21 09:01:20;INFO]Train | Loss : 0.002703 | ACC : 3150/3150 (100.000%)
[2025-02-21 09:01:20;INFO]Valid | Loss : 0.006964 | ACC : 1347/1350 (99.778%)
[2025-02-21 09:01:20;INFO]      | Loss didn't drop!

[2025-02-21 09:01:20;INFO]best epoch: 281, best loss: 0.005143
[2025-02-21 09:01:20;INFO]----------------------------------------------------------------------------------------------------

[2025-02-21 09:01:20;INFO]Current Epoch: 362 / 500 | Learning Rate : 0.00014644660940685742
[2025-02-21 09:01:22;INFO]Train | Loss : 0.002785 | ACC : 3150/3150 (100.000%)
[2025-02-21 09:01:23;INFO]Valid | Loss : 0.010101 | ACC : 1347/1350 (99.778%)
[2025-02-21 09:01:23;INFO]      | Loss didn't drop!

[2025-02-21 09:01:23;INFO]best epoch: 281, best loss: 0.005143
[2025-02-21 09:01:23;INFO]----------------------------------------------------------------------------------------------------

[2025-02-21 09:01:23;INFO]Current Epoch: 363 / 500 | Learning Rate : 0.0005000000000006705
[2025-02-21 09:01:24;INFO]Train | Loss : 0.002633 | ACC : 3150/3150 (100.000%)
[2025-02-21 09:01:25;INFO]Valid | Loss : 0.014655 | ACC : 1346/1350 (99.704%)
[2025-02-21 09:01:25;INFO]      | Loss didn't drop!

[2025-02-21 09:01:25;INFO]best epoch: 281, best loss: 0.005143
[2025-02-21 09:01:25;INFO]----------------------------------------------------------------------------------------------------

[2025-02-21 09:01:25;INFO]Current Epoch: 364 / 500 | Learning Rate : 0.0008535533905919786
[2025-02-21 09:01:27;INFO]Train | Loss : 0.002453 | ACC : 3150/3150 (100.000%)
[2025-02-21 09:01:27;INFO]Valid | Loss : 0.007007 | ACC : 1347/1350 (99.778%)
[2025-02-21 09:01:27;INFO]      | Loss didn't drop!

[2025-02-21 09:01:27;INFO]best epoch: 281, best loss: 0.005143
[2025-02-21 09:01:27;INFO]----------------------------------------------------------------------------------------------------

[2025-02-21 09:01:27;INFO]Current Epoch: 365 / 500 | Learning Rate : 0.0
[2025-02-21 09:01:29;INFO]Train | Loss : 0.002414 | ACC : 3150/3150 (100.000%)
[2025-02-21 09:01:29;INFO]Valid | Loss : 0.007622 | ACC : 1348/1350 (99.852%)
[2025-02-21 09:01:29;INFO]      | Loss didn't drop!

[2025-02-21 09:01:29;INFO]best epoch: 281, best loss: 0.005143
[2025-02-21 09:01:29;INFO]----------------------------------------------------------------------------------------------------

[2025-02-21 09:01:29;INFO]Current Epoch: 366 / 500 | Learning Rate : 0.0008535533905947727
[2025-02-21 09:01:31;INFO]Train | Loss : 0.002536 | ACC : 3150/3150 (100.000%)
[2025-02-21 09:01:31;INFO]Valid | Loss : 0.008626 | ACC : 1347/1350 (99.778%)
[2025-02-21 09:01:31;INFO]      | Loss didn't drop!

[2025-02-21 09:01:31;INFO]best epoch: 281, best loss: 0.005143
[2025-02-21 09:01:31;INFO]----------------------------------------------------------------------------------------------------

[2025-02-21 09:01:31;INFO]Current Epoch: 367 / 500 | Learning Rate : 0.0005000000000009507
[2025-02-21 09:01:33;INFO]Train | Loss : 0.002414 | ACC : 3150/3150 (100.000%)
[2025-02-21 09:01:33;INFO]Valid | Loss : 0.006372 | ACC : 1347/1350 (99.778%)
[2025-02-21 09:01:33;INFO]      | Loss didn't drop!

[2025-02-21 09:01:33;INFO]best epoch: 281, best loss: 0.005143
[2025-02-21 09:01:33;INFO]----------------------------------------------------------------------------------------------------

[2025-02-21 09:01:33;INFO]Current Epoch: 368 / 500 | Learning Rate : 0.0001464466094070698
[2025-02-21 09:01:35;INFO]Train | Loss : 0.002458 | ACC : 3150/3150 (100.000%)
[2025-02-21 09:01:36;INFO]Valid | Loss : 0.007591 | ACC : 1346/1350 (99.704%)
[2025-02-21 09:01:36;INFO]      | Loss didn't drop!

[2025-02-21 09:01:36;INFO]best epoch: 281, best loss: 0.005143
[2025-02-21 09:01:36;INFO]----------------------------------------------------------------------------------------------------

[2025-02-21 09:01:36;INFO]Current Epoch: 369 / 500 | Learning Rate : 0.000999999999999387
[2025-02-21 09:01:37;INFO]Train | Loss : 0.002267 | ACC : 3150/3150 (100.000%)
[2025-02-21 09:01:38;INFO]Valid | Loss : 0.006578 | ACC : 1346/1350 (99.704%)
[2025-02-21 09:01:38;INFO]      | Loss didn't drop!

[2025-02-21 09:01:38;INFO]best epoch: 281, best loss: 0.005143
[2025-02-21 09:01:38;INFO]----------------------------------------------------------------------------------------------------

[2025-02-21 09:01:38;INFO]Current Epoch: 370 / 500 | Learning Rate : 0.00014644660940667776
[2025-02-21 09:01:40;INFO]Train | Loss : 0.002367 | ACC : 3150/3150 (100.000%)
[2025-02-21 09:01:40;INFO]Valid | Loss : 0.007458 | ACC : 1346/1350 (99.704%)
[2025-02-21 09:01:40;INFO]      | Loss didn't drop!

[2025-02-21 09:01:40;INFO]best epoch: 281, best loss: 0.005143
[2025-02-21 09:01:40;INFO]----------------------------------------------------------------------------------------------------

[2025-02-21 09:01:40;INFO]Current Epoch: 371 / 500 | Learning Rate : 0.0004999999999998535
[2025-02-21 09:01:42;INFO]Train | Loss : 0.002195 | ACC : 3150/3150 (100.000%)
[2025-02-21 09:01:42;INFO]Valid | Loss : 0.009693 | ACC : 1347/1350 (99.778%)
[2025-02-21 09:01:42;INFO]      | Loss didn't drop!

[2025-02-21 09:01:42;INFO]best epoch: 281, best loss: 0.005143
[2025-02-21 09:01:42;INFO]----------------------------------------------------------------------------------------------------

[2025-02-21 09:01:42;INFO]Current Epoch: 372 / 500 | Learning Rate : 0.0008535533905956612
[2025-02-21 09:01:44;INFO]Train | Loss : 0.002244 | ACC : 3150/3150 (100.000%)
[2025-02-21 09:01:44;INFO]Valid | Loss : 0.006517 | ACC : 1347/1350 (99.778%)
[2025-02-21 09:01:44;INFO]      | Loss didn't drop!

[2025-02-21 09:01:44;INFO]best epoch: 281, best loss: 0.005143
[2025-02-21 09:01:44;INFO]----------------------------------------------------------------------------------------------------

[2025-02-21 09:01:44;INFO]Current Epoch: 373 / 500 | Learning Rate : 0.0
[2025-02-21 09:01:46;INFO]Train | Loss : 0.002314 | ACC : 3150/3150 (100.000%)
[2025-02-21 09:01:46;INFO]Valid | Loss : 0.007031 | ACC : 1346/1350 (99.704%)
[2025-02-21 09:01:46;INFO]      | Loss didn't drop!

[2025-02-21 09:01:46;INFO]best epoch: 281, best loss: 0.005143
[2025-02-21 09:01:46;INFO]----------------------------------------------------------------------------------------------------

[2025-02-21 09:01:46;INFO]Current Epoch: 374 / 500 | Learning Rate : 0.000853553390593437
[2025-02-21 09:01:48;INFO]Train | Loss : 0.002357 | ACC : 3150/3150 (100.000%)
[2025-02-21 09:01:49;INFO]Valid | Loss : 0.006988 | ACC : 1346/1350 (99.704%)
[2025-02-21 09:01:49;INFO]      | Loss didn't drop!

[2025-02-21 09:01:49;INFO]best epoch: 281, best loss: 0.005143
[2025-02-21 09:01:49;INFO]----------------------------------------------------------------------------------------------------

[2025-02-21 09:01:49;INFO]Current Epoch: 375 / 500 | Learning Rate : 0.0005000000000002532
[2025-02-21 09:01:50;INFO]Train | Loss : 0.002227 | ACC : 3150/3150 (100.000%)
[2025-02-21 09:01:51;INFO]Valid | Loss : 0.006664 | ACC : 1347/1350 (99.778%)
[2025-02-21 09:01:51;INFO]      | Loss didn't drop!

[2025-02-21 09:01:51;INFO]best epoch: 281, best loss: 0.005143
[2025-02-21 09:01:51;INFO]----------------------------------------------------------------------------------------------------

[2025-02-21 09:01:51;INFO]Current Epoch: 376 / 500 | Learning Rate : 0.00014644660940680564
[2025-02-21 09:01:53;INFO]Train | Loss : 0.002213 | ACC : 3150/3150 (100.000%)
[2025-02-21 09:01:53;INFO]Valid | Loss : 0.006074 | ACC : 1347/1350 (99.778%)
[2025-02-21 09:01:53;INFO]      | Loss didn't drop!

[2025-02-21 09:01:53;INFO]best epoch: 281, best loss: 0.005143
[2025-02-21 09:01:53;INFO]----------------------------------------------------------------------------------------------------

[2025-02-21 09:01:53;INFO]Current Epoch: 377 / 500 | Learning Rate : 0.0010000000000007566
[2025-02-21 09:01:55;INFO]Train | Loss : 0.002226 | ACC : 3150/3150 (100.000%)
[2025-02-21 09:01:55;INFO]Valid | Loss : 0.006220 | ACC : 1347/1350 (99.778%)
[2025-02-21 09:01:55;INFO]      | Loss didn't drop!

[2025-02-21 09:01:55;INFO]best epoch: 281, best loss: 0.005143
[2025-02-21 09:01:55;INFO]----------------------------------------------------------------------------------------------------

[2025-02-21 09:01:55;INFO]Current Epoch: 378 / 500 | Learning Rate : 0.00014644660940692084
[2025-02-21 09:01:57;INFO]Train | Loss : 0.002216 | ACC : 3150/3150 (100.000%)
[2025-02-21 09:01:57;INFO]Valid | Loss : 0.007467 | ACC : 1347/1350 (99.778%)
[2025-02-21 09:01:57;INFO]      | Loss didn't drop!

[2025-02-21 09:01:57;INFO]best epoch: 281, best loss: 0.005143
[2025-02-21 09:01:57;INFO]----------------------------------------------------------------------------------------------------

[2025-02-21 09:01:57;INFO]Current Epoch: 379 / 500 | Learning Rate : 0.0005000000000004788
[2025-02-21 09:01:59;INFO]Train | Loss : 0.002209 | ACC : 3150/3150 (100.000%)
[2025-02-21 09:01:59;INFO]Valid | Loss : 0.007730 | ACC : 1345/1350 (99.630%)
[2025-02-21 09:01:59;INFO]      | Loss didn't drop!

[2025-02-21 09:01:59;INFO]best epoch: 281, best loss: 0.005143
[2025-02-21 09:01:59;INFO]----------------------------------------------------------------------------------------------------

[2025-02-21 09:01:59;INFO]Current Epoch: 380 / 500 | Learning Rate : 0.0008535533905944025
[2025-02-21 09:02:01;INFO]Train | Loss : 0.002688 | ACC : 3150/3150 (100.000%)
[2025-02-21 09:02:02;INFO]Valid | Loss : 0.007357 | ACC : 1346/1350 (99.704%)
[2025-02-21 09:02:02;INFO]      | Loss didn't drop!

[2025-02-21 09:02:02;INFO]best epoch: 281, best loss: 0.005143
[2025-02-21 09:02:02;INFO]----------------------------------------------------------------------------------------------------

[2025-02-21 09:02:02;INFO]Current Epoch: 381 / 500 | Learning Rate : 0.0
[2025-02-21 09:02:03;INFO]Train | Loss : 0.002175 | ACC : 3150/3150 (100.000%)
[2025-02-21 09:02:04;INFO]Valid | Loss : 0.008474 | ACC : 1347/1350 (99.778%)
[2025-02-21 09:02:04;INFO]      | Loss didn't drop!

[2025-02-21 09:02:04;INFO]best epoch: 281, best loss: 0.005143
[2025-02-21 09:02:04;INFO]----------------------------------------------------------------------------------------------------

[2025-02-21 09:02:04;INFO]Current Epoch: 382 / 500 | Learning Rate : 0.000853553390592174
[2025-02-21 09:02:06;INFO]Train | Loss : 0.002118 | ACC : 3150/3150 (100.000%)
[2025-02-21 09:02:06;INFO]Valid | Loss : 0.007498 | ACC : 1347/1350 (99.778%)
[2025-02-21 09:02:06;INFO]      | Loss didn't drop!

[2025-02-21 09:02:06;INFO]best epoch: 281, best loss: 0.005143
[2025-02-21 09:02:06;INFO]----------------------------------------------------------------------------------------------------

[2025-02-21 09:02:06;INFO]Current Epoch: 383 / 500 | Learning Rate : 0.0005000000000008845
[2025-02-21 09:02:08;INFO]Train | Loss : 0.002038 | ACC : 3150/3150 (100.000%)
[2025-02-21 09:02:08;INFO]Valid | Loss : 0.005766 | ACC : 1346/1350 (99.704%)
[2025-02-21 09:02:08;INFO]      | Loss didn't drop!

[2025-02-21 09:02:08;INFO]best epoch: 281, best loss: 0.005143
[2025-02-21 09:02:08;INFO]----------------------------------------------------------------------------------------------------

[2025-02-21 09:02:08;INFO]Current Epoch: 384 / 500 | Learning Rate : 0.00014644660940704447
[2025-02-21 09:02:10;INFO]Train | Loss : 0.002077 | ACC : 3150/3150 (100.000%)
[2025-02-21 09:02:10;INFO]Valid | Loss : 0.018517 | ACC : 1346/1350 (99.704%)
[2025-02-21 09:02:10;INFO]      | Loss didn't drop!

[2025-02-21 09:02:10;INFO]best epoch: 281, best loss: 0.005143
[2025-02-21 09:02:10;INFO]----------------------------------------------------------------------------------------------------

[2025-02-21 09:02:10;INFO]Current Epoch: 385 / 500 | Learning Rate : 0.0010000000000021283
[2025-02-21 09:02:12;INFO]Train | Loss : 0.002082 | ACC : 3150/3150 (100.000%)
[2025-02-21 09:02:12;INFO]Valid | Loss : 0.006244 | ACC : 1347/1350 (99.778%)
[2025-02-21 09:02:12;INFO]      | Loss didn't drop!

[2025-02-21 09:02:12;INFO]best epoch: 281, best loss: 0.005143
[2025-02-21 09:02:12;INFO]----------------------------------------------------------------------------------------------------

[2025-02-21 09:02:12;INFO]Current Epoch: 386 / 500 | Learning Rate : 0.00014644660940657915
[2025-02-21 09:02:14;INFO]Train | Loss : 0.002177 | ACC : 3150/3150 (100.000%)
[2025-02-21 09:02:15;INFO]Valid | Loss : 0.107073 | ACC : 1293/1350 (95.778%)
[2025-02-21 09:02:15;INFO]      | Loss didn't drop!

[2025-02-21 09:02:15;INFO]best epoch: 281, best loss: 0.005143
[2025-02-21 09:02:15;INFO]----------------------------------------------------------------------------------------------------

[2025-02-21 09:02:15;INFO]Current Epoch: 387 / 500 | Learning Rate : 0.0004999999999997709
[2025-02-21 09:02:16;INFO]Train | Loss : 0.001973 | ACC : 3150/3150 (100.000%)
[2025-02-21 09:02:17;INFO]Valid | Loss : 0.007764 | ACC : 1347/1350 (99.778%)
[2025-02-21 09:02:17;INFO]      | Loss didn't drop!

[2025-02-21 09:02:17;INFO]best epoch: 281, best loss: 0.005143
[2025-02-21 09:02:17;INFO]----------------------------------------------------------------------------------------------------

[2025-02-21 09:02:17;INFO]Current Epoch: 388 / 500 | Learning Rate : 0.0008535533905930715
[2025-02-21 09:02:19;INFO]Train | Loss : 0.001827 | ACC : 3150/3150 (100.000%)
[2025-02-21 09:02:19;INFO]Valid | Loss : 0.006180 | ACC : 1346/1350 (99.704%)
[2025-02-21 09:02:19;INFO]      | Loss didn't drop!

[2025-02-21 09:02:19;INFO]best epoch: 281, best loss: 0.005143
[2025-02-21 09:02:19;INFO]----------------------------------------------------------------------------------------------------

[2025-02-21 09:02:19;INFO]Current Epoch: 389 / 500 | Learning Rate : 0.0
[2025-02-21 09:02:21;INFO]Train | Loss : 0.001745 | ACC : 3150/3150 (100.000%)
[2025-02-21 09:02:21;INFO]Valid | Loss : 0.005694 | ACC : 1347/1350 (99.778%)
[2025-02-21 09:02:21;INFO]      | Loss didn't drop!

[2025-02-21 09:02:21;INFO]best epoch: 281, best loss: 0.005143
[2025-02-21 09:02:21;INFO]----------------------------------------------------------------------------------------------------

[2025-02-21 09:02:21;INFO]Current Epoch: 390 / 500 | Learning Rate : 0.0008535533905958454
[2025-02-21 09:02:23;INFO]Train | Loss : 0.001864 | ACC : 3150/3150 (100.000%)
[2025-02-21 09:02:23;INFO]Valid | Loss : 0.006076 | ACC : 1347/1350 (99.778%)
[2025-02-21 09:02:23;INFO]      | Loss didn't drop!

[2025-02-21 09:02:23;INFO]best epoch: 281, best loss: 0.005143
[2025-02-21 09:02:23;INFO]----------------------------------------------------------------------------------------------------

[2025-02-21 09:02:23;INFO]Current Epoch: 391 / 500 | Learning Rate : 0.0005000000000001823
[2025-02-21 09:02:25;INFO]Train | Loss : 0.001895 | ACC : 3150/3150 (100.000%)
[2025-02-21 09:02:25;INFO]Valid | Loss : 0.006412 | ACC : 1347/1350 (99.778%)
[2025-02-21 09:02:25;INFO]      | Loss didn't drop!

[2025-02-21 09:02:25;INFO]best epoch: 281, best loss: 0.005143
[2025-02-21 09:02:25;INFO]----------------------------------------------------------------------------------------------------

[2025-02-21 09:02:25;INFO]Current Epoch: 392 / 500 | Learning Rate : 0.000146446609406779
[2025-02-21 09:02:27;INFO]Train | Loss : 0.001852 | ACC : 3150/3150 (100.000%)
[2025-02-21 09:02:28;INFO]Valid | Loss : 0.006590 | ACC : 1348/1350 (99.852%)
[2025-02-21 09:02:28;INFO]      | Loss didn't drop!

[2025-02-21 09:02:28;INFO]best epoch: 281, best loss: 0.005143
[2025-02-21 09:02:28;INFO]----------------------------------------------------------------------------------------------------

[2025-02-21 09:02:28;INFO]Current Epoch: 393 / 500 | Learning Rate : 0.0010000000000006124
[2025-02-21 09:02:29;INFO]Train | Loss : 0.001798 | ACC : 3150/3150 (100.000%)
[2025-02-21 09:02:30;INFO]Valid | Loss : 0.005929 | ACC : 1347/1350 (99.778%)
[2025-02-21 09:02:30;INFO]      | Loss didn't drop!

[2025-02-21 09:02:30;INFO]best epoch: 281, best loss: 0.005143
[2025-02-21 09:02:30;INFO]----------------------------------------------------------------------------------------------------

[2025-02-21 09:02:30;INFO]Current Epoch: 394 / 500 | Learning Rate : 0.00014644660940682215
[2025-02-21 09:02:32;INFO]Train | Loss : 0.001849 | ACC : 3150/3150 (100.000%)
[2025-02-21 09:02:32;INFO]Valid | Loss : 0.005722 | ACC : 1347/1350 (99.778%)
[2025-02-21 09:02:32;INFO]      | Loss didn't drop!

[2025-02-21 09:02:32;INFO]best epoch: 281, best loss: 0.005143
[2025-02-21 09:02:32;INFO]----------------------------------------------------------------------------------------------------

[2025-02-21 09:02:32;INFO]Current Epoch: 395 / 500 | Learning Rate : 0.0005000000000005102
[2025-02-21 09:02:34;INFO]Train | Loss : 0.001672 | ACC : 3150/3150 (100.000%)
[2025-02-21 09:02:34;INFO]Valid | Loss : 0.005904 | ACC : 1347/1350 (99.778%)
[2025-02-21 09:02:34;INFO]      | Loss didn't drop!

[2025-02-21 09:02:34;INFO]best epoch: 281, best loss: 0.005143
[2025-02-21 09:02:34;INFO]----------------------------------------------------------------------------------------------------

[2025-02-21 09:02:34;INFO]Current Epoch: 396 / 500 | Learning Rate : 0.0008535533905942766
[2025-02-21 09:02:36;INFO]Train | Loss : 0.001674 | ACC : 3150/3150 (100.000%)
[2025-02-21 09:02:36;INFO]Valid | Loss : 0.005801 | ACC : 1347/1350 (99.778%)
[2025-02-21 09:02:36;INFO]      | Loss didn't drop!

[2025-02-21 09:02:36;INFO]best epoch: 281, best loss: 0.005143
[2025-02-21 09:02:36;INFO]----------------------------------------------------------------------------------------------------

[2025-02-21 09:02:36;INFO]Current Epoch: 397 / 500 | Learning Rate : 0.0
[2025-02-21 09:02:38;INFO]Train | Loss : 0.001788 | ACC : 3150/3150 (100.000%)
[2025-02-21 09:02:38;INFO]Valid | Loss : 0.005830 | ACC : 1348/1350 (99.852%)
[2025-02-21 09:02:38;INFO]      | Loss didn't drop!

[2025-02-21 09:02:38;INFO]best epoch: 281, best loss: 0.005143
[2025-02-21 09:02:38;INFO]----------------------------------------------------------------------------------------------------

[2025-02-21 09:02:38;INFO]Current Epoch: 398 / 500 | Learning Rate : 0.0008535533905945106
[2025-02-21 09:02:40;INFO]Train | Loss : 0.001692 | ACC : 3150/3150 (100.000%)
[2025-02-21 09:02:41;INFO]Valid | Loss : 0.005617 | ACC : 1347/1350 (99.778%)
[2025-02-21 09:02:41;INFO]      | Loss didn't drop!

[2025-02-21 09:02:41;INFO]best epoch: 281, best loss: 0.005143
[2025-02-21 09:02:41;INFO]----------------------------------------------------------------------------------------------------

[2025-02-21 09:02:41;INFO]Current Epoch: 399 / 500 | Learning Rate : 0.0004999999999993707
[2025-02-21 09:02:42;INFO]Train | Loss : 0.001757 | ACC : 3150/3150 (100.000%)
[2025-02-21 09:02:43;INFO]Valid | Loss : 0.006572 | ACC : 1347/1350 (99.778%)
[2025-02-21 09:02:43;INFO]      | Loss didn't drop!

[2025-02-21 09:02:43;INFO]best epoch: 281, best loss: 0.005143
[2025-02-21 09:02:43;INFO]----------------------------------------------------------------------------------------------------

[2025-02-21 09:02:43;INFO]Current Epoch: 400 / 500 | Learning Rate : 0.00014644660940651475
[2025-02-21 09:02:45;INFO]Train | Loss : 0.001729 | ACC : 3150/3150 (100.000%)
[2025-02-21 09:02:45;INFO]Valid | Loss : 0.005749 | ACC : 1347/1350 (99.778%)
[2025-02-21 09:02:45;INFO]      | Loss didn't drop!

[2025-02-21 09:02:45;INFO]best epoch: 281, best loss: 0.005143
[2025-02-21 09:02:45;INFO]----------------------------------------------------------------------------------------------------

[2025-02-21 09:02:45;INFO]Current Epoch: 401 / 500 | Learning Rate : 0.001000000000001984
[2025-02-21 09:02:47;INFO]Train | Loss : 0.001678 | ACC : 3150/3150 (100.000%)
[2025-02-21 09:02:47;INFO]Valid | Loss : 0.005509 | ACC : 1346/1350 (99.704%)
[2025-02-21 09:02:47;INFO]      | Loss didn't drop!

[2025-02-21 09:02:47;INFO]best epoch: 281, best loss: 0.005143
[2025-02-21 09:02:47;INFO]----------------------------------------------------------------------------------------------------

[2025-02-21 09:02:47;INFO]Current Epoch: 402 / 500 | Learning Rate : 0.00014644660940706515
[2025-02-21 09:02:49;INFO]Train | Loss : 0.001548 | ACC : 3150/3150 (100.000%)
[2025-02-21 09:02:49;INFO]Valid | Loss : 0.005654 | ACC : 1347/1350 (99.778%)
[2025-02-21 09:02:49;INFO]      | Loss didn't drop!

[2025-02-21 09:02:49;INFO]best epoch: 281, best loss: 0.005143
[2025-02-21 09:02:49;INFO]----------------------------------------------------------------------------------------------------

[2025-02-21 09:02:49;INFO]Current Epoch: 403 / 500 | Learning Rate : 0.0005000000000011358
[2025-02-21 09:02:51;INFO]Train | Loss : 0.001694 | ACC : 3150/3150 (100.000%)
[2025-02-21 09:02:51;INFO]Valid | Loss : 0.027882 | ACC : 1346/1350 (99.704%)
[2025-02-21 09:02:51;INFO]      | Loss didn't drop!

[2025-02-21 09:02:51;INFO]best epoch: 281, best loss: 0.005143
[2025-02-21 09:02:51;INFO]----------------------------------------------------------------------------------------------------

[2025-02-21 09:02:51;INFO]Current Epoch: 404 / 500 | Learning Rate : 0.000853553390592945
[2025-02-21 09:02:53;INFO]Train | Loss : 0.001595 | ACC : 3150/3150 (100.000%)
[2025-02-21 09:02:54;INFO]Valid | Loss : 0.006392 | ACC : 1347/1350 (99.778%)
[2025-02-21 09:02:54;INFO]      | Loss didn't drop!

[2025-02-21 09:02:54;INFO]best epoch: 281, best loss: 0.005143
[2025-02-21 09:02:54;INFO]----------------------------------------------------------------------------------------------------

[2025-02-21 09:02:54;INFO]Current Epoch: 405 / 500 | Learning Rate : 0.0
[2025-02-21 09:02:55;INFO]Train | Loss : 0.001601 | ACC : 3150/3150 (100.000%)
[2025-02-21 09:02:56;INFO]Valid | Loss : 0.006070 | ACC : 1347/1350 (99.778%)
[2025-02-21 09:02:56;INFO]      | Loss didn't drop!

[2025-02-21 09:02:56;INFO]best epoch: 281, best loss: 0.005143
[2025-02-21 09:02:56;INFO]----------------------------------------------------------------------------------------------------

[2025-02-21 09:02:56;INFO]Current Epoch: 406 / 500 | Learning Rate : 0.000853553390593247
[2025-02-21 09:02:58;INFO]Train | Loss : 0.001759 | ACC : 3150/3150 (100.000%)
[2025-02-21 09:02:58;INFO]Valid | Loss : 0.006801 | ACC : 1347/1350 (99.778%)
[2025-02-21 09:02:58;INFO]      | Loss didn't drop!

[2025-02-21 09:02:58;INFO]best epoch: 281, best loss: 0.005143
[2025-02-21 09:02:58;INFO]----------------------------------------------------------------------------------------------------

[2025-02-21 09:02:58;INFO]Current Epoch: 407 / 500 | Learning Rate : 0.0005000000000014453
[2025-02-21 09:03:00;INFO]Train | Loss : 0.001575 | ACC : 3150/3150 (100.000%)
[2025-02-21 09:03:00;INFO]Valid | Loss : 0.005920 | ACC : 1347/1350 (99.778%)
[2025-02-21 09:03:00;INFO]      | Loss didn't drop!

[2025-02-21 09:03:00;INFO]best epoch: 281, best loss: 0.005143
[2025-02-21 09:03:00;INFO]----------------------------------------------------------------------------------------------------

[2025-02-21 09:03:00;INFO]Current Epoch: 408 / 500 | Learning Rate : 0.00014644660940725673
[2025-02-21 09:03:02;INFO]Train | Loss : 0.001551 | ACC : 3150/3150 (100.000%)
[2025-02-21 09:03:02;INFO]Valid | Loss : 0.006102 | ACC : 1347/1350 (99.778%)
[2025-02-21 09:03:02;INFO]      | Loss didn't drop!

[2025-02-21 09:03:02;INFO]best epoch: 281, best loss: 0.005143
[2025-02-21 09:03:02;INFO]----------------------------------------------------------------------------------------------------

[2025-02-21 09:03:02;INFO]Current Epoch: 409 / 500 | Learning Rate : 0.0010000000000004602
[2025-02-21 09:03:04;INFO]Train | Loss : 0.001559 | ACC : 3150/3150 (100.000%)
[2025-02-21 09:03:04;INFO]Valid | Loss : 0.004855 | ACC : 1347/1350 (99.778%)
[2025-02-21 09:03:04;INFO]      | Loss dropped from 0.005143 to 0.004855, model has been saved!

[2025-02-21 09:03:04;INFO]best epoch: 409, best loss: 0.004855
[2025-02-21 09:03:04;INFO]----------------------------------------------------------------------------------------------------

[2025-02-21 09:03:04;INFO]Current Epoch: 410 / 500 | Learning Rate : 0.00014644660940680518
[2025-02-21 09:03:06;INFO]Train | Loss : 0.001535 | ACC : 3150/3150 (100.000%)
[2025-02-21 09:03:07;INFO]Valid | Loss : 0.005747 | ACC : 1346/1350 (99.704%)
[2025-02-21 09:03:07;INFO]      | Loss didn't drop!

[2025-02-21 09:03:07;INFO]best epoch: 409, best loss: 0.004855
[2025-02-21 09:03:07;INFO]----------------------------------------------------------------------------------------------------

[2025-02-21 09:03:07;INFO]Current Epoch: 411 / 500 | Learning Rate : 0.0005000000000004322
[2025-02-21 09:03:08;INFO]Train | Loss : 0.001425 | ACC : 3150/3150 (100.000%)
[2025-02-21 09:03:09;INFO]Valid | Loss : 0.006217 | ACC : 1346/1350 (99.704%)
[2025-02-21 09:03:09;INFO]      | Loss didn't drop!

[2025-02-21 09:03:09;INFO]best epoch: 409, best loss: 0.004855
[2025-02-21 09:03:09;INFO]----------------------------------------------------------------------------------------------------

[2025-02-21 09:03:09;INFO]Current Epoch: 412 / 500 | Learning Rate : 0.0008535533905940766
[2025-02-21 09:03:11;INFO]Train | Loss : 0.001633 | ACC : 3150/3150 (100.000%)
[2025-02-21 09:03:11;INFO]Valid | Loss : 0.006983 | ACC : 1348/1350 (99.852%)
[2025-02-21 09:03:11;INFO]      | Loss didn't drop!

[2025-02-21 09:03:11;INFO]best epoch: 409, best loss: 0.004855
[2025-02-21 09:03:11;INFO]----------------------------------------------------------------------------------------------------

[2025-02-21 09:03:11;INFO]Current Epoch: 413 / 500 | Learning Rate : 0.0
[2025-02-21 09:03:13;INFO]Train | Loss : 0.001480 | ACC : 3150/3150 (100.000%)
[2025-02-21 09:03:13;INFO]Valid | Loss : 0.005518 | ACC : 1346/1350 (99.704%)
[2025-02-21 09:03:13;INFO]      | Loss didn't drop!

[2025-02-21 09:03:13;INFO]best epoch: 409, best loss: 0.004855
[2025-02-21 09:03:13;INFO]----------------------------------------------------------------------------------------------------

[2025-02-21 09:03:13;INFO]Current Epoch: 414 / 500 | Learning Rate : 0.000853553390594375
[2025-02-21 09:03:15;INFO]Train | Loss : 0.001387 | ACC : 3150/3150 (100.000%)
[2025-02-21 09:03:15;INFO]Valid | Loss : 0.005106 | ACC : 1346/1350 (99.704%)
[2025-02-21 09:03:15;INFO]      | Loss didn't drop!

[2025-02-21 09:03:15;INFO]best epoch: 409, best loss: 0.004855
[2025-02-21 09:03:15;INFO]----------------------------------------------------------------------------------------------------

[2025-02-21 09:03:15;INFO]Current Epoch: 415 / 500 | Learning Rate : 0.0005000000000007472
[2025-02-21 09:03:17;INFO]Train | Loss : 0.001524 | ACC : 3150/3150 (100.000%)
[2025-02-21 09:03:17;INFO]Valid | Loss : 0.005254 | ACC : 1346/1350 (99.704%)
[2025-02-21 09:03:17;INFO]      | Loss didn't drop!

[2025-02-21 09:03:17;INFO]best epoch: 409, best loss: 0.004855
[2025-02-21 09:03:17;INFO]----------------------------------------------------------------------------------------------------

[2025-02-21 09:03:17;INFO]Current Epoch: 416 / 500 | Learning Rate : 0.00014644660940699248
[2025-02-21 09:03:19;INFO]Train | Loss : 0.001497 | ACC : 3150/3150 (100.000%)
[2025-02-21 09:03:20;INFO]Valid | Loss : 0.004773 | ACC : 1347/1350 (99.778%)
[2025-02-21 09:03:20;INFO]      | Loss dropped from 0.004855 to 0.004773, model has been saved!

[2025-02-21 09:03:20;INFO]best epoch: 416, best loss: 0.004773
[2025-02-21 09:03:20;INFO]----------------------------------------------------------------------------------------------------

[2025-02-21 09:03:20;INFO]Current Epoch: 417 / 500 | Learning Rate : 0.0009999999999989444
[2025-02-21 09:03:21;INFO]Train | Loss : 0.001310 | ACC : 3150/3150 (100.000%)
[2025-02-21 09:03:22;INFO]Valid | Loss : 0.004641 | ACC : 1346/1350 (99.704%)
[2025-02-21 09:03:22;INFO]      | Loss dropped from 0.004773 to 0.004641, model has been saved!

[2025-02-21 09:03:22;INFO]best epoch: 417, best loss: 0.004641
[2025-02-21 09:03:22;INFO]----------------------------------------------------------------------------------------------------

[2025-02-21 09:03:22;INFO]Current Epoch: 418 / 500 | Learning Rate : 0.00014644660940704685
[2025-02-21 09:03:24;INFO]Train | Loss : 0.001370 | ACC : 3150/3150 (100.000%)
[2025-02-21 09:03:24;INFO]Valid | Loss : 0.005360 | ACC : 1347/1350 (99.778%)
[2025-02-21 09:03:24;INFO]      | Loss didn't drop!

[2025-02-21 09:03:24;INFO]best epoch: 417, best loss: 0.004641
[2025-02-21 09:03:24;INFO]----------------------------------------------------------------------------------------------------

[2025-02-21 09:03:24;INFO]Current Epoch: 419 / 500 | Learning Rate : 0.0005000000000010531
[2025-02-21 09:03:26;INFO]Train | Loss : 0.001348 | ACC : 3150/3150 (100.000%)
[2025-02-21 09:03:26;INFO]Valid | Loss : 0.005754 | ACC : 1346/1350 (99.704%)
[2025-02-21 09:03:26;INFO]      | Loss didn't drop!

[2025-02-21 09:03:26;INFO]best epoch: 417, best loss: 0.004641
[2025-02-21 09:03:26;INFO]----------------------------------------------------------------------------------------------------

[2025-02-21 09:03:26;INFO]Current Epoch: 420 / 500 | Learning Rate : 0.0008535533905928986
[2025-02-21 09:03:28;INFO]Train | Loss : 0.001323 | ACC : 3150/3150 (100.000%)
[2025-02-21 09:03:28;INFO]Valid | Loss : 0.004914 | ACC : 1346/1350 (99.704%)
[2025-02-21 09:03:28;INFO]      | Loss didn't drop!

[2025-02-21 09:03:28;INFO]best epoch: 417, best loss: 0.004641
[2025-02-21 09:03:28;INFO]----------------------------------------------------------------------------------------------------

[2025-02-21 09:03:28;INFO]Current Epoch: 421 / 500 | Learning Rate : 0.0
[2025-02-21 09:03:30;INFO]Train | Loss : 0.001406 | ACC : 3150/3150 (100.000%)
[2025-02-21 09:03:30;INFO]Valid | Loss : 0.005115 | ACC : 1347/1350 (99.778%)
[2025-02-21 09:03:30;INFO]      | Loss didn't drop!

[2025-02-21 09:03:30;INFO]best epoch: 417, best loss: 0.004641
[2025-02-21 09:03:30;INFO]----------------------------------------------------------------------------------------------------

[2025-02-21 09:03:30;INFO]Current Epoch: 422 / 500 | Learning Rate : 0.0008535533905930394
[2025-02-21 09:03:32;INFO]Train | Loss : 0.001369 | ACC : 3150/3150 (100.000%)
[2025-02-21 09:03:33;INFO]Valid | Loss : 0.005913 | ACC : 1346/1350 (99.704%)
[2025-02-21 09:03:33;INFO]      | Loss didn't drop!

[2025-02-21 09:03:33;INFO]best epoch: 417, best loss: 0.004641
[2025-02-21 09:03:33;INFO]----------------------------------------------------------------------------------------------------

[2025-02-21 09:03:33;INFO]Current Epoch: 423 / 500 | Learning Rate : 0.0004999999999999315
[2025-02-21 09:03:34;INFO]Train | Loss : 0.001344 | ACC : 3150/3150 (100.000%)
[2025-02-21 09:03:35;INFO]Valid | Loss : 0.005843 | ACC : 1348/1350 (99.852%)
[2025-02-21 09:03:35;INFO]      | Loss didn't drop!

[2025-02-21 09:03:35;INFO]best epoch: 417, best loss: 0.004641
[2025-02-21 09:03:35;INFO]----------------------------------------------------------------------------------------------------

[2025-02-21 09:03:35;INFO]Current Epoch: 424 / 500 | Learning Rate : 0.00014644660940672712
[2025-02-21 09:03:37;INFO]Train | Loss : 0.001354 | ACC : 3150/3150 (100.000%)
[2025-02-21 09:03:37;INFO]Valid | Loss : 0.005264 | ACC : 1346/1350 (99.704%)
[2025-02-21 09:03:37;INFO]      | Loss didn't drop!

[2025-02-21 09:03:37;INFO]best epoch: 417, best loss: 0.004641
[2025-02-21 09:03:37;INFO]----------------------------------------------------------------------------------------------------

[2025-02-21 09:03:37;INFO]Current Epoch: 425 / 500 | Learning Rate : 0.001000000000003201
[2025-02-21 09:03:39;INFO]Train | Loss : 0.001280 | ACC : 3150/3150 (100.000%)
[2025-02-21 09:03:39;INFO]Valid | Loss : 0.005367 | ACC : 1347/1350 (99.778%)
[2025-02-21 09:03:39;INFO]      | Loss didn't drop!

[2025-02-21 09:03:39;INFO]best epoch: 417, best loss: 0.004641
[2025-02-21 09:03:39;INFO]----------------------------------------------------------------------------------------------------

[2025-02-21 09:03:39;INFO]Current Epoch: 426 / 500 | Learning Rate : 0.00014644660940720943
[2025-02-21 09:03:41;INFO]Train | Loss : 0.001271 | ACC : 3150/3150 (100.000%)
[2025-02-21 09:03:41;INFO]Valid | Loss : 0.007122 | ACC : 1348/1350 (99.852%)
[2025-02-21 09:03:41;INFO]      | Loss didn't drop!

[2025-02-21 09:03:41;INFO]best epoch: 417, best loss: 0.004641
[2025-02-21 09:03:41;INFO]----------------------------------------------------------------------------------------------------

[2025-02-21 09:03:41;INFO]Current Epoch: 427 / 500 | Learning Rate : 0.0005000000000017921
[2025-02-21 09:03:43;INFO]Train | Loss : 0.001184 | ACC : 3150/3150 (100.000%)
[2025-02-21 09:03:43;INFO]Valid | Loss : 0.006103 | ACC : 1346/1350 (99.704%)
[2025-02-21 09:03:43;INFO]      | Loss didn't drop!

[2025-02-21 09:03:43;INFO]best epoch: 417, best loss: 0.004641
[2025-02-21 09:03:43;INFO]----------------------------------------------------------------------------------------------------

[2025-02-21 09:03:43;INFO]Current Epoch: 428 / 500 | Learning Rate : 0.0008535533905914868
[2025-02-21 09:03:45;INFO]Train | Loss : 0.001223 | ACC : 3150/3150 (100.000%)
[2025-02-21 09:03:46;INFO]Valid | Loss : 0.005025 | ACC : 1346/1350 (99.704%)
[2025-02-21 09:03:46;INFO]      | Loss didn't drop!

[2025-02-21 09:03:46;INFO]best epoch: 417, best loss: 0.004641
[2025-02-21 09:03:46;INFO]----------------------------------------------------------------------------------------------------

[2025-02-21 09:03:46;INFO]Current Epoch: 429 / 500 | Learning Rate : 0.0
[2025-02-21 09:03:47;INFO]Train | Loss : 0.001250 | ACC : 3150/3150 (100.000%)
[2025-02-21 09:03:48;INFO]Valid | Loss : 0.004459 | ACC : 1348/1350 (99.852%)
[2025-02-21 09:03:48;INFO]      | Loss dropped from 0.004641 to 0.004459, model has been saved!

[2025-02-21 09:03:48;INFO]best epoch: 429, best loss: 0.004459
[2025-02-21 09:03:48;INFO]----------------------------------------------------------------------------------------------------

[2025-02-21 09:03:48;INFO]Current Epoch: 430 / 500 | Learning Rate : 0.000853553390594248
[2025-02-21 09:03:50;INFO]Train | Loss : 0.001284 | ACC : 3150/3150 (100.000%)
[2025-02-21 09:03:50;INFO]Valid | Loss : 0.005947 | ACC : 1347/1350 (99.778%)
[2025-02-21 09:03:50;INFO]      | Loss didn't drop!

[2025-02-21 09:03:50;INFO]best epoch: 429, best loss: 0.004459
[2025-02-21 09:03:50;INFO]----------------------------------------------------------------------------------------------------

[2025-02-21 09:03:50;INFO]Current Epoch: 431 / 500 | Learning Rate : 0.000500000000000563
[2025-02-21 09:03:52;INFO]Train | Loss : 0.001245 | ACC : 3150/3150 (100.000%)
[2025-02-21 09:03:52;INFO]Valid | Loss : 0.005438 | ACC : 1348/1350 (99.852%)
[2025-02-21 09:03:52;INFO]      | Loss didn't drop!

[2025-02-21 09:03:52;INFO]best epoch: 429, best loss: 0.004459
[2025-02-21 09:03:52;INFO]----------------------------------------------------------------------------------------------------

[2025-02-21 09:03:52;INFO]Current Epoch: 432 / 500 | Learning Rate : 0.0001464466094069659
[2025-02-21 09:03:54;INFO]Train | Loss : 0.001185 | ACC : 3150/3150 (100.000%)
[2025-02-21 09:03:54;INFO]Valid | Loss : 0.005366 | ACC : 1347/1350 (99.778%)
[2025-02-21 09:03:54;INFO]      | Loss didn't drop!

[2025-02-21 09:03:54;INFO]best epoch: 429, best loss: 0.004459
[2025-02-21 09:03:54;INFO]----------------------------------------------------------------------------------------------------

[2025-02-21 09:03:54;INFO]Current Epoch: 433 / 500 | Learning Rate : 0.0010000000000016773
[2025-02-21 09:03:56;INFO]Train | Loss : 0.001142 | ACC : 3150/3150 (100.000%)
[2025-02-21 09:03:56;INFO]Valid | Loss : 0.004753 | ACC : 1347/1350 (99.778%)
[2025-02-21 09:03:56;INFO]      | Loss didn't drop!

[2025-02-21 09:03:56;INFO]best epoch: 429, best loss: 0.004459
[2025-02-21 09:03:56;INFO]----------------------------------------------------------------------------------------------------

[2025-02-21 09:03:56;INFO]Current Epoch: 434 / 500 | Learning Rate : 0.00014644660940694952
[2025-02-21 09:03:58;INFO]Train | Loss : 0.001337 | ACC : 3150/3150 (100.000%)
[2025-02-21 09:03:59;INFO]Valid | Loss : 0.008175 | ACC : 1345/1350 (99.630%)
[2025-02-21 09:03:59;INFO]      | Loss didn't drop!

[2025-02-21 09:03:59;INFO]best epoch: 429, best loss: 0.004459
[2025-02-21 09:03:59;INFO]----------------------------------------------------------------------------------------------------

[2025-02-21 09:03:59;INFO]Current Epoch: 435 / 500 | Learning Rate : 0.0005000000000009754
[2025-02-21 09:04:00;INFO]Train | Loss : 0.001168 | ACC : 3150/3150 (100.000%)
[2025-02-21 09:04:01;INFO]Valid | Loss : 0.006541 | ACC : 1346/1350 (99.704%)
[2025-02-21 09:04:01;INFO]      | Loss didn't drop!

[2025-02-21 09:04:01;INFO]best epoch: 429, best loss: 0.004459
[2025-02-21 09:04:01;INFO]----------------------------------------------------------------------------------------------------

[2025-02-21 09:04:01;INFO]Current Epoch: 436 / 500 | Learning Rate : 0.000853553390592619
[2025-02-21 09:04:03;INFO]Train | Loss : 0.001244 | ACC : 3150/3150 (100.000%)
[2025-02-21 09:04:03;INFO]Valid | Loss : 0.004966 | ACC : 1347/1350 (99.778%)
[2025-02-21 09:04:03;INFO]      | Loss didn't drop!

[2025-02-21 09:04:03;INFO]best epoch: 429, best loss: 0.004459
[2025-02-21 09:04:03;INFO]----------------------------------------------------------------------------------------------------

[2025-02-21 09:04:03;INFO]Current Epoch: 437 / 500 | Learning Rate : 0.0
[2025-02-21 09:04:05;INFO]Train | Loss : 0.001128 | ACC : 3150/3150 (100.000%)
[2025-02-21 09:04:05;INFO]Valid | Loss : 0.004601 | ACC : 1347/1350 (99.778%)
[2025-02-21 09:04:05;INFO]      | Loss didn't drop!

[2025-02-21 09:04:05;INFO]best epoch: 429, best loss: 0.004459
[2025-02-21 09:04:05;INFO]----------------------------------------------------------------------------------------------------

[2025-02-21 09:04:05;INFO]Current Epoch: 438 / 500 | Learning Rate : 0.0008535533905929044
[2025-02-21 09:04:07;INFO]Train | Loss : 0.001101 | ACC : 3150/3150 (100.000%)
[2025-02-21 09:04:07;INFO]Valid | Loss : 0.005488 | ACC : 1347/1350 (99.778%)
[2025-02-21 09:04:07;INFO]      | Loss didn't drop!

[2025-02-21 09:04:07;INFO]best epoch: 429, best loss: 0.004459
[2025-02-21 09:04:07;INFO]----------------------------------------------------------------------------------------------------

[2025-02-21 09:04:07;INFO]Current Epoch: 439 / 500 | Learning Rate : 0.0004999999999998652
[2025-02-21 09:04:09;INFO]Train | Loss : 0.001194 | ACC : 3150/3150 (100.000%)
[2025-02-21 09:04:10;INFO]Valid | Loss : 0.005554 | ACC : 1347/1350 (99.778%)
[2025-02-21 09:04:10;INFO]      | Loss didn't drop!

[2025-02-21 09:04:10;INFO]best epoch: 429, best loss: 0.004459
[2025-02-21 09:04:10;INFO]----------------------------------------------------------------------------------------------------

[2025-02-21 09:04:10;INFO]Current Epoch: 440 / 500 | Learning Rate : 0.00014644660940670175
[2025-02-21 09:04:11;INFO]Train | Loss : 0.001065 | ACC : 3150/3150 (100.000%)
[2025-02-21 09:04:12;INFO]Valid | Loss : 0.006825 | ACC : 1345/1350 (99.630%)
[2025-02-21 09:04:12;INFO]      | Loss didn't drop!

[2025-02-21 09:04:12;INFO]best epoch: 429, best loss: 0.004459
[2025-02-21 09:04:12;INFO]----------------------------------------------------------------------------------------------------

[2025-02-21 09:04:12;INFO]Current Epoch: 441 / 500 | Learning Rate : 0.0010000000000001624
[2025-02-21 09:04:13;INFO]Train | Loss : 0.001123 | ACC : 3150/3150 (100.000%)
[2025-02-21 09:04:14;INFO]Valid | Loss : 0.004888 | ACC : 1347/1350 (99.778%)
[2025-02-21 09:04:14;INFO]      | Loss didn't drop!

[2025-02-21 09:04:14;INFO]best epoch: 429, best loss: 0.004459
[2025-02-21 09:04:14;INFO]----------------------------------------------------------------------------------------------------

[2025-02-21 09:04:14;INFO]Current Epoch: 442 / 500 | Learning Rate : 0.0001464466094071925
[2025-02-21 09:04:16;INFO]Train | Loss : 0.001088 | ACC : 3150/3150 (100.000%)
[2025-02-21 09:04:16;INFO]Valid | Loss : 0.006791 | ACC : 1346/1350 (99.704%)
[2025-02-21 09:04:16;INFO]      | Loss didn't drop!

[2025-02-21 09:04:16;INFO]best epoch: 429, best loss: 0.004459
[2025-02-21 09:04:16;INFO]----------------------------------------------------------------------------------------------------

[2025-02-21 09:04:16;INFO]Current Epoch: 443 / 500 | Learning Rate : 0.0005000000000016008
[2025-02-21 09:04:18;INFO]Train | Loss : 0.001164 | ACC : 3150/3150 (100.000%)
[2025-02-21 09:04:18;INFO]Valid | Loss : 0.007792 | ACC : 1347/1350 (99.778%)
[2025-02-21 09:04:18;INFO]      | Loss didn't drop!

[2025-02-21 09:04:18;INFO]best epoch: 429, best loss: 0.004459
[2025-02-21 09:04:18;INFO]----------------------------------------------------------------------------------------------------

[2025-02-21 09:04:18;INFO]Current Epoch: 444 / 500 | Learning Rate : 0.0008535533905962943
[2025-02-21 09:04:20;INFO]Train | Loss : 0.001064 | ACC : 3150/3150 (100.000%)
[2025-02-21 09:04:20;INFO]Valid | Loss : 0.004613 | ACC : 1347/1350 (99.778%)
[2025-02-21 09:04:20;INFO]      | Loss didn't drop!

[2025-02-21 09:04:20;INFO]best epoch: 429, best loss: 0.004459
[2025-02-21 09:04:20;INFO]----------------------------------------------------------------------------------------------------

[2025-02-21 09:04:20;INFO]Current Epoch: 445 / 500 | Learning Rate : 0.0
[2025-02-21 09:04:22;INFO]Train | Loss : 0.001044 | ACC : 3150/3150 (100.000%)
[2025-02-21 09:04:22;INFO]Valid | Loss : 0.005137 | ACC : 1348/1350 (99.852%)
[2025-02-21 09:04:22;INFO]      | Loss didn't drop!

[2025-02-21 09:04:22;INFO]best epoch: 429, best loss: 0.004459
[2025-02-21 09:04:22;INFO]----------------------------------------------------------------------------------------------------

[2025-02-21 09:04:22;INFO]Current Epoch: 446 / 500 | Learning Rate : 0.0008535533905916495
[2025-02-21 09:04:24;INFO]Train | Loss : 0.001032 | ACC : 3150/3150 (100.000%)
[2025-02-21 09:04:25;INFO]Valid | Loss : 0.004237 | ACC : 1347/1350 (99.778%)
[2025-02-21 09:04:25;INFO]      | Loss dropped from 0.004459 to 0.004237, model has been saved!

[2025-02-21 09:04:25;INFO]best epoch: 446, best loss: 0.004237
[2025-02-21 09:04:25;INFO]----------------------------------------------------------------------------------------------------

[2025-02-21 09:04:25;INFO]Current Epoch: 447 / 500 | Learning Rate : 0.0005000000000006105
[2025-02-21 09:04:26;INFO]Train | Loss : 0.000953 | ACC : 3150/3150 (100.000%)
[2025-02-21 09:04:27;INFO]Valid | Loss : 0.004674 | ACC : 1347/1350 (99.778%)
[2025-02-21 09:04:27;INFO]      | Loss didn't drop!

[2025-02-21 09:04:27;INFO]best epoch: 446, best loss: 0.004237
[2025-02-21 09:04:27;INFO]----------------------------------------------------------------------------------------------------

[2025-02-21 09:04:27;INFO]Current Epoch: 448 / 500 | Learning Rate : 0.0001464466094069407
[2025-02-21 09:04:29;INFO]Train | Loss : 0.000975 | ACC : 3150/3150 (100.000%)
[2025-02-21 09:04:29;INFO]Valid | Loss : 0.005097 | ACC : 1346/1350 (99.704%)
[2025-02-21 09:04:29;INFO]      | Loss didn't drop!

[2025-02-21 09:04:29;INFO]best epoch: 446, best loss: 0.004237
[2025-02-21 09:04:29;INFO]----------------------------------------------------------------------------------------------------

[2025-02-21 09:04:29;INFO]Current Epoch: 449 / 500 | Learning Rate : 0.0010000000000015329
[2025-02-21 09:04:31;INFO]Train | Loss : 0.001021 | ACC : 3150/3150 (100.000%)
[2025-02-21 09:04:31;INFO]Valid | Loss : 0.004592 | ACC : 1346/1350 (99.704%)
[2025-02-21 09:04:31;INFO]      | Loss didn't drop!

[2025-02-21 09:04:31;INFO]best epoch: 446, best loss: 0.004237
[2025-02-21 09:04:31;INFO]----------------------------------------------------------------------------------------------------

[2025-02-21 09:04:31;INFO]Current Epoch: 450 / 500 | Learning Rate : 0.00014644660940693122
[2025-02-21 09:04:33;INFO]Train | Loss : 0.000972 | ACC : 3150/3150 (100.000%)
[2025-02-21 09:04:33;INFO]Valid | Loss : 0.006971 | ACC : 1347/1350 (99.778%)
[2025-02-21 09:04:33;INFO]      | Loss didn't drop!

[2025-02-21 09:04:33;INFO]best epoch: 446, best loss: 0.004237
[2025-02-21 09:04:33;INFO]----------------------------------------------------------------------------------------------------

[2025-02-21 09:04:33;INFO]Current Epoch: 451 / 500 | Learning Rate : 0.0005000000000008926
[2025-02-21 09:04:35;INFO]Train | Loss : 0.000991 | ACC : 3150/3150 (100.000%)
[2025-02-21 09:04:35;INFO]Valid | Loss : 0.004647 | ACC : 1347/1350 (99.778%)
[2025-02-21 09:04:35;INFO]      | Loss didn't drop!

[2025-02-21 09:04:35;INFO]best epoch: 446, best loss: 0.004237
[2025-02-21 09:04:35;INFO]----------------------------------------------------------------------------------------------------

[2025-02-21 09:04:35;INFO]Current Epoch: 452 / 500 | Learning Rate : 0.0008535533905949631
[2025-02-21 09:04:37;INFO]Train | Loss : 0.001046 | ACC : 3150/3150 (100.000%)
[2025-02-21 09:04:38;INFO]Valid | Loss : 0.004395 | ACC : 1346/1350 (99.704%)
[2025-02-21 09:04:38;INFO]      | Loss didn't drop!

[2025-02-21 09:04:38;INFO]best epoch: 446, best loss: 0.004237
[2025-02-21 09:04:38;INFO]----------------------------------------------------------------------------------------------------

[2025-02-21 09:04:38;INFO]Current Epoch: 453 / 500 | Learning Rate : 0.0
[2025-02-21 09:04:39;INFO]Train | Loss : 0.000994 | ACC : 3150/3150 (100.000%)
[2025-02-21 09:04:40;INFO]Valid | Loss : 0.004496 | ACC : 1348/1350 (99.852%)
[2025-02-21 09:04:40;INFO]      | Loss didn't drop!

[2025-02-21 09:04:40;INFO]best epoch: 446, best loss: 0.004237
[2025-02-21 09:04:40;INFO]----------------------------------------------------------------------------------------------------

[2025-02-21 09:04:40;INFO]Current Epoch: 454 / 500 | Learning Rate : 0.0008535533905929385
[2025-02-21 09:04:42;INFO]Train | Loss : 0.000960 | ACC : 3150/3150 (100.000%)
[2025-02-21 09:04:42;INFO]Valid | Loss : 0.004539 | ACC : 1348/1350 (99.852%)
[2025-02-21 09:04:42;INFO]      | Loss didn't drop!

[2025-02-21 09:04:42;INFO]best epoch: 446, best loss: 0.004237
[2025-02-21 09:04:42;INFO]----------------------------------------------------------------------------------------------------

[2025-02-21 09:04:42;INFO]Current Epoch: 455 / 500 | Learning Rate : 0.0004999999999997947
[2025-02-21 09:04:44;INFO]Train | Loss : 0.000946 | ACC : 3150/3150 (100.000%)
[2025-02-21 09:04:44;INFO]Valid | Loss : 0.004590 | ACC : 1346/1350 (99.704%)
[2025-02-21 09:04:44;INFO]      | Loss didn't drop!

[2025-02-21 09:04:44;INFO]best epoch: 446, best loss: 0.004237
[2025-02-21 09:04:44;INFO]----------------------------------------------------------------------------------------------------

[2025-02-21 09:04:44;INFO]Current Epoch: 456 / 500 | Learning Rate : 0.0001464466094066752
[2025-02-21 09:04:46;INFO]Train | Loss : 0.000935 | ACC : 3150/3150 (100.000%)
[2025-02-21 09:04:46;INFO]Valid | Loss : 0.005089 | ACC : 1345/1350 (99.630%)
[2025-02-21 09:04:46;INFO]      | Loss didn't drop!

[2025-02-21 09:04:46;INFO]best epoch: 446, best loss: 0.004237
[2025-02-21 09:04:46;INFO]----------------------------------------------------------------------------------------------------

[2025-02-21 09:04:46;INFO]Current Epoch: 457 / 500 | Learning Rate : 0.0010000000000000087
[2025-02-21 09:04:48;INFO]Train | Loss : 0.000931 | ACC : 3150/3150 (100.000%)
[2025-02-21 09:04:48;INFO]Valid | Loss : 0.004129 | ACC : 1348/1350 (99.852%)
[2025-02-21 09:04:48;INFO]      | Loss dropped from 0.004237 to 0.004129, model has been saved!

[2025-02-21 09:04:48;INFO]best epoch: 457, best loss: 0.004129
[2025-02-21 09:04:48;INFO]----------------------------------------------------------------------------------------------------

[2025-02-21 09:04:48;INFO]Current Epoch: 458 / 500 | Learning Rate : 0.00014644660940675157
[2025-02-21 09:04:50;INFO]Train | Loss : 0.000920 | ACC : 3150/3150 (100.000%)
[2025-02-21 09:04:51;INFO]Valid | Loss : 0.004883 | ACC : 1347/1350 (99.778%)
[2025-02-21 09:04:51;INFO]      | Loss didn't drop!

[2025-02-21 09:04:51;INFO]best epoch: 457, best loss: 0.004129
[2025-02-21 09:04:51;INFO]----------------------------------------------------------------------------------------------------

[2025-02-21 09:04:51;INFO]Current Epoch: 459 / 500 | Learning Rate : 0.0005000000000000751
[2025-02-21 09:04:52;INFO]Train | Loss : 0.000946 | ACC : 3150/3150 (100.000%)
[2025-02-21 09:04:53;INFO]Valid | Loss : 0.004326 | ACC : 1347/1350 (99.778%)
[2025-02-21 09:04:53;INFO]      | Loss didn't drop!

[2025-02-21 09:04:53;INFO]best epoch: 457, best loss: 0.004129
[2025-02-21 09:04:53;INFO]----------------------------------------------------------------------------------------------------

[2025-02-21 09:04:53;INFO]Current Epoch: 460 / 500 | Learning Rate : 0.0008535533905961748
[2025-02-21 09:04:55;INFO]Train | Loss : 0.000928 | ACC : 3150/3150 (100.000%)
[2025-02-21 09:04:55;INFO]Valid | Loss : 0.004635 | ACC : 1348/1350 (99.852%)
[2025-02-21 09:04:55;INFO]      | Loss didn't drop!

[2025-02-21 09:04:55;INFO]best epoch: 457, best loss: 0.004129
[2025-02-21 09:04:55;INFO]----------------------------------------------------------------------------------------------------

[2025-02-21 09:04:55;INFO]Current Epoch: 461 / 500 | Learning Rate : 0.0
[2025-02-21 09:04:57;INFO]Train | Loss : 0.000906 | ACC : 3150/3150 (100.000%)
[2025-02-21 09:04:57;INFO]Valid | Loss : 0.005032 | ACC : 1346/1350 (99.704%)
[2025-02-21 09:04:57;INFO]      | Loss didn't drop!

[2025-02-21 09:04:57;INFO]best epoch: 457, best loss: 0.004129
[2025-02-21 09:04:57;INFO]----------------------------------------------------------------------------------------------------

[2025-02-21 09:04:57;INFO]Current Epoch: 462 / 500 | Learning Rate : 0.0008535533905965286
[2025-02-21 09:04:59;INFO]Train | Loss : 0.000864 | ACC : 3150/3150 (100.000%)
[2025-02-21 09:04:59;INFO]Valid | Loss : 0.004443 | ACC : 1347/1350 (99.778%)
[2025-02-21 09:04:59;INFO]      | Loss didn't drop!

[2025-02-21 09:04:59;INFO]best epoch: 457, best loss: 0.004129
[2025-02-21 09:04:59;INFO]----------------------------------------------------------------------------------------------------

[2025-02-21 09:04:59;INFO]Current Epoch: 463 / 500 | Learning Rate : 0.000499999999999097
[2025-02-21 09:05:01;INFO]Train | Loss : 0.000796 | ACC : 3150/3150 (100.000%)
[2025-02-21 09:05:01;INFO]Valid | Loss : 0.005229 | ACC : 1347/1350 (99.778%)
[2025-02-21 09:05:01;INFO]      | Loss didn't drop!

[2025-02-21 09:05:01;INFO]best epoch: 457, best loss: 0.004129
[2025-02-21 09:05:01;INFO]----------------------------------------------------------------------------------------------------

[2025-02-21 09:05:01;INFO]Current Epoch: 464 / 500 | Learning Rate : 0.00014644660940641105
[2025-02-21 09:05:03;INFO]Train | Loss : 0.000824 | ACC : 3150/3150 (100.000%)
[2025-02-21 09:05:04;INFO]Valid | Loss : 0.004860 | ACC : 1346/1350 (99.704%)
[2025-02-21 09:05:04;INFO]      | Loss didn't drop!

[2025-02-21 09:05:04;INFO]best epoch: 457, best loss: 0.004129
[2025-02-21 09:05:04;INFO]----------------------------------------------------------------------------------------------------

[2025-02-21 09:05:04;INFO]Current Epoch: 465 / 500 | Learning Rate : 0.00100000000000138
[2025-02-21 09:05:05;INFO]Train | Loss : 0.000952 | ACC : 3150/3150 (100.000%)
[2025-02-21 09:05:06;INFO]Valid | Loss : 0.004083 | ACC : 1347/1350 (99.778%)
[2025-02-21 09:05:06;INFO]      | Loss dropped from 0.004129 to 0.004083, model has been saved!

[2025-02-21 09:05:06;INFO]best epoch: 465, best loss: 0.004083
[2025-02-21 09:05:06;INFO]----------------------------------------------------------------------------------------------------

[2025-02-21 09:05:06;INFO]Current Epoch: 466 / 500 | Learning Rate : 0.00014644660940699465
[2025-02-21 09:05:08;INFO]Train | Loss : 0.000783 | ACC : 3150/3150 (100.000%)
[2025-02-21 09:05:08;INFO]Valid | Loss : 0.004221 | ACC : 1347/1350 (99.778%)
[2025-02-21 09:05:08;INFO]      | Loss didn't drop!

[2025-02-21 09:05:08;INFO]best epoch: 465, best loss: 0.004083
[2025-02-21 09:05:08;INFO]----------------------------------------------------------------------------------------------------

[2025-02-21 09:05:08;INFO]Current Epoch: 467 / 500 | Learning Rate : 0.0005000000000009285
[2025-02-21 09:05:10;INFO]Train | Loss : 0.000830 | ACC : 3150/3150 (100.000%)
[2025-02-21 09:05:10;INFO]Valid | Loss : 0.003810 | ACC : 1348/1350 (99.852%)
[2025-02-21 09:05:10;INFO]      | Loss dropped from 0.004083 to 0.003810, model has been saved!

[2025-02-21 09:05:10;INFO]best epoch: 467, best loss: 0.003810
[2025-02-21 09:05:10;INFO]----------------------------------------------------------------------------------------------------

[2025-02-21 09:05:10;INFO]Current Epoch: 468 / 500 | Learning Rate : 0.0008535533905949166
[2025-02-21 09:05:12;INFO]Train | Loss : 0.000833 | ACC : 3150/3150 (100.000%)
[2025-02-21 09:05:12;INFO]Valid | Loss : 0.004687 | ACC : 1348/1350 (99.852%)
[2025-02-21 09:05:12;INFO]      | Loss didn't drop!

[2025-02-21 09:05:12;INFO]best epoch: 467, best loss: 0.003810
[2025-02-21 09:05:12;INFO]----------------------------------------------------------------------------------------------------

[2025-02-21 09:05:12;INFO]Current Epoch: 469 / 500 | Learning Rate : 0.0
[2025-02-21 09:05:14;INFO]Train | Loss : 0.000926 | ACC : 3150/3150 (100.000%)
[2025-02-21 09:05:14;INFO]Valid | Loss : 0.005542 | ACC : 1348/1350 (99.852%)
[2025-02-21 09:05:14;INFO]      | Loss didn't drop!

[2025-02-21 09:05:14;INFO]best epoch: 467, best loss: 0.003810
[2025-02-21 09:05:14;INFO]----------------------------------------------------------------------------------------------------

[2025-02-21 09:05:14;INFO]Current Epoch: 470 / 500 | Learning Rate : 0.0008535533905951854
[2025-02-21 09:05:16;INFO]Train | Loss : 0.000767 | ACC : 3150/3150 (100.000%)
[2025-02-21 09:05:17;INFO]Valid | Loss : 0.004664 | ACC : 1348/1350 (99.852%)
[2025-02-21 09:05:17;INFO]      | Loss didn't drop!

[2025-02-21 09:05:17;INFO]best epoch: 467, best loss: 0.003810
[2025-02-21 09:05:17;INFO]----------------------------------------------------------------------------------------------------

[2025-02-21 09:05:17;INFO]Current Epoch: 471 / 500 | Learning Rate : 0.000499999999999724
[2025-02-21 09:05:18;INFO]Train | Loss : 0.000867 | ACC : 3150/3150 (100.000%)
[2025-02-21 09:05:19;INFO]Valid | Loss : 0.005591 | ACC : 1348/1350 (99.852%)
[2025-02-21 09:05:19;INFO]      | Loss didn't drop!

[2025-02-21 09:05:19;INFO]best epoch: 467, best loss: 0.003810
[2025-02-21 09:05:19;INFO]----------------------------------------------------------------------------------------------------

[2025-02-21 09:05:19;INFO]Current Epoch: 472 / 500 | Learning Rate : 0.00014644660940664868
[2025-02-21 09:05:21;INFO]Train | Loss : 0.000713 | ACC : 3150/3150 (100.000%)
[2025-02-21 09:05:21;INFO]Valid | Loss : 0.003599 | ACC : 1347/1350 (99.778%)
[2025-02-21 09:05:21;INFO]      | Loss dropped from 0.003810 to 0.003599, model has been saved!

[2025-02-21 09:05:21;INFO]best epoch: 472, best loss: 0.003599
[2025-02-21 09:05:21;INFO]----------------------------------------------------------------------------------------------------

[2025-02-21 09:05:21;INFO]Current Epoch: 473 / 500 | Learning Rate : 0.0009999999999998647
[2025-02-21 09:05:23;INFO]Train | Loss : 0.000759 | ACC : 3150/3150 (100.000%)
[2025-02-21 09:05:23;INFO]Valid | Loss : 0.003560 | ACC : 1348/1350 (99.852%)
[2025-02-21 09:05:23;INFO]      | Loss dropped from 0.003599 to 0.003560, model has been saved!

[2025-02-21 09:05:23;INFO]best epoch: 473, best loss: 0.003560
[2025-02-21 09:05:23;INFO]----------------------------------------------------------------------------------------------------

[2025-02-21 09:05:23;INFO]Current Epoch: 474 / 500 | Learning Rate : 0.0001464466094067333
[2025-02-21 09:05:25;INFO]Train | Loss : 0.000734 | ACC : 3150/3150 (100.000%)
[2025-02-21 09:05:25;INFO]Valid | Loss : 0.004619 | ACC : 1348/1350 (99.852%)
[2025-02-21 09:05:25;INFO]      | Loss didn't drop!

[2025-02-21 09:05:25;INFO]best epoch: 473, best loss: 0.003560
[2025-02-21 09:05:25;INFO]----------------------------------------------------------------------------------------------------

[2025-02-21 09:05:25;INFO]Current Epoch: 475 / 500 | Learning Rate : 0.0005000000000002201
[2025-02-21 09:05:27;INFO]Train | Loss : 0.000785 | ACC : 3150/3150 (100.000%)
[2025-02-21 09:05:27;INFO]Valid | Loss : 0.004085 | ACC : 1348/1350 (99.852%)
[2025-02-21 09:05:27;INFO]      | Loss didn't drop!

[2025-02-21 09:05:27;INFO]best epoch: 473, best loss: 0.003560
[2025-02-21 09:05:27;INFO]----------------------------------------------------------------------------------------------------

[2025-02-21 09:05:27;INFO]Current Epoch: 476 / 500 | Learning Rate : 0.0008535533905935852
[2025-02-21 09:05:29;INFO]Train | Loss : 0.000736 | ACC : 3150/3150 (100.000%)
[2025-02-21 09:05:30;INFO]Valid | Loss : 0.003834 | ACC : 1348/1350 (99.852%)
[2025-02-21 09:05:30;INFO]      | Loss didn't drop!

[2025-02-21 09:05:30;INFO]best epoch: 473, best loss: 0.003560
[2025-02-21 09:05:30;INFO]----------------------------------------------------------------------------------------------------

[2025-02-21 09:05:30;INFO]Current Epoch: 477 / 500 | Learning Rate : 0.0
[2025-02-21 09:05:31;INFO]Train | Loss : 0.000733 | ACC : 3150/3150 (100.000%)
[2025-02-21 09:05:32;INFO]Valid | Loss : 0.004326 | ACC : 1348/1350 (99.852%)
[2025-02-21 09:05:32;INFO]      | Loss didn't drop!

[2025-02-21 09:05:32;INFO]best epoch: 473, best loss: 0.003560
[2025-02-21 09:05:32;INFO]----------------------------------------------------------------------------------------------------

[2025-02-21 09:05:32;INFO]Current Epoch: 478 / 500 | Learning Rate : 0.0008535533905963937
[2025-02-21 09:05:34;INFO]Train | Loss : 0.000733 | ACC : 3150/3150 (100.000%)
[2025-02-21 09:05:34;INFO]Valid | Loss : 0.003507 | ACC : 1348/1350 (99.852%)
[2025-02-21 09:05:34;INFO]      | Loss dropped from 0.003560 to 0.003507, model has been saved!

[2025-02-21 09:05:34;INFO]best epoch: 478, best loss: 0.003507
[2025-02-21 09:05:34;INFO]----------------------------------------------------------------------------------------------------

[2025-02-21 09:05:34;INFO]Current Epoch: 479 / 500 | Learning Rate : 0.000499999999999026
[2025-02-21 09:05:36;INFO]Train | Loss : 0.000704 | ACC : 3150/3150 (100.000%)
[2025-02-21 09:05:36;INFO]Valid | Loss : 0.003474 | ACC : 1348/1350 (99.852%)
[2025-02-21 09:05:36;INFO]      | Loss dropped from 0.003507 to 0.003474, model has been saved!

[2025-02-21 09:05:36;INFO]best epoch: 479, best loss: 0.003474
[2025-02-21 09:05:36;INFO]----------------------------------------------------------------------------------------------------

[2025-02-21 09:05:36;INFO]Current Epoch: 480 / 500 | Learning Rate : 0.0001464466094065452
[2025-02-21 09:05:38;INFO]Train | Loss : 0.000747 | ACC : 3150/3150 (100.000%)
[2025-02-21 09:05:38;INFO]Valid | Loss : 0.003768 | ACC : 1348/1350 (99.852%)
[2025-02-21 09:05:38;INFO]      | Loss didn't drop!

[2025-02-21 09:05:38;INFO]best epoch: 479, best loss: 0.003474
[2025-02-21 09:05:38;INFO]----------------------------------------------------------------------------------------------------

[2025-02-21 09:05:38;INFO]Current Epoch: 481 / 500 | Learning Rate : 0.0009999999999983408
[2025-02-21 09:05:40;INFO]Train | Loss : 0.000666 | ACC : 3150/3150 (100.000%)
[2025-02-21 09:05:40;INFO]Valid | Loss : 0.004876 | ACC : 1348/1350 (99.852%)
[2025-02-21 09:05:40;INFO]      | Loss didn't drop!

[2025-02-21 09:05:40;INFO]best epoch: 479, best loss: 0.003474
[2025-02-21 09:05:40;INFO]----------------------------------------------------------------------------------------------------

[2025-02-21 09:05:40;INFO]Current Epoch: 482 / 500 | Learning Rate : 0.00014644660940697635
[2025-02-21 09:05:42;INFO]Train | Loss : 0.000726 | ACC : 3150/3150 (100.000%)
[2025-02-21 09:05:43;INFO]Valid | Loss : 0.004677 | ACC : 1348/1350 (99.852%)
[2025-02-21 09:05:43;INFO]      | Loss didn't drop!

[2025-02-21 09:05:43;INFO]best epoch: 479, best loss: 0.003474
[2025-02-21 09:05:43;INFO]----------------------------------------------------------------------------------------------------

[2025-02-21 09:05:43;INFO]Current Epoch: 483 / 500 | Learning Rate : 0.0005000000000008458
[2025-02-21 09:05:44;INFO]Train | Loss : 0.000658 | ACC : 3150/3150 (100.000%)
[2025-02-21 09:05:44;INFO]Valid | Loss : 0.004826 | ACC : 1347/1350 (99.778%)
[2025-02-21 09:05:44;INFO]      | Loss didn't drop!

[2025-02-21 09:05:44;INFO]best epoch: 479, best loss: 0.003474
[2025-02-21 09:05:44;INFO]----------------------------------------------------------------------------------------------------

[2025-02-21 09:05:44;INFO]Current Epoch: 484 / 500 | Learning Rate : 0.0008535533905947983
[2025-02-21 09:05:46;INFO]Train | Loss : 0.000657 | ACC : 3150/3150 (100.000%)
[2025-02-21 09:05:46;INFO]Valid | Loss : 0.004214 | ACC : 1346/1350 (99.704%)
[2025-02-21 09:05:46;INFO]      | Loss didn't drop!

[2025-02-21 09:05:46;INFO]best epoch: 479, best loss: 0.003474
[2025-02-21 09:05:46;INFO]----------------------------------------------------------------------------------------------------

[2025-02-21 09:05:46;INFO]Current Epoch: 485 / 500 | Learning Rate : 0.0
[2025-02-21 09:05:47;INFO]Train | Loss : 0.000685 | ACC : 3150/3150 (100.000%)
[2025-02-21 09:05:48;INFO]Valid | Loss : 0.004496 | ACC : 1348/1350 (99.852%)
[2025-02-21 09:05:48;INFO]      | Loss didn't drop!

[2025-02-21 09:05:48;INFO]best epoch: 479, best loss: 0.003474
[2025-02-21 09:05:48;INFO]----------------------------------------------------------------------------------------------------

[2025-02-21 09:05:48;INFO]Current Epoch: 486 / 500 | Learning Rate : 0.0008535533905950582
[2025-02-21 09:05:49;INFO]Train | Loss : 0.000648 | ACC : 3150/3150 (100.000%)
[2025-02-21 09:05:49;INFO]Valid | Loss : 0.004436 | ACC : 1348/1350 (99.852%)
[2025-02-21 09:05:49;INFO]      | Loss didn't drop!

[2025-02-21 09:05:49;INFO]best epoch: 479, best loss: 0.003474
[2025-02-21 09:05:49;INFO]----------------------------------------------------------------------------------------------------

[2025-02-21 09:05:49;INFO]Current Epoch: 487 / 500 | Learning Rate : 0.0005000000000012141
[2025-02-21 09:05:51;INFO]Train | Loss : 0.000699 | ACC : 3150/3150 (100.000%)
[2025-02-21 09:05:51;INFO]Valid | Loss : 0.003971 | ACC : 1348/1350 (99.852%)
[2025-02-21 09:05:51;INFO]      | Loss didn't drop!

[2025-02-21 09:05:51;INFO]best epoch: 479, best loss: 0.003474
[2025-02-21 09:05:51;INFO]----------------------------------------------------------------------------------------------------

[2025-02-21 09:05:51;INFO]Current Epoch: 488 / 500 | Learning Rate : 0.00014644660940712627
[2025-02-21 09:05:52;INFO]Train | Loss : 0.000655 | ACC : 3150/3150 (100.000%)
[2025-02-21 09:05:52;INFO]Valid | Loss : 0.003065 | ACC : 1349/1350 (99.926%)
[2025-02-21 09:05:52;INFO]      | Loss dropped from 0.003474 to 0.003065, model has been saved!

[2025-02-21 09:05:52;INFO]best epoch: 488, best loss: 0.003065
[2025-02-21 09:05:52;INFO]----------------------------------------------------------------------------------------------------

[2025-02-21 09:05:52;INFO]Current Epoch: 489 / 500 | Learning Rate : 0.0009999999999997112
[2025-02-21 09:05:54;INFO]Train | Loss : 0.000671 | ACC : 3150/3150 (100.000%)
[2025-02-21 09:05:54;INFO]Valid | Loss : 0.004613 | ACC : 1347/1350 (99.778%)
[2025-02-21 09:05:54;INFO]      | Loss didn't drop!

[2025-02-21 09:05:54;INFO]best epoch: 488, best loss: 0.003065
[2025-02-21 09:05:54;INFO]----------------------------------------------------------------------------------------------------

[2025-02-21 09:05:54;INFO]Current Epoch: 490 / 500 | Learning Rate : 0.00014644660940671633
[2025-02-21 09:05:55;INFO]Train | Loss : 0.000622 | ACC : 3150/3150 (100.000%)
[2025-02-21 09:05:56;INFO]Valid | Loss : 0.003549 | ACC : 1349/1350 (99.926%)
[2025-02-21 09:05:56;INFO]      | Loss didn't drop!

[2025-02-21 09:05:56;INFO]best epoch: 488, best loss: 0.003065
[2025-02-21 09:05:56;INFO]----------------------------------------------------------------------------------------------------

[2025-02-21 09:05:56;INFO]Current Epoch: 491 / 500 | Learning Rate : 0.0005000000000000286
[2025-02-21 09:05:57;INFO]Train | Loss : 0.000669 | ACC : 3150/3150 (100.000%)
[2025-02-21 09:05:57;INFO]Valid | Loss : 0.005881 | ACC : 1347/1350 (99.778%)
[2025-02-21 09:05:57;INFO]      | Loss didn't drop!

[2025-02-21 09:05:57;INFO]best epoch: 488, best loss: 0.003065
[2025-02-21 09:05:57;INFO]----------------------------------------------------------------------------------------------------

[2025-02-21 09:05:57;INFO]Current Epoch: 492 / 500 | Learning Rate : 0.0008535533905934587
[2025-02-21 09:05:59;INFO]Train | Loss : 0.000611 | ACC : 3150/3150 (100.000%)
[2025-02-21 09:05:59;INFO]Valid | Loss : 0.003609 | ACC : 1346/1350 (99.704%)
[2025-02-21 09:05:59;INFO]      | Loss didn't drop!

[2025-02-21 09:05:59;INFO]best epoch: 488, best loss: 0.003065
[2025-02-21 09:05:59;INFO]----------------------------------------------------------------------------------------------------

[2025-02-21 09:05:59;INFO]Current Epoch: 493 / 500 | Learning Rate : 0.0
[2025-02-21 09:06:00;INFO]Train | Loss : 0.000619 | ACC : 3150/3150 (100.000%)
[2025-02-21 09:06:01;INFO]Valid | Loss : 0.003978 | ACC : 1349/1350 (99.926%)
[2025-02-21 09:06:01;INFO]      | Loss didn't drop!

[2025-02-21 09:06:01;INFO]best epoch: 488, best loss: 0.003065
[2025-02-21 09:06:01;INFO]----------------------------------------------------------------------------------------------------

[2025-02-21 09:06:01;INFO]Current Epoch: 494 / 500 | Learning Rate : 0.0008535533905937962
[2025-02-21 09:06:02;INFO]Train | Loss : 0.000635 | ACC : 3150/3150 (100.000%)
[2025-02-21 09:06:02;INFO]Valid | Loss : 0.022481 | ACC : 1346/1350 (99.704%)
[2025-02-21 09:06:02;INFO]      | Loss didn't drop!

[2025-02-21 09:06:02;INFO]best epoch: 488, best loss: 0.003065
[2025-02-21 09:06:02;INFO]----------------------------------------------------------------------------------------------------

[2025-02-21 09:06:02;INFO]Current Epoch: 495 / 500 | Learning Rate : 0.0005000000000018454
[2025-02-21 09:06:04;INFO]Train | Loss : 0.076753 | ACC : 3115/3150 (98.889%)
[2025-02-21 09:06:04;INFO]Valid | Loss : 4.119592 | ACC : 564/1350 (41.778%)
[2025-02-21 09:06:04;INFO]      | Loss didn't drop!

[2025-02-21 09:06:04;INFO]best epoch: 488, best loss: 0.003065
[2025-02-21 09:06:04;INFO]----------------------------------------------------------------------------------------------------

[2025-02-21 09:06:04;INFO]Current Epoch: 496 / 500 | Learning Rate : 0.0001464466094073651
[2025-02-21 09:06:05;INFO]Train | Loss : 0.031097 | ACC : 3143/3150 (99.778%)
[2025-02-21 09:06:05;INFO]Valid | Loss : 0.302443 | ACC : 1130/1350 (83.704%)
[2025-02-21 09:06:05;INFO]      | Loss didn't drop!

[2025-02-21 09:06:05;INFO]best epoch: 488, best loss: 0.003065
[2025-02-21 09:06:05;INFO]----------------------------------------------------------------------------------------------------

[2025-02-21 09:06:05;INFO]Current Epoch: 497 / 500 | Learning Rate : 0.0009999999999981966
[2025-02-21 09:06:07;INFO]Train | Loss : 0.015550 | ACC : 3142/3150 (99.746%)
[2025-02-21 09:06:07;INFO]Valid | Loss : 0.019774 | ACC : 1345/1350 (99.630%)
[2025-02-21 09:06:07;INFO]      | Loss didn't drop!

[2025-02-21 09:06:07;INFO]best epoch: 488, best loss: 0.003065
[2025-02-21 09:06:07;INFO]----------------------------------------------------------------------------------------------------

[2025-02-21 09:06:07;INFO]Current Epoch: 498 / 500 | Learning Rate : 0.0001464466094065355
[2025-02-21 09:06:08;INFO]Train | Loss : 0.013119 | ACC : 3145/3150 (99.841%)
[2025-02-21 09:06:09;INFO]Valid | Loss : 0.046793 | ACC : 1345/1350 (99.630%)
[2025-02-21 09:06:09;INFO]      | Loss didn't drop!

[2025-02-21 09:06:09;INFO]best epoch: 488, best loss: 0.003065
[2025-02-21 09:06:09;INFO]----------------------------------------------------------------------------------------------------

[2025-02-21 09:06:09;INFO]Current Epoch: 499 / 500 | Learning Rate : 0.0004999999999993205
[2025-02-21 09:06:10;INFO]Train | Loss : 0.007422 | ACC : 3149/3150 (99.968%)
[2025-02-21 09:06:10;INFO]Valid | Loss : 0.064681 | ACC : 1323/1350 (98.000%)
[2025-02-21 09:06:10;INFO]      | Loss didn't drop!

[2025-02-21 09:06:10;INFO]best epoch: 488, best loss: 0.003065
[2025-02-21 09:06:10;INFO]----------------------------------------------------------------------------------------------------

[2025-02-21 09:06:10;INFO]Current Epoch: 500 / 500 | Learning Rate : 0.000853553390594671
[2025-02-21 09:06:12;INFO]Train | Loss : 0.007400 | ACC : 3149/3150 (99.968%)
[2025-02-21 09:06:12;INFO]Valid | Loss : 0.009193 | ACC : 1347/1350 (99.778%)
[2025-02-21 09:06:12;INFO]      | Loss didn't drop!

[2025-02-21 09:06:12;INFO]best epoch: 488, best loss: 0.003065
[2025-02-21 09:06:12;INFO]----------------------------------------------------------------------------------------------------

[2025-02-21 09:06:12;INFO]Training finished! Best Epoch : 488 | Best Loss : 0.003065


