[2025-02-22 14:51:35;INFO]====================================================================================================
[2025-02-22 14:51:35;INFO]Config
[2025-02-22 14:51:35;INFO]----------------------------------------------------------------------------------------------------
[2025-02-22 14:51:35;INFO]seed : 2025
[2025-02-22 14:51:35;INFO]mode : train
[2025-02-22 14:51:35;INFO]device : cuda
[2025-02-22 14:51:35;INFO]dataset_path : ../../../Datasets
[2025-02-22 14:51:35;INFO]source : {'s': 1, 'ft': 50}
[2025-02-22 14:51:35;INFO]num_classes : 16
[2025-02-22 14:51:35;INFO]backbone : scnn
[2025-02-22 14:51:35;INFO]lr : 0.001
[2025-02-22 14:51:35;INFO]batch_size : 128
[2025-02-22 14:51:35;INFO]train_epochs : 500
[2025-02-22 14:51:35;INFO]root_dir : ./result/wifi_scnn
[2025-02-22 14:51:35;INFO]work_dir : ./result/wifi_scnn/train/s1_50ft
[2025-02-22 14:51:35;INFO]logger : <Logger Logger_train (INFO)>
[2025-02-22 14:51:35;INFO]====================================================================================================


[2025-02-22 14:51:37;INFO]Start training ...
[2025-02-22 14:51:37;INFO]No. train samples: 3360
[2025-02-22 14:51:37;INFO]No. valid samples: 1440
[2025-02-22 14:51:37;INFO]----------------------------------------------------------------------------------------------------

[2025-02-22 14:51:37;INFO]Current Epoch: 1 / 500 | Learning Rate : 0.001
[2025-02-22 14:51:47;INFO]Train | Loss : 1.987142 | ACC : 1639/3360 (48.780%)
[2025-02-22 14:51:49;INFO]Valid | Loss : 1.961635 | ACC : 576/1440 (40.000%)
[2025-02-22 14:51:49;INFO]      | Loss dropped from inf to 1.961635, model has been saved!

[2025-02-22 14:51:49;INFO]best epoch: 1, best loss: 1.961635
[2025-02-22 14:51:49;INFO]----------------------------------------------------------------------------------------------------

[2025-02-22 14:51:49;INFO]Current Epoch: 2 / 500 | Learning Rate : 0.0002730047501302265
[2025-02-22 14:52:00;INFO]Train | Loss : 1.423462 | ACC : 2606/3360 (77.560%)
[2025-02-22 14:52:03;INFO]Valid | Loss : 1.468684 | ACC : 830/1440 (57.639%)
[2025-02-22 14:52:03;INFO]      | Loss dropped from 1.961635 to 1.468684, model has been saved!

[2025-02-22 14:52:03;INFO]best epoch: 2, best loss: 1.468684
[2025-02-22 14:52:03;INFO]----------------------------------------------------------------------------------------------------

[2025-02-22 14:52:03;INFO]Current Epoch: 3 / 500 | Learning Rate : 0.0002061073738537634
[2025-02-22 14:52:21;INFO]Train | Loss : 1.181286 | ACC : 3069/3360 (91.339%)
[2025-02-22 14:52:24;INFO]Valid | Loss : 1.674450 | ACC : 560/1440 (38.889%)
[2025-02-22 14:52:24;INFO]      | Loss didn't drop!

[2025-02-22 14:52:24;INFO]best epoch: 2, best loss: 1.468684
[2025-02-22 14:52:24;INFO]----------------------------------------------------------------------------------------------------

[2025-02-22 14:52:24;INFO]Current Epoch: 4 / 500 | Learning Rate : 0.0009938441702975601
[2025-02-22 14:52:42;INFO]Train | Loss : 0.968425 | ACC : 3266/3360 (97.202%)
[2025-02-22 14:52:45;INFO]Valid | Loss : 1.177225 | ACC : 995/1440 (69.097%)
[2025-02-22 14:52:45;INFO]      | Loss dropped from 1.468684 to 1.177225, model has been saved!

[2025-02-22 14:52:45;INFO]best epoch: 4, best loss: 1.177225
[2025-02-22 14:52:45;INFO]----------------------------------------------------------------------------------------------------

[2025-02-22 14:52:45;INFO]Current Epoch: 5 / 500 | Learning Rate : 0.00034549150281252286
[2025-02-22 14:53:04;INFO]Train | Loss : 0.850234 | ACC : 3276/3360 (97.500%)
[2025-02-22 14:53:06;INFO]Valid | Loss : 1.287325 | ACC : 886/1440 (61.528%)
[2025-02-22 14:53:06;INFO]      | Loss didn't drop!

[2025-02-22 14:53:06;INFO]best epoch: 4, best loss: 1.177225
[2025-02-22 14:53:06;INFO]----------------------------------------------------------------------------------------------------

[2025-02-22 14:53:06;INFO]Current Epoch: 6 / 500 | Learning Rate : 0.00014644660940672552
[2025-02-22 14:53:25;INFO]Train | Loss : 0.756163 | ACC : 3291/3360 (97.946%)
[2025-02-22 14:53:28;INFO]Valid | Loss : 2.467533 | ACC : 455/1440 (31.597%)
[2025-02-22 14:53:28;INFO]      | Loss didn't drop!

[2025-02-22 14:53:28;INFO]best epoch: 4, best loss: 1.177225
[2025-02-22 14:53:28;INFO]----------------------------------------------------------------------------------------------------

[2025-02-22 14:53:28;INFO]Current Epoch: 7 / 500 | Learning Rate : 0.0009755282581476215
[2025-02-22 14:53:47;INFO]Train | Loss : 0.715805 | ACC : 3311/3360 (98.542%)
[2025-02-22 14:53:49;INFO]Valid | Loss : 3.365326 | ACC : 272/1440 (18.889%)
[2025-02-22 14:53:49;INFO]      | Loss didn't drop!

[2025-02-22 14:53:49;INFO]best epoch: 4, best loss: 1.177225
[2025-02-22 14:53:49;INFO]----------------------------------------------------------------------------------------------------

[2025-02-22 14:53:49;INFO]Current Epoch: 8 / 500 | Learning Rate : 0.00042178276747988444
[2025-02-22 14:54:08;INFO]Train | Loss : 0.661677 | ACC : 3334/3360 (99.226%)
[2025-02-22 14:54:11;INFO]Valid | Loss : 0.675860 | ACC : 1259/1440 (87.431%)
[2025-02-22 14:54:11;INFO]      | Loss dropped from 1.177225 to 0.675860, model has been saved!

[2025-02-22 14:54:11;INFO]best epoch: 8, best loss: 0.675860
[2025-02-22 14:54:11;INFO]----------------------------------------------------------------------------------------------------

[2025-02-22 14:54:11;INFO]Current Epoch: 9 / 500 | Learning Rate : 9.549150281252665e-05
[2025-02-22 14:54:30;INFO]Train | Loss : 0.596366 | ACC : 3341/3360 (99.435%)
[2025-02-22 14:54:32;INFO]Valid | Loss : 2.279931 | ACC : 221/1440 (15.347%)
[2025-02-22 14:54:32;INFO]      | Loss didn't drop!

[2025-02-22 14:54:32;INFO]best epoch: 8, best loss: 0.675860
[2025-02-22 14:54:32;INFO]----------------------------------------------------------------------------------------------------

[2025-02-22 14:54:32;INFO]Current Epoch: 10 / 500 | Learning Rate : 0.0009455032620941413
[2025-02-22 14:54:51;INFO]Train | Loss : 0.585166 | ACC : 3343/3360 (99.494%)
[2025-02-22 14:54:54;INFO]Valid | Loss : 1.603007 | ACC : 618/1440 (42.917%)
[2025-02-22 14:54:54;INFO]      | Loss didn't drop!

[2025-02-22 14:54:54;INFO]best epoch: 8, best loss: 0.675860
[2025-02-22 14:54:54;INFO]----------------------------------------------------------------------------------------------------

[2025-02-22 14:54:54;INFO]Current Epoch: 11 / 500 | Learning Rate : 0.0005000000000000255
[2025-02-22 14:55:13;INFO]Train | Loss : 0.561291 | ACC : 3340/3360 (99.405%)
[2025-02-22 14:55:16;INFO]Valid | Loss : 0.793878 | ACC : 1077/1440 (74.792%)
[2025-02-22 14:55:16;INFO]      | Loss didn't drop!

[2025-02-22 14:55:16;INFO]best epoch: 8, best loss: 0.675860
[2025-02-22 14:55:16;INFO]----------------------------------------------------------------------------------------------------

[2025-02-22 14:55:16;INFO]Current Epoch: 12 / 500 | Learning Rate : 5.4496737905819274e-05
[2025-02-22 14:55:35;INFO]Train | Loss : 0.548546 | ACC : 3333/3360 (99.196%)
[2025-02-22 14:55:37;INFO]Valid | Loss : 3.644996 | ACC : 89/1440 (6.181%)
[2025-02-22 14:55:37;INFO]      | Loss didn't drop!

[2025-02-22 14:55:37;INFO]best epoch: 8, best loss: 0.675860
[2025-02-22 14:55:37;INFO]----------------------------------------------------------------------------------------------------

[2025-02-22 14:55:37;INFO]Current Epoch: 13 / 500 | Learning Rate : 0.0009045084971875242
[2025-02-22 14:55:56;INFO]Train | Loss : 0.504057 | ACC : 3353/3360 (99.792%)
[2025-02-22 14:55:59;INFO]Valid | Loss : 1.817090 | ACC : 766/1440 (53.194%)
[2025-02-22 14:55:59;INFO]      | Loss didn't drop!

[2025-02-22 14:55:59;INFO]best epoch: 8, best loss: 0.675860
[2025-02-22 14:55:59;INFO]----------------------------------------------------------------------------------------------------

[2025-02-22 14:55:59;INFO]Current Epoch: 14 / 500 | Learning Rate : 0.0005782172325201451
[2025-02-22 14:56:18;INFO]Train | Loss : 0.467828 | ACC : 3349/3360 (99.673%)
[2025-02-22 14:56:21;INFO]Valid | Loss : 0.706877 | ACC : 1105/1440 (76.736%)
[2025-02-22 14:56:21;INFO]      | Loss didn't drop!

[2025-02-22 14:56:21;INFO]best epoch: 8, best loss: 0.675860
[2025-02-22 14:56:21;INFO]----------------------------------------------------------------------------------------------------

[2025-02-22 14:56:21;INFO]Current Epoch: 15 / 500 | Learning Rate : 2.4471741852424627e-05
[2025-02-22 14:56:40;INFO]Train | Loss : 0.417615 | ACC : 3346/3360 (99.583%)
[2025-02-22 14:56:42;INFO]Valid | Loss : 2.233012 | ACC : 432/1440 (30.000%)
[2025-02-22 14:56:42;INFO]      | Loss didn't drop!

[2025-02-22 14:56:42;INFO]best epoch: 8, best loss: 0.675860
[2025-02-22 14:56:42;INFO]----------------------------------------------------------------------------------------------------

[2025-02-22 14:56:42;INFO]Current Epoch: 16 / 500 | Learning Rate : 0.0008535533905933295
[2025-02-22 14:57:01;INFO]Train | Loss : 0.417737 | ACC : 3357/3360 (99.911%)
[2025-02-22 14:57:04;INFO]Valid | Loss : 3.472812 | ACC : 136/1440 (9.444%)
[2025-02-22 14:57:04;INFO]      | Loss didn't drop!

[2025-02-22 14:57:04;INFO]best epoch: 8, best loss: 0.675860
[2025-02-22 14:57:04;INFO]----------------------------------------------------------------------------------------------------

[2025-02-22 14:57:04;INFO]Current Epoch: 17 / 500 | Learning Rate : 0.0006545084971875135
[2025-02-22 14:57:23;INFO]Train | Loss : 0.405462 | ACC : 3357/3360 (99.911%)
[2025-02-22 14:57:26;INFO]Valid | Loss : 0.493197 | ACC : 1313/1440 (91.181%)
[2025-02-22 14:57:26;INFO]      | Loss dropped from 0.675860 to 0.493197, model has been saved!

[2025-02-22 14:57:26;INFO]best epoch: 17, best loss: 0.493197
[2025-02-22 14:57:26;INFO]----------------------------------------------------------------------------------------------------

[2025-02-22 14:57:26;INFO]Current Epoch: 18 / 500 | Learning Rate : 6.155829702431559e-06
[2025-02-22 14:57:45;INFO]Train | Loss : 0.350958 | ACC : 3357/3360 (99.911%)
[2025-02-22 14:57:48;INFO]Valid | Loss : 1.460356 | ACC : 988/1440 (68.611%)
[2025-02-22 14:57:48;INFO]      | Loss didn't drop!

[2025-02-22 14:57:48;INFO]best epoch: 17, best loss: 0.493197
[2025-02-22 14:57:48;INFO]----------------------------------------------------------------------------------------------------

[2025-02-22 14:57:48;INFO]Current Epoch: 19 / 500 | Learning Rate : 0.0007938926261462138
[2025-02-22 14:58:06;INFO]Train | Loss : 0.334065 | ACC : 3359/3360 (99.970%)
[2025-02-22 14:58:09;INFO]Valid | Loss : 0.743431 | ACC : 1103/1440 (76.597%)
[2025-02-22 14:58:09;INFO]      | Loss didn't drop!

[2025-02-22 14:58:09;INFO]best epoch: 17, best loss: 0.493197
[2025-02-22 14:58:09;INFO]----------------------------------------------------------------------------------------------------

[2025-02-22 14:58:09;INFO]Current Epoch: 20 / 500 | Learning Rate : 0.0007269952498698281
[2025-02-22 14:58:28;INFO]Train | Loss : 0.361771 | ACC : 3355/3360 (99.851%)
[2025-02-22 14:58:31;INFO]Valid | Loss : 0.313167 | ACC : 1429/1440 (99.236%)
[2025-02-22 14:58:31;INFO]      | Loss dropped from 0.493197 to 0.313167, model has been saved!

[2025-02-22 14:58:31;INFO]best epoch: 20, best loss: 0.313167
[2025-02-22 14:58:31;INFO]----------------------------------------------------------------------------------------------------

[2025-02-22 14:58:31;INFO]Current Epoch: 21 / 500 | Learning Rate : 0.0
[2025-02-22 14:58:50;INFO]Train | Loss : 0.324287 | ACC : 3359/3360 (99.970%)
[2025-02-22 14:58:53;INFO]Valid | Loss : 0.709092 | ACC : 1309/1440 (90.903%)
[2025-02-22 14:58:53;INFO]      | Loss didn't drop!

[2025-02-22 14:58:53;INFO]best epoch: 20, best loss: 0.313167
[2025-02-22 14:58:53;INFO]----------------------------------------------------------------------------------------------------

[2025-02-22 14:58:53;INFO]Current Epoch: 22 / 500 | Learning Rate : 0.0007269952498697626
[2025-02-22 14:59:12;INFO]Train | Loss : 0.292866 | ACC : 3360/3360 (100.000%)
[2025-02-22 14:59:14;INFO]Valid | Loss : 1.026176 | ACC : 1055/1440 (73.264%)
[2025-02-22 14:59:14;INFO]      | Loss didn't drop!

[2025-02-22 14:59:14;INFO]best epoch: 20, best loss: 0.313167
[2025-02-22 14:59:14;INFO]----------------------------------------------------------------------------------------------------

[2025-02-22 14:59:14;INFO]Current Epoch: 23 / 500 | Learning Rate : 0.000793892626146293
[2025-02-22 14:59:33;INFO]Train | Loss : 0.323446 | ACC : 3352/3360 (99.762%)
[2025-02-22 14:59:36;INFO]Valid | Loss : 0.266217 | ACC : 1439/1440 (99.931%)
[2025-02-22 14:59:36;INFO]      | Loss dropped from 0.313167 to 0.266217, model has been saved!

[2025-02-22 14:59:36;INFO]best epoch: 23, best loss: 0.266217
[2025-02-22 14:59:36;INFO]----------------------------------------------------------------------------------------------------

[2025-02-22 14:59:36;INFO]Current Epoch: 24 / 500 | Learning Rate : 6.155829702431115e-06
[2025-02-22 14:59:55;INFO]Train | Loss : 0.350967 | ACC : 3351/3360 (99.732%)
[2025-02-22 14:59:58;INFO]Valid | Loss : 0.428982 | ACC : 1234/1440 (85.694%)
[2025-02-22 14:59:58;INFO]      | Loss didn't drop!

[2025-02-22 14:59:58;INFO]best epoch: 23, best loss: 0.266217
[2025-02-22 14:59:58;INFO]----------------------------------------------------------------------------------------------------

[2025-02-22 14:59:58;INFO]Current Epoch: 25 / 500 | Learning Rate : 0.0006545084971874731
[2025-02-22 15:00:17;INFO]Train | Loss : 0.290933 | ACC : 3357/3360 (99.911%)
[2025-02-22 15:00:20;INFO]Valid | Loss : 1.085897 | ACC : 996/1440 (69.167%)
[2025-02-22 15:00:20;INFO]      | Loss didn't drop!

[2025-02-22 15:00:20;INFO]best epoch: 23, best loss: 0.266217
[2025-02-22 15:00:20;INFO]----------------------------------------------------------------------------------------------------

[2025-02-22 15:00:20;INFO]Current Epoch: 26 / 500 | Learning Rate : 0.0008535533905931913
[2025-02-22 15:00:39;INFO]Train | Loss : 0.294035 | ACC : 3358/3360 (99.940%)
[2025-02-22 15:00:41;INFO]Valid | Loss : 0.241791 | ACC : 1440/1440 (100.000%)
[2025-02-22 15:00:41;INFO]      | Loss dropped from 0.266217 to 0.241791, model has been saved!

[2025-02-22 15:00:41;INFO]best epoch: 26, best loss: 0.241791
[2025-02-22 15:00:41;INFO]----------------------------------------------------------------------------------------------------

[2025-02-22 15:00:41;INFO]Current Epoch: 27 / 500 | Learning Rate : 2.447174185242207e-05
[2025-02-22 15:01:00;INFO]Train | Loss : 0.288045 | ACC : 3354/3360 (99.821%)
[2025-02-22 15:01:03;INFO]Valid | Loss : 0.658591 | ACC : 1157/1440 (80.347%)
[2025-02-22 15:01:03;INFO]      | Loss didn't drop!

[2025-02-22 15:01:03;INFO]best epoch: 26, best loss: 0.241791
[2025-02-22 15:01:03;INFO]----------------------------------------------------------------------------------------------------

[2025-02-22 15:01:03;INFO]Current Epoch: 28 / 500 | Learning Rate : 0.0005782172325201193
[2025-02-22 15:01:22;INFO]Train | Loss : 0.276307 | ACC : 3352/3360 (99.762%)
[2025-02-22 15:01:25;INFO]Valid | Loss : 0.746867 | ACC : 1020/1440 (70.833%)
[2025-02-22 15:01:25;INFO]      | Loss didn't drop!

[2025-02-22 15:01:25;INFO]best epoch: 26, best loss: 0.241791
[2025-02-22 15:01:25;INFO]----------------------------------------------------------------------------------------------------

[2025-02-22 15:01:25;INFO]Current Epoch: 29 / 500 | Learning Rate : 0.0009045084971873921
[2025-02-22 15:01:44;INFO]Train | Loss : 0.273795 | ACC : 3355/3360 (99.851%)
[2025-02-22 15:01:47;INFO]Valid | Loss : 0.346106 | ACC : 1409/1440 (97.847%)
[2025-02-22 15:01:47;INFO]      | Loss didn't drop!

[2025-02-22 15:01:47;INFO]best epoch: 26, best loss: 0.241791
[2025-02-22 15:01:47;INFO]----------------------------------------------------------------------------------------------------

[2025-02-22 15:01:47;INFO]Current Epoch: 30 / 500 | Learning Rate : 5.449673790581317e-05
[2025-02-22 15:02:06;INFO]Train | Loss : 0.254629 | ACC : 3354/3360 (99.821%)
[2025-02-22 15:02:08;INFO]Valid | Loss : 1.256871 | ACC : 953/1440 (66.181%)
[2025-02-22 15:02:08;INFO]      | Loss didn't drop!

[2025-02-22 15:02:08;INFO]best epoch: 26, best loss: 0.241791
[2025-02-22 15:02:08;INFO]----------------------------------------------------------------------------------------------------

[2025-02-22 15:02:08;INFO]Current Epoch: 31 / 500 | Learning Rate : 0.0005000000000000051
[2025-02-22 15:02:28;INFO]Train | Loss : 0.227987 | ACC : 3360/3360 (100.000%)
[2025-02-22 15:02:30;INFO]Valid | Loss : 1.839161 | ACC : 901/1440 (62.569%)
[2025-02-22 15:02:30;INFO]      | Loss didn't drop!

[2025-02-22 15:02:30;INFO]best epoch: 26, best loss: 0.241791
[2025-02-22 15:02:30;INFO]----------------------------------------------------------------------------------------------------

[2025-02-22 15:02:30;INFO]Current Epoch: 32 / 500 | Learning Rate : 0.0009455032620944383
[2025-02-22 15:02:49;INFO]Train | Loss : 0.250936 | ACC : 3359/3360 (99.970%)
[2025-02-22 15:02:52;INFO]Valid | Loss : 0.195944 | ACC : 1440/1440 (100.000%)
[2025-02-22 15:02:52;INFO]      | Loss dropped from 0.241791 to 0.195944, model has been saved!

[2025-02-22 15:02:52;INFO]best epoch: 32, best loss: 0.195944
[2025-02-22 15:02:52;INFO]----------------------------------------------------------------------------------------------------

[2025-02-22 15:02:52;INFO]Current Epoch: 33 / 500 | Learning Rate : 9.54915028125428e-05
[2025-02-22 15:03:11;INFO]Train | Loss : 0.216128 | ACC : 3360/3360 (100.000%)
[2025-02-22 15:03:14;INFO]Valid | Loss : 0.983756 | ACC : 1029/1440 (71.458%)
[2025-02-22 15:03:14;INFO]      | Loss didn't drop!

[2025-02-22 15:03:14;INFO]best epoch: 32, best loss: 0.195944
[2025-02-22 15:03:14;INFO]----------------------------------------------------------------------------------------------------

[2025-02-22 15:03:14;INFO]Current Epoch: 34 / 500 | Learning Rate : 0.0004217827674799659
[2025-02-22 15:03:33;INFO]Train | Loss : 0.220086 | ACC : 3356/3360 (99.881%)
[2025-02-22 15:03:36;INFO]Valid | Loss : 2.677925 | ACC : 545/1440 (37.847%)
[2025-02-22 15:03:36;INFO]      | Loss didn't drop!

[2025-02-22 15:03:36;INFO]best epoch: 32, best loss: 0.195944
[2025-02-22 15:03:36;INFO]----------------------------------------------------------------------------------------------------

[2025-02-22 15:03:36;INFO]Current Epoch: 35 / 500 | Learning Rate : 0.0009755282581476737
[2025-02-22 15:03:55;INFO]Train | Loss : 0.400930 | ACC : 3291/3360 (97.946%)
[2025-02-22 15:03:57;INFO]Valid | Loss : 0.430635 | ACC : 1363/1440 (94.653%)
[2025-02-22 15:03:57;INFO]      | Loss didn't drop!

[2025-02-22 15:03:57;INFO]best epoch: 32, best loss: 0.195944
[2025-02-22 15:03:57;INFO]----------------------------------------------------------------------------------------------------

[2025-02-22 15:03:57;INFO]Current Epoch: 36 / 500 | Learning Rate : 0.00014644660940671826
[2025-02-22 15:04:17;INFO]Train | Loss : 0.258529 | ACC : 3360/3360 (100.000%)
[2025-02-22 15:04:19;INFO]Valid | Loss : 0.728459 | ACC : 1110/1440 (77.083%)
[2025-02-22 15:04:19;INFO]      | Loss didn't drop!

[2025-02-22 15:04:19;INFO]best epoch: 32, best loss: 0.195944
[2025-02-22 15:04:19;INFO]----------------------------------------------------------------------------------------------------

[2025-02-22 15:04:19;INFO]Current Epoch: 37 / 500 | Learning Rate : 0.0003454915028125272
[2025-02-22 15:04:38;INFO]Train | Loss : 0.230636 | ACC : 3349/3360 (99.673%)
[2025-02-22 15:04:41;INFO]Valid | Loss : 0.694336 | ACC : 1090/1440 (75.694%)
[2025-02-22 15:04:41;INFO]      | Loss didn't drop!

[2025-02-22 15:04:41;INFO]best epoch: 32, best loss: 0.195944
[2025-02-22 15:04:41;INFO]----------------------------------------------------------------------------------------------------

[2025-02-22 15:04:41;INFO]Current Epoch: 38 / 500 | Learning Rate : 0.000993844170297854
[2025-02-22 15:05:00;INFO]Train | Loss : 0.281597 | ACC : 3342/3360 (99.464%)
[2025-02-22 15:05:03;INFO]Valid | Loss : 0.342897 | ACC : 1349/1440 (93.681%)
[2025-02-22 15:05:03;INFO]      | Loss didn't drop!

[2025-02-22 15:05:03;INFO]best epoch: 32, best loss: 0.195944
[2025-02-22 15:05:03;INFO]----------------------------------------------------------------------------------------------------

[2025-02-22 15:05:03;INFO]Current Epoch: 39 / 500 | Learning Rate : 0.00020610737385380826
[2025-02-22 15:05:22;INFO]Train | Loss : 0.203732 | ACC : 3360/3360 (100.000%)
[2025-02-22 15:05:25;INFO]Valid | Loss : 0.667114 | ACC : 1227/1440 (85.208%)
[2025-02-22 15:05:25;INFO]      | Loss didn't drop!

[2025-02-22 15:05:25;INFO]best epoch: 32, best loss: 0.195944
[2025-02-22 15:05:25;INFO]----------------------------------------------------------------------------------------------------

[2025-02-22 15:05:25;INFO]Current Epoch: 40 / 500 | Learning Rate : 0.0002730047501302881
[2025-02-22 15:05:44;INFO]Train | Loss : 0.180606 | ACC : 3360/3360 (100.000%)
[2025-02-22 15:05:46;INFO]Valid | Loss : 1.304090 | ACC : 948/1440 (65.833%)
[2025-02-22 15:05:46;INFO]      | Loss didn't drop!

[2025-02-22 15:05:46;INFO]best epoch: 32, best loss: 0.195944
[2025-02-22 15:05:46;INFO]----------------------------------------------------------------------------------------------------

[2025-02-22 15:05:46;INFO]Current Epoch: 41 / 500 | Learning Rate : 0.0010000000000001173
[2025-02-22 15:06:06;INFO]Train | Loss : 0.191780 | ACC : 3358/3360 (99.940%)
[2025-02-22 15:06:08;INFO]Valid | Loss : 0.274083 | ACC : 1366/1440 (94.861%)
[2025-02-22 15:06:08;INFO]      | Loss didn't drop!

[2025-02-22 15:06:08;INFO]best epoch: 32, best loss: 0.195944
[2025-02-22 15:06:08;INFO]----------------------------------------------------------------------------------------------------

[2025-02-22 15:06:08;INFO]Current Epoch: 42 / 500 | Learning Rate : 0.000273004750130229
[2025-02-22 15:06:27;INFO]Train | Loss : 0.173326 | ACC : 3360/3360 (100.000%)
[2025-02-22 15:06:30;INFO]Valid | Loss : 0.525024 | ACC : 1271/1440 (88.264%)
[2025-02-22 15:06:30;INFO]      | Loss didn't drop!

[2025-02-22 15:06:30;INFO]best epoch: 32, best loss: 0.195944
[2025-02-22 15:06:30;INFO]----------------------------------------------------------------------------------------------------

[2025-02-22 15:06:30;INFO]Current Epoch: 43 / 500 | Learning Rate : 0.00020610737385377267
[2025-02-22 15:06:49;INFO]Train | Loss : 0.164707 | ACC : 3359/3360 (99.970%)
[2025-02-22 15:06:52;INFO]Valid | Loss : 1.498726 | ACC : 694/1440 (48.194%)
[2025-02-22 15:06:52;INFO]      | Loss didn't drop!

[2025-02-22 15:06:52;INFO]best epoch: 32, best loss: 0.195944
[2025-02-22 15:06:52;INFO]----------------------------------------------------------------------------------------------------

[2025-02-22 15:06:52;INFO]Current Epoch: 44 / 500 | Learning Rate : 0.0009938441702975066
[2025-02-22 15:07:11;INFO]Train | Loss : 0.165980 | ACC : 3360/3360 (100.000%)
[2025-02-22 15:07:14;INFO]Valid | Loss : 0.242254 | ACC : 1400/1440 (97.222%)
[2025-02-22 15:07:14;INFO]      | Loss didn't drop!

[2025-02-22 15:07:14;INFO]best epoch: 32, best loss: 0.195944
[2025-02-22 15:07:14;INFO]----------------------------------------------------------------------------------------------------

[2025-02-22 15:07:14;INFO]Current Epoch: 45 / 500 | Learning Rate : 0.0003454915028125993
[2025-02-22 15:07:33;INFO]Train | Loss : 0.167637 | ACC : 3360/3360 (100.000%)
[2025-02-22 15:07:35;INFO]Valid | Loss : 0.751061 | ACC : 1198/1440 (83.194%)
[2025-02-22 15:07:35;INFO]      | Loss didn't drop!

[2025-02-22 15:07:35;INFO]best epoch: 32, best loss: 0.195944
[2025-02-22 15:07:35;INFO]----------------------------------------------------------------------------------------------------

[2025-02-22 15:07:35;INFO]Current Epoch: 46 / 500 | Learning Rate : 0.00014644660940675832
[2025-02-22 15:07:55;INFO]Train | Loss : 0.150510 | ACC : 3360/3360 (100.000%)
[2025-02-22 15:07:57;INFO]Valid | Loss : 0.725625 | ACC : 1087/1440 (75.486%)
[2025-02-22 15:07:57;INFO]      | Loss didn't drop!

[2025-02-22 15:07:57;INFO]best epoch: 32, best loss: 0.195944
[2025-02-22 15:07:57;INFO]----------------------------------------------------------------------------------------------------

[2025-02-22 15:07:57;INFO]Current Epoch: 47 / 500 | Learning Rate : 0.0009755282581477
[2025-02-22 15:08:16;INFO]Train | Loss : 0.159281 | ACC : 3360/3360 (100.000%)
[2025-02-22 15:08:19;INFO]Valid | Loss : 0.312865 | ACC : 1298/1440 (90.139%)
[2025-02-22 15:08:19;INFO]      | Loss didn't drop!

[2025-02-22 15:08:19;INFO]best epoch: 32, best loss: 0.195944
[2025-02-22 15:08:19;INFO]----------------------------------------------------------------------------------------------------

[2025-02-22 15:08:19;INFO]Current Epoch: 48 / 500 | Learning Rate : 0.0004217827674799015
[2025-02-22 15:08:38;INFO]Train | Loss : 0.168647 | ACC : 3356/3360 (99.881%)
[2025-02-22 15:08:41;INFO]Valid | Loss : 1.128228 | ACC : 994/1440 (69.028%)
[2025-02-22 15:08:41;INFO]      | Loss didn't drop!

[2025-02-22 15:08:41;INFO]best epoch: 32, best loss: 0.195944
[2025-02-22 15:08:41;INFO]----------------------------------------------------------------------------------------------------

[2025-02-22 15:08:41;INFO]Current Epoch: 49 / 500 | Learning Rate : 9.549150281253623e-05
[2025-02-22 15:09:00;INFO]Train | Loss : 0.147262 | ACC : 3359/3360 (99.970%)
[2025-02-22 15:09:03;INFO]Valid | Loss : 1.320810 | ACC : 1006/1440 (69.861%)
[2025-02-22 15:09:03;INFO]      | Loss didn't drop!

[2025-02-22 15:09:03;INFO]best epoch: 32, best loss: 0.195944
[2025-02-22 15:09:03;INFO]----------------------------------------------------------------------------------------------------

[2025-02-22 15:09:03;INFO]Current Epoch: 50 / 500 | Learning Rate : 0.0009455032620941462
[2025-02-22 15:09:22;INFO]Train | Loss : 0.145465 | ACC : 3360/3360 (100.000%)
[2025-02-22 15:09:24;INFO]Valid | Loss : 0.383303 | ACC : 1241/1440 (86.181%)
[2025-02-22 15:09:24;INFO]      | Loss didn't drop!

[2025-02-22 15:09:24;INFO]best epoch: 32, best loss: 0.195944
[2025-02-22 15:09:24;INFO]----------------------------------------------------------------------------------------------------

[2025-02-22 15:09:24;INFO]Current Epoch: 51 / 500 | Learning Rate : 0.0004999999999999381
[2025-02-22 15:09:43;INFO]Train | Loss : 0.160043 | ACC : 3359/3360 (99.970%)
[2025-02-22 15:09:46;INFO]Valid | Loss : 0.235067 | ACC : 1416/1440 (98.333%)
[2025-02-22 15:09:46;INFO]      | Loss didn't drop!

[2025-02-22 15:09:46;INFO]best epoch: 32, best loss: 0.195944
[2025-02-22 15:09:46;INFO]----------------------------------------------------------------------------------------------------

[2025-02-22 15:09:46;INFO]Current Epoch: 52 / 500 | Learning Rate : 5.4496737905805545e-05
[2025-02-22 15:10:05;INFO]Train | Loss : 0.125575 | ACC : 3360/3360 (100.000%)
[2025-02-22 15:10:08;INFO]Valid | Loss : 0.693580 | ACC : 1142/1440 (79.306%)
[2025-02-22 15:10:08;INFO]      | Loss didn't drop!

[2025-02-22 15:10:08;INFO]best epoch: 32, best loss: 0.195944
[2025-02-22 15:10:08;INFO]----------------------------------------------------------------------------------------------------

[2025-02-22 15:10:08;INFO]Current Epoch: 53 / 500 | Learning Rate : 0.0009045084971875998
[2025-02-22 15:10:27;INFO]Train | Loss : 0.173227 | ACC : 3347/3360 (99.613%)
[2025-02-22 15:10:30;INFO]Valid | Loss : 1.015090 | ACC : 903/1440 (62.708%)
[2025-02-22 15:10:30;INFO]      | Loss didn't drop!

[2025-02-22 15:10:30;INFO]best epoch: 32, best loss: 0.195944
[2025-02-22 15:10:30;INFO]----------------------------------------------------------------------------------------------------

[2025-02-22 15:10:30;INFO]Current Epoch: 54 / 500 | Learning Rate : 0.000578217232520142
[2025-02-22 15:10:49;INFO]Train | Loss : 0.153615 | ACC : 3359/3360 (99.970%)
[2025-02-22 15:10:52;INFO]Valid | Loss : 0.577924 | ACC : 1085/1440 (75.347%)
[2025-02-22 15:10:52;INFO]      | Loss didn't drop!

[2025-02-22 15:10:52;INFO]best epoch: 32, best loss: 0.195944
[2025-02-22 15:10:52;INFO]----------------------------------------------------------------------------------------------------

[2025-02-22 15:10:52;INFO]Current Epoch: 55 / 500 | Learning Rate : 2.4471741852430055e-05
[2025-02-22 15:11:11;INFO]Train | Loss : 0.132335 | ACC : 3360/3360 (100.000%)
[2025-02-22 15:11:13;INFO]Valid | Loss : 2.408891 | ACC : 635/1440 (44.097%)
[2025-02-22 15:11:13;INFO]      | Loss didn't drop!

[2025-02-22 15:11:13;INFO]best epoch: 32, best loss: 0.195944
[2025-02-22 15:11:13;INFO]----------------------------------------------------------------------------------------------------

[2025-02-22 15:11:13;INFO]Current Epoch: 56 / 500 | Learning Rate : 0.0008535533905935419
[2025-02-22 15:11:32;INFO]Train | Loss : 0.178897 | ACC : 3344/3360 (99.524%)
[2025-02-22 15:11:35;INFO]Valid | Loss : 4.568854 | ACC : 171/1440 (11.875%)
[2025-02-22 15:11:35;INFO]      | Loss didn't drop!

[2025-02-22 15:11:35;INFO]best epoch: 32, best loss: 0.195944
[2025-02-22 15:11:35;INFO]----------------------------------------------------------------------------------------------------

[2025-02-22 15:11:35;INFO]Current Epoch: 57 / 500 | Learning Rate : 0.00065450849718739
[2025-02-22 15:11:54;INFO]Train | Loss : 0.166238 | ACC : 3354/3360 (99.821%)
[2025-02-22 15:11:57;INFO]Valid | Loss : 0.357946 | ACC : 1321/1440 (91.736%)
[2025-02-22 15:11:57;INFO]      | Loss didn't drop!

[2025-02-22 15:11:57;INFO]best epoch: 32, best loss: 0.195944
[2025-02-22 15:11:57;INFO]----------------------------------------------------------------------------------------------------

[2025-02-22 15:11:57;INFO]Current Epoch: 58 / 500 | Learning Rate : 6.155829702430338e-06
[2025-02-22 15:12:16;INFO]Train | Loss : 0.150960 | ACC : 3357/3360 (99.911%)
[2025-02-22 15:12:19;INFO]Valid | Loss : 0.554439 | ACC : 1220/1440 (84.722%)
[2025-02-22 15:12:19;INFO]      | Loss didn't drop!

[2025-02-22 15:12:19;INFO]best epoch: 32, best loss: 0.195944
[2025-02-22 15:12:19;INFO]----------------------------------------------------------------------------------------------------

[2025-02-22 15:12:19;INFO]Current Epoch: 59 / 500 | Learning Rate : 0.0007938926261463684
[2025-02-22 15:12:38;INFO]Train | Loss : 0.143614 | ACC : 3360/3360 (100.000%)
[2025-02-22 15:12:41;INFO]Valid | Loss : 1.554237 | ACC : 723/1440 (50.208%)
[2025-02-22 15:12:41;INFO]      | Loss didn't drop!

[2025-02-22 15:12:41;INFO]best epoch: 32, best loss: 0.195944
[2025-02-22 15:12:41;INFO]----------------------------------------------------------------------------------------------------

[2025-02-22 15:12:41;INFO]Current Epoch: 60 / 500 | Learning Rate : 0.0007269952498698092
[2025-02-22 15:13:00;INFO]Train | Loss : 0.141185 | ACC : 3359/3360 (99.970%)
[2025-02-22 15:13:02;INFO]Valid | Loss : 0.119033 | ACC : 1439/1440 (99.931%)
[2025-02-22 15:13:02;INFO]      | Loss dropped from 0.195944 to 0.119033, model has been saved!

[2025-02-22 15:13:02;INFO]best epoch: 60, best loss: 0.119033
[2025-02-22 15:13:02;INFO]----------------------------------------------------------------------------------------------------

[2025-02-22 15:13:02;INFO]Current Epoch: 61 / 500 | Learning Rate : 0.0
[2025-02-22 15:13:21;INFO]Train | Loss : 0.116074 | ACC : 3359/3360 (99.970%)
[2025-02-22 15:13:24;INFO]Valid | Loss : 1.889374 | ACC : 808/1440 (56.111%)
[2025-02-22 15:13:24;INFO]      | Loss didn't drop!

[2025-02-22 15:13:24;INFO]best epoch: 60, best loss: 0.119033
[2025-02-22 15:13:24;INFO]----------------------------------------------------------------------------------------------------

[2025-02-22 15:13:24;INFO]Current Epoch: 62 / 500 | Learning Rate : 0.0007269952498700238
[2025-02-22 15:13:43;INFO]Train | Loss : 0.119524 | ACC : 3358/3360 (99.940%)
[2025-02-22 15:13:46;INFO]Valid | Loss : 0.448502 | ACC : 1232/1440 (85.556%)
[2025-02-22 15:13:46;INFO]      | Loss didn't drop!

[2025-02-22 15:13:46;INFO]best epoch: 60, best loss: 0.119033
[2025-02-22 15:13:46;INFO]----------------------------------------------------------------------------------------------------

[2025-02-22 15:13:46;INFO]Current Epoch: 63 / 500 | Learning Rate : 0.0007938926261461445
[2025-02-22 15:14:05;INFO]Train | Loss : 0.119370 | ACC : 3360/3360 (100.000%)
[2025-02-22 15:14:08;INFO]Valid | Loss : 0.184053 | ACC : 1398/1440 (97.083%)
[2025-02-22 15:14:08;INFO]      | Loss didn't drop!

[2025-02-22 15:14:08;INFO]best epoch: 60, best loss: 0.119033
[2025-02-22 15:14:08;INFO]----------------------------------------------------------------------------------------------------

[2025-02-22 15:14:08;INFO]Current Epoch: 64 / 500 | Learning Rate : 6.155829702431115e-06
[2025-02-22 15:14:27;INFO]Train | Loss : 0.120004 | ACC : 3358/3360 (99.940%)
[2025-02-22 15:14:29;INFO]Valid | Loss : 0.974434 | ACC : 923/1440 (64.097%)
[2025-02-22 15:14:29;INFO]      | Loss didn't drop!

[2025-02-22 15:14:29;INFO]best epoch: 60, best loss: 0.119033
[2025-02-22 15:14:29;INFO]----------------------------------------------------------------------------------------------------

[2025-02-22 15:14:29;INFO]Current Epoch: 65 / 500 | Learning Rate : 0.0006545084971875851
[2025-02-22 15:14:49;INFO]Train | Loss : 0.135602 | ACC : 3351/3360 (99.732%)
[2025-02-22 15:14:51;INFO]Valid | Loss : 2.489534 | ACC : 530/1440 (36.806%)
[2025-02-22 15:14:51;INFO]      | Loss didn't drop!

[2025-02-22 15:14:51;INFO]best epoch: 60, best loss: 0.119033
[2025-02-22 15:14:51;INFO]----------------------------------------------------------------------------------------------------

[2025-02-22 15:14:51;INFO]Current Epoch: 66 / 500 | Learning Rate : 0.0008535533905930243
[2025-02-22 15:15:10;INFO]Train | Loss : 0.117412 | ACC : 3354/3360 (99.821%)
[2025-02-22 15:15:13;INFO]Valid | Loss : 0.196074 | ACC : 1392/1440 (96.667%)
[2025-02-22 15:15:13;INFO]      | Loss didn't drop!

[2025-02-22 15:15:13;INFO]best epoch: 60, best loss: 0.119033
[2025-02-22 15:15:13;INFO]----------------------------------------------------------------------------------------------------

[2025-02-22 15:15:13;INFO]Current Epoch: 67 / 500 | Learning Rate : 2.4471741852422127e-05
[2025-02-22 15:15:32;INFO]Train | Loss : 0.100501 | ACC : 3360/3360 (100.000%)
[2025-02-22 15:15:35;INFO]Valid | Loss : 2.097115 | ACC : 925/1440 (64.236%)
[2025-02-22 15:15:35;INFO]      | Loss didn't drop!

[2025-02-22 15:15:35;INFO]best epoch: 60, best loss: 0.119033
[2025-02-22 15:15:35;INFO]----------------------------------------------------------------------------------------------------

[2025-02-22 15:15:35;INFO]Current Epoch: 68 / 500 | Learning Rate : 0.0005782172325201116
[2025-02-22 15:15:54;INFO]Train | Loss : 0.110590 | ACC : 3355/3360 (99.851%)
[2025-02-22 15:15:57;INFO]Valid | Loss : 4.003147 | ACC : 238/1440 (16.528%)
[2025-02-22 15:15:57;INFO]      | Loss didn't drop!

[2025-02-22 15:15:57;INFO]best epoch: 60, best loss: 0.119033
[2025-02-22 15:15:57;INFO]----------------------------------------------------------------------------------------------------

[2025-02-22 15:15:57;INFO]Current Epoch: 69 / 500 | Learning Rate : 0.00090450849718771
[2025-02-22 15:16:16;INFO]Train | Loss : 0.125056 | ACC : 3360/3360 (100.000%)
[2025-02-22 15:16:18;INFO]Valid | Loss : 0.212994 | ACC : 1362/1440 (94.583%)
[2025-02-22 15:16:18;INFO]      | Loss didn't drop!

[2025-02-22 15:16:18;INFO]best epoch: 60, best loss: 0.119033
[2025-02-22 15:16:18;INFO]----------------------------------------------------------------------------------------------------

[2025-02-22 15:16:18;INFO]Current Epoch: 70 / 500 | Learning Rate : 5.4496737905806176e-05
[2025-02-22 15:16:37;INFO]Train | Loss : 0.107466 | ACC : 3360/3360 (100.000%)
[2025-02-22 15:16:40;INFO]Valid | Loss : 0.413548 | ACC : 1300/1440 (90.278%)
[2025-02-22 15:16:40;INFO]      | Loss didn't drop!

[2025-02-22 15:16:40;INFO]best epoch: 60, best loss: 0.119033
[2025-02-22 15:16:40;INFO]----------------------------------------------------------------------------------------------------

[2025-02-22 15:16:40;INFO]Current Epoch: 71 / 500 | Learning Rate : 0.0004999999999999316
[2025-02-22 15:16:59;INFO]Train | Loss : 0.091567 | ACC : 3360/3360 (100.000%)
[2025-02-22 15:17:02;INFO]Valid | Loss : 1.446995 | ACC : 1157/1440 (80.347%)
[2025-02-22 15:17:02;INFO]      | Loss didn't drop!

[2025-02-22 15:17:02;INFO]best epoch: 60, best loss: 0.119033
[2025-02-22 15:17:02;INFO]----------------------------------------------------------------------------------------------------

[2025-02-22 15:17:02;INFO]Current Epoch: 72 / 500 | Learning Rate : 0.0009455032620942705
[2025-02-22 15:17:21;INFO]Train | Loss : 0.155853 | ACC : 3348/3360 (99.643%)
[2025-02-22 15:17:24;INFO]Valid | Loss : 0.150222 | ACC : 1425/1440 (98.958%)
[2025-02-22 15:17:24;INFO]      | Loss didn't drop!

[2025-02-22 15:17:24;INFO]best epoch: 60, best loss: 0.119033
[2025-02-22 15:17:24;INFO]----------------------------------------------------------------------------------------------------

[2025-02-22 15:17:24;INFO]Current Epoch: 73 / 500 | Learning Rate : 9.54915028125635e-05
[2025-02-22 15:17:43;INFO]Train | Loss : 0.129711 | ACC : 3357/3360 (99.911%)
[2025-02-22 15:17:45;INFO]Valid | Loss : 0.339610 | ACC : 1317/1440 (91.458%)
[2025-02-22 15:17:45;INFO]      | Loss didn't drop!

[2025-02-22 15:17:45;INFO]best epoch: 60, best loss: 0.119033
[2025-02-22 15:17:45;INFO]----------------------------------------------------------------------------------------------------

[2025-02-22 15:17:45;INFO]Current Epoch: 74 / 500 | Learning Rate : 0.00042178276748003097
[2025-02-22 15:18:04;INFO]Train | Loss : 0.109522 | ACC : 3354/3360 (99.821%)
[2025-02-22 15:18:07;INFO]Valid | Loss : 5.358389 | ACC : 433/1440 (30.069%)
[2025-02-22 15:18:07;INFO]      | Loss didn't drop!

[2025-02-22 15:18:07;INFO]best epoch: 60, best loss: 0.119033
[2025-02-22 15:18:07;INFO]----------------------------------------------------------------------------------------------------

[2025-02-22 15:18:07;INFO]Current Epoch: 75 / 500 | Learning Rate : 0.0009755282581481951
[2025-02-22 15:18:26;INFO]Train | Loss : 0.115032 | ACC : 3358/3360 (99.940%)
[2025-02-22 15:18:29;INFO]Valid | Loss : 0.163036 | ACC : 1416/1440 (98.333%)
[2025-02-22 15:18:29;INFO]      | Loss didn't drop!

[2025-02-22 15:18:29;INFO]best epoch: 60, best loss: 0.119033
[2025-02-22 15:18:29;INFO]----------------------------------------------------------------------------------------------------

[2025-02-22 15:18:29;INFO]Current Epoch: 76 / 500 | Learning Rate : 0.00014644660940673983
[2025-02-22 15:18:48;INFO]Train | Loss : 0.099762 | ACC : 3360/3360 (100.000%)
[2025-02-22 15:18:51;INFO]Valid | Loss : 0.284781 | ACC : 1301/1440 (90.347%)
[2025-02-22 15:18:51;INFO]      | Loss didn't drop!

[2025-02-22 15:18:51;INFO]best epoch: 60, best loss: 0.119033
[2025-02-22 15:18:51;INFO]----------------------------------------------------------------------------------------------------

[2025-02-22 15:18:51;INFO]Current Epoch: 77 / 500 | Learning Rate : 0.00034549150281258255
[2025-02-22 15:19:10;INFO]Train | Loss : 0.081314 | ACC : 3360/3360 (100.000%)
[2025-02-22 15:19:12;INFO]Valid | Loss : 0.289691 | ACC : 1296/1440 (90.000%)
[2025-02-22 15:19:12;INFO]      | Loss didn't drop!

[2025-02-22 15:19:12;INFO]best epoch: 60, best loss: 0.119033
[2025-02-22 15:19:12;INFO]----------------------------------------------------------------------------------------------------

[2025-02-22 15:19:12;INFO]Current Epoch: 78 / 500 | Learning Rate : 0.0009938441702980277
[2025-02-22 15:19:31;INFO]Train | Loss : 0.088782 | ACC : 3358/3360 (99.940%)
[2025-02-22 15:19:34;INFO]Valid | Loss : 0.086198 | ACC : 1440/1440 (100.000%)
[2025-02-22 15:19:34;INFO]      | Loss dropped from 0.119033 to 0.086198, model has been saved!

[2025-02-22 15:19:34;INFO]best epoch: 78, best loss: 0.086198
[2025-02-22 15:19:34;INFO]----------------------------------------------------------------------------------------------------

[2025-02-22 15:19:34;INFO]Current Epoch: 79 / 500 | Learning Rate : 0.00020610737385375218
[2025-02-22 15:19:53;INFO]Train | Loss : 0.116363 | ACC : 3344/3360 (99.524%)
[2025-02-22 15:19:56;INFO]Valid | Loss : 1.782654 | ACC : 563/1440 (39.097%)
[2025-02-22 15:19:56;INFO]      | Loss didn't drop!

[2025-02-22 15:19:56;INFO]best epoch: 78, best loss: 0.086198
[2025-02-22 15:19:56;INFO]----------------------------------------------------------------------------------------------------

[2025-02-22 15:19:56;INFO]Current Epoch: 80 / 500 | Learning Rate : 0.00027300475013024235
[2025-02-22 15:20:15;INFO]Train | Loss : 0.088802 | ACC : 3360/3360 (100.000%)
[2025-02-22 15:20:18;INFO]Valid | Loss : 0.917049 | ACC : 959/1440 (66.597%)
[2025-02-22 15:20:18;INFO]      | Loss didn't drop!

[2025-02-22 15:20:18;INFO]best epoch: 78, best loss: 0.086198
[2025-02-22 15:20:18;INFO]----------------------------------------------------------------------------------------------------

[2025-02-22 15:20:18;INFO]Current Epoch: 81 / 500 | Learning Rate : 0.0010000000000002884
[2025-02-22 15:20:37;INFO]Train | Loss : 0.085929 | ACC : 3360/3360 (100.000%)
[2025-02-22 15:20:39;INFO]Valid | Loss : 0.224959 | ACC : 1347/1440 (93.542%)
[2025-02-22 15:20:39;INFO]      | Loss didn't drop!

[2025-02-22 15:20:39;INFO]best epoch: 78, best loss: 0.086198
[2025-02-22 15:20:39;INFO]----------------------------------------------------------------------------------------------------

[2025-02-22 15:20:39;INFO]Current Epoch: 82 / 500 | Learning Rate : 0.00027300475013019654
[2025-02-22 15:20:59;INFO]Train | Loss : 0.075254 | ACC : 3360/3360 (100.000%)
[2025-02-22 15:21:01;INFO]Valid | Loss : 0.400006 | ACC : 1198/1440 (83.194%)
[2025-02-22 15:21:01;INFO]      | Loss didn't drop!

[2025-02-22 15:21:01;INFO]best epoch: 78, best loss: 0.086198
[2025-02-22 15:21:01;INFO]----------------------------------------------------------------------------------------------------

[2025-02-22 15:21:01;INFO]Current Epoch: 83 / 500 | Learning Rate : 0.0002061073738537392
[2025-02-22 15:21:20;INFO]Train | Loss : 0.067881 | ACC : 3360/3360 (100.000%)
[2025-02-22 15:21:23;INFO]Valid | Loss : 0.416690 | ACC : 1291/1440 (89.653%)
[2025-02-22 15:21:23;INFO]      | Loss didn't drop!

[2025-02-22 15:21:23;INFO]best epoch: 78, best loss: 0.086198
[2025-02-22 15:21:23;INFO]----------------------------------------------------------------------------------------------------

[2025-02-22 15:21:23;INFO]Current Epoch: 84 / 500 | Learning Rate : 0.000993844170297687
[2025-02-22 15:21:42;INFO]Train | Loss : 0.073141 | ACC : 3360/3360 (100.000%)
[2025-02-22 15:21:45;INFO]Valid | Loss : 0.195743 | ACC : 1418/1440 (98.472%)
[2025-02-22 15:21:45;INFO]      | Loss didn't drop!

[2025-02-22 15:21:45;INFO]best epoch: 78, best loss: 0.086198
[2025-02-22 15:21:45;INFO]----------------------------------------------------------------------------------------------------

[2025-02-22 15:21:45;INFO]Current Epoch: 85 / 500 | Learning Rate : 0.00034549150281240273
[2025-02-22 15:22:04;INFO]Train | Loss : 0.152253 | ACC : 3322/3360 (98.869%)
[2025-02-22 15:22:07;INFO]Valid | Loss : 2.191975 | ACC : 630/1440 (43.750%)
[2025-02-22 15:22:07;INFO]      | Loss didn't drop!

[2025-02-22 15:22:07;INFO]best epoch: 78, best loss: 0.086198
[2025-02-22 15:22:07;INFO]----------------------------------------------------------------------------------------------------

[2025-02-22 15:22:07;INFO]Current Epoch: 86 / 500 | Learning Rate : 0.00014644660940668278
[2025-02-22 15:22:26;INFO]Train | Loss : 0.111097 | ACC : 3359/3360 (99.970%)
[2025-02-22 15:22:28;INFO]Valid | Loss : 5.871523 | ACC : 549/1440 (38.125%)
[2025-02-22 15:22:28;INFO]      | Loss didn't drop!

[2025-02-22 15:22:28;INFO]best epoch: 78, best loss: 0.086198
[2025-02-22 15:22:28;INFO]----------------------------------------------------------------------------------------------------

[2025-02-22 15:22:28;INFO]Current Epoch: 87 / 500 | Learning Rate : 0.0009755282581475176
[2025-02-22 15:22:47;INFO]Train | Loss : 0.100235 | ACC : 3351/3360 (99.732%)
[2025-02-22 15:22:50;INFO]Valid | Loss : 1.076452 | ACC : 1111/1440 (77.153%)
[2025-02-22 15:22:50;INFO]      | Loss didn't drop!

[2025-02-22 15:22:50;INFO]best epoch: 78, best loss: 0.086198
[2025-02-22 15:22:50;INFO]----------------------------------------------------------------------------------------------------

[2025-02-22 15:22:50;INFO]Current Epoch: 88 / 500 | Learning Rate : 0.00042178276747997106
[2025-02-22 15:23:09;INFO]Train | Loss : 0.114201 | ACC : 3359/3360 (99.970%)
[2025-02-22 15:23:12;INFO]Valid | Loss : 0.142377 | ACC : 1434/1440 (99.583%)
[2025-02-22 15:23:12;INFO]      | Loss didn't drop!

[2025-02-22 15:23:12;INFO]best epoch: 78, best loss: 0.086198
[2025-02-22 15:23:12;INFO]----------------------------------------------------------------------------------------------------

[2025-02-22 15:23:12;INFO]Current Epoch: 89 / 500 | Learning Rate : 9.549150281254918e-05
[2025-02-22 15:23:31;INFO]Train | Loss : 0.087702 | ACC : 3357/3360 (99.911%)
[2025-02-22 15:23:34;INFO]Valid | Loss : 1.081464 | ACC : 1076/1440 (74.722%)
[2025-02-22 15:23:34;INFO]      | Loss didn't drop!

[2025-02-22 15:23:34;INFO]best epoch: 78, best loss: 0.086198
[2025-02-22 15:23:34;INFO]----------------------------------------------------------------------------------------------------

[2025-02-22 15:23:34;INFO]Current Epoch: 90 / 500 | Learning Rate : 0.0009455032620946457
[2025-02-22 15:23:53;INFO]Train | Loss : 0.168695 | ACC : 3334/3360 (99.226%)
[2025-02-22 15:23:55;INFO]Valid | Loss : 1.847803 | ACC : 812/1440 (56.389%)
[2025-02-22 15:23:55;INFO]      | Loss didn't drop!

[2025-02-22 15:23:55;INFO]best epoch: 78, best loss: 0.086198
[2025-02-22 15:23:55;INFO]----------------------------------------------------------------------------------------------------

[2025-02-22 15:23:55;INFO]Current Epoch: 91 / 500 | Learning Rate : 0.0005000000000003774
[2025-02-22 15:24:15;INFO]Train | Loss : 0.190230 | ACC : 3337/3360 (99.315%)
[2025-02-22 15:24:17;INFO]Valid | Loss : 0.420812 | ACC : 1288/1440 (89.444%)
[2025-02-22 15:24:17;INFO]      | Loss didn't drop!

[2025-02-22 15:24:17;INFO]best epoch: 78, best loss: 0.086198
[2025-02-22 15:24:17;INFO]----------------------------------------------------------------------------------------------------

[2025-02-22 15:24:17;INFO]Current Epoch: 92 / 500 | Learning Rate : 5.449673790587026e-05
[2025-02-22 15:24:36;INFO]Train | Loss : 0.111292 | ACC : 3360/3360 (100.000%)
[2025-02-22 15:24:39;INFO]Valid | Loss : 0.547934 | ACC : 1251/1440 (86.875%)
[2025-02-22 15:24:39;INFO]      | Loss didn't drop!

[2025-02-22 15:24:39;INFO]best epoch: 78, best loss: 0.086198
[2025-02-22 15:24:39;INFO]----------------------------------------------------------------------------------------------------

[2025-02-22 15:24:39;INFO]Current Epoch: 93 / 500 | Learning Rate : 0.0009045084971877587
[2025-02-22 15:24:58;INFO]Train | Loss : 0.087494 | ACC : 3360/3360 (100.000%)
[2025-02-22 15:25:01;INFO]Valid | Loss : 1.573043 | ACC : 886/1440 (61.528%)
[2025-02-22 15:25:01;INFO]      | Loss didn't drop!

[2025-02-22 15:25:01;INFO]best epoch: 78, best loss: 0.086198
[2025-02-22 15:25:01;INFO]----------------------------------------------------------------------------------------------------

[2025-02-22 15:25:01;INFO]Current Epoch: 94 / 500 | Learning Rate : 0.0005782172325204569
[2025-02-22 15:25:19;INFO]Train | Loss : 0.082564 | ACC : 3360/3360 (100.000%)
[2025-02-22 15:25:22;INFO]Valid | Loss : 0.236238 | ACC : 1329/1440 (92.292%)
[2025-02-22 15:25:22;INFO]      | Loss didn't drop!

[2025-02-22 15:25:22;INFO]best epoch: 78, best loss: 0.086198
[2025-02-22 15:25:22;INFO]----------------------------------------------------------------------------------------------------

[2025-02-22 15:25:22;INFO]Current Epoch: 95 / 500 | Learning Rate : 2.4471741852436408e-05
[2025-02-22 15:25:41;INFO]Train | Loss : 0.069238 | ACC : 3360/3360 (100.000%)
[2025-02-22 15:25:44;INFO]Valid | Loss : 0.530941 | ACC : 1129/1440 (78.403%)
[2025-02-22 15:25:44;INFO]      | Loss didn't drop!

[2025-02-22 15:25:44;INFO]best epoch: 78, best loss: 0.086198
[2025-02-22 15:25:44;INFO]----------------------------------------------------------------------------------------------------

[2025-02-22 15:25:44;INFO]Current Epoch: 96 / 500 | Learning Rate : 0.0008535533905934059
[2025-02-22 15:26:03;INFO]Train | Loss : 0.067347 | ACC : 3360/3360 (100.000%)
[2025-02-22 15:26:06;INFO]Valid | Loss : 0.242988 | ACC : 1316/1440 (91.389%)
[2025-02-22 15:26:06;INFO]      | Loss didn't drop!

[2025-02-22 15:26:06;INFO]best epoch: 78, best loss: 0.086198
[2025-02-22 15:26:06;INFO]----------------------------------------------------------------------------------------------------

[2025-02-22 15:26:06;INFO]Current Epoch: 97 / 500 | Learning Rate : 0.0006545084971877242
[2025-02-22 15:26:25;INFO]Train | Loss : 0.073506 | ACC : 3355/3360 (99.851%)
[2025-02-22 15:26:27;INFO]Valid | Loss : 0.119578 | ACC : 1426/1440 (99.028%)
[2025-02-22 15:26:27;INFO]      | Loss didn't drop!

[2025-02-22 15:26:27;INFO]best epoch: 78, best loss: 0.086198
[2025-02-22 15:26:27;INFO]----------------------------------------------------------------------------------------------------

[2025-02-22 15:26:27;INFO]Current Epoch: 98 / 500 | Learning Rate : 6.155829702436945e-06
[2025-02-22 15:26:46;INFO]Train | Loss : 0.063638 | ACC : 3359/3360 (99.970%)
[2025-02-22 15:26:49;INFO]Valid | Loss : 0.481593 | ACC : 1164/1440 (80.833%)
[2025-02-22 15:26:49;INFO]      | Loss didn't drop!

[2025-02-22 15:26:49;INFO]best epoch: 78, best loss: 0.086198
[2025-02-22 15:26:49;INFO]----------------------------------------------------------------------------------------------------

[2025-02-22 15:26:49;INFO]Current Epoch: 99 / 500 | Learning Rate : 0.000793892626146224
[2025-02-22 15:27:08;INFO]Train | Loss : 0.065611 | ACC : 3360/3360 (100.000%)
[2025-02-22 15:27:11;INFO]Valid | Loss : 0.798552 | ACC : 993/1440 (68.958%)
[2025-02-22 15:27:11;INFO]      | Loss didn't drop!

[2025-02-22 15:27:11;INFO]best epoch: 78, best loss: 0.086198
[2025-02-22 15:27:11;INFO]----------------------------------------------------------------------------------------------------

[2025-02-22 15:27:11;INFO]Current Epoch: 100 / 500 | Learning Rate : 0.0007269952498694025
[2025-02-22 15:27:30;INFO]Train | Loss : 0.058750 | ACC : 3360/3360 (100.000%)
[2025-02-22 15:27:32;INFO]Valid | Loss : 0.068762 | ACC : 1440/1440 (100.000%)
[2025-02-22 15:27:32;INFO]      | Loss dropped from 0.086198 to 0.068762, model has been saved!

[2025-02-22 15:27:32;INFO]best epoch: 100, best loss: 0.068762
[2025-02-22 15:27:32;INFO]----------------------------------------------------------------------------------------------------

[2025-02-22 15:27:32;INFO]Current Epoch: 101 / 500 | Learning Rate : 0.0
[2025-02-22 15:27:51;INFO]Train | Loss : 0.051598 | ACC : 3360/3360 (100.000%)
[2025-02-22 15:27:54;INFO]Valid | Loss : 2.420421 | ACC : 887/1440 (61.597%)
[2025-02-22 15:27:54;INFO]      | Loss didn't drop!

[2025-02-22 15:27:54;INFO]best epoch: 100, best loss: 0.068762
[2025-02-22 15:27:54;INFO]----------------------------------------------------------------------------------------------------

[2025-02-22 15:27:54;INFO]Current Epoch: 102 / 500 | Learning Rate : 0.0007269952498701357
[2025-02-22 15:28:13;INFO]Train | Loss : 0.058694 | ACC : 3359/3360 (99.970%)
[2025-02-22 15:28:16;INFO]Valid | Loss : 1.123006 | ACC : 1064/1440 (73.889%)
[2025-02-22 15:28:16;INFO]      | Loss didn't drop!

[2025-02-22 15:28:16;INFO]best epoch: 100, best loss: 0.068762
[2025-02-22 15:28:16;INFO]----------------------------------------------------------------------------------------------------

[2025-02-22 15:28:16;INFO]Current Epoch: 103 / 500 | Learning Rate : 0.0007938926261462978
[2025-02-22 15:28:35;INFO]Train | Loss : 0.058392 | ACC : 3358/3360 (99.940%)
[2025-02-22 15:28:37;INFO]Valid | Loss : 0.156541 | ACC : 1404/1440 (97.500%)
[2025-02-22 15:28:37;INFO]      | Loss didn't drop!

[2025-02-22 15:28:37;INFO]best epoch: 100, best loss: 0.068762
[2025-02-22 15:28:37;INFO]----------------------------------------------------------------------------------------------------

[2025-02-22 15:28:37;INFO]Current Epoch: 104 / 500 | Learning Rate : 6.155829702431115e-06
[2025-02-22 15:28:56;INFO]Train | Loss : 0.056365 | ACC : 3360/3360 (100.000%)
[2025-02-22 15:28:59;INFO]Valid | Loss : 0.334220 | ACC : 1271/1440 (88.264%)
[2025-02-22 15:28:59;INFO]      | Loss didn't drop!

[2025-02-22 15:28:59;INFO]best epoch: 100, best loss: 0.068762
[2025-02-22 15:28:59;INFO]----------------------------------------------------------------------------------------------------

[2025-02-22 15:28:59;INFO]Current Epoch: 105 / 500 | Learning Rate : 0.0006545084971877033
[2025-02-22 15:29:18;INFO]Train | Loss : 0.059590 | ACC : 3359/3360 (99.970%)
[2025-02-22 15:29:21;INFO]Valid | Loss : 1.782396 | ACC : 945/1440 (65.625%)
[2025-02-22 15:29:21;INFO]      | Loss didn't drop!

[2025-02-22 15:29:21;INFO]best epoch: 100, best loss: 0.068762
[2025-02-22 15:29:21;INFO]----------------------------------------------------------------------------------------------------

[2025-02-22 15:29:21;INFO]Current Epoch: 106 / 500 | Learning Rate : 0.0008535533905931735
[2025-02-22 15:29:40;INFO]Train | Loss : 0.132011 | ACC : 3340/3360 (99.405%)
[2025-02-22 15:29:42;INFO]Valid | Loss : 0.144956 | ACC : 1409/1440 (97.847%)
[2025-02-22 15:29:42;INFO]      | Loss didn't drop!

[2025-02-22 15:29:42;INFO]best epoch: 100, best loss: 0.068762
[2025-02-22 15:29:42;INFO]----------------------------------------------------------------------------------------------------

[2025-02-22 15:29:42;INFO]Current Epoch: 107 / 500 | Learning Rate : 2.4471741852441866e-05
[2025-02-22 15:30:01;INFO]Train | Loss : 0.087443 | ACC : 3359/3360 (99.970%)
[2025-02-22 15:30:04;INFO]Valid | Loss : 1.670091 | ACC : 728/1440 (50.556%)
[2025-02-22 15:30:04;INFO]      | Loss didn't drop!

[2025-02-22 15:30:04;INFO]best epoch: 100, best loss: 0.068762
[2025-02-22 15:30:04;INFO]----------------------------------------------------------------------------------------------------

[2025-02-22 15:30:04;INFO]Current Epoch: 108 / 500 | Learning Rate : 0.0005782172325206346
[2025-02-22 15:30:23;INFO]Train | Loss : 0.070428 | ACC : 3359/3360 (99.970%)
[2025-02-22 15:30:26;INFO]Valid | Loss : 0.630548 | ACC : 1177/1440 (81.736%)
[2025-02-22 15:30:26;INFO]      | Loss didn't drop!

[2025-02-22 15:30:26;INFO]best epoch: 100, best loss: 0.068762
[2025-02-22 15:30:26;INFO]----------------------------------------------------------------------------------------------------

[2025-02-22 15:30:26;INFO]Current Epoch: 109 / 500 | Learning Rate : 0.0009045084971878445
[2025-02-22 15:30:45;INFO]Train | Loss : 0.082696 | ACC : 3354/3360 (99.821%)
[2025-02-22 15:30:47;INFO]Valid | Loss : 0.181280 | ACC : 1397/1440 (97.014%)
[2025-02-22 15:30:47;INFO]      | Loss didn't drop!

[2025-02-22 15:30:47;INFO]best epoch: 100, best loss: 0.068762
[2025-02-22 15:30:47;INFO]----------------------------------------------------------------------------------------------------

[2025-02-22 15:30:47;INFO]Current Epoch: 110 / 500 | Learning Rate : 5.4496737905800016e-05
[2025-02-22 15:31:06;INFO]Train | Loss : 0.071867 | ACC : 3358/3360 (99.940%)
[2025-02-22 15:31:09;INFO]Valid | Loss : 0.771953 | ACC : 1106/1440 (76.806%)
[2025-02-22 15:31:09;INFO]      | Loss didn't drop!

[2025-02-22 15:31:09;INFO]best epoch: 100, best loss: 0.068762
[2025-02-22 15:31:09;INFO]----------------------------------------------------------------------------------------------------

[2025-02-22 15:31:09;INFO]Current Epoch: 111 / 500 | Learning Rate : 0.0004999999999999717
[2025-02-22 15:31:28;INFO]Train | Loss : 0.081911 | ACC : 3344/3360 (99.524%)
[2025-02-22 15:31:31;INFO]Valid | Loss : 3.909167 | ACC : 531/1440 (36.875%)
[2025-02-22 15:31:31;INFO]      | Loss didn't drop!

[2025-02-22 15:31:31;INFO]best epoch: 100, best loss: 0.068762
[2025-02-22 15:31:31;INFO]----------------------------------------------------------------------------------------------------

[2025-02-22 15:31:31;INFO]Current Epoch: 112 / 500 | Learning Rate : 0.0009455032620937474
[2025-02-22 15:31:50;INFO]Train | Loss : 0.088233 | ACC : 3359/3360 (99.970%)
[2025-02-22 15:31:52;INFO]Valid | Loss : 0.083166 | ACC : 1439/1440 (99.931%)
[2025-02-22 15:31:52;INFO]      | Loss didn't drop!

[2025-02-22 15:31:52;INFO]best epoch: 100, best loss: 0.068762
[2025-02-22 15:31:52;INFO]----------------------------------------------------------------------------------------------------

[2025-02-22 15:31:52;INFO]Current Epoch: 113 / 500 | Learning Rate : 9.54915028125758e-05
[2025-02-22 15:32:12;INFO]Train | Loss : 0.070624 | ACC : 3356/3360 (99.881%)
[2025-02-22 15:32:14;INFO]Valid | Loss : 0.573110 | ACC : 1169/1440 (81.181%)
[2025-02-22 15:32:14;INFO]      | Loss didn't drop!

[2025-02-22 15:32:14;INFO]best epoch: 100, best loss: 0.068762
[2025-02-22 15:32:14;INFO]----------------------------------------------------------------------------------------------------

[2025-02-22 15:32:14;INFO]Current Epoch: 114 / 500 | Learning Rate : 0.0004217827674801098
[2025-02-22 15:32:33;INFO]Train | Loss : 0.087749 | ACC : 3347/3360 (99.613%)
[2025-02-22 15:32:36;INFO]Valid | Loss : 6.256430 | ACC : 270/1440 (18.750%)
[2025-02-22 15:32:36;INFO]      | Loss didn't drop!

[2025-02-22 15:32:36;INFO]best epoch: 100, best loss: 0.068762
[2025-02-22 15:32:36;INFO]----------------------------------------------------------------------------------------------------

[2025-02-22 15:32:36;INFO]Current Epoch: 115 / 500 | Learning Rate : 0.0009755282581476647
[2025-02-22 15:32:55;INFO]Train | Loss : 0.169839 | ACC : 3328/3360 (99.048%)
[2025-02-22 15:32:58;INFO]Valid | Loss : 0.399933 | ACC : 1243/1440 (86.319%)
[2025-02-22 15:32:58;INFO]      | Loss didn't drop!

[2025-02-22 15:32:58;INFO]best epoch: 100, best loss: 0.068762
[2025-02-22 15:32:58;INFO]----------------------------------------------------------------------------------------------------

[2025-02-22 15:32:58;INFO]Current Epoch: 116 / 500 | Learning Rate : 0.00014644660940667456
[2025-02-22 15:33:17;INFO]Train | Loss : 0.083889 | ACC : 3358/3360 (99.940%)
[2025-02-22 15:33:19;INFO]Valid | Loss : 1.065057 | ACC : 1017/1440 (70.625%)
[2025-02-22 15:33:19;INFO]      | Loss didn't drop!

[2025-02-22 15:33:19;INFO]best epoch: 100, best loss: 0.068762
[2025-02-22 15:33:19;INFO]----------------------------------------------------------------------------------------------------

[2025-02-22 15:33:19;INFO]Current Epoch: 117 / 500 | Learning Rate : 0.0003454915028124259
[2025-02-22 15:33:38;INFO]Train | Loss : 0.071983 | ACC : 3355/3360 (99.851%)
[2025-02-22 15:33:41;INFO]Valid | Loss : 1.123302 | ACC : 943/1440 (65.486%)
[2025-02-22 15:33:41;INFO]      | Loss didn't drop!

[2025-02-22 15:33:41;INFO]best epoch: 100, best loss: 0.068762
[2025-02-22 15:33:41;INFO]----------------------------------------------------------------------------------------------------

[2025-02-22 15:33:41;INFO]Current Epoch: 118 / 500 | Learning Rate : 0.000993844170298202
[2025-02-22 15:34:00;INFO]Train | Loss : 0.105031 | ACC : 3355/3360 (99.851%)
[2025-02-22 15:34:03;INFO]Valid | Loss : 0.092608 | ACC : 1440/1440 (100.000%)
[2025-02-22 15:34:03;INFO]      | Loss didn't drop!

[2025-02-22 15:34:03;INFO]best epoch: 100, best loss: 0.068762
[2025-02-22 15:34:03;INFO]----------------------------------------------------------------------------------------------------

[2025-02-22 15:34:03;INFO]Current Epoch: 119 / 500 | Learning Rate : 0.00020610737385378378
[2025-02-22 15:34:22;INFO]Train | Loss : 0.058855 | ACC : 3360/3360 (100.000%)
[2025-02-22 15:34:24;INFO]Valid | Loss : 0.680941 | ACC : 1178/1440 (81.806%)
[2025-02-22 15:34:24;INFO]      | Loss didn't drop!

[2025-02-22 15:34:24;INFO]best epoch: 100, best loss: 0.068762
[2025-02-22 15:34:24;INFO]----------------------------------------------------------------------------------------------------

[2025-02-22 15:34:24;INFO]Current Epoch: 120 / 500 | Learning Rate : 0.0002730047501302978
[2025-02-22 15:34:43;INFO]Train | Loss : 0.046989 | ACC : 3360/3360 (100.000%)
[2025-02-22 15:34:46;INFO]Valid | Loss : 0.546733 | ACC : 1167/1440 (81.042%)
[2025-02-22 15:34:46;INFO]      | Loss didn't drop!

[2025-02-22 15:34:46;INFO]best epoch: 100, best loss: 0.068762
[2025-02-22 15:34:46;INFO]----------------------------------------------------------------------------------------------------

[2025-02-22 15:34:46;INFO]Current Epoch: 121 / 500 | Learning Rate : 0.0010000000000004597
[2025-02-22 15:35:05;INFO]Train | Loss : 0.044820 | ACC : 3360/3360 (100.000%)
[2025-02-22 15:35:08;INFO]Valid | Loss : 0.070844 | ACC : 1437/1440 (99.792%)
[2025-02-22 15:35:08;INFO]      | Loss didn't drop!

[2025-02-22 15:35:08;INFO]best epoch: 100, best loss: 0.068762
[2025-02-22 15:35:08;INFO]----------------------------------------------------------------------------------------------------

[2025-02-22 15:35:08;INFO]Current Epoch: 122 / 500 | Learning Rate : 0.0002730047501300402
[2025-02-22 15:35:27;INFO]Train | Loss : 0.040525 | ACC : 3360/3360 (100.000%)
[2025-02-22 15:35:29;INFO]Valid | Loss : 0.092302 | ACC : 1440/1440 (100.000%)
[2025-02-22 15:35:29;INFO]      | Loss didn't drop!

[2025-02-22 15:35:29;INFO]best epoch: 100, best loss: 0.068762
[2025-02-22 15:35:29;INFO]----------------------------------------------------------------------------------------------------

[2025-02-22 15:35:29;INFO]Current Epoch: 123 / 500 | Learning Rate : 0.00020610737385363126
[2025-02-22 15:35:48;INFO]Train | Loss : 0.041676 | ACC : 3360/3360 (100.000%)
[2025-02-22 15:35:51;INFO]Valid | Loss : 1.791677 | ACC : 1037/1440 (72.014%)
[2025-02-22 15:35:51;INFO]      | Loss didn't drop!

[2025-02-22 15:35:51;INFO]best epoch: 100, best loss: 0.068762
[2025-02-22 15:35:51;INFO]----------------------------------------------------------------------------------------------------

[2025-02-22 15:35:51;INFO]Current Epoch: 124 / 500 | Learning Rate : 0.000993844170298571
[2025-02-22 15:36:10;INFO]Train | Loss : 0.052319 | ACC : 3356/3360 (99.881%)
[2025-02-22 15:36:13;INFO]Valid | Loss : 0.217955 | ACC : 1330/1440 (92.361%)
[2025-02-22 15:36:13;INFO]      | Loss didn't drop!

[2025-02-22 15:36:13;INFO]best epoch: 100, best loss: 0.068762
[2025-02-22 15:36:13;INFO]----------------------------------------------------------------------------------------------------

[2025-02-22 15:36:13;INFO]Current Epoch: 125 / 500 | Learning Rate : 0.00034549150281245553
[2025-02-22 15:36:32;INFO]Train | Loss : 0.058215 | ACC : 3346/3360 (99.583%)
[2025-02-22 15:36:34;INFO]Valid | Loss : 0.196378 | ACC : 1347/1440 (93.542%)
[2025-02-22 15:36:34;INFO]      | Loss didn't drop!

[2025-02-22 15:36:34;INFO]best epoch: 100, best loss: 0.068762
[2025-02-22 15:36:34;INFO]----------------------------------------------------------------------------------------------------

[2025-02-22 15:36:34;INFO]Current Epoch: 126 / 500 | Learning Rate : 0.00014644660940669254
[2025-02-22 15:36:53;INFO]Train | Loss : 0.047292 | ACC : 3359/3360 (99.970%)
[2025-02-22 15:36:56;INFO]Valid | Loss : 1.160435 | ACC : 947/1440 (65.764%)
[2025-02-22 15:36:56;INFO]      | Loss didn't drop!

[2025-02-22 15:36:56;INFO]best epoch: 100, best loss: 0.068762
[2025-02-22 15:36:56;INFO]----------------------------------------------------------------------------------------------------

[2025-02-22 15:36:56;INFO]Current Epoch: 127 / 500 | Learning Rate : 0.000975528258147695
[2025-02-22 15:37:15;INFO]Train | Loss : 0.045643 | ACC : 3360/3360 (100.000%)
[2025-02-22 15:37:18;INFO]Valid | Loss : 1.425249 | ACC : 992/1440 (68.889%)
[2025-02-22 15:37:18;INFO]      | Loss didn't drop!

[2025-02-22 15:37:18;INFO]best epoch: 100, best loss: 0.068762
[2025-02-22 15:37:18;INFO]----------------------------------------------------------------------------------------------------

[2025-02-22 15:37:18;INFO]Current Epoch: 128 / 500 | Learning Rate : 0.00042178276748000825
[2025-02-22 15:37:37;INFO]Train | Loss : 0.036857 | ACC : 3360/3360 (100.000%)
[2025-02-22 15:37:39;INFO]Valid | Loss : 0.169053 | ACC : 1363/1440 (94.653%)
[2025-02-22 15:37:39;INFO]      | Loss didn't drop!

[2025-02-22 15:37:39;INFO]best epoch: 100, best loss: 0.068762
[2025-02-22 15:37:39;INFO]----------------------------------------------------------------------------------------------------

[2025-02-22 15:37:39;INFO]Current Epoch: 129 / 500 | Learning Rate : 9.549150281256952e-05
[2025-02-22 15:37:58;INFO]Train | Loss : 0.037949 | ACC : 3360/3360 (100.000%)
[2025-02-22 15:38:01;INFO]Valid | Loss : 0.565045 | ACC : 1146/1440 (79.583%)
[2025-02-22 15:38:01;INFO]      | Loss didn't drop!

[2025-02-22 15:38:01;INFO]best epoch: 100, best loss: 0.068762
[2025-02-22 15:38:01;INFO]----------------------------------------------------------------------------------------------------

[2025-02-22 15:38:01;INFO]Current Epoch: 130 / 500 | Learning Rate : 0.0009455032620948236
[2025-02-22 15:38:20;INFO]Train | Loss : 0.035948 | ACC : 3360/3360 (100.000%)
[2025-02-22 15:38:23;INFO]Valid | Loss : 0.065156 | ACC : 1437/1440 (99.792%)
[2025-02-22 15:38:23;INFO]      | Loss dropped from 0.068762 to 0.065156, model has been saved!

[2025-02-22 15:38:23;INFO]best epoch: 130, best loss: 0.065156
[2025-02-22 15:38:23;INFO]----------------------------------------------------------------------------------------------------

[2025-02-22 15:38:23;INFO]Current Epoch: 131 / 500 | Learning Rate : 0.0005000000000004608
[2025-02-22 15:38:42;INFO]Train | Loss : 0.044053 | ACC : 3360/3360 (100.000%)
[2025-02-22 15:38:44;INFO]Valid | Loss : 0.129645 | ACC : 1436/1440 (99.722%)
[2025-02-22 15:38:44;INFO]      | Loss didn't drop!

[2025-02-22 15:38:44;INFO]best epoch: 130, best loss: 0.065156
[2025-02-22 15:38:44;INFO]----------------------------------------------------------------------------------------------------

[2025-02-22 15:38:44;INFO]Current Epoch: 132 / 500 | Learning Rate : 5.449673790585737e-05
[2025-02-22 15:39:03;INFO]Train | Loss : 0.052522 | ACC : 3358/3360 (99.940%)
[2025-02-22 15:39:06;INFO]Valid | Loss : 3.002503 | ACC : 711/1440 (49.375%)
[2025-02-22 15:39:06;INFO]      | Loss didn't drop!

[2025-02-22 15:39:06;INFO]best epoch: 130, best loss: 0.065156
[2025-02-22 15:39:06;INFO]----------------------------------------------------------------------------------------------------

[2025-02-22 15:39:06;INFO]Current Epoch: 133 / 500 | Learning Rate : 0.0009045084971872654
[2025-02-22 15:39:25;INFO]Train | Loss : 0.137943 | ACC : 3320/3360 (98.810%)
[2025-02-22 15:39:28;INFO]Valid | Loss : 4.232194 | ACC : 189/1440 (13.125%)
[2025-02-22 15:39:28;INFO]      | Loss didn't drop!

[2025-02-22 15:39:28;INFO]best epoch: 130, best loss: 0.065156
[2025-02-22 15:39:28;INFO]----------------------------------------------------------------------------------------------------

[2025-02-22 15:39:28;INFO]Current Epoch: 134 / 500 | Learning Rate : 0.0005782172325201601
[2025-02-22 15:39:47;INFO]Train | Loss : 0.087162 | ACC : 3355/3360 (99.851%)
[2025-02-22 15:39:49;INFO]Valid | Loss : 0.938056 | ACC : 1055/1440 (73.264%)
[2025-02-22 15:39:49;INFO]      | Loss didn't drop!

[2025-02-22 15:39:49;INFO]best epoch: 130, best loss: 0.065156
[2025-02-22 15:39:49;INFO]----------------------------------------------------------------------------------------------------

[2025-02-22 15:39:49;INFO]Current Epoch: 135 / 500 | Learning Rate : 2.447174185242506e-05
[2025-02-22 15:40:08;INFO]Train | Loss : 0.060781 | ACC : 3354/3360 (99.821%)
[2025-02-22 15:40:11;INFO]Valid | Loss : 2.213078 | ACC : 590/1440 (40.972%)
[2025-02-22 15:40:11;INFO]      | Loss didn't drop!

[2025-02-22 15:40:11;INFO]best epoch: 130, best loss: 0.065156
[2025-02-22 15:40:11;INFO]----------------------------------------------------------------------------------------------------

[2025-02-22 15:40:11;INFO]Current Epoch: 136 / 500 | Learning Rate : 0.0008535533905935647
[2025-02-22 15:40:30;INFO]Train | Loss : 0.045302 | ACC : 3360/3360 (100.000%)
[2025-02-22 15:40:33;INFO]Valid | Loss : 2.096432 | ACC : 1006/1440 (69.861%)
[2025-02-22 15:40:33;INFO]      | Loss didn't drop!

[2025-02-22 15:40:33;INFO]best epoch: 130, best loss: 0.065156
[2025-02-22 15:40:33;INFO]----------------------------------------------------------------------------------------------------

[2025-02-22 15:40:33;INFO]Current Epoch: 137 / 500 | Learning Rate : 0.0006545084971878571
[2025-02-22 15:40:52;INFO]Train | Loss : 0.047972 | ACC : 3357/3360 (99.911%)
[2025-02-22 15:40:54;INFO]Valid | Loss : 0.094732 | ACC : 1426/1440 (99.028%)
[2025-02-22 15:40:54;INFO]      | Loss didn't drop!

[2025-02-22 15:40:54;INFO]best epoch: 130, best loss: 0.065156
[2025-02-22 15:40:54;INFO]----------------------------------------------------------------------------------------------------

[2025-02-22 15:40:54;INFO]Current Epoch: 138 / 500 | Learning Rate : 6.1558297024391145e-06
[2025-02-22 15:41:13;INFO]Train | Loss : 0.040668 | ACC : 3359/3360 (99.970%)
[2025-02-22 15:41:16;INFO]Valid | Loss : 0.721742 | ACC : 1154/1440 (80.139%)
[2025-02-22 15:41:16;INFO]      | Loss didn't drop!

[2025-02-22 15:41:16;INFO]best epoch: 130, best loss: 0.065156
[2025-02-22 15:41:16;INFO]----------------------------------------------------------------------------------------------------

[2025-02-22 15:41:16;INFO]Current Epoch: 139 / 500 | Learning Rate : 0.0007938926261457697
[2025-02-22 15:41:35;INFO]Train | Loss : 0.040371 | ACC : 3360/3360 (100.000%)
[2025-02-22 15:41:38;INFO]Valid | Loss : 1.693422 | ACC : 962/1440 (66.806%)
[2025-02-22 15:41:38;INFO]      | Loss didn't drop!

[2025-02-22 15:41:38;INFO]best epoch: 130, best loss: 0.065156
[2025-02-22 15:41:38;INFO]----------------------------------------------------------------------------------------------------

[2025-02-22 15:41:38;INFO]Current Epoch: 140 / 500 | Learning Rate : 0.0007269952498705774
[2025-02-22 15:41:57;INFO]Train | Loss : 0.039198 | ACC : 3360/3360 (100.000%)
[2025-02-22 15:42:00;INFO]Valid | Loss : 0.033843 | ACC : 1440/1440 (100.000%)
[2025-02-22 15:42:00;INFO]      | Loss dropped from 0.065156 to 0.033843, model has been saved!

[2025-02-22 15:42:00;INFO]best epoch: 140, best loss: 0.033843
[2025-02-22 15:42:00;INFO]----------------------------------------------------------------------------------------------------

[2025-02-22 15:42:00;INFO]Current Epoch: 141 / 500 | Learning Rate : 0.0
[2025-02-22 15:42:18;INFO]Train | Loss : 0.028962 | ACC : 3360/3360 (100.000%)
[2025-02-22 15:42:21;INFO]Valid | Loss : 0.225539 | ACC : 1322/1440 (91.806%)
[2025-02-22 15:42:21;INFO]      | Loss didn't drop!

[2025-02-22 15:42:21;INFO]best epoch: 140, best loss: 0.033843
[2025-02-22 15:42:21;INFO]----------------------------------------------------------------------------------------------------

[2025-02-22 15:42:21;INFO]Current Epoch: 142 / 500 | Learning Rate : 0.0007269952498697674
[2025-02-22 15:42:40;INFO]Train | Loss : 0.032836 | ACC : 3359/3360 (99.970%)
[2025-02-22 15:42:43;INFO]Valid | Loss : 0.210125 | ACC : 1353/1440 (93.958%)
[2025-02-22 15:42:43;INFO]      | Loss didn't drop!

[2025-02-22 15:42:43;INFO]best epoch: 140, best loss: 0.033843
[2025-02-22 15:42:43;INFO]----------------------------------------------------------------------------------------------------

[2025-02-22 15:42:43;INFO]Current Epoch: 143 / 500 | Learning Rate : 0.0007938926261464284
[2025-02-22 15:43:02;INFO]Train | Loss : 0.039610 | ACC : 3360/3360 (100.000%)
[2025-02-22 15:43:05;INFO]Valid | Loss : 0.092849 | ACC : 1425/1440 (98.958%)
[2025-02-22 15:43:05;INFO]      | Loss didn't drop!

[2025-02-22 15:43:05;INFO]best epoch: 140, best loss: 0.033843
[2025-02-22 15:43:05;INFO]----------------------------------------------------------------------------------------------------

[2025-02-22 15:43:05;INFO]Current Epoch: 144 / 500 | Learning Rate : 6.155829702431115e-06
[2025-02-22 15:43:24;INFO]Train | Loss : 0.041596 | ACC : 3360/3360 (100.000%)
[2025-02-22 15:43:26;INFO]Valid | Loss : 2.002976 | ACC : 760/1440 (52.778%)
[2025-02-22 15:43:26;INFO]      | Loss didn't drop!

[2025-02-22 15:43:26;INFO]best epoch: 140, best loss: 0.033843
[2025-02-22 15:43:26;INFO]----------------------------------------------------------------------------------------------------

[2025-02-22 15:43:26;INFO]Current Epoch: 145 / 500 | Learning Rate : 0.0006545084971878013
[2025-02-22 15:43:45;INFO]Train | Loss : 0.051090 | ACC : 3352/3360 (99.762%)
[2025-02-22 15:43:48;INFO]Valid | Loss : 6.832072 | ACC : 512/1440 (35.556%)
[2025-02-22 15:43:48;INFO]      | Loss didn't drop!

[2025-02-22 15:43:48;INFO]best epoch: 140, best loss: 0.033843
[2025-02-22 15:43:48;INFO]----------------------------------------------------------------------------------------------------

[2025-02-22 15:43:48;INFO]Current Epoch: 146 / 500 | Learning Rate : 0.0008535533905939307
[2025-02-22 15:44:07;INFO]Train | Loss : 0.152233 | ACC : 3327/3360 (99.018%)
[2025-02-22 15:44:10;INFO]Valid | Loss : 0.642644 | ACC : 1074/1440 (74.583%)
[2025-02-22 15:44:10;INFO]      | Loss didn't drop!

[2025-02-22 15:44:10;INFO]best epoch: 140, best loss: 0.033843
[2025-02-22 15:44:10;INFO]----------------------------------------------------------------------------------------------------

[2025-02-22 15:44:10;INFO]Current Epoch: 147 / 500 | Learning Rate : 2.447174185245272e-05
[2025-02-22 15:44:29;INFO]Train | Loss : 0.065295 | ACC : 3359/3360 (99.970%)
[2025-02-22 15:44:31;INFO]Valid | Loss : 0.700467 | ACC : 1204/1440 (83.611%)
[2025-02-22 15:44:31;INFO]      | Loss didn't drop!

[2025-02-22 15:44:31;INFO]best epoch: 140, best loss: 0.033843
[2025-02-22 15:44:31;INFO]----------------------------------------------------------------------------------------------------

[2025-02-22 15:44:31;INFO]Current Epoch: 148 / 500 | Learning Rate : 0.0005782172325207405
[2025-02-22 15:44:50;INFO]Train | Loss : 0.048610 | ACC : 3359/3360 (99.970%)
[2025-02-22 15:44:53;INFO]Valid | Loss : 0.588963 | ACC : 1170/1440 (81.250%)
[2025-02-22 15:44:53;INFO]      | Loss didn't drop!

[2025-02-22 15:44:53;INFO]best epoch: 140, best loss: 0.033843
[2025-02-22 15:44:53;INFO]----------------------------------------------------------------------------------------------------

[2025-02-22 15:44:53;INFO]Current Epoch: 149 / 500 | Learning Rate : 0.0009045084971873508
[2025-02-22 15:45:12;INFO]Train | Loss : 0.048914 | ACC : 3359/3360 (99.970%)
[2025-02-22 15:45:15;INFO]Valid | Loss : 0.054919 | ACC : 1440/1440 (100.000%)
[2025-02-22 15:45:15;INFO]      | Loss didn't drop!

[2025-02-22 15:45:15;INFO]best epoch: 140, best loss: 0.033843
[2025-02-22 15:45:15;INFO]----------------------------------------------------------------------------------------------------

[2025-02-22 15:45:15;INFO]Current Epoch: 150 / 500 | Learning Rate : 5.449673790581913e-05
[2025-02-22 15:45:34;INFO]Train | Loss : 0.042204 | ACC : 3357/3360 (99.911%)
[2025-02-22 15:45:36;INFO]Valid | Loss : 0.298046 | ACC : 1338/1440 (92.917%)
[2025-02-22 15:45:36;INFO]      | Loss didn't drop!

[2025-02-22 15:45:36;INFO]best epoch: 140, best loss: 0.033843
[2025-02-22 15:45:36;INFO]----------------------------------------------------------------------------------------------------

[2025-02-22 15:45:36;INFO]Current Epoch: 151 / 500 | Learning Rate : 0.0005000000000001212
[2025-02-22 15:45:55;INFO]Train | Loss : 0.036770 | ACC : 3360/3360 (100.000%)
[2025-02-22 15:45:58;INFO]Valid | Loss : 4.975399 | ACC : 397/1440 (27.569%)
[2025-02-22 15:45:58;INFO]      | Loss didn't drop!

[2025-02-22 15:45:58;INFO]best epoch: 140, best loss: 0.033843
[2025-02-22 15:45:58;INFO]----------------------------------------------------------------------------------------------------

[2025-02-22 15:45:58;INFO]Current Epoch: 152 / 500 | Learning Rate : 0.0009455032620945883
[2025-02-22 15:46:17;INFO]Train | Loss : 0.041298 | ACC : 3360/3360 (100.000%)
[2025-02-22 15:46:20;INFO]Valid | Loss : 0.039297 | ACC : 1440/1440 (100.000%)
[2025-02-22 15:46:20;INFO]      | Loss didn't drop!

[2025-02-22 15:46:20;INFO]best epoch: 140, best loss: 0.033843
[2025-02-22 15:46:20;INFO]----------------------------------------------------------------------------------------------------

[2025-02-22 15:46:20;INFO]Current Epoch: 153 / 500 | Learning Rate : 9.549150281260574e-05
[2025-02-22 15:46:39;INFO]Train | Loss : 0.034563 | ACC : 3359/3360 (99.970%)
[2025-02-22 15:46:41;INFO]Valid | Loss : 0.213156 | ACC : 1335/1440 (92.708%)
[2025-02-22 15:46:41;INFO]      | Loss didn't drop!

[2025-02-22 15:46:41;INFO]best epoch: 140, best loss: 0.033843
[2025-02-22 15:46:41;INFO]----------------------------------------------------------------------------------------------------

[2025-02-22 15:46:41;INFO]Current Epoch: 154 / 500 | Learning Rate : 0.0004217827674801928
[2025-02-22 15:47:00;INFO]Train | Loss : 0.047398 | ACC : 3349/3360 (99.673%)
[2025-02-22 15:47:03;INFO]Valid | Loss : 0.074419 | ACC : 1440/1440 (100.000%)
[2025-02-22 15:47:03;INFO]      | Loss didn't drop!

[2025-02-22 15:47:03;INFO]best epoch: 140, best loss: 0.033843
[2025-02-22 15:47:03;INFO]----------------------------------------------------------------------------------------------------

[2025-02-22 15:47:03;INFO]Current Epoch: 155 / 500 | Learning Rate : 0.0009755282581471347
[2025-02-22 15:47:22;INFO]Train | Loss : 0.045632 | ACC : 3358/3360 (99.940%)
[2025-02-22 15:47:25;INFO]Valid | Loss : 0.064522 | ACC : 1439/1440 (99.931%)
[2025-02-22 15:47:25;INFO]      | Loss didn't drop!

[2025-02-22 15:47:25;INFO]best epoch: 140, best loss: 0.033843
[2025-02-22 15:47:25;INFO]----------------------------------------------------------------------------------------------------

[2025-02-22 15:47:25;INFO]Current Epoch: 156 / 500 | Learning Rate : 0.00014644660940669478
[2025-02-22 15:47:44;INFO]Train | Loss : 0.038631 | ACC : 3359/3360 (99.970%)
[2025-02-22 15:47:46;INFO]Valid | Loss : 0.484416 | ACC : 1175/1440 (81.597%)
[2025-02-22 15:47:46;INFO]      | Loss didn't drop!

[2025-02-22 15:47:46;INFO]best epoch: 140, best loss: 0.033843
[2025-02-22 15:47:46;INFO]----------------------------------------------------------------------------------------------------

[2025-02-22 15:47:46;INFO]Current Epoch: 157 / 500 | Learning Rate : 0.00034549150281249175
[2025-02-22 15:48:05;INFO]Train | Loss : 0.030078 | ACC : 3360/3360 (100.000%)
[2025-02-22 15:48:08;INFO]Valid | Loss : 1.589126 | ACC : 779/1440 (54.097%)
[2025-02-22 15:48:08;INFO]      | Loss didn't drop!

[2025-02-22 15:48:08;INFO]best epoch: 140, best loss: 0.033843
[2025-02-22 15:48:08;INFO]----------------------------------------------------------------------------------------------------

[2025-02-22 15:48:08;INFO]Current Epoch: 158 / 500 | Learning Rate : 0.0009938441702976582
[2025-02-22 15:48:27;INFO]Train | Loss : 0.030451 | ACC : 3360/3360 (100.000%)
[2025-02-22 15:48:30;INFO]Valid | Loss : 0.042435 | ACC : 1440/1440 (100.000%)
[2025-02-22 15:48:30;INFO]      | Loss didn't drop!

[2025-02-22 15:48:30;INFO]best epoch: 140, best loss: 0.033843
[2025-02-22 15:48:30;INFO]----------------------------------------------------------------------------------------------------

[2025-02-22 15:48:30;INFO]Current Epoch: 159 / 500 | Learning Rate : 0.00020610737385381357
[2025-02-22 15:48:49;INFO]Train | Loss : 0.060337 | ACC : 3334/3360 (99.226%)
[2025-02-22 15:48:51;INFO]Valid | Loss : 0.762176 | ACC : 1179/1440 (81.875%)
[2025-02-22 15:48:51;INFO]      | Loss didn't drop!

[2025-02-22 15:48:51;INFO]best epoch: 140, best loss: 0.033843
[2025-02-22 15:48:51;INFO]----------------------------------------------------------------------------------------------------

[2025-02-22 15:48:51;INFO]Current Epoch: 160 / 500 | Learning Rate : 0.00027300475013032535
[2025-02-22 15:49:10;INFO]Train | Loss : 0.040395 | ACC : 3360/3360 (100.000%)
[2025-02-22 15:49:13;INFO]Valid | Loss : 7.365984 | ACC : 362/1440 (25.139%)
[2025-02-22 15:49:13;INFO]      | Loss didn't drop!

[2025-02-22 15:49:13;INFO]best epoch: 140, best loss: 0.033843
[2025-02-22 15:49:13;INFO]----------------------------------------------------------------------------------------------------

[2025-02-22 15:49:13;INFO]Current Epoch: 161 / 500 | Learning Rate : 0.0010000000000006401
[2025-02-22 15:49:32;INFO]Train | Loss : 0.028293 | ACC : 3360/3360 (100.000%)
[2025-02-22 15:49:35;INFO]Valid | Loss : 0.030502 | ACC : 1440/1440 (100.000%)
[2025-02-22 15:49:35;INFO]      | Loss dropped from 0.033843 to 0.030502, model has been saved!

[2025-02-22 15:49:35;INFO]best epoch: 161, best loss: 0.030502
[2025-02-22 15:49:35;INFO]----------------------------------------------------------------------------------------------------

[2025-02-22 15:49:35;INFO]Current Epoch: 162 / 500 | Learning Rate : 0.00027300475013042656
[2025-02-22 15:49:54;INFO]Train | Loss : 0.040550 | ACC : 3356/3360 (99.881%)
[2025-02-22 15:49:56;INFO]Valid | Loss : 6.719929 | ACC : 619/1440 (42.986%)
[2025-02-22 15:49:56;INFO]      | Loss didn't drop!

[2025-02-22 15:49:56;INFO]best epoch: 161, best loss: 0.030502
[2025-02-22 15:49:56;INFO]----------------------------------------------------------------------------------------------------

[2025-02-22 15:49:56;INFO]Current Epoch: 163 / 500 | Learning Rate : 0.0002061073738539253
[2025-02-22 15:50:15;INFO]Train | Loss : 0.041457 | ACC : 3357/3360 (99.911%)
[2025-02-22 15:50:18;INFO]Valid | Loss : 11.239193 | ACC : 280/1440 (19.444%)
[2025-02-22 15:50:18;INFO]      | Loss didn't drop!

[2025-02-22 15:50:18;INFO]best epoch: 161, best loss: 0.030502
[2025-02-22 15:50:18;INFO]----------------------------------------------------------------------------------------------------

[2025-02-22 15:50:18;INFO]Current Epoch: 164 / 500 | Learning Rate : 0.0009938441702987417
[2025-02-22 15:50:37;INFO]Train | Loss : 0.039358 | ACC : 3359/3360 (99.970%)
[2025-02-22 15:50:40;INFO]Valid | Loss : 0.025956 | ACC : 1439/1440 (99.931%)
[2025-02-22 15:50:40;INFO]      | Loss dropped from 0.030502 to 0.025956, model has been saved!

[2025-02-22 15:50:40;INFO]best epoch: 164, best loss: 0.025956
[2025-02-22 15:50:40;INFO]----------------------------------------------------------------------------------------------------

[2025-02-22 15:50:40;INFO]Current Epoch: 165 / 500 | Learning Rate : 0.0003454915028125081
[2025-02-22 15:50:59;INFO]Train | Loss : 0.030114 | ACC : 3360/3360 (100.000%)
[2025-02-22 15:51:01;INFO]Valid | Loss : 0.041949 | ACC : 1439/1440 (99.931%)
[2025-02-22 15:51:01;INFO]      | Loss didn't drop!

[2025-02-22 15:51:01;INFO]best epoch: 164, best loss: 0.025956
[2025-02-22 15:51:01;INFO]----------------------------------------------------------------------------------------------------

[2025-02-22 15:51:01;INFO]Current Epoch: 166 / 500 | Learning Rate : 0.00014644660940672246
[2025-02-22 15:51:20;INFO]Train | Loss : 0.021855 | ACC : 3360/3360 (100.000%)
[2025-02-22 15:51:23;INFO]Valid | Loss : 0.050465 | ACC : 1440/1440 (100.000%)
[2025-02-22 15:51:23;INFO]      | Loss didn't drop!

[2025-02-22 15:51:23;INFO]best epoch: 164, best loss: 0.025956
[2025-02-22 15:51:23;INFO]----------------------------------------------------------------------------------------------------

[2025-02-22 15:51:23;INFO]Current Epoch: 167 / 500 | Learning Rate : 0.0009755282581478643
[2025-02-22 15:51:42;INFO]Train | Loss : 0.023698 | ACC : 3360/3360 (100.000%)
[2025-02-22 15:51:45;INFO]Valid | Loss : 0.032176 | ACC : 1440/1440 (100.000%)
[2025-02-22 15:51:45;INFO]      | Loss didn't drop!

[2025-02-22 15:51:45;INFO]best epoch: 164, best loss: 0.025956
[2025-02-22 15:51:45;INFO]----------------------------------------------------------------------------------------------------

[2025-02-22 15:51:45;INFO]Current Epoch: 168 / 500 | Learning Rate : 0.00042178276748013
[2025-02-22 15:52:04;INFO]Train | Loss : 0.035377 | ACC : 3359/3360 (99.970%)
[2025-02-22 15:52:06;INFO]Valid | Loss : 0.081564 | ACC : 1413/1440 (98.125%)
[2025-02-22 15:52:06;INFO]      | Loss didn't drop!

[2025-02-22 15:52:06;INFO]best epoch: 164, best loss: 0.025956
[2025-02-22 15:52:06;INFO]----------------------------------------------------------------------------------------------------

[2025-02-22 15:52:06;INFO]Current Epoch: 169 / 500 | Learning Rate : 9.549150281258998e-05
[2025-02-22 15:52:25;INFO]Train | Loss : 0.031700 | ACC : 3357/3360 (99.911%)
[2025-02-22 15:52:28;INFO]Valid | Loss : 2.953390 | ACC : 794/1440 (55.139%)
[2025-02-22 15:52:28;INFO]      | Loss didn't drop!

[2025-02-22 15:52:28;INFO]best epoch: 164, best loss: 0.025956
[2025-02-22 15:52:28;INFO]----------------------------------------------------------------------------------------------------

[2025-02-22 15:52:28;INFO]Current Epoch: 170 / 500 | Learning Rate : 0.0009455032620949967
[2025-02-22 15:52:47;INFO]Train | Loss : 0.034239 | ACC : 3360/3360 (100.000%)
[2025-02-22 15:52:50;INFO]Valid | Loss : 0.886334 | ACC : 1027/1440 (71.319%)
[2025-02-22 15:52:50;INFO]      | Loss didn't drop!

[2025-02-22 15:52:50;INFO]best epoch: 164, best loss: 0.025956
[2025-02-22 15:52:50;INFO]----------------------------------------------------------------------------------------------------

[2025-02-22 15:52:50;INFO]Current Epoch: 171 / 500 | Learning Rate : 0.0004999999999998183
[2025-02-22 15:53:09;INFO]Train | Loss : 0.027008 | ACC : 3360/3360 (100.000%)
[2025-02-22 15:53:11;INFO]Valid | Loss : 0.091099 | ACC : 1409/1440 (97.847%)
[2025-02-22 15:53:11;INFO]      | Loss didn't drop!

[2025-02-22 15:53:11;INFO]best epoch: 164, best loss: 0.025956
[2025-02-22 15:53:11;INFO]----------------------------------------------------------------------------------------------------

[2025-02-22 15:53:11;INFO]Current Epoch: 172 / 500 | Learning Rate : 5.449673790581702e-05
[2025-02-22 15:53:30;INFO]Train | Loss : 0.021370 | ACC : 3360/3360 (100.000%)
[2025-02-22 15:53:33;INFO]Valid | Loss : 0.051854 | ACC : 1439/1440 (99.931%)
[2025-02-22 15:53:33;INFO]      | Loss didn't drop!

[2025-02-22 15:53:33;INFO]best epoch: 164, best loss: 0.025956
[2025-02-22 15:53:33;INFO]----------------------------------------------------------------------------------------------------

[2025-02-22 15:53:33;INFO]Current Epoch: 173 / 500 | Learning Rate : 0.000904508497187424
[2025-02-22 15:53:52;INFO]Train | Loss : 0.023997 | ACC : 3360/3360 (100.000%)
[2025-02-22 15:53:55;INFO]Valid | Loss : 0.056503 | ACC : 1438/1440 (99.861%)
[2025-02-22 15:53:55;INFO]      | Loss didn't drop!

[2025-02-22 15:53:55;INFO]best epoch: 164, best loss: 0.025956
[2025-02-22 15:53:55;INFO]----------------------------------------------------------------------------------------------------

[2025-02-22 15:53:55;INFO]Current Epoch: 174 / 500 | Learning Rate : 0.0005782172325202576
[2025-02-22 15:54:13;INFO]Train | Loss : 0.040758 | ACC : 3353/3360 (99.792%)
[2025-02-22 15:54:16;INFO]Valid | Loss : 0.055513 | ACC : 1436/1440 (99.722%)
[2025-02-22 15:54:16;INFO]      | Loss didn't drop!

[2025-02-22 15:54:16;INFO]best epoch: 164, best loss: 0.025956
[2025-02-22 15:54:16;INFO]----------------------------------------------------------------------------------------------------

[2025-02-22 15:54:16;INFO]Current Epoch: 175 / 500 | Learning Rate : 2.4471741852431573e-05
[2025-02-22 15:54:35;INFO]Train | Loss : 0.029008 | ACC : 3356/3360 (99.881%)
[2025-02-22 15:54:38;INFO]Valid | Loss : 6.430993 | ACC : 289/1440 (20.069%)
[2025-02-22 15:54:38;INFO]      | Loss didn't drop!

[2025-02-22 15:54:38;INFO]best epoch: 164, best loss: 0.025956
[2025-02-22 15:54:38;INFO]----------------------------------------------------------------------------------------------------

[2025-02-22 15:54:38;INFO]Current Epoch: 176 / 500 | Learning Rate : 0.0008535533905936753
[2025-02-22 15:54:57;INFO]Train | Loss : 0.031259 | ACC : 3360/3360 (100.000%)
[2025-02-22 15:54:59;INFO]Valid | Loss : 0.763365 | ACC : 1102/1440 (76.528%)
[2025-02-22 15:54:59;INFO]      | Loss didn't drop!

[2025-02-22 15:54:59;INFO]best epoch: 164, best loss: 0.025956
[2025-02-22 15:54:59;INFO]----------------------------------------------------------------------------------------------------

[2025-02-22 15:54:59;INFO]Current Epoch: 177 / 500 | Learning Rate : 0.0006545084971879622
[2025-02-22 15:55:18;INFO]Train | Loss : 0.023686 | ACC : 3359/3360 (99.970%)
[2025-02-22 15:55:21;INFO]Valid | Loss : 0.461951 | ACC : 1196/1440 (83.056%)
[2025-02-22 15:55:21;INFO]      | Loss didn't drop!

[2025-02-22 15:55:21;INFO]best epoch: 164, best loss: 0.025956
[2025-02-22 15:55:21;INFO]----------------------------------------------------------------------------------------------------

[2025-02-22 15:55:21;INFO]Current Epoch: 178 / 500 | Learning Rate : 6.155829702441218e-06
[2025-02-22 15:55:40;INFO]Train | Loss : 0.023418 | ACC : 3358/3360 (99.940%)
[2025-02-22 15:55:43;INFO]Valid | Loss : 0.726385 | ACC : 1067/1440 (74.097%)
[2025-02-22 15:55:43;INFO]      | Loss didn't drop!

[2025-02-22 15:55:43;INFO]best epoch: 164, best loss: 0.025956
[2025-02-22 15:55:43;INFO]----------------------------------------------------------------------------------------------------

[2025-02-22 15:55:43;INFO]Current Epoch: 179 / 500 | Learning Rate : 0.0007938926261459186
[2025-02-22 15:56:02;INFO]Train | Loss : 0.031522 | ACC : 3360/3360 (100.000%)
[2025-02-22 15:56:04;INFO]Valid | Loss : 0.959776 | ACC : 1005/1440 (69.792%)
[2025-02-22 15:56:04;INFO]      | Loss didn't drop!

[2025-02-22 15:56:04;INFO]best epoch: 164, best loss: 0.025956
[2025-02-22 15:56:04;INFO]----------------------------------------------------------------------------------------------------

[2025-02-22 15:56:04;INFO]Current Epoch: 180 / 500 | Learning Rate : 0.0007269952498706956
[2025-02-22 15:56:23;INFO]Train | Loss : 0.069664 | ACC : 3334/3360 (99.226%)
[2025-02-22 15:56:26;INFO]Valid | Loss : 0.398099 | ACC : 1235/1440 (85.764%)
[2025-02-22 15:56:26;INFO]      | Loss didn't drop!

[2025-02-22 15:56:26;INFO]best epoch: 164, best loss: 0.025956
[2025-02-22 15:56:26;INFO]----------------------------------------------------------------------------------------------------

[2025-02-22 15:56:26;INFO]Current Epoch: 181 / 500 | Learning Rate : 0.0
[2025-02-22 15:56:45;INFO]Train | Loss : 0.043886 | ACC : 3360/3360 (100.000%)
[2025-02-22 15:56:48;INFO]Valid | Loss : 1.329199 | ACC : 940/1440 (65.278%)
[2025-02-22 15:56:48;INFO]      | Loss didn't drop!

[2025-02-22 15:56:48;INFO]best epoch: 164, best loss: 0.025956
[2025-02-22 15:56:48;INFO]----------------------------------------------------------------------------------------------------

[2025-02-22 15:56:48;INFO]Current Epoch: 182 / 500 | Learning Rate : 0.0007269952498698979
[2025-02-22 15:57:07;INFO]Train | Loss : 0.032625 | ACC : 3358/3360 (99.940%)
[2025-02-22 15:57:09;INFO]Valid | Loss : 1.867730 | ACC : 912/1440 (63.333%)
[2025-02-22 15:57:09;INFO]      | Loss didn't drop!

[2025-02-22 15:57:09;INFO]best epoch: 164, best loss: 0.025956
[2025-02-22 15:57:09;INFO]----------------------------------------------------------------------------------------------------

[2025-02-22 15:57:09;INFO]Current Epoch: 183 / 500 | Learning Rate : 0.0007938926261465201
[2025-02-22 15:57:28;INFO]Train | Loss : 0.056494 | ACC : 3351/3360 (99.732%)
[2025-02-22 15:57:31;INFO]Valid | Loss : 0.293792 | ACC : 1297/1440 (90.069%)
[2025-02-22 15:57:31;INFO]      | Loss didn't drop!

[2025-02-22 15:57:31;INFO]best epoch: 164, best loss: 0.025956
[2025-02-22 15:57:31;INFO]----------------------------------------------------------------------------------------------------

[2025-02-22 15:57:31;INFO]Current Epoch: 184 / 500 | Learning Rate : 6.155829702431115e-06
[2025-02-22 15:57:50;INFO]Train | Loss : 0.032617 | ACC : 3360/3360 (100.000%)
[2025-02-22 15:57:53;INFO]Valid | Loss : 1.056948 | ACC : 937/1440 (65.069%)
[2025-02-22 15:57:53;INFO]      | Loss didn't drop!

[2025-02-22 15:57:53;INFO]best epoch: 164, best loss: 0.025956
[2025-02-22 15:57:53;INFO]----------------------------------------------------------------------------------------------------

[2025-02-22 15:57:53;INFO]Current Epoch: 185 / 500 | Learning Rate : 0.0006545084971869753
[2025-02-22 15:58:12;INFO]Train | Loss : 0.037399 | ACC : 3355/3360 (99.851%)
[2025-02-22 15:58:14;INFO]Valid | Loss : 1.668046 | ACC : 844/1440 (58.611%)
[2025-02-22 15:58:14;INFO]      | Loss didn't drop!

[2025-02-22 15:58:14;INFO]best epoch: 164, best loss: 0.025956
[2025-02-22 15:58:14;INFO]----------------------------------------------------------------------------------------------------

[2025-02-22 15:58:14;INFO]Current Epoch: 186 / 500 | Learning Rate : 0.0008535533905940724
[2025-02-22 15:58:33;INFO]Train | Loss : 0.163573 | ACC : 3260/3360 (97.024%)
[2025-02-22 15:58:36;INFO]Valid | Loss : 0.470557 | ACC : 1212/1440 (84.167%)
[2025-02-22 15:58:36;INFO]      | Loss didn't drop!

[2025-02-22 15:58:36;INFO]best epoch: 164, best loss: 0.025956
[2025-02-22 15:58:36;INFO]----------------------------------------------------------------------------------------------------

[2025-02-22 15:58:36;INFO]Current Epoch: 187 / 500 | Learning Rate : 2.4471741852419715e-05
[2025-02-22 15:58:55;INFO]Train | Loss : 0.063974 | ACC : 3359/3360 (99.970%)
[2025-02-22 15:58:58;INFO]Valid | Loss : 1.242171 | ACC : 914/1440 (63.472%)
[2025-02-22 15:58:58;INFO]      | Loss didn't drop!

[2025-02-22 15:58:58;INFO]best epoch: 164, best loss: 0.025956
[2025-02-22 15:58:58;INFO]----------------------------------------------------------------------------------------------------

[2025-02-22 15:58:58;INFO]Current Epoch: 188 / 500 | Learning Rate : 0.0005782172325200174
[2025-02-22 15:59:17;INFO]Train | Loss : 0.034865 | ACC : 3360/3360 (100.000%)
[2025-02-22 15:59:19;INFO]Valid | Loss : 1.092013 | ACC : 1091/1440 (75.764%)
[2025-02-22 15:59:19;INFO]      | Loss didn't drop!

[2025-02-22 15:59:19;INFO]best epoch: 164, best loss: 0.025956
[2025-02-22 15:59:19;INFO]----------------------------------------------------------------------------------------------------

[2025-02-22 15:59:19;INFO]Current Epoch: 189 / 500 | Learning Rate : 0.0009045084971875351
[2025-02-22 15:59:38;INFO]Train | Loss : 0.052310 | ACC : 3352/3360 (99.762%)
[2025-02-22 15:59:41;INFO]Valid | Loss : 0.068131 | ACC : 1439/1440 (99.931%)
[2025-02-22 15:59:41;INFO]      | Loss didn't drop!

[2025-02-22 15:59:41;INFO]best epoch: 164, best loss: 0.025956
[2025-02-22 15:59:41;INFO]----------------------------------------------------------------------------------------------------

[2025-02-22 15:59:41;INFO]Current Epoch: 190 / 500 | Learning Rate : 5.449673790582536e-05
[2025-02-22 16:00:00;INFO]Train | Loss : 0.030940 | ACC : 3360/3360 (100.000%)
[2025-02-22 16:00:03;INFO]Valid | Loss : 0.135653 | ACC : 1408/1440 (97.778%)
[2025-02-22 16:00:03;INFO]      | Loss didn't drop!

[2025-02-22 16:00:03;INFO]best epoch: 164, best loss: 0.025956
[2025-02-22 16:00:03;INFO]----------------------------------------------------------------------------------------------------

[2025-02-22 16:00:03;INFO]Current Epoch: 191 / 500 | Learning Rate : 0.0005000000000002137
[2025-02-22 16:00:22;INFO]Train | Loss : 0.024171 | ACC : 3360/3360 (100.000%)
[2025-02-22 16:00:24;INFO]Valid | Loss : 0.059146 | ACC : 1433/1440 (99.514%)
[2025-02-22 16:00:24;INFO]      | Loss didn't drop!

[2025-02-22 16:00:24;INFO]best epoch: 164, best loss: 0.025956
[2025-02-22 16:00:24;INFO]----------------------------------------------------------------------------------------------------

[2025-02-22 16:00:24;INFO]Current Epoch: 192 / 500 | Learning Rate : 0.0009455032620947557
[2025-02-22 16:00:43;INFO]Train | Loss : 0.021985 | ACC : 3360/3360 (100.000%)
[2025-02-22 16:00:46;INFO]Valid | Loss : 0.025376 | ACC : 1439/1440 (99.931%)
[2025-02-22 16:00:46;INFO]      | Loss dropped from 0.025956 to 0.025376, model has been saved!

[2025-02-22 16:00:46;INFO]best epoch: 192, best loss: 0.025376
[2025-02-22 16:00:46;INFO]----------------------------------------------------------------------------------------------------

[2025-02-22 16:00:46;INFO]Current Epoch: 193 / 500 | Learning Rate : 9.549150281258463e-05
[2025-02-22 16:01:05;INFO]Train | Loss : 0.022692 | ACC : 3360/3360 (100.000%)
[2025-02-22 16:01:08;INFO]Valid | Loss : 0.055857 | ACC : 1437/1440 (99.792%)
[2025-02-22 16:01:08;INFO]      | Loss didn't drop!

[2025-02-22 16:01:08;INFO]best epoch: 192, best loss: 0.025376
[2025-02-22 16:01:08;INFO]----------------------------------------------------------------------------------------------------

[2025-02-22 16:01:08;INFO]Current Epoch: 194 / 500 | Learning Rate : 0.0004217827674802716
[2025-02-22 16:01:27;INFO]Train | Loss : 0.020521 | ACC : 3360/3360 (100.000%)
[2025-02-22 16:01:29;INFO]Valid | Loss : 0.409588 | ACC : 1284/1440 (89.167%)
[2025-02-22 16:01:29;INFO]      | Loss didn't drop!

[2025-02-22 16:01:29;INFO]best epoch: 192, best loss: 0.025376
[2025-02-22 16:01:29;INFO]----------------------------------------------------------------------------------------------------

[2025-02-22 16:01:29;INFO]Current Epoch: 195 / 500 | Learning Rate : 0.0009755282581486905
[2025-02-22 16:01:48;INFO]Train | Loss : 0.021032 | ACC : 3360/3360 (100.000%)
[2025-02-22 16:01:51;INFO]Valid | Loss : 0.018067 | ACC : 1440/1440 (100.000%)
[2025-02-22 16:01:51;INFO]      | Loss dropped from 0.025376 to 0.018067, model has been saved!

[2025-02-22 16:01:51;INFO]best epoch: 195, best loss: 0.018067
[2025-02-22 16:01:51;INFO]----------------------------------------------------------------------------------------------------

[2025-02-22 16:01:51;INFO]Current Epoch: 196 / 500 | Learning Rate : 0.0001464466094066762
[2025-02-22 16:02:10;INFO]Train | Loss : 0.030933 | ACC : 3356/3360 (99.881%)
[2025-02-22 16:02:13;INFO]Valid | Loss : 0.717512 | ACC : 1147/1440 (79.653%)
[2025-02-22 16:02:13;INFO]      | Loss didn't drop!

[2025-02-22 16:02:13;INFO]best epoch: 195, best loss: 0.018067
[2025-02-22 16:02:13;INFO]----------------------------------------------------------------------------------------------------

[2025-02-22 16:02:13;INFO]Current Epoch: 197 / 500 | Learning Rate : 0.0003454915028125608
[2025-02-22 16:02:31;INFO]Train | Loss : 0.042276 | ACC : 3350/3360 (99.702%)
[2025-02-22 16:02:34;INFO]Valid | Loss : 3.092649 | ACC : 785/1440 (54.514%)
[2025-02-22 16:02:34;INFO]      | Loss didn't drop!

[2025-02-22 16:02:34;INFO]best epoch: 195, best loss: 0.018067
[2025-02-22 16:02:34;INFO]----------------------------------------------------------------------------------------------------

[2025-02-22 16:02:34;INFO]Current Epoch: 198 / 500 | Learning Rate : 0.0009938441702978186
[2025-02-22 16:02:53;INFO]Train | Loss : 0.043291 | ACC : 3359/3360 (99.970%)
[2025-02-22 16:02:56;INFO]Valid | Loss : 0.076157 | ACC : 1420/1440 (98.611%)
[2025-02-22 16:02:56;INFO]      | Loss didn't drop!

[2025-02-22 16:02:56;INFO]best epoch: 195, best loss: 0.018067
[2025-02-22 16:02:56;INFO]----------------------------------------------------------------------------------------------------

[2025-02-22 16:02:56;INFO]Current Epoch: 199 / 500 | Learning Rate : 0.00020610737385414257
[2025-02-22 16:03:15;INFO]Train | Loss : 0.028223 | ACC : 3360/3360 (100.000%)
[2025-02-22 16:03:17;INFO]Valid | Loss : 0.477784 | ACC : 1294/1440 (89.861%)
[2025-02-22 16:03:17;INFO]      | Loss didn't drop!

[2025-02-22 16:03:17;INFO]best epoch: 195, best loss: 0.018067
[2025-02-22 16:03:17;INFO]----------------------------------------------------------------------------------------------------

[2025-02-22 16:03:17;INFO]Current Epoch: 200 / 500 | Learning Rate : 0.00027300475013072406
[2025-02-22 16:03:36;INFO]Train | Loss : 0.021508 | ACC : 3360/3360 (100.000%)
[2025-02-22 16:03:39;INFO]Valid | Loss : 0.290295 | ACC : 1273/1440 (88.403%)
[2025-02-22 16:03:39;INFO]      | Loss didn't drop!

[2025-02-22 16:03:39;INFO]best epoch: 195, best loss: 0.018067
[2025-02-22 16:03:39;INFO]----------------------------------------------------------------------------------------------------

[2025-02-22 16:03:39;INFO]Current Epoch: 201 / 500 | Learning Rate : 0.0009999999999993686
[2025-02-22 16:03:58;INFO]Train | Loss : 0.032632 | ACC : 3357/3360 (99.911%)
[2025-02-22 16:04:01;INFO]Valid | Loss : 0.023701 | ACC : 1440/1440 (100.000%)
[2025-02-22 16:04:01;INFO]      | Loss didn't drop!

[2025-02-22 16:04:01;INFO]best epoch: 195, best loss: 0.018067
[2025-02-22 16:04:01;INFO]----------------------------------------------------------------------------------------------------

[2025-02-22 16:04:01;INFO]Current Epoch: 202 / 500 | Learning Rate : 0.00027300475013051806
[2025-02-22 16:04:20;INFO]Train | Loss : 0.021884 | ACC : 3360/3360 (100.000%)
[2025-02-22 16:04:22;INFO]Valid | Loss : 0.233928 | ACC : 1288/1440 (89.444%)
[2025-02-22 16:04:22;INFO]      | Loss didn't drop!

[2025-02-22 16:04:22;INFO]best epoch: 195, best loss: 0.018067
[2025-02-22 16:04:22;INFO]----------------------------------------------------------------------------------------------------

[2025-02-22 16:04:22;INFO]Current Epoch: 203 / 500 | Learning Rate : 0.00020610737385396623
[2025-02-22 16:04:41;INFO]Train | Loss : 0.019647 | ACC : 3360/3360 (100.000%)
[2025-02-22 16:04:44;INFO]Valid | Loss : 0.351855 | ACC : 1297/1440 (90.069%)
[2025-02-22 16:04:44;INFO]      | Loss didn't drop!

[2025-02-22 16:04:44;INFO]best epoch: 195, best loss: 0.018067
[2025-02-22 16:04:44;INFO]----------------------------------------------------------------------------------------------------

[2025-02-22 16:04:44;INFO]Current Epoch: 204 / 500 | Learning Rate : 0.00099384417029748
[2025-02-22 16:05:03;INFO]Train | Loss : 0.016882 | ACC : 3360/3360 (100.000%)
[2025-02-22 16:05:06;INFO]Valid | Loss : 0.017852 | ACC : 1440/1440 (100.000%)
[2025-02-22 16:05:06;INFO]      | Loss dropped from 0.018067 to 0.017852, model has been saved!

[2025-02-22 16:05:06;INFO]best epoch: 204, best loss: 0.017852
[2025-02-22 16:05:06;INFO]----------------------------------------------------------------------------------------------------

[2025-02-22 16:05:06;INFO]Current Epoch: 205 / 500 | Learning Rate : 0.00034549150281261795
[2025-02-22 16:05:25;INFO]Train | Loss : 0.026578 | ACC : 3358/3360 (99.940%)
[2025-02-22 16:05:27;INFO]Valid | Loss : 0.038240 | ACC : 1433/1440 (99.514%)
[2025-02-22 16:05:27;INFO]      | Loss didn't drop!

[2025-02-22 16:05:27;INFO]best epoch: 204, best loss: 0.017852
[2025-02-22 16:05:27;INFO]----------------------------------------------------------------------------------------------------

[2025-02-22 16:05:27;INFO]Current Epoch: 206 / 500 | Learning Rate : 0.00014644660940675382
[2025-02-22 16:05:46;INFO]Train | Loss : 0.016049 | ACC : 3360/3360 (100.000%)
[2025-02-22 16:05:49;INFO]Valid | Loss : 0.277735 | ACC : 1300/1440 (90.278%)
[2025-02-22 16:05:49;INFO]      | Loss didn't drop!

[2025-02-22 16:05:49;INFO]best epoch: 204, best loss: 0.017852
[2025-02-22 16:05:49;INFO]----------------------------------------------------------------------------------------------------

[2025-02-22 16:05:49;INFO]Current Epoch: 207 / 500 | Learning Rate : 0.0009755282581480336
[2025-02-22 16:06:08;INFO]Train | Loss : 0.018835 | ACC : 3360/3360 (100.000%)
[2025-02-22 16:06:11;INFO]Valid | Loss : 0.050633 | ACC : 1433/1440 (99.514%)
[2025-02-22 16:06:11;INFO]      | Loss didn't drop!

[2025-02-22 16:06:11;INFO]best epoch: 204, best loss: 0.017852
[2025-02-22 16:06:11;INFO]----------------------------------------------------------------------------------------------------

[2025-02-22 16:06:11;INFO]Current Epoch: 208 / 500 | Learning Rate : 0.00042178276747958704
[2025-02-22 16:06:30;INFO]Train | Loss : 0.026377 | ACC : 3359/3360 (99.970%)
[2025-02-22 16:06:32;INFO]Valid | Loss : 0.261331 | ACC : 1307/1440 (90.764%)
[2025-02-22 16:06:32;INFO]      | Loss didn't drop!

[2025-02-22 16:06:32;INFO]best epoch: 204, best loss: 0.017852
[2025-02-22 16:06:32;INFO]----------------------------------------------------------------------------------------------------

[2025-02-22 16:06:32;INFO]Current Epoch: 209 / 500 | Learning Rate : 9.549150281247256e-05
[2025-02-22 16:06:51;INFO]Train | Loss : 0.024949 | ACC : 3358/3360 (99.940%)
[2025-02-22 16:06:54;INFO]Valid | Loss : 2.152806 | ACC : 762/1440 (52.917%)
[2025-02-22 16:06:54;INFO]      | Loss didn't drop!

[2025-02-22 16:06:54;INFO]best epoch: 204, best loss: 0.017852
[2025-02-22 16:06:54;INFO]----------------------------------------------------------------------------------------------------

[2025-02-22 16:06:54;INFO]Current Epoch: 210 / 500 | Learning Rate : 0.0009455032620951367
[2025-02-22 16:07:13;INFO]Train | Loss : 0.048903 | ACC : 3336/3360 (99.286%)
[2025-02-22 16:07:16;INFO]Valid | Loss : 1.062334 | ACC : 1131/1440 (78.542%)
[2025-02-22 16:07:16;INFO]      | Loss didn't drop!

[2025-02-22 16:07:16;INFO]best epoch: 204, best loss: 0.017852
[2025-02-22 16:07:16;INFO]----------------------------------------------------------------------------------------------------

[2025-02-22 16:07:16;INFO]Current Epoch: 211 / 500 | Learning Rate : 0.0005000000000006184
[2025-02-22 16:07:34;INFO]Train | Loss : 0.024955 | ACC : 3358/3360 (99.940%)
[2025-02-22 16:07:37;INFO]Valid | Loss : 0.032073 | ACC : 1437/1440 (99.792%)
[2025-02-22 16:07:37;INFO]      | Loss didn't drop!

[2025-02-22 16:07:37;INFO]best epoch: 204, best loss: 0.017852
[2025-02-22 16:07:37;INFO]----------------------------------------------------------------------------------------------------

[2025-02-22 16:07:37;INFO]Current Epoch: 212 / 500 | Learning Rate : 5.449673790590808e-05
[2025-02-22 16:07:56;INFO]Train | Loss : 0.020036 | ACC : 3360/3360 (100.000%)
[2025-02-22 16:07:59;INFO]Valid | Loss : 0.601893 | ACC : 1183/1440 (82.153%)
[2025-02-22 16:07:59;INFO]      | Loss didn't drop!

[2025-02-22 16:07:59;INFO]best epoch: 204, best loss: 0.017852
[2025-02-22 16:07:59;INFO]----------------------------------------------------------------------------------------------------

[2025-02-22 16:07:59;INFO]Current Epoch: 213 / 500 | Learning Rate : 0.0009045084971875828
[2025-02-22 16:08:18;INFO]Train | Loss : 0.017082 | ACC : 3360/3360 (100.000%)
[2025-02-22 16:08:21;INFO]Valid | Loss : 0.040418 | ACC : 1437/1440 (99.792%)
[2025-02-22 16:08:21;INFO]      | Loss didn't drop!

[2025-02-22 16:08:21;INFO]best epoch: 204, best loss: 0.017852
[2025-02-22 16:08:21;INFO]----------------------------------------------------------------------------------------------------

[2025-02-22 16:08:21;INFO]Current Epoch: 214 / 500 | Learning Rate : 0.0005782172325202936
[2025-02-22 16:08:39;INFO]Train | Loss : 0.014396 | ACC : 3360/3360 (100.000%)
[2025-02-22 16:08:42;INFO]Valid | Loss : 0.013978 | ACC : 1440/1440 (100.000%)
[2025-02-22 16:08:42;INFO]      | Loss dropped from 0.017852 to 0.013978, model has been saved!

[2025-02-22 16:08:42;INFO]best epoch: 214, best loss: 0.013978
[2025-02-22 16:08:42;INFO]----------------------------------------------------------------------------------------------------

[2025-02-22 16:08:42;INFO]Current Epoch: 215 / 500 | Learning Rate : 2.4471741852437895e-05
[2025-02-22 16:09:01;INFO]Train | Loss : 0.014435 | ACC : 3360/3360 (100.000%)
[2025-02-22 16:09:04;INFO]Valid | Loss : 0.047544 | ACC : 1432/1440 (99.444%)
[2025-02-22 16:09:04;INFO]      | Loss didn't drop!

[2025-02-22 16:09:04;INFO]best epoch: 214, best loss: 0.013978
[2025-02-22 16:09:04;INFO]----------------------------------------------------------------------------------------------------

[2025-02-22 16:09:04;INFO]Current Epoch: 216 / 500 | Learning Rate : 0.0008535533905950977
[2025-02-22 16:09:23;INFO]Train | Loss : 0.018541 | ACC : 3360/3360 (100.000%)
[2025-02-22 16:09:26;INFO]Valid | Loss : 0.028685 | ACC : 1440/1440 (100.000%)
[2025-02-22 16:09:26;INFO]      | Loss didn't drop!

[2025-02-22 16:09:26;INFO]best epoch: 214, best loss: 0.013978
[2025-02-22 16:09:26;INFO]----------------------------------------------------------------------------------------------------

[2025-02-22 16:09:26;INFO]Current Epoch: 217 / 500 | Learning Rate : 0.0006545084971870694
[2025-02-22 16:09:44;INFO]Train | Loss : 0.037434 | ACC : 3355/3360 (99.851%)
[2025-02-22 16:09:47;INFO]Valid | Loss : 0.025147 | ACC : 1440/1440 (100.000%)
[2025-02-22 16:09:47;INFO]      | Loss didn't drop!

[2025-02-22 16:09:47;INFO]best epoch: 214, best loss: 0.013978
[2025-02-22 16:09:47;INFO]----------------------------------------------------------------------------------------------------

[2025-02-22 16:09:47;INFO]Current Epoch: 218 / 500 | Learning Rate : 6.155829702434443e-06
[2025-02-22 16:10:06;INFO]Train | Loss : 0.027084 | ACC : 3358/3360 (99.940%)
[2025-02-22 16:10:09;INFO]Valid | Loss : 1.277907 | ACC : 954/1440 (66.250%)
[2025-02-22 16:10:09;INFO]      | Loss didn't drop!

[2025-02-22 16:10:09;INFO]best epoch: 214, best loss: 0.013978
[2025-02-22 16:10:09;INFO]----------------------------------------------------------------------------------------------------

[2025-02-22 16:10:09;INFO]Current Epoch: 219 / 500 | Learning Rate : 0.0007938926261472515
[2025-02-22 16:10:28;INFO]Train | Loss : 0.023855 | ACC : 3360/3360 (100.000%)
[2025-02-22 16:10:31;INFO]Valid | Loss : 0.318384 | ACC : 1256/1440 (87.222%)
[2025-02-22 16:10:31;INFO]      | Loss didn't drop!

[2025-02-22 16:10:31;INFO]best epoch: 214, best loss: 0.013978
[2025-02-22 16:10:31;INFO]----------------------------------------------------------------------------------------------------

[2025-02-22 16:10:31;INFO]Current Epoch: 220 / 500 | Learning Rate : 0.0007269952498697653
[2025-02-22 16:10:49;INFO]Train | Loss : 0.024697 | ACC : 3357/3360 (99.911%)
[2025-02-22 16:10:52;INFO]Valid | Loss : 0.079766 | ACC : 1418/1440 (98.472%)
[2025-02-22 16:10:52;INFO]      | Loss didn't drop!

[2025-02-22 16:10:52;INFO]best epoch: 214, best loss: 0.013978
[2025-02-22 16:10:52;INFO]----------------------------------------------------------------------------------------------------

[2025-02-22 16:10:52;INFO]Current Epoch: 221 / 500 | Learning Rate : 0.0
[2025-02-22 16:11:11;INFO]Train | Loss : 0.022041 | ACC : 3354/3360 (99.821%)
[2025-02-22 16:11:14;INFO]Valid | Loss : 4.518288 | ACC : 451/1440 (31.319%)
[2025-02-22 16:11:14;INFO]      | Loss didn't drop!

[2025-02-22 16:11:14;INFO]best epoch: 214, best loss: 0.013978
[2025-02-22 16:11:14;INFO]----------------------------------------------------------------------------------------------------

[2025-02-22 16:11:14;INFO]Current Epoch: 222 / 500 | Learning Rate : 0.0007269952498699845
[2025-02-22 16:11:33;INFO]Train | Loss : 0.022655 | ACC : 3360/3360 (100.000%)
[2025-02-22 16:11:36;INFO]Valid | Loss : 0.905688 | ACC : 1055/1440 (73.264%)
[2025-02-22 16:11:36;INFO]      | Loss didn't drop!

[2025-02-22 16:11:36;INFO]best epoch: 214, best loss: 0.013978
[2025-02-22 16:11:36;INFO]----------------------------------------------------------------------------------------------------

[2025-02-22 16:11:36;INFO]Current Epoch: 223 / 500 | Learning Rate : 0.0007938926261466967
[2025-02-22 16:11:54;INFO]Train | Loss : 0.034507 | ACC : 3357/3360 (99.911%)
[2025-02-22 16:11:57;INFO]Valid | Loss : 1.426001 | ACC : 921/1440 (63.958%)
[2025-02-22 16:11:57;INFO]      | Loss didn't drop!

[2025-02-22 16:11:57;INFO]best epoch: 214, best loss: 0.013978
[2025-02-22 16:11:57;INFO]----------------------------------------------------------------------------------------------------

[2025-02-22 16:11:57;INFO]Current Epoch: 224 / 500 | Learning Rate : 6.155829702431115e-06
[2025-02-22 16:12:16;INFO]Train | Loss : 0.017818 | ACC : 3360/3360 (100.000%)
[2025-02-22 16:12:19;INFO]Valid | Loss : 1.616609 | ACC : 964/1440 (66.944%)
[2025-02-22 16:12:19;INFO]      | Loss didn't drop!

[2025-02-22 16:12:19;INFO]best epoch: 214, best loss: 0.013978
[2025-02-22 16:12:19;INFO]----------------------------------------------------------------------------------------------------

[2025-02-22 16:12:19;INFO]Current Epoch: 225 / 500 | Learning Rate : 0.000654508497187094
[2025-02-22 16:12:38;INFO]Train | Loss : 0.014432 | ACC : 3360/3360 (100.000%)
[2025-02-22 16:12:41;INFO]Valid | Loss : 0.540268 | ACC : 1180/1440 (81.944%)
[2025-02-22 16:12:41;INFO]      | Loss didn't drop!

[2025-02-22 16:12:41;INFO]best epoch: 214, best loss: 0.013978
[2025-02-22 16:12:41;INFO]----------------------------------------------------------------------------------------------------

[2025-02-22 16:12:41;INFO]Current Epoch: 226 / 500 | Learning Rate : 0.0008535533905942619
[2025-02-22 16:12:59;INFO]Train | Loss : 0.013182 | ACC : 3360/3360 (100.000%)
[2025-02-22 16:13:02;INFO]Valid | Loss : 0.021142 | ACC : 1439/1440 (99.931%)
[2025-02-22 16:13:02;INFO]      | Loss didn't drop!

[2025-02-22 16:13:02;INFO]best epoch: 214, best loss: 0.013978
[2025-02-22 16:13:02;INFO]----------------------------------------------------------------------------------------------------

[2025-02-22 16:13:02;INFO]Current Epoch: 227 / 500 | Learning Rate : 2.4471741852457106e-05
[2025-02-22 16:13:21;INFO]Train | Loss : 0.015258 | ACC : 3359/3360 (99.970%)
[2025-02-22 16:13:24;INFO]Valid | Loss : 0.546805 | ACC : 1189/1440 (82.569%)
[2025-02-22 16:13:24;INFO]      | Loss didn't drop!

[2025-02-22 16:13:24;INFO]best epoch: 214, best loss: 0.013978
[2025-02-22 16:13:24;INFO]----------------------------------------------------------------------------------------------------

[2025-02-22 16:13:24;INFO]Current Epoch: 228 / 500 | Learning Rate : 0.0005782172325209576
[2025-02-22 16:13:43;INFO]Train | Loss : 0.019552 | ACC : 3359/3360 (99.970%)
[2025-02-22 16:13:45;INFO]Valid | Loss : 1.280116 | ACC : 1169/1440 (81.181%)
[2025-02-22 16:13:45;INFO]      | Loss didn't drop!

[2025-02-22 16:13:45;INFO]best epoch: 214, best loss: 0.013978
[2025-02-22 16:13:45;INFO]----------------------------------------------------------------------------------------------------

[2025-02-22 16:13:45;INFO]Current Epoch: 229 / 500 | Learning Rate : 0.0009045084971876861
[2025-02-22 16:14:04;INFO]Train | Loss : 0.013899 | ACC : 3360/3360 (100.000%)
[2025-02-22 16:14:07;INFO]Valid | Loss : 0.023491 | ACC : 1439/1440 (99.931%)
[2025-02-22 16:14:07;INFO]      | Loss didn't drop!

[2025-02-22 16:14:07;INFO]best epoch: 214, best loss: 0.013978
[2025-02-22 16:14:07;INFO]----------------------------------------------------------------------------------------------------

[2025-02-22 16:14:07;INFO]Current Epoch: 230 / 500 | Learning Rate : 5.4496737905832074e-05
[2025-02-22 16:14:26;INFO]Train | Loss : 0.011138 | ACC : 3360/3360 (100.000%)
[2025-02-22 16:14:29;INFO]Valid | Loss : 0.032555 | ACC : 1431/1440 (99.375%)
[2025-02-22 16:14:29;INFO]      | Loss didn't drop!

[2025-02-22 16:14:29;INFO]best epoch: 214, best loss: 0.013978
[2025-02-22 16:14:29;INFO]----------------------------------------------------------------------------------------------------

[2025-02-22 16:14:29;INFO]Current Epoch: 231 / 500 | Learning Rate : 0.000500000000000254
[2025-02-22 16:14:48;INFO]Train | Loss : 0.011290 | ACC : 3360/3360 (100.000%)
[2025-02-22 16:14:50;INFO]Valid | Loss : 0.041055 | ACC : 1437/1440 (99.792%)
[2025-02-22 16:14:50;INFO]      | Loss didn't drop!

[2025-02-22 16:14:50;INFO]best epoch: 214, best loss: 0.013978
[2025-02-22 16:14:50;INFO]----------------------------------------------------------------------------------------------------

[2025-02-22 16:14:50;INFO]Current Epoch: 232 / 500 | Learning Rate : 0.0009455032620935505
[2025-02-22 16:15:09;INFO]Train | Loss : 0.013484 | ACC : 3360/3360 (100.000%)
[2025-02-22 16:15:12;INFO]Valid | Loss : 0.015220 | ACC : 1440/1440 (100.000%)
[2025-02-22 16:15:12;INFO]      | Loss didn't drop!

[2025-02-22 16:15:12;INFO]best epoch: 214, best loss: 0.013978
[2025-02-22 16:15:12;INFO]----------------------------------------------------------------------------------------------------

[2025-02-22 16:15:12;INFO]Current Epoch: 233 / 500 | Learning Rate : 9.549150281245923e-05
[2025-02-22 16:15:31;INFO]Train | Loss : 0.016651 | ACC : 3358/3360 (99.940%)
[2025-02-22 16:15:34;INFO]Valid | Loss : 1.607849 | ACC : 1153/1440 (80.069%)
[2025-02-22 16:15:34;INFO]      | Loss didn't drop!

[2025-02-22 16:15:34;INFO]best epoch: 214, best loss: 0.013978
[2025-02-22 16:15:34;INFO]----------------------------------------------------------------------------------------------------

[2025-02-22 16:15:34;INFO]Current Epoch: 234 / 500 | Learning Rate : 0.0004217827674797421
[2025-02-22 16:15:53;INFO]Train | Loss : 0.027148 | ACC : 3356/3360 (99.881%)
[2025-02-22 16:15:55;INFO]Valid | Loss : 1.025220 | ACC : 1157/1440 (80.347%)
[2025-02-22 16:15:55;INFO]      | Loss didn't drop!

[2025-02-22 16:15:55;INFO]best epoch: 214, best loss: 0.013978
[2025-02-22 16:15:55;INFO]----------------------------------------------------------------------------------------------------

[2025-02-22 16:15:55;INFO]Current Epoch: 235 / 500 | Learning Rate : 0.0009755282581488636
[2025-02-22 16:16:14;INFO]Train | Loss : 0.031552 | ACC : 3359/3360 (99.970%)
[2025-02-22 16:16:17;INFO]Valid | Loss : 0.142638 | ACC : 1358/1440 (94.306%)
[2025-02-22 16:16:17;INFO]      | Loss didn't drop!

[2025-02-22 16:16:17;INFO]best epoch: 214, best loss: 0.013978
[2025-02-22 16:16:17;INFO]----------------------------------------------------------------------------------------------------

[2025-02-22 16:16:17;INFO]Current Epoch: 236 / 500 | Learning Rate : 0.00014644660940673664
[2025-02-22 16:16:36;INFO]Train | Loss : 0.018550 | ACC : 3359/3360 (99.970%)
[2025-02-22 16:16:39;INFO]Valid | Loss : 6.772345 | ACC : 672/1440 (46.667%)
[2025-02-22 16:16:39;INFO]      | Loss didn't drop!

[2025-02-22 16:16:39;INFO]best epoch: 214, best loss: 0.013978
[2025-02-22 16:16:39;INFO]----------------------------------------------------------------------------------------------------

[2025-02-22 16:16:39;INFO]Current Epoch: 237 / 500 | Learning Rate : 0.0003454915028126264
[2025-02-22 16:16:58;INFO]Train | Loss : 0.018457 | ACC : 3358/3360 (99.940%)
[2025-02-22 16:17:00;INFO]Valid | Loss : 0.545752 | ACC : 1248/1440 (86.667%)
[2025-02-22 16:17:00;INFO]      | Loss didn't drop!

[2025-02-22 16:17:00;INFO]best epoch: 214, best loss: 0.013978
[2025-02-22 16:17:00;INFO]----------------------------------------------------------------------------------------------------

[2025-02-22 16:17:00;INFO]Current Epoch: 238 / 500 | Learning Rate : 0.0009938441702979875
[2025-02-22 16:17:19;INFO]Train | Loss : 0.024046 | ACC : 3355/3360 (99.851%)
[2025-02-22 16:17:22;INFO]Valid | Loss : 0.042472 | ACC : 1435/1440 (99.653%)
[2025-02-22 16:17:22;INFO]      | Loss didn't drop!

[2025-02-22 16:17:22;INFO]best epoch: 214, best loss: 0.013978
[2025-02-22 16:17:22;INFO]----------------------------------------------------------------------------------------------------

[2025-02-22 16:17:22;INFO]Current Epoch: 239 / 500 | Learning Rate : 0.0002061073738538749
[2025-02-22 16:17:41;INFO]Train | Loss : 0.021033 | ACC : 3359/3360 (99.970%)
[2025-02-22 16:17:44;INFO]Valid | Loss : 0.476445 | ACC : 1240/1440 (86.111%)
[2025-02-22 16:17:44;INFO]      | Loss didn't drop!

[2025-02-22 16:17:44;INFO]best epoch: 214, best loss: 0.013978
[2025-02-22 16:17:44;INFO]----------------------------------------------------------------------------------------------------

[2025-02-22 16:17:44;INFO]Current Epoch: 240 / 500 | Learning Rate : 0.0002730047501304841
[2025-02-22 16:18:03;INFO]Train | Loss : 0.012353 | ACC : 3360/3360 (100.000%)
[2025-02-22 16:18:05;INFO]Valid | Loss : 1.129134 | ACC : 882/1440 (61.250%)
[2025-02-22 16:18:05;INFO]      | Loss didn't drop!

[2025-02-22 16:18:05;INFO]best epoch: 214, best loss: 0.013978
[2025-02-22 16:18:05;INFO]----------------------------------------------------------------------------------------------------

[2025-02-22 16:18:05;INFO]Current Epoch: 241 / 500 | Learning Rate : 0.0009999999999995403
[2025-02-22 16:18:24;INFO]Train | Loss : 0.011786 | ACC : 3360/3360 (100.000%)
[2025-02-22 16:18:27;INFO]Valid | Loss : 0.011175 | ACC : 1440/1440 (100.000%)
[2025-02-22 16:18:27;INFO]      | Loss dropped from 0.013978 to 0.011175, model has been saved!

[2025-02-22 16:18:27;INFO]best epoch: 241, best loss: 0.011175
[2025-02-22 16:18:27;INFO]----------------------------------------------------------------------------------------------------

[2025-02-22 16:18:27;INFO]Current Epoch: 242 / 500 | Learning Rate : 0.00027300475013061174
[2025-02-22 16:18:46;INFO]Train | Loss : 0.026246 | ACC : 3355/3360 (99.851%)
[2025-02-22 16:18:49;INFO]Valid | Loss : 0.520463 | ACC : 1110/1440 (77.083%)
[2025-02-22 16:18:49;INFO]      | Loss didn't drop!

[2025-02-22 16:18:49;INFO]best epoch: 241, best loss: 0.011175
[2025-02-22 16:18:49;INFO]----------------------------------------------------------------------------------------------------

[2025-02-22 16:18:49;INFO]Current Epoch: 243 / 500 | Learning Rate : 0.00020610737385400895
[2025-02-22 16:19:08;INFO]Train | Loss : 0.016733 | ACC : 3360/3360 (100.000%)
[2025-02-22 16:19:10;INFO]Valid | Loss : 1.158556 | ACC : 1148/1440 (79.722%)
[2025-02-22 16:19:10;INFO]      | Loss didn't drop!

[2025-02-22 16:19:10;INFO]best epoch: 241, best loss: 0.011175
[2025-02-22 16:19:10;INFO]----------------------------------------------------------------------------------------------------

[2025-02-22 16:19:10;INFO]Current Epoch: 244 / 500 | Learning Rate : 0.0009938441702990939
[2025-02-22 16:19:29;INFO]Train | Loss : 0.012736 | ACC : 3360/3360 (100.000%)
[2025-02-22 16:19:32;INFO]Valid | Loss : 0.019741 | ACC : 1439/1440 (99.931%)
[2025-02-22 16:19:32;INFO]      | Loss didn't drop!

[2025-02-22 16:19:32;INFO]best epoch: 241, best loss: 0.011175
[2025-02-22 16:19:32;INFO]----------------------------------------------------------------------------------------------------

[2025-02-22 16:19:32;INFO]Current Epoch: 245 / 500 | Learning Rate : 0.00034549150281211813
[2025-02-22 16:19:51;INFO]Train | Loss : 0.013204 | ACC : 3360/3360 (100.000%)
[2025-02-22 16:19:54;INFO]Valid | Loss : 1.032967 | ACC : 1032/1440 (71.667%)
[2025-02-22 16:19:54;INFO]      | Loss didn't drop!

[2025-02-22 16:19:54;INFO]best epoch: 241, best loss: 0.011175
[2025-02-22 16:19:54;INFO]----------------------------------------------------------------------------------------------------

[2025-02-22 16:19:54;INFO]Current Epoch: 246 / 500 | Learning Rate : 0.00014644660940653218
[2025-02-22 16:20:12;INFO]Train | Loss : 0.013010 | ACC : 3360/3360 (100.000%)
[2025-02-22 16:20:15;INFO]Valid | Loss : 0.388999 | ACC : 1239/1440 (86.042%)
[2025-02-22 16:20:15;INFO]      | Loss didn't drop!

[2025-02-22 16:20:15;INFO]best epoch: 241, best loss: 0.011175
[2025-02-22 16:20:15;INFO]----------------------------------------------------------------------------------------------------

[2025-02-22 16:20:15;INFO]Current Epoch: 247 / 500 | Learning Rate : 0.0009755282581496018
[2025-02-22 16:20:34;INFO]Train | Loss : 0.021519 | ACC : 3354/3360 (99.821%)
[2025-02-22 16:20:37;INFO]Valid | Loss : 0.712070 | ACC : 1156/1440 (80.278%)
[2025-02-22 16:20:37;INFO]      | Loss didn't drop!

[2025-02-22 16:20:37;INFO]best epoch: 241, best loss: 0.011175
[2025-02-22 16:20:37;INFO]----------------------------------------------------------------------------------------------------

[2025-02-22 16:20:37;INFO]Current Epoch: 248 / 500 | Learning Rate : 0.0004217827674796564
[2025-02-22 16:20:56;INFO]Train | Loss : 0.018448 | ACC : 3360/3360 (100.000%)
[2025-02-22 16:20:58;INFO]Valid | Loss : 0.125456 | ACC : 1374/1440 (95.417%)
[2025-02-22 16:20:58;INFO]      | Loss didn't drop!

[2025-02-22 16:20:58;INFO]best epoch: 241, best loss: 0.011175
[2025-02-22 16:20:58;INFO]----------------------------------------------------------------------------------------------------

[2025-02-22 16:20:58;INFO]Current Epoch: 249 / 500 | Learning Rate : 9.549150281249383e-05
[2025-02-22 16:21:17;INFO]Train | Loss : 0.016013 | ACC : 3359/3360 (99.970%)
[2025-02-22 16:21:20;INFO]Valid | Loss : 0.573549 | ACC : 1145/1440 (79.514%)
[2025-02-22 16:21:20;INFO]      | Loss didn't drop!

[2025-02-22 16:21:20;INFO]best epoch: 241, best loss: 0.011175
[2025-02-22 16:21:20;INFO]----------------------------------------------------------------------------------------------------

[2025-02-22 16:21:20;INFO]Current Epoch: 250 / 500 | Learning Rate : 0.0009455032620939634
[2025-02-22 16:21:39;INFO]Train | Loss : 0.040857 | ACC : 3352/3360 (99.762%)
[2025-02-22 16:21:42;INFO]Valid | Loss : 1.142310 | ACC : 1002/1440 (69.583%)
[2025-02-22 16:21:42;INFO]      | Loss didn't drop!

[2025-02-22 16:21:42;INFO]best epoch: 241, best loss: 0.011175
[2025-02-22 16:21:42;INFO]----------------------------------------------------------------------------------------------------

[2025-02-22 16:21:42;INFO]Current Epoch: 251 / 500 | Learning Rate : 0.0005000000000000328
[2025-02-22 16:22:01;INFO]Train | Loss : 0.046918 | ACC : 3352/3360 (99.762%)
[2025-02-22 16:22:03;INFO]Valid | Loss : 0.654724 | ACC : 1102/1440 (76.528%)
[2025-02-22 16:22:03;INFO]      | Loss didn't drop!

[2025-02-22 16:22:03;INFO]best epoch: 241, best loss: 0.011175
[2025-02-22 16:22:03;INFO]----------------------------------------------------------------------------------------------------

[2025-02-22 16:22:03;INFO]Current Epoch: 252 / 500 | Learning Rate : 5.4496737905816116e-05
[2025-02-22 16:22:22;INFO]Train | Loss : 0.024589 | ACC : 3358/3360 (99.940%)
[2025-02-22 16:22:25;INFO]Valid | Loss : 1.046168 | ACC : 875/1440 (60.764%)
[2025-02-22 16:22:25;INFO]      | Loss didn't drop!

[2025-02-22 16:22:25;INFO]best epoch: 241, best loss: 0.011175
[2025-02-22 16:22:25;INFO]----------------------------------------------------------------------------------------------------

[2025-02-22 16:22:25;INFO]Current Epoch: 253 / 500 | Learning Rate : 0.0009045084971877499
[2025-02-22 16:22:44;INFO]Train | Loss : 0.032543 | ACC : 3350/3360 (99.702%)
[2025-02-22 16:22:47;INFO]Valid | Loss : 0.763364 | ACC : 1236/1440 (85.833%)
[2025-02-22 16:22:47;INFO]      | Loss didn't drop!

[2025-02-22 16:22:47;INFO]best epoch: 241, best loss: 0.011175
[2025-02-22 16:22:47;INFO]----------------------------------------------------------------------------------------------------

[2025-02-22 16:22:47;INFO]Current Epoch: 254 / 500 | Learning Rate : 0.0005782172325203861
[2025-02-22 16:23:06;INFO]Train | Loss : 0.019628 | ACC : 3358/3360 (99.940%)
[2025-02-22 16:23:08;INFO]Valid | Loss : 0.019174 | ACC : 1440/1440 (100.000%)
[2025-02-22 16:23:08;INFO]      | Loss didn't drop!

[2025-02-22 16:23:08;INFO]best epoch: 241, best loss: 0.011175
[2025-02-22 16:23:08;INFO]----------------------------------------------------------------------------------------------------

[2025-02-22 16:23:08;INFO]Current Epoch: 255 / 500 | Learning Rate : 2.4471741852461778e-05
[2025-02-22 16:23:27;INFO]Train | Loss : 0.017618 | ACC : 3358/3360 (99.940%)
[2025-02-22 16:23:30;INFO]Valid | Loss : 0.766638 | ACC : 1112/1440 (77.222%)
[2025-02-22 16:23:30;INFO]      | Loss didn't drop!

[2025-02-22 16:23:30;INFO]best epoch: 241, best loss: 0.011175
[2025-02-22 16:23:30;INFO]----------------------------------------------------------------------------------------------------

[2025-02-22 16:23:30;INFO]Current Epoch: 256 / 500 | Learning Rate : 0.0008535533905939854
[2025-02-22 16:23:49;INFO]Train | Loss : 0.011356 | ACC : 3360/3360 (100.000%)
[2025-02-22 16:23:52;INFO]Valid | Loss : 0.330701 | ACC : 1247/1440 (86.597%)
[2025-02-22 16:23:52;INFO]      | Loss didn't drop!

[2025-02-22 16:23:52;INFO]best epoch: 241, best loss: 0.011175
[2025-02-22 16:23:52;INFO]----------------------------------------------------------------------------------------------------

[2025-02-22 16:23:52;INFO]Current Epoch: 257 / 500 | Learning Rate : 0.0006545084971881796
[2025-02-22 16:24:11;INFO]Train | Loss : 0.009869 | ACC : 3360/3360 (100.000%)
[2025-02-22 16:24:13;INFO]Valid | Loss : 0.019578 | ACC : 1439/1440 (99.931%)
[2025-02-22 16:24:13;INFO]      | Loss didn't drop!

[2025-02-22 16:24:13;INFO]best epoch: 241, best loss: 0.011175
[2025-02-22 16:24:13;INFO]----------------------------------------------------------------------------------------------------

[2025-02-22 16:24:13;INFO]Current Epoch: 258 / 500 | Learning Rate : 6.155829702445545e-06
[2025-02-22 16:24:32;INFO]Train | Loss : 0.010518 | ACC : 3359/3360 (99.970%)
[2025-02-22 16:24:35;INFO]Valid | Loss : 0.081781 | ACC : 1408/1440 (97.778%)
[2025-02-22 16:24:35;INFO]      | Loss didn't drop!

[2025-02-22 16:24:35;INFO]best epoch: 241, best loss: 0.011175
[2025-02-22 16:24:35;INFO]----------------------------------------------------------------------------------------------------

[2025-02-22 16:24:35;INFO]Current Epoch: 259 / 500 | Learning Rate : 0.0007938926261473928
[2025-02-22 16:24:54;INFO]Train | Loss : 0.018141 | ACC : 3358/3360 (99.940%)
[2025-02-22 16:24:57;INFO]Valid | Loss : 0.052820 | ACC : 1436/1440 (99.722%)
[2025-02-22 16:24:57;INFO]      | Loss didn't drop!

[2025-02-22 16:24:57;INFO]best epoch: 241, best loss: 0.011175
[2025-02-22 16:24:57;INFO]----------------------------------------------------------------------------------------------------

[2025-02-22 16:24:57;INFO]Current Epoch: 260 / 500 | Learning Rate : 0.0007269952498708882
[2025-02-22 16:25:16;INFO]Train | Loss : 0.016696 | ACC : 3359/3360 (99.970%)
[2025-02-22 16:25:18;INFO]Valid | Loss : 0.011870 | ACC : 1440/1440 (100.000%)
[2025-02-22 16:25:18;INFO]      | Loss didn't drop!

[2025-02-22 16:25:18;INFO]best epoch: 241, best loss: 0.011175
[2025-02-22 16:25:18;INFO]----------------------------------------------------------------------------------------------------

[2025-02-22 16:25:18;INFO]Current Epoch: 261 / 500 | Learning Rate : 0.0
[2025-02-22 16:25:37;INFO]Train | Loss : 0.011400 | ACC : 3360/3360 (100.000%)
[2025-02-22 16:25:40;INFO]Valid | Loss : 7.958617 | ACC : 365/1440 (25.347%)
[2025-02-22 16:25:40;INFO]      | Loss didn't drop!

[2025-02-22 16:25:40;INFO]best epoch: 241, best loss: 0.011175
[2025-02-22 16:25:40;INFO]----------------------------------------------------------------------------------------------------

[2025-02-22 16:25:40;INFO]Current Epoch: 262 / 500 | Learning Rate : 0.0007269952498691171
[2025-02-22 16:25:59;INFO]Train | Loss : 0.027510 | ACC : 3349/3360 (99.673%)
[2025-02-22 16:26:02;INFO]Valid | Loss : 13.115941 | ACC : 443/1440 (30.764%)
[2025-02-22 16:26:02;INFO]      | Loss didn't drop!

[2025-02-22 16:26:02;INFO]best epoch: 241, best loss: 0.011175
[2025-02-22 16:26:02;INFO]----------------------------------------------------------------------------------------------------

[2025-02-22 16:26:02;INFO]Current Epoch: 263 / 500 | Learning Rate : 0.0007938926261480181
[2025-02-22 16:26:20;INFO]Train | Loss : 0.052837 | ACC : 3345/3360 (99.554%)
[2025-02-22 16:26:23;INFO]Valid | Loss : 0.480808 | ACC : 1135/1440 (78.819%)
[2025-02-22 16:26:23;INFO]      | Loss didn't drop!

[2025-02-22 16:26:23;INFO]best epoch: 241, best loss: 0.011175
[2025-02-22 16:26:23;INFO]----------------------------------------------------------------------------------------------------

[2025-02-22 16:26:23;INFO]Current Epoch: 264 / 500 | Learning Rate : 6.155829702431115e-06
[2025-02-22 16:26:42;INFO]Train | Loss : 0.021392 | ACC : 3360/3360 (100.000%)
[2025-02-22 16:26:45;INFO]Valid | Loss : 0.127805 | ACC : 1376/1440 (95.556%)
[2025-02-22 16:26:45;INFO]      | Loss didn't drop!

[2025-02-22 16:26:45;INFO]best epoch: 241, best loss: 0.011175
[2025-02-22 16:26:45;INFO]----------------------------------------------------------------------------------------------------

[2025-02-22 16:26:45;INFO]Current Epoch: 265 / 500 | Learning Rate : 0.0006545084971872127
[2025-02-22 16:27:04;INFO]Train | Loss : 0.020211 | ACC : 3359/3360 (99.970%)
[2025-02-22 16:27:06;INFO]Valid | Loss : 0.781679 | ACC : 1173/1440 (81.458%)
[2025-02-22 16:27:06;INFO]      | Loss didn't drop!

[2025-02-22 16:27:06;INFO]best epoch: 241, best loss: 0.011175
[2025-02-22 16:27:06;INFO]----------------------------------------------------------------------------------------------------

[2025-02-22 16:27:06;INFO]Current Epoch: 266 / 500 | Learning Rate : 0.0008535533905931309
[2025-02-22 16:27:25;INFO]Train | Loss : 0.036554 | ACC : 3351/3360 (99.732%)
[2025-02-22 16:27:28;INFO]Valid | Loss : 0.032516 | ACC : 1435/1440 (99.653%)
[2025-02-22 16:27:28;INFO]      | Loss didn't drop!

[2025-02-22 16:27:28;INFO]best epoch: 241, best loss: 0.011175
[2025-02-22 16:27:28;INFO]----------------------------------------------------------------------------------------------------

[2025-02-22 16:27:28;INFO]Current Epoch: 267 / 500 | Learning Rate : 2.4471741852441422e-05
[2025-02-22 16:27:47;INFO]Train | Loss : 0.023268 | ACC : 3358/3360 (99.940%)
[2025-02-22 16:27:50;INFO]Valid | Loss : 8.748434 | ACC : 318/1440 (22.083%)
[2025-02-22 16:27:50;INFO]      | Loss didn't drop!

[2025-02-22 16:27:50;INFO]best epoch: 241, best loss: 0.011175
[2025-02-22 16:27:50;INFO]----------------------------------------------------------------------------------------------------

[2025-02-22 16:27:50;INFO]Current Epoch: 268 / 500 | Learning Rate : 0.0005782172325201734
[2025-02-22 16:28:09;INFO]Train | Loss : 0.018122 | ACC : 3360/3360 (100.000%)
[2025-02-22 16:28:11;INFO]Valid | Loss : 1.975909 | ACC : 1058/1440 (73.472%)
[2025-02-22 16:28:11;INFO]      | Loss didn't drop!

[2025-02-22 16:28:11;INFO]best epoch: 241, best loss: 0.011175
[2025-02-22 16:28:11;INFO]----------------------------------------------------------------------------------------------------

[2025-02-22 16:28:11;INFO]Current Epoch: 269 / 500 | Learning Rate : 0.0009045084971878449
[2025-02-22 16:28:30;INFO]Train | Loss : 0.015761 | ACC : 3360/3360 (100.000%)
[2025-02-22 16:28:33;INFO]Valid | Loss : 0.017595 | ACC : 1440/1440 (100.000%)
[2025-02-22 16:28:33;INFO]      | Loss didn't drop!

[2025-02-22 16:28:33;INFO]best epoch: 241, best loss: 0.011175
[2025-02-22 16:28:33;INFO]----------------------------------------------------------------------------------------------------

[2025-02-22 16:28:33;INFO]Current Epoch: 270 / 500 | Learning Rate : 5.44967379058383e-05
[2025-02-22 16:28:52;INFO]Train | Loss : 0.010522 | ACC : 3360/3360 (100.000%)
[2025-02-22 16:28:55;INFO]Valid | Loss : 0.134119 | ACC : 1373/1440 (95.347%)
[2025-02-22 16:28:55;INFO]      | Loss didn't drop!

[2025-02-22 16:28:55;INFO]best epoch: 241, best loss: 0.011175
[2025-02-22 16:28:55;INFO]----------------------------------------------------------------------------------------------------

[2025-02-22 16:28:55;INFO]Current Epoch: 271 / 500 | Learning Rate : 0.0005000000000004031
[2025-02-22 16:29:14;INFO]Train | Loss : 0.008310 | ACC : 3360/3360 (100.000%)
[2025-02-22 16:29:16;INFO]Valid | Loss : 0.035484 | ACC : 1435/1440 (99.653%)
[2025-02-22 16:29:16;INFO]      | Loss didn't drop!

[2025-02-22 16:29:16;INFO]best epoch: 241, best loss: 0.011175
[2025-02-22 16:29:16;INFO]----------------------------------------------------------------------------------------------------

[2025-02-22 16:29:16;INFO]Current Epoch: 272 / 500 | Learning Rate : 0.0009455032620950994
[2025-02-22 16:29:35;INFO]Train | Loss : 0.009917 | ACC : 3360/3360 (100.000%)
[2025-02-22 16:29:38;INFO]Valid | Loss : 0.009834 | ACC : 1440/1440 (100.000%)
[2025-02-22 16:29:38;INFO]      | Loss dropped from 0.011175 to 0.009834, model has been saved!

[2025-02-22 16:29:38;INFO]best epoch: 272, best loss: 0.009834
[2025-02-22 16:29:38;INFO]----------------------------------------------------------------------------------------------------

[2025-02-22 16:29:38;INFO]Current Epoch: 273 / 500 | Learning Rate : 9.549150281264358e-05
[2025-02-22 16:29:57;INFO]Train | Loss : 0.010943 | ACC : 3360/3360 (100.000%)
[2025-02-22 16:30:00;INFO]Valid | Loss : 0.108957 | ACC : 1386/1440 (96.250%)
[2025-02-22 16:30:00;INFO]      | Loss didn't drop!

[2025-02-22 16:30:00;INFO]best epoch: 272, best loss: 0.009834
[2025-02-22 16:30:00;INFO]----------------------------------------------------------------------------------------------------

[2025-02-22 16:30:00;INFO]Current Epoch: 274 / 500 | Learning Rate : 0.00042178276748043353
[2025-02-22 16:30:18;INFO]Train | Loss : 0.034360 | ACC : 3354/3360 (99.821%)
[2025-02-22 16:30:21;INFO]Valid | Loss : 10.353334 | ACC : 333/1440 (23.125%)
[2025-02-22 16:30:21;INFO]      | Loss didn't drop!

[2025-02-22 16:30:21;INFO]best epoch: 272, best loss: 0.009834
[2025-02-22 16:30:21;INFO]----------------------------------------------------------------------------------------------------

[2025-02-22 16:30:21;INFO]Current Epoch: 275 / 500 | Learning Rate : 0.0009755282581490291
[2025-02-22 16:30:40;INFO]Train | Loss : 0.086079 | ACC : 3327/3360 (99.018%)
[2025-02-22 16:30:43;INFO]Valid | Loss : 0.145224 | ACC : 1386/1440 (96.250%)
[2025-02-22 16:30:43;INFO]      | Loss didn't drop!

[2025-02-22 16:30:43;INFO]best epoch: 272, best loss: 0.009834
[2025-02-22 16:30:43;INFO]----------------------------------------------------------------------------------------------------

[2025-02-22 16:30:43;INFO]Current Epoch: 276 / 500 | Learning Rate : 0.00014644660940650532
[2025-02-22 16:31:02;INFO]Train | Loss : 0.031428 | ACC : 3358/3360 (99.940%)
[2025-02-22 16:31:04;INFO]Valid | Loss : 0.591238 | ACC : 1204/1440 (83.611%)
[2025-02-22 16:31:04;INFO]      | Loss didn't drop!

[2025-02-22 16:31:04;INFO]best epoch: 272, best loss: 0.009834
[2025-02-22 16:31:04;INFO]----------------------------------------------------------------------------------------------------

[2025-02-22 16:31:04;INFO]Current Epoch: 277 / 500 | Learning Rate : 0.0003454915028121395
[2025-02-22 16:31:23;INFO]Train | Loss : 0.019181 | ACC : 3359/3360 (99.970%)
[2025-02-22 16:31:26;INFO]Valid | Loss : 0.195483 | ACC : 1332/1440 (92.500%)
[2025-02-22 16:31:26;INFO]      | Loss didn't drop!

[2025-02-22 16:31:26;INFO]best epoch: 272, best loss: 0.009834
[2025-02-22 16:31:26;INFO]----------------------------------------------------------------------------------------------------

[2025-02-22 16:31:26;INFO]Current Epoch: 278 / 500 | Learning Rate : 0.0009938441702967405
[2025-02-22 16:31:45;INFO]Train | Loss : 0.015462 | ACC : 3360/3360 (100.000%)
[2025-02-22 16:31:48;INFO]Valid | Loss : 0.012910 | ACC : 1440/1440 (100.000%)
[2025-02-22 16:31:48;INFO]      | Loss didn't drop!

[2025-02-22 16:31:48;INFO]best epoch: 272, best loss: 0.009834
[2025-02-22 16:31:48;INFO]----------------------------------------------------------------------------------------------------

[2025-02-22 16:31:48;INFO]Current Epoch: 279 / 500 | Learning Rate : 0.0002061073738542021
[2025-02-22 16:32:07;INFO]Train | Loss : 0.016137 | ACC : 3359/3360 (99.970%)
[2025-02-22 16:32:09;INFO]Valid | Loss : 0.062627 | ACC : 1405/1440 (97.569%)
[2025-02-22 16:32:09;INFO]      | Loss didn't drop!

[2025-02-22 16:32:09;INFO]best epoch: 272, best loss: 0.009834
[2025-02-22 16:32:09;INFO]----------------------------------------------------------------------------------------------------

[2025-02-22 16:32:09;INFO]Current Epoch: 280 / 500 | Learning Rate : 0.00027300475013093114
[2025-02-22 16:32:28;INFO]Train | Loss : 0.013597 | ACC : 3358/3360 (99.940%)
[2025-02-22 16:32:31;INFO]Valid | Loss : 0.145401 | ACC : 1363/1440 (94.653%)
[2025-02-22 16:32:31;INFO]      | Loss didn't drop!

[2025-02-22 16:32:31;INFO]best epoch: 272, best loss: 0.009834
[2025-02-22 16:32:31;INFO]----------------------------------------------------------------------------------------------------

[2025-02-22 16:32:31;INFO]Current Epoch: 281 / 500 | Learning Rate : 0.0009999999999997112
[2025-02-22 16:32:50;INFO]Train | Loss : 0.015351 | ACC : 3360/3360 (100.000%)
[2025-02-22 16:32:53;INFO]Valid | Loss : 0.013196 | ACC : 1440/1440 (100.000%)
[2025-02-22 16:32:53;INFO]      | Loss didn't drop!

[2025-02-22 16:32:53;INFO]best epoch: 272, best loss: 0.009834
[2025-02-22 16:32:53;INFO]----------------------------------------------------------------------------------------------------

[2025-02-22 16:32:53;INFO]Current Epoch: 282 / 500 | Learning Rate : 0.0002730047501302078
[2025-02-22 16:33:12;INFO]Train | Loss : 0.013799 | ACC : 3360/3360 (100.000%)
[2025-02-22 16:33:14;INFO]Valid | Loss : 0.029295 | ACC : 1436/1440 (99.722%)
[2025-02-22 16:33:14;INFO]      | Loss didn't drop!

[2025-02-22 16:33:14;INFO]best epoch: 272, best loss: 0.009834
[2025-02-22 16:33:14;INFO]----------------------------------------------------------------------------------------------------

[2025-02-22 16:33:14;INFO]Current Epoch: 283 / 500 | Learning Rate : 0.00020610737385379842
[2025-02-22 16:33:33;INFO]Train | Loss : 0.040546 | ACC : 3349/3360 (99.673%)
[2025-02-22 16:33:36;INFO]Valid | Loss : 2.506475 | ACC : 706/1440 (49.028%)
[2025-02-22 16:33:36;INFO]      | Loss didn't drop!

[2025-02-22 16:33:36;INFO]best epoch: 272, best loss: 0.009834
[2025-02-22 16:33:36;INFO]----------------------------------------------------------------------------------------------------

[2025-02-22 16:33:36;INFO]Current Epoch: 284 / 500 | Learning Rate : 0.0009938441702978227
[2025-02-22 16:33:55;INFO]Train | Loss : 0.131637 | ACC : 3278/3360 (97.560%)
[2025-02-22 16:33:58;INFO]Valid | Loss : 0.701784 | ACC : 1073/1440 (74.514%)
[2025-02-22 16:33:58;INFO]      | Loss didn't drop!

[2025-02-22 16:33:58;INFO]best epoch: 272, best loss: 0.009834
[2025-02-22 16:33:58;INFO]----------------------------------------------------------------------------------------------------

[2025-02-22 16:33:58;INFO]Current Epoch: 285 / 500 | Learning Rate : 0.00034549150281272333
[2025-02-22 16:34:17;INFO]Train | Loss : 0.042860 | ACC : 3355/3360 (99.851%)
[2025-02-22 16:34:19;INFO]Valid | Loss : 0.525946 | ACC : 1140/1440 (79.167%)
[2025-02-22 16:34:19;INFO]      | Loss didn't drop!

[2025-02-22 16:34:19;INFO]best epoch: 272, best loss: 0.009834
[2025-02-22 16:34:19;INFO]----------------------------------------------------------------------------------------------------

[2025-02-22 16:34:19;INFO]Current Epoch: 286 / 500 | Learning Rate : 0.00014644660940681361
[2025-02-22 16:34:38;INFO]Train | Loss : 0.014986 | ACC : 3360/3360 (100.000%)
[2025-02-22 16:34:41;INFO]Valid | Loss : 0.149072 | ACC : 1367/1440 (94.931%)
[2025-02-22 16:34:41;INFO]      | Loss didn't drop!

[2025-02-22 16:34:41;INFO]best epoch: 272, best loss: 0.009834
[2025-02-22 16:34:41;INFO]----------------------------------------------------------------------------------------------------

[2025-02-22 16:34:41;INFO]Current Epoch: 287 / 500 | Learning Rate : 0.0009755282581483808
[2025-02-22 16:35:00;INFO]Train | Loss : 0.012534 | ACC : 3360/3360 (100.000%)
[2025-02-22 16:35:03;INFO]Valid | Loss : 0.008658 | ACC : 1440/1440 (100.000%)
[2025-02-22 16:35:03;INFO]      | Loss dropped from 0.009834 to 0.008658, model has been saved!

[2025-02-22 16:35:03;INFO]best epoch: 287, best loss: 0.008658
[2025-02-22 16:35:03;INFO]----------------------------------------------------------------------------------------------------

[2025-02-22 16:35:03;INFO]Current Epoch: 288 / 500 | Learning Rate : 0.00042178276748038637
[2025-02-22 16:35:22;INFO]Train | Loss : 0.011657 | ACC : 3360/3360 (100.000%)
[2025-02-22 16:35:24;INFO]Valid | Loss : 0.010185 | ACC : 1440/1440 (100.000%)
[2025-02-22 16:35:24;INFO]      | Loss didn't drop!

[2025-02-22 16:35:24;INFO]best epoch: 287, best loss: 0.008658
[2025-02-22 16:35:24;INFO]----------------------------------------------------------------------------------------------------

[2025-02-22 16:35:24;INFO]Current Epoch: 289 / 500 | Learning Rate : 9.549150281261854e-05
[2025-02-22 16:35:43;INFO]Train | Loss : 0.010336 | ACC : 3360/3360 (100.000%)
[2025-02-22 16:35:46;INFO]Valid | Loss : 0.038153 | ACC : 1438/1440 (99.861%)
[2025-02-22 16:35:46;INFO]      | Loss didn't drop!

[2025-02-22 16:35:46;INFO]best epoch: 287, best loss: 0.008658
[2025-02-22 16:35:46;INFO]----------------------------------------------------------------------------------------------------

[2025-02-22 16:35:46;INFO]Current Epoch: 290 / 500 | Learning Rate : 0.0009455032620954754
[2025-02-22 16:36:05;INFO]Train | Loss : 0.012771 | ACC : 3360/3360 (100.000%)
[2025-02-22 16:36:08;INFO]Valid | Loss : 0.009243 | ACC : 1440/1440 (100.000%)
[2025-02-22 16:36:08;INFO]      | Loss didn't drop!

[2025-02-22 16:36:08;INFO]best epoch: 287, best loss: 0.008658
[2025-02-22 16:36:08;INFO]----------------------------------------------------------------------------------------------------

[2025-02-22 16:36:08;INFO]Current Epoch: 291 / 500 | Learning Rate : 0.0005000000000007807
[2025-02-22 16:36:26;INFO]Train | Loss : 0.012068 | ACC : 3359/3360 (99.970%)
[2025-02-22 16:36:29;INFO]Valid | Loss : 0.020357 | ACC : 1440/1440 (100.000%)
[2025-02-22 16:36:29;INFO]      | Loss didn't drop!

[2025-02-22 16:36:29;INFO]best epoch: 287, best loss: 0.008658
[2025-02-22 16:36:29;INFO]----------------------------------------------------------------------------------------------------

[2025-02-22 16:36:29;INFO]Current Epoch: 292 / 500 | Learning Rate : 5.449673790593347e-05
[2025-02-22 16:36:48;INFO]Train | Loss : 0.010718 | ACC : 3360/3360 (100.000%)
[2025-02-22 16:36:51;INFO]Valid | Loss : 0.103902 | ACC : 1401/1440 (97.292%)
[2025-02-22 16:36:51;INFO]      | Loss didn't drop!

[2025-02-22 16:36:51;INFO]best epoch: 287, best loss: 0.008658
[2025-02-22 16:36:51;INFO]----------------------------------------------------------------------------------------------------

[2025-02-22 16:36:51;INFO]Current Epoch: 293 / 500 | Learning Rate : 0.0009045084971865707
[2025-02-22 16:37:10;INFO]Train | Loss : 0.009169 | ACC : 3360/3360 (100.000%)
[2025-02-22 16:37:12;INFO]Valid | Loss : 0.006430 | ACC : 1440/1440 (100.000%)
[2025-02-22 16:37:12;INFO]      | Loss dropped from 0.008658 to 0.006430, model has been saved!

[2025-02-22 16:37:12;INFO]best epoch: 293, best loss: 0.006430
[2025-02-22 16:37:12;INFO]----------------------------------------------------------------------------------------------------

[2025-02-22 16:37:12;INFO]Current Epoch: 294 / 500 | Learning Rate : 0.0005782172325197002
[2025-02-22 16:37:31;INFO]Train | Loss : 0.008258 | ACC : 3360/3360 (100.000%)
[2025-02-22 16:37:34;INFO]Valid | Loss : 0.028462 | ACC : 1438/1440 (99.861%)
[2025-02-22 16:37:34;INFO]      | Loss didn't drop!

[2025-02-22 16:37:34;INFO]best epoch: 293, best loss: 0.006430
[2025-02-22 16:37:34;INFO]----------------------------------------------------------------------------------------------------

[2025-02-22 16:37:34;INFO]Current Epoch: 295 / 500 | Learning Rate : 2.4471741852415246e-05
[2025-02-22 16:37:53;INFO]Train | Loss : 0.008479 | ACC : 3360/3360 (100.000%)
[2025-02-22 16:37:56;INFO]Valid | Loss : 0.025750 | ACC : 1438/1440 (99.861%)
[2025-02-22 16:37:56;INFO]      | Loss didn't drop!

[2025-02-22 16:37:56;INFO]best epoch: 293, best loss: 0.006430
[2025-02-22 16:37:56;INFO]----------------------------------------------------------------------------------------------------

[2025-02-22 16:37:56;INFO]Current Epoch: 296 / 500 | Learning Rate : 0.0008535533905954085
[2025-02-22 16:38:15;INFO]Train | Loss : 0.007278 | ACC : 3360/3360 (100.000%)
[2025-02-22 16:38:17;INFO]Valid | Loss : 0.006267 | ACC : 1440/1440 (100.000%)
[2025-02-22 16:38:17;INFO]      | Loss dropped from 0.006430 to 0.006267, model has been saved!

[2025-02-22 16:38:17;INFO]best epoch: 296, best loss: 0.006267
[2025-02-22 16:38:17;INFO]----------------------------------------------------------------------------------------------------

[2025-02-22 16:38:17;INFO]Current Epoch: 297 / 500 | Learning Rate : 0.0006545084971872869
[2025-02-22 16:38:36;INFO]Train | Loss : 0.008415 | ACC : 3360/3360 (100.000%)
[2025-02-22 16:38:39;INFO]Valid | Loss : 0.009136 | ACC : 1440/1440 (100.000%)
[2025-02-22 16:38:39;INFO]      | Loss didn't drop!

[2025-02-22 16:38:39;INFO]best epoch: 296, best loss: 0.006267
[2025-02-22 16:38:39;INFO]----------------------------------------------------------------------------------------------------

[2025-02-22 16:38:39;INFO]Current Epoch: 298 / 500 | Learning Rate : 6.155829702429897e-06
[2025-02-22 16:38:58;INFO]Train | Loss : 0.020008 | ACC : 3354/3360 (99.821%)
[2025-02-22 16:39:01;INFO]Valid | Loss : 2.492135 | ACC : 861/1440 (59.792%)
[2025-02-22 16:39:01;INFO]      | Loss didn't drop!

[2025-02-22 16:39:01;INFO]best epoch: 296, best loss: 0.006267
[2025-02-22 16:39:01;INFO]----------------------------------------------------------------------------------------------------

[2025-02-22 16:39:01;INFO]Current Epoch: 299 / 500 | Learning Rate : 0.0007938926261463435
[2025-02-22 16:39:20;INFO]Train | Loss : 0.040699 | ACC : 3342/3360 (99.464%)
[2025-02-22 16:39:22;INFO]Valid | Loss : 3.263420 | ACC : 847/1440 (58.819%)
[2025-02-22 16:39:22;INFO]      | Loss didn't drop!

[2025-02-22 16:39:22;INFO]best epoch: 296, best loss: 0.006267
[2025-02-22 16:39:22;INFO]----------------------------------------------------------------------------------------------------

[2025-02-22 16:39:22;INFO]Current Epoch: 300 / 500 | Learning Rate : 0.0007269952498700084
[2025-02-22 16:39:41;INFO]Train | Loss : 0.015715 | ACC : 3359/3360 (99.970%)
[2025-02-22 16:39:44;INFO]Valid | Loss : 0.017438 | ACC : 1439/1440 (99.931%)
[2025-02-22 16:39:44;INFO]      | Loss didn't drop!

[2025-02-22 16:39:44;INFO]best epoch: 296, best loss: 0.006267
[2025-02-22 16:39:44;INFO]----------------------------------------------------------------------------------------------------

[2025-02-22 16:39:44;INFO]Current Epoch: 301 / 500 | Learning Rate : 0.0
[2025-02-22 16:40:03;INFO]Train | Loss : 0.009760 | ACC : 3360/3360 (100.000%)
[2025-02-22 16:40:06;INFO]Valid | Loss : 0.833100 | ACC : 1086/1440 (75.417%)
[2025-02-22 16:40:06;INFO]      | Loss didn't drop!

[2025-02-22 16:40:06;INFO]best epoch: 296, best loss: 0.006267
[2025-02-22 16:40:06;INFO]----------------------------------------------------------------------------------------------------

[2025-02-22 16:40:06;INFO]Current Epoch: 302 / 500 | Learning Rate : 0.0007269952498703469
[2025-02-22 16:40:25;INFO]Train | Loss : 0.012713 | ACC : 3360/3360 (100.000%)
[2025-02-22 16:40:27;INFO]Valid | Loss : 0.398006 | ACC : 1264/1440 (87.778%)
[2025-02-22 16:40:27;INFO]      | Loss didn't drop!

[2025-02-22 16:40:27;INFO]best epoch: 296, best loss: 0.006267
[2025-02-22 16:40:27;INFO]----------------------------------------------------------------------------------------------------

[2025-02-22 16:40:27;INFO]Current Epoch: 303 / 500 | Learning Rate : 0.0007938926261469649
[2025-02-22 16:40:46;INFO]Train | Loss : 0.013661 | ACC : 3359/3360 (99.970%)
[2025-02-22 16:40:49;INFO]Valid | Loss : 0.014645 | ACC : 1439/1440 (99.931%)
[2025-02-22 16:40:49;INFO]      | Loss didn't drop!

[2025-02-22 16:40:49;INFO]best epoch: 296, best loss: 0.006267
[2025-02-22 16:40:49;INFO]----------------------------------------------------------------------------------------------------

[2025-02-22 16:40:49;INFO]Current Epoch: 304 / 500 | Learning Rate : 6.155829702431115e-06
[2025-02-22 16:41:08;INFO]Train | Loss : 0.008636 | ACC : 3360/3360 (100.000%)
[2025-02-22 16:41:11;INFO]Valid | Loss : 0.132246 | ACC : 1361/1440 (94.514%)
[2025-02-22 16:41:11;INFO]      | Loss didn't drop!

[2025-02-22 16:41:11;INFO]best epoch: 296, best loss: 0.006267
[2025-02-22 16:41:11;INFO]----------------------------------------------------------------------------------------------------

[2025-02-22 16:41:11;INFO]Current Epoch: 305 / 500 | Learning Rate : 0.0006545084971882279
[2025-02-22 16:41:29;INFO]Train | Loss : 0.008952 | ACC : 3360/3360 (100.000%)
[2025-02-22 16:41:32;INFO]Valid | Loss : 0.057298 | ACC : 1426/1440 (99.028%)
[2025-02-22 16:41:32;INFO]      | Loss didn't drop!

[2025-02-22 16:41:32;INFO]best epoch: 296, best loss: 0.006267
[2025-02-22 16:41:32;INFO]----------------------------------------------------------------------------------------------------

[2025-02-22 16:41:32;INFO]Current Epoch: 306 / 500 | Learning Rate : 0.0008535533905945444
[2025-02-22 16:41:51;INFO]Train | Loss : 0.010553 | ACC : 3358/3360 (99.940%)
[2025-02-22 16:41:54;INFO]Valid | Loss : 0.005688 | ACC : 1440/1440 (100.000%)
[2025-02-22 16:41:54;INFO]      | Loss dropped from 0.006267 to 0.005688, model has been saved!

[2025-02-22 16:41:54;INFO]best epoch: 306, best loss: 0.005688
[2025-02-22 16:41:54;INFO]----------------------------------------------------------------------------------------------------

[2025-02-22 16:41:54;INFO]Current Epoch: 307 / 500 | Learning Rate : 2.447174185246144e-05
[2025-02-22 16:42:13;INFO]Train | Loss : 0.013534 | ACC : 3358/3360 (99.940%)
[2025-02-22 16:42:15;INFO]Valid | Loss : 1.696174 | ACC : 1054/1440 (73.194%)
[2025-02-22 16:42:15;INFO]      | Loss didn't drop!

[2025-02-22 16:42:15;INFO]best epoch: 306, best loss: 0.005688
[2025-02-22 16:42:15;INFO]----------------------------------------------------------------------------------------------------

[2025-02-22 16:42:15;INFO]Current Epoch: 308 / 500 | Learning Rate : 0.000578217232521175
[2025-02-22 16:42:34;INFO]Train | Loss : 0.012869 | ACC : 3360/3360 (100.000%)
[2025-02-22 16:42:37;INFO]Valid | Loss : 0.012045 | ACC : 1440/1440 (100.000%)
[2025-02-22 16:42:37;INFO]      | Loss didn't drop!

[2025-02-22 16:42:37;INFO]best epoch: 306, best loss: 0.005688
[2025-02-22 16:42:37;INFO]----------------------------------------------------------------------------------------------------

[2025-02-22 16:42:37;INFO]Current Epoch: 309 / 500 | Learning Rate : 0.0009045084971867245
[2025-02-22 16:42:56;INFO]Train | Loss : 0.022328 | ACC : 3358/3360 (99.940%)
[2025-02-22 16:42:59;INFO]Valid | Loss : 0.015590 | ACC : 1440/1440 (100.000%)
[2025-02-22 16:42:59;INFO]      | Loss didn't drop!

[2025-02-22 16:42:59;INFO]best epoch: 306, best loss: 0.005688
[2025-02-22 16:42:59;INFO]----------------------------------------------------------------------------------------------------

[2025-02-22 16:42:59;INFO]Current Epoch: 310 / 500 | Learning Rate : 5.449673790579166e-05
[2025-02-22 16:43:18;INFO]Train | Loss : 0.014597 | ACC : 3360/3360 (100.000%)
[2025-02-22 16:43:20;INFO]Valid | Loss : 0.339658 | ACC : 1310/1440 (90.972%)
[2025-02-22 16:43:20;INFO]      | Loss didn't drop!

[2025-02-22 16:43:20;INFO]best epoch: 306, best loss: 0.005688
[2025-02-22 16:43:20;INFO]----------------------------------------------------------------------------------------------------

[2025-02-22 16:43:20;INFO]Current Epoch: 311 / 500 | Learning Rate : 0.0004999999999997174
[2025-02-22 16:43:39;INFO]Train | Loss : 0.011154 | ACC : 3360/3360 (100.000%)
[2025-02-22 16:43:42;INFO]Valid | Loss : 0.407273 | ACC : 1288/1440 (89.444%)
[2025-02-22 16:43:42;INFO]      | Loss didn't drop!

[2025-02-22 16:43:42;INFO]best epoch: 306, best loss: 0.005688
[2025-02-22 16:43:42;INFO]----------------------------------------------------------------------------------------------------

[2025-02-22 16:43:42;INFO]Current Epoch: 312 / 500 | Learning Rate : 0.0009455032620966055
[2025-02-22 16:44:01;INFO]Train | Loss : 0.009933 | ACC : 3360/3360 (100.000%)
[2025-02-22 16:44:04;INFO]Valid | Loss : 0.029656 | ACC : 1432/1440 (99.444%)
[2025-02-22 16:44:04;INFO]      | Loss didn't drop!

[2025-02-22 16:44:04;INFO]best epoch: 306, best loss: 0.005688
[2025-02-22 16:44:04;INFO]----------------------------------------------------------------------------------------------------

[2025-02-22 16:44:04;INFO]Current Epoch: 313 / 500 | Learning Rate : 9.54915028124847e-05
[2025-02-22 16:44:23;INFO]Train | Loss : 0.007205 | ACC : 3360/3360 (100.000%)
[2025-02-22 16:44:25;INFO]Valid | Loss : 0.006648 | ACC : 1440/1440 (100.000%)
[2025-02-22 16:44:25;INFO]      | Loss didn't drop!

[2025-02-22 16:44:25;INFO]best epoch: 306, best loss: 0.005688
[2025-02-22 16:44:25;INFO]----------------------------------------------------------------------------------------------------

[2025-02-22 16:44:25;INFO]Current Epoch: 314 / 500 | Learning Rate : 0.00042178276747984795
[2025-02-22 16:44:44;INFO]Train | Loss : 0.008296 | ACC : 3360/3360 (100.000%)
[2025-02-22 16:44:47;INFO]Valid | Loss : 0.021450 | ACC : 1440/1440 (100.000%)
[2025-02-22 16:44:47;INFO]      | Loss didn't drop!

[2025-02-22 16:44:47;INFO]best epoch: 306, best loss: 0.005688
[2025-02-22 16:44:47;INFO]----------------------------------------------------------------------------------------------------

[2025-02-22 16:44:47;INFO]Current Epoch: 315 / 500 | Learning Rate : 0.0009755282581478039
[2025-02-22 16:45:06;INFO]Train | Loss : 0.021604 | ACC : 3356/3360 (99.881%)
[2025-02-22 16:45:09;INFO]Valid | Loss : 0.005937 | ACC : 1440/1440 (100.000%)
[2025-02-22 16:45:09;INFO]      | Loss didn't drop!

[2025-02-22 16:45:09;INFO]best epoch: 306, best loss: 0.005688
[2025-02-22 16:45:09;INFO]----------------------------------------------------------------------------------------------------

[2025-02-22 16:45:09;INFO]Current Epoch: 316 / 500 | Learning Rate : 0.00014644660940677838
[2025-02-22 16:45:28;INFO]Train | Loss : 0.023242 | ACC : 3357/3360 (99.911%)
[2025-02-22 16:45:30;INFO]Valid | Loss : 0.837065 | ACC : 933/1440 (64.792%)
[2025-02-22 16:45:30;INFO]      | Loss didn't drop!

[2025-02-22 16:45:30;INFO]best epoch: 306, best loss: 0.005688
[2025-02-22 16:45:30;INFO]----------------------------------------------------------------------------------------------------

[2025-02-22 16:45:30;INFO]Current Epoch: 317 / 500 | Learning Rate : 0.00034549150281276074
[2025-02-22 16:45:49;INFO]Train | Loss : 0.012795 | ACC : 3360/3360 (100.000%)
[2025-02-22 16:45:52;INFO]Valid | Loss : 1.232027 | ACC : 902/1440 (62.639%)
[2025-02-22 16:45:52;INFO]      | Loss didn't drop!

[2025-02-22 16:45:52;INFO]best epoch: 306, best loss: 0.005688
[2025-02-22 16:45:52;INFO]----------------------------------------------------------------------------------------------------

[2025-02-22 16:45:52;INFO]Current Epoch: 318 / 500 | Learning Rate : 0.000993844170298335
[2025-02-22 16:46:11;INFO]Train | Loss : 0.007255 | ACC : 3360/3360 (100.000%)
[2025-02-22 16:46:14;INFO]Valid | Loss : 0.009081 | ACC : 1440/1440 (100.000%)
[2025-02-22 16:46:14;INFO]      | Loss didn't drop!

[2025-02-22 16:46:14;INFO]best epoch: 306, best loss: 0.005688
[2025-02-22 16:46:14;INFO]----------------------------------------------------------------------------------------------------

[2025-02-22 16:46:14;INFO]Current Epoch: 319 / 500 | Learning Rate : 0.00020610737385398043
[2025-02-22 16:46:33;INFO]Train | Loss : 0.007016 | ACC : 3360/3360 (100.000%)
[2025-02-22 16:46:35;INFO]Valid | Loss : 0.013848 | ACC : 1440/1440 (100.000%)
[2025-02-22 16:46:35;INFO]      | Loss didn't drop!

[2025-02-22 16:46:35;INFO]best epoch: 306, best loss: 0.005688
[2025-02-22 16:46:35;INFO]----------------------------------------------------------------------------------------------------

[2025-02-22 16:46:35;INFO]Current Epoch: 320 / 500 | Learning Rate : 0.00027300475013053926
[2025-02-22 16:46:54;INFO]Train | Loss : 0.007165 | ACC : 3360/3360 (100.000%)
[2025-02-22 16:46:57;INFO]Valid | Loss : 0.016292 | ACC : 1439/1440 (99.931%)
[2025-02-22 16:46:57;INFO]      | Loss didn't drop!

[2025-02-22 16:46:57;INFO]best epoch: 306, best loss: 0.005688
[2025-02-22 16:46:57;INFO]----------------------------------------------------------------------------------------------------

[2025-02-22 16:46:57;INFO]Current Epoch: 321 / 500 | Learning Rate : 0.0009999999999984399
[2025-02-22 16:47:16;INFO]Train | Loss : 0.006719 | ACC : 3360/3360 (100.000%)
[2025-02-22 16:47:19;INFO]Valid | Loss : 0.006515 | ACC : 1440/1440 (100.000%)
[2025-02-22 16:47:19;INFO]      | Loss didn't drop!

[2025-02-22 16:47:19;INFO]best epoch: 306, best loss: 0.005688
[2025-02-22 16:47:19;INFO]----------------------------------------------------------------------------------------------------

[2025-02-22 16:47:19;INFO]Current Epoch: 322 / 500 | Learning Rate : 0.0002730047501305917
[2025-02-22 16:47:37;INFO]Train | Loss : 0.006745 | ACC : 3360/3360 (100.000%)
[2025-02-22 16:47:40;INFO]Valid | Loss : 0.016137 | ACC : 1439/1440 (99.931%)
[2025-02-22 16:47:40;INFO]      | Loss didn't drop!

[2025-02-22 16:47:40;INFO]best epoch: 306, best loss: 0.005688
[2025-02-22 16:47:40;INFO]----------------------------------------------------------------------------------------------------

[2025-02-22 16:47:40;INFO]Current Epoch: 323 / 500 | Learning Rate : 0.00020610737385418266
[2025-02-22 16:47:59;INFO]Train | Loss : 0.005568 | ACC : 3360/3360 (100.000%)
[2025-02-22 16:48:02;INFO]Valid | Loss : 0.009380 | ACC : 1440/1440 (100.000%)
[2025-02-22 16:48:02;INFO]      | Loss didn't drop!

[2025-02-22 16:48:02;INFO]best epoch: 306, best loss: 0.005688
[2025-02-22 16:48:02;INFO]----------------------------------------------------------------------------------------------------

[2025-02-22 16:48:02;INFO]Current Epoch: 324 / 500 | Learning Rate : 0.0009938441702994451
[2025-02-22 16:48:21;INFO]Train | Loss : 0.006765 | ACC : 3360/3360 (100.000%)
[2025-02-22 16:48:23;INFO]Valid | Loss : 0.006098 | ACC : 1440/1440 (100.000%)
[2025-02-22 16:48:23;INFO]      | Loss didn't drop!

[2025-02-22 16:48:23;INFO]best epoch: 306, best loss: 0.005688
[2025-02-22 16:48:23;INFO]----------------------------------------------------------------------------------------------------

[2025-02-22 16:48:23;INFO]Current Epoch: 325 / 500 | Learning Rate : 0.0003454915028123347
[2025-02-22 16:48:42;INFO]Train | Loss : 0.006728 | ACC : 3360/3360 (100.000%)
[2025-02-22 16:48:45;INFO]Valid | Loss : 0.086144 | ACC : 1399/1440 (97.153%)
[2025-02-22 16:48:45;INFO]      | Loss didn't drop!

[2025-02-22 16:48:45;INFO]best epoch: 306, best loss: 0.005688
[2025-02-22 16:48:45;INFO]----------------------------------------------------------------------------------------------------

[2025-02-22 16:48:45;INFO]Current Epoch: 326 / 500 | Learning Rate : 0.0001464466094065933
[2025-02-22 16:49:04;INFO]Train | Loss : 0.005117 | ACC : 3360/3360 (100.000%)
[2025-02-22 16:49:07;INFO]Valid | Loss : 0.014733 | ACC : 1440/1440 (100.000%)
[2025-02-22 16:49:07;INFO]      | Loss didn't drop!

[2025-02-22 16:49:07;INFO]best epoch: 306, best loss: 0.005688
[2025-02-22 16:49:07;INFO]----------------------------------------------------------------------------------------------------

[2025-02-22 16:49:07;INFO]Current Epoch: 327 / 500 | Learning Rate : 0.0009755282581471252
[2025-02-22 16:49:26;INFO]Train | Loss : 0.014354 | ACC : 3355/3360 (99.851%)
[2025-02-22 16:49:28;INFO]Valid | Loss : 0.015481 | ACC : 1440/1440 (100.000%)
[2025-02-22 16:49:28;INFO]      | Loss didn't drop!

[2025-02-22 16:49:28;INFO]best epoch: 306, best loss: 0.005688
[2025-02-22 16:49:28;INFO]----------------------------------------------------------------------------------------------------

[2025-02-22 16:49:28;INFO]Current Epoch: 328 / 500 | Learning Rate : 0.0004217827674810081
[2025-02-22 16:49:47;INFO]Train | Loss : 0.030902 | ACC : 3351/3360 (99.732%)
[2025-02-22 16:49:50;INFO]Valid | Loss : 0.813736 | ACC : 1147/1440 (79.653%)
[2025-02-22 16:49:50;INFO]      | Loss didn't drop!

[2025-02-22 16:49:50;INFO]best epoch: 306, best loss: 0.005688
[2025-02-22 16:49:50;INFO]----------------------------------------------------------------------------------------------------

[2025-02-22 16:49:50;INFO]Current Epoch: 329 / 500 | Learning Rate : 9.549150281281098e-05
[2025-02-22 16:50:09;INFO]Train | Loss : 0.022701 | ACC : 3356/3360 (99.881%)
[2025-02-22 16:50:12;INFO]Valid | Loss : 3.621247 | ACC : 359/1440 (24.931%)
[2025-02-22 16:50:12;INFO]      | Loss didn't drop!

[2025-02-22 16:50:12;INFO]best epoch: 306, best loss: 0.005688
[2025-02-22 16:50:12;INFO]----------------------------------------------------------------------------------------------------

[2025-02-22 16:50:12;INFO]Current Epoch: 330 / 500 | Learning Rate : 0.0009455032620942504
[2025-02-22 16:50:31;INFO]Train | Loss : 0.054779 | ACC : 3328/3360 (99.048%)
[2025-02-22 16:50:33;INFO]Valid | Loss : 1.963117 | ACC : 909/1440 (63.125%)
[2025-02-22 16:50:33;INFO]      | Loss didn't drop!

[2025-02-22 16:50:33;INFO]best epoch: 306, best loss: 0.005688
[2025-02-22 16:50:33;INFO]----------------------------------------------------------------------------------------------------

[2025-02-22 16:50:33;INFO]Current Epoch: 331 / 500 | Learning Rate : 0.0005000000000001946
[2025-02-22 16:50:52;INFO]Train | Loss : 0.015708 | ACC : 3359/3360 (99.970%)
[2025-02-22 16:50:55;INFO]Valid | Loss : 0.575870 | ACC : 1144/1440 (79.444%)
[2025-02-22 16:50:55;INFO]      | Loss didn't drop!

[2025-02-22 16:50:55;INFO]best epoch: 306, best loss: 0.005688
[2025-02-22 16:50:55;INFO]----------------------------------------------------------------------------------------------------

[2025-02-22 16:50:55;INFO]Current Epoch: 332 / 500 | Learning Rate : 5.449673790584149e-05
[2025-02-22 16:51:14;INFO]Train | Loss : 0.012464 | ACC : 3359/3360 (99.970%)
[2025-02-22 16:51:17;INFO]Valid | Loss : 3.275554 | ACC : 501/1440 (34.792%)
[2025-02-22 16:51:17;INFO]      | Loss didn't drop!

[2025-02-22 16:51:17;INFO]best epoch: 306, best loss: 0.005688
[2025-02-22 16:51:17;INFO]----------------------------------------------------------------------------------------------------

[2025-02-22 16:51:17;INFO]Current Epoch: 333 / 500 | Learning Rate : 0.0009045084971880677
[2025-02-22 16:51:36;INFO]Train | Loss : 0.015267 | ACC : 3355/3360 (99.851%)
[2025-02-22 16:51:38;INFO]Valid | Loss : 1.021914 | ACC : 1160/1440 (80.556%)
[2025-02-22 16:51:38;INFO]      | Loss didn't drop!

[2025-02-22 16:51:38;INFO]best epoch: 306, best loss: 0.005688
[2025-02-22 16:51:38;INFO]----------------------------------------------------------------------------------------------------

[2025-02-22 16:51:38;INFO]Current Epoch: 334 / 500 | Learning Rate : 0.0005782172325205757
[2025-02-22 16:51:57;INFO]Train | Loss : 0.007419 | ACC : 3360/3360 (100.000%)
[2025-02-22 16:52:00;INFO]Valid | Loss : 0.040907 | ACC : 1431/1440 (99.375%)
[2025-02-22 16:52:00;INFO]      | Loss didn't drop!

[2025-02-22 16:52:00;INFO]best epoch: 306, best loss: 0.005688
[2025-02-22 16:52:00;INFO]----------------------------------------------------------------------------------------------------

[2025-02-22 16:52:00;INFO]Current Epoch: 335 / 500 | Learning Rate : 2.4471741852439454e-05
[2025-02-22 16:52:19;INFO]Train | Loss : 0.008838 | ACC : 3359/3360 (99.970%)
[2025-02-22 16:52:22;INFO]Valid | Loss : 1.439051 | ACC : 735/1440 (51.042%)
[2025-02-22 16:52:22;INFO]      | Loss didn't drop!

[2025-02-22 16:52:22;INFO]best epoch: 306, best loss: 0.005688
[2025-02-22 16:52:22;INFO]----------------------------------------------------------------------------------------------------

[2025-02-22 16:52:22;INFO]Current Epoch: 336 / 500 | Learning Rate : 0.0008535533905942871
[2025-02-22 16:52:40;INFO]Train | Loss : 0.014856 | ACC : 3352/3360 (99.762%)
[2025-02-22 16:52:43;INFO]Valid | Loss : 0.600989 | ACC : 1190/1440 (82.639%)
[2025-02-22 16:52:43;INFO]      | Loss didn't drop!

[2025-02-22 16:52:43;INFO]best epoch: 306, best loss: 0.005688
[2025-02-22 16:52:43;INFO]----------------------------------------------------------------------------------------------------

[2025-02-22 16:52:43;INFO]Current Epoch: 337 / 500 | Learning Rate : 0.0006545084971865021
[2025-02-22 16:53:02;INFO]Train | Loss : 0.008144 | ACC : 3360/3360 (100.000%)
[2025-02-22 16:53:05;INFO]Valid | Loss : 0.034133 | ACC : 1427/1440 (99.097%)
[2025-02-22 16:53:05;INFO]      | Loss didn't drop!

[2025-02-22 16:53:05;INFO]best epoch: 306, best loss: 0.005688
[2025-02-22 16:53:05;INFO]----------------------------------------------------------------------------------------------------

[2025-02-22 16:53:05;INFO]Current Epoch: 338 / 500 | Learning Rate : 6.1558297024320045e-06
[2025-02-22 16:53:24;INFO]Train | Loss : 0.006381 | ACC : 3360/3360 (100.000%)
[2025-02-22 16:53:26;INFO]Valid | Loss : 5.355505 | ACC : 709/1440 (49.236%)
[2025-02-22 16:53:26;INFO]      | Loss didn't drop!

[2025-02-22 16:53:26;INFO]best epoch: 306, best loss: 0.005688
[2025-02-22 16:53:26;INFO]----------------------------------------------------------------------------------------------------

[2025-02-22 16:53:26;INFO]Current Epoch: 339 / 500 | Learning Rate : 0.0007938926261476838
[2025-02-22 16:53:45;INFO]Train | Loss : 0.009561 | ACC : 3358/3360 (99.940%)
[2025-02-22 16:53:48;INFO]Valid | Loss : 0.408172 | ACC : 1244/1440 (86.389%)
[2025-02-22 16:53:48;INFO]      | Loss didn't drop!

[2025-02-22 16:53:48;INFO]best epoch: 306, best loss: 0.005688
[2025-02-22 16:53:48;INFO]----------------------------------------------------------------------------------------------------

[2025-02-22 16:53:48;INFO]Current Epoch: 340 / 500 | Learning Rate : 0.0007269952498712262
[2025-02-22 16:54:07;INFO]Train | Loss : 0.010394 | ACC : 3359/3360 (99.970%)
[2025-02-22 16:54:10;INFO]Valid | Loss : 0.045790 | ACC : 1432/1440 (99.444%)
[2025-02-22 16:54:10;INFO]      | Loss didn't drop!

[2025-02-22 16:54:10;INFO]best epoch: 306, best loss: 0.005688
[2025-02-22 16:54:10;INFO]----------------------------------------------------------------------------------------------------

[2025-02-22 16:54:10;INFO]Current Epoch: 341 / 500 | Learning Rate : 0.0
[2025-02-22 16:54:29;INFO]Train | Loss : 0.009997 | ACC : 3359/3360 (99.970%)
[2025-02-22 16:54:31;INFO]Valid | Loss : 0.291541 | ACC : 1278/1440 (88.750%)
[2025-02-22 16:54:31;INFO]      | Loss didn't drop!

[2025-02-22 16:54:31;INFO]best epoch: 306, best loss: 0.005688
[2025-02-22 16:54:31;INFO]----------------------------------------------------------------------------------------------------

[2025-02-22 16:54:31;INFO]Current Epoch: 342 / 500 | Learning Rate : 0.0007269952498693784
[2025-02-22 16:54:50;INFO]Train | Loss : 0.011840 | ACC : 3358/3360 (99.940%)
[2025-02-22 16:54:53;INFO]Valid | Loss : 0.015237 | ACC : 1440/1440 (100.000%)
[2025-02-22 16:54:53;INFO]      | Loss didn't drop!

[2025-02-22 16:54:53;INFO]best epoch: 306, best loss: 0.005688
[2025-02-22 16:54:53;INFO]----------------------------------------------------------------------------------------------------

[2025-02-22 16:54:53;INFO]Current Epoch: 343 / 500 | Learning Rate : 0.0007938926261459035
[2025-02-22 16:55:12;INFO]Train | Loss : 0.010531 | ACC : 3358/3360 (99.940%)
[2025-02-22 16:55:15;INFO]Valid | Loss : 0.016859 | ACC : 1439/1440 (99.931%)
[2025-02-22 16:55:15;INFO]      | Loss didn't drop!

[2025-02-22 16:55:15;INFO]best epoch: 306, best loss: 0.005688
[2025-02-22 16:55:15;INFO]----------------------------------------------------------------------------------------------------

[2025-02-22 16:55:15;INFO]Current Epoch: 344 / 500 | Learning Rate : 6.155829702431115e-06
[2025-02-22 16:55:34;INFO]Train | Loss : 0.007072 | ACC : 3360/3360 (100.000%)
[2025-02-22 16:55:36;INFO]Valid | Loss : 0.056157 | ACC : 1411/1440 (97.986%)
[2025-02-22 16:55:36;INFO]      | Loss didn't drop!

[2025-02-22 16:55:36;INFO]best epoch: 306, best loss: 0.005688
[2025-02-22 16:55:36;INFO]----------------------------------------------------------------------------------------------------

[2025-02-22 16:55:36;INFO]Current Epoch: 345 / 500 | Learning Rate : 0.0006545084971893504
[2025-02-22 16:55:55;INFO]Train | Loss : 0.006454 | ACC : 3359/3360 (99.970%)
[2025-02-22 16:55:58;INFO]Valid | Loss : 0.012714 | ACC : 1440/1440 (100.000%)
[2025-02-22 16:55:58;INFO]      | Loss didn't drop!

[2025-02-22 16:55:58;INFO]best epoch: 306, best loss: 0.005688
[2025-02-22 16:55:58;INFO]----------------------------------------------------------------------------------------------------

[2025-02-22 16:55:58;INFO]Current Epoch: 346 / 500 | Learning Rate : 0.0008535533905935023
[2025-02-22 16:56:17;INFO]Train | Loss : 0.007692 | ACC : 3360/3360 (100.000%)
[2025-02-22 16:56:20;INFO]Valid | Loss : 0.006185 | ACC : 1439/1440 (99.931%)
[2025-02-22 16:56:20;INFO]      | Loss didn't drop!

[2025-02-22 16:56:20;INFO]best epoch: 306, best loss: 0.005688
[2025-02-22 16:56:20;INFO]----------------------------------------------------------------------------------------------------

[2025-02-22 16:56:20;INFO]Current Epoch: 347 / 500 | Learning Rate : 2.4471741852445756e-05
[2025-02-22 16:56:39;INFO]Train | Loss : 0.004313 | ACC : 3360/3360 (100.000%)
[2025-02-22 16:56:41;INFO]Valid | Loss : 0.014049 | ACC : 1440/1440 (100.000%)
[2025-02-22 16:56:41;INFO]      | Loss didn't drop!

[2025-02-22 16:56:41;INFO]best epoch: 306, best loss: 0.005688
[2025-02-22 16:56:41;INFO]----------------------------------------------------------------------------------------------------

[2025-02-22 16:56:41;INFO]Current Epoch: 348 / 500 | Learning Rate : 0.0005782172325203901
[2025-02-22 16:57:00;INFO]Train | Loss : 0.008739 | ACC : 3359/3360 (99.970%)
[2025-02-22 16:57:03;INFO]Valid | Loss : 0.464415 | ACC : 1267/1440 (87.986%)
[2025-02-22 16:57:03;INFO]      | Loss didn't drop!

[2025-02-22 16:57:03;INFO]best epoch: 306, best loss: 0.005688
[2025-02-22 16:57:03;INFO]----------------------------------------------------------------------------------------------------

[2025-02-22 16:57:03;INFO]Current Epoch: 349 / 500 | Learning Rate : 0.0009045084971881466
[2025-02-22 16:57:22;INFO]Train | Loss : 0.087513 | ACC : 3329/3360 (99.077%)
[2025-02-22 16:57:25;INFO]Valid | Loss : 0.158281 | ACC : 1365/1440 (94.792%)
[2025-02-22 16:57:25;INFO]      | Loss didn't drop!

[2025-02-22 16:57:25;INFO]best epoch: 306, best loss: 0.005688
[2025-02-22 16:57:25;INFO]----------------------------------------------------------------------------------------------------

[2025-02-22 16:57:25;INFO]Current Epoch: 350 / 500 | Learning Rate : 5.449673790585119e-05
[2025-02-22 16:57:44;INFO]Train | Loss : 0.040378 | ACC : 3353/3360 (99.792%)
[2025-02-22 16:57:46;INFO]Valid | Loss : 0.229391 | ACC : 1273/1440 (88.403%)
[2025-02-22 16:57:46;INFO]      | Loss didn't drop!

[2025-02-22 16:57:46;INFO]best epoch: 306, best loss: 0.005688
[2025-02-22 16:57:46;INFO]----------------------------------------------------------------------------------------------------

[2025-02-22 16:57:46;INFO]Current Epoch: 351 / 500 | Learning Rate : 0.0005000000000004788
[2025-02-22 16:58:05;INFO]Train | Loss : 0.022422 | ACC : 3359/3360 (99.970%)
[2025-02-22 16:58:08;INFO]Valid | Loss : 1.970970 | ACC : 890/1440 (61.806%)
[2025-02-22 16:58:08;INFO]      | Loss didn't drop!

[2025-02-22 16:58:08;INFO]best epoch: 306, best loss: 0.005688
[2025-02-22 16:58:08;INFO]----------------------------------------------------------------------------------------------------

[2025-02-22 16:58:08;INFO]Current Epoch: 352 / 500 | Learning Rate : 0.0009455032620954253
[2025-02-22 16:58:27;INFO]Train | Loss : 0.031741 | ACC : 3350/3360 (99.702%)
[2025-02-22 16:58:29;INFO]Valid | Loss : 0.015976 | ACC : 1440/1440 (100.000%)
[2025-02-22 16:58:29;INFO]      | Loss didn't drop!

[2025-02-22 16:58:29;INFO]best epoch: 306, best loss: 0.005688
[2025-02-22 16:58:29;INFO]----------------------------------------------------------------------------------------------------

[2025-02-22 16:58:30;INFO]Current Epoch: 353 / 500 | Learning Rate : 9.54915028123927e-05
[2025-02-22 16:58:48;INFO]Train | Loss : 0.015118 | ACC : 3360/3360 (100.000%)
[2025-02-22 16:58:51;INFO]Valid | Loss : 0.076205 | ACC : 1426/1440 (99.028%)
[2025-02-22 16:58:51;INFO]      | Loss didn't drop!

[2025-02-22 16:58:51;INFO]best epoch: 306, best loss: 0.005688
[2025-02-22 16:58:51;INFO]----------------------------------------------------------------------------------------------------

[2025-02-22 16:58:51;INFO]Current Epoch: 354 / 500 | Learning Rate : 0.0004217827674793744
[2025-02-22 16:59:10;INFO]Train | Loss : 0.012253 | ACC : 3360/3360 (100.000%)
[2025-02-22 16:59:13;INFO]Valid | Loss : 0.268276 | ACC : 1315/1440 (91.319%)
[2025-02-22 16:59:13;INFO]      | Loss didn't drop!

[2025-02-22 16:59:13;INFO]best epoch: 306, best loss: 0.005688
[2025-02-22 16:59:13;INFO]----------------------------------------------------------------------------------------------------

[2025-02-22 16:59:13;INFO]Current Epoch: 355 / 500 | Learning Rate : 0.0009755282581493679
[2025-02-22 16:59:32;INFO]Train | Loss : 0.008170 | ACC : 3360/3360 (100.000%)
[2025-02-22 16:59:34;INFO]Valid | Loss : 0.005805 | ACC : 1440/1440 (100.000%)
[2025-02-22 16:59:34;INFO]      | Loss didn't drop!

[2025-02-22 16:59:34;INFO]best epoch: 306, best loss: 0.005688
[2025-02-22 16:59:34;INFO]----------------------------------------------------------------------------------------------------

[2025-02-22 16:59:34;INFO]Current Epoch: 356 / 500 | Learning Rate : 0.00014644660940705013
[2025-02-22 16:59:53;INFO]Train | Loss : 0.007798 | ACC : 3360/3360 (100.000%)
[2025-02-22 16:59:56;INFO]Valid | Loss : 0.012915 | ACC : 1439/1440 (99.931%)
[2025-02-22 16:59:56;INFO]      | Loss didn't drop!

[2025-02-22 16:59:56;INFO]best epoch: 306, best loss: 0.005688
[2025-02-22 16:59:56;INFO]----------------------------------------------------------------------------------------------------

[2025-02-22 16:59:56;INFO]Current Epoch: 357 / 500 | Learning Rate : 0.00034549150281327096
[2025-02-22 17:00:15;INFO]Train | Loss : 0.006358 | ACC : 3360/3360 (100.000%)
[2025-02-22 17:00:18;INFO]Valid | Loss : 0.010408 | ACC : 1440/1440 (100.000%)
[2025-02-22 17:00:18;INFO]      | Loss didn't drop!

[2025-02-22 17:00:18;INFO]best epoch: 306, best loss: 0.005688
[2025-02-22 17:00:18;INFO]----------------------------------------------------------------------------------------------------

[2025-02-22 17:00:18;INFO]Current Epoch: 358 / 500 | Learning Rate : 0.0009938441702970792
[2025-02-22 17:00:37;INFO]Train | Loss : 0.009003 | ACC : 3359/3360 (99.970%)
[2025-02-22 17:00:39;INFO]Valid | Loss : 0.005510 | ACC : 1440/1440 (100.000%)
[2025-02-22 17:00:39;INFO]      | Loss dropped from 0.005688 to 0.005510, model has been saved!

[2025-02-22 17:00:39;INFO]best epoch: 358, best loss: 0.005510
[2025-02-22 17:00:39;INFO]----------------------------------------------------------------------------------------------------

[2025-02-22 17:00:39;INFO]Current Epoch: 359 / 500 | Learning Rate : 0.00020610737385366875
[2025-02-22 17:00:58;INFO]Train | Loss : 0.014760 | ACC : 3357/3360 (99.911%)
[2025-02-22 17:01:01;INFO]Valid | Loss : 1.478899 | ACC : 771/1440 (53.542%)
[2025-02-22 17:01:01;INFO]      | Loss didn't drop!

[2025-02-22 17:01:01;INFO]best epoch: 358, best loss: 0.005510
[2025-02-22 17:01:01;INFO]----------------------------------------------------------------------------------------------------

[2025-02-22 17:01:01;INFO]Current Epoch: 360 / 500 | Learning Rate : 0.00027300475013025135
[2025-02-22 17:01:20;INFO]Train | Loss : 0.028400 | ACC : 3344/3360 (99.524%)
[2025-02-22 17:01:23;INFO]Valid | Loss : 4.454141 | ACC : 283/1440 (19.653%)
[2025-02-22 17:01:23;INFO]      | Loss didn't drop!

[2025-02-22 17:01:23;INFO]best epoch: 358, best loss: 0.005510
[2025-02-22 17:01:23;INFO]----------------------------------------------------------------------------------------------------

[2025-02-22 17:01:23;INFO]Current Epoch: 361 / 500 | Learning Rate : 0.001000000000002949
[2025-02-22 17:01:42;INFO]Train | Loss : 0.041901 | ACC : 3351/3360 (99.732%)
[2025-02-22 17:01:44;INFO]Valid | Loss : 0.094207 | ACC : 1417/1440 (98.403%)
[2025-02-22 17:01:44;INFO]      | Loss didn't drop!

[2025-02-22 17:01:44;INFO]best epoch: 358, best loss: 0.005510
[2025-02-22 17:01:44;INFO]----------------------------------------------------------------------------------------------------

[2025-02-22 17:01:44;INFO]Current Epoch: 362 / 500 | Learning Rate : 0.0002730047501302892
[2025-02-22 17:02:03;INFO]Train | Loss : 0.034584 | ACC : 3354/3360 (99.821%)
[2025-02-22 17:02:06;INFO]Valid | Loss : 0.582290 | ACC : 1157/1440 (80.347%)
[2025-02-22 17:02:06;INFO]      | Loss didn't drop!

[2025-02-22 17:02:06;INFO]best epoch: 358, best loss: 0.005510
[2025-02-22 17:02:06;INFO]----------------------------------------------------------------------------------------------------

[2025-02-22 17:02:06;INFO]Current Epoch: 363 / 500 | Learning Rate : 0.0002061073738538801
[2025-02-22 17:02:25;INFO]Train | Loss : 0.016308 | ACC : 3360/3360 (100.000%)
[2025-02-22 17:02:28;INFO]Valid | Loss : 1.537272 | ACC : 1215/1440 (84.375%)
[2025-02-22 17:02:28;INFO]      | Loss didn't drop!

[2025-02-22 17:02:28;INFO]best epoch: 358, best loss: 0.005510
[2025-02-22 17:02:28;INFO]----------------------------------------------------------------------------------------------------

[2025-02-22 17:02:28;INFO]Current Epoch: 364 / 500 | Learning Rate : 0.000993844170298191
[2025-02-22 17:02:47;INFO]Train | Loss : 0.017155 | ACC : 3359/3360 (99.970%)
[2025-02-22 17:02:49;INFO]Valid | Loss : 0.010081 | ACC : 1440/1440 (100.000%)
[2025-02-22 17:02:49;INFO]      | Loss didn't drop!

[2025-02-22 17:02:49;INFO]best epoch: 358, best loss: 0.005510
[2025-02-22 17:02:49;INFO]----------------------------------------------------------------------------------------------------

[2025-02-22 17:02:49;INFO]Current Epoch: 365 / 500 | Learning Rate : 0.00034549150281272355
[2025-02-22 17:03:08;INFO]Train | Loss : 0.026372 | ACC : 3357/3360 (99.911%)
[2025-02-22 17:03:11;INFO]Valid | Loss : 1.168554 | ACC : 1076/1440 (74.722%)
[2025-02-22 17:03:11;INFO]      | Loss didn't drop!

[2025-02-22 17:03:11;INFO]best epoch: 358, best loss: 0.005510
[2025-02-22 17:03:11;INFO]----------------------------------------------------------------------------------------------------

[2025-02-22 17:03:11;INFO]Current Epoch: 366 / 500 | Learning Rate : 0.00014644660940687482
[2025-02-22 17:03:30;INFO]Train | Loss : 0.025443 | ACC : 3353/3360 (99.792%)
[2025-02-22 17:03:33;INFO]Valid | Loss : 0.864576 | ACC : 1013/1440 (70.347%)
[2025-02-22 17:03:33;INFO]      | Loss didn't drop!

[2025-02-22 17:03:33;INFO]best epoch: 358, best loss: 0.005510
[2025-02-22 17:03:33;INFO]----------------------------------------------------------------------------------------------------

[2025-02-22 17:03:33;INFO]Current Epoch: 367 / 500 | Learning Rate : 0.0009755282581486852
[2025-02-22 17:03:51;INFO]Train | Loss : 0.062382 | ACC : 3326/3360 (98.988%)
[2025-02-22 17:03:54;INFO]Valid | Loss : 0.030860 | ACC : 1439/1440 (99.931%)
[2025-02-22 17:03:54;INFO]      | Loss didn't drop!

[2025-02-22 17:03:54;INFO]best epoch: 358, best loss: 0.005510
[2025-02-22 17:03:54;INFO]----------------------------------------------------------------------------------------------------

[2025-02-22 17:03:54;INFO]Current Epoch: 368 / 500 | Learning Rate : 0.00042178276748052135
[2025-02-22 17:04:13;INFO]Train | Loss : 0.016683 | ACC : 3360/3360 (100.000%)
[2025-02-22 17:04:16;INFO]Valid | Loss : 0.381393 | ACC : 1244/1440 (86.389%)
[2025-02-22 17:04:16;INFO]      | Loss didn't drop!

[2025-02-22 17:04:16;INFO]best epoch: 358, best loss: 0.005510
[2025-02-22 17:04:16;INFO]----------------------------------------------------------------------------------------------------

[2025-02-22 17:04:16;INFO]Current Epoch: 369 / 500 | Learning Rate : 9.549150281266023e-05
[2025-02-22 17:04:35;INFO]Train | Loss : 0.008522 | ACC : 3360/3360 (100.000%)
[2025-02-22 17:04:37;INFO]Valid | Loss : 0.079038 | ACC : 1407/1440 (97.708%)
[2025-02-22 17:04:37;INFO]      | Loss didn't drop!

[2025-02-22 17:04:37;INFO]best epoch: 358, best loss: 0.005510
[2025-02-22 17:04:37;INFO]----------------------------------------------------------------------------------------------------

[2025-02-22 17:04:37;INFO]Current Epoch: 370 / 500 | Learning Rate : 0.0009455032620930766
[2025-02-22 17:04:56;INFO]Train | Loss : 0.006108 | ACC : 3360/3360 (100.000%)
[2025-02-22 17:04:59;INFO]Valid | Loss : 0.005418 | ACC : 1440/1440 (100.000%)
[2025-02-22 17:04:59;INFO]      | Loss dropped from 0.005510 to 0.005418, model has been saved!

[2025-02-22 17:04:59;INFO]best epoch: 370, best loss: 0.005418
[2025-02-22 17:04:59;INFO]----------------------------------------------------------------------------------------------------

[2025-02-22 17:04:59;INFO]Current Epoch: 371 / 500 | Learning Rate : 0.0005000000000009428
[2025-02-22 17:05:18;INFO]Train | Loss : 0.007150 | ACC : 3360/3360 (100.000%)
[2025-02-22 17:05:21;INFO]Valid | Loss : 0.007259 | ACC : 1440/1440 (100.000%)
[2025-02-22 17:05:21;INFO]      | Loss didn't drop!

[2025-02-22 17:05:21;INFO]best epoch: 370, best loss: 0.005418
[2025-02-22 17:05:21;INFO]----------------------------------------------------------------------------------------------------

[2025-02-22 17:05:21;INFO]Current Epoch: 372 / 500 | Learning Rate : 5.4496737905907264e-05
[2025-02-22 17:05:40;INFO]Train | Loss : 0.006660 | ACC : 3360/3360 (100.000%)
[2025-02-22 17:05:42;INFO]Valid | Loss : 0.029829 | ACC : 1439/1440 (99.931%)
[2025-02-22 17:05:42;INFO]      | Loss didn't drop!

[2025-02-22 17:05:42;INFO]best epoch: 370, best loss: 0.005418
[2025-02-22 17:05:42;INFO]----------------------------------------------------------------------------------------------------

[2025-02-22 17:05:42;INFO]Current Epoch: 373 / 500 | Learning Rate : 0.000904508497189507
[2025-02-22 17:06:01;INFO]Train | Loss : 0.006598 | ACC : 3360/3360 (100.000%)
[2025-02-22 17:06:04;INFO]Valid | Loss : 0.010116 | ACC : 1440/1440 (100.000%)
[2025-02-22 17:06:04;INFO]      | Loss didn't drop!

[2025-02-22 17:06:04;INFO]best epoch: 370, best loss: 0.005418
[2025-02-22 17:06:04;INFO]----------------------------------------------------------------------------------------------------

[2025-02-22 17:06:04;INFO]Current Epoch: 374 / 500 | Learning Rate : 0.0005782172325198901
[2025-02-22 17:06:23;INFO]Train | Loss : 0.005400 | ACC : 3360/3360 (100.000%)
[2025-02-22 17:06:26;INFO]Valid | Loss : 0.004764 | ACC : 1440/1440 (100.000%)
[2025-02-22 17:06:26;INFO]      | Loss dropped from 0.005418 to 0.004764, model has been saved!

[2025-02-22 17:06:26;INFO]best epoch: 374, best loss: 0.004764
[2025-02-22 17:06:26;INFO]----------------------------------------------------------------------------------------------------

[2025-02-22 17:06:26;INFO]Current Epoch: 375 / 500 | Learning Rate : 2.4471741852428063e-05
[2025-02-22 17:06:45;INFO]Train | Loss : 0.004647 | ACC : 3360/3360 (100.000%)
[2025-02-22 17:06:47;INFO]Valid | Loss : 0.013230 | ACC : 1440/1440 (100.000%)
[2025-02-22 17:06:47;INFO]      | Loss didn't drop!

[2025-02-22 17:06:47;INFO]best epoch: 374, best loss: 0.004764
[2025-02-22 17:06:47;INFO]----------------------------------------------------------------------------------------------------

[2025-02-22 17:06:47;INFO]Current Epoch: 376 / 500 | Learning Rate : 0.000853553390593247
[2025-02-22 17:07:06;INFO]Train | Loss : 0.004327 | ACC : 3360/3360 (100.000%)
[2025-02-22 17:07:09;INFO]Valid | Loss : 0.003980 | ACC : 1440/1440 (100.000%)
[2025-02-22 17:07:09;INFO]      | Loss dropped from 0.004764 to 0.003980, model has been saved!

[2025-02-22 17:07:09;INFO]best epoch: 376, best loss: 0.003980
[2025-02-22 17:07:09;INFO]----------------------------------------------------------------------------------------------------

[2025-02-22 17:07:09;INFO]Current Epoch: 377 / 500 | Learning Rate : 0.0006545084971895008
[2025-02-22 17:07:28;INFO]Train | Loss : 0.004071 | ACC : 3360/3360 (100.000%)
[2025-02-22 17:07:31;INFO]Valid | Loss : 0.004658 | ACC : 1440/1440 (100.000%)
[2025-02-22 17:07:31;INFO]      | Loss didn't drop!

[2025-02-22 17:07:31;INFO]best epoch: 376, best loss: 0.003980
[2025-02-22 17:07:31;INFO]----------------------------------------------------------------------------------------------------

[2025-02-22 17:07:31;INFO]Current Epoch: 378 / 500 | Learning Rate : 6.1558297024519335e-06
[2025-02-22 17:07:50;INFO]Train | Loss : 0.005504 | ACC : 3360/3360 (100.000%)
[2025-02-22 17:07:52;INFO]Valid | Loss : 0.018306 | ACC : 1439/1440 (99.931%)
[2025-02-22 17:07:52;INFO]      | Loss didn't drop!

[2025-02-22 17:07:52;INFO]best epoch: 376, best loss: 0.003980
[2025-02-22 17:07:52;INFO]----------------------------------------------------------------------------------------------------

[2025-02-22 17:07:52;INFO]Current Epoch: 379 / 500 | Learning Rate : 0.0007938926261466338
[2025-02-22 17:08:11;INFO]Train | Loss : 0.007082 | ACC : 3360/3360 (100.000%)
[2025-02-22 17:08:14;INFO]Valid | Loss : 0.006246 | ACC : 1440/1440 (100.000%)
[2025-02-22 17:08:14;INFO]      | Loss didn't drop!

[2025-02-22 17:08:14;INFO]best epoch: 376, best loss: 0.003980
[2025-02-22 17:08:14;INFO]----------------------------------------------------------------------------------------------------

[2025-02-22 17:08:14;INFO]Current Epoch: 380 / 500 | Learning Rate : 0.0007269952498702517
[2025-02-22 17:08:33;INFO]Train | Loss : 0.026938 | ACC : 3353/3360 (99.792%)
[2025-02-22 17:08:36;INFO]Valid | Loss : 0.004075 | ACC : 1440/1440 (100.000%)
[2025-02-22 17:08:36;INFO]      | Loss didn't drop!

[2025-02-22 17:08:36;INFO]best epoch: 376, best loss: 0.003980
[2025-02-22 17:08:36;INFO]----------------------------------------------------------------------------------------------------

[2025-02-22 17:08:36;INFO]Current Epoch: 381 / 500 | Learning Rate : 0.0
[2025-02-22 17:08:55;INFO]Train | Loss : 0.014413 | ACC : 3357/3360 (99.911%)
[2025-02-22 17:08:57;INFO]Valid | Loss : 1.651255 | ACC : 1033/1440 (71.736%)
[2025-02-22 17:08:57;INFO]      | Loss didn't drop!

[2025-02-22 17:08:57;INFO]best epoch: 376, best loss: 0.003980
[2025-02-22 17:08:57;INFO]----------------------------------------------------------------------------------------------------

[2025-02-22 17:08:57;INFO]Current Epoch: 382 / 500 | Learning Rate : 0.000726995249870514
[2025-02-22 17:09:16;INFO]Train | Loss : 0.030205 | ACC : 3350/3360 (99.702%)
[2025-02-22 17:09:19;INFO]Valid | Loss : 0.412690 | ACC : 1251/1440 (86.875%)
[2025-02-22 17:09:19;INFO]      | Loss didn't drop!

[2025-02-22 17:09:19;INFO]best epoch: 376, best loss: 0.003980
[2025-02-22 17:09:19;INFO]----------------------------------------------------------------------------------------------------

[2025-02-22 17:09:19;INFO]Current Epoch: 383 / 500 | Learning Rate : 0.0007938926261472255
[2025-02-22 17:09:38;INFO]Train | Loss : 0.023762 | ACC : 3353/3360 (99.792%)
[2025-02-22 17:09:41;INFO]Valid | Loss : 1.673837 | ACC : 969/1440 (67.292%)
[2025-02-22 17:09:41;INFO]      | Loss didn't drop!

[2025-02-22 17:09:41;INFO]best epoch: 376, best loss: 0.003980
[2025-02-22 17:09:41;INFO]----------------------------------------------------------------------------------------------------

[2025-02-22 17:09:41;INFO]Current Epoch: 384 / 500 | Learning Rate : 6.155829702431115e-06
[2025-02-22 17:10:00;INFO]Train | Loss : 0.009049 | ACC : 3360/3360 (100.000%)
[2025-02-22 17:10:02;INFO]Valid | Loss : 0.886885 | ACC : 943/1440 (65.486%)
[2025-02-22 17:10:02;INFO]      | Loss didn't drop!

[2025-02-22 17:10:02;INFO]best epoch: 376, best loss: 0.003980
[2025-02-22 17:10:02;INFO]----------------------------------------------------------------------------------------------------

[2025-02-22 17:10:02;INFO]Current Epoch: 385 / 500 | Learning Rate : 0.0006545084971885788
[2025-02-22 17:10:21;INFO]Train | Loss : 0.007077 | ACC : 3360/3360 (100.000%)
[2025-02-22 17:10:24;INFO]Valid | Loss : 0.025732 | ACC : 1434/1440 (99.583%)
[2025-02-22 17:10:24;INFO]      | Loss didn't drop!

[2025-02-22 17:10:24;INFO]best epoch: 376, best loss: 0.003980
[2025-02-22 17:10:24;INFO]----------------------------------------------------------------------------------------------------

[2025-02-22 17:10:24;INFO]Current Epoch: 386 / 500 | Learning Rate : 0.000853553390592291
[2025-02-22 17:10:43;INFO]Train | Loss : 0.008971 | ACC : 3359/3360 (99.970%)
[2025-02-22 17:10:46;INFO]Valid | Loss : 0.017668 | ACC : 1439/1440 (99.931%)
[2025-02-22 17:10:46;INFO]      | Loss didn't drop!

[2025-02-22 17:10:46;INFO]best epoch: 376, best loss: 0.003980
[2025-02-22 17:10:46;INFO]----------------------------------------------------------------------------------------------------

[2025-02-22 17:10:46;INFO]Current Epoch: 387 / 500 | Learning Rate : 2.4471741852465603e-05
[2025-02-22 17:11:04;INFO]Train | Loss : 0.006190 | ACC : 3360/3360 (100.000%)
[2025-02-22 17:11:07;INFO]Valid | Loss : 0.053814 | ACC : 1419/1440 (98.542%)
[2025-02-22 17:11:07;INFO]      | Loss didn't drop!

[2025-02-22 17:11:07;INFO]best epoch: 376, best loss: 0.003980
[2025-02-22 17:11:07;INFO]----------------------------------------------------------------------------------------------------

[2025-02-22 17:11:07;INFO]Current Epoch: 388 / 500 | Learning Rate : 0.0005782172325213858
[2025-02-22 17:11:26;INFO]Train | Loss : 0.007616 | ACC : 3360/3360 (100.000%)
[2025-02-22 17:11:29;INFO]Valid | Loss : 0.006593 | ACC : 1440/1440 (100.000%)
[2025-02-22 17:11:29;INFO]      | Loss didn't drop!

[2025-02-22 17:11:29;INFO]best epoch: 376, best loss: 0.003980
[2025-02-22 17:11:29;INFO]----------------------------------------------------------------------------------------------------

[2025-02-22 17:11:29;INFO]Current Epoch: 389 / 500 | Learning Rate : 0.0009045084971869596
[2025-02-22 17:11:48;INFO]Train | Loss : 0.004870 | ACC : 3360/3360 (100.000%)
[2025-02-22 17:11:50;INFO]Valid | Loss : 0.004834 | ACC : 1440/1440 (100.000%)
[2025-02-22 17:11:50;INFO]      | Loss didn't drop!

[2025-02-22 17:11:50;INFO]best epoch: 376, best loss: 0.003980
[2025-02-22 17:11:50;INFO]----------------------------------------------------------------------------------------------------

[2025-02-22 17:11:50;INFO]Current Epoch: 390 / 500 | Learning Rate : 5.4496737905752975e-05
[2025-02-22 17:12:09;INFO]Train | Loss : 0.004383 | ACC : 3360/3360 (100.000%)
[2025-02-22 17:12:12;INFO]Valid | Loss : 0.008319 | ACC : 1439/1440 (99.931%)
[2025-02-22 17:12:12;INFO]      | Loss didn't drop!

[2025-02-22 17:12:12;INFO]best epoch: 376, best loss: 0.003980
[2025-02-22 17:12:12;INFO]----------------------------------------------------------------------------------------------------

[2025-02-22 17:12:12;INFO]Current Epoch: 391 / 500 | Learning Rate : 0.0005000000000000205
[2025-02-22 17:12:31;INFO]Train | Loss : 0.011020 | ACC : 3359/3360 (99.970%)
[2025-02-22 17:12:34;INFO]Valid | Loss : 0.015511 | ACC : 1436/1440 (99.722%)
[2025-02-22 17:12:34;INFO]      | Loss didn't drop!

[2025-02-22 17:12:34;INFO]best epoch: 376, best loss: 0.003980
[2025-02-22 17:12:34;INFO]----------------------------------------------------------------------------------------------------

[2025-02-22 17:12:34;INFO]Current Epoch: 392 / 500 | Learning Rate : 0.0009455032620941946
[2025-02-22 17:12:53;INFO]Train | Loss : 0.012773 | ACC : 3358/3360 (99.940%)
[2025-02-22 17:12:55;INFO]Valid | Loss : 0.027121 | ACC : 1431/1440 (99.375%)
[2025-02-22 17:12:55;INFO]      | Loss didn't drop!

[2025-02-22 17:12:55;INFO]best epoch: 376, best loss: 0.003980
[2025-02-22 17:12:55;INFO]----------------------------------------------------------------------------------------------------

[2025-02-22 17:12:55;INFO]Current Epoch: 393 / 500 | Learning Rate : 9.549150281278579e-05
[2025-02-22 17:13:14;INFO]Train | Loss : 0.005501 | ACC : 3360/3360 (100.000%)
[2025-02-22 17:13:17;INFO]Valid | Loss : 0.051833 | ACC : 1432/1440 (99.444%)
[2025-02-22 17:13:17;INFO]      | Loss didn't drop!

[2025-02-22 17:13:17;INFO]best epoch: 376, best loss: 0.003980
[2025-02-22 17:13:17;INFO]----------------------------------------------------------------------------------------------------

[2025-02-22 17:13:17;INFO]Current Epoch: 394 / 500 | Learning Rate : 0.00042178276748133906
[2025-02-22 17:13:36;INFO]Train | Loss : 0.010633 | ACC : 3357/3360 (99.911%)
[2025-02-22 17:13:39;INFO]Valid | Loss : 0.343050 | ACC : 1291/1440 (89.653%)
[2025-02-22 17:13:39;INFO]      | Loss didn't drop!

[2025-02-22 17:13:39;INFO]best epoch: 376, best loss: 0.003980
[2025-02-22 17:13:39;INFO]----------------------------------------------------------------------------------------------------

[2025-02-22 17:13:39;INFO]Current Epoch: 395 / 500 | Learning Rate : 0.000975528258150922
[2025-02-22 17:13:58;INFO]Train | Loss : 0.017679 | ACC : 3353/3360 (99.792%)
[2025-02-22 17:14:00;INFO]Valid | Loss : 0.093205 | ACC : 1389/1440 (96.458%)
[2025-02-22 17:14:00;INFO]      | Loss didn't drop!

[2025-02-22 17:14:00;INFO]best epoch: 376, best loss: 0.003980
[2025-02-22 17:14:00;INFO]----------------------------------------------------------------------------------------------------

[2025-02-22 17:14:00;INFO]Current Epoch: 396 / 500 | Learning Rate : 0.0001464466094063159
[2025-02-22 17:14:19;INFO]Train | Loss : 0.015731 | ACC : 3355/3360 (99.851%)
[2025-02-22 17:14:22;INFO]Valid | Loss : 0.427746 | ACC : 1235/1440 (85.764%)
[2025-02-22 17:14:22;INFO]      | Loss didn't drop!

[2025-02-22 17:14:22;INFO]best epoch: 376, best loss: 0.003980
[2025-02-22 17:14:22;INFO]----------------------------------------------------------------------------------------------------

[2025-02-22 17:14:22;INFO]Current Epoch: 397 / 500 | Learning Rate : 0.0003454915028118952
[2025-02-22 17:14:41;INFO]Train | Loss : 0.012774 | ACC : 3359/3360 (99.970%)
[2025-02-22 17:14:43;INFO]Valid | Loss : 1.102023 | ACC : 964/1440 (66.944%)
[2025-02-22 17:14:43;INFO]      | Loss didn't drop!

[2025-02-22 17:14:43;INFO]best epoch: 376, best loss: 0.003980
[2025-02-22 17:14:43;INFO]----------------------------------------------------------------------------------------------------

[2025-02-22 17:14:43;INFO]Current Epoch: 398 / 500 | Learning Rate : 0.0009938441702986827
[2025-02-22 17:15:02;INFO]Train | Loss : 0.010614 | ACC : 3359/3360 (99.970%)
[2025-02-22 17:15:05;INFO]Valid | Loss : 0.009807 | ACC : 1440/1440 (100.000%)
[2025-02-22 17:15:05;INFO]      | Loss didn't drop!

[2025-02-22 17:15:05;INFO]best epoch: 376, best loss: 0.003980
[2025-02-22 17:15:05;INFO]----------------------------------------------------------------------------------------------------

[2025-02-22 17:15:05;INFO]Current Epoch: 399 / 500 | Learning Rate : 0.00020610737385413385
[2025-02-22 17:15:24;INFO]Train | Loss : 0.008427 | ACC : 3360/3360 (100.000%)
[2025-02-22 17:15:27;INFO]Valid | Loss : 0.375187 | ACC : 1268/1440 (88.056%)
[2025-02-22 17:15:27;INFO]      | Loss didn't drop!

[2025-02-22 17:15:27;INFO]best epoch: 376, best loss: 0.003980
[2025-02-22 17:15:27;INFO]----------------------------------------------------------------------------------------------------

[2025-02-22 17:15:27;INFO]Current Epoch: 400 / 500 | Learning Rate : 0.00027300475013054625
[2025-02-22 17:15:46;INFO]Train | Loss : 0.004979 | ACC : 3360/3360 (100.000%)
[2025-02-22 17:15:48;INFO]Valid | Loss : 1.579790 | ACC : 989/1440 (68.681%)
[2025-02-22 17:15:48;INFO]      | Loss didn't drop!

[2025-02-22 17:15:48;INFO]best epoch: 376, best loss: 0.003980
[2025-02-22 17:15:48;INFO]----------------------------------------------------------------------------------------------------

[2025-02-22 17:15:48;INFO]Current Epoch: 401 / 500 | Learning Rate : 0.0010000000000016773
[2025-02-22 17:16:07;INFO]Train | Loss : 0.004409 | ACC : 3360/3360 (100.000%)
[2025-02-22 17:16:10;INFO]Valid | Loss : 0.005919 | ACC : 1440/1440 (100.000%)
[2025-02-22 17:16:10;INFO]      | Loss didn't drop!

[2025-02-22 17:16:10;INFO]best epoch: 376, best loss: 0.003980
[2025-02-22 17:16:10;INFO]----------------------------------------------------------------------------------------------------

[2025-02-22 17:16:10;INFO]Current Epoch: 402 / 500 | Learning Rate : 0.0002730047501307768
[2025-02-22 17:16:29;INFO]Train | Loss : 0.005641 | ACC : 3360/3360 (100.000%)
[2025-02-22 17:16:32;INFO]Valid | Loss : 0.035881 | ACC : 1434/1440 (99.583%)
[2025-02-22 17:16:32;INFO]      | Loss didn't drop!

[2025-02-22 17:16:32;INFO]best epoch: 376, best loss: 0.003980
[2025-02-22 17:16:32;INFO]----------------------------------------------------------------------------------------------------

[2025-02-22 17:16:32;INFO]Current Epoch: 403 / 500 | Learning Rate : 0.00020610737385417434
[2025-02-22 17:16:51;INFO]Train | Loss : 0.004158 | ACC : 3360/3360 (100.000%)
[2025-02-22 17:16:53;INFO]Valid | Loss : 0.011049 | ACC : 1439/1440 (99.931%)
[2025-02-22 17:16:53;INFO]      | Loss didn't drop!

[2025-02-22 17:16:53;INFO]best epoch: 376, best loss: 0.003980
[2025-02-22 17:16:53;INFO]----------------------------------------------------------------------------------------------------

[2025-02-22 17:16:53;INFO]Current Epoch: 404 / 500 | Learning Rate : 0.0009938441702969027
[2025-02-22 17:17:12;INFO]Train | Loss : 0.005473 | ACC : 3360/3360 (100.000%)
[2025-02-22 17:17:15;INFO]Valid | Loss : 0.003137 | ACC : 1440/1440 (100.000%)
[2025-02-22 17:17:15;INFO]      | Loss dropped from 0.003980 to 0.003137, model has been saved!

[2025-02-22 17:17:15;INFO]best epoch: 404, best loss: 0.003137
[2025-02-22 17:17:15;INFO]----------------------------------------------------------------------------------------------------

[2025-02-22 17:17:15;INFO]Current Epoch: 405 / 500 | Learning Rate : 0.00034549150281243987
[2025-02-22 17:17:34;INFO]Train | Loss : 0.009275 | ACC : 3358/3360 (99.940%)
[2025-02-22 17:17:37;INFO]Valid | Loss : 0.011979 | ACC : 1439/1440 (99.931%)
[2025-02-22 17:17:37;INFO]      | Loss didn't drop!

[2025-02-22 17:17:37;INFO]best epoch: 404, best loss: 0.003137
[2025-02-22 17:17:37;INFO]----------------------------------------------------------------------------------------------------

[2025-02-22 17:17:37;INFO]Current Epoch: 406 / 500 | Learning Rate : 0.00014644660940665323
[2025-02-22 17:17:56;INFO]Train | Loss : 0.007323 | ACC : 3359/3360 (99.970%)
[2025-02-22 17:17:58;INFO]Valid | Loss : 0.221597 | ACC : 1311/1440 (91.042%)
[2025-02-22 17:17:58;INFO]      | Loss didn't drop!

[2025-02-22 17:17:58;INFO]best epoch: 404, best loss: 0.003137
[2025-02-22 17:17:58;INFO]----------------------------------------------------------------------------------------------------

[2025-02-22 17:17:58;INFO]Current Epoch: 407 / 500 | Learning Rate : 0.0009755282581474723
[2025-02-22 17:18:17;INFO]Train | Loss : 0.015656 | ACC : 3355/3360 (99.851%)
[2025-02-22 17:18:20;INFO]Valid | Loss : 0.006655 | ACC : 1439/1440 (99.931%)
[2025-02-22 17:18:20;INFO]      | Loss didn't drop!

[2025-02-22 17:18:20;INFO]best epoch: 404, best loss: 0.003137
[2025-02-22 17:18:20;INFO]----------------------------------------------------------------------------------------------------

[2025-02-22 17:18:20;INFO]Current Epoch: 408 / 500 | Learning Rate : 0.00042178276747992206
[2025-02-22 17:18:39;INFO]Train | Loss : 0.022346 | ACC : 3350/3360 (99.702%)
[2025-02-22 17:18:41;INFO]Valid | Loss : 1.205843 | ACC : 1052/1440 (73.056%)
[2025-02-22 17:18:41;INFO]      | Loss didn't drop!

[2025-02-22 17:18:41;INFO]best epoch: 404, best loss: 0.003137
[2025-02-22 17:18:41;INFO]----------------------------------------------------------------------------------------------------

[2025-02-22 17:18:41;INFO]Current Epoch: 409 / 500 | Learning Rate : 9.549150281250943e-05
[2025-02-22 17:19:00;INFO]Train | Loss : 0.016390 | ACC : 3357/3360 (99.911%)
[2025-02-22 17:19:03;INFO]Valid | Loss : 1.517259 | ACC : 982/1440 (68.194%)
[2025-02-22 17:19:03;INFO]      | Loss didn't drop!

[2025-02-22 17:19:03;INFO]best epoch: 404, best loss: 0.003137
[2025-02-22 17:19:03;INFO]----------------------------------------------------------------------------------------------------

[2025-02-22 17:19:03;INFO]Current Epoch: 410 / 500 | Learning Rate : 0.0009455032620973177
[2025-02-22 17:19:22;INFO]Train | Loss : 0.023655 | ACC : 3346/3360 (99.583%)
[2025-02-22 17:19:25;INFO]Valid | Loss : 0.022459 | ACC : 1439/1440 (99.931%)
[2025-02-22 17:19:25;INFO]      | Loss didn't drop!

[2025-02-22 17:19:25;INFO]best epoch: 404, best loss: 0.003137
[2025-02-22 17:19:25;INFO]----------------------------------------------------------------------------------------------------

[2025-02-22 17:19:25;INFO]Current Epoch: 411 / 500 | Learning Rate : 0.0005000000000017998
[2025-02-22 17:19:44;INFO]Train | Loss : 0.008270 | ACC : 3360/3360 (100.000%)
[2025-02-22 17:19:46;INFO]Valid | Loss : 0.022192 | ACC : 1432/1440 (99.444%)
[2025-02-22 17:19:46;INFO]      | Loss didn't drop!

[2025-02-22 17:19:46;INFO]best epoch: 404, best loss: 0.003137
[2025-02-22 17:19:46;INFO]----------------------------------------------------------------------------------------------------

[2025-02-22 17:19:46;INFO]Current Epoch: 412 / 500 | Learning Rate : 5.4496737906024134e-05
[2025-02-22 17:20:05;INFO]Train | Loss : 0.005173 | ACC : 3360/3360 (100.000%)
[2025-02-22 17:20:08;INFO]Valid | Loss : 1.154602 | ACC : 1025/1440 (71.181%)
[2025-02-22 17:20:08;INFO]      | Loss didn't drop!

[2025-02-22 17:20:08;INFO]best epoch: 404, best loss: 0.003137
[2025-02-22 17:20:08;INFO]----------------------------------------------------------------------------------------------------

[2025-02-22 17:20:08;INFO]Current Epoch: 413 / 500 | Learning Rate : 0.000904508497185784
[2025-02-22 17:20:27;INFO]Train | Loss : 0.004818 | ACC : 3360/3360 (100.000%)
[2025-02-22 17:20:30;INFO]Valid | Loss : 0.003613 | ACC : 1440/1440 (100.000%)
[2025-02-22 17:20:30;INFO]      | Loss didn't drop!

[2025-02-22 17:20:30;INFO]best epoch: 404, best loss: 0.003137
[2025-02-22 17:20:30;INFO]----------------------------------------------------------------------------------------------------

[2025-02-22 17:20:30;INFO]Current Epoch: 414 / 500 | Learning Rate : 0.0005782172325208781
[2025-02-22 17:20:49;INFO]Train | Loss : 0.005429 | ACC : 3360/3360 (100.000%)
[2025-02-22 17:20:51;INFO]Valid | Loss : 0.017700 | ACC : 1439/1440 (99.931%)
[2025-02-22 17:20:51;INFO]      | Loss didn't drop!

[2025-02-22 17:20:51;INFO]best epoch: 404, best loss: 0.003137
[2025-02-22 17:20:51;INFO]----------------------------------------------------------------------------------------------------

[2025-02-22 17:20:51;INFO]Current Epoch: 415 / 500 | Learning Rate : 2.4471741852452366e-05
[2025-02-22 17:21:10;INFO]Train | Loss : 0.005123 | ACC : 3360/3360 (100.000%)
[2025-02-22 17:21:13;INFO]Valid | Loss : 0.010887 | ACC : 1440/1440 (100.000%)
[2025-02-22 17:21:13;INFO]      | Loss didn't drop!

[2025-02-22 17:21:13;INFO]best epoch: 404, best loss: 0.003137
[2025-02-22 17:21:13;INFO]----------------------------------------------------------------------------------------------------

[2025-02-22 17:21:13;INFO]Current Epoch: 416 / 500 | Learning Rate : 0.0008535533905945972
[2025-02-22 17:21:32;INFO]Train | Loss : 0.004174 | ACC : 3360/3360 (100.000%)
[2025-02-22 17:21:35;INFO]Valid | Loss : 0.004798 | ACC : 1439/1440 (99.931%)
[2025-02-22 17:21:35;INFO]      | Loss didn't drop!

[2025-02-22 17:21:35;INFO]best epoch: 404, best loss: 0.003137
[2025-02-22 17:21:35;INFO]----------------------------------------------------------------------------------------------------

[2025-02-22 17:21:35;INFO]Current Epoch: 417 / 500 | Learning Rate : 0.0006545084971886078
[2025-02-22 17:21:54;INFO]Train | Loss : 0.009597 | ACC : 3359/3360 (99.970%)
[2025-02-22 17:21:56;INFO]Valid | Loss : 0.005011 | ACC : 1440/1440 (100.000%)
[2025-02-22 17:21:56;INFO]      | Loss didn't drop!

[2025-02-22 17:21:56;INFO]best epoch: 404, best loss: 0.003137
[2025-02-22 17:21:56;INFO]----------------------------------------------------------------------------------------------------

[2025-02-22 17:21:56;INFO]Current Epoch: 418 / 500 | Learning Rate : 6.155829702454096e-06
[2025-02-22 17:22:15;INFO]Train | Loss : 0.007310 | ACC : 3358/3360 (99.940%)
[2025-02-22 17:22:18;INFO]Valid | Loss : 0.838658 | ACC : 1232/1440 (85.556%)
[2025-02-22 17:22:18;INFO]      | Loss didn't drop!

[2025-02-22 17:22:18;INFO]best epoch: 404, best loss: 0.003137
[2025-02-22 17:22:18;INFO]----------------------------------------------------------------------------------------------------

[2025-02-22 17:22:18;INFO]Current Epoch: 419 / 500 | Learning Rate : 0.0007938926261478818
[2025-02-22 17:22:37;INFO]Train | Loss : 0.008883 | ACC : 3359/3360 (99.970%)
[2025-02-22 17:22:40;INFO]Valid | Loss : 0.946240 | ACC : 1011/1440 (70.208%)
[2025-02-22 17:22:40;INFO]      | Loss didn't drop!

[2025-02-22 17:22:40;INFO]best epoch: 404, best loss: 0.003137
[2025-02-22 17:22:40;INFO]----------------------------------------------------------------------------------------------------

[2025-02-22 17:22:40;INFO]Current Epoch: 420 / 500 | Learning Rate : 0.0007269952498693723
[2025-02-22 17:22:59;INFO]Train | Loss : 0.038668 | ACC : 3339/3360 (99.375%)
[2025-02-22 17:23:01;INFO]Valid | Loss : 0.361747 | ACC : 1198/1440 (83.194%)
[2025-02-22 17:23:01;INFO]      | Loss didn't drop!

[2025-02-22 17:23:01;INFO]best epoch: 404, best loss: 0.003137
[2025-02-22 17:23:01;INFO]----------------------------------------------------------------------------------------------------

[2025-02-22 17:23:01;INFO]Current Epoch: 421 / 500 | Learning Rate : 0.0
[2025-02-22 17:23:20;INFO]Train | Loss : 0.011171 | ACC : 3360/3360 (100.000%)
[2025-02-22 17:23:23;INFO]Valid | Loss : 1.751968 | ACC : 994/1440 (69.028%)
[2025-02-22 17:23:23;INFO]      | Loss didn't drop!

[2025-02-22 17:23:23;INFO]best epoch: 404, best loss: 0.003137
[2025-02-22 17:23:23;INFO]----------------------------------------------------------------------------------------------------

[2025-02-22 17:23:23;INFO]Current Epoch: 422 / 500 | Learning Rate : 0.0007269952498696464
[2025-02-22 17:23:42;INFO]Train | Loss : 0.006969 | ACC : 3360/3360 (100.000%)
[2025-02-22 17:23:44;INFO]Valid | Loss : 0.016011 | ACC : 1439/1440 (99.931%)
[2025-02-22 17:23:44;INFO]      | Loss didn't drop!

[2025-02-22 17:23:44;INFO]best epoch: 404, best loss: 0.003137
[2025-02-22 17:23:44;INFO]----------------------------------------------------------------------------------------------------

[2025-02-22 17:23:44;INFO]Current Epoch: 423 / 500 | Learning Rate : 0.0007938926261461641
[2025-02-22 17:24:03;INFO]Train | Loss : 0.006015 | ACC : 3360/3360 (100.000%)
[2025-02-22 17:24:06;INFO]Valid | Loss : 0.009739 | ACC : 1439/1440 (99.931%)
[2025-02-22 17:24:06;INFO]      | Loss didn't drop!

[2025-02-22 17:24:06;INFO]best epoch: 404, best loss: 0.003137
[2025-02-22 17:24:06;INFO]----------------------------------------------------------------------------------------------------

[2025-02-22 17:24:06;INFO]Current Epoch: 424 / 500 | Learning Rate : 6.155829702431115e-06
[2025-02-22 17:24:25;INFO]Train | Loss : 0.007488 | ACC : 3359/3360 (99.970%)
[2025-02-22 17:24:28;INFO]Valid | Loss : 0.012412 | ACC : 1440/1440 (100.000%)
[2025-02-22 17:24:28;INFO]      | Loss didn't drop!

[2025-02-22 17:24:28;INFO]best epoch: 404, best loss: 0.003137
[2025-02-22 17:24:28;INFO]----------------------------------------------------------------------------------------------------

[2025-02-22 17:24:28;INFO]Current Epoch: 425 / 500 | Learning Rate : 0.0006545084971876988
[2025-02-22 17:24:47;INFO]Train | Loss : 0.011250 | ACC : 3358/3360 (99.940%)
[2025-02-22 17:24:49;INFO]Valid | Loss : 0.179396 | ACC : 1342/1440 (93.194%)
[2025-02-22 17:24:49;INFO]      | Loss didn't drop!

[2025-02-22 17:24:49;INFO]best epoch: 404, best loss: 0.003137
[2025-02-22 17:24:49;INFO]----------------------------------------------------------------------------------------------------

[2025-02-22 17:24:49;INFO]Current Epoch: 426 / 500 | Learning Rate : 0.0008535533905961748
[2025-02-22 17:25:08;INFO]Train | Loss : 0.008150 | ACC : 3360/3360 (100.000%)
[2025-02-22 17:25:11;INFO]Valid | Loss : 0.172592 | ACC : 1359/1440 (94.375%)
[2025-02-22 17:25:11;INFO]      | Loss didn't drop!

[2025-02-22 17:25:11;INFO]best epoch: 404, best loss: 0.003137
[2025-02-22 17:25:11;INFO]----------------------------------------------------------------------------------------------------

[2025-02-22 17:25:11;INFO]Current Epoch: 427 / 500 | Learning Rate : 2.447174185248562e-05
[2025-02-22 17:25:30;INFO]Train | Loss : 0.005424 | ACC : 3360/3360 (100.000%)
[2025-02-22 17:25:33;INFO]Valid | Loss : 0.388004 | ACC : 1195/1440 (82.986%)
[2025-02-22 17:25:33;INFO]      | Loss didn't drop!

[2025-02-22 17:25:33;INFO]best epoch: 404, best loss: 0.003137
[2025-02-22 17:25:33;INFO]----------------------------------------------------------------------------------------------------

[2025-02-22 17:25:33;INFO]Current Epoch: 428 / 500 | Learning Rate : 0.0005782172325223874
[2025-02-22 17:25:51;INFO]Train | Loss : 0.004854 | ACC : 3360/3360 (100.000%)
[2025-02-22 17:25:54;INFO]Valid | Loss : 0.005008 | ACC : 1440/1440 (100.000%)
[2025-02-22 17:25:54;INFO]      | Loss didn't drop!

[2025-02-22 17:25:54;INFO]best epoch: 404, best loss: 0.003137
[2025-02-22 17:25:54;INFO]----------------------------------------------------------------------------------------------------

[2025-02-22 17:25:54;INFO]Current Epoch: 429 / 500 | Learning Rate : 0.0009045084971858473
[2025-02-22 17:26:13;INFO]Train | Loss : 0.004686 | ACC : 3360/3360 (100.000%)
[2025-02-22 17:26:16;INFO]Valid | Loss : 0.006757 | ACC : 1440/1440 (100.000%)
[2025-02-22 17:26:16;INFO]      | Loss didn't drop!

[2025-02-22 17:26:16;INFO]best epoch: 404, best loss: 0.003137
[2025-02-22 17:26:16;INFO]----------------------------------------------------------------------------------------------------

[2025-02-22 17:26:16;INFO]Current Epoch: 430 / 500 | Learning Rate : 5.449673790586366e-05
[2025-02-22 17:26:35;INFO]Train | Loss : 0.017326 | ACC : 3350/3360 (99.702%)
[2025-02-22 17:26:37;INFO]Valid | Loss : 1.721953 | ACC : 627/1440 (43.542%)
[2025-02-22 17:26:37;INFO]      | Loss didn't drop!

[2025-02-22 17:26:37;INFO]best epoch: 404, best loss: 0.003137
[2025-02-22 17:26:37;INFO]----------------------------------------------------------------------------------------------------

[2025-02-22 17:26:37;INFO]Current Epoch: 431 / 500 | Learning Rate : 0.0005000000000007779
[2025-02-22 17:26:56;INFO]Train | Loss : 0.014872 | ACC : 3358/3360 (99.940%)
[2025-02-22 17:26:59;INFO]Valid | Loss : 4.007358 | ACC : 686/1440 (47.639%)
[2025-02-22 17:26:59;INFO]      | Loss didn't drop!

[2025-02-22 17:26:59;INFO]best epoch: 404, best loss: 0.003137
[2025-02-22 17:26:59;INFO]----------------------------------------------------------------------------------------------------

[2025-02-22 17:26:59;INFO]Current Epoch: 432 / 500 | Learning Rate : 0.000945503262095701
[2025-02-22 17:27:18;INFO]Train | Loss : 0.013559 | ACC : 3360/3360 (100.000%)
[2025-02-22 17:27:21;INFO]Valid | Loss : 0.015329 | ACC : 1440/1440 (100.000%)
[2025-02-22 17:27:21;INFO]      | Loss didn't drop!

[2025-02-22 17:27:21;INFO]best epoch: 404, best loss: 0.003137
[2025-02-22 17:27:21;INFO]----------------------------------------------------------------------------------------------------

[2025-02-22 17:27:21;INFO]Current Epoch: 433 / 500 | Learning Rate : 9.549150281262695e-05
[2025-02-22 17:27:40;INFO]Train | Loss : 0.006225 | ACC : 3360/3360 (100.000%)
[2025-02-22 17:27:42;INFO]Valid | Loss : 0.429684 | ACC : 1216/1440 (84.444%)
[2025-02-22 17:27:42;INFO]      | Loss didn't drop!

[2025-02-22 17:27:42;INFO]best epoch: 404, best loss: 0.003137
[2025-02-22 17:27:42;INFO]----------------------------------------------------------------------------------------------------

[2025-02-22 17:27:42;INFO]Current Epoch: 434 / 500 | Learning Rate : 0.0004217827674807535
[2025-02-22 17:28:01;INFO]Train | Loss : 0.005706 | ACC : 3360/3360 (100.000%)
[2025-02-22 17:28:04;INFO]Valid | Loss : 0.088455 | ACC : 1388/1440 (96.389%)
[2025-02-22 17:28:04;INFO]      | Loss didn't drop!

[2025-02-22 17:28:04;INFO]best epoch: 404, best loss: 0.003137
[2025-02-22 17:28:04;INFO]----------------------------------------------------------------------------------------------------

[2025-02-22 17:28:04;INFO]Current Epoch: 435 / 500 | Learning Rate : 0.0009755282581496974
[2025-02-22 17:28:23;INFO]Train | Loss : 0.009324 | ACC : 3359/3360 (99.970%)
[2025-02-22 17:28:26;INFO]Valid | Loss : 0.006780 | ACC : 1440/1440 (100.000%)
[2025-02-22 17:28:26;INFO]      | Loss didn't drop!

[2025-02-22 17:28:26;INFO]best epoch: 404, best loss: 0.003137
[2025-02-22 17:28:26;INFO]----------------------------------------------------------------------------------------------------

[2025-02-22 17:28:26;INFO]Current Epoch: 436 / 500 | Learning Rate : 0.00014644660940658767
[2025-02-22 17:28:45;INFO]Train | Loss : 0.011633 | ACC : 3360/3360 (100.000%)
[2025-02-22 17:28:47;INFO]Valid | Loss : 1.724072 | ACC : 874/1440 (60.694%)
[2025-02-22 17:28:47;INFO]      | Loss didn't drop!

[2025-02-22 17:28:47;INFO]best epoch: 404, best loss: 0.003137
[2025-02-22 17:28:47;INFO]----------------------------------------------------------------------------------------------------

[2025-02-22 17:28:47;INFO]Current Epoch: 437 / 500 | Learning Rate : 0.00034549150281251376
[2025-02-22 17:29:06;INFO]Train | Loss : 0.005949 | ACC : 3360/3360 (100.000%)
[2025-02-22 17:29:09;INFO]Valid | Loss : 0.163884 | ACC : 1343/1440 (93.264%)
[2025-02-22 17:29:09;INFO]      | Loss didn't drop!

[2025-02-22 17:29:09;INFO]best epoch: 404, best loss: 0.003137
[2025-02-22 17:29:09;INFO]----------------------------------------------------------------------------------------------------

[2025-02-22 17:29:09;INFO]Current Epoch: 438 / 500 | Learning Rate : 0.0009938441702974088
[2025-02-22 17:29:28;INFO]Train | Loss : 0.004870 | ACC : 3360/3360 (100.000%)
[2025-02-22 17:29:31;INFO]Valid | Loss : 0.005936 | ACC : 1440/1440 (100.000%)
[2025-02-22 17:29:31;INFO]      | Loss didn't drop!

[2025-02-22 17:29:31;INFO]best epoch: 404, best loss: 0.003137
[2025-02-22 17:29:31;INFO]----------------------------------------------------------------------------------------------------

[2025-02-22 17:29:31;INFO]Current Epoch: 439 / 500 | Learning Rate : 0.00020610737385372822
[2025-02-22 17:29:49;INFO]Train | Loss : 0.005054 | ACC : 3360/3360 (100.000%)
[2025-02-22 17:29:52;INFO]Valid | Loss : 0.038410 | ACC : 1424/1440 (98.889%)
[2025-02-22 17:29:52;INFO]      | Loss didn't drop!

[2025-02-22 17:29:52;INFO]best epoch: 404, best loss: 0.003137
[2025-02-22 17:29:52;INFO]----------------------------------------------------------------------------------------------------

[2025-02-22 17:29:52;INFO]Current Epoch: 440 / 500 | Learning Rate : 0.0002730047501302558
[2025-02-22 17:30:11;INFO]Train | Loss : 0.003218 | ACC : 3360/3360 (100.000%)
[2025-02-22 17:30:14;INFO]Valid | Loss : 0.005711 | ACC : 1440/1440 (100.000%)
[2025-02-22 17:30:14;INFO]      | Loss didn't drop!

[2025-02-22 17:30:14;INFO]best epoch: 404, best loss: 0.003137
[2025-02-22 17:30:14;INFO]----------------------------------------------------------------------------------------------------

[2025-02-22 17:30:14;INFO]Current Epoch: 441 / 500 | Learning Rate : 0.0010000000000004144
[2025-02-22 17:30:33;INFO]Train | Loss : 0.004131 | ACC : 3360/3360 (100.000%)
[2025-02-22 17:30:35;INFO]Valid | Loss : 0.002504 | ACC : 1440/1440 (100.000%)
[2025-02-22 17:30:35;INFO]      | Loss dropped from 0.003137 to 0.002504, model has been saved!

[2025-02-22 17:30:35;INFO]best epoch: 441, best loss: 0.002504
[2025-02-22 17:30:35;INFO]----------------------------------------------------------------------------------------------------

[2025-02-22 17:30:35;INFO]Current Epoch: 442 / 500 | Learning Rate : 0.0002730047501312621
[2025-02-22 17:30:54;INFO]Train | Loss : 0.006436 | ACC : 3359/3360 (99.970%)
[2025-02-22 17:30:57;INFO]Valid | Loss : 0.400391 | ACC : 1315/1440 (91.319%)
[2025-02-22 17:30:57;INFO]      | Loss didn't drop!

[2025-02-22 17:30:57;INFO]best epoch: 441, best loss: 0.002504
[2025-02-22 17:30:57;INFO]----------------------------------------------------------------------------------------------------

[2025-02-22 17:30:57;INFO]Current Epoch: 443 / 500 | Learning Rate : 0.00020610737385446645
[2025-02-22 17:31:16;INFO]Train | Loss : 0.004616 | ACC : 3360/3360 (100.000%)
[2025-02-22 17:31:19;INFO]Valid | Loss : 0.011665 | ACC : 1438/1440 (99.861%)
[2025-02-22 17:31:19;INFO]      | Loss didn't drop!

[2025-02-22 17:31:19;INFO]best epoch: 441, best loss: 0.002504
[2025-02-22 17:31:19;INFO]----------------------------------------------------------------------------------------------------

[2025-02-22 17:31:19;INFO]Current Epoch: 444 / 500 | Learning Rate : 0.0009938441702956485
[2025-02-22 17:31:38;INFO]Train | Loss : 0.003034 | ACC : 3360/3360 (100.000%)
[2025-02-22 17:31:40;INFO]Valid | Loss : 0.002708 | ACC : 1440/1440 (100.000%)
[2025-02-22 17:31:40;INFO]      | Loss didn't drop!

[2025-02-22 17:31:40;INFO]best epoch: 441, best loss: 0.002504
[2025-02-22 17:31:40;INFO]----------------------------------------------------------------------------------------------------

[2025-02-22 17:31:40;INFO]Current Epoch: 445 / 500 | Learning Rate : 0.00034549150281194005
[2025-02-22 17:31:59;INFO]Train | Loss : 0.003391 | ACC : 3360/3360 (100.000%)
[2025-02-22 17:32:02;INFO]Valid | Loss : 0.005982 | ACC : 1439/1440 (99.931%)
[2025-02-22 17:32:02;INFO]      | Loss didn't drop!

[2025-02-22 17:32:02;INFO]best epoch: 441, best loss: 0.002504
[2025-02-22 17:32:02;INFO]----------------------------------------------------------------------------------------------------

[2025-02-22 17:32:02;INFO]Current Epoch: 446 / 500 | Learning Rate : 0.00014644660940643168
[2025-02-22 17:32:21;INFO]Train | Loss : 0.002807 | ACC : 3360/3360 (100.000%)
[2025-02-22 17:32:24;INFO]Valid | Loss : 0.004786 | ACC : 1440/1440 (100.000%)
[2025-02-22 17:32:24;INFO]      | Loss didn't drop!

[2025-02-22 17:32:24;INFO]best epoch: 441, best loss: 0.002504
[2025-02-22 17:32:24;INFO]----------------------------------------------------------------------------------------------------

[2025-02-22 17:32:24;INFO]Current Epoch: 447 / 500 | Learning Rate : 0.0009755282581490317
[2025-02-22 17:32:42;INFO]Train | Loss : 0.003981 | ACC : 3360/3360 (100.000%)
[2025-02-22 17:32:45;INFO]Valid | Loss : 0.002596 | ACC : 1440/1440 (100.000%)
[2025-02-22 17:32:45;INFO]      | Loss didn't drop!

[2025-02-22 17:32:45;INFO]best epoch: 441, best loss: 0.002504
[2025-02-22 17:32:45;INFO]----------------------------------------------------------------------------------------------------

[2025-02-22 17:32:45;INFO]Current Epoch: 448 / 500 | Learning Rate : 0.00042178276748065617
[2025-02-22 17:33:04;INFO]Train | Loss : 0.005473 | ACC : 3360/3360 (100.000%)
[2025-02-22 17:33:07;INFO]Valid | Loss : 0.003653 | ACC : 1440/1440 (100.000%)
[2025-02-22 17:33:07;INFO]      | Loss didn't drop!

[2025-02-22 17:33:07;INFO]best epoch: 441, best loss: 0.002504
[2025-02-22 17:33:07;INFO]----------------------------------------------------------------------------------------------------

[2025-02-22 17:33:07;INFO]Current Epoch: 449 / 500 | Learning Rate : 9.549150281270193e-05
[2025-02-22 17:33:26;INFO]Train | Loss : 0.003191 | ACC : 3360/3360 (100.000%)
[2025-02-22 17:33:28;INFO]Valid | Loss : 0.011813 | ACC : 1440/1440 (100.000%)
[2025-02-22 17:33:28;INFO]      | Loss didn't drop!

[2025-02-22 17:33:28;INFO]best epoch: 441, best loss: 0.002504
[2025-02-22 17:33:28;INFO]----------------------------------------------------------------------------------------------------

[2025-02-22 17:33:28;INFO]Current Epoch: 450 / 500 | Learning Rate : 0.0009455032620961439
[2025-02-22 17:33:47;INFO]Train | Loss : 0.004595 | ACC : 3360/3360 (100.000%)
[2025-02-22 17:33:50;INFO]Valid | Loss : 0.003642 | ACC : 1440/1440 (100.000%)
[2025-02-22 17:33:50;INFO]      | Loss didn't drop!

[2025-02-22 17:33:50;INFO]best epoch: 441, best loss: 0.002504
[2025-02-22 17:33:50;INFO]----------------------------------------------------------------------------------------------------

[2025-02-22 17:33:50;INFO]Current Epoch: 451 / 500 | Learning Rate : 0.0005000000000012141
[2025-02-22 17:34:09;INFO]Train | Loss : 0.005920 | ACC : 3360/3360 (100.000%)
[2025-02-22 17:34:12;INFO]Valid | Loss : 0.426192 | ACC : 1278/1440 (88.750%)
[2025-02-22 17:34:12;INFO]      | Loss didn't drop!

[2025-02-22 17:34:12;INFO]best epoch: 441, best loss: 0.002504
[2025-02-22 17:34:12;INFO]----------------------------------------------------------------------------------------------------

[2025-02-22 17:34:12;INFO]Current Epoch: 452 / 500 | Learning Rate : 5.449673790593218e-05
[2025-02-22 17:34:31;INFO]Train | Loss : 0.004665 | ACC : 3360/3360 (100.000%)
[2025-02-22 17:34:33;INFO]Valid | Loss : 0.908879 | ACC : 1092/1440 (75.833%)
[2025-02-22 17:34:33;INFO]      | Loss didn't drop!

[2025-02-22 17:34:33;INFO]best epoch: 441, best loss: 0.002504
[2025-02-22 17:34:33;INFO]----------------------------------------------------------------------------------------------------

[2025-02-22 17:34:33;INFO]Current Epoch: 453 / 500 | Learning Rate : 0.0009045084971872147
[2025-02-22 17:34:52;INFO]Train | Loss : 0.003901 | ACC : 3360/3360 (100.000%)
[2025-02-22 17:34:55;INFO]Valid | Loss : 0.006210 | ACC : 1440/1440 (100.000%)
[2025-02-22 17:34:55;INFO]      | Loss didn't drop!

[2025-02-22 17:34:55;INFO]best epoch: 441, best loss: 0.002504
[2025-02-22 17:34:55;INFO]----------------------------------------------------------------------------------------------------

[2025-02-22 17:34:55;INFO]Current Epoch: 454 / 500 | Learning Rate : 0.0005782172325200799
[2025-02-22 17:35:14;INFO]Train | Loss : 0.002683 | ACC : 3360/3360 (100.000%)
[2025-02-22 17:35:17;INFO]Valid | Loss : 0.005118 | ACC : 1440/1440 (100.000%)
[2025-02-22 17:35:17;INFO]      | Loss didn't drop!

[2025-02-22 17:35:17;INFO]best epoch: 441, best loss: 0.002504
[2025-02-22 17:35:17;INFO]----------------------------------------------------------------------------------------------------

[2025-02-22 17:35:17;INFO]Current Epoch: 455 / 500 | Learning Rate : 2.4471741852440887e-05
[2025-02-22 17:35:36;INFO]Train | Loss : 0.002533 | ACC : 3360/3360 (100.000%)
[2025-02-22 17:35:38;INFO]Valid | Loss : 0.024475 | ACC : 1433/1440 (99.514%)
[2025-02-22 17:35:38;INFO]      | Loss didn't drop!

[2025-02-22 17:35:38;INFO]best epoch: 441, best loss: 0.002504
[2025-02-22 17:35:38;INFO]----------------------------------------------------------------------------------------------------

[2025-02-22 17:35:38;INFO]Current Epoch: 456 / 500 | Learning Rate : 0.0008535533905934766
[2025-02-22 17:35:57;INFO]Train | Loss : 0.013468 | ACC : 3358/3360 (99.940%)
[2025-02-22 17:36:00;INFO]Valid | Loss : 1.303811 | ACC : 879/1440 (61.042%)
[2025-02-22 17:36:00;INFO]      | Loss didn't drop!

[2025-02-22 17:36:00;INFO]best epoch: 441, best loss: 0.002504
[2025-02-22 17:36:00;INFO]----------------------------------------------------------------------------------------------------

[2025-02-22 17:36:00;INFO]Current Epoch: 457 / 500 | Learning Rate : 0.0006545084971878235
[2025-02-22 17:36:19;INFO]Train | Loss : 0.085923 | ACC : 3312/3360 (98.571%)
[2025-02-22 17:36:22;INFO]Valid | Loss : 3.076280 | ACC : 935/1440 (64.931%)
[2025-02-22 17:36:22;INFO]      | Loss didn't drop!

[2025-02-22 17:36:22;INFO]best epoch: 441, best loss: 0.002504
[2025-02-22 17:36:22;INFO]----------------------------------------------------------------------------------------------------

[2025-02-22 17:36:22;INFO]Current Epoch: 458 / 500 | Learning Rate : 6.155829702438447e-06
[2025-02-22 17:36:40;INFO]Train | Loss : 0.060538 | ACC : 3322/3360 (98.869%)
[2025-02-22 17:36:43;INFO]Valid | Loss : 16.936707 | ACC : 280/1440 (19.444%)
[2025-02-22 17:36:43;INFO]      | Loss didn't drop!

[2025-02-22 17:36:43;INFO]best epoch: 441, best loss: 0.002504
[2025-02-22 17:36:43;INFO]----------------------------------------------------------------------------------------------------

[2025-02-22 17:36:43;INFO]Current Epoch: 459 / 500 | Learning Rate : 0.0007938926261492144
[2025-02-22 17:37:02;INFO]Train | Loss : 0.042648 | ACC : 3348/3360 (99.643%)
[2025-02-22 17:37:05;INFO]Valid | Loss : 5.412907 | ACC : 419/1440 (29.097%)
[2025-02-22 17:37:05;INFO]      | Loss didn't drop!

[2025-02-22 17:37:05;INFO]best epoch: 441, best loss: 0.002504
[2025-02-22 17:37:05;INFO]----------------------------------------------------------------------------------------------------

[2025-02-22 17:37:05;INFO]Current Epoch: 460 / 500 | Learning Rate : 0.0007269952498683909
[2025-02-22 17:37:24;INFO]Train | Loss : 0.031750 | ACC : 3354/3360 (99.821%)
[2025-02-22 17:37:26;INFO]Valid | Loss : 0.133187 | ACC : 1342/1440 (93.194%)
[2025-02-22 17:37:26;INFO]      | Loss didn't drop!

[2025-02-22 17:37:26;INFO]best epoch: 441, best loss: 0.002504
[2025-02-22 17:37:26;INFO]----------------------------------------------------------------------------------------------------

[2025-02-22 17:37:26;INFO]Current Epoch: 461 / 500 | Learning Rate : 0.0
[2025-02-22 17:37:45;INFO]Train | Loss : 0.011722 | ACC : 3360/3360 (100.000%)
[2025-02-22 17:37:48;INFO]Valid | Loss : 0.223354 | ACC : 1301/1440 (90.347%)
[2025-02-22 17:37:48;INFO]      | Loss didn't drop!

[2025-02-22 17:37:48;INFO]best epoch: 441, best loss: 0.002504
[2025-02-22 17:37:48;INFO]----------------------------------------------------------------------------------------------------

[2025-02-22 17:37:48;INFO]Current Epoch: 462 / 500 | Learning Rate : 0.0007269952498686775
[2025-02-22 17:38:07;INFO]Train | Loss : 0.008796 | ACC : 3359/3360 (99.970%)
[2025-02-22 17:38:10;INFO]Valid | Loss : 0.006964 | ACC : 1440/1440 (100.000%)
[2025-02-22 17:38:10;INFO]      | Loss didn't drop!

[2025-02-22 17:38:10;INFO]best epoch: 441, best loss: 0.002504
[2025-02-22 17:38:10;INFO]----------------------------------------------------------------------------------------------------

[2025-02-22 17:38:10;INFO]Current Epoch: 463 / 500 | Learning Rate : 0.0007938926261474937
[2025-02-22 17:38:29;INFO]Train | Loss : 0.046681 | ACC : 3335/3360 (99.256%)
[2025-02-22 17:38:31;INFO]Valid | Loss : 0.229241 | ACC : 1326/1440 (92.083%)
[2025-02-22 17:38:31;INFO]      | Loss didn't drop!

[2025-02-22 17:38:31;INFO]best epoch: 441, best loss: 0.002504
[2025-02-22 17:38:31;INFO]----------------------------------------------------------------------------------------------------

[2025-02-22 17:38:31;INFO]Current Epoch: 464 / 500 | Learning Rate : 6.155829702431115e-06
[2025-02-22 17:38:50;INFO]Train | Loss : 0.017229 | ACC : 3360/3360 (100.000%)
[2025-02-22 17:38:53;INFO]Valid | Loss : 0.106508 | ACC : 1413/1440 (98.125%)
[2025-02-22 17:38:53;INFO]      | Loss didn't drop!

[2025-02-22 17:38:53;INFO]best epoch: 441, best loss: 0.002504
[2025-02-22 17:38:53;INFO]----------------------------------------------------------------------------------------------------

[2025-02-22 17:38:53;INFO]Current Epoch: 465 / 500 | Learning Rate : 0.0006545084971888161
[2025-02-22 17:39:12;INFO]Train | Loss : 0.006108 | ACC : 3360/3360 (100.000%)
[2025-02-22 17:39:15;INFO]Valid | Loss : 0.010883 | ACC : 1439/1440 (99.931%)
[2025-02-22 17:39:15;INFO]      | Loss didn't drop!

[2025-02-22 17:39:15;INFO]best epoch: 441, best loss: 0.002504
[2025-02-22 17:39:15;INFO]----------------------------------------------------------------------------------------------------

[2025-02-22 17:39:15;INFO]Current Epoch: 466 / 500 | Learning Rate : 0.0008535533905951254
[2025-02-22 17:39:34;INFO]Train | Loss : 0.015660 | ACC : 3359/3360 (99.970%)
[2025-02-22 17:39:36;INFO]Valid | Loss : 0.004219 | ACC : 1440/1440 (100.000%)
[2025-02-22 17:39:36;INFO]      | Loss didn't drop!

[2025-02-22 17:39:36;INFO]best epoch: 441, best loss: 0.002504
[2025-02-22 17:39:36;INFO]----------------------------------------------------------------------------------------------------

[2025-02-22 17:39:36;INFO]Current Epoch: 467 / 500 | Learning Rate : 2.4471741852469937e-05
[2025-02-22 17:39:55;INFO]Train | Loss : 0.007335 | ACC : 3360/3360 (100.000%)
[2025-02-22 17:39:58;INFO]Valid | Loss : 1.543636 | ACC : 813/1440 (56.458%)
[2025-02-22 17:39:58;INFO]      | Loss didn't drop!

[2025-02-22 17:39:58;INFO]best epoch: 441, best loss: 0.002504
[2025-02-22 17:39:58;INFO]----------------------------------------------------------------------------------------------------

[2025-02-22 17:39:58;INFO]Current Epoch: 468 / 500 | Learning Rate : 0.000578217232521603
[2025-02-22 17:40:17;INFO]Train | Loss : 0.005656 | ACC : 3360/3360 (100.000%)
[2025-02-22 17:40:19;INFO]Valid | Loss : 0.360716 | ACC : 1219/1440 (84.653%)
[2025-02-22 17:40:19;INFO]      | Loss didn't drop!

[2025-02-22 17:40:19;INFO]best epoch: 441, best loss: 0.002504
[2025-02-22 17:40:19;INFO]----------------------------------------------------------------------------------------------------

[2025-02-22 17:40:19;INFO]Current Epoch: 469 / 500 | Learning Rate : 0.0009045084971872698
[2025-02-22 17:40:38;INFO]Train | Loss : 0.004810 | ACC : 3360/3360 (100.000%)
[2025-02-22 17:40:41;INFO]Valid | Loss : 0.004423 | ACC : 1440/1440 (100.000%)
[2025-02-22 17:40:41;INFO]      | Loss didn't drop!

[2025-02-22 17:40:41;INFO]best epoch: 441, best loss: 0.002504
[2025-02-22 17:40:41;INFO]----------------------------------------------------------------------------------------------------

[2025-02-22 17:40:41;INFO]Current Epoch: 470 / 500 | Learning Rate : 5.449673790576544e-05
[2025-02-22 17:41:00;INFO]Train | Loss : 0.008663 | ACC : 3360/3360 (100.000%)
[2025-02-22 17:41:03;INFO]Valid | Loss : 0.009784 | ACC : 1439/1440 (99.931%)
[2025-02-22 17:41:03;INFO]      | Loss didn't drop!

[2025-02-22 17:41:03;INFO]best epoch: 441, best loss: 0.002504
[2025-02-22 17:41:03;INFO]----------------------------------------------------------------------------------------------------

[2025-02-22 17:41:03;INFO]Current Epoch: 471 / 500 | Learning Rate : 0.0005000000000000921
[2025-02-22 17:41:22;INFO]Train | Loss : 0.006478 | ACC : 3360/3360 (100.000%)
[2025-02-22 17:41:24;INFO]Valid | Loss : 0.051833 | ACC : 1419/1440 (98.542%)
[2025-02-22 17:41:24;INFO]      | Loss didn't drop!

[2025-02-22 17:41:24;INFO]best epoch: 441, best loss: 0.002504
[2025-02-22 17:41:24;INFO]----------------------------------------------------------------------------------------------------

[2025-02-22 17:41:24;INFO]Current Epoch: 472 / 500 | Learning Rate : 0.000945503262094521
[2025-02-22 17:41:43;INFO]Train | Loss : 0.004295 | ACC : 3360/3360 (100.000%)
[2025-02-22 17:41:46;INFO]Valid | Loss : 0.007951 | ACC : 1440/1440 (100.000%)
[2025-02-22 17:41:46;INFO]      | Loss didn't drop!

[2025-02-22 17:41:46;INFO]best epoch: 441, best loss: 0.002504
[2025-02-22 17:41:46;INFO]----------------------------------------------------------------------------------------------------

[2025-02-22 17:41:46;INFO]Current Epoch: 473 / 500 | Learning Rate : 9.54915028125349e-05
[2025-02-22 17:42:05;INFO]Train | Loss : 0.003760 | ACC : 3360/3360 (100.000%)
[2025-02-22 17:42:08;INFO]Valid | Loss : 0.208459 | ACC : 1298/1440 (90.139%)
[2025-02-22 17:42:08;INFO]      | Loss didn't drop!

[2025-02-22 17:42:08;INFO]best epoch: 441, best loss: 0.002504
[2025-02-22 17:42:08;INFO]----------------------------------------------------------------------------------------------------

[2025-02-22 17:42:08;INFO]Current Epoch: 474 / 500 | Learning Rate : 0.00042178276748028006
[2025-02-22 17:42:27;INFO]Train | Loss : 0.003445 | ACC : 3360/3360 (100.000%)
[2025-02-22 17:42:29;INFO]Valid | Loss : 0.014562 | ACC : 1438/1440 (99.861%)
[2025-02-22 17:42:29;INFO]      | Loss didn't drop!

[2025-02-22 17:42:29;INFO]best epoch: 441, best loss: 0.002504
[2025-02-22 17:42:29;INFO]----------------------------------------------------------------------------------------------------

[2025-02-22 17:42:29;INFO]Current Epoch: 475 / 500 | Learning Rate : 0.0009755282581512614
[2025-02-22 17:42:48;INFO]Train | Loss : 0.004381 | ACC : 3360/3360 (100.000%)
[2025-02-22 17:42:51;INFO]Valid | Loss : 0.002613 | ACC : 1440/1440 (100.000%)
[2025-02-22 17:42:51;INFO]      | Loss didn't drop!

[2025-02-22 17:42:51;INFO]best epoch: 441, best loss: 0.002504
[2025-02-22 17:42:51;INFO]----------------------------------------------------------------------------------------------------

[2025-02-22 17:42:51;INFO]Current Epoch: 476 / 500 | Learning Rate : 0.00014644660940643807
[2025-02-22 17:43:10;INFO]Train | Loss : 0.005867 | ACC : 3356/3360 (99.881%)
[2025-02-22 17:43:13;INFO]Valid | Loss : 0.473637 | ACC : 1256/1440 (87.222%)
[2025-02-22 17:43:13;INFO]      | Loss didn't drop!

[2025-02-22 17:43:13;INFO]best epoch: 441, best loss: 0.002504
[2025-02-22 17:43:13;INFO]----------------------------------------------------------------------------------------------------

[2025-02-22 17:43:13;INFO]Current Epoch: 477 / 500 | Learning Rate : 0.0003454915028120299
[2025-02-22 17:43:32;INFO]Train | Loss : 0.004541 | ACC : 3360/3360 (100.000%)
[2025-02-22 17:43:34;INFO]Valid | Loss : 0.003838 | ACC : 1440/1440 (100.000%)
[2025-02-22 17:43:34;INFO]      | Loss didn't drop!

[2025-02-22 17:43:34;INFO]best epoch: 441, best loss: 0.002504
[2025-02-22 17:43:34;INFO]----------------------------------------------------------------------------------------------------

[2025-02-22 17:43:34;INFO]Current Epoch: 478 / 500 | Learning Rate : 0.000993844170296153
[2025-02-22 17:43:53;INFO]Train | Loss : 0.004199 | ACC : 3360/3360 (100.000%)
[2025-02-22 17:43:56;INFO]Valid | Loss : 0.003203 | ACC : 1440/1440 (100.000%)
[2025-02-22 17:43:56;INFO]      | Loss didn't drop!

[2025-02-22 17:43:56;INFO]best epoch: 441, best loss: 0.002504
[2025-02-22 17:43:56;INFO]----------------------------------------------------------------------------------------------------

[2025-02-22 17:43:56;INFO]Current Epoch: 479 / 500 | Learning Rate : 0.00020610737385401133
[2025-02-22 17:44:15;INFO]Train | Loss : 0.003567 | ACC : 3360/3360 (100.000%)
[2025-02-22 17:44:17;INFO]Valid | Loss : 0.006325 | ACC : 1440/1440 (100.000%)
[2025-02-22 17:44:17;INFO]      | Loss didn't drop!

[2025-02-22 17:44:17;INFO]best epoch: 441, best loss: 0.002504
[2025-02-22 17:44:17;INFO]----------------------------------------------------------------------------------------------------

[2025-02-22 17:44:17;INFO]Current Epoch: 480 / 500 | Learning Rate : 0.00027300475013085715
[2025-02-22 17:44:36;INFO]Train | Loss : 0.002475 | ACC : 3360/3360 (100.000%)
[2025-02-22 17:44:39;INFO]Valid | Loss : 0.002996 | ACC : 1440/1440 (100.000%)
[2025-02-22 17:44:39;INFO]      | Loss didn't drop!

[2025-02-22 17:44:39;INFO]best epoch: 441, best loss: 0.002504
[2025-02-22 17:44:39;INFO]----------------------------------------------------------------------------------------------------

[2025-02-22 17:44:39;INFO]Current Epoch: 481 / 500 | Learning Rate : 0.0010000000000020288
[2025-02-22 17:44:58;INFO]Train | Loss : 0.009003 | ACC : 3356/3360 (99.881%)
[2025-02-22 17:45:01;INFO]Valid | Loss : 0.002154 | ACC : 1440/1440 (100.000%)
[2025-02-22 17:45:01;INFO]      | Loss dropped from 0.002504 to 0.002154, model has been saved!

[2025-02-22 17:45:01;INFO]best epoch: 481, best loss: 0.002154
[2025-02-22 17:45:01;INFO]----------------------------------------------------------------------------------------------------

[2025-02-22 17:45:01;INFO]Current Epoch: 482 / 500 | Learning Rate : 0.00027300475013086056
[2025-02-22 17:45:20;INFO]Train | Loss : 0.011490 | ACC : 3353/3360 (99.792%)
[2025-02-22 17:45:22;INFO]Valid | Loss : 0.963227 | ACC : 1084/1440 (75.278%)
[2025-02-22 17:45:22;INFO]      | Loss didn't drop!

[2025-02-22 17:45:22;INFO]best epoch: 481, best loss: 0.002154
[2025-02-22 17:45:22;INFO]----------------------------------------------------------------------------------------------------

[2025-02-22 17:45:22;INFO]Current Epoch: 483 / 500 | Learning Rate : 0.00020610737385416575
[2025-02-22 17:45:41;INFO]Train | Loss : 0.005871 | ACC : 3360/3360 (100.000%)
[2025-02-22 17:45:44;INFO]Valid | Loss : 1.026706 | ACC : 970/1440 (67.361%)
[2025-02-22 17:45:44;INFO]      | Loss didn't drop!

[2025-02-22 17:45:44;INFO]best epoch: 481, best loss: 0.002154
[2025-02-22 17:45:44;INFO]----------------------------------------------------------------------------------------------------

[2025-02-22 17:45:44;INFO]Current Epoch: 484 / 500 | Learning Rate : 0.0009938441703001397
[2025-02-22 17:46:03;INFO]Train | Loss : 0.007038 | ACC : 3359/3360 (99.970%)
[2025-02-22 17:46:06;INFO]Valid | Loss : 0.007195 | ACC : 1440/1440 (100.000%)
[2025-02-22 17:46:06;INFO]      | Loss didn't drop!

[2025-02-22 17:46:06;INFO]best epoch: 481, best loss: 0.002154
[2025-02-22 17:46:06;INFO]----------------------------------------------------------------------------------------------------

[2025-02-22 17:46:06;INFO]Current Epoch: 485 / 500 | Learning Rate : 0.0003454915028115515
[2025-02-22 17:46:25;INFO]Train | Loss : 0.007476 | ACC : 3360/3360 (100.000%)
[2025-02-22 17:46:27;INFO]Valid | Loss : 0.069978 | ACC : 1402/1440 (97.361%)
[2025-02-22 17:46:27;INFO]      | Loss didn't drop!

[2025-02-22 17:46:27;INFO]best epoch: 481, best loss: 0.002154
[2025-02-22 17:46:27;INFO]----------------------------------------------------------------------------------------------------

[2025-02-22 17:46:27;INFO]Current Epoch: 486 / 500 | Learning Rate : 0.00014644660940621142
[2025-02-22 17:46:46;INFO]Train | Loss : 0.005880 | ACC : 3360/3360 (100.000%)
[2025-02-22 17:46:49;INFO]Valid | Loss : 0.338069 | ACC : 1292/1440 (89.722%)
[2025-02-22 17:46:49;INFO]      | Loss didn't drop!

[2025-02-22 17:46:49;INFO]best epoch: 481, best loss: 0.002154
[2025-02-22 17:46:49;INFO]----------------------------------------------------------------------------------------------------

[2025-02-22 17:46:49;INFO]Current Epoch: 487 / 500 | Learning Rate : 0.0009755282581478109
[2025-02-22 17:47:08;INFO]Train | Loss : 0.010309 | ACC : 3358/3360 (99.940%)
[2025-02-22 17:47:11;INFO]Valid | Loss : 0.013644 | ACC : 1439/1440 (99.931%)
[2025-02-22 17:47:11;INFO]      | Loss didn't drop!

[2025-02-22 17:47:11;INFO]best epoch: 481, best loss: 0.002154
[2025-02-22 17:47:11;INFO]----------------------------------------------------------------------------------------------------

[2025-02-22 17:47:11;INFO]Current Epoch: 488 / 500 | Learning Rate : 0.00042178276748138627
[2025-02-22 17:47:30;INFO]Train | Loss : 0.011030 | ACC : 3359/3360 (99.970%)
[2025-02-22 17:47:32;INFO]Valid | Loss : 0.195191 | ACC : 1294/1440 (89.861%)
[2025-02-22 17:47:32;INFO]      | Loss didn't drop!

[2025-02-22 17:47:32;INFO]best epoch: 481, best loss: 0.002154
[2025-02-22 17:47:32;INFO]----------------------------------------------------------------------------------------------------

[2025-02-22 17:47:32;INFO]Current Epoch: 489 / 500 | Learning Rate : 9.549150281289342e-05
[2025-02-22 17:47:51;INFO]Train | Loss : 0.005357 | ACC : 3360/3360 (100.000%)
[2025-02-22 17:47:54;INFO]Valid | Loss : 0.569181 | ACC : 1089/1440 (75.625%)
[2025-02-22 17:47:54;INFO]      | Loss didn't drop!

[2025-02-22 17:47:54;INFO]best epoch: 481, best loss: 0.002154
[2025-02-22 17:47:54;INFO]----------------------------------------------------------------------------------------------------

[2025-02-22 17:47:54;INFO]Current Epoch: 490 / 500 | Learning Rate : 0.0009455032620949193
[2025-02-22 17:48:13;INFO]Train | Loss : 0.007557 | ACC : 3358/3360 (99.940%)
[2025-02-22 17:48:15;INFO]Valid | Loss : 0.005033 | ACC : 1440/1440 (100.000%)
[2025-02-22 17:48:15;INFO]      | Loss didn't drop!

[2025-02-22 17:48:15;INFO]best epoch: 481, best loss: 0.002154
[2025-02-22 17:48:15;INFO]----------------------------------------------------------------------------------------------------

[2025-02-22 17:48:15;INFO]Current Epoch: 491 / 500 | Learning Rate : 0.0005000000000020757
[2025-02-22 17:48:34;INFO]Train | Loss : 0.013788 | ACC : 3357/3360 (99.911%)
[2025-02-22 17:48:37;INFO]Valid | Loss : 0.047551 | ACC : 1427/1440 (99.097%)
[2025-02-22 17:48:37;INFO]      | Loss didn't drop!

[2025-02-22 17:48:37;INFO]best epoch: 481, best loss: 0.002154
[2025-02-22 17:48:37;INFO]----------------------------------------------------------------------------------------------------

[2025-02-22 17:48:37;INFO]Current Epoch: 492 / 500 | Learning Rate : 5.4496737906049565e-05
[2025-02-22 17:48:56;INFO]Train | Loss : 0.037618 | ACC : 3350/3360 (99.702%)
[2025-02-22 17:48:59;INFO]Valid | Loss : 2.741302 | ACC : 765/1440 (53.125%)
[2025-02-22 17:48:59;INFO]      | Loss didn't drop!

[2025-02-22 17:48:59;INFO]best epoch: 481, best loss: 0.002154
[2025-02-22 17:48:59;INFO]----------------------------------------------------------------------------------------------------

[2025-02-22 17:48:59;INFO]Current Epoch: 493 / 500 | Learning Rate : 0.000904508497188653
[2025-02-22 17:49:18;INFO]Train | Loss : 0.044590 | ACC : 3346/3360 (99.583%)
[2025-02-22 17:49:20;INFO]Valid | Loss : 1.587813 | ACC : 990/1440 (68.750%)
[2025-02-22 17:49:20;INFO]      | Loss didn't drop!

[2025-02-22 17:49:20;INFO]best epoch: 481, best loss: 0.002154
[2025-02-22 17:49:20;INFO]----------------------------------------------------------------------------------------------------

[2025-02-22 17:49:20;INFO]Current Epoch: 494 / 500 | Learning Rate : 0.0005782172325192819
[2025-02-22 17:49:39;INFO]Train | Loss : 0.011158 | ACC : 3360/3360 (100.000%)
[2025-02-22 17:49:42;INFO]Valid | Loss : 0.061838 | ACC : 1436/1440 (99.722%)
[2025-02-22 17:49:42;INFO]      | Loss didn't drop!

[2025-02-22 17:49:42;INFO]best epoch: 481, best loss: 0.002154
[2025-02-22 17:49:42;INFO]----------------------------------------------------------------------------------------------------

[2025-02-22 17:49:42;INFO]Current Epoch: 495 / 500 | Learning Rate : 2.4471741852394327e-05
[2025-02-22 17:50:01;INFO]Train | Loss : 0.006638 | ACC : 3359/3360 (99.970%)
[2025-02-22 17:50:04;INFO]Valid | Loss : 0.195057 | ACC : 1343/1440 (93.264%)
[2025-02-22 17:50:04;INFO]      | Loss didn't drop!

[2025-02-22 17:50:04;INFO]best epoch: 481, best loss: 0.002154
[2025-02-22 17:50:04;INFO]----------------------------------------------------------------------------------------------------

[2025-02-22 17:50:04;INFO]Current Epoch: 496 / 500 | Learning Rate : 0.000853553390594827
[2025-02-22 17:50:23;INFO]Train | Loss : 0.004990 | ACC : 3360/3360 (100.000%)
[2025-02-22 17:50:25;INFO]Valid | Loss : 0.009896 | ACC : 1440/1440 (100.000%)
[2025-02-22 17:50:25;INFO]      | Loss didn't drop!

[2025-02-22 17:50:25;INFO]best epoch: 481, best loss: 0.002154
[2025-02-22 17:50:25;INFO]----------------------------------------------------------------------------------------------------

[2025-02-22 17:50:25;INFO]Current Epoch: 497 / 500 | Learning Rate : 0.0006545084971869364
[2025-02-22 17:50:44;INFO]Train | Loss : 0.007241 | ACC : 3360/3360 (100.000%)
[2025-02-22 17:50:47;INFO]Valid | Loss : 0.014060 | ACC : 1440/1440 (100.000%)
[2025-02-22 17:50:47;INFO]      | Loss didn't drop!

[2025-02-22 17:50:47;INFO]best epoch: 481, best loss: 0.002154
[2025-02-22 17:50:47;INFO]----------------------------------------------------------------------------------------------------

[2025-02-22 17:50:47;INFO]Current Epoch: 498 / 500 | Learning Rate : 6.155829702422844e-06
[2025-02-22 17:51:06;INFO]Train | Loss : 0.006497 | ACC : 3360/3360 (100.000%)
[2025-02-22 17:51:09;INFO]Valid | Loss : 0.014314 | ACC : 1438/1440 (99.861%)
[2025-02-22 17:51:09;INFO]      | Loss didn't drop!

[2025-02-22 17:51:09;INFO]best epoch: 481, best loss: 0.002154
[2025-02-22 17:51:09;INFO]----------------------------------------------------------------------------------------------------

[2025-02-22 17:51:09;INFO]Current Epoch: 499 / 500 | Learning Rate : 0.0007938926261482571
[2025-02-22 17:51:27;INFO]Train | Loss : 0.010427 | ACC : 3359/3360 (99.970%)
[2025-02-22 17:51:30;INFO]Valid | Loss : 0.238101 | ACC : 1338/1440 (92.917%)
[2025-02-22 17:51:30;INFO]      | Loss didn't drop!

[2025-02-22 17:51:30;INFO]best epoch: 481, best loss: 0.002154
[2025-02-22 17:51:30;INFO]----------------------------------------------------------------------------------------------------

[2025-02-22 17:51:30;INFO]Current Epoch: 500 / 500 | Learning Rate : 0.0007269952498738114
[2025-02-22 17:51:49;INFO]Train | Loss : 0.013517 | ACC : 3358/3360 (99.940%)
[2025-02-22 17:51:52;INFO]Valid | Loss : 0.020917 | ACC : 1437/1440 (99.792%)
[2025-02-22 17:51:52;INFO]      | Loss didn't drop!

[2025-02-22 17:51:52;INFO]best epoch: 481, best loss: 0.002154
[2025-02-22 17:51:52;INFO]----------------------------------------------------------------------------------------------------

[2025-02-22 17:51:52;INFO]Training finished! Best Epoch : 481 | Best Loss : 0.002154


