[2025-02-24 07:46:00;INFO]====================================================================================================
[2025-02-24 07:46:00;INFO]Config
[2025-02-24 07:46:00;INFO]----------------------------------------------------------------------------------------------------
[2025-02-24 07:46:00;INFO]seed : 2025
[2025-02-24 07:46:00;INFO]mode : train
[2025-02-24 07:46:00;INFO]device : cuda
[2025-02-24 07:46:00;INFO]dataset_path : ../../../Datasets
[2025-02-24 07:46:00;INFO]source : {'d': 3}
[2025-02-24 07:46:00;INFO]num_classes : 25
[2025-02-24 07:46:00;INFO]backbone : scnn
[2025-02-24 07:46:00;INFO]lr : 0.001
[2025-02-24 07:46:00;INFO]batch_size : 128
[2025-02-24 07:46:00;INFO]train_epochs : 500
[2025-02-24 07:46:00;INFO]root_dir : ./result/lora_scnn
[2025-02-24 07:46:00;INFO]work_dir : ./result/lora_scnn/train/day3
[2025-02-24 07:46:00;INFO]logger : <Logger Logger_train (INFO)>
[2025-02-24 07:46:00;INFO]====================================================================================================


[2025-02-24 07:46:03;INFO]Start training ...
[2025-02-24 07:46:03;INFO]No. train samples: 6562
[2025-02-24 07:46:03;INFO]No. valid samples: 2813
[2025-02-24 07:46:03;INFO]----------------------------------------------------------------------------------------------------

[2025-02-24 07:46:03;INFO]Current Epoch: 1 / 500 | Learning Rate : 0.001
[2025-02-24 07:46:23;INFO]Train | Loss : 3.219660 | ACC : 314/6562 (4.785%)
[2025-02-24 07:46:27;INFO]Valid | Loss : 3.255048 | ACC : 114/2813 (4.053%)
[2025-02-24 07:46:27;INFO]      | Loss dropped from inf to 3.255048, model has been saved!

[2025-02-24 07:46:27;INFO]best epoch: 1, best loss: 3.255048
[2025-02-24 07:46:27;INFO]----------------------------------------------------------------------------------------------------

[2025-02-24 07:46:27;INFO]Current Epoch: 2 / 500 | Learning Rate : 0.0003454915028125262
[2025-02-24 07:46:55;INFO]Train | Loss : 3.130465 | ACC : 645/6562 (9.829%)
[2025-02-24 07:46:59;INFO]Valid | Loss : 3.129496 | ACC : 126/2813 (4.479%)
[2025-02-24 07:46:59;INFO]      | Loss dropped from 3.255048 to 3.129496, model has been saved!

[2025-02-24 07:46:59;INFO]best epoch: 2, best loss: 3.129496
[2025-02-24 07:46:59;INFO]----------------------------------------------------------------------------------------------------

[2025-02-24 07:46:59;INFO]Current Epoch: 3 / 500 | Learning Rate : 9.549150281252526e-05
[2025-02-24 07:47:28;INFO]Train | Loss : 2.941863 | ACC : 1325/6562 (20.192%)
[2025-02-24 07:47:32;INFO]Valid | Loss : 3.416338 | ACC : 146/2813 (5.190%)
[2025-02-24 07:47:32;INFO]      | Loss didn't drop!

[2025-02-24 07:47:32;INFO]best epoch: 2, best loss: 3.129496
[2025-02-24 07:47:32;INFO]----------------------------------------------------------------------------------------------------

[2025-02-24 07:47:32;INFO]Current Epoch: 4 / 500 | Learning Rate : 0.0009045084971875147
[2025-02-24 07:48:01;INFO]Train | Loss : 2.976990 | ACC : 1090/6562 (16.611%)
[2025-02-24 07:48:05;INFO]Valid | Loss : 3.108021 | ACC : 227/2813 (8.070%)
[2025-02-24 07:48:05;INFO]      | Loss dropped from 3.129496 to 3.108021, model has been saved!

[2025-02-24 07:48:05;INFO]best epoch: 4, best loss: 3.108021
[2025-02-24 07:48:05;INFO]----------------------------------------------------------------------------------------------------

[2025-02-24 07:48:05;INFO]Current Epoch: 5 / 500 | Learning Rate : 0.0006545084971874742
[2025-02-24 07:48:35;INFO]Train | Loss : 2.783731 | ACC : 1729/6562 (26.349%)
[2025-02-24 07:48:39;INFO]Valid | Loss : 2.666874 | ACC : 885/2813 (31.461%)
[2025-02-24 07:48:39;INFO]      | Loss dropped from 3.108021 to 2.666874, model has been saved!

[2025-02-24 07:48:39;INFO]best epoch: 5, best loss: 2.666874
[2025-02-24 07:48:39;INFO]----------------------------------------------------------------------------------------------------

[2025-02-24 07:48:39;INFO]Current Epoch: 6 / 500 | Learning Rate : 0.0
[2025-02-24 07:49:09;INFO]Train | Loss : 2.666160 | ACC : 2213/6562 (33.724%)
[2025-02-24 07:49:13;INFO]Valid | Loss : 2.744245 | ACC : 659/2813 (23.427%)
[2025-02-24 07:49:13;INFO]      | Loss didn't drop!

[2025-02-24 07:49:13;INFO]best epoch: 5, best loss: 2.666874
[2025-02-24 07:49:13;INFO]----------------------------------------------------------------------------------------------------

[2025-02-24 07:49:13;INFO]Current Epoch: 7 / 500 | Learning Rate : 0.0006545084971875082
[2025-02-24 07:49:43;INFO]Train | Loss : 2.604694 | ACC : 2448/6562 (37.306%)
[2025-02-24 07:49:47;INFO]Valid | Loss : 2.976499 | ACC : 247/2813 (8.781%)
[2025-02-24 07:49:47;INFO]      | Loss didn't drop!

[2025-02-24 07:49:47;INFO]best epoch: 5, best loss: 2.666874
[2025-02-24 07:49:47;INFO]----------------------------------------------------------------------------------------------------

[2025-02-24 07:49:47;INFO]Current Epoch: 8 / 500 | Learning Rate : 0.0009045084971875245
[2025-02-24 07:50:17;INFO]Train | Loss : 2.556866 | ACC : 2747/6562 (41.862%)
[2025-02-24 07:50:22;INFO]Valid | Loss : 2.383827 | ACC : 1211/2813 (43.050%)
[2025-02-24 07:50:22;INFO]      | Loss dropped from 2.666874 to 2.383827, model has been saved!

[2025-02-24 07:50:22;INFO]best epoch: 8, best loss: 2.383827
[2025-02-24 07:50:22;INFO]----------------------------------------------------------------------------------------------------

[2025-02-24 07:50:22;INFO]Current Epoch: 9 / 500 | Learning Rate : 9.549150281253313e-05
[2025-02-24 07:50:52;INFO]Train | Loss : 2.432920 | ACC : 3175/6562 (48.385%)
[2025-02-24 07:50:56;INFO]Valid | Loss : 2.450173 | ACC : 1302/2813 (46.285%)
[2025-02-24 07:50:56;INFO]      | Loss didn't drop!

[2025-02-24 07:50:56;INFO]best epoch: 8, best loss: 2.383827
[2025-02-24 07:50:56;INFO]----------------------------------------------------------------------------------------------------

[2025-02-24 07:50:56;INFO]Current Epoch: 10 / 500 | Learning Rate : 0.00034549150281251733
[2025-02-24 07:51:26;INFO]Train | Loss : 2.429786 | ACC : 2987/6562 (45.520%)
[2025-02-24 07:51:30;INFO]Valid | Loss : 2.781300 | ACC : 511/2813 (18.166%)
[2025-02-24 07:51:30;INFO]      | Loss didn't drop!

[2025-02-24 07:51:30;INFO]best epoch: 8, best loss: 2.383827
[2025-02-24 07:51:30;INFO]----------------------------------------------------------------------------------------------------

[2025-02-24 07:51:30;INFO]Current Epoch: 11 / 500 | Learning Rate : 0.0010000000000000722
[2025-02-24 07:52:00;INFO]Train | Loss : 2.355267 | ACC : 3280/6562 (49.985%)
[2025-02-24 07:52:04;INFO]Valid | Loss : 2.353869 | ACC : 1150/2813 (40.882%)
[2025-02-24 07:52:04;INFO]      | Loss dropped from 2.383827 to 2.353869, model has been saved!

[2025-02-24 07:52:04;INFO]best epoch: 11, best loss: 2.353869
[2025-02-24 07:52:04;INFO]----------------------------------------------------------------------------------------------------

[2025-02-24 07:52:04;INFO]Current Epoch: 12 / 500 | Learning Rate : 0.0003454915028125234
[2025-02-24 07:52:34;INFO]Train | Loss : 2.267157 | ACC : 3544/6562 (54.008%)
[2025-02-24 07:52:38;INFO]Valid | Loss : 2.134752 | ACC : 1847/2813 (65.659%)
[2025-02-24 07:52:38;INFO]      | Loss dropped from 2.353869 to 2.134752, model has been saved!

[2025-02-24 07:52:38;INFO]best epoch: 12, best loss: 2.134752
[2025-02-24 07:52:38;INFO]----------------------------------------------------------------------------------------------------

[2025-02-24 07:52:38;INFO]Current Epoch: 13 / 500 | Learning Rate : 9.549150281252432e-05
[2025-02-24 07:53:09;INFO]Train | Loss : 2.227224 | ACC : 3509/6562 (53.475%)
[2025-02-24 07:53:13;INFO]Valid | Loss : 2.376292 | ACC : 795/2813 (28.262%)
[2025-02-24 07:53:13;INFO]      | Loss didn't drop!

[2025-02-24 07:53:13;INFO]best epoch: 12, best loss: 2.134752
[2025-02-24 07:53:13;INFO]----------------------------------------------------------------------------------------------------

[2025-02-24 07:53:13;INFO]Current Epoch: 14 / 500 | Learning Rate : 0.0009045084971873841
[2025-02-24 07:53:43;INFO]Train | Loss : 2.214548 | ACC : 3435/6562 (52.347%)
[2025-02-24 07:53:47;INFO]Valid | Loss : 2.372395 | ACC : 854/2813 (30.359%)
[2025-02-24 07:53:47;INFO]      | Loss didn't drop!

[2025-02-24 07:53:47;INFO]best epoch: 12, best loss: 2.134752
[2025-02-24 07:53:47;INFO]----------------------------------------------------------------------------------------------------

[2025-02-24 07:53:47;INFO]Current Epoch: 15 / 500 | Learning Rate : 0.0006545084971874736
[2025-02-24 07:54:17;INFO]Train | Loss : 2.204622 | ACC : 3629/6562 (55.303%)
[2025-02-24 07:54:21;INFO]Valid | Loss : 2.234413 | ACC : 1250/2813 (44.437%)
[2025-02-24 07:54:21;INFO]      | Loss didn't drop!

[2025-02-24 07:54:21;INFO]best epoch: 12, best loss: 2.134752
[2025-02-24 07:54:21;INFO]----------------------------------------------------------------------------------------------------

[2025-02-24 07:54:21;INFO]Current Epoch: 16 / 500 | Learning Rate : 0.0
[2025-02-24 07:54:51;INFO]Train | Loss : 2.121204 | ACC : 3849/6562 (58.656%)
[2025-02-24 07:54:56;INFO]Valid | Loss : 2.190989 | ACC : 1371/2813 (48.738%)
[2025-02-24 07:54:56;INFO]      | Loss didn't drop!

[2025-02-24 07:54:56;INFO]best epoch: 12, best loss: 2.134752
[2025-02-24 07:54:56;INFO]----------------------------------------------------------------------------------------------------

[2025-02-24 07:54:56;INFO]Current Epoch: 17 / 500 | Learning Rate : 0.0006545084971876484
[2025-02-24 07:55:26;INFO]Train | Loss : 2.121649 | ACC : 3708/6562 (56.507%)
[2025-02-24 07:55:30;INFO]Valid | Loss : 2.184815 | ACC : 1132/2813 (40.242%)
[2025-02-24 07:55:30;INFO]      | Loss didn't drop!

[2025-02-24 07:55:30;INFO]best epoch: 12, best loss: 2.134752
[2025-02-24 07:55:30;INFO]----------------------------------------------------------------------------------------------------

[2025-02-24 07:55:30;INFO]Current Epoch: 18 / 500 | Learning Rate : 0.0009045084971876415
[2025-02-24 07:56:00;INFO]Train | Loss : 2.024592 | ACC : 3916/6562 (59.677%)
[2025-02-24 07:56:04;INFO]Valid | Loss : 2.057517 | ACC : 1220/2813 (43.370%)
[2025-02-24 07:56:04;INFO]      | Loss dropped from 2.134752 to 2.057517, model has been saved!

[2025-02-24 07:56:04;INFO]best epoch: 18, best loss: 2.057517
[2025-02-24 07:56:04;INFO]----------------------------------------------------------------------------------------------------

[2025-02-24 07:56:04;INFO]Current Epoch: 19 / 500 | Learning Rate : 9.549150281253538e-05
[2025-02-24 07:56:34;INFO]Train | Loss : 1.923990 | ACC : 4131/6562 (62.953%)
[2025-02-24 07:56:38;INFO]Valid | Loss : 1.821184 | ACC : 1768/2813 (62.851%)
[2025-02-24 07:56:38;INFO]      | Loss dropped from 2.057517 to 1.821184, model has been saved!

[2025-02-24 07:56:38;INFO]best epoch: 19, best loss: 1.821184
[2025-02-24 07:56:38;INFO]----------------------------------------------------------------------------------------------------

[2025-02-24 07:56:38;INFO]Current Epoch: 20 / 500 | Learning Rate : 0.0003454915028126214
[2025-02-24 07:57:08;INFO]Train | Loss : 1.992219 | ACC : 3981/6562 (60.667%)
[2025-02-24 07:57:13;INFO]Valid | Loss : 2.175306 | ACC : 993/2813 (35.300%)
[2025-02-24 07:57:13;INFO]      | Loss didn't drop!

[2025-02-24 07:57:13;INFO]best epoch: 19, best loss: 1.821184
[2025-02-24 07:57:13;INFO]----------------------------------------------------------------------------------------------------

[2025-02-24 07:57:13;INFO]Current Epoch: 21 / 500 | Learning Rate : 0.0010000000000001989
[2025-02-24 07:57:43;INFO]Train | Loss : 1.945610 | ACC : 3957/6562 (60.302%)
[2025-02-24 07:57:47;INFO]Valid | Loss : 2.189467 | ACC : 775/2813 (27.551%)
[2025-02-24 07:57:47;INFO]      | Loss didn't drop!

[2025-02-24 07:57:47;INFO]best epoch: 19, best loss: 1.821184
[2025-02-24 07:57:47;INFO]----------------------------------------------------------------------------------------------------

[2025-02-24 07:57:47;INFO]Current Epoch: 22 / 500 | Learning Rate : 0.0003454915028125684
[2025-02-24 07:58:17;INFO]Train | Loss : 1.930215 | ACC : 4177/6562 (63.654%)
[2025-02-24 07:58:21;INFO]Valid | Loss : 1.781994 | ACC : 1837/2813 (65.304%)
[2025-02-24 07:58:21;INFO]      | Loss dropped from 1.821184 to 1.781994, model has been saved!

[2025-02-24 07:58:21;INFO]best epoch: 22, best loss: 1.781994
[2025-02-24 07:58:21;INFO]----------------------------------------------------------------------------------------------------

[2025-02-24 07:58:21;INFO]Current Epoch: 23 / 500 | Learning Rate : 9.549150281251615e-05
[2025-02-24 07:58:51;INFO]Train | Loss : 1.856073 | ACC : 3967/6562 (60.454%)
[2025-02-24 07:58:55;INFO]Valid | Loss : 2.611041 | ACC : 581/2813 (20.654%)
[2025-02-24 07:58:55;INFO]      | Loss didn't drop!

[2025-02-24 07:58:55;INFO]best epoch: 22, best loss: 1.781994
[2025-02-24 07:58:55;INFO]----------------------------------------------------------------------------------------------------

[2025-02-24 07:58:55;INFO]Current Epoch: 24 / 500 | Learning Rate : 0.0009045084971876703
[2025-02-24 07:59:25;INFO]Train | Loss : 1.789480 | ACC : 4262/6562 (64.950%)
[2025-02-24 07:59:30;INFO]Valid | Loss : 2.228914 | ACC : 615/2813 (21.863%)
[2025-02-24 07:59:30;INFO]      | Loss didn't drop!

[2025-02-24 07:59:30;INFO]best epoch: 22, best loss: 1.781994
[2025-02-24 07:59:30;INFO]----------------------------------------------------------------------------------------------------

[2025-02-24 07:59:30;INFO]Current Epoch: 25 / 500 | Learning Rate : 0.00065450849718756
[2025-02-24 07:59:59;INFO]Train | Loss : 1.884405 | ACC : 4051/6562 (61.734%)
[2025-02-24 08:00:04;INFO]Valid | Loss : 1.721410 | ACC : 1758/2813 (62.496%)
[2025-02-24 08:00:04;INFO]      | Loss dropped from 1.781994 to 1.721410, model has been saved!

[2025-02-24 08:00:04;INFO]best epoch: 25, best loss: 1.721410
[2025-02-24 08:00:04;INFO]----------------------------------------------------------------------------------------------------

[2025-02-24 08:00:04;INFO]Current Epoch: 26 / 500 | Learning Rate : 0.0
[2025-02-24 08:00:34;INFO]Train | Loss : 1.852674 | ACC : 4168/6562 (63.517%)
[2025-02-24 08:00:38;INFO]Valid | Loss : 1.880940 | ACC : 1369/2813 (48.667%)
[2025-02-24 08:00:38;INFO]      | Loss didn't drop!

[2025-02-24 08:00:38;INFO]best epoch: 25, best loss: 1.721410
[2025-02-24 08:00:38;INFO]----------------------------------------------------------------------------------------------------

[2025-02-24 08:00:38;INFO]Current Epoch: 27 / 500 | Learning Rate : 0.0006545084971873847
[2025-02-24 08:01:08;INFO]Train | Loss : 1.761333 | ACC : 4291/6562 (65.392%)
[2025-02-24 08:01:12;INFO]Valid | Loss : 2.666843 | ACC : 402/2813 (14.291%)
[2025-02-24 08:01:12;INFO]      | Loss didn't drop!

[2025-02-24 08:01:12;INFO]best epoch: 25, best loss: 1.721410
[2025-02-24 08:01:12;INFO]----------------------------------------------------------------------------------------------------

[2025-02-24 08:01:12;INFO]Current Epoch: 28 / 500 | Learning Rate : 0.0009045084971875998
[2025-02-24 08:01:42;INFO]Train | Loss : 1.696764 | ACC : 4404/6562 (67.114%)
[2025-02-24 08:01:46;INFO]Valid | Loss : 1.520287 | ACC : 1897/2813 (67.437%)
[2025-02-24 08:01:46;INFO]      | Loss dropped from 1.721410 to 1.520287, model has been saved!

[2025-02-24 08:01:46;INFO]best epoch: 28, best loss: 1.520287
[2025-02-24 08:01:46;INFO]----------------------------------------------------------------------------------------------------

[2025-02-24 08:01:46;INFO]Current Epoch: 29 / 500 | Learning Rate : 9.549150281253827e-05
[2025-02-24 08:02:16;INFO]Train | Loss : 1.541193 | ACC : 4678/6562 (71.289%)
[2025-02-24 08:02:21;INFO]Valid | Loss : 2.170576 | ACC : 923/2813 (32.812%)
[2025-02-24 08:02:21;INFO]      | Loss didn't drop!

[2025-02-24 08:02:21;INFO]best epoch: 28, best loss: 1.520287
[2025-02-24 08:02:21;INFO]----------------------------------------------------------------------------------------------------

[2025-02-24 08:02:21;INFO]Current Epoch: 30 / 500 | Learning Rate : 0.00034549150281247993
[2025-02-24 08:02:51;INFO]Train | Loss : 1.639654 | ACC : 4506/6562 (68.668%)
[2025-02-24 08:02:55;INFO]Valid | Loss : 2.107982 | ACC : 965/2813 (34.305%)
[2025-02-24 08:02:55;INFO]      | Loss didn't drop!

[2025-02-24 08:02:55;INFO]best epoch: 28, best loss: 1.520287
[2025-02-24 08:02:55;INFO]----------------------------------------------------------------------------------------------------

[2025-02-24 08:02:55;INFO]Current Epoch: 31 / 500 | Learning Rate : 0.0010000000000001531
[2025-02-24 08:03:25;INFO]Train | Loss : 1.717184 | ACC : 4295/6562 (65.453%)
[2025-02-24 08:03:29;INFO]Valid | Loss : 1.598127 | ACC : 1819/2813 (64.664%)
[2025-02-24 08:03:29;INFO]      | Loss didn't drop!

[2025-02-24 08:03:29;INFO]best epoch: 28, best loss: 1.520287
[2025-02-24 08:03:29;INFO]----------------------------------------------------------------------------------------------------

[2025-02-24 08:03:29;INFO]Current Epoch: 32 / 500 | Learning Rate : 0.00034549150281256124
[2025-02-24 08:03:59;INFO]Train | Loss : 1.783620 | ACC : 4144/6562 (63.151%)
[2025-02-24 08:04:03;INFO]Valid | Loss : 1.709889 | ACC : 1875/2813 (66.655%)
[2025-02-24 08:04:03;INFO]      | Loss didn't drop!

[2025-02-24 08:04:03;INFO]best epoch: 28, best loss: 1.520287
[2025-02-24 08:04:03;INFO]----------------------------------------------------------------------------------------------------

[2025-02-24 08:04:03;INFO]Current Epoch: 33 / 500 | Learning Rate : 9.549150281251295e-05
[2025-02-24 08:04:33;INFO]Train | Loss : 1.520840 | ACC : 4840/6562 (73.758%)
[2025-02-24 08:04:38;INFO]Valid | Loss : 1.573127 | ACC : 1744/2813 (61.998%)
[2025-02-24 08:04:38;INFO]      | Loss didn't drop!

[2025-02-24 08:04:38;INFO]best epoch: 28, best loss: 1.520287
[2025-02-24 08:04:38;INFO]----------------------------------------------------------------------------------------------------

[2025-02-24 08:04:38;INFO]Current Epoch: 34 / 500 | Learning Rate : 0.0009045084971876226
[2025-02-24 08:05:08;INFO]Train | Loss : 1.576863 | ACC : 4473/6562 (68.165%)
[2025-02-24 08:05:12;INFO]Valid | Loss : 1.911465 | ACC : 1299/2813 (46.178%)
[2025-02-24 08:05:12;INFO]      | Loss didn't drop!

[2025-02-24 08:05:12;INFO]best epoch: 28, best loss: 1.520287
[2025-02-24 08:05:12;INFO]----------------------------------------------------------------------------------------------------

[2025-02-24 08:05:12;INFO]Current Epoch: 35 / 500 | Learning Rate : 0.0006545084971872731
[2025-02-24 08:05:42;INFO]Train | Loss : 1.642684 | ACC : 4542/6562 (69.217%)
[2025-02-24 08:05:46;INFO]Valid | Loss : 1.392821 | ACC : 2049/2813 (72.840%)
[2025-02-24 08:05:46;INFO]      | Loss dropped from 1.520287 to 1.392821, model has been saved!

[2025-02-24 08:05:46;INFO]best epoch: 35, best loss: 1.392821
[2025-02-24 08:05:46;INFO]----------------------------------------------------------------------------------------------------

[2025-02-24 08:05:46;INFO]Current Epoch: 36 / 500 | Learning Rate : 0.0
[2025-02-24 08:06:16;INFO]Train | Loss : 1.425054 | ACC : 4765/6562 (72.615%)
[2025-02-24 08:06:20;INFO]Valid | Loss : 1.642117 | ACC : 1522/2813 (54.106%)
[2025-02-24 08:06:20;INFO]      | Loss didn't drop!

[2025-02-24 08:06:20;INFO]best epoch: 35, best loss: 1.392821
[2025-02-24 08:06:20;INFO]----------------------------------------------------------------------------------------------------

[2025-02-24 08:06:20;INFO]Current Epoch: 37 / 500 | Learning Rate : 0.000654508497187351
[2025-02-24 08:06:50;INFO]Train | Loss : 1.436963 | ACC : 4801/6562 (73.164%)
[2025-02-24 08:06:55;INFO]Valid | Loss : 2.765128 | ACC : 674/2813 (23.960%)
[2025-02-24 08:06:55;INFO]      | Loss didn't drop!

[2025-02-24 08:06:55;INFO]best epoch: 35, best loss: 1.392821
[2025-02-24 08:06:55;INFO]----------------------------------------------------------------------------------------------------

[2025-02-24 08:06:55;INFO]Current Epoch: 38 / 500 | Learning Rate : 0.0009045084971875662
[2025-02-24 08:07:25;INFO]Train | Loss : 1.461063 | ACC : 4659/6562 (71.000%)
[2025-02-24 08:07:29;INFO]Valid | Loss : 1.527915 | ACC : 1475/2813 (52.435%)
[2025-02-24 08:07:29;INFO]      | Loss didn't drop!

[2025-02-24 08:07:29;INFO]best epoch: 35, best loss: 1.392821
[2025-02-24 08:07:29;INFO]----------------------------------------------------------------------------------------------------

[2025-02-24 08:07:29;INFO]Current Epoch: 39 / 500 | Learning Rate : 9.549150281256642e-05
[2025-02-24 08:07:59;INFO]Train | Loss : 1.419465 | ACC : 4726/6562 (72.021%)
[2025-02-24 08:08:03;INFO]Valid | Loss : 1.441069 | ACC : 1796/2813 (63.846%)
[2025-02-24 08:08:03;INFO]      | Loss didn't drop!

[2025-02-24 08:08:03;INFO]best epoch: 35, best loss: 1.392821
[2025-02-24 08:08:03;INFO]----------------------------------------------------------------------------------------------------

[2025-02-24 08:08:03;INFO]Current Epoch: 40 / 500 | Learning Rate : 0.0003454915028125908
[2025-02-24 08:08:33;INFO]Train | Loss : 1.413516 | ACC : 4855/6562 (73.987%)
[2025-02-24 08:08:37;INFO]Valid | Loss : 3.468413 | ACC : 272/2813 (9.669%)
[2025-02-24 08:08:37;INFO]      | Loss didn't drop!

[2025-02-24 08:08:37;INFO]best epoch: 35, best loss: 1.392821
[2025-02-24 08:08:37;INFO]----------------------------------------------------------------------------------------------------

[2025-02-24 08:08:37;INFO]Current Epoch: 41 / 500 | Learning Rate : 0.00100000000000046
[2025-02-24 08:09:07;INFO]Train | Loss : 1.603775 | ACC : 4281/6562 (65.239%)
[2025-02-24 08:09:12;INFO]Valid | Loss : 1.440297 | ACC : 1690/2813 (60.078%)
[2025-02-24 08:09:12;INFO]      | Loss didn't drop!

[2025-02-24 08:09:12;INFO]best epoch: 35, best loss: 1.392821
[2025-02-24 08:09:12;INFO]----------------------------------------------------------------------------------------------------

[2025-02-24 08:09:12;INFO]Current Epoch: 42 / 500 | Learning Rate : 0.00034549150281254064
[2025-02-24 08:09:42;INFO]Train | Loss : 1.331338 | ACC : 4913/6562 (74.870%)
[2025-02-24 08:09:46;INFO]Valid | Loss : 1.183229 | ACC : 2106/2813 (74.867%)
[2025-02-24 08:09:46;INFO]      | Loss dropped from 1.392821 to 1.183229, model has been saved!

[2025-02-24 08:09:46;INFO]best epoch: 42, best loss: 1.183229
[2025-02-24 08:09:46;INFO]----------------------------------------------------------------------------------------------------

[2025-02-24 08:09:46;INFO]Current Epoch: 43 / 500 | Learning Rate : 9.549150281250894e-05
[2025-02-24 08:10:16;INFO]Train | Loss : 1.282492 | ACC : 4901/6562 (74.688%)
[2025-02-24 08:10:20;INFO]Valid | Loss : 1.793146 | ACC : 1310/2813 (46.569%)
[2025-02-24 08:10:20;INFO]      | Loss didn't drop!

[2025-02-24 08:10:20;INFO]best epoch: 42, best loss: 1.183229
[2025-02-24 08:10:20;INFO]----------------------------------------------------------------------------------------------------

[2025-02-24 08:10:20;INFO]Current Epoch: 44 / 500 | Learning Rate : 0.0009045084971875831
[2025-02-24 08:10:50;INFO]Train | Loss : 1.259013 | ACC : 5093/6562 (77.614%)
[2025-02-24 08:10:54;INFO]Valid | Loss : 1.241750 | ACC : 2114/2813 (75.151%)
[2025-02-24 08:10:54;INFO]      | Loss didn't drop!

[2025-02-24 08:10:54;INFO]best epoch: 42, best loss: 1.183229
[2025-02-24 08:10:54;INFO]----------------------------------------------------------------------------------------------------

[2025-02-24 08:10:54;INFO]Current Epoch: 45 / 500 | Learning Rate : 0.0006545084971872693
[2025-02-24 08:11:24;INFO]Train | Loss : 1.262801 | ACC : 5029/6562 (76.638%)
[2025-02-24 08:11:28;INFO]Valid | Loss : 1.137016 | ACC : 2154/2813 (76.573%)
[2025-02-24 08:11:28;INFO]      | Loss dropped from 1.183229 to 1.137016, model has been saved!

[2025-02-24 08:11:28;INFO]best epoch: 45, best loss: 1.137016
[2025-02-24 08:11:28;INFO]----------------------------------------------------------------------------------------------------

[2025-02-24 08:11:28;INFO]Current Epoch: 46 / 500 | Learning Rate : 0.0
[2025-02-24 08:11:58;INFO]Train | Loss : 1.296026 | ACC : 4972/6562 (75.770%)
[2025-02-24 08:12:03;INFO]Valid | Loss : 1.695944 | ACC : 1389/2813 (49.378%)
[2025-02-24 08:12:03;INFO]      | Loss didn't drop!

[2025-02-24 08:12:03;INFO]best epoch: 45, best loss: 1.137016
[2025-02-24 08:12:03;INFO]----------------------------------------------------------------------------------------------------

[2025-02-24 08:12:03;INFO]Current Epoch: 47 / 500 | Learning Rate : 0.0006545084971877958
[2025-02-24 08:12:33;INFO]Train | Loss : 1.317367 | ACC : 4939/6562 (75.267%)
[2025-02-24 08:12:37;INFO]Valid | Loss : 2.604428 | ACC : 704/2813 (25.027%)
[2025-02-24 08:12:37;INFO]      | Loss didn't drop!

[2025-02-24 08:12:37;INFO]best epoch: 45, best loss: 1.137016
[2025-02-24 08:12:37;INFO]----------------------------------------------------------------------------------------------------

[2025-02-24 08:12:37;INFO]Current Epoch: 48 / 500 | Learning Rate : 0.0009045084971881685
[2025-02-24 08:13:07;INFO]Train | Loss : 1.267652 | ACC : 5058/6562 (77.080%)
[2025-02-24 08:13:11;INFO]Valid | Loss : 1.092509 | ACC : 2202/2813 (78.279%)
[2025-02-24 08:13:11;INFO]      | Loss dropped from 1.137016 to 1.092509, model has been saved!

[2025-02-24 08:13:11;INFO]best epoch: 48, best loss: 1.092509
[2025-02-24 08:13:11;INFO]----------------------------------------------------------------------------------------------------

[2025-02-24 08:13:11;INFO]Current Epoch: 49 / 500 | Learning Rate : 9.549150281256093e-05
[2025-02-24 08:13:41;INFO]Train | Loss : 1.165252 | ACC : 5236/6562 (79.793%)
[2025-02-24 08:13:45;INFO]Valid | Loss : 1.105763 | ACC : 1957/2813 (69.570%)
[2025-02-24 08:13:45;INFO]      | Loss didn't drop!

[2025-02-24 08:13:45;INFO]best epoch: 48, best loss: 1.092509
[2025-02-24 08:13:45;INFO]----------------------------------------------------------------------------------------------------

[2025-02-24 08:13:45;INFO]Current Epoch: 50 / 500 | Learning Rate : 0.00034549150281254704
[2025-02-24 08:14:15;INFO]Train | Loss : 1.360297 | ACC : 4697/6562 (71.579%)
[2025-02-24 08:14:19;INFO]Valid | Loss : 2.057137 | ACC : 1019/2813 (36.225%)
[2025-02-24 08:14:19;INFO]      | Loss didn't drop!

[2025-02-24 08:14:19;INFO]best epoch: 48, best loss: 1.092509
[2025-02-24 08:14:19;INFO]----------------------------------------------------------------------------------------------------

[2025-02-24 08:14:19;INFO]Current Epoch: 51 / 500 | Learning Rate : 0.001000000000000415
[2025-02-24 08:14:49;INFO]Train | Loss : 1.252084 | ACC : 5011/6562 (76.364%)
[2025-02-24 08:14:54;INFO]Valid | Loss : 1.633164 | ACC : 1489/2813 (52.933%)
[2025-02-24 08:14:54;INFO]      | Loss didn't drop!

[2025-02-24 08:14:54;INFO]best epoch: 48, best loss: 1.092509
[2025-02-24 08:14:54;INFO]----------------------------------------------------------------------------------------------------

[2025-02-24 08:14:54;INFO]Current Epoch: 52 / 500 | Learning Rate : 0.00034549150281252335
[2025-02-24 08:15:24;INFO]Train | Loss : 1.137655 | ACC : 5178/6562 (78.909%)
[2025-02-24 08:15:28;INFO]Valid | Loss : 0.944542 | ACC : 2411/2813 (85.709%)
[2025-02-24 08:15:28;INFO]      | Loss dropped from 1.092509 to 0.944542, model has been saved!

[2025-02-24 08:15:28;INFO]best epoch: 52, best loss: 0.944542
[2025-02-24 08:15:28;INFO]----------------------------------------------------------------------------------------------------

[2025-02-24 08:15:28;INFO]Current Epoch: 53 / 500 | Learning Rate : 9.549150281257471e-05
[2025-02-24 08:15:58;INFO]Train | Loss : 1.108013 | ACC : 5108/6562 (77.842%)
[2025-02-24 08:16:02;INFO]Valid | Loss : 2.133112 | ACC : 1016/2813 (36.118%)
[2025-02-24 08:16:02;INFO]      | Loss didn't drop!

[2025-02-24 08:16:02;INFO]best epoch: 52, best loss: 0.944542
[2025-02-24 08:16:02;INFO]----------------------------------------------------------------------------------------------------

[2025-02-24 08:16:02;INFO]Current Epoch: 54 / 500 | Learning Rate : 0.0009045084971875184
[2025-02-24 08:16:32;INFO]Train | Loss : 1.142135 | ACC : 5134/6562 (78.238%)
[2025-02-24 08:16:36;INFO]Valid | Loss : 1.890070 | ACC : 1155/2813 (41.059%)
[2025-02-24 08:16:36;INFO]      | Loss didn't drop!

[2025-02-24 08:16:36;INFO]best epoch: 52, best loss: 0.944542
[2025-02-24 08:16:36;INFO]----------------------------------------------------------------------------------------------------

[2025-02-24 08:16:36;INFO]Current Epoch: 55 / 500 | Learning Rate : 0.0006545084971877033
[2025-02-24 08:17:06;INFO]Train | Loss : 1.374394 | ACC : 4642/6562 (70.741%)
[2025-02-24 08:17:11;INFO]Valid | Loss : 1.115174 | ACC : 2180/2813 (77.497%)
[2025-02-24 08:17:11;INFO]      | Loss didn't drop!

[2025-02-24 08:17:11;INFO]best epoch: 52, best loss: 0.944542
[2025-02-24 08:17:11;INFO]----------------------------------------------------------------------------------------------------

[2025-02-24 08:17:11;INFO]Current Epoch: 56 / 500 | Learning Rate : 0.0
[2025-02-24 08:17:41;INFO]Train | Loss : 1.122168 | ACC : 5223/6562 (79.595%)
[2025-02-24 08:17:45;INFO]Valid | Loss : 1.078701 | ACC : 2162/2813 (76.857%)
[2025-02-24 08:17:45;INFO]      | Loss didn't drop!

[2025-02-24 08:17:45;INFO]best epoch: 52, best loss: 0.944542
[2025-02-24 08:17:45;INFO]----------------------------------------------------------------------------------------------------

[2025-02-24 08:17:45;INFO]Current Epoch: 57 / 500 | Learning Rate : 0.0006545084971877351
[2025-02-24 08:18:15;INFO]Train | Loss : 1.121440 | ACC : 5114/6562 (77.934%)
[2025-02-24 08:18:19;INFO]Valid | Loss : 1.875208 | ACC : 1197/2813 (42.552%)
[2025-02-24 08:18:19;INFO]      | Loss didn't drop!

[2025-02-24 08:18:19;INFO]best epoch: 52, best loss: 0.944542
[2025-02-24 08:18:19;INFO]----------------------------------------------------------------------------------------------------

[2025-02-24 08:18:19;INFO]Current Epoch: 58 / 500 | Learning Rate : 0.0009045084971874573
[2025-02-24 08:18:49;INFO]Train | Loss : 1.100513 | ACC : 5088/6562 (77.537%)
[2025-02-24 08:18:53;INFO]Valid | Loss : 1.207993 | ACC : 1824/2813 (64.842%)
[2025-02-24 08:18:53;INFO]      | Loss didn't drop!

[2025-02-24 08:18:53;INFO]best epoch: 52, best loss: 0.944542
[2025-02-24 08:18:53;INFO]----------------------------------------------------------------------------------------------------

[2025-02-24 08:18:53;INFO]Current Epoch: 59 / 500 | Learning Rate : 9.549150281248566e-05
[2025-02-24 08:19:23;INFO]Train | Loss : 1.024816 | ACC : 5318/6562 (81.042%)
[2025-02-24 08:19:27;INFO]Valid | Loss : 1.724850 | ACC : 1369/2813 (48.667%)
[2025-02-24 08:19:27;INFO]      | Loss didn't drop!

[2025-02-24 08:19:27;INFO]best epoch: 52, best loss: 0.944542
[2025-02-24 08:19:27;INFO]----------------------------------------------------------------------------------------------------

[2025-02-24 08:19:27;INFO]Current Epoch: 60 / 500 | Learning Rate : 0.0003454915028125602
[2025-02-24 08:19:57;INFO]Train | Loss : 1.071484 | ACC : 5303/6562 (80.814%)
[2025-02-24 08:20:02;INFO]Valid | Loss : 1.603547 | ACC : 1373/2813 (48.809%)
[2025-02-24 08:20:02;INFO]      | Loss didn't drop!

[2025-02-24 08:20:02;INFO]best epoch: 52, best loss: 0.944542
[2025-02-24 08:20:02;INFO]----------------------------------------------------------------------------------------------------

[2025-02-24 08:20:02;INFO]Current Epoch: 61 / 500 | Learning Rate : 0.0009999999999996392
[2025-02-24 08:20:32;INFO]Train | Loss : 1.064281 | ACC : 5236/6562 (79.793%)
[2025-02-24 08:20:36;INFO]Valid | Loss : 1.360263 | ACC : 1456/2813 (51.760%)
[2025-02-24 08:20:36;INFO]      | Loss didn't drop!

[2025-02-24 08:20:36;INFO]best epoch: 52, best loss: 0.944542
[2025-02-24 08:20:36;INFO]----------------------------------------------------------------------------------------------------

[2025-02-24 08:20:36;INFO]Current Epoch: 62 / 500 | Learning Rate : 0.0003454915028127552
[2025-02-24 08:21:06;INFO]Train | Loss : 1.023756 | ACC : 5292/6562 (80.646%)
[2025-02-24 08:21:10;INFO]Valid | Loss : 0.855055 | ACC : 2305/2813 (81.941%)
[2025-02-24 08:21:10;INFO]      | Loss dropped from 0.944542 to 0.855055, model has been saved!

[2025-02-24 08:21:10;INFO]best epoch: 62, best loss: 0.855055
[2025-02-24 08:21:10;INFO]----------------------------------------------------------------------------------------------------

[2025-02-24 08:21:10;INFO]Current Epoch: 63 / 500 | Learning Rate : 9.549150281255399e-05
[2025-02-24 08:21:40;INFO]Train | Loss : 0.972660 | ACC : 5387/6562 (82.094%)
[2025-02-24 08:21:44;INFO]Valid | Loss : 1.241727 | ACC : 1961/2813 (69.712%)
[2025-02-24 08:21:44;INFO]      | Loss didn't drop!

[2025-02-24 08:21:44;INFO]best epoch: 62, best loss: 0.855055
[2025-02-24 08:21:44;INFO]----------------------------------------------------------------------------------------------------

[2025-02-24 08:21:44;INFO]Current Epoch: 64 / 500 | Learning Rate : 0.0009045084971868181
[2025-02-24 08:22:14;INFO]Train | Loss : 1.029724 | ACC : 5169/6562 (78.772%)
[2025-02-24 08:22:19;INFO]Valid | Loss : 1.209874 | ACC : 1783/2813 (63.384%)
[2025-02-24 08:22:19;INFO]      | Loss didn't drop!

[2025-02-24 08:22:19;INFO]best epoch: 62, best loss: 0.855055
[2025-02-24 08:22:19;INFO]----------------------------------------------------------------------------------------------------

[2025-02-24 08:22:19;INFO]Current Epoch: 65 / 500 | Learning Rate : 0.0006545084971881445
[2025-02-24 08:22:49;INFO]Train | Loss : 1.035990 | ACC : 5283/6562 (80.509%)
[2025-02-24 08:22:53;INFO]Valid | Loss : 0.915825 | ACC : 2375/2813 (84.429%)
[2025-02-24 08:22:53;INFO]      | Loss didn't drop!

[2025-02-24 08:22:53;INFO]best epoch: 62, best loss: 0.855055
[2025-02-24 08:22:53;INFO]----------------------------------------------------------------------------------------------------

[2025-02-24 08:22:53;INFO]Current Epoch: 66 / 500 | Learning Rate : 0.0
[2025-02-24 08:23:23;INFO]Train | Loss : 1.006114 | ACC : 5277/6562 (80.418%)
[2025-02-24 08:23:27;INFO]Valid | Loss : 1.725356 | ACC : 1323/2813 (47.032%)
[2025-02-24 08:23:27;INFO]      | Loss didn't drop!

[2025-02-24 08:23:27;INFO]best epoch: 62, best loss: 0.855055
[2025-02-24 08:23:27;INFO]----------------------------------------------------------------------------------------------------

[2025-02-24 08:23:27;INFO]Current Epoch: 67 / 500 | Learning Rate : 0.0006545084971877343
[2025-02-24 08:23:57;INFO]Train | Loss : 0.997546 | ACC : 5312/6562 (80.951%)
[2025-02-24 08:24:01;INFO]Valid | Loss : 1.284174 | ACC : 1617/2813 (57.483%)
[2025-02-24 08:24:01;INFO]      | Loss didn't drop!

[2025-02-24 08:24:01;INFO]best epoch: 62, best loss: 0.855055
[2025-02-24 08:24:01;INFO]----------------------------------------------------------------------------------------------------

[2025-02-24 08:24:01;INFO]Current Epoch: 68 / 500 | Learning Rate : 0.0009045084971880933
[2025-02-24 08:24:31;INFO]Train | Loss : 0.955991 | ACC : 5370/6562 (81.835%)
[2025-02-24 08:24:35;INFO]Valid | Loss : 0.851149 | ACC : 2165/2813 (76.964%)
[2025-02-24 08:24:35;INFO]      | Loss dropped from 0.855055 to 0.851149, model has been saved!

[2025-02-24 08:24:35;INFO]best epoch: 68, best loss: 0.851149
[2025-02-24 08:24:35;INFO]----------------------------------------------------------------------------------------------------

[2025-02-24 08:24:35;INFO]Current Epoch: 69 / 500 | Learning Rate : 9.549150281260131e-05
[2025-02-24 08:25:05;INFO]Train | Loss : 0.848401 | ACC : 5576/6562 (84.974%)
[2025-02-24 08:25:09;INFO]Valid | Loss : 2.038032 | ACC : 1377/2813 (48.951%)
[2025-02-24 08:25:09;INFO]      | Loss didn't drop!

[2025-02-24 08:25:09;INFO]best epoch: 68, best loss: 0.851149
[2025-02-24 08:25:09;INFO]----------------------------------------------------------------------------------------------------

[2025-02-24 08:25:09;INFO]Current Epoch: 70 / 500 | Learning Rate : 0.0003454915028125165
[2025-02-24 08:25:39;INFO]Train | Loss : 1.071520 | ACC : 5099/6562 (77.705%)
[2025-02-24 08:25:44;INFO]Valid | Loss : 2.235525 | ACC : 1043/2813 (37.078%)
[2025-02-24 08:25:44;INFO]      | Loss didn't drop!

[2025-02-24 08:25:44;INFO]best epoch: 68, best loss: 0.851149
[2025-02-24 08:25:44;INFO]----------------------------------------------------------------------------------------------------

[2025-02-24 08:25:44;INFO]Current Epoch: 71 / 500 | Learning Rate : 0.0010000000000003157
[2025-02-24 08:26:14;INFO]Train | Loss : 0.918464 | ACC : 5438/6562 (82.871%)
[2025-02-24 08:26:18;INFO]Valid | Loss : 1.242619 | ACC : 1642/2813 (58.372%)
[2025-02-24 08:26:18;INFO]      | Loss didn't drop!

[2025-02-24 08:26:18;INFO]best epoch: 68, best loss: 0.851149
[2025-02-24 08:26:18;INFO]----------------------------------------------------------------------------------------------------

[2025-02-24 08:26:18;INFO]Current Epoch: 72 / 500 | Learning Rate : 0.0003454915028127346
[2025-02-24 08:26:48;INFO]Train | Loss : 0.863895 | ACC : 5525/6562 (84.197%)
[2025-02-24 08:26:52;INFO]Valid | Loss : 0.720344 | ACC : 2382/2813 (84.678%)
[2025-02-24 08:26:52;INFO]      | Loss dropped from 0.851149 to 0.720344, model has been saved!

[2025-02-24 08:26:52;INFO]best epoch: 72, best loss: 0.720344
[2025-02-24 08:26:52;INFO]----------------------------------------------------------------------------------------------------

[2025-02-24 08:26:52;INFO]Current Epoch: 73 / 500 | Learning Rate : 9.549150281263641e-05
[2025-02-24 08:27:22;INFO]Train | Loss : 0.834616 | ACC : 5575/6562 (84.959%)
[2025-02-24 08:27:26;INFO]Valid | Loss : 1.244206 | ACC : 1789/2813 (63.598%)
[2025-02-24 08:27:26;INFO]      | Loss didn't drop!

[2025-02-24 08:27:26;INFO]best epoch: 72, best loss: 0.720344
[2025-02-24 08:27:26;INFO]----------------------------------------------------------------------------------------------------

[2025-02-24 08:27:26;INFO]Current Epoch: 74 / 500 | Learning Rate : 0.0009045084971874147
[2025-02-24 08:27:56;INFO]Train | Loss : 0.930462 | ACC : 5373/6562 (81.881%)
[2025-02-24 08:28:00;INFO]Valid | Loss : 1.140862 | ACC : 1783/2813 (63.384%)
[2025-02-24 08:28:00;INFO]      | Loss didn't drop!

[2025-02-24 08:28:00;INFO]best epoch: 72, best loss: 0.720344
[2025-02-24 08:28:00;INFO]----------------------------------------------------------------------------------------------------

[2025-02-24 08:28:00;INFO]Current Epoch: 75 / 500 | Learning Rate : 0.0006545084971876619
[2025-02-24 08:28:30;INFO]Train | Loss : 0.927094 | ACC : 5373/6562 (81.881%)
[2025-02-24 08:28:35;INFO]Valid | Loss : 0.812514 | ACC : 2332/2813 (82.901%)
[2025-02-24 08:28:35;INFO]      | Loss didn't drop!

[2025-02-24 08:28:35;INFO]best epoch: 72, best loss: 0.720344
[2025-02-24 08:28:35;INFO]----------------------------------------------------------------------------------------------------

[2025-02-24 08:28:35;INFO]Current Epoch: 76 / 500 | Learning Rate : 0.0
[2025-02-24 08:29:05;INFO]Train | Loss : 0.851893 | ACC : 5516/6562 (84.060%)
[2025-02-24 08:29:09;INFO]Valid | Loss : 1.058812 | ACC : 1936/2813 (68.823%)
[2025-02-24 08:29:09;INFO]      | Loss didn't drop!

[2025-02-24 08:29:09;INFO]best epoch: 72, best loss: 0.720344
[2025-02-24 08:29:09;INFO]----------------------------------------------------------------------------------------------------

[2025-02-24 08:29:09;INFO]Current Epoch: 77 / 500 | Learning Rate : 0.0006545084971881462
[2025-02-24 08:29:39;INFO]Train | Loss : 0.891177 | ACC : 5342/6562 (81.408%)
[2025-02-24 08:29:43;INFO]Valid | Loss : 2.107562 | ACC : 944/2813 (33.558%)
[2025-02-24 08:29:43;INFO]      | Loss didn't drop!

[2025-02-24 08:29:43;INFO]best epoch: 72, best loss: 0.720344
[2025-02-24 08:29:43;INFO]----------------------------------------------------------------------------------------------------

[2025-02-24 08:29:43;INFO]Current Epoch: 78 / 500 | Learning Rate : 0.000904508497187382
[2025-02-24 08:30:13;INFO]Train | Loss : 0.866576 | ACC : 5408/6562 (82.414%)
[2025-02-24 08:30:17;INFO]Valid | Loss : 0.838188 | ACC : 2091/2813 (74.333%)
[2025-02-24 08:30:17;INFO]      | Loss didn't drop!

[2025-02-24 08:30:17;INFO]best epoch: 72, best loss: 0.720344
[2025-02-24 08:30:17;INFO]----------------------------------------------------------------------------------------------------

[2025-02-24 08:30:17;INFO]Current Epoch: 79 / 500 | Learning Rate : 9.549150281254285e-05
[2025-02-24 08:30:47;INFO]Train | Loss : 0.825112 | ACC : 5441/6562 (82.917%)
[2025-02-24 08:30:51;INFO]Valid | Loss : 0.734434 | ACC : 2354/2813 (83.683%)
[2025-02-24 08:30:51;INFO]      | Loss didn't drop!

[2025-02-24 08:30:51;INFO]best epoch: 72, best loss: 0.720344
[2025-02-24 08:30:51;INFO]----------------------------------------------------------------------------------------------------

[2025-02-24 08:30:51;INFO]Current Epoch: 80 / 500 | Learning Rate : 0.0003454915028127791
[2025-02-24 08:31:21;INFO]Train | Loss : 0.804378 | ACC : 5501/6562 (83.831%)
[2025-02-24 08:31:25;INFO]Valid | Loss : 1.117783 | ACC : 1851/2813 (65.802%)
[2025-02-24 08:31:25;INFO]      | Loss didn't drop!

[2025-02-24 08:31:25;INFO]best epoch: 72, best loss: 0.720344
[2025-02-24 08:31:25;INFO]----------------------------------------------------------------------------------------------------

[2025-02-24 08:31:25;INFO]Current Epoch: 81 / 500 | Learning Rate : 0.0009999999999995399
[2025-02-24 08:31:55;INFO]Train | Loss : 0.821586 | ACC : 5488/6562 (83.633%)
[2025-02-24 08:32:00;INFO]Valid | Loss : 0.817879 | ACC : 2144/2813 (76.218%)
[2025-02-24 08:32:00;INFO]      | Loss didn't drop!

[2025-02-24 08:32:00;INFO]best epoch: 72, best loss: 0.720344
[2025-02-24 08:32:00;INFO]----------------------------------------------------------------------------------------------------

[2025-02-24 08:32:00;INFO]Current Epoch: 82 / 500 | Learning Rate : 0.00034549150281249175
[2025-02-24 08:32:30;INFO]Train | Loss : 0.836843 | ACC : 5501/6562 (83.831%)
[2025-02-24 08:32:34;INFO]Valid | Loss : 0.692474 | ACC : 2478/2813 (88.091%)
[2025-02-24 08:32:34;INFO]      | Loss dropped from 0.720344 to 0.692474, model has been saved!

[2025-02-24 08:32:34;INFO]best epoch: 82, best loss: 0.692474
[2025-02-24 08:32:34;INFO]----------------------------------------------------------------------------------------------------

[2025-02-24 08:32:34;INFO]Current Epoch: 83 / 500 | Learning Rate : 9.549150281254678e-05
[2025-02-24 08:33:04;INFO]Train | Loss : 0.783659 | ACC : 5582/6562 (85.066%)
[2025-02-24 08:33:08;INFO]Valid | Loss : 0.795628 | ACC : 2272/2813 (80.768%)
[2025-02-24 08:33:08;INFO]      | Loss didn't drop!

[2025-02-24 08:33:08;INFO]best epoch: 82, best loss: 0.692474
[2025-02-24 08:33:08;INFO]----------------------------------------------------------------------------------------------------

[2025-02-24 08:33:08;INFO]Current Epoch: 84 / 500 | Learning Rate : 0.0009045084971880438
[2025-02-24 08:33:38;INFO]Train | Loss : 0.757070 | ACC : 5597/6562 (85.294%)
[2025-02-24 08:33:42;INFO]Valid | Loss : 1.584808 | ACC : 1690/2813 (60.078%)
[2025-02-24 08:33:42;INFO]      | Loss didn't drop!

[2025-02-24 08:33:42;INFO]best epoch: 82, best loss: 0.692474
[2025-02-24 08:33:42;INFO]----------------------------------------------------------------------------------------------------

[2025-02-24 08:33:42;INFO]Current Epoch: 85 / 500 | Learning Rate : 0.0006545084971880757
[2025-02-24 08:34:12;INFO]Train | Loss : 0.846071 | ACC : 5413/6562 (82.490%)
[2025-02-24 08:34:16;INFO]Valid | Loss : 0.657806 | ACC : 2403/2813 (85.425%)
[2025-02-24 08:34:16;INFO]      | Loss dropped from 0.692474 to 0.657806, model has been saved!

[2025-02-24 08:34:16;INFO]best epoch: 85, best loss: 0.657806
[2025-02-24 08:34:16;INFO]----------------------------------------------------------------------------------------------------

[2025-02-24 08:34:16;INFO]Current Epoch: 86 / 500 | Learning Rate : 0.0
[2025-02-24 08:34:46;INFO]Train | Loss : 0.804153 | ACC : 5410/6562 (82.444%)
[2025-02-24 08:34:51;INFO]Valid | Loss : 1.267371 | ACC : 1626/2813 (57.803%)
[2025-02-24 08:34:51;INFO]      | Loss didn't drop!

[2025-02-24 08:34:51;INFO]best epoch: 85, best loss: 0.657806
[2025-02-24 08:34:51;INFO]----------------------------------------------------------------------------------------------------

[2025-02-24 08:34:51;INFO]Current Epoch: 87 / 500 | Learning Rate : 0.0006545084971876732
[2025-02-24 08:35:21;INFO]Train | Loss : 0.888367 | ACC : 5401/6562 (82.307%)
[2025-02-24 08:35:25;INFO]Valid | Loss : 1.937620 | ACC : 1265/2813 (44.970%)
[2025-02-24 08:35:25;INFO]      | Loss didn't drop!

[2025-02-24 08:35:25;INFO]best epoch: 85, best loss: 0.657806
[2025-02-24 08:35:25;INFO]----------------------------------------------------------------------------------------------------

[2025-02-24 08:35:25;INFO]Current Epoch: 88 / 500 | Learning Rate : 0.0009045084971880015
[2025-02-24 08:35:55;INFO]Train | Loss : 0.808107 | ACC : 5476/6562 (83.450%)
[2025-02-24 08:35:59;INFO]Valid | Loss : 1.231677 | ACC : 1582/2813 (56.239%)
[2025-02-24 08:35:59;INFO]      | Loss didn't drop!

[2025-02-24 08:35:59;INFO]best epoch: 85, best loss: 0.657806
[2025-02-24 08:35:59;INFO]----------------------------------------------------------------------------------------------------

[2025-02-24 08:35:59;INFO]Current Epoch: 89 / 500 | Learning Rate : 9.549150281262297e-05
[2025-02-24 08:36:29;INFO]Train | Loss : 0.773264 | ACC : 5519/6562 (84.105%)
[2025-02-24 08:36:33;INFO]Valid | Loss : 0.761020 | ACC : 2066/2813 (73.445%)
[2025-02-24 08:36:33;INFO]      | Loss didn't drop!

[2025-02-24 08:36:33;INFO]best epoch: 85, best loss: 0.657806
[2025-02-24 08:36:33;INFO]----------------------------------------------------------------------------------------------------

[2025-02-24 08:36:33;INFO]Current Epoch: 90 / 500 | Learning Rate : 0.00034549150281248595
[2025-02-24 08:37:04;INFO]Train | Loss : 0.802458 | ACC : 5411/6562 (82.460%)
[2025-02-24 08:37:08;INFO]Valid | Loss : 1.730151 | ACC : 1452/2813 (51.617%)
[2025-02-24 08:37:08;INFO]      | Loss didn't drop!

[2025-02-24 08:37:08;INFO]best epoch: 85, best loss: 0.657806
[2025-02-24 08:37:08;INFO]----------------------------------------------------------------------------------------------------

[2025-02-24 08:37:08;INFO]Current Epoch: 91 / 500 | Learning Rate : 0.0010000000000002164
[2025-02-24 08:37:38;INFO]Train | Loss : 0.781310 | ACC : 5562/6562 (84.761%)
[2025-02-24 08:37:42;INFO]Valid | Loss : 1.703573 | ACC : 1380/2813 (49.058%)
[2025-02-24 08:37:42;INFO]      | Loss didn't drop!

[2025-02-24 08:37:42;INFO]best epoch: 85, best loss: 0.657806
[2025-02-24 08:37:42;INFO]----------------------------------------------------------------------------------------------------

[2025-02-24 08:37:42;INFO]Current Epoch: 92 / 500 | Learning Rate : 0.00034549150281275055
[2025-02-24 08:38:12;INFO]Train | Loss : 0.759461 | ACC : 5548/6562 (84.547%)
[2025-02-24 08:38:16;INFO]Valid | Loss : 0.636903 | ACC : 2483/2813 (88.269%)
[2025-02-24 08:38:17;INFO]      | Loss dropped from 0.657806 to 0.636903, model has been saved!

[2025-02-24 08:38:17;INFO]best epoch: 92, best loss: 0.636903
[2025-02-24 08:38:17;INFO]----------------------------------------------------------------------------------------------------

[2025-02-24 08:38:17;INFO]Current Epoch: 93 / 500 | Learning Rate : 9.549150281249147e-05
[2025-02-24 08:38:47;INFO]Train | Loss : 0.744420 | ACC : 5567/6562 (84.837%)
[2025-02-24 08:38:51;INFO]Valid | Loss : 2.007108 | ACC : 1166/2813 (41.450%)
[2025-02-24 08:38:51;INFO]      | Loss didn't drop!

[2025-02-24 08:38:51;INFO]best epoch: 92, best loss: 0.636903
[2025-02-24 08:38:51;INFO]----------------------------------------------------------------------------------------------------

[2025-02-24 08:38:51;INFO]Current Epoch: 94 / 500 | Learning Rate : 0.0009045084971886659
[2025-02-24 08:39:21;INFO]Train | Loss : 0.810379 | ACC : 5363/6562 (81.728%)
[2025-02-24 08:39:25;INFO]Valid | Loss : 1.269376 | ACC : 1749/2813 (62.176%)
[2025-02-24 08:39:25;INFO]      | Loss didn't drop!

[2025-02-24 08:39:25;INFO]best epoch: 92, best loss: 0.636903
[2025-02-24 08:39:25;INFO]----------------------------------------------------------------------------------------------------

[2025-02-24 08:39:25;INFO]Current Epoch: 95 / 500 | Learning Rate : 0.0006545084971875931
[2025-02-24 08:39:55;INFO]Train | Loss : 0.720713 | ACC : 5688/6562 (86.681%)
[2025-02-24 08:39:59;INFO]Valid | Loss : 0.609189 | ACC : 2363/2813 (84.003%)
[2025-02-24 08:39:59;INFO]      | Loss dropped from 0.636903 to 0.609189, model has been saved!

[2025-02-24 08:39:59;INFO]best epoch: 95, best loss: 0.609189
[2025-02-24 08:39:59;INFO]----------------------------------------------------------------------------------------------------

[2025-02-24 08:39:59;INFO]Current Epoch: 96 / 500 | Learning Rate : 0.0
[2025-02-24 08:40:29;INFO]Train | Loss : 0.693112 | ACC : 5674/6562 (86.468%)
[2025-02-24 08:40:34;INFO]Valid | Loss : 0.995941 | ACC : 1989/2813 (70.707%)
[2025-02-24 08:40:34;INFO]      | Loss didn't drop!

[2025-02-24 08:40:34;INFO]best epoch: 95, best loss: 0.609189
[2025-02-24 08:40:34;INFO]----------------------------------------------------------------------------------------------------

[2025-02-24 08:40:34;INFO]Current Epoch: 97 / 500 | Learning Rate : 0.0006545084971880848
[2025-02-24 08:41:04;INFO]Train | Loss : 0.758243 | ACC : 5569/6562 (84.867%)
[2025-02-24 08:41:08;INFO]Valid | Loss : 1.768830 | ACC : 1200/2813 (42.659%)
[2025-02-24 08:41:08;INFO]      | Loss didn't drop!

[2025-02-24 08:41:08;INFO]best epoch: 95, best loss: 0.609189
[2025-02-24 08:41:08;INFO]----------------------------------------------------------------------------------------------------

[2025-02-24 08:41:08;INFO]Current Epoch: 98 / 500 | Learning Rate : 0.00090450849718729
[2025-02-24 08:41:38;INFO]Train | Loss : 0.698760 | ACC : 5687/6562 (86.666%)
[2025-02-24 08:41:42;INFO]Valid | Loss : 0.794699 | ACC : 2163/2813 (76.893%)
[2025-02-24 08:41:42;INFO]      | Loss didn't drop!

[2025-02-24 08:41:42;INFO]best epoch: 95, best loss: 0.609189
[2025-02-24 08:41:42;INFO]----------------------------------------------------------------------------------------------------

[2025-02-24 08:41:42;INFO]Current Epoch: 99 / 500 | Learning Rate : 9.549150281256441e-05
[2025-02-24 08:42:12;INFO]Train | Loss : 0.600548 | ACC : 5836/6562 (88.936%)
[2025-02-24 08:42:16;INFO]Valid | Loss : 0.910756 | ACC : 1935/2813 (68.788%)
[2025-02-24 08:42:16;INFO]      | Loss didn't drop!

[2025-02-24 08:42:16;INFO]best epoch: 95, best loss: 0.609189
[2025-02-24 08:42:16;INFO]----------------------------------------------------------------------------------------------------

[2025-02-24 08:42:16;INFO]Current Epoch: 100 / 500 | Learning Rate : 0.00034549150281274843
[2025-02-24 08:42:46;INFO]Train | Loss : 0.632908 | ACC : 5782/6562 (88.113%)
[2025-02-24 08:42:50;INFO]Valid | Loss : 2.357651 | ACC : 1049/2813 (37.291%)
[2025-02-24 08:42:50;INFO]      | Loss didn't drop!

[2025-02-24 08:42:50;INFO]best epoch: 95, best loss: 0.609189
[2025-02-24 08:42:50;INFO]----------------------------------------------------------------------------------------------------

[2025-02-24 08:42:50;INFO]Current Epoch: 101 / 500 | Learning Rate : 0.0010000000000008834
[2025-02-24 08:43:20;INFO]Train | Loss : 0.826890 | ACC : 5355/6562 (81.606%)
[2025-02-24 08:43:25;INFO]Valid | Loss : 0.769476 | ACC : 2201/2813 (78.244%)
[2025-02-24 08:43:25;INFO]      | Loss didn't drop!

[2025-02-24 08:43:25;INFO]best epoch: 95, best loss: 0.609189
[2025-02-24 08:43:25;INFO]----------------------------------------------------------------------------------------------------

[2025-02-24 08:43:25;INFO]Current Epoch: 102 / 500 | Learning Rate : 0.0003454915028129527
[2025-02-24 08:43:55;INFO]Train | Loss : 0.744249 | ACC : 5539/6562 (84.410%)
[2025-02-24 08:43:59;INFO]Valid | Loss : 0.612580 | ACC : 2424/2813 (86.171%)
[2025-02-24 08:43:59;INFO]      | Loss didn't drop!

[2025-02-24 08:43:59;INFO]best epoch: 95, best loss: 0.609189
[2025-02-24 08:43:59;INFO]----------------------------------------------------------------------------------------------------

[2025-02-24 08:43:59;INFO]Current Epoch: 103 / 500 | Learning Rate : 9.549150281253965e-05
[2025-02-24 08:44:29;INFO]Train | Loss : 0.734567 | ACC : 5500/6562 (83.816%)
[2025-02-24 08:44:33;INFO]Valid | Loss : 3.386072 | ACC : 595/2813 (21.152%)
[2025-02-24 08:44:33;INFO]      | Loss didn't drop!

[2025-02-24 08:44:33;INFO]best epoch: 95, best loss: 0.609189
[2025-02-24 08:44:33;INFO]----------------------------------------------------------------------------------------------------

[2025-02-24 08:44:33;INFO]Current Epoch: 104 / 500 | Learning Rate : 0.0009045084971892954
[2025-02-24 08:45:03;INFO]Train | Loss : 0.825195 | ACC : 5403/6562 (82.338%)
[2025-02-24 08:45:07;INFO]Valid | Loss : 0.984242 | ACC : 1754/2813 (62.353%)
[2025-02-24 08:45:07;INFO]      | Loss didn't drop!

[2025-02-24 08:45:07;INFO]best epoch: 95, best loss: 0.609189
[2025-02-24 08:45:07;INFO]----------------------------------------------------------------------------------------------------

[2025-02-24 08:45:07;INFO]Current Epoch: 105 / 500 | Learning Rate : 0.0006545084971870626
[2025-02-24 08:45:37;INFO]Train | Loss : 0.647668 | ACC : 5730/6562 (87.321%)
[2025-02-24 08:45:41;INFO]Valid | Loss : 0.636768 | ACC : 2272/2813 (80.768%)
[2025-02-24 08:45:41;INFO]      | Loss didn't drop!

[2025-02-24 08:45:41;INFO]best epoch: 95, best loss: 0.609189
[2025-02-24 08:45:41;INFO]----------------------------------------------------------------------------------------------------

[2025-02-24 08:45:41;INFO]Current Epoch: 106 / 500 | Learning Rate : 0.0
[2025-02-24 08:46:11;INFO]Train | Loss : 0.674355 | ACC : 5670/6562 (86.407%)
[2025-02-24 08:46:15;INFO]Valid | Loss : 0.709519 | ACC : 2157/2813 (76.680%)
[2025-02-24 08:46:15;INFO]      | Loss didn't drop!

[2025-02-24 08:46:15;INFO]best epoch: 95, best loss: 0.609189
[2025-02-24 08:46:15;INFO]----------------------------------------------------------------------------------------------------

[2025-02-24 08:46:15;INFO]Current Epoch: 107 / 500 | Learning Rate : 0.0006545084971875581
[2025-02-24 08:46:45;INFO]Train | Loss : 0.662239 | ACC : 5627/6562 (85.751%)
[2025-02-24 08:46:50;INFO]Valid | Loss : 2.627707 | ACC : 1260/2813 (44.792%)
[2025-02-24 08:46:50;INFO]      | Loss didn't drop!

[2025-02-24 08:46:50;INFO]best epoch: 95, best loss: 0.609189
[2025-02-24 08:46:50;INFO]----------------------------------------------------------------------------------------------------

[2025-02-24 08:46:50;INFO]Current Epoch: 108 / 500 | Learning Rate : 0.0009045084971878756
[2025-02-24 08:47:20;INFO]Train | Loss : 0.668637 | ACC : 5678/6562 (86.528%)
[2025-02-24 08:47:24;INFO]Valid | Loss : 0.558556 | ACC : 2424/2813 (86.171%)
[2025-02-24 08:47:24;INFO]      | Loss dropped from 0.609189 to 0.558556, model has been saved!

[2025-02-24 08:47:24;INFO]best epoch: 108, best loss: 0.558556
[2025-02-24 08:47:24;INFO]----------------------------------------------------------------------------------------------------

[2025-02-24 08:47:24;INFO]Current Epoch: 109 / 500 | Learning Rate : 9.549150281247256e-05
[2025-02-24 08:47:54;INFO]Train | Loss : 0.553238 | ACC : 5916/6562 (90.155%)
[2025-02-24 08:47:58;INFO]Valid | Loss : 2.110833 | ACC : 1130/2813 (40.171%)
[2025-02-24 08:47:58;INFO]      | Loss didn't drop!

[2025-02-24 08:47:58;INFO]best epoch: 108, best loss: 0.558556
[2025-02-24 08:47:58;INFO]----------------------------------------------------------------------------------------------------

[2025-02-24 08:47:58;INFO]Current Epoch: 110 / 500 | Learning Rate : 0.00034549150281295394
[2025-02-24 08:48:28;INFO]Train | Loss : 0.727772 | ACC : 5602/6562 (85.370%)
[2025-02-24 08:48:32;INFO]Valid | Loss : 1.304784 | ACC : 1737/2813 (61.749%)
[2025-02-24 08:48:32;INFO]      | Loss didn't drop!

[2025-02-24 08:48:32;INFO]best epoch: 108, best loss: 0.558556
[2025-02-24 08:48:32;INFO]----------------------------------------------------------------------------------------------------

[2025-02-24 08:48:32;INFO]Current Epoch: 111 / 500 | Learning Rate : 0.0010000000000001082
[2025-02-24 08:49:02;INFO]Train | Loss : 0.642862 | ACC : 5681/6562 (86.574%)
[2025-02-24 08:49:07;INFO]Valid | Loss : 0.810139 | ACC : 2098/2813 (74.582%)
[2025-02-24 08:49:07;INFO]      | Loss didn't drop!

[2025-02-24 08:49:07;INFO]best epoch: 108, best loss: 0.558556
[2025-02-24 08:49:07;INFO]----------------------------------------------------------------------------------------------------

[2025-02-24 08:49:07;INFO]Current Epoch: 112 / 500 | Learning Rate : 0.00034549150281265855
[2025-02-24 08:49:36;INFO]Train | Loss : 0.757035 | ACC : 5511/6562 (83.984%)
[2025-02-24 08:49:41;INFO]Valid | Loss : 0.534104 | ACC : 2528/2813 (89.868%)
[2025-02-24 08:49:41;INFO]      | Loss dropped from 0.558556 to 0.534104, model has been saved!

[2025-02-24 08:49:41;INFO]best epoch: 112, best loss: 0.534104
[2025-02-24 08:49:41;INFO]----------------------------------------------------------------------------------------------------

[2025-02-24 08:49:41;INFO]Current Epoch: 113 / 500 | Learning Rate : 9.549150281244999e-05
[2025-02-24 08:50:11;INFO]Train | Loss : 0.579597 | ACC : 5800/6562 (88.388%)
[2025-02-24 08:50:15;INFO]Valid | Loss : 1.684996 | ACC : 1622/2813 (57.661%)
[2025-02-24 08:50:15;INFO]      | Loss didn't drop!

[2025-02-24 08:50:15;INFO]best epoch: 112, best loss: 0.534104
[2025-02-24 08:50:15;INFO]----------------------------------------------------------------------------------------------------

[2025-02-24 08:50:15;INFO]Current Epoch: 114 / 500 | Learning Rate : 0.0009045084971885446
[2025-02-24 08:50:45;INFO]Train | Loss : 0.708064 | ACC : 5546/6562 (84.517%)
[2025-02-24 08:50:49;INFO]Valid | Loss : 1.149535 | ACC : 1728/2813 (61.429%)
[2025-02-24 08:50:49;INFO]      | Loss didn't drop!

[2025-02-24 08:50:49;INFO]best epoch: 112, best loss: 0.534104
[2025-02-24 08:50:49;INFO]----------------------------------------------------------------------------------------------------

[2025-02-24 08:50:49;INFO]Current Epoch: 115 / 500 | Learning Rate : 0.0006545084971874712
[2025-02-24 08:51:19;INFO]Train | Loss : 0.688110 | ACC : 5612/6562 (85.523%)
[2025-02-24 08:51:23;INFO]Valid | Loss : 0.590558 | ACC : 2416/2813 (85.887%)
[2025-02-24 08:51:23;INFO]      | Loss didn't drop!

[2025-02-24 08:51:23;INFO]best epoch: 112, best loss: 0.534104
[2025-02-24 08:51:23;INFO]----------------------------------------------------------------------------------------------------

[2025-02-24 08:51:23;INFO]Current Epoch: 116 / 500 | Learning Rate : 0.0
[2025-02-24 08:51:53;INFO]Train | Loss : 0.602179 | ACC : 5761/6562 (87.793%)
[2025-02-24 08:51:58;INFO]Valid | Loss : 1.016891 | ACC : 1856/2813 (65.979%)
[2025-02-24 08:51:58;INFO]      | Loss didn't drop!

[2025-02-24 08:51:58;INFO]best epoch: 112, best loss: 0.534104
[2025-02-24 08:51:58;INFO]----------------------------------------------------------------------------------------------------

[2025-02-24 08:51:58;INFO]Current Epoch: 117 / 500 | Learning Rate : 0.0006545084971870791
[2025-02-24 08:52:28;INFO]Train | Loss : 0.674406 | ACC : 5665/6562 (86.330%)
[2025-02-24 08:52:32;INFO]Valid | Loss : 3.896929 | ACC : 618/2813 (21.969%)
[2025-02-24 08:52:32;INFO]      | Loss didn't drop!

[2025-02-24 08:52:32;INFO]best epoch: 112, best loss: 0.534104
[2025-02-24 08:52:32;INFO]----------------------------------------------------------------------------------------------------

[2025-02-24 08:52:32;INFO]Current Epoch: 118 / 500 | Learning Rate : 0.0009045084971885369
[2025-02-24 08:53:02;INFO]Train | Loss : 0.913057 | ACC : 5285/6562 (80.539%)
[2025-02-24 08:53:06;INFO]Valid | Loss : 1.144192 | ACC : 1799/2813 (63.953%)
[2025-02-24 08:53:06;INFO]      | Loss didn't drop!

[2025-02-24 08:53:06;INFO]best epoch: 112, best loss: 0.534104
[2025-02-24 08:53:06;INFO]----------------------------------------------------------------------------------------------------

[2025-02-24 08:53:06;INFO]Current Epoch: 119 / 500 | Learning Rate : 9.549150281265708e-05
[2025-02-24 08:53:36;INFO]Train | Loss : 0.586577 | ACC : 5810/6562 (88.540%)
[2025-02-24 08:53:40;INFO]Valid | Loss : 0.804775 | ACC : 2108/2813 (74.938%)
[2025-02-24 08:53:40;INFO]      | Loss didn't drop!

[2025-02-24 08:53:40;INFO]best epoch: 112, best loss: 0.534104
[2025-02-24 08:53:40;INFO]----------------------------------------------------------------------------------------------------

[2025-02-24 08:53:40;INFO]Current Epoch: 120 / 500 | Learning Rate : 0.0003454915028126639
[2025-02-24 08:54:10;INFO]Train | Loss : 0.732687 | ACC : 5408/6562 (82.414%)
[2025-02-24 08:54:14;INFO]Valid | Loss : 2.161542 | ACC : 1362/2813 (48.418%)
[2025-02-24 08:54:14;INFO]      | Loss didn't drop!

[2025-02-24 08:54:14;INFO]best epoch: 112, best loss: 0.534104
[2025-02-24 08:54:14;INFO]----------------------------------------------------------------------------------------------------

[2025-02-24 08:54:14;INFO]Current Epoch: 121 / 500 | Learning Rate : 0.0009999999999993417
[2025-02-24 08:54:44;INFO]Train | Loss : 0.588266 | ACC : 5729/6562 (87.306%)
[2025-02-24 08:54:48;INFO]Valid | Loss : 1.129348 | ACC : 1764/2813 (62.709%)
[2025-02-24 08:54:48;INFO]      | Loss didn't drop!

[2025-02-24 08:54:48;INFO]best epoch: 112, best loss: 0.534104
[2025-02-24 08:54:48;INFO]----------------------------------------------------------------------------------------------------

[2025-02-24 08:54:48;INFO]Current Epoch: 122 / 500 | Learning Rate : 0.00034549150281236153
[2025-02-24 08:55:18;INFO]Train | Loss : 0.591917 | ACC : 5750/6562 (87.626%)
[2025-02-24 08:55:23;INFO]Valid | Loss : 0.436290 | ACC : 2577/2813 (91.610%)
[2025-02-24 08:55:23;INFO]      | Loss dropped from 0.534104 to 0.436290, model has been saved!

[2025-02-24 08:55:23;INFO]best epoch: 122, best loss: 0.436290
[2025-02-24 08:55:23;INFO]----------------------------------------------------------------------------------------------------

[2025-02-24 08:55:23;INFO]Current Epoch: 123 / 500 | Learning Rate : 9.549150281253245e-05
[2025-02-24 08:55:53;INFO]Train | Loss : 0.533759 | ACC : 5885/6562 (89.683%)
[2025-02-24 08:55:57;INFO]Valid | Loss : 2.594112 | ACC : 982/2813 (34.909%)
[2025-02-24 08:55:57;INFO]      | Loss didn't drop!

[2025-02-24 08:55:57;INFO]best epoch: 122, best loss: 0.436290
[2025-02-24 08:55:57;INFO]----------------------------------------------------------------------------------------------------

[2025-02-24 08:55:57;INFO]Current Epoch: 124 / 500 | Learning Rate : 0.0009045084971878609
[2025-02-24 08:56:27;INFO]Train | Loss : 0.679685 | ACC : 5638/6562 (85.919%)
[2025-02-24 08:56:31;INFO]Valid | Loss : 1.656926 | ACC : 1520/2813 (54.035%)
[2025-02-24 08:56:31;INFO]      | Loss didn't drop!

[2025-02-24 08:56:31;INFO]best epoch: 122, best loss: 0.436290
[2025-02-24 08:56:31;INFO]----------------------------------------------------------------------------------------------------

[2025-02-24 08:56:31;INFO]Current Epoch: 125 / 500 | Learning Rate : 0.0006545084971879924
[2025-02-24 08:57:01;INFO]Train | Loss : 0.551213 | ACC : 5821/6562 (88.708%)
[2025-02-24 08:57:05;INFO]Valid | Loss : 0.433698 | ACC : 2499/2813 (88.838%)
[2025-02-24 08:57:05;INFO]      | Loss dropped from 0.436290 to 0.433698, model has been saved!

[2025-02-24 08:57:05;INFO]best epoch: 125, best loss: 0.433698
[2025-02-24 08:57:05;INFO]----------------------------------------------------------------------------------------------------

[2025-02-24 08:57:05;INFO]Current Epoch: 126 / 500 | Learning Rate : 0.0
[2025-02-24 08:57:35;INFO]Train | Loss : 0.555661 | ACC : 5790/6562 (88.235%)
[2025-02-24 08:57:40;INFO]Valid | Loss : 1.174362 | ACC : 1623/2813 (57.696%)
[2025-02-24 08:57:40;INFO]      | Loss didn't drop!

[2025-02-24 08:57:40;INFO]best epoch: 125, best loss: 0.433698
[2025-02-24 08:57:40;INFO]----------------------------------------------------------------------------------------------------

[2025-02-24 08:57:40;INFO]Current Epoch: 127 / 500 | Learning Rate : 0.000654508497188441
[2025-02-24 08:58:10;INFO]Train | Loss : 0.749811 | ACC : 5521/6562 (84.136%)
[2025-02-24 08:58:14;INFO]Valid | Loss : 2.089905 | ACC : 1084/2813 (38.535%)
[2025-02-24 08:58:14;INFO]      | Loss didn't drop!

[2025-02-24 08:58:14;INFO]best epoch: 125, best loss: 0.433698
[2025-02-24 08:58:14;INFO]----------------------------------------------------------------------------------------------------

[2025-02-24 08:58:14;INFO]Current Epoch: 128 / 500 | Learning Rate : 0.0009045084971865457
[2025-02-24 08:58:44;INFO]Train | Loss : 0.572187 | ACC : 5821/6562 (88.708%)
[2025-02-24 08:58:48;INFO]Valid | Loss : 1.105857 | ACC : 1770/2813 (62.922%)
[2025-02-24 08:58:48;INFO]      | Loss didn't drop!

[2025-02-24 08:58:48;INFO]best epoch: 125, best loss: 0.433698
[2025-02-24 08:58:48;INFO]----------------------------------------------------------------------------------------------------

[2025-02-24 08:58:48;INFO]Current Epoch: 129 / 500 | Learning Rate : 9.54915028127372e-05
[2025-02-24 08:59:18;INFO]Train | Loss : 0.605203 | ACC : 5661/6562 (86.269%)
[2025-02-24 08:59:22;INFO]Valid | Loss : 0.992455 | ACC : 1861/2813 (66.157%)
[2025-02-24 08:59:22;INFO]      | Loss didn't drop!

[2025-02-24 08:59:22;INFO]best epoch: 125, best loss: 0.433698
[2025-02-24 08:59:22;INFO]----------------------------------------------------------------------------------------------------

[2025-02-24 08:59:22;INFO]Current Epoch: 130 / 500 | Learning Rate : 0.00034549150281247895
[2025-02-24 08:59:52;INFO]Train | Loss : 0.567406 | ACC : 5766/6562 (87.870%)
[2025-02-24 08:59:56;INFO]Valid | Loss : 2.620025 | ACC : 899/2813 (31.959%)
[2025-02-24 08:59:56;INFO]      | Loss didn't drop!

[2025-02-24 08:59:56;INFO]best epoch: 125, best loss: 0.433698
[2025-02-24 08:59:56;INFO]----------------------------------------------------------------------------------------------------

[2025-02-24 08:59:56;INFO]Current Epoch: 131 / 500 | Learning Rate : 0.001000000000000009
[2025-02-24 09:00:26;INFO]Train | Loss : 0.572965 | ACC : 5757/6562 (87.732%)
[2025-02-24 09:00:31;INFO]Valid | Loss : 1.084914 | ACC : 1894/2813 (67.330%)
[2025-02-24 09:00:31;INFO]      | Loss didn't drop!

[2025-02-24 09:00:31;INFO]best epoch: 125, best loss: 0.433698
[2025-02-24 09:00:31;INFO]----------------------------------------------------------------------------------------------------

[2025-02-24 09:00:31;INFO]Current Epoch: 132 / 500 | Learning Rate : 0.0003454915028126745
[2025-02-24 09:01:00;INFO]Train | Loss : 0.532987 | ACC : 5867/6562 (89.409%)
[2025-02-24 09:01:05;INFO]Valid | Loss : 0.541124 | ACC : 2376/2813 (84.465%)
[2025-02-24 09:01:05;INFO]      | Loss didn't drop!

[2025-02-24 09:01:05;INFO]best epoch: 125, best loss: 0.433698
[2025-02-24 09:01:05;INFO]----------------------------------------------------------------------------------------------------

[2025-02-24 09:01:05;INFO]Current Epoch: 133 / 500 | Learning Rate : 9.54915028126149e-05
[2025-02-24 09:01:35;INFO]Train | Loss : 0.684591 | ACC : 5554/6562 (84.639%)
[2025-02-24 09:01:39;INFO]Valid | Loss : 2.228313 | ACC : 1441/2813 (51.226%)
[2025-02-24 09:01:39;INFO]      | Loss didn't drop!

[2025-02-24 09:01:39;INFO]best epoch: 125, best loss: 0.433698
[2025-02-24 09:01:39;INFO]----------------------------------------------------------------------------------------------------

[2025-02-24 09:01:39;INFO]Current Epoch: 134 / 500 | Learning Rate : 0.0009045084971884573
[2025-02-24 09:02:09;INFO]Train | Loss : 0.568687 | ACC : 5778/6562 (88.052%)
[2025-02-24 09:02:13;INFO]Valid | Loss : 1.710265 | ACC : 1545/2813 (54.924%)
[2025-02-24 09:02:13;INFO]      | Loss didn't drop!

[2025-02-24 09:02:13;INFO]best epoch: 125, best loss: 0.433698
[2025-02-24 09:02:13;INFO]----------------------------------------------------------------------------------------------------

[2025-02-24 09:02:13;INFO]Current Epoch: 135 / 500 | Learning Rate : 0.0006545084971884543
[2025-02-24 09:02:43;INFO]Train | Loss : 0.627843 | ACC : 5730/6562 (87.321%)
[2025-02-24 09:02:47;INFO]Valid | Loss : 0.758679 | ACC : 2066/2813 (73.445%)
[2025-02-24 09:02:47;INFO]      | Loss didn't drop!

[2025-02-24 09:02:47;INFO]best epoch: 125, best loss: 0.433698
[2025-02-24 09:02:47;INFO]----------------------------------------------------------------------------------------------------

[2025-02-24 09:02:47;INFO]Current Epoch: 136 / 500 | Learning Rate : 0.0
[2025-02-24 09:03:17;INFO]Train | Loss : 0.470275 | ACC : 6023/6562 (91.786%)
[2025-02-24 09:03:21;INFO]Valid | Loss : 0.987724 | ACC : 1955/2813 (69.499%)
[2025-02-24 09:03:21;INFO]      | Loss didn't drop!

[2025-02-24 09:03:21;INFO]best epoch: 125, best loss: 0.433698
[2025-02-24 09:03:21;INFO]----------------------------------------------------------------------------------------------------

[2025-02-24 09:03:21;INFO]Current Epoch: 137 / 500 | Learning Rate : 0.0006545084971889606
[2025-02-24 09:03:51;INFO]Train | Loss : 0.568973 | ACC : 5716/6562 (87.108%)
[2025-02-24 09:03:55;INFO]Valid | Loss : 1.831646 | ACC : 1598/2813 (56.808%)
[2025-02-24 09:03:55;INFO]      | Loss didn't drop!

[2025-02-24 09:03:55;INFO]best epoch: 125, best loss: 0.433698
[2025-02-24 09:03:55;INFO]----------------------------------------------------------------------------------------------------

[2025-02-24 09:03:55;INFO]Current Epoch: 138 / 500 | Learning Rate : 0.0009045084971870975
[2025-02-24 09:04:25;INFO]Train | Loss : 0.562090 | ACC : 5779/6562 (88.068%)
[2025-02-24 09:04:30;INFO]Valid | Loss : 0.618948 | ACC : 2242/2813 (79.701%)
[2025-02-24 09:04:30;INFO]      | Loss didn't drop!

[2025-02-24 09:04:30;INFO]best epoch: 125, best loss: 0.433698
[2025-02-24 09:04:30;INFO]----------------------------------------------------------------------------------------------------

[2025-02-24 09:04:30;INFO]Current Epoch: 139 / 500 | Learning Rate : 9.54915028125409e-05
[2025-02-24 09:04:59;INFO]Train | Loss : 0.514264 | ACC : 5860/6562 (89.302%)
[2025-02-24 09:05:04;INFO]Valid | Loss : 0.538460 | ACC : 2307/2813 (82.012%)
[2025-02-24 09:05:04;INFO]      | Loss didn't drop!

[2025-02-24 09:05:04;INFO]best epoch: 125, best loss: 0.433698
[2025-02-24 09:05:04;INFO]----------------------------------------------------------------------------------------------------

[2025-02-24 09:05:04;INFO]Current Epoch: 140 / 500 | Learning Rate : 0.00034549150281268744
[2025-02-24 09:05:34;INFO]Train | Loss : 0.433514 | ACC : 6036/6562 (91.984%)
[2025-02-24 09:05:38;INFO]Valid | Loss : 1.445984 | ACC : 1808/2813 (64.273%)
[2025-02-24 09:05:38;INFO]      | Loss didn't drop!

[2025-02-24 09:05:38;INFO]best epoch: 125, best loss: 0.433698
[2025-02-24 09:05:38;INFO]----------------------------------------------------------------------------------------------------

[2025-02-24 09:05:38;INFO]Current Epoch: 141 / 500 | Learning Rate : 0.0010000000000006855
[2025-02-24 09:06:08;INFO]Train | Loss : 0.575085 | ACC : 5738/6562 (87.443%)
[2025-02-24 09:06:12;INFO]Valid | Loss : 0.894863 | ACC : 2008/2813 (71.383%)
[2025-02-24 09:06:12;INFO]      | Loss didn't drop!

[2025-02-24 09:06:12;INFO]best epoch: 125, best loss: 0.433698
[2025-02-24 09:06:12;INFO]----------------------------------------------------------------------------------------------------

[2025-02-24 09:06:12;INFO]Current Epoch: 142 / 500 | Learning Rate : 0.00034549150281293025
[2025-02-24 09:06:42;INFO]Train | Loss : 0.517249 | ACC : 5923/6562 (90.262%)
[2025-02-24 09:06:46;INFO]Valid | Loss : 0.386195 | ACC : 2602/2813 (92.499%)
[2025-02-24 09:06:46;INFO]      | Loss dropped from 0.433698 to 0.386195, model has been saved!

[2025-02-24 09:06:46;INFO]best epoch: 142, best loss: 0.386195
[2025-02-24 09:06:46;INFO]----------------------------------------------------------------------------------------------------

[2025-02-24 09:06:46;INFO]Current Epoch: 143 / 500 | Learning Rate : 9.54915028126631e-05
[2025-02-24 09:07:16;INFO]Train | Loss : 0.524058 | ACC : 5858/6562 (89.272%)
[2025-02-24 09:07:20;INFO]Valid | Loss : 2.137225 | ACC : 1233/2813 (43.832%)
[2025-02-24 09:07:20;INFO]      | Loss didn't drop!

[2025-02-24 09:07:20;INFO]best epoch: 142, best loss: 0.386195
[2025-02-24 09:07:20;INFO]----------------------------------------------------------------------------------------------------

[2025-02-24 09:07:20;INFO]Current Epoch: 144 / 500 | Learning Rate : 0.0009045084971865021
[2025-02-24 09:07:50;INFO]Train | Loss : 0.467104 | ACC : 5924/6562 (90.277%)
[2025-02-24 09:07:55;INFO]Valid | Loss : 1.388018 | ACC : 1788/2813 (63.562%)
[2025-02-24 09:07:55;INFO]      | Loss didn't drop!

[2025-02-24 09:07:55;INFO]best epoch: 142, best loss: 0.386195
[2025-02-24 09:07:55;INFO]----------------------------------------------------------------------------------------------------

[2025-02-24 09:07:55;INFO]Current Epoch: 145 / 500 | Learning Rate : 0.0006545084971869252
[2025-02-24 09:08:24;INFO]Train | Loss : 0.487952 | ACC : 5870/6562 (89.454%)
[2025-02-24 09:08:29;INFO]Valid | Loss : 0.393822 | ACC : 2502/2813 (88.944%)
[2025-02-24 09:08:29;INFO]      | Loss didn't drop!

[2025-02-24 09:08:29;INFO]best epoch: 142, best loss: 0.386195
[2025-02-24 09:08:29;INFO]----------------------------------------------------------------------------------------------------

[2025-02-24 09:08:29;INFO]Current Epoch: 146 / 500 | Learning Rate : 0.0
[2025-02-24 09:08:59;INFO]Train | Loss : 0.452502 | ACC : 5961/6562 (90.841%)
[2025-02-24 09:09:03;INFO]Valid | Loss : 1.498636 | ACC : 1630/2813 (57.945%)
[2025-02-24 09:09:03;INFO]      | Loss didn't drop!

[2025-02-24 09:09:03;INFO]best epoch: 142, best loss: 0.386195
[2025-02-24 09:09:03;INFO]----------------------------------------------------------------------------------------------------

[2025-02-24 09:09:03;INFO]Current Epoch: 147 / 500 | Learning Rate : 0.0006545084971873817
[2025-02-24 09:09:33;INFO]Train | Loss : 0.594609 | ACC : 5749/6562 (87.610%)
[2025-02-24 09:09:37;INFO]Valid | Loss : 3.011325 | ACC : 1032/2813 (36.687%)
[2025-02-24 09:09:37;INFO]      | Loss didn't drop!

[2025-02-24 09:09:37;INFO]best epoch: 142, best loss: 0.386195
[2025-02-24 09:09:37;INFO]----------------------------------------------------------------------------------------------------

[2025-02-24 09:09:37;INFO]Current Epoch: 148 / 500 | Learning Rate : 0.0009045084971877254
[2025-02-24 09:10:07;INFO]Train | Loss : 0.556696 | ACC : 5763/6562 (87.824%)
[2025-02-24 09:10:11;INFO]Valid | Loss : 0.538458 | ACC : 2296/2813 (81.621%)
[2025-02-24 09:10:11;INFO]      | Loss didn't drop!

[2025-02-24 09:10:11;INFO]best epoch: 142, best loss: 0.386195
[2025-02-24 09:10:11;INFO]----------------------------------------------------------------------------------------------------

[2025-02-24 09:10:11;INFO]Current Epoch: 149 / 500 | Learning Rate : 9.549150281262019e-05
[2025-02-24 09:10:41;INFO]Train | Loss : 0.506545 | ACC : 5849/6562 (89.134%)
[2025-02-24 09:10:45;INFO]Valid | Loss : 0.459499 | ACC : 2394/2813 (85.105%)
[2025-02-24 09:10:45;INFO]      | Loss didn't drop!

[2025-02-24 09:10:45;INFO]best epoch: 142, best loss: 0.386195
[2025-02-24 09:10:45;INFO]----------------------------------------------------------------------------------------------------

[2025-02-24 09:10:45;INFO]Current Epoch: 150 / 500 | Learning Rate : 0.00034549150281289274
[2025-02-24 09:11:15;INFO]Train | Loss : 0.469454 | ACC : 5912/6562 (90.094%)
[2025-02-24 09:11:19;INFO]Valid | Loss : 1.637258 | ACC : 1499/2813 (53.288%)
[2025-02-24 09:11:19;INFO]      | Loss didn't drop!

[2025-02-24 09:11:19;INFO]best epoch: 142, best loss: 0.386195
[2025-02-24 09:11:19;INFO]----------------------------------------------------------------------------------------------------

[2025-02-24 09:11:19;INFO]Current Epoch: 151 / 500 | Learning Rate : 0.001000000000001362
[2025-02-24 09:11:49;INFO]Train | Loss : 0.628630 | ACC : 5710/6562 (87.016%)
[2025-02-24 09:11:53;INFO]Valid | Loss : 0.682546 | ACC : 2170/2813 (77.142%)
[2025-02-24 09:11:53;INFO]      | Loss didn't drop!

[2025-02-24 09:11:53;INFO]best epoch: 142, best loss: 0.386195
[2025-02-24 09:11:53;INFO]----------------------------------------------------------------------------------------------------

[2025-02-24 09:11:53;INFO]Current Epoch: 152 / 500 | Learning Rate : 0.000345491502813081
[2025-02-24 09:12:23;INFO]Train | Loss : 0.499422 | ACC : 5968/6562 (90.948%)
[2025-02-24 09:12:27;INFO]Valid | Loss : 0.459025 | ACC : 2430/2813 (86.385%)
[2025-02-24 09:12:27;INFO]      | Loss didn't drop!

[2025-02-24 09:12:27;INFO]best epoch: 142, best loss: 0.386195
[2025-02-24 09:12:27;INFO]----------------------------------------------------------------------------------------------------

[2025-02-24 09:12:27;INFO]Current Epoch: 153 / 500 | Learning Rate : 9.549150281243571e-05
[2025-02-24 09:12:57;INFO]Train | Loss : 0.484681 | ACC : 5905/6562 (89.988%)
[2025-02-24 09:13:01;INFO]Valid | Loss : 2.793041 | ACC : 924/2813 (32.847%)
[2025-02-24 09:13:01;INFO]      | Loss didn't drop!

[2025-02-24 09:13:01;INFO]best epoch: 142, best loss: 0.386195
[2025-02-24 09:13:01;INFO]----------------------------------------------------------------------------------------------------

[2025-02-24 09:13:01;INFO]Current Epoch: 154 / 500 | Learning Rate : 0.0009045084971896418
[2025-02-24 09:13:31;INFO]Train | Loss : 0.590258 | ACC : 5786/6562 (88.174%)
[2025-02-24 09:13:36;INFO]Valid | Loss : 0.723464 | ACC : 2080/2813 (73.942%)
[2025-02-24 09:13:36;INFO]      | Loss didn't drop!

[2025-02-24 09:13:36;INFO]best epoch: 142, best loss: 0.386195
[2025-02-24 09:13:36;INFO]----------------------------------------------------------------------------------------------------

[2025-02-24 09:13:36;INFO]Current Epoch: 155 / 500 | Learning Rate : 0.0006545084971873877
[2025-02-24 09:14:05;INFO]Train | Loss : 0.449881 | ACC : 6014/6562 (91.649%)
[2025-02-24 09:14:10;INFO]Valid | Loss : 0.321916 | ACC : 2628/2813 (93.423%)
[2025-02-24 09:14:10;INFO]      | Loss dropped from 0.386195 to 0.321916, model has been saved!

[2025-02-24 09:14:10;INFO]best epoch: 155, best loss: 0.321916
[2025-02-24 09:14:10;INFO]----------------------------------------------------------------------------------------------------

[2025-02-24 09:14:10;INFO]Current Epoch: 156 / 500 | Learning Rate : 0.0
[2025-02-24 09:14:40;INFO]Train | Loss : 0.421417 | ACC : 6009/6562 (91.573%)
[2025-02-24 09:14:44;INFO]Valid | Loss : 1.064063 | ACC : 1786/2813 (63.491%)
[2025-02-24 09:14:44;INFO]      | Loss didn't drop!

[2025-02-24 09:14:44;INFO]best epoch: 155, best loss: 0.321916
[2025-02-24 09:14:44;INFO]----------------------------------------------------------------------------------------------------

[2025-02-24 09:14:44;INFO]Current Epoch: 157 / 500 | Learning Rate : 0.000654508497187901
[2025-02-24 09:15:14;INFO]Train | Loss : 0.420685 | ACC : 6043/6562 (92.091%)
[2025-02-24 09:15:18;INFO]Valid | Loss : 1.674088 | ACC : 1657/2813 (58.905%)
[2025-02-24 09:15:18;INFO]      | Loss didn't drop!

[2025-02-24 09:15:18;INFO]best epoch: 155, best loss: 0.321916
[2025-02-24 09:15:18;INFO]----------------------------------------------------------------------------------------------------

[2025-02-24 09:15:18;INFO]Current Epoch: 158 / 500 | Learning Rate : 0.0009045084971882858
[2025-02-24 09:15:48;INFO]Train | Loss : 0.530244 | ACC : 5765/6562 (87.854%)
[2025-02-24 09:15:52;INFO]Valid | Loss : 1.844451 | ACC : 1374/2813 (48.845%)
[2025-02-24 09:15:52;INFO]      | Loss didn't drop!

[2025-02-24 09:15:52;INFO]best epoch: 155, best loss: 0.321916
[2025-02-24 09:15:52;INFO]----------------------------------------------------------------------------------------------------

[2025-02-24 09:15:52;INFO]Current Epoch: 159 / 500 | Learning Rate : 9.549150281263355e-05
[2025-02-24 09:16:22;INFO]Train | Loss : 0.485315 | ACC : 5902/6562 (89.942%)
[2025-02-24 09:16:26;INFO]Valid | Loss : 0.848757 | ACC : 1932/2813 (68.681%)
[2025-02-24 09:16:26;INFO]      | Loss didn't drop!

[2025-02-24 09:16:26;INFO]best epoch: 155, best loss: 0.321916
[2025-02-24 09:16:26;INFO]----------------------------------------------------------------------------------------------------

[2025-02-24 09:16:26;INFO]Current Epoch: 160 / 500 | Learning Rate : 0.0003454915028131014
[2025-02-24 09:16:56;INFO]Train | Loss : 0.542372 | ACC : 5802/6562 (88.418%)
[2025-02-24 09:17:01;INFO]Valid | Loss : 4.059425 | ACC : 572/2813 (20.334%)
[2025-02-24 09:17:01;INFO]      | Loss didn't drop!

[2025-02-24 09:17:01;INFO]best epoch: 155, best loss: 0.321916
[2025-02-24 09:17:01;INFO]----------------------------------------------------------------------------------------------------

[2025-02-24 09:17:01;INFO]Current Epoch: 161 / 500 | Learning Rate : 0.0009999999999991433
[2025-02-24 09:17:30;INFO]Train | Loss : 0.593195 | ACC : 5683/6562 (86.605%)
[2025-02-24 09:17:35;INFO]Valid | Loss : 0.966369 | ACC : 2066/2813 (73.445%)
[2025-02-24 09:17:35;INFO]      | Loss didn't drop!

[2025-02-24 09:17:35;INFO]best epoch: 155, best loss: 0.321916
[2025-02-24 09:17:35;INFO]----------------------------------------------------------------------------------------------------

[2025-02-24 09:17:35;INFO]Current Epoch: 162 / 500 | Learning Rate : 0.00034549150281233963
[2025-02-24 09:18:05;INFO]Train | Loss : 0.499130 | ACC : 5813/6562 (88.586%)
[2025-02-24 09:18:09;INFO]Valid | Loss : 0.341970 | ACC : 2662/2813 (94.632%)
[2025-02-24 09:18:09;INFO]      | Loss didn't drop!

[2025-02-24 09:18:09;INFO]best epoch: 155, best loss: 0.321916
[2025-02-24 09:18:09;INFO]----------------------------------------------------------------------------------------------------

[2025-02-24 09:18:09;INFO]Current Epoch: 163 / 500 | Learning Rate : 9.54915028124847e-05
[2025-02-24 09:18:39;INFO]Train | Loss : 0.444081 | ACC : 5937/6562 (90.475%)
[2025-02-24 09:18:43;INFO]Valid | Loss : 1.782975 | ACC : 1508/2813 (53.608%)
[2025-02-24 09:18:43;INFO]      | Loss didn't drop!

[2025-02-24 09:18:43;INFO]best epoch: 155, best loss: 0.321916
[2025-02-24 09:18:43;INFO]----------------------------------------------------------------------------------------------------

[2025-02-24 09:18:43;INFO]Current Epoch: 164 / 500 | Learning Rate : 0.0009045084971876864
[2025-02-24 09:19:13;INFO]Train | Loss : 0.439374 | ACC : 5963/6562 (90.872%)
[2025-02-24 09:19:17;INFO]Valid | Loss : 1.827606 | ACC : 1283/2813 (45.610%)
[2025-02-24 09:19:17;INFO]      | Loss didn't drop!

[2025-02-24 09:19:17;INFO]best epoch: 155, best loss: 0.321916
[2025-02-24 09:19:17;INFO]----------------------------------------------------------------------------------------------------

[2025-02-24 09:19:17;INFO]Current Epoch: 165 / 500 | Learning Rate : 0.0006545084971878552
[2025-02-24 09:19:47;INFO]Train | Loss : 0.432864 | ACC : 6038/6562 (92.015%)
[2025-02-24 09:19:51;INFO]Valid | Loss : 0.413991 | ACC : 2436/2813 (86.598%)
[2025-02-24 09:19:51;INFO]      | Loss didn't drop!

[2025-02-24 09:19:51;INFO]best epoch: 155, best loss: 0.321916
[2025-02-24 09:19:51;INFO]----------------------------------------------------------------------------------------------------

[2025-02-24 09:19:51;INFO]Current Epoch: 166 / 500 | Learning Rate : 0.0
[2025-02-24 09:20:21;INFO]Train | Loss : 0.411661 | ACC : 5968/6562 (90.948%)
[2025-02-24 09:20:25;INFO]Valid | Loss : 0.521367 | ACC : 2398/2813 (85.247%)
[2025-02-24 09:20:25;INFO]      | Loss didn't drop!

[2025-02-24 09:20:25;INFO]best epoch: 155, best loss: 0.321916
[2025-02-24 09:20:25;INFO]----------------------------------------------------------------------------------------------------

[2025-02-24 09:20:25;INFO]Current Epoch: 167 / 500 | Learning Rate : 0.0006545084971864242
[2025-02-24 09:20:55;INFO]Train | Loss : 0.485953 | ACC : 5870/6562 (89.454%)
[2025-02-24 09:20:59;INFO]Valid | Loss : 0.850998 | ACC : 1995/2813 (70.921%)
[2025-02-24 09:20:59;INFO]      | Loss didn't drop!

[2025-02-24 09:20:59;INFO]best epoch: 155, best loss: 0.321916
[2025-02-24 09:20:59;INFO]----------------------------------------------------------------------------------------------------

[2025-02-24 09:20:59;INFO]Current Epoch: 168 / 500 | Learning Rate : 0.0009045084971889717
[2025-02-24 09:21:29;INFO]Train | Loss : 0.646383 | ACC : 5463/6562 (83.252%)
[2025-02-24 09:21:34;INFO]Valid | Loss : 1.083580 | ACC : 1816/2813 (64.557%)
[2025-02-24 09:21:34;INFO]      | Loss didn't drop!

[2025-02-24 09:21:34;INFO]best epoch: 155, best loss: 0.321916
[2025-02-24 09:21:34;INFO]----------------------------------------------------------------------------------------------------

[2025-02-24 09:21:34;INFO]Current Epoch: 169 / 500 | Learning Rate : 9.549150281271362e-05
[2025-02-24 09:22:04;INFO]Train | Loss : 0.561866 | ACC : 5748/6562 (87.595%)
[2025-02-24 09:22:08;INFO]Valid | Loss : 0.675686 | ACC : 2227/2813 (79.168%)
[2025-02-24 09:22:08;INFO]      | Loss didn't drop!

[2025-02-24 09:22:08;INFO]best epoch: 155, best loss: 0.321916
[2025-02-24 09:22:08;INFO]----------------------------------------------------------------------------------------------------

[2025-02-24 09:22:08;INFO]Current Epoch: 170 / 500 | Learning Rate : 0.0003454915028123097
[2025-02-24 09:22:38;INFO]Train | Loss : 0.450810 | ACC : 5912/6562 (90.094%)
[2025-02-24 09:22:42;INFO]Valid | Loss : 0.752045 | ACC : 2130/2813 (75.720%)
[2025-02-24 09:22:42;INFO]      | Loss didn't drop!

[2025-02-24 09:22:42;INFO]best epoch: 155, best loss: 0.321916
[2025-02-24 09:22:42;INFO]----------------------------------------------------------------------------------------------------

[2025-02-24 09:22:42;INFO]Current Epoch: 171 / 500 | Learning Rate : 0.0010000000000027053
[2025-02-24 09:23:12;INFO]Train | Loss : 0.426795 | ACC : 5939/6562 (90.506%)
[2025-02-24 09:23:16;INFO]Valid | Loss : 0.638205 | ACC : 2157/2813 (76.680%)
[2025-02-24 09:23:16;INFO]      | Loss didn't drop!

[2025-02-24 09:23:16;INFO]best epoch: 155, best loss: 0.321916
[2025-02-24 09:23:16;INFO]----------------------------------------------------------------------------------------------------

[2025-02-24 09:23:16;INFO]Current Epoch: 172 / 500 | Learning Rate : 0.0003454915028125985
[2025-02-24 09:23:46;INFO]Train | Loss : 0.424063 | ACC : 6033/6562 (91.938%)
[2025-02-24 09:23:50;INFO]Valid | Loss : 0.369232 | ACC : 2620/2813 (93.139%)
[2025-02-24 09:23:50;INFO]      | Loss didn't drop!

[2025-02-24 09:23:50;INFO]best epoch: 155, best loss: 0.321916
[2025-02-24 09:23:50;INFO]----------------------------------------------------------------------------------------------------

[2025-02-24 09:23:50;INFO]Current Epoch: 173 / 500 | Learning Rate : 9.54915028125997e-05
[2025-02-24 09:24:20;INFO]Train | Loss : 0.367500 | ACC : 6098/6562 (92.929%)
[2025-02-24 09:24:24;INFO]Valid | Loss : 1.725871 | ACC : 1645/2813 (58.478%)
[2025-02-24 09:24:24;INFO]      | Loss didn't drop!

[2025-02-24 09:24:24;INFO]best epoch: 155, best loss: 0.321916
[2025-02-24 09:24:24;INFO]----------------------------------------------------------------------------------------------------

[2025-02-24 09:24:24;INFO]Current Epoch: 174 / 500 | Learning Rate : 0.0009045084971882822
[2025-02-24 09:24:54;INFO]Train | Loss : 0.444240 | ACC : 5957/6562 (90.780%)
[2025-02-24 09:24:58;INFO]Valid | Loss : 1.600074 | ACC : 1630/2813 (57.945%)
[2025-02-24 09:24:58;INFO]      | Loss didn't drop!

[2025-02-24 09:24:58;INFO]best epoch: 155, best loss: 0.321916
[2025-02-24 09:24:58;INFO]----------------------------------------------------------------------------------------------------

[2025-02-24 09:24:58;INFO]Current Epoch: 175 / 500 | Learning Rate : 0.0006545084971883168
[2025-02-24 09:25:28;INFO]Train | Loss : 0.460223 | ACC : 5937/6562 (90.475%)
[2025-02-24 09:25:32;INFO]Valid | Loss : 0.527358 | ACC : 2329/2813 (82.794%)
[2025-02-24 09:25:32;INFO]      | Loss didn't drop!

[2025-02-24 09:25:32;INFO]best epoch: 155, best loss: 0.321916
[2025-02-24 09:25:32;INFO]----------------------------------------------------------------------------------------------------

[2025-02-24 09:25:32;INFO]Current Epoch: 176 / 500 | Learning Rate : 0.0
[2025-02-24 09:26:02;INFO]Train | Loss : 0.419632 | ACC : 6008/6562 (91.557%)
[2025-02-24 09:26:07;INFO]Valid | Loss : 1.038810 | ACC : 2125/2813 (75.542%)
[2025-02-24 09:26:07;INFO]      | Loss didn't drop!

[2025-02-24 09:26:07;INFO]best epoch: 155, best loss: 0.321916
[2025-02-24 09:26:07;INFO]----------------------------------------------------------------------------------------------------

[2025-02-24 09:26:07;INFO]Current Epoch: 177 / 500 | Learning Rate : 0.0006545084971887302
[2025-02-24 09:26:37;INFO]Train | Loss : 0.377800 | ACC : 6066/6562 (92.441%)
[2025-02-24 09:26:41;INFO]Valid | Loss : 2.259537 | ACC : 1369/2813 (48.667%)
[2025-02-24 09:26:41;INFO]      | Loss didn't drop!

[2025-02-24 09:26:41;INFO]best epoch: 155, best loss: 0.321916
[2025-02-24 09:26:41;INFO]----------------------------------------------------------------------------------------------------

[2025-02-24 09:26:41;INFO]Current Epoch: 178 / 500 | Learning Rate : 0.0009045084971869138
[2025-02-24 09:27:11;INFO]Train | Loss : 0.529539 | ACC : 5719/6562 (87.153%)
[2025-02-24 09:27:15;INFO]Valid | Loss : 0.504846 | ACC : 2406/2813 (85.531%)
[2025-02-24 09:27:15;INFO]      | Loss didn't drop!

[2025-02-24 09:27:15;INFO]best epoch: 155, best loss: 0.321916
[2025-02-24 09:27:15;INFO]----------------------------------------------------------------------------------------------------

[2025-02-24 09:27:15;INFO]Current Epoch: 179 / 500 | Learning Rate : 9.549150281251736e-05
[2025-02-24 09:27:45;INFO]Train | Loss : 0.379983 | ACC : 6087/6562 (92.761%)
[2025-02-24 09:27:49;INFO]Valid | Loss : 0.382765 | ACC : 2495/2813 (88.695%)
[2025-02-24 09:27:49;INFO]      | Loss didn't drop!

[2025-02-24 09:27:49;INFO]best epoch: 155, best loss: 0.321916
[2025-02-24 09:27:49;INFO]----------------------------------------------------------------------------------------------------

[2025-02-24 09:27:49;INFO]Current Epoch: 180 / 500 | Learning Rate : 0.00034549150281262635
[2025-02-24 09:28:19;INFO]Train | Loss : 0.363142 | ACC : 6035/6562 (91.969%)
[2025-02-24 09:28:23;INFO]Valid | Loss : 1.669956 | ACC : 1795/2813 (63.811%)
[2025-02-24 09:28:23;INFO]      | Loss didn't drop!

[2025-02-24 09:28:23;INFO]best epoch: 155, best loss: 0.321916
[2025-02-24 09:28:23;INFO]----------------------------------------------------------------------------------------------------

[2025-02-24 09:28:23;INFO]Current Epoch: 181 / 500 | Learning Rate : 0.0010000000000004875
[2025-02-24 09:28:53;INFO]Train | Loss : 0.415994 | ACC : 5968/6562 (90.948%)
[2025-02-24 09:28:57;INFO]Valid | Loss : 0.801556 | ACC : 2066/2813 (73.445%)
[2025-02-24 09:28:57;INFO]      | Loss didn't drop!

[2025-02-24 09:28:57;INFO]best epoch: 155, best loss: 0.321916
[2025-02-24 09:28:57;INFO]----------------------------------------------------------------------------------------------------

[2025-02-24 09:28:57;INFO]Current Epoch: 182 / 500 | Learning Rate : 0.000345491502812854
[2025-02-24 09:29:27;INFO]Train | Loss : 0.364430 | ACC : 6084/6562 (92.716%)
[2025-02-24 09:29:31;INFO]Valid | Loss : 0.497475 | ACC : 2316/2813 (82.332%)
[2025-02-24 09:29:31;INFO]      | Loss didn't drop!

[2025-02-24 09:29:31;INFO]best epoch: 155, best loss: 0.321916
[2025-02-24 09:29:31;INFO]----------------------------------------------------------------------------------------------------

[2025-02-24 09:29:31;INFO]Current Epoch: 183 / 500 | Learning Rate : 9.54915028125819e-05
[2025-02-24 09:30:01;INFO]Train | Loss : 0.461449 | ACC : 5917/6562 (90.171%)
[2025-02-24 09:30:05;INFO]Valid | Loss : 1.155582 | ACC : 1971/2813 (70.068%)
[2025-02-24 09:30:05;INFO]      | Loss didn't drop!

[2025-02-24 09:30:05;INFO]best epoch: 155, best loss: 0.321916
[2025-02-24 09:30:05;INFO]----------------------------------------------------------------------------------------------------

[2025-02-24 09:30:05;INFO]Current Epoch: 184 / 500 | Learning Rate : 0.0009045084971862602
[2025-02-24 09:30:35;INFO]Train | Loss : 0.436906 | ACC : 5955/6562 (90.750%)
[2025-02-24 09:30:40;INFO]Valid | Loss : 1.228216 | ACC : 1698/2813 (60.363%)
[2025-02-24 09:30:40;INFO]      | Loss didn't drop!

[2025-02-24 09:30:40;INFO]best epoch: 155, best loss: 0.321916
[2025-02-24 09:30:40;INFO]----------------------------------------------------------------------------------------------------

[2025-02-24 09:30:40;INFO]Current Epoch: 185 / 500 | Learning Rate : 0.0006545084971886771
[2025-02-24 09:31:10;INFO]Train | Loss : 0.415280 | ACC : 5951/6562 (90.689%)
[2025-02-24 09:31:14;INFO]Valid | Loss : 0.457504 | ACC : 2355/2813 (83.718%)
[2025-02-24 09:31:14;INFO]      | Loss didn't drop!

[2025-02-24 09:31:14;INFO]best epoch: 155, best loss: 0.321916
[2025-02-24 09:31:14;INFO]----------------------------------------------------------------------------------------------------

[2025-02-24 09:31:14;INFO]Current Epoch: 186 / 500 | Learning Rate : 0.0
[2025-02-24 09:31:44;INFO]Train | Loss : 0.387339 | ACC : 6001/6562 (91.451%)
[2025-02-24 09:31:48;INFO]Valid | Loss : 0.986528 | ACC : 2062/2813 (73.303%)
[2025-02-24 09:31:48;INFO]      | Loss didn't drop!

[2025-02-24 09:31:48;INFO]best epoch: 155, best loss: 0.321916
[2025-02-24 09:31:48;INFO]----------------------------------------------------------------------------------------------------

[2025-02-24 09:31:48;INFO]Current Epoch: 187 / 500 | Learning Rate : 0.0006545084971873673
[2025-02-24 09:32:18;INFO]Train | Loss : 0.439680 | ACC : 5959/6562 (90.811%)
[2025-02-24 09:32:22;INFO]Valid | Loss : 2.719808 | ACC : 893/2813 (31.745%)
[2025-02-24 09:32:22;INFO]      | Loss didn't drop!

[2025-02-24 09:32:22;INFO]best epoch: 155, best loss: 0.321916
[2025-02-24 09:32:22;INFO]----------------------------------------------------------------------------------------------------

[2025-02-24 09:32:22;INFO]Current Epoch: 188 / 500 | Learning Rate : 0.0009045084971901513
[2025-02-24 09:32:52;INFO]Train | Loss : 0.429856 | ACC : 5994/6562 (91.344%)
[2025-02-24 09:32:56;INFO]Valid | Loss : 0.719101 | ACC : 2192/2813 (77.924%)
[2025-02-24 09:32:56;INFO]      | Loss didn't drop!

[2025-02-24 09:32:56;INFO]best epoch: 155, best loss: 0.321916
[2025-02-24 09:32:56;INFO]----------------------------------------------------------------------------------------------------

[2025-02-24 09:32:56;INFO]Current Epoch: 189 / 500 | Learning Rate : 9.54915028125966e-05
[2025-02-24 09:33:26;INFO]Train | Loss : 0.344436 | ACC : 6152/6562 (93.752%)
[2025-02-24 09:33:30;INFO]Valid | Loss : 0.403907 | ACC : 2458/2813 (87.380%)
[2025-02-24 09:33:30;INFO]      | Loss didn't drop!

[2025-02-24 09:33:30;INFO]best epoch: 155, best loss: 0.321916
[2025-02-24 09:33:30;INFO]----------------------------------------------------------------------------------------------------

[2025-02-24 09:33:30;INFO]Current Epoch: 190 / 500 | Learning Rate : 0.00034549150281272355
[2025-02-24 09:34:00;INFO]Train | Loss : 0.370940 | ACC : 6066/6562 (92.441%)
[2025-02-24 09:34:04;INFO]Valid | Loss : 3.876809 | ACC : 870/2813 (30.928%)
[2025-02-24 09:34:04;INFO]      | Loss didn't drop!

[2025-02-24 09:34:04;INFO]best epoch: 155, best loss: 0.321916
[2025-02-24 09:34:04;INFO]----------------------------------------------------------------------------------------------------

[2025-02-24 09:34:04;INFO]Current Epoch: 191 / 500 | Learning Rate : 0.001000000000001155
[2025-02-24 09:34:34;INFO]Train | Loss : 0.498871 | ACC : 5847/6562 (89.104%)
[2025-02-24 09:34:39;INFO]Valid | Loss : 0.663987 | ACC : 2062/2813 (73.303%)
[2025-02-24 09:34:39;INFO]      | Loss didn't drop!

[2025-02-24 09:34:39;INFO]best epoch: 155, best loss: 0.321916
[2025-02-24 09:34:39;INFO]----------------------------------------------------------------------------------------------------

[2025-02-24 09:34:39;INFO]Current Epoch: 192 / 500 | Learning Rate : 0.0003454915028130051
[2025-02-24 09:35:08;INFO]Train | Loss : 0.360098 | ACC : 6096/6562 (92.899%)
[2025-02-24 09:35:13;INFO]Valid | Loss : 0.329682 | ACC : 2579/2813 (91.681%)
[2025-02-24 09:35:13;INFO]      | Loss didn't drop!

[2025-02-24 09:35:13;INFO]best epoch: 155, best loss: 0.321916
[2025-02-24 09:35:13;INFO]----------------------------------------------------------------------------------------------------

[2025-02-24 09:35:13;INFO]Current Epoch: 193 / 500 | Learning Rate : 9.54915028126978e-05
[2025-02-24 09:35:43;INFO]Train | Loss : 0.335769 | ACC : 6133/6562 (93.462%)
[2025-02-24 09:35:47;INFO]Valid | Loss : 0.944137 | ACC : 1999/2813 (71.063%)
[2025-02-24 09:35:47;INFO]      | Loss didn't drop!

[2025-02-24 09:35:47;INFO]best epoch: 155, best loss: 0.321916
[2025-02-24 09:35:47;INFO]----------------------------------------------------------------------------------------------------

[2025-02-24 09:35:47;INFO]Current Epoch: 194 / 500 | Learning Rate : 0.0009045084971895335
[2025-02-24 09:36:17;INFO]Train | Loss : 0.416918 | ACC : 5952/6562 (90.704%)
[2025-02-24 09:36:21;INFO]Valid | Loss : 1.874774 | ACC : 1745/2813 (62.033%)
[2025-02-24 09:36:21;INFO]      | Loss didn't drop!

[2025-02-24 09:36:21;INFO]best epoch: 155, best loss: 0.321916
[2025-02-24 09:36:21;INFO]----------------------------------------------------------------------------------------------------

[2025-02-24 09:36:21;INFO]Current Epoch: 195 / 500 | Learning Rate : 0.00065450849718725
[2025-02-24 09:36:51;INFO]Train | Loss : 0.388911 | ACC : 6045/6562 (92.121%)
[2025-02-24 09:36:55;INFO]Valid | Loss : 0.326630 | ACC : 2559/2813 (90.970%)
[2025-02-24 09:36:55;INFO]      | Loss didn't drop!

[2025-02-24 09:36:55;INFO]best epoch: 155, best loss: 0.321916
[2025-02-24 09:36:55;INFO]----------------------------------------------------------------------------------------------------

[2025-02-24 09:36:55;INFO]Current Epoch: 196 / 500 | Learning Rate : 0.0
[2025-02-24 09:37:25;INFO]Train | Loss : 0.393010 | ACC : 5992/6562 (91.314%)
[2025-02-24 09:37:29;INFO]Valid | Loss : 0.402850 | ACC : 2501/2813 (88.909%)
[2025-02-24 09:37:29;INFO]      | Loss didn't drop!

[2025-02-24 09:37:29;INFO]best epoch: 155, best loss: 0.321916
[2025-02-24 09:37:29;INFO]----------------------------------------------------------------------------------------------------

[2025-02-24 09:37:29;INFO]Current Epoch: 197 / 500 | Learning Rate : 0.0006545084971876707
[2025-02-24 09:37:59;INFO]Train | Loss : 0.420362 | ACC : 5897/6562 (89.866%)
[2025-02-24 09:38:03;INFO]Valid | Loss : 1.026955 | ACC : 1885/2813 (67.010%)
[2025-02-24 09:38:03;INFO]      | Loss didn't drop!

[2025-02-24 09:38:03;INFO]best epoch: 155, best loss: 0.321916
[2025-02-24 09:38:03;INFO]----------------------------------------------------------------------------------------------------

[2025-02-24 09:38:03;INFO]Current Epoch: 198 / 500 | Learning Rate : 0.0009045084971881683
[2025-02-24 09:38:33;INFO]Train | Loss : 0.388425 | ACC : 6041/6562 (92.060%)
[2025-02-24 09:38:38;INFO]Valid | Loss : 0.793056 | ACC : 2036/2813 (72.378%)
[2025-02-24 09:38:38;INFO]      | Loss didn't drop!

[2025-02-24 09:38:38;INFO]best epoch: 155, best loss: 0.321916
[2025-02-24 09:38:38;INFO]----------------------------------------------------------------------------------------------------

[2025-02-24 09:38:38;INFO]Current Epoch: 199 / 500 | Learning Rate : 9.549150281260995e-05
[2025-02-24 09:39:08;INFO]Train | Loss : 0.284196 | ACC : 6211/6562 (94.651%)
[2025-02-24 09:39:12;INFO]Valid | Loss : 0.413804 | ACC : 2409/2813 (85.638%)
[2025-02-24 09:39:12;INFO]      | Loss didn't drop!

[2025-02-24 09:39:12;INFO]best epoch: 155, best loss: 0.321916
[2025-02-24 09:39:12;INFO]----------------------------------------------------------------------------------------------------

[2025-02-24 09:39:12;INFO]Current Epoch: 200 / 500 | Learning Rate : 0.00034549150281304014
[2025-02-24 09:39:42;INFO]Train | Loss : 0.324856 | ACC : 6118/6562 (93.234%)
[2025-02-24 09:39:46;INFO]Valid | Loss : 2.872695 | ACC : 1170/2813 (41.593%)
[2025-02-24 09:39:46;INFO]      | Loss didn't drop!

[2025-02-24 09:39:46;INFO]best epoch: 155, best loss: 0.321916
[2025-02-24 09:39:46;INFO]----------------------------------------------------------------------------------------------------

[2025-02-24 09:39:46;INFO]Current Epoch: 201 / 500 | Learning Rate : 0.0009999999999989444
[2025-02-24 09:40:16;INFO]Train | Loss : 0.351415 | ACC : 6097/6562 (92.914%)
[2025-02-24 09:40:20;INFO]Valid | Loss : 1.057045 | ACC : 1967/2813 (69.925%)
[2025-02-24 09:40:20;INFO]      | Loss didn't drop!

[2025-02-24 09:40:20;INFO]best epoch: 155, best loss: 0.321916
[2025-02-24 09:40:20;INFO]----------------------------------------------------------------------------------------------------

[2025-02-24 09:40:20;INFO]Current Epoch: 202 / 500 | Learning Rate : 0.0003454915028133687
[2025-02-24 09:40:50;INFO]Train | Loss : 0.387385 | ACC : 5971/6562 (90.994%)
[2025-02-24 09:40:54;INFO]Valid | Loss : 0.420605 | ACC : 2549/2813 (90.615%)
[2025-02-24 09:40:54;INFO]      | Loss didn't drop!

[2025-02-24 09:40:54;INFO]best epoch: 155, best loss: 0.321916
[2025-02-24 09:40:54;INFO]----------------------------------------------------------------------------------------------------

[2025-02-24 09:40:54;INFO]Current Epoch: 203 / 500 | Learning Rate : 9.549150281247034e-05
[2025-02-24 09:41:24;INFO]Train | Loss : 0.367608 | ACC : 6104/6562 (93.020%)
[2025-02-24 09:41:28;INFO]Valid | Loss : 1.784479 | ACC : 1632/2813 (58.016%)
[2025-02-24 09:41:28;INFO]      | Loss didn't drop!

[2025-02-24 09:41:28;INFO]best epoch: 155, best loss: 0.321916
[2025-02-24 09:41:28;INFO]----------------------------------------------------------------------------------------------------

[2025-02-24 09:41:28;INFO]Current Epoch: 204 / 500 | Learning Rate : 0.0009045084971875113
[2025-02-24 09:41:58;INFO]Train | Loss : 0.410127 | ACC : 5952/6562 (90.704%)
[2025-02-24 09:42:02;INFO]Valid | Loss : 0.688063 | ACC : 2186/2813 (77.711%)
[2025-02-24 09:42:02;INFO]      | Loss didn't drop!

[2025-02-24 09:42:02;INFO]best epoch: 155, best loss: 0.321916
[2025-02-24 09:42:02;INFO]----------------------------------------------------------------------------------------------------

[2025-02-24 09:42:02;INFO]Current Epoch: 205 / 500 | Learning Rate : 0.0006545084971896063
[2025-02-24 09:42:32;INFO]Train | Loss : 0.467179 | ACC : 5883/6562 (89.653%)
[2025-02-24 09:42:36;INFO]Valid | Loss : 0.837543 | ACC : 1993/2813 (70.850%)
[2025-02-24 09:42:36;INFO]      | Loss didn't drop!

[2025-02-24 09:42:36;INFO]best epoch: 155, best loss: 0.321916
[2025-02-24 09:42:36;INFO]----------------------------------------------------------------------------------------------------

[2025-02-24 09:42:36;INFO]Current Epoch: 206 / 500 | Learning Rate : 0.0
[2025-02-24 09:43:06;INFO]Train | Loss : 0.473358 | ACC : 5870/6562 (89.454%)
[2025-02-24 09:43:10;INFO]Valid | Loss : 1.608763 | ACC : 1597/2813 (56.772%)
[2025-02-24 09:43:10;INFO]      | Loss didn't drop!

[2025-02-24 09:43:10;INFO]best epoch: 155, best loss: 0.321916
[2025-02-24 09:43:10;INFO]----------------------------------------------------------------------------------------------------

[2025-02-24 09:43:10;INFO]Current Epoch: 207 / 500 | Learning Rate : 0.0006545084971883047
[2025-02-24 09:43:40;INFO]Train | Loss : 0.424931 | ACC : 5917/6562 (90.171%)
[2025-02-24 09:43:45;INFO]Valid | Loss : 0.628971 | ACC : 2171/2813 (77.177%)
[2025-02-24 09:43:45;INFO]      | Loss didn't drop!

[2025-02-24 09:43:45;INFO]best epoch: 155, best loss: 0.321916
[2025-02-24 09:43:45;INFO]----------------------------------------------------------------------------------------------------

[2025-02-24 09:43:45;INFO]Current Epoch: 208 / 500 | Learning Rate : 0.0009045084971887874
[2025-02-24 09:44:15;INFO]Train | Loss : 0.276954 | ACC : 6194/6562 (94.392%)
[2025-02-24 09:44:19;INFO]Valid | Loss : 0.295891 | ACC : 2591/2813 (92.108%)
[2025-02-24 09:44:19;INFO]      | Loss dropped from 0.321916 to 0.295891, model has been saved!

[2025-02-24 09:44:19;INFO]best epoch: 208, best loss: 0.295891
[2025-02-24 09:44:19;INFO]----------------------------------------------------------------------------------------------------

[2025-02-24 09:44:19;INFO]Current Epoch: 209 / 500 | Learning Rate : 9.54915028126892e-05
[2025-02-24 09:44:49;INFO]Train | Loss : 0.360587 | ACC : 6021/6562 (91.756%)
[2025-02-24 09:44:53;INFO]Valid | Loss : 0.495380 | ACC : 2298/2813 (81.692%)
[2025-02-24 09:44:53;INFO]      | Loss didn't drop!

[2025-02-24 09:44:53;INFO]best epoch: 208, best loss: 0.295891
[2025-02-24 09:44:53;INFO]----------------------------------------------------------------------------------------------------

[2025-02-24 09:44:53;INFO]Current Epoch: 210 / 500 | Learning Rate : 0.00034549150281214046
[2025-02-24 09:45:23;INFO]Train | Loss : 0.381424 | ACC : 6049/6562 (92.182%)
[2025-02-24 09:45:27;INFO]Valid | Loss : 2.897208 | ACC : 981/2813 (34.874%)
[2025-02-24 09:45:27;INFO]      | Loss didn't drop!

[2025-02-24 09:45:27;INFO]best epoch: 208, best loss: 0.295891
[2025-02-24 09:45:27;INFO]----------------------------------------------------------------------------------------------------

[2025-02-24 09:45:27;INFO]Current Epoch: 211 / 500 | Learning Rate : 0.000999999999999612
[2025-02-24 09:45:57;INFO]Train | Loss : 0.332501 | ACC : 6136/6562 (93.508%)
[2025-02-24 09:46:01;INFO]Valid | Loss : 0.370428 | ACC : 2489/2813 (88.482%)
[2025-02-24 09:46:01;INFO]      | Loss didn't drop!

[2025-02-24 09:46:01;INFO]best epoch: 208, best loss: 0.295891
[2025-02-24 09:46:01;INFO]----------------------------------------------------------------------------------------------------

[2025-02-24 09:46:01;INFO]Current Epoch: 212 / 500 | Learning Rate : 0.0003454915028125224
[2025-02-24 09:46:31;INFO]Train | Loss : 0.292835 | ACC : 6145/6562 (93.645%)
[2025-02-24 09:46:35;INFO]Valid | Loss : 0.217549 | ACC : 2666/2813 (94.774%)
[2025-02-24 09:46:35;INFO]      | Loss dropped from 0.295891 to 0.217549, model has been saved!

[2025-02-24 09:46:35;INFO]best epoch: 212, best loss: 0.217549
[2025-02-24 09:46:35;INFO]----------------------------------------------------------------------------------------------------

[2025-02-24 09:46:35;INFO]Current Epoch: 213 / 500 | Learning Rate : 9.549150281279497e-05
[2025-02-24 09:47:05;INFO]Train | Loss : 0.395108 | ACC : 5957/6562 (90.780%)
[2025-02-24 09:47:09;INFO]Valid | Loss : 1.477157 | ACC : 1572/2813 (55.883%)
[2025-02-24 09:47:09;INFO]      | Loss didn't drop!

[2025-02-24 09:47:09;INFO]best epoch: 212, best loss: 0.217549
[2025-02-24 09:47:09;INFO]----------------------------------------------------------------------------------------------------

[2025-02-24 09:47:09;INFO]Current Epoch: 214 / 500 | Learning Rate : 0.0009045084971907177
[2025-02-24 09:47:39;INFO]Train | Loss : 0.494011 | ACC : 5771/6562 (87.946%)
[2025-02-24 09:47:44;INFO]Valid | Loss : 1.782808 | ACC : 1528/2813 (54.319%)
[2025-02-24 09:47:44;INFO]      | Loss didn't drop!

[2025-02-24 09:47:44;INFO]best epoch: 212, best loss: 0.217549
[2025-02-24 09:47:44;INFO]----------------------------------------------------------------------------------------------------

[2025-02-24 09:47:44;INFO]Current Epoch: 215 / 500 | Learning Rate : 0.000654508497186183
[2025-02-24 09:48:13;INFO]Train | Loss : 0.378596 | ACC : 6007/6562 (91.542%)
[2025-02-24 09:48:18;INFO]Valid | Loss : 0.339758 | ACC : 2496/2813 (88.731%)
[2025-02-24 09:48:18;INFO]      | Loss didn't drop!

[2025-02-24 09:48:18;INFO]best epoch: 212, best loss: 0.217549
[2025-02-24 09:48:18;INFO]----------------------------------------------------------------------------------------------------

[2025-02-24 09:48:18;INFO]Current Epoch: 216 / 500 | Learning Rate : 0.0
[2025-02-24 09:48:48;INFO]Train | Loss : 0.280951 | ACC : 6185/6562 (94.255%)
[2025-02-24 09:48:52;INFO]Valid | Loss : 0.463064 | ACC : 2350/2813 (83.541%)
[2025-02-24 09:48:52;INFO]      | Loss didn't drop!

[2025-02-24 09:48:52;INFO]best epoch: 212, best loss: 0.217549
[2025-02-24 09:48:52;INFO]----------------------------------------------------------------------------------------------------

[2025-02-24 09:48:52;INFO]Current Epoch: 217 / 500 | Learning Rate : 0.0006545084971886078
[2025-02-24 09:49:22;INFO]Train | Loss : 0.292442 | ACC : 6177/6562 (94.133%)
[2025-02-24 09:49:26;INFO]Valid | Loss : 0.811012 | ACC : 2101/2813 (74.689%)
[2025-02-24 09:49:26;INFO]      | Loss didn't drop!

[2025-02-24 09:49:26;INFO]best epoch: 212, best loss: 0.217549
[2025-02-24 09:49:26;INFO]----------------------------------------------------------------------------------------------------

[2025-02-24 09:49:26;INFO]Current Epoch: 218 / 500 | Learning Rate : 0.0009045084971893482
[2025-02-24 09:49:56;INFO]Train | Loss : 0.268196 | ACC : 6215/6562 (94.712%)
[2025-02-24 09:50:00;INFO]Valid | Loss : 0.531454 | ACC : 2249/2813 (79.950%)
[2025-02-24 09:50:00;INFO]      | Loss didn't drop!

[2025-02-24 09:50:00;INFO]best epoch: 212, best loss: 0.217549
[2025-02-24 09:50:00;INFO]----------------------------------------------------------------------------------------------------

[2025-02-24 09:50:00;INFO]Current Epoch: 219 / 500 | Learning Rate : 9.549150281249383e-05
[2025-02-24 09:50:30;INFO]Train | Loss : 0.261041 | ACC : 6212/6562 (94.666%)
[2025-02-24 09:50:34;INFO]Valid | Loss : 1.765749 | ACC : 1654/2813 (58.798%)
[2025-02-24 09:50:34;INFO]      | Loss didn't drop!

[2025-02-24 09:50:34;INFO]best epoch: 212, best loss: 0.217549
[2025-02-24 09:50:34;INFO]----------------------------------------------------------------------------------------------------

[2025-02-24 09:50:34;INFO]Current Epoch: 220 / 500 | Learning Rate : 0.00034549150281256206
[2025-02-24 09:51:04;INFO]Train | Loss : 0.265656 | ACC : 6201/6562 (94.499%)
[2025-02-24 09:51:08;INFO]Valid | Loss : 1.394993 | ACC : 1760/2813 (62.567%)
[2025-02-24 09:51:08;INFO]      | Loss didn't drop!

[2025-02-24 09:51:08;INFO]best epoch: 212, best loss: 0.217549
[2025-02-24 09:51:08;INFO]----------------------------------------------------------------------------------------------------

[2025-02-24 09:51:08;INFO]Current Epoch: 221 / 500 | Learning Rate : 0.001000000000000288
[2025-02-24 09:51:38;INFO]Train | Loss : 0.328891 | ACC : 6066/6562 (92.441%)
[2025-02-24 09:51:42;INFO]Valid | Loss : 0.913902 | ACC : 1834/2813 (65.197%)
[2025-02-24 09:51:42;INFO]      | Loss didn't drop!

[2025-02-24 09:51:42;INFO]best epoch: 212, best loss: 0.217549
[2025-02-24 09:51:42;INFO]----------------------------------------------------------------------------------------------------

[2025-02-24 09:51:42;INFO]Current Epoch: 222 / 500 | Learning Rate : 0.00034549150281377815
[2025-02-24 09:52:12;INFO]Train | Loss : 0.306434 | ACC : 6165/6562 (93.950%)
[2025-02-24 09:52:17;INFO]Valid | Loss : 0.295615 | ACC : 2547/2813 (90.544%)
[2025-02-24 09:52:17;INFO]      | Loss didn't drop!

[2025-02-24 09:52:17;INFO]best epoch: 212, best loss: 0.217549
[2025-02-24 09:52:17;INFO]----------------------------------------------------------------------------------------------------

[2025-02-24 09:52:17;INFO]Current Epoch: 223 / 500 | Learning Rate : 9.549150281235886e-05
[2025-02-24 09:52:47;INFO]Train | Loss : 0.290306 | ACC : 6163/6562 (93.920%)
[2025-02-24 09:52:51;INFO]Valid | Loss : 2.818775 | ACC : 1360/2813 (48.347%)
[2025-02-24 09:52:51;INFO]      | Loss didn't drop!

[2025-02-24 09:52:51;INFO]best epoch: 212, best loss: 0.217549
[2025-02-24 09:52:51;INFO]----------------------------------------------------------------------------------------------------

[2025-02-24 09:52:51;INFO]Current Epoch: 224 / 500 | Learning Rate : 0.0009045084971886291
[2025-02-24 09:53:21;INFO]Train | Loss : 0.355816 | ACC : 6006/6562 (91.527%)
[2025-02-24 09:53:25;INFO]Valid | Loss : 1.501826 | ACC : 1418/2813 (50.409%)
[2025-02-24 09:53:25;INFO]      | Loss didn't drop!

[2025-02-24 09:53:25;INFO]best epoch: 212, best loss: 0.217549
[2025-02-24 09:53:25;INFO]----------------------------------------------------------------------------------------------------

[2025-02-24 09:53:25;INFO]Current Epoch: 225 / 500 | Learning Rate : 0.0006545084971886479
[2025-02-24 09:53:55;INFO]Train | Loss : 0.337155 | ACC : 6081/6562 (92.670%)
[2025-02-24 09:53:59;INFO]Valid | Loss : 0.311457 | ACC : 2569/2813 (91.326%)
[2025-02-24 09:53:59;INFO]      | Loss didn't drop!

[2025-02-24 09:53:59;INFO]best epoch: 212, best loss: 0.217549
[2025-02-24 09:53:59;INFO]----------------------------------------------------------------------------------------------------

[2025-02-24 09:53:59;INFO]Current Epoch: 226 / 500 | Learning Rate : 0.0
[2025-02-24 09:54:29;INFO]Train | Loss : 0.242355 | ACC : 6264/6562 (95.459%)
[2025-02-24 09:54:33;INFO]Valid | Loss : 0.433429 | ACC : 2398/2813 (85.247%)
[2025-02-24 09:54:33;INFO]      | Loss didn't drop!

[2025-02-24 09:54:33;INFO]best epoch: 212, best loss: 0.217549
[2025-02-24 09:54:33;INFO]----------------------------------------------------------------------------------------------------

[2025-02-24 09:54:33;INFO]Current Epoch: 227 / 500 | Learning Rate : 0.0006545084971871312
[2025-02-24 09:55:03;INFO]Train | Loss : 0.305848 | ACC : 6132/6562 (93.447%)
[2025-02-24 09:55:07;INFO]Valid | Loss : 1.333973 | ACC : 1829/2813 (65.020%)
[2025-02-24 09:55:07;INFO]      | Loss didn't drop!

[2025-02-24 09:55:07;INFO]best epoch: 212, best loss: 0.217549
[2025-02-24 09:55:07;INFO]----------------------------------------------------------------------------------------------------

[2025-02-24 09:55:07;INFO]Current Epoch: 228 / 500 | Learning Rate : 0.0009045084971873569
[2025-02-24 09:55:37;INFO]Train | Loss : 0.330851 | ACC : 6009/6562 (91.573%)
[2025-02-24 09:55:42;INFO]Valid | Loss : 0.720455 | ACC : 2083/2813 (74.049%)
[2025-02-24 09:55:42;INFO]      | Loss didn't drop!

[2025-02-24 09:55:42;INFO]best epoch: 212, best loss: 0.217549
[2025-02-24 09:55:42;INFO]----------------------------------------------------------------------------------------------------

[2025-02-24 09:55:42;INFO]Current Epoch: 229 / 500 | Learning Rate : 9.549150281250624e-05
[2025-02-24 09:56:11;INFO]Train | Loss : 0.439049 | ACC : 5886/6562 (89.698%)
[2025-02-24 09:56:16;INFO]Valid | Loss : 1.458070 | ACC : 1824/2813 (64.842%)
[2025-02-24 09:56:16;INFO]      | Loss didn't drop!

[2025-02-24 09:56:16;INFO]best epoch: 212, best loss: 0.217549
[2025-02-24 09:56:16;INFO]----------------------------------------------------------------------------------------------------

[2025-02-24 09:56:16;INFO]Current Epoch: 230 / 500 | Learning Rate : 0.0003454915028136595
[2025-02-24 09:56:45;INFO]Train | Loss : 0.407865 | ACC : 5952/6562 (90.704%)
[2025-02-24 09:56:50;INFO]Valid | Loss : 1.091320 | ACC : 1840/2813 (65.411%)
[2025-02-24 09:56:50;INFO]      | Loss didn't drop!

[2025-02-24 09:56:50;INFO]best epoch: 212, best loss: 0.217549
[2025-02-24 09:56:50;INFO]----------------------------------------------------------------------------------------------------

[2025-02-24 09:56:50;INFO]Current Epoch: 231 / 500 | Learning Rate : 0.00099999999999807
[2025-02-24 09:57:19;INFO]Train | Loss : 0.376560 | ACC : 6007/6562 (91.542%)
[2025-02-24 09:57:24;INFO]Valid | Loss : 1.693837 | ACC : 1586/2813 (56.381%)
[2025-02-24 09:57:24;INFO]      | Loss didn't drop!

[2025-02-24 09:57:24;INFO]best epoch: 212, best loss: 0.217549
[2025-02-24 09:57:24;INFO]----------------------------------------------------------------------------------------------------

[2025-02-24 09:57:24;INFO]Current Epoch: 232 / 500 | Learning Rate : 0.0003454915028119289
[2025-02-24 09:57:54;INFO]Train | Loss : 0.310675 | ACC : 6131/6562 (93.432%)
[2025-02-24 09:57:58;INFO]Valid | Loss : 0.289578 | ACC : 2596/2813 (92.286%)
[2025-02-24 09:57:58;INFO]      | Loss didn't drop!

[2025-02-24 09:57:58;INFO]best epoch: 212, best loss: 0.217549
[2025-02-24 09:57:58;INFO]----------------------------------------------------------------------------------------------------

[2025-02-24 09:57:58;INFO]Current Epoch: 233 / 500 | Learning Rate : 9.549150281268347e-05
[2025-02-24 09:58:28;INFO]Train | Loss : 0.216223 | ACC : 6293/6562 (95.901%)
[2025-02-24 09:58:32;INFO]Valid | Loss : 1.772140 | ACC : 1782/2813 (63.349%)
[2025-02-24 09:58:32;INFO]      | Loss didn't drop!

[2025-02-24 09:58:32;INFO]best epoch: 212, best loss: 0.217549
[2025-02-24 09:58:32;INFO]----------------------------------------------------------------------------------------------------

[2025-02-24 09:58:32;INFO]Current Epoch: 234 / 500 | Learning Rate : 0.0009045084971893584
[2025-02-24 09:59:02;INFO]Train | Loss : 0.269553 | ACC : 6230/6562 (94.941%)
[2025-02-24 09:59:06;INFO]Valid | Loss : 1.177318 | ACC : 1820/2813 (64.700%)
[2025-02-24 09:59:06;INFO]      | Loss didn't drop!

[2025-02-24 09:59:06;INFO]best epoch: 212, best loss: 0.217549
[2025-02-24 09:59:06;INFO]----------------------------------------------------------------------------------------------------

[2025-02-24 09:59:06;INFO]Current Epoch: 235 / 500 | Learning Rate : 0.0006545084971891095
[2025-02-24 09:59:36;INFO]Train | Loss : 0.260332 | ACC : 6191/6562 (94.346%)
[2025-02-24 09:59:40;INFO]Valid | Loss : 0.347022 | ACC : 2476/2813 (88.020%)
[2025-02-24 09:59:40;INFO]      | Loss didn't drop!

[2025-02-24 09:59:40;INFO]best epoch: 212, best loss: 0.217549
[2025-02-24 09:59:40;INFO]----------------------------------------------------------------------------------------------------

[2025-02-24 09:59:40;INFO]Current Epoch: 236 / 500 | Learning Rate : 0.0
[2025-02-24 10:00:10;INFO]Train | Loss : 0.360081 | ACC : 6038/6562 (92.015%)
[2025-02-24 10:00:14;INFO]Valid | Loss : 0.542200 | ACC : 2297/2813 (81.657%)
[2025-02-24 10:00:14;INFO]      | Loss didn't drop!

[2025-02-24 10:00:14;INFO]best epoch: 212, best loss: 0.217549
[2025-02-24 10:00:14;INFO]----------------------------------------------------------------------------------------------------

[2025-02-24 10:00:14;INFO]Current Epoch: 237 / 500 | Learning Rate : 0.0006545084971876564
[2025-02-24 10:00:44;INFO]Train | Loss : 0.358465 | ACC : 6008/6562 (91.557%)
[2025-02-24 10:00:48;INFO]Valid | Loss : 2.363082 | ACC : 1167/2813 (41.486%)
[2025-02-24 10:00:48;INFO]      | Loss didn't drop!

[2025-02-24 10:00:48;INFO]best epoch: 212, best loss: 0.217549
[2025-02-24 10:00:48;INFO]----------------------------------------------------------------------------------------------------

[2025-02-24 10:00:48;INFO]Current Epoch: 238 / 500 | Learning Rate : 0.0009045084971880435
[2025-02-24 10:01:18;INFO]Train | Loss : 0.393270 | ACC : 5983/6562 (91.176%)
[2025-02-24 10:01:22;INFO]Valid | Loss : 0.734099 | ACC : 2084/2813 (74.085%)
[2025-02-24 10:01:22;INFO]      | Loss didn't drop!

[2025-02-24 10:01:22;INFO]best epoch: 212, best loss: 0.217549
[2025-02-24 10:01:22;INFO]----------------------------------------------------------------------------------------------------

[2025-02-24 10:01:22;INFO]Current Epoch: 239 / 500 | Learning Rate : 9.54915028129287e-05
[2025-02-24 10:01:52;INFO]Train | Loss : 0.255348 | ACC : 6217/6562 (94.742%)
[2025-02-24 10:01:56;INFO]Valid | Loss : 0.308732 | ACC : 2531/2813 (89.975%)
[2025-02-24 10:01:56;INFO]      | Loss didn't drop!

[2025-02-24 10:01:56;INFO]best epoch: 212, best loss: 0.217549
[2025-02-24 10:01:56;INFO]----------------------------------------------------------------------------------------------------

[2025-02-24 10:01:56;INFO]Current Epoch: 240 / 500 | Learning Rate : 0.000345491502811979
[2025-02-24 10:02:26;INFO]Train | Loss : 0.349462 | ACC : 6011/6562 (91.603%)
[2025-02-24 10:02:30;INFO]Valid | Loss : 3.338416 | ACC : 1300/2813 (46.214%)
[2025-02-24 10:02:30;INFO]      | Loss didn't drop!

[2025-02-24 10:02:30;INFO]best epoch: 212, best loss: 0.217549
[2025-02-24 10:02:30;INFO]----------------------------------------------------------------------------------------------------

[2025-02-24 10:02:30;INFO]Current Epoch: 241 / 500 | Learning Rate : 0.001000000000001632
[2025-02-24 10:03:00;INFO]Train | Loss : 0.310953 | ACC : 6129/6562 (93.401%)
[2025-02-24 10:03:04;INFO]Valid | Loss : 1.138781 | ACC : 1891/2813 (67.224%)
[2025-02-24 10:03:04;INFO]      | Loss didn't drop!

[2025-02-24 10:03:04;INFO]best epoch: 212, best loss: 0.217549
[2025-02-24 10:03:04;INFO]----------------------------------------------------------------------------------------------------

[2025-02-24 10:03:04;INFO]Current Epoch: 242 / 500 | Learning Rate : 0.00034549150281318455
[2025-02-24 10:03:34;INFO]Train | Loss : 0.296187 | ACC : 6156/6562 (93.813%)
[2025-02-24 10:03:38;INFO]Valid | Loss : 0.257997 | ACC : 2636/2813 (93.708%)
[2025-02-24 10:03:38;INFO]      | Loss didn't drop!

[2025-02-24 10:03:38;INFO]best epoch: 212, best loss: 0.217549
[2025-02-24 10:03:38;INFO]----------------------------------------------------------------------------------------------------

[2025-02-24 10:03:38;INFO]Current Epoch: 243 / 500 | Learning Rate : 9.549150281279842e-05
[2025-02-24 10:04:08;INFO]Train | Loss : 0.309526 | ACC : 6107/6562 (93.066%)
[2025-02-24 10:04:13;INFO]Valid | Loss : 0.577100 | ACC : 2207/2813 (78.457%)
[2025-02-24 10:04:13;INFO]      | Loss didn't drop!

[2025-02-24 10:04:13;INFO]best epoch: 212, best loss: 0.217549
[2025-02-24 10:04:13;INFO]----------------------------------------------------------------------------------------------------

[2025-02-24 10:04:13;INFO]Current Epoch: 244 / 500 | Learning Rate : 0.0009045084971872698
[2025-02-24 10:04:42;INFO]Train | Loss : 0.253758 | ACC : 6208/6562 (94.605%)
[2025-02-24 10:04:47;INFO]Valid | Loss : 1.017525 | ACC : 2054/2813 (73.018%)
[2025-02-24 10:04:47;INFO]      | Loss didn't drop!

[2025-02-24 10:04:47;INFO]best epoch: 212, best loss: 0.217549
[2025-02-24 10:04:47;INFO]----------------------------------------------------------------------------------------------------

[2025-02-24 10:04:47;INFO]Current Epoch: 245 / 500 | Learning Rate : 0.0006545084971875747
[2025-02-24 10:05:16;INFO]Train | Loss : 0.233306 | ACC : 6227/6562 (94.895%)
[2025-02-24 10:05:21;INFO]Valid | Loss : 0.233401 | ACC : 2661/2813 (94.597%)
[2025-02-24 10:05:21;INFO]      | Loss didn't drop!

[2025-02-24 10:05:21;INFO]best epoch: 212, best loss: 0.217549
[2025-02-24 10:05:21;INFO]----------------------------------------------------------------------------------------------------

[2025-02-24 10:05:21;INFO]Current Epoch: 246 / 500 | Learning Rate : 0.0
[2025-02-24 10:05:51;INFO]Train | Loss : 0.223132 | ACC : 6273/6562 (95.596%)
[2025-02-24 10:05:55;INFO]Valid | Loss : 0.436310 | ACC : 2376/2813 (84.465%)
[2025-02-24 10:05:55;INFO]      | Loss didn't drop!

[2025-02-24 10:05:55;INFO]best epoch: 212, best loss: 0.217549
[2025-02-24 10:05:55;INFO]----------------------------------------------------------------------------------------------------

[2025-02-24 10:05:55;INFO]Current Epoch: 247 / 500 | Learning Rate : 0.0006545084971899626
[2025-02-24 10:06:25;INFO]Train | Loss : 0.299970 | ACC : 6090/6562 (92.807%)
[2025-02-24 10:06:29;INFO]Valid | Loss : 3.393011 | ACC : 745/2813 (26.484%)
[2025-02-24 10:06:29;INFO]      | Loss didn't drop!

[2025-02-24 10:06:29;INFO]best epoch: 212, best loss: 0.217549
[2025-02-24 10:06:29;INFO]----------------------------------------------------------------------------------------------------

[2025-02-24 10:06:29;INFO]Current Epoch: 248 / 500 | Learning Rate : 0.0009045084971859265
[2025-02-24 10:06:59;INFO]Train | Loss : 0.376689 | ACC : 5985/6562 (91.207%)
[2025-02-24 10:07:03;INFO]Valid | Loss : 0.419599 | ACC : 2363/2813 (84.003%)
[2025-02-24 10:07:03;INFO]      | Loss didn't drop!

[2025-02-24 10:07:03;INFO]best epoch: 212, best loss: 0.217549
[2025-02-24 10:07:03;INFO]----------------------------------------------------------------------------------------------------

[2025-02-24 10:07:03;INFO]Current Epoch: 249 / 500 | Learning Rate : 9.549150281245702e-05
[2025-02-24 10:07:33;INFO]Train | Loss : 0.307320 | ACC : 6111/6562 (93.127%)
[2025-02-24 10:07:37;INFO]Valid | Loss : 0.346442 | ACC : 2453/2813 (87.202%)
[2025-02-24 10:07:37;INFO]      | Loss didn't drop!

[2025-02-24 10:07:37;INFO]best epoch: 212, best loss: 0.217549
[2025-02-24 10:07:37;INFO]----------------------------------------------------------------------------------------------------

[2025-02-24 10:07:37;INFO]Current Epoch: 250 / 500 | Learning Rate : 0.00034549150281318444
[2025-02-24 10:08:07;INFO]Train | Loss : 0.269539 | ACC : 6191/6562 (94.346%)
[2025-02-24 10:08:11;INFO]Valid | Loss : 1.748896 | ACC : 1744/2813 (61.998%)
[2025-02-24 10:08:11;INFO]      | Loss didn't drop!

[2025-02-24 10:08:11;INFO]best epoch: 212, best loss: 0.217549
[2025-02-24 10:08:11;INFO]----------------------------------------------------------------------------------------------------

[2025-02-24 10:08:11;INFO]Current Epoch: 251 / 500 | Learning Rate : 0.001000000000002308
[2025-02-24 10:08:41;INFO]Train | Loss : 0.397099 | ACC : 5940/6562 (90.521%)
[2025-02-24 10:08:45;INFO]Valid | Loss : 1.960536 | ACC : 1283/2813 (45.610%)
[2025-02-24 10:08:45;INFO]      | Loss didn't drop!

[2025-02-24 10:08:45;INFO]best epoch: 212, best loss: 0.217549
[2025-02-24 10:08:45;INFO]----------------------------------------------------------------------------------------------------

[2025-02-24 10:08:45;INFO]Current Epoch: 252 / 500 | Learning Rate : 0.00034549150281355166
[2025-02-24 10:09:15;INFO]Train | Loss : 0.274981 | ACC : 6195/6562 (94.407%)
[2025-02-24 10:09:19;INFO]Valid | Loss : 0.244899 | ACC : 2640/2813 (93.850%)
[2025-02-24 10:09:19;INFO]      | Loss didn't drop!

[2025-02-24 10:09:19;INFO]best epoch: 212, best loss: 0.217549
[2025-02-24 10:09:19;INFO]----------------------------------------------------------------------------------------------------

[2025-02-24 10:09:19;INFO]Current Epoch: 253 / 500 | Learning Rate : 9.54915028125042e-05
[2025-02-24 10:09:49;INFO]Train | Loss : 0.261031 | ACC : 6220/6562 (94.788%)
[2025-02-24 10:09:53;INFO]Valid | Loss : 2.398533 | ACC : 1579/2813 (56.132%)
[2025-02-24 10:09:53;INFO]      | Loss didn't drop!

[2025-02-24 10:09:53;INFO]best epoch: 212, best loss: 0.217549
[2025-02-24 10:09:53;INFO]----------------------------------------------------------------------------------------------------

[2025-02-24 10:09:53;INFO]Current Epoch: 254 / 500 | Learning Rate : 0.0009045084971905429
[2025-02-24 10:10:23;INFO]Train | Loss : 0.353461 | ACC : 5970/6562 (90.978%)
[2025-02-24 10:10:27;INFO]Valid | Loss : 1.539436 | ACC : 1807/2813 (64.237%)
[2025-02-24 10:10:27;INFO]      | Loss didn't drop!

[2025-02-24 10:10:27;INFO]best epoch: 212, best loss: 0.217549
[2025-02-24 10:10:27;INFO]----------------------------------------------------------------------------------------------------

[2025-02-24 10:10:27;INFO]Current Epoch: 255 / 500 | Learning Rate : 0.0006545084971881508
[2025-02-24 10:10:57;INFO]Train | Loss : 0.226905 | ACC : 6267/6562 (95.504%)
[2025-02-24 10:11:01;INFO]Valid | Loss : 0.639320 | ACC : 2164/2813 (76.929%)
[2025-02-24 10:11:01;INFO]      | Loss didn't drop!

[2025-02-24 10:11:01;INFO]best epoch: 212, best loss: 0.217549
[2025-02-24 10:11:01;INFO]----------------------------------------------------------------------------------------------------

[2025-02-24 10:11:01;INFO]Current Epoch: 256 / 500 | Learning Rate : 0.0
[2025-02-24 10:11:31;INFO]Train | Loss : 0.258041 | ACC : 6167/6562 (93.980%)
[2025-02-24 10:11:35;INFO]Valid | Loss : 0.489006 | ACC : 2270/2813 (80.697%)
[2025-02-24 10:11:35;INFO]      | Loss didn't drop!

[2025-02-24 10:11:35;INFO]best epoch: 212, best loss: 0.217549
[2025-02-24 10:11:35;INFO]----------------------------------------------------------------------------------------------------

[2025-02-24 10:11:35;INFO]Current Epoch: 257 / 500 | Learning Rate : 0.0006545084971865972
[2025-02-24 10:12:05;INFO]Train | Loss : 0.213383 | ACC : 6293/6562 (95.901%)
[2025-02-24 10:12:09;INFO]Valid | Loss : 3.975657 | ACC : 832/2813 (29.577%)
[2025-02-24 10:12:09;INFO]      | Loss didn't drop!

[2025-02-24 10:12:09;INFO]best epoch: 212, best loss: 0.217549
[2025-02-24 10:12:09;INFO]----------------------------------------------------------------------------------------------------

[2025-02-24 10:12:09;INFO]Current Epoch: 258 / 500 | Learning Rate : 0.0009045084971891639
[2025-02-24 10:12:39;INFO]Train | Loss : 0.311255 | ACC : 6136/6562 (93.508%)
[2025-02-24 10:12:43;INFO]Valid | Loss : 0.700629 | ACC : 2097/2813 (74.547%)
[2025-02-24 10:12:43;INFO]      | Loss didn't drop!

[2025-02-24 10:12:43;INFO]best epoch: 212, best loss: 0.217549
[2025-02-24 10:12:43;INFO]----------------------------------------------------------------------------------------------------

[2025-02-24 10:12:43;INFO]Current Epoch: 259 / 500 | Learning Rate : 9.549150281240342e-05
[2025-02-24 10:13:13;INFO]Train | Loss : 0.201646 | ACC : 6314/6562 (96.221%)
[2025-02-24 10:13:17;INFO]Valid | Loss : 0.582388 | ACC : 2263/2813 (80.448%)
[2025-02-24 10:13:17;INFO]      | Loss didn't drop!

[2025-02-24 10:13:17;INFO]best epoch: 212, best loss: 0.217549
[2025-02-24 10:13:17;INFO]----------------------------------------------------------------------------------------------------

[2025-02-24 10:13:17;INFO]Current Epoch: 260 / 500 | Learning Rate : 0.0003454915028143901
[2025-02-24 10:13:47;INFO]Train | Loss : 0.280420 | ACC : 6146/6562 (93.660%)
[2025-02-24 10:13:51;INFO]Valid | Loss : 0.739624 | ACC : 2177/2813 (77.391%)
[2025-02-24 10:13:51;INFO]      | Loss didn't drop!

[2025-02-24 10:13:51;INFO]best epoch: 212, best loss: 0.217549
[2025-02-24 10:13:51;INFO]----------------------------------------------------------------------------------------------------

[2025-02-24 10:13:51;INFO]Current Epoch: 261 / 500 | Learning Rate : 0.0009999999999971954
[2025-02-24 10:14:21;INFO]Train | Loss : 0.402079 | ACC : 5887/6562 (89.714%)
[2025-02-24 10:14:25;INFO]Valid | Loss : 1.121115 | ACC : 1751/2813 (62.247%)
[2025-02-24 10:14:25;INFO]      | Loss didn't drop!

[2025-02-24 10:14:25;INFO]best epoch: 212, best loss: 0.217549
[2025-02-24 10:14:25;INFO]----------------------------------------------------------------------------------------------------

[2025-02-24 10:14:25;INFO]Current Epoch: 262 / 500 | Learning Rate : 0.0003454915028125941
[2025-02-24 10:14:55;INFO]Train | Loss : 0.289495 | ACC : 6122/6562 (93.295%)
[2025-02-24 10:14:59;INFO]Valid | Loss : 0.258770 | ACC : 2617/2813 (93.032%)
[2025-02-24 10:14:59;INFO]      | Loss didn't drop!

[2025-02-24 10:14:59;INFO]best epoch: 212, best loss: 0.217549
[2025-02-24 10:14:59;INFO]----------------------------------------------------------------------------------------------------

[2025-02-24 10:14:59;INFO]Current Epoch: 263 / 500 | Learning Rate : 9.549150281255326e-05
[2025-02-24 10:15:29;INFO]Train | Loss : 0.285705 | ACC : 6126/6562 (93.356%)
[2025-02-24 10:15:33;INFO]Valid | Loss : 2.497631 | ACC : 1466/2813 (52.115%)
[2025-02-24 10:15:33;INFO]      | Loss didn't drop!

[2025-02-24 10:15:33;INFO]best epoch: 212, best loss: 0.217549
[2025-02-24 10:15:33;INFO]----------------------------------------------------------------------------------------------------

[2025-02-24 10:15:33;INFO]Current Epoch: 264 / 500 | Learning Rate : 0.0009045084971911392
[2025-02-24 10:16:03;INFO]Train | Loss : 0.268453 | ACC : 6190/6562 (94.331%)
[2025-02-24 10:16:07;INFO]Valid | Loss : 2.712193 | ACC : 1283/2813 (45.610%)
[2025-02-24 10:16:07;INFO]      | Loss didn't drop!

[2025-02-24 10:16:07;INFO]best epoch: 212, best loss: 0.217549
[2025-02-24 10:16:07;INFO]----------------------------------------------------------------------------------------------------

[2025-02-24 10:16:07;INFO]Current Epoch: 265 / 500 | Learning Rate : 0.0006545084971884021
[2025-02-24 10:16:37;INFO]Train | Loss : 0.301598 | ACC : 6136/6562 (93.508%)
[2025-02-24 10:16:41;INFO]Valid | Loss : 1.063339 | ACC : 1770/2813 (62.922%)
[2025-02-24 10:16:41;INFO]      | Loss didn't drop!

[2025-02-24 10:16:41;INFO]best epoch: 212, best loss: 0.217549
[2025-02-24 10:16:41;INFO]----------------------------------------------------------------------------------------------------

[2025-02-24 10:16:41;INFO]Current Epoch: 266 / 500 | Learning Rate : 0.0
[2025-02-24 10:17:11;INFO]Train | Loss : 0.249504 | ACC : 6248/6562 (95.215%)
[2025-02-24 10:17:15;INFO]Valid | Loss : 0.858173 | ACC : 2039/2813 (72.485%)
[2025-02-24 10:17:15;INFO]      | Loss didn't drop!

[2025-02-24 10:17:15;INFO]best epoch: 212, best loss: 0.217549
[2025-02-24 10:17:15;INFO]----------------------------------------------------------------------------------------------------

[2025-02-24 10:17:15;INFO]Current Epoch: 267 / 500 | Learning Rate : 0.0006545084971870086
[2025-02-24 10:17:45;INFO]Train | Loss : 0.193576 | ACC : 6317/6562 (96.266%)
[2025-02-24 10:17:50;INFO]Valid | Loss : 3.092736 | ACC : 1130/2813 (40.171%)
[2025-02-24 10:17:50;INFO]      | Loss didn't drop!

[2025-02-24 10:17:50;INFO]best epoch: 212, best loss: 0.217549
[2025-02-24 10:17:50;INFO]----------------------------------------------------------------------------------------------------

[2025-02-24 10:17:50;INFO]Current Epoch: 268 / 500 | Learning Rate : 0.0009045084971897828
[2025-02-24 10:18:19;INFO]Train | Loss : 0.235199 | ACC : 6213/6562 (94.681%)
[2025-02-24 10:18:24;INFO]Valid | Loss : 3.573942 | ACC : 1341/2813 (47.672%)
[2025-02-24 10:18:24;INFO]      | Loss didn't drop!

[2025-02-24 10:18:24;INFO]best epoch: 212, best loss: 0.217549
[2025-02-24 10:18:24;INFO]----------------------------------------------------------------------------------------------------

[2025-02-24 10:18:24;INFO]Current Epoch: 269 / 500 | Learning Rate : 9.549150281261641e-05
[2025-02-24 10:18:53;INFO]Train | Loss : 0.342406 | ACC : 6049/6562 (92.182%)
[2025-02-24 10:18:58;INFO]Valid | Loss : 0.772292 | ACC : 2244/2813 (79.772%)
[2025-02-24 10:18:58;INFO]      | Loss didn't drop!

[2025-02-24 10:18:58;INFO]best epoch: 212, best loss: 0.217549
[2025-02-24 10:18:58;INFO]----------------------------------------------------------------------------------------------------

[2025-02-24 10:18:58;INFO]Current Epoch: 270 / 500 | Learning Rate : 0.0003454915028126015
[2025-02-24 10:19:27;INFO]Train | Loss : 0.263019 | ACC : 6226/6562 (94.880%)
[2025-02-24 10:19:32;INFO]Valid | Loss : 2.416707 | ACC : 1469/2813 (52.222%)
[2025-02-24 10:19:32;INFO]      | Loss didn't drop!

[2025-02-24 10:19:32;INFO]best epoch: 212, best loss: 0.217549
[2025-02-24 10:19:32;INFO]----------------------------------------------------------------------------------------------------

[2025-02-24 10:19:32;INFO]Current Epoch: 271 / 500 | Learning Rate : 0.0010000000000036518
[2025-02-24 10:20:01;INFO]Train | Loss : 0.245474 | ACC : 6196/6562 (94.422%)
[2025-02-24 10:20:06;INFO]Valid | Loss : 1.475835 | ACC : 1833/2813 (65.162%)
[2025-02-24 10:20:06;INFO]      | Loss didn't drop!

[2025-02-24 10:20:06;INFO]best epoch: 212, best loss: 0.217549
[2025-02-24 10:20:06;INFO]----------------------------------------------------------------------------------------------------

[2025-02-24 10:20:06;INFO]Current Epoch: 272 / 500 | Learning Rate : 0.00034549150281285284
[2025-02-24 10:20:35;INFO]Train | Loss : 0.257688 | ACC : 6156/6562 (93.813%)
[2025-02-24 10:20:39;INFO]Valid | Loss : 0.322550 | ACC : 2489/2813 (88.482%)
[2025-02-24 10:20:39;INFO]      | Loss didn't drop!

[2025-02-24 10:20:39;INFO]best epoch: 212, best loss: 0.217549
[2025-02-24 10:20:39;INFO]----------------------------------------------------------------------------------------------------

[2025-02-24 10:20:39;INFO]Current Epoch: 273 / 500 | Learning Rate : 9.549150281273505e-05
[2025-02-24 10:21:09;INFO]Train | Loss : 0.315808 | ACC : 6060/6562 (92.350%)
[2025-02-24 10:21:13;INFO]Valid | Loss : 1.424229 | ACC : 1814/2813 (64.486%)
[2025-02-24 10:21:13;INFO]      | Loss didn't drop!

[2025-02-24 10:21:13;INFO]best epoch: 212, best loss: 0.217549
[2025-02-24 10:21:13;INFO]----------------------------------------------------------------------------------------------------

[2025-02-24 10:21:13;INFO]Current Epoch: 274 / 500 | Learning Rate : 0.0009045084971864985
[2025-02-24 10:21:43;INFO]Train | Loss : 0.287261 | ACC : 6159/6562 (93.859%)
[2025-02-24 10:21:47;INFO]Valid | Loss : 0.333196 | ACC : 2537/2813 (90.188%)
[2025-02-24 10:21:47;INFO]      | Loss didn't drop!

[2025-02-24 10:21:47;INFO]best epoch: 212, best loss: 0.217549
[2025-02-24 10:21:47;INFO]----------------------------------------------------------------------------------------------------

[2025-02-24 10:21:47;INFO]Current Epoch: 275 / 500 | Learning Rate : 0.0006545084971888639
[2025-02-24 10:22:17;INFO]Train | Loss : 0.217018 | ACC : 6273/6562 (95.596%)
[2025-02-24 10:22:21;INFO]Valid | Loss : 0.214839 | ACC : 2637/2813 (93.743%)
[2025-02-24 10:22:21;INFO]      | Loss dropped from 0.217549 to 0.214839, model has been saved!

[2025-02-24 10:22:21;INFO]best epoch: 275, best loss: 0.214839
[2025-02-24 10:22:21;INFO]----------------------------------------------------------------------------------------------------

[2025-02-24 10:22:21;INFO]Current Epoch: 276 / 500 | Learning Rate : 0.0
[2025-02-24 10:22:51;INFO]Train | Loss : 0.189978 | ACC : 6287/6562 (95.809%)
[2025-02-24 10:22:55;INFO]Valid | Loss : 1.132223 | ACC : 2118/2813 (75.293%)
[2025-02-24 10:22:55;INFO]      | Loss didn't drop!

[2025-02-24 10:22:55;INFO]best epoch: 275, best loss: 0.214839
[2025-02-24 10:22:55;INFO]----------------------------------------------------------------------------------------------------

[2025-02-24 10:22:55;INFO]Current Epoch: 277 / 500 | Learning Rate : 0.000654508497187426
[2025-02-24 10:23:25;INFO]Train | Loss : 0.285419 | ACC : 6119/6562 (93.249%)
[2025-02-24 10:23:29;INFO]Valid | Loss : 0.872621 | ACC : 2021/2813 (71.845%)
[2025-02-24 10:23:29;INFO]      | Loss didn't drop!

[2025-02-24 10:23:29;INFO]best epoch: 275, best loss: 0.214839
[2025-02-24 10:23:29;INFO]----------------------------------------------------------------------------------------------------

[2025-02-24 10:23:29;INFO]Current Epoch: 278 / 500 | Learning Rate : 0.0009045084971851819
[2025-02-24 10:23:59;INFO]Train | Loss : 0.189658 | ACC : 6310/6562 (96.160%)
[2025-02-24 10:24:03;INFO]Valid | Loss : 0.282482 | ACC : 2559/2813 (90.970%)
[2025-02-24 10:24:03;INFO]      | Loss didn't drop!

[2025-02-24 10:24:03;INFO]best epoch: 275, best loss: 0.214839
[2025-02-24 10:24:03;INFO]----------------------------------------------------------------------------------------------------

[2025-02-24 10:24:03;INFO]Current Epoch: 279 / 500 | Learning Rate : 9.549150281256284e-05
[2025-02-24 10:24:33;INFO]Train | Loss : 0.170605 | ACC : 6334/6562 (96.525%)
[2025-02-24 10:24:37;INFO]Valid | Loss : 0.262076 | ACC : 2595/2813 (92.250%)
[2025-02-24 10:24:37;INFO]      | Loss didn't drop!

[2025-02-24 10:24:37;INFO]best epoch: 275, best loss: 0.214839
[2025-02-24 10:24:37;INFO]----------------------------------------------------------------------------------------------------

[2025-02-24 10:24:37;INFO]Current Epoch: 280 / 500 | Learning Rate : 0.000345491502812807
[2025-02-24 10:25:07;INFO]Train | Loss : 0.184243 | ACC : 6310/6562 (96.160%)
[2025-02-24 10:25:11;INFO]Valid | Loss : 1.770078 | ACC : 1708/2813 (60.718%)
[2025-02-24 10:25:11;INFO]      | Loss didn't drop!

[2025-02-24 10:25:11;INFO]best epoch: 275, best loss: 0.214839
[2025-02-24 10:25:11;INFO]----------------------------------------------------------------------------------------------------

[2025-02-24 10:25:11;INFO]Current Epoch: 281 / 500 | Learning Rate : 0.00100000000000432
[2025-02-24 10:25:41;INFO]Train | Loss : 0.224081 | ACC : 6223/6562 (94.834%)
[2025-02-24 10:25:45;INFO]Valid | Loss : 1.062050 | ACC : 2064/2813 (73.374%)
[2025-02-24 10:25:45;INFO]      | Loss didn't drop!

[2025-02-24 10:25:45;INFO]best epoch: 275, best loss: 0.214839
[2025-02-24 10:25:45;INFO]----------------------------------------------------------------------------------------------------

[2025-02-24 10:25:45;INFO]Current Epoch: 282 / 500 | Learning Rate : 0.00034549150281332496
[2025-02-24 10:26:15;INFO]Train | Loss : 0.312911 | ACC : 6047/6562 (92.152%)
[2025-02-24 10:26:19;INFO]Valid | Loss : 0.286031 | ACC : 2596/2813 (92.286%)
[2025-02-24 10:26:19;INFO]      | Loss didn't drop!

[2025-02-24 10:26:19;INFO]best epoch: 275, best loss: 0.214839
[2025-02-24 10:26:19;INFO]----------------------------------------------------------------------------------------------------

[2025-02-24 10:26:19;INFO]Current Epoch: 283 / 500 | Learning Rate : 9.549150281265047e-05
[2025-02-24 10:26:49;INFO]Train | Loss : 0.286589 | ACC : 6140/6562 (93.569%)
[2025-02-24 10:26:53;INFO]Valid | Loss : 3.384143 | ACC : 1313/2813 (46.676%)
[2025-02-24 10:26:53;INFO]      | Loss didn't drop!

[2025-02-24 10:26:53;INFO]best epoch: 275, best loss: 0.214839
[2025-02-24 10:26:53;INFO]----------------------------------------------------------------------------------------------------

[2025-02-24 10:26:53;INFO]Current Epoch: 284 / 500 | Learning Rate : 0.0009045084971870948
[2025-02-24 10:27:23;INFO]Train | Loss : 0.310143 | ACC : 6139/6562 (93.554%)
[2025-02-24 10:27:27;INFO]Valid | Loss : 3.432345 | ACC : 1022/2813 (36.331%)
[2025-02-24 10:27:27;INFO]      | Loss didn't drop!

[2025-02-24 10:27:27;INFO]best epoch: 275, best loss: 0.214839
[2025-02-24 10:27:27;INFO]----------------------------------------------------------------------------------------------------

[2025-02-24 10:27:27;INFO]Current Epoch: 285 / 500 | Learning Rate : 0.0006545084971893315
[2025-02-24 10:27:57;INFO]Train | Loss : 0.374156 | ACC : 5939/6562 (90.506%)
[2025-02-24 10:28:01;INFO]Valid | Loss : 0.585272 | ACC : 2207/2813 (78.457%)
[2025-02-24 10:28:01;INFO]      | Loss didn't drop!

[2025-02-24 10:28:01;INFO]best epoch: 275, best loss: 0.214839
[2025-02-24 10:28:01;INFO]----------------------------------------------------------------------------------------------------

[2025-02-24 10:28:01;INFO]Current Epoch: 286 / 500 | Learning Rate : 0.0
[2025-02-24 10:28:31;INFO]Train | Loss : 0.225870 | ACC : 6294/6562 (95.916%)
[2025-02-24 10:28:35;INFO]Valid | Loss : 1.289375 | ACC : 1933/2813 (68.717%)
[2025-02-24 10:28:35;INFO]      | Loss didn't drop!

[2025-02-24 10:28:35;INFO]best epoch: 275, best loss: 0.214839
[2025-02-24 10:28:35;INFO]----------------------------------------------------------------------------------------------------

[2025-02-24 10:28:35;INFO]Current Epoch: 287 / 500 | Learning Rate : 0.0006545084971880595
[2025-02-24 10:29:05;INFO]Train | Loss : 0.298494 | ACC : 6090/6562 (92.807%)
[2025-02-24 10:29:09;INFO]Valid | Loss : 2.686323 | ACC : 1540/2813 (54.746%)
[2025-02-24 10:29:09;INFO]      | Loss didn't drop!

[2025-02-24 10:29:09;INFO]best epoch: 275, best loss: 0.214839
[2025-02-24 10:29:09;INFO]----------------------------------------------------------------------------------------------------

[2025-02-24 10:29:09;INFO]Current Epoch: 288 / 500 | Learning Rate : 0.0009045084971910287
[2025-02-24 10:29:39;INFO]Train | Loss : 0.252542 | ACC : 6174/6562 (94.087%)
[2025-02-24 10:29:43;INFO]Valid | Loss : 0.647338 | ACC : 2133/2813 (75.827%)
[2025-02-24 10:29:43;INFO]      | Loss didn't drop!

[2025-02-24 10:29:43;INFO]best epoch: 275, best loss: 0.214839
[2025-02-24 10:29:43;INFO]----------------------------------------------------------------------------------------------------

[2025-02-24 10:29:43;INFO]Current Epoch: 289 / 500 | Learning Rate : 9.549150281264207e-05
[2025-02-24 10:30:13;INFO]Train | Loss : 0.183182 | ACC : 6340/6562 (96.617%)
[2025-02-24 10:30:17;INFO]Valid | Loss : 0.295747 | ACC : 2541/2813 (90.331%)
[2025-02-24 10:30:17;INFO]      | Loss didn't drop!

[2025-02-24 10:30:17;INFO]best epoch: 275, best loss: 0.214839
[2025-02-24 10:30:17;INFO]----------------------------------------------------------------------------------------------------

[2025-02-24 10:30:17;INFO]Current Epoch: 290 / 500 | Learning Rate : 0.00034549150281323155
[2025-02-24 10:30:47;INFO]Train | Loss : 0.200449 | ACC : 6274/6562 (95.611%)
[2025-02-24 10:30:51;INFO]Valid | Loss : 2.582959 | ACC : 1333/2813 (47.387%)
[2025-02-24 10:30:51;INFO]      | Loss didn't drop!

[2025-02-24 10:30:51;INFO]best epoch: 275, best loss: 0.214839
[2025-02-24 10:30:51;INFO]----------------------------------------------------------------------------------------------------

[2025-02-24 10:30:51;INFO]Current Epoch: 291 / 500 | Learning Rate : 0.0009999999999992157
[2025-02-24 10:31:21;INFO]Train | Loss : 0.291334 | ACC : 6117/6562 (93.219%)
[2025-02-24 10:31:25;INFO]Valid | Loss : 1.240626 | ACC : 1886/2813 (67.046%)
[2025-02-24 10:31:25;INFO]      | Loss didn't drop!

[2025-02-24 10:31:25;INFO]best epoch: 275, best loss: 0.214839
[2025-02-24 10:31:25;INFO]----------------------------------------------------------------------------------------------------

[2025-02-24 10:31:25;INFO]Current Epoch: 292 / 500 | Learning Rate : 0.0003454915028133676
[2025-02-24 10:31:55;INFO]Train | Loss : 0.321292 | ACC : 6044/6562 (92.106%)
[2025-02-24 10:31:59;INFO]Valid | Loss : 0.328626 | ACC : 2556/2813 (90.864%)
[2025-02-24 10:31:59;INFO]      | Loss didn't drop!

[2025-02-24 10:31:59;INFO]best epoch: 275, best loss: 0.214839
[2025-02-24 10:31:59;INFO]----------------------------------------------------------------------------------------------------

[2025-02-24 10:31:59;INFO]Current Epoch: 293 / 500 | Learning Rate : 9.549150281269949e-05
[2025-02-24 10:32:29;INFO]Train | Loss : 0.184827 | ACC : 6319/6562 (96.297%)
[2025-02-24 10:32:33;INFO]Valid | Loss : 0.707432 | ACC : 2074/2813 (73.729%)
[2025-02-24 10:32:33;INFO]      | Loss didn't drop!

[2025-02-24 10:32:33;INFO]best epoch: 275, best loss: 0.214839
[2025-02-24 10:32:33;INFO]----------------------------------------------------------------------------------------------------

[2025-02-24 10:32:33;INFO]Current Epoch: 294 / 500 | Learning Rate : 0.000904508497187691
[2025-02-24 10:33:03;INFO]Train | Loss : 0.170910 | ACC : 6347/6562 (96.724%)
[2025-02-24 10:33:07;INFO]Valid | Loss : 1.719791 | ACC : 1801/2813 (64.024%)
[2025-02-24 10:33:07;INFO]      | Loss didn't drop!

[2025-02-24 10:33:07;INFO]best epoch: 275, best loss: 0.214839
[2025-02-24 10:33:07;INFO]----------------------------------------------------------------------------------------------------

[2025-02-24 10:33:07;INFO]Current Epoch: 295 / 500 | Learning Rate : 0.0006545084971860166
[2025-02-24 10:33:37;INFO]Train | Loss : 0.241737 | ACC : 6196/6562 (94.422%)
[2025-02-24 10:33:41;INFO]Valid | Loss : 0.606162 | ACC : 2191/2813 (77.888%)
[2025-02-24 10:33:41;INFO]      | Loss didn't drop!

[2025-02-24 10:33:41;INFO]best epoch: 275, best loss: 0.214839
[2025-02-24 10:33:41;INFO]----------------------------------------------------------------------------------------------------

[2025-02-24 10:33:41;INFO]Current Epoch: 296 / 500 | Learning Rate : 0.0
[2025-02-24 10:34:11;INFO]Train | Loss : 0.202002 | ACC : 6284/6562 (95.763%)
[2025-02-24 10:34:15;INFO]Valid | Loss : 0.205303 | ACC : 2641/2813 (93.886%)
[2025-02-24 10:34:15;INFO]      | Loss dropped from 0.214839 to 0.205303, model has been saved!

[2025-02-24 10:34:15;INFO]best epoch: 296, best loss: 0.205303
[2025-02-24 10:34:15;INFO]----------------------------------------------------------------------------------------------------

[2025-02-24 10:34:15;INFO]Current Epoch: 297 / 500 | Learning Rate : 0.0006545084971882551
[2025-02-24 10:34:45;INFO]Train | Loss : 0.195097 | ACC : 6270/6562 (95.550%)
[2025-02-24 10:34:49;INFO]Valid | Loss : 2.816247 | ACC : 1238/2813 (44.010%)
[2025-02-24 10:34:49;INFO]      | Loss didn't drop!

[2025-02-24 10:34:49;INFO]best epoch: 296, best loss: 0.205303
[2025-02-24 10:34:49;INFO]----------------------------------------------------------------------------------------------------

[2025-02-24 10:34:49;INFO]Current Epoch: 298 / 500 | Learning Rate : 0.000904508497191657
[2025-02-24 10:35:19;INFO]Train | Loss : 0.262552 | ACC : 6165/6562 (93.950%)
[2025-02-24 10:35:23;INFO]Valid | Loss : 0.417164 | ACC : 2392/2813 (85.034%)
[2025-02-24 10:35:23;INFO]      | Loss didn't drop!

[2025-02-24 10:35:23;INFO]best epoch: 296, best loss: 0.205303
[2025-02-24 10:35:23;INFO]----------------------------------------------------------------------------------------------------

[2025-02-24 10:35:23;INFO]Current Epoch: 299 / 500 | Learning Rate : 9.549150281272223e-05
[2025-02-24 10:35:53;INFO]Train | Loss : 0.198638 | ACC : 6253/6562 (95.291%)
[2025-02-24 10:35:57;INFO]Valid | Loss : 0.900909 | ACC : 2172/2813 (77.213%)
[2025-02-24 10:35:57;INFO]      | Loss didn't drop!

[2025-02-24 10:35:57;INFO]best epoch: 296, best loss: 0.205303
[2025-02-24 10:35:57;INFO]----------------------------------------------------------------------------------------------------

[2025-02-24 10:35:57;INFO]Current Epoch: 300 / 500 | Learning Rate : 0.00034549150281344
[2025-02-24 10:36:27;INFO]Train | Loss : 0.297346 | ACC : 6125/6562 (93.340%)
[2025-02-24 10:36:31;INFO]Valid | Loss : 0.914385 | ACC : 2077/2813 (73.836%)
[2025-02-24 10:36:31;INFO]      | Loss didn't drop!

[2025-02-24 10:36:31;INFO]best epoch: 296, best loss: 0.205303
[2025-02-24 10:36:31;INFO]----------------------------------------------------------------------------------------------------

[2025-02-24 10:36:31;INFO]Current Epoch: 301 / 500 | Learning Rate : 0.0009999999999998923
[2025-02-24 10:37:01;INFO]Train | Loss : 0.340005 | ACC : 5998/6562 (91.405%)
[2025-02-24 10:37:05;INFO]Valid | Loss : 1.588262 | ACC : 1737/2813 (61.749%)
[2025-02-24 10:37:05;INFO]      | Loss didn't drop!

[2025-02-24 10:37:05;INFO]best epoch: 296, best loss: 0.205303
[2025-02-24 10:37:05;INFO]----------------------------------------------------------------------------------------------------

[2025-02-24 10:37:05;INFO]Current Epoch: 302 / 500 | Learning Rate : 0.00034549150281362317
[2025-02-24 10:37:34;INFO]Train | Loss : 0.197951 | ACC : 6263/6562 (95.443%)
[2025-02-24 10:37:39;INFO]Valid | Loss : 0.263510 | ACC : 2567/2813 (91.255%)
[2025-02-24 10:37:39;INFO]      | Loss didn't drop!

[2025-02-24 10:37:39;INFO]best epoch: 296, best loss: 0.205303
[2025-02-24 10:37:39;INFO]----------------------------------------------------------------------------------------------------

[2025-02-24 10:37:39;INFO]Current Epoch: 303 / 500 | Learning Rate : 9.549150281232931e-05
[2025-02-24 10:38:08;INFO]Train | Loss : 0.199853 | ACC : 6295/6562 (95.931%)
[2025-02-24 10:38:13;INFO]Valid | Loss : 1.636837 | ACC : 1650/2813 (58.656%)
[2025-02-24 10:38:13;INFO]      | Loss didn't drop!

[2025-02-24 10:38:13;INFO]best epoch: 296, best loss: 0.205303
[2025-02-24 10:38:13;INFO]----------------------------------------------------------------------------------------------------

[2025-02-24 10:38:13;INFO]Current Epoch: 304 / 500 | Learning Rate : 0.0009045084971884127
[2025-02-24 10:38:42;INFO]Train | Loss : 0.265397 | ACC : 6179/6562 (94.163%)
[2025-02-24 10:38:47;INFO]Valid | Loss : 1.667780 | ACC : 1743/2813 (61.962%)
[2025-02-24 10:38:47;INFO]      | Loss didn't drop!

[2025-02-24 10:38:47;INFO]best epoch: 296, best loss: 0.205303
[2025-02-24 10:38:47;INFO]----------------------------------------------------------------------------------------------------

[2025-02-24 10:38:47;INFO]Current Epoch: 305 / 500 | Learning Rate : 0.0006545084971902617
[2025-02-24 10:39:16;INFO]Train | Loss : 0.188006 | ACC : 6291/6562 (95.870%)
[2025-02-24 10:39:20;INFO]Valid | Loss : 0.312163 | ACC : 2507/2813 (89.122%)
[2025-02-24 10:39:20;INFO]      | Loss didn't drop!

[2025-02-24 10:39:20;INFO]best epoch: 296, best loss: 0.205303
[2025-02-24 10:39:20;INFO]----------------------------------------------------------------------------------------------------

[2025-02-24 10:39:20;INFO]Current Epoch: 306 / 500 | Learning Rate : 0.0
[2025-02-24 10:39:50;INFO]Train | Loss : 0.153903 | ACC : 6343/6562 (96.663%)
[2025-02-24 10:39:54;INFO]Valid | Loss : 0.566110 | ACC : 2362/2813 (83.967%)
[2025-02-24 10:39:54;INFO]      | Loss didn't drop!

[2025-02-24 10:39:54;INFO]best epoch: 296, best loss: 0.205303
[2025-02-24 10:39:54;INFO]----------------------------------------------------------------------------------------------------

[2025-02-24 10:39:54;INFO]Current Epoch: 307 / 500 | Learning Rate : 0.0006545084971886721
[2025-02-24 10:40:24;INFO]Train | Loss : 0.242230 | ACC : 6170/6562 (94.026%)
[2025-02-24 10:40:28;INFO]Valid | Loss : 1.116988 | ACC : 2017/2813 (71.703%)
[2025-02-24 10:40:28;INFO]      | Loss didn't drop!

[2025-02-24 10:40:28;INFO]best epoch: 296, best loss: 0.205303
[2025-02-24 10:40:28;INFO]----------------------------------------------------------------------------------------------------

[2025-02-24 10:40:28;INFO]Current Epoch: 308 / 500 | Learning Rate : 0.0009045084971870554
[2025-02-24 10:40:58;INFO]Train | Loss : 0.181033 | ACC : 6285/6562 (95.779%)
[2025-02-24 10:41:02;INFO]Valid | Loss : 1.388213 | ACC : 1800/2813 (63.989%)
[2025-02-24 10:41:02;INFO]      | Loss didn't drop!

[2025-02-24 10:41:02;INFO]best epoch: 296, best loss: 0.205303
[2025-02-24 10:41:02;INFO]----------------------------------------------------------------------------------------------------

[2025-02-24 10:41:02;INFO]Current Epoch: 309 / 500 | Learning Rate : 9.549150281280158e-05
[2025-02-24 10:41:32;INFO]Train | Loss : 0.193384 | ACC : 6295/6562 (95.931%)
[2025-02-24 10:41:36;INFO]Valid | Loss : 1.990517 | ACC : 1453/2813 (51.653%)
[2025-02-24 10:41:36;INFO]      | Loss didn't drop!

[2025-02-24 10:41:36;INFO]best epoch: 296, best loss: 0.205303
[2025-02-24 10:41:36;INFO]----------------------------------------------------------------------------------------------------

[2025-02-24 10:41:36;INFO]Current Epoch: 310 / 500 | Learning Rate : 0.00034549150281342915
[2025-02-24 10:42:06;INFO]Train | Loss : 0.210918 | ACC : 6248/6562 (95.215%)
[2025-02-24 10:42:10;INFO]Valid | Loss : 1.091954 | ACC : 2035/2813 (72.343%)
[2025-02-24 10:42:10;INFO]      | Loss didn't drop!

[2025-02-24 10:42:10;INFO]best epoch: 296, best loss: 0.205303
[2025-02-24 10:42:10;INFO]----------------------------------------------------------------------------------------------------

[2025-02-24 10:42:10;INFO]Current Epoch: 311 / 500 | Learning Rate : 0.0010000000000005588
[2025-02-24 10:42:40;INFO]Train | Loss : 0.165333 | ACC : 6358/6562 (96.891%)
[2025-02-24 10:42:44;INFO]Valid | Loss : 1.384959 | ACC : 1534/2813 (54.533%)
[2025-02-24 10:42:44;INFO]      | Loss didn't drop!

[2025-02-24 10:42:44;INFO]best epoch: 296, best loss: 0.205303
[2025-02-24 10:42:44;INFO]----------------------------------------------------------------------------------------------------

[2025-02-24 10:42:44;INFO]Current Epoch: 312 / 500 | Learning Rate : 0.00034549150281188497
[2025-02-24 10:43:14;INFO]Train | Loss : 0.311003 | ACC : 6136/6562 (93.508%)
[2025-02-24 10:43:18;INFO]Valid | Loss : 0.516989 | ACC : 2265/2813 (80.519%)
[2025-02-24 10:43:18;INFO]      | Loss didn't drop!

[2025-02-24 10:43:18;INFO]best epoch: 296, best loss: 0.205303
[2025-02-24 10:43:18;INFO]----------------------------------------------------------------------------------------------------

[2025-02-24 10:43:18;INFO]Current Epoch: 313 / 500 | Learning Rate : 9.549150281293034e-05
[2025-02-24 10:43:48;INFO]Train | Loss : 0.226061 | ACC : 6255/6562 (95.322%)
[2025-02-24 10:43:52;INFO]Valid | Loss : 0.478777 | ACC : 2334/2813 (82.972%)
[2025-02-24 10:43:52;INFO]      | Loss didn't drop!

[2025-02-24 10:43:52;INFO]best epoch: 296, best loss: 0.205303
[2025-02-24 10:43:52;INFO]----------------------------------------------------------------------------------------------------

[2025-02-24 10:43:52;INFO]Current Epoch: 314 / 500 | Learning Rate : 0.0009045084971890085
[2025-02-24 10:44:22;INFO]Train | Loss : 0.226512 | ACC : 6224/6562 (94.849%)
[2025-02-24 10:44:26;INFO]Valid | Loss : 2.888509 | ACC : 1215/2813 (43.192%)
[2025-02-24 10:44:26;INFO]      | Loss didn't drop!

[2025-02-24 10:44:26;INFO]best epoch: 296, best loss: 0.205303
[2025-02-24 10:44:26;INFO]----------------------------------------------------------------------------------------------------

[2025-02-24 10:44:26;INFO]Current Epoch: 315 / 500 | Learning Rate : 0.0006545084971867303
[2025-02-24 10:44:56;INFO]Train | Loss : 0.235096 | ACC : 6208/6562 (94.605%)
[2025-02-24 10:45:00;INFO]Valid | Loss : 0.258811 | ACC : 2585/2813 (91.895%)
[2025-02-24 10:45:00;INFO]      | Loss didn't drop!

[2025-02-24 10:45:00;INFO]best epoch: 296, best loss: 0.205303
[2025-02-24 10:45:00;INFO]----------------------------------------------------------------------------------------------------

[2025-02-24 10:45:00;INFO]Current Epoch: 316 / 500 | Learning Rate : 0.0
[2025-02-24 10:45:30;INFO]Train | Loss : 0.240433 | ACC : 6161/6562 (93.889%)
[2025-02-24 10:45:34;INFO]Valid | Loss : 0.671202 | ACC : 2161/2813 (76.822%)
[2025-02-24 10:45:34;INFO]      | Loss didn't drop!

[2025-02-24 10:45:34;INFO]best epoch: 296, best loss: 0.205303
[2025-02-24 10:45:34;INFO]----------------------------------------------------------------------------------------------------

[2025-02-24 10:45:34;INFO]Current Epoch: 317 / 500 | Learning Rate : 0.0006545084971893004
[2025-02-24 10:46:04;INFO]Train | Loss : 0.188309 | ACC : 6305/6562 (96.084%)
[2025-02-24 10:46:08;INFO]Valid | Loss : 2.335114 | ACC : 1713/2813 (60.896%)
[2025-02-24 10:46:08;INFO]      | Loss didn't drop!

[2025-02-24 10:46:08;INFO]best epoch: 296, best loss: 0.205303
[2025-02-24 10:46:08;INFO]----------------------------------------------------------------------------------------------------

[2025-02-24 10:46:08;INFO]Current Epoch: 318 / 500 | Learning Rate : 0.0009045084971876747
[2025-02-24 10:46:38;INFO]Train | Loss : 0.190562 | ACC : 6305/6562 (96.084%)
[2025-02-24 10:46:42;INFO]Valid | Loss : 0.863358 | ACC : 2154/2813 (76.573%)
[2025-02-24 10:46:42;INFO]      | Loss didn't drop!

[2025-02-24 10:46:42;INFO]best epoch: 296, best loss: 0.205303
[2025-02-24 10:46:42;INFO]----------------------------------------------------------------------------------------------------

[2025-02-24 10:46:42;INFO]Current Epoch: 319 / 500 | Learning Rate : 9.549150281288158e-05
[2025-02-24 10:47:12;INFO]Train | Loss : 0.236940 | ACC : 6184/6562 (94.240%)
[2025-02-24 10:47:16;INFO]Valid | Loss : 1.157530 | ACC : 2019/2813 (71.774%)
[2025-02-24 10:47:16;INFO]      | Loss didn't drop!

[2025-02-24 10:47:16;INFO]best epoch: 296, best loss: 0.205303
[2025-02-24 10:47:16;INFO]----------------------------------------------------------------------------------------------------

[2025-02-24 10:47:16;INFO]Current Epoch: 320 / 500 | Learning Rate : 0.0003454915028118569
[2025-02-24 10:47:45;INFO]Train | Loss : 0.194395 | ACC : 6287/6562 (95.809%)
[2025-02-24 10:47:50;INFO]Valid | Loss : 2.272335 | ACC : 1612/2813 (57.305%)
[2025-02-24 10:47:50;INFO]      | Loss didn't drop!

[2025-02-24 10:47:50;INFO]best epoch: 296, best loss: 0.205303
[2025-02-24 10:47:50;INFO]----------------------------------------------------------------------------------------------------

[2025-02-24 10:47:50;INFO]Current Epoch: 321 / 500 | Learning Rate : 0.0010000000000012354
[2025-02-24 10:48:19;INFO]Train | Loss : 0.192880 | ACC : 6305/6562 (96.084%)
[2025-02-24 10:48:24;INFO]Valid | Loss : 1.511050 | ACC : 1639/2813 (58.265%)
[2025-02-24 10:48:24;INFO]      | Loss didn't drop!

[2025-02-24 10:48:24;INFO]best epoch: 296, best loss: 0.205303
[2025-02-24 10:48:24;INFO]----------------------------------------------------------------------------------------------------

[2025-02-24 10:48:24;INFO]Current Epoch: 322 / 500 | Learning Rate : 0.00034549150281414087
[2025-02-24 10:48:53;INFO]Train | Loss : 0.200492 | ACC : 6271/6562 (95.565%)
[2025-02-24 10:48:58;INFO]Valid | Loss : 0.171403 | ACC : 2695/2813 (95.805%)
[2025-02-24 10:48:58;INFO]      | Loss dropped from 0.205303 to 0.171403, model has been saved!

[2025-02-24 10:48:58;INFO]best epoch: 322, best loss: 0.171403
[2025-02-24 10:48:58;INFO]----------------------------------------------------------------------------------------------------

[2025-02-24 10:48:58;INFO]Current Epoch: 323 / 500 | Learning Rate : 9.549150281242741e-05
[2025-02-24 10:49:27;INFO]Train | Loss : 0.150148 | ACC : 6369/6562 (97.059%)
[2025-02-24 10:49:31;INFO]Valid | Loss : 1.281787 | ACC : 1761/2813 (62.602%)
[2025-02-24 10:49:31;INFO]      | Loss didn't drop!

[2025-02-24 10:49:31;INFO]best epoch: 322, best loss: 0.171403
[2025-02-24 10:49:31;INFO]----------------------------------------------------------------------------------------------------

[2025-02-24 10:49:31;INFO]Current Epoch: 324 / 500 | Learning Rate : 0.0009045084971894638
[2025-02-24 10:50:01;INFO]Train | Loss : 0.245578 | ACC : 6151/6562 (93.737%)
[2025-02-24 10:50:05;INFO]Valid | Loss : 1.030465 | ACC : 1993/2813 (70.850%)
[2025-02-24 10:50:05;INFO]      | Loss didn't drop!

[2025-02-24 10:50:05;INFO]best epoch: 322, best loss: 0.171403
[2025-02-24 10:50:05;INFO]----------------------------------------------------------------------------------------------------

[2025-02-24 10:50:05;INFO]Current Epoch: 325 / 500 | Learning Rate : 0.0006545084971874081
[2025-02-24 10:50:35;INFO]Train | Loss : 0.167030 | ACC : 6336/6562 (96.556%)
[2025-02-24 10:50:39;INFO]Valid | Loss : 0.448320 | ACC : 2368/2813 (84.181%)
[2025-02-24 10:50:39;INFO]      | Loss didn't drop!

[2025-02-24 10:50:39;INFO]best epoch: 322, best loss: 0.171403
[2025-02-24 10:50:39;INFO]----------------------------------------------------------------------------------------------------

[2025-02-24 10:50:39;INFO]Current Epoch: 326 / 500 | Learning Rate : 0.0
[2025-02-24 10:51:09;INFO]Train | Loss : 0.154527 | ACC : 6340/6562 (96.617%)
[2025-02-24 10:51:13;INFO]Valid | Loss : 2.182814 | ACC : 1717/2813 (61.038%)
[2025-02-24 10:51:13;INFO]      | Loss didn't drop!

[2025-02-24 10:51:13;INFO]best epoch: 322, best loss: 0.171403
[2025-02-24 10:51:13;INFO]----------------------------------------------------------------------------------------------------

[2025-02-24 10:51:13;INFO]Current Epoch: 327 / 500 | Learning Rate : 0.000654508497189718
[2025-02-24 10:51:43;INFO]Train | Loss : 0.267070 | ACC : 6141/6562 (93.584%)
[2025-02-24 10:51:47;INFO]Valid | Loss : 3.026660 | ACC : 923/2813 (32.812%)
[2025-02-24 10:51:47;INFO]      | Loss didn't drop!

[2025-02-24 10:51:47;INFO]best epoch: 322, best loss: 0.171403
[2025-02-24 10:51:47;INFO]----------------------------------------------------------------------------------------------------

[2025-02-24 10:51:47;INFO]Current Epoch: 328 / 500 | Learning Rate : 0.0009045084971881686
[2025-02-24 10:52:17;INFO]Train | Loss : 0.306437 | ACC : 6123/6562 (93.310%)
[2025-02-24 10:52:21;INFO]Valid | Loss : 1.129598 | ACC : 1874/2813 (66.619%)
[2025-02-24 10:52:21;INFO]      | Loss didn't drop!

[2025-02-24 10:52:21;INFO]best epoch: 322, best loss: 0.171403
[2025-02-24 10:52:21;INFO]----------------------------------------------------------------------------------------------------

[2025-02-24 10:52:21;INFO]Current Epoch: 329 / 500 | Learning Rate : 9.549150281240986e-05
[2025-02-24 10:52:51;INFO]Train | Loss : 0.196651 | ACC : 6298/6562 (95.977%)
[2025-02-24 10:52:55;INFO]Valid | Loss : 0.550413 | ACC : 2237/2813 (79.524%)
[2025-02-24 10:52:55;INFO]      | Loss didn't drop!

[2025-02-24 10:52:55;INFO]best epoch: 322, best loss: 0.171403
[2025-02-24 10:52:55;INFO]----------------------------------------------------------------------------------------------------

[2025-02-24 10:52:55;INFO]Current Epoch: 330 / 500 | Learning Rate : 0.0003454915028140593
[2025-02-24 10:53:25;INFO]Train | Loss : 0.265448 | ACC : 6169/6562 (94.011%)
[2025-02-24 10:53:29;INFO]Valid | Loss : 1.303559 | ACC : 1897/2813 (67.437%)
[2025-02-24 10:53:29;INFO]      | Loss didn't drop!

[2025-02-24 10:53:29;INFO]best epoch: 322, best loss: 0.171403
[2025-02-24 10:53:29;INFO]----------------------------------------------------------------------------------------------------

[2025-02-24 10:53:29;INFO]Current Epoch: 331 / 500 | Learning Rate : 0.0010000000000019026
[2025-02-24 10:53:59;INFO]Train | Loss : 0.198310 | ACC : 6260/6562 (95.398%)
[2025-02-24 10:54:03;INFO]Valid | Loss : 1.040439 | ACC : 1940/2813 (68.966%)
[2025-02-24 10:54:03;INFO]      | Loss didn't drop!

[2025-02-24 10:54:03;INFO]best epoch: 322, best loss: 0.171403
[2025-02-24 10:54:03;INFO]----------------------------------------------------------------------------------------------------

[2025-02-24 10:54:03;INFO]Current Epoch: 332 / 500 | Learning Rate : 0.0003454915028123996
[2025-02-24 10:54:33;INFO]Train | Loss : 0.152776 | ACC : 6335/6562 (96.541%)
[2025-02-24 10:54:37;INFO]Valid | Loss : 0.145001 | ACC : 2707/2813 (96.232%)
[2025-02-24 10:54:37;INFO]      | Loss dropped from 0.171403 to 0.145001, model has been saved!

[2025-02-24 10:54:37;INFO]best epoch: 332, best loss: 0.145001
[2025-02-24 10:54:37;INFO]----------------------------------------------------------------------------------------------------

[2025-02-24 10:54:37;INFO]Current Epoch: 333 / 500 | Learning Rate : 9.549150281247553e-05
[2025-02-24 10:55:07;INFO]Train | Loss : 0.161064 | ACC : 6349/6562 (96.754%)
[2025-02-24 10:55:11;INFO]Valid | Loss : 4.320952 | ACC : 891/2813 (31.674%)
[2025-02-24 10:55:11;INFO]      | Loss didn't drop!

[2025-02-24 10:55:11;INFO]best epoch: 332, best loss: 0.145001
[2025-02-24 10:55:11;INFO]----------------------------------------------------------------------------------------------------

[2025-02-24 10:55:11;INFO]Current Epoch: 334 / 500 | Learning Rate : 0.0009045084971901937
[2025-02-24 10:55:41;INFO]Train | Loss : 0.252457 | ACC : 6193/6562 (94.377%)
[2025-02-24 10:55:45;INFO]Valid | Loss : 1.928373 | ACC : 1570/2813 (55.812%)
[2025-02-24 10:55:45;INFO]      | Loss didn't drop!

[2025-02-24 10:55:45;INFO]best epoch: 332, best loss: 0.145001
[2025-02-24 10:55:45;INFO]----------------------------------------------------------------------------------------------------

[2025-02-24 10:55:45;INFO]Current Epoch: 335 / 500 | Learning Rate : 0.000654508497187876
[2025-02-24 10:56:15;INFO]Train | Loss : 0.175494 | ACC : 6322/6562 (96.343%)
[2025-02-24 10:56:19;INFO]Valid | Loss : 1.111412 | ACC : 1884/2813 (66.975%)
[2025-02-24 10:56:19;INFO]      | Loss didn't drop!

[2025-02-24 10:56:19;INFO]best epoch: 332, best loss: 0.145001
[2025-02-24 10:56:19;INFO]----------------------------------------------------------------------------------------------------

[2025-02-24 10:56:19;INFO]Current Epoch: 336 / 500 | Learning Rate : 0.0
[2025-02-24 10:56:49;INFO]Train | Loss : 0.339887 | ACC : 5929/6562 (90.354%)
[2025-02-24 10:56:53;INFO]Valid | Loss : 0.826702 | ACC : 2023/2813 (71.916%)
[2025-02-24 10:56:53;INFO]      | Loss didn't drop!

[2025-02-24 10:56:53;INFO]best epoch: 332, best loss: 0.145001
[2025-02-24 10:56:53;INFO]----------------------------------------------------------------------------------------------------

[2025-02-24 10:56:53;INFO]Current Epoch: 337 / 500 | Learning Rate : 0.0006545084971863521
[2025-02-24 10:57:22;INFO]Train | Loss : 0.206586 | ACC : 6266/6562 (95.489%)
[2025-02-24 10:57:27;INFO]Valid | Loss : 0.742160 | ACC : 2154/2813 (76.573%)
[2025-02-24 10:57:27;INFO]      | Loss didn't drop!

[2025-02-24 10:57:27;INFO]best epoch: 332, best loss: 0.145001
[2025-02-24 10:57:27;INFO]----------------------------------------------------------------------------------------------------

[2025-02-24 10:57:27;INFO]Current Epoch: 338 / 500 | Learning Rate : 0.0009045084971889215
[2025-02-24 10:57:56;INFO]Train | Loss : 0.183515 | ACC : 6302/6562 (96.038%)
[2025-02-24 10:58:01;INFO]Valid | Loss : 1.509145 | ACC : 1860/2813 (66.122%)
[2025-02-24 10:58:01;INFO]      | Loss didn't drop!

[2025-02-24 10:58:01;INFO]best epoch: 332, best loss: 0.145001
[2025-02-24 10:58:01;INFO]----------------------------------------------------------------------------------------------------

[2025-02-24 10:58:01;INFO]Current Epoch: 339 / 500 | Learning Rate : 9.549150281304113e-05
[2025-02-24 10:58:30;INFO]Train | Loss : 0.192305 | ACC : 6254/6562 (95.306%)
[2025-02-24 10:58:34;INFO]Valid | Loss : 0.564872 | ACC : 2105/2813 (74.831%)
[2025-02-24 10:58:34;INFO]      | Loss didn't drop!

[2025-02-24 10:58:34;INFO]best epoch: 332, best loss: 0.145001
[2025-02-24 10:58:34;INFO]----------------------------------------------------------------------------------------------------

[2025-02-24 10:58:34;INFO]Current Epoch: 340 / 500 | Learning Rate : 0.00034549150281227073
[2025-02-24 10:59:04;INFO]Train | Loss : 0.199036 | ACC : 6234/6562 (95.002%)
[2025-02-24 10:59:08;INFO]Valid | Loss : 6.249624 | ACC : 922/2813 (32.776%)
[2025-02-24 10:59:08;INFO]      | Loss didn't drop!

[2025-02-24 10:59:08;INFO]best epoch: 332, best loss: 0.145001
[2025-02-24 10:59:08;INFO]----------------------------------------------------------------------------------------------------

[2025-02-24 10:59:08;INFO]Current Epoch: 341 / 500 | Learning Rate : 0.0010000000000025793
[2025-02-24 10:59:38;INFO]Train | Loss : 0.241832 | ACC : 6241/6562 (95.108%)
[2025-02-24 10:59:42;INFO]Valid | Loss : 1.427964 | ACC : 1522/2813 (54.106%)
[2025-02-24 10:59:42;INFO]      | Loss didn't drop!

[2025-02-24 10:59:42;INFO]best epoch: 332, best loss: 0.145001
[2025-02-24 10:59:42;INFO]----------------------------------------------------------------------------------------------------

[2025-02-24 10:59:42;INFO]Current Epoch: 342 / 500 | Learning Rate : 0.00034549150281244204
[2025-02-24 11:00:12;INFO]Train | Loss : 0.217523 | ACC : 6234/6562 (95.002%)
[2025-02-24 11:00:16;INFO]Valid | Loss : 0.218779 | ACC : 2671/2813 (94.952%)
[2025-02-24 11:00:16;INFO]      | Loss didn't drop!

[2025-02-24 11:00:16;INFO]best epoch: 332, best loss: 0.145001
[2025-02-24 11:00:16;INFO]----------------------------------------------------------------------------------------------------

[2025-02-24 11:00:16;INFO]Current Epoch: 343 / 500 | Learning Rate : 9.549150281252459e-05
[2025-02-24 11:00:46;INFO]Train | Loss : 0.181712 | ACC : 6299/6562 (95.992%)
[2025-02-24 11:00:50;INFO]Valid | Loss : 1.380727 | ACC : 1994/2813 (70.885%)
[2025-02-24 11:00:50;INFO]      | Loss didn't drop!

[2025-02-24 11:00:50;INFO]best epoch: 332, best loss: 0.145001
[2025-02-24 11:00:50;INFO]----------------------------------------------------------------------------------------------------

[2025-02-24 11:00:50;INFO]Current Epoch: 344 / 500 | Learning Rate : 0.0009045084971907815
[2025-02-24 11:01:20;INFO]Train | Loss : 0.168936 | ACC : 6330/6562 (96.464%)
[2025-02-24 11:01:24;INFO]Valid | Loss : 1.980119 | ACC : 1699/2813 (60.398%)
[2025-02-24 11:01:24;INFO]      | Loss didn't drop!

[2025-02-24 11:01:24;INFO]best epoch: 332, best loss: 0.145001
[2025-02-24 11:01:24;INFO]----------------------------------------------------------------------------------------------------

[2025-02-24 11:01:24;INFO]Current Epoch: 345 / 500 | Learning Rate : 0.0006545084971881216
[2025-02-24 11:01:54;INFO]Train | Loss : 0.230626 | ACC : 6183/6562 (94.224%)
[2025-02-24 11:01:58;INFO]Valid | Loss : 0.436102 | ACC : 2350/2813 (83.541%)
[2025-02-24 11:01:58;INFO]      | Loss didn't drop!

[2025-02-24 11:01:58;INFO]best epoch: 332, best loss: 0.145001
[2025-02-24 11:01:58;INFO]----------------------------------------------------------------------------------------------------

[2025-02-24 11:01:58;INFO]Current Epoch: 346 / 500 | Learning Rate : 0.0
[2025-02-24 11:02:28;INFO]Train | Loss : 0.270434 | ACC : 6125/6562 (93.340%)
[2025-02-24 11:02:32;INFO]Valid | Loss : 3.737107 | ACC : 1204/2813 (42.801%)
[2025-02-24 11:02:32;INFO]      | Loss didn't drop!

[2025-02-24 11:02:32;INFO]best epoch: 332, best loss: 0.145001
[2025-02-24 11:02:32;INFO]----------------------------------------------------------------------------------------------------

[2025-02-24 11:02:32;INFO]Current Epoch: 347 / 500 | Learning Rate : 0.0006545084971905469
[2025-02-24 11:03:02;INFO]Train | Loss : 0.176827 | ACC : 6323/6562 (96.358%)
[2025-02-24 11:03:06;INFO]Valid | Loss : 2.564753 | ACC : 1588/2813 (56.452%)
[2025-02-24 11:03:06;INFO]      | Loss didn't drop!

[2025-02-24 11:03:06;INFO]best epoch: 332, best loss: 0.145001
[2025-02-24 11:03:06;INFO]----------------------------------------------------------------------------------------------------

[2025-02-24 11:03:06;INFO]Current Epoch: 348 / 500 | Learning Rate : 0.0009045084971894149
[2025-02-24 11:03:36;INFO]Train | Loss : 0.247290 | ACC : 6147/6562 (93.676%)
[2025-02-24 11:03:40;INFO]Valid | Loss : 0.642186 | ACC : 2081/2813 (73.978%)
[2025-02-24 11:03:40;INFO]      | Loss didn't drop!

[2025-02-24 11:03:40;INFO]best epoch: 332, best loss: 0.145001
[2025-02-24 11:03:40;INFO]----------------------------------------------------------------------------------------------------

[2025-02-24 11:03:40;INFO]Current Epoch: 349 / 500 | Learning Rate : 9.549150281256927e-05
[2025-02-24 11:04:10;INFO]Train | Loss : 0.305335 | ACC : 6113/6562 (93.158%)
[2025-02-24 11:04:14;INFO]Valid | Loss : 0.592606 | ACC : 2172/2813 (77.213%)
[2025-02-24 11:04:14;INFO]      | Loss didn't drop!

[2025-02-24 11:04:14;INFO]best epoch: 332, best loss: 0.145001
[2025-02-24 11:04:14;INFO]----------------------------------------------------------------------------------------------------

[2025-02-24 11:04:14;INFO]Current Epoch: 350 / 500 | Learning Rate : 0.00034549150281247933
[2025-02-24 11:04:44;INFO]Train | Loss : 0.182530 | ACC : 6318/6562 (96.282%)
[2025-02-24 11:04:48;INFO]Valid | Loss : 4.280925 | ACC : 1041/2813 (37.007%)
[2025-02-24 11:04:48;INFO]      | Loss didn't drop!

[2025-02-24 11:04:48;INFO]best epoch: 332, best loss: 0.145001
[2025-02-24 11:04:48;INFO]----------------------------------------------------------------------------------------------------

[2025-02-24 11:04:48;INFO]Current Epoch: 351 / 500 | Learning Rate : 0.0010000000000032466
[2025-02-24 11:05:18;INFO]Train | Loss : 0.274083 | ACC : 6116/6562 (93.203%)
[2025-02-24 11:05:22;INFO]Valid | Loss : 0.535425 | ACC : 2307/2813 (82.012%)
[2025-02-24 11:05:22;INFO]      | Loss didn't drop!

[2025-02-24 11:05:22;INFO]best epoch: 332, best loss: 0.145001
[2025-02-24 11:05:22;INFO]----------------------------------------------------------------------------------------------------

[2025-02-24 11:05:22;INFO]Current Epoch: 352 / 500 | Learning Rate : 0.00034549150281291404
[2025-02-24 11:05:51;INFO]Train | Loss : 0.165137 | ACC : 6328/6562 (96.434%)
[2025-02-24 11:05:56;INFO]Valid | Loss : 0.170774 | ACC : 2680/2813 (95.272%)
[2025-02-24 11:05:56;INFO]      | Loss didn't drop!

[2025-02-24 11:05:56;INFO]best epoch: 332, best loss: 0.145001
[2025-02-24 11:05:56;INFO]----------------------------------------------------------------------------------------------------

[2025-02-24 11:05:56;INFO]Current Epoch: 353 / 500 | Learning Rate : 9.549150281257277e-05
[2025-02-24 11:06:25;INFO]Train | Loss : 0.137945 | ACC : 6375/6562 (97.150%)
[2025-02-24 11:06:30;INFO]Valid | Loss : 0.382625 | ACC : 2439/2813 (86.705%)
[2025-02-24 11:06:30;INFO]      | Loss didn't drop!

[2025-02-24 11:06:30;INFO]best epoch: 332, best loss: 0.145001
[2025-02-24 11:06:30;INFO]----------------------------------------------------------------------------------------------------

[2025-02-24 11:06:30;INFO]Current Epoch: 354 / 500 | Learning Rate : 0.0009045084971861491
[2025-02-24 11:06:59;INFO]Train | Loss : 0.170258 | ACC : 6300/6562 (96.007%)
[2025-02-24 11:07:04;INFO]Valid | Loss : 0.345335 | ACC : 2559/2813 (90.970%)
[2025-02-24 11:07:04;INFO]      | Loss didn't drop!

[2025-02-24 11:07:04;INFO]best epoch: 332, best loss: 0.145001
[2025-02-24 11:07:04;INFO]----------------------------------------------------------------------------------------------------

[2025-02-24 11:07:04;INFO]Current Epoch: 355 / 500 | Learning Rate : 0.0006545084971885894
[2025-02-24 11:07:33;INFO]Train | Loss : 0.153092 | ACC : 6334/6562 (96.525%)
[2025-02-24 11:07:37;INFO]Valid | Loss : 0.262131 | ACC : 2518/2813 (89.513%)
[2025-02-24 11:07:37;INFO]      | Loss didn't drop!

[2025-02-24 11:07:37;INFO]best epoch: 332, best loss: 0.145001
[2025-02-24 11:07:37;INFO]----------------------------------------------------------------------------------------------------

[2025-02-24 11:07:37;INFO]Current Epoch: 356 / 500 | Learning Rate : 0.0
[2025-02-24 11:08:07;INFO]Train | Loss : 0.175328 | ACC : 6306/6562 (96.099%)
[2025-02-24 11:08:11;INFO]Valid | Loss : 0.516676 | ACC : 2303/2813 (81.870%)
[2025-02-24 11:08:11;INFO]      | Loss didn't drop!

[2025-02-24 11:08:11;INFO]best epoch: 332, best loss: 0.145001
[2025-02-24 11:08:11;INFO]----------------------------------------------------------------------------------------------------

[2025-02-24 11:08:11;INFO]Current Epoch: 357 / 500 | Learning Rate : 0.0006545084971871816
[2025-02-24 11:08:41;INFO]Train | Loss : 0.156412 | ACC : 6339/6562 (96.602%)
[2025-02-24 11:08:45;INFO]Valid | Loss : 4.672860 | ACC : 1187/2813 (42.197%)
[2025-02-24 11:08:45;INFO]      | Loss didn't drop!

[2025-02-24 11:08:45;INFO]best epoch: 332, best loss: 0.145001
[2025-02-24 11:08:45;INFO]----------------------------------------------------------------------------------------------------

[2025-02-24 11:08:45;INFO]Current Epoch: 358 / 500 | Learning Rate : 0.0009045084971900422
[2025-02-24 11:09:15;INFO]Train | Loss : 0.210216 | ACC : 6225/6562 (94.864%)
[2025-02-24 11:09:19;INFO]Valid | Loss : 0.343421 | ACC : 2524/2813 (89.726%)
[2025-02-24 11:09:19;INFO]      | Loss didn't drop!

[2025-02-24 11:09:19;INFO]best epoch: 332, best loss: 0.145001
[2025-02-24 11:09:19;INFO]----------------------------------------------------------------------------------------------------

[2025-02-24 11:09:19;INFO]Current Epoch: 359 / 500 | Learning Rate : 9.54915028125157e-05
[2025-02-24 11:09:49;INFO]Train | Loss : 0.137651 | ACC : 6379/6562 (97.211%)
[2025-02-24 11:09:53;INFO]Valid | Loss : 0.353230 | ACC : 2423/2813 (86.136%)
[2025-02-24 11:09:53;INFO]      | Loss didn't drop!

[2025-02-24 11:09:53;INFO]best epoch: 332, best loss: 0.145001
[2025-02-24 11:09:53;INFO]----------------------------------------------------------------------------------------------------

[2025-02-24 11:09:53;INFO]Current Epoch: 360 / 500 | Learning Rate : 0.0003454915028126847
[2025-02-24 11:10:23;INFO]Train | Loss : 0.176166 | ACC : 6307/6562 (96.114%)
[2025-02-24 11:10:27;INFO]Valid | Loss : 0.508780 | ACC : 2414/2813 (85.816%)
[2025-02-24 11:10:27;INFO]      | Loss didn't drop!

[2025-02-24 11:10:27;INFO]best epoch: 332, best loss: 0.145001
[2025-02-24 11:10:27;INFO]----------------------------------------------------------------------------------------------------

[2025-02-24 11:10:27;INFO]Current Epoch: 361 / 500 | Learning Rate : 0.0009999999999981426
[2025-02-24 11:10:57;INFO]Train | Loss : 0.159446 | ACC : 6323/6562 (96.358%)
[2025-02-24 11:11:01;INFO]Valid | Loss : 3.134632 | ACC : 1529/2813 (54.355%)
[2025-02-24 11:11:01;INFO]      | Loss didn't drop!

[2025-02-24 11:11:01;INFO]best epoch: 332, best loss: 0.145001
[2025-02-24 11:11:01;INFO]----------------------------------------------------------------------------------------------------

[2025-02-24 11:11:01;INFO]Current Epoch: 362 / 500 | Learning Rate : 0.0003454915028129567
[2025-02-24 11:11:31;INFO]Train | Loss : 0.159956 | ACC : 6331/6562 (96.480%)
[2025-02-24 11:11:35;INFO]Valid | Loss : 0.246568 | ACC : 2566/2813 (91.219%)
[2025-02-24 11:11:35;INFO]      | Loss didn't drop!

[2025-02-24 11:11:35;INFO]best epoch: 332, best loss: 0.145001
[2025-02-24 11:11:35;INFO]----------------------------------------------------------------------------------------------------

[2025-02-24 11:11:35;INFO]Current Epoch: 363 / 500 | Learning Rate : 9.549150281262179e-05
[2025-02-24 11:12:05;INFO]Train | Loss : 0.130109 | ACC : 6396/6562 (97.470%)
[2025-02-24 11:12:09;INFO]Valid | Loss : 0.458983 | ACC : 2433/2813 (86.491%)
[2025-02-24 11:12:09;INFO]      | Loss didn't drop!

[2025-02-24 11:12:09;INFO]best epoch: 332, best loss: 0.145001
[2025-02-24 11:12:09;INFO]----------------------------------------------------------------------------------------------------

[2025-02-24 11:12:09;INFO]Current Epoch: 364 / 500 | Learning Rate : 0.0009045084971919733
[2025-02-24 11:12:39;INFO]Train | Loss : 0.160916 | ACC : 6308/6562 (96.129%)
[2025-02-24 11:12:43;INFO]Valid | Loss : 2.078847 | ACC : 1542/2813 (54.817%)
[2025-02-24 11:12:43;INFO]      | Loss didn't drop!

[2025-02-24 11:12:43;INFO]best epoch: 332, best loss: 0.145001
[2025-02-24 11:12:43;INFO]----------------------------------------------------------------------------------------------------

[2025-02-24 11:12:43;INFO]Current Epoch: 365 / 500 | Learning Rate : 0.000654508497189274
[2025-02-24 11:13:13;INFO]Train | Loss : 0.194125 | ACC : 6267/6562 (95.504%)
[2025-02-24 11:13:17;INFO]Valid | Loss : 0.390745 | ACC : 2448/2813 (87.025%)
[2025-02-24 11:13:17;INFO]      | Loss didn't drop!

[2025-02-24 11:13:17;INFO]best epoch: 332, best loss: 0.145001
[2025-02-24 11:13:17;INFO]----------------------------------------------------------------------------------------------------

[2025-02-24 11:13:17;INFO]Current Epoch: 366 / 500 | Learning Rate : 0.0
[2025-02-24 11:13:47;INFO]Train | Loss : 0.214305 | ACC : 6227/6562 (94.895%)
[2025-02-24 11:13:51;INFO]Valid | Loss : 2.895090 | ACC : 1096/2813 (38.962%)
[2025-02-24 11:13:51;INFO]      | Loss didn't drop!

[2025-02-24 11:13:51;INFO]best epoch: 332, best loss: 0.145001
[2025-02-24 11:13:51;INFO]----------------------------------------------------------------------------------------------------

[2025-02-24 11:13:51;INFO]Current Epoch: 367 / 500 | Learning Rate : 0.0006545084971875928
[2025-02-24 11:14:20;INFO]Train | Loss : 0.302005 | ACC : 6065/6562 (92.426%)
[2025-02-24 11:14:25;INFO]Valid | Loss : 3.332818 | ACC : 1296/2813 (46.072%)
[2025-02-24 11:14:25;INFO]      | Loss didn't drop!

[2025-02-24 11:14:25;INFO]best epoch: 332, best loss: 0.145001
[2025-02-24 11:14:25;INFO]----------------------------------------------------------------------------------------------------

[2025-02-24 11:14:25;INFO]Current Epoch: 368 / 500 | Learning Rate : 0.0009045084971906616
[2025-02-24 11:14:54;INFO]Train | Loss : 0.277250 | ACC : 6083/6562 (92.700%)
[2025-02-24 11:14:59;INFO]Valid | Loss : 0.375108 | ACC : 2419/2813 (85.994%)
[2025-02-24 11:14:59;INFO]      | Loss didn't drop!

[2025-02-24 11:14:59;INFO]best epoch: 332, best loss: 0.145001
[2025-02-24 11:14:59;INFO]----------------------------------------------------------------------------------------------------

[2025-02-24 11:14:59;INFO]Current Epoch: 369 / 500 | Learning Rate : 9.549150281259502e-05
[2025-02-24 11:15:28;INFO]Train | Loss : 0.136115 | ACC : 6368/6562 (97.044%)
[2025-02-24 11:15:32;INFO]Valid | Loss : 0.138190 | ACC : 2704/2813 (96.125%)
[2025-02-24 11:15:32;INFO]      | Loss dropped from 0.145001 to 0.138190, model has been saved!

[2025-02-24 11:15:32;INFO]best epoch: 369, best loss: 0.138190
[2025-02-24 11:15:32;INFO]----------------------------------------------------------------------------------------------------

[2025-02-24 11:15:32;INFO]Current Epoch: 370 / 500 | Learning Rate : 0.0003454915028131095
[2025-02-24 11:16:02;INFO]Train | Loss : 0.142554 | ACC : 6367/6562 (97.028%)
[2025-02-24 11:16:06;INFO]Valid | Loss : 1.009880 | ACC : 2023/2813 (71.916%)
[2025-02-24 11:16:06;INFO]      | Loss didn't drop!

[2025-02-24 11:16:06;INFO]best epoch: 369, best loss: 0.138190
[2025-02-24 11:16:06;INFO]----------------------------------------------------------------------------------------------------

[2025-02-24 11:16:06;INFO]Current Epoch: 371 / 500 | Learning Rate : 0.0009999999999988189
[2025-02-24 11:16:36;INFO]Train | Loss : 0.266195 | ACC : 6096/6562 (92.899%)
[2025-02-24 11:16:40;INFO]Valid | Loss : 0.584519 | ACC : 2353/2813 (83.647%)
[2025-02-24 11:16:40;INFO]      | Loss didn't drop!

[2025-02-24 11:16:40;INFO]best epoch: 369, best loss: 0.138190
[2025-02-24 11:16:40;INFO]----------------------------------------------------------------------------------------------------

[2025-02-24 11:16:40;INFO]Current Epoch: 372 / 500 | Learning Rate : 0.00034549150281321567
[2025-02-24 11:17:10;INFO]Train | Loss : 0.171847 | ACC : 6320/6562 (96.312%)
[2025-02-24 11:17:14;INFO]Valid | Loss : 0.479897 | ACC : 2392/2813 (85.034%)
[2025-02-24 11:17:14;INFO]      | Loss didn't drop!

[2025-02-24 11:17:14;INFO]best epoch: 369, best loss: 0.138190
[2025-02-24 11:17:14;INFO]----------------------------------------------------------------------------------------------------

[2025-02-24 11:17:14;INFO]Current Epoch: 373 / 500 | Learning Rate : 9.549150281280358e-05
[2025-02-24 11:17:44;INFO]Train | Loss : 0.175989 | ACC : 6334/6562 (96.525%)
[2025-02-24 11:17:48;INFO]Valid | Loss : 2.313163 | ACC : 1691/2813 (60.114%)
[2025-02-24 11:17:48;INFO]      | Loss didn't drop!

[2025-02-24 11:17:48;INFO]best epoch: 369, best loss: 0.138190
[2025-02-24 11:17:48;INFO]----------------------------------------------------------------------------------------------------

[2025-02-24 11:17:48;INFO]Current Epoch: 374 / 500 | Learning Rate : 0.0009045084971873335
[2025-02-24 11:18:18;INFO]Train | Loss : 0.175190 | ACC : 6289/6562 (95.840%)
[2025-02-24 11:18:22;INFO]Valid | Loss : 1.765271 | ACC : 1545/2813 (54.924%)
[2025-02-24 11:18:22;INFO]      | Loss didn't drop!

[2025-02-24 11:18:22;INFO]best epoch: 369, best loss: 0.138190
[2025-02-24 11:18:22;INFO]----------------------------------------------------------------------------------------------------

[2025-02-24 11:18:22;INFO]Current Epoch: 375 / 500 | Learning Rate : 0.0006545084971895193
[2025-02-24 11:18:52;INFO]Train | Loss : 0.158665 | ACC : 6353/6562 (96.815%)
[2025-02-24 11:18:56;INFO]Valid | Loss : 0.615662 | ACC : 2183/2813 (77.604%)
[2025-02-24 11:18:56;INFO]      | Loss didn't drop!

[2025-02-24 11:18:56;INFO]best epoch: 369, best loss: 0.138190
[2025-02-24 11:18:56;INFO]----------------------------------------------------------------------------------------------------

[2025-02-24 11:18:56;INFO]Current Epoch: 376 / 500 | Learning Rate : 0.0
[2025-02-24 11:19:25;INFO]Train | Loss : 0.124739 | ACC : 6391/6562 (97.394%)
[2025-02-24 11:19:30;INFO]Valid | Loss : 1.444241 | ACC : 1760/2813 (62.567%)
[2025-02-24 11:19:30;INFO]      | Loss didn't drop!

[2025-02-24 11:19:30;INFO]best epoch: 369, best loss: 0.138190
[2025-02-24 11:19:30;INFO]----------------------------------------------------------------------------------------------------

[2025-02-24 11:19:30;INFO]Current Epoch: 377 / 500 | Learning Rate : 0.0006545084971880099
[2025-02-24 11:19:59;INFO]Train | Loss : 0.132840 | ACC : 6377/6562 (97.181%)
[2025-02-24 11:20:04;INFO]Valid | Loss : 1.357268 | ACC : 1994/2813 (70.885%)
[2025-02-24 11:20:04;INFO]      | Loss didn't drop!

[2025-02-24 11:20:04;INFO]best epoch: 369, best loss: 0.138190
[2025-02-24 11:20:04;INFO]----------------------------------------------------------------------------------------------------

[2025-02-24 11:20:04;INFO]Current Epoch: 378 / 500 | Learning Rate : 0.0009045084971860606
[2025-02-24 11:20:33;INFO]Train | Loss : 0.145478 | ACC : 6347/6562 (96.724%)
[2025-02-24 11:20:38;INFO]Valid | Loss : 0.389557 | ACC : 2412/2813 (85.745%)
[2025-02-24 11:20:38;INFO]      | Loss didn't drop!

[2025-02-24 11:20:38;INFO]best epoch: 369, best loss: 0.138190
[2025-02-24 11:20:38;INFO]----------------------------------------------------------------------------------------------------

[2025-02-24 11:20:38;INFO]Current Epoch: 379 / 500 | Learning Rate : 9.54915028128088e-05
[2025-02-24 11:21:07;INFO]Train | Loss : 0.179682 | ACC : 6290/6562 (95.855%)
[2025-02-24 11:21:11;INFO]Valid | Loss : 0.522662 | ACC : 2267/2813 (80.590%)
[2025-02-24 11:21:11;INFO]      | Loss didn't drop!

[2025-02-24 11:21:11;INFO]best epoch: 369, best loss: 0.138190
[2025-02-24 11:21:11;INFO]----------------------------------------------------------------------------------------------------

[2025-02-24 11:21:11;INFO]Current Epoch: 380 / 500 | Learning Rate : 0.0003454915028130984
[2025-02-24 11:21:41;INFO]Train | Loss : 0.136825 | ACC : 6389/6562 (97.364%)
[2025-02-24 11:21:45;INFO]Valid | Loss : 2.216576 | ACC : 1780/2813 (63.278%)
[2025-02-24 11:21:45;INFO]      | Loss didn't drop!

[2025-02-24 11:21:45;INFO]best epoch: 369, best loss: 0.138190
[2025-02-24 11:21:45;INFO]----------------------------------------------------------------------------------------------------

[2025-02-24 11:21:45;INFO]Current Epoch: 381 / 500 | Learning Rate : 0.0010000000000052664
[2025-02-24 11:22:15;INFO]Train | Loss : 0.240356 | ACC : 6168/6562 (93.996%)
[2025-02-24 11:22:19;INFO]Valid | Loss : 1.074397 | ACC : 1890/2813 (67.188%)
[2025-02-24 11:22:19;INFO]      | Loss didn't drop!

[2025-02-24 11:22:19;INFO]best epoch: 369, best loss: 0.138190
[2025-02-24 11:22:19;INFO]----------------------------------------------------------------------------------------------------

[2025-02-24 11:22:19;INFO]Current Epoch: 382 / 500 | Learning Rate : 0.0003454915028134712
[2025-02-24 11:22:49;INFO]Train | Loss : 0.251946 | ACC : 6142/6562 (93.600%)
[2025-02-24 11:22:53;INFO]Valid | Loss : 0.283783 | ACC : 2564/2813 (91.148%)
[2025-02-24 11:22:53;INFO]      | Loss didn't drop!

[2025-02-24 11:22:53;INFO]best epoch: 369, best loss: 0.138190
[2025-02-24 11:22:53;INFO]----------------------------------------------------------------------------------------------------

[2025-02-24 11:22:53;INFO]Current Epoch: 383 / 500 | Learning Rate : 9.549150281285263e-05
[2025-02-24 11:23:23;INFO]Train | Loss : 0.246335 | ACC : 6171/6562 (94.041%)
[2025-02-24 11:23:27;INFO]Valid | Loss : 1.413241 | ACC : 1936/2813 (68.823%)
[2025-02-24 11:23:27;INFO]      | Loss didn't drop!

[2025-02-24 11:23:27;INFO]best epoch: 369, best loss: 0.138190
[2025-02-24 11:23:27;INFO]----------------------------------------------------------------------------------------------------

[2025-02-24 11:23:27;INFO]Current Epoch: 384 / 500 | Learning Rate : 0.0009045084971880625
[2025-02-24 11:23:57;INFO]Train | Loss : 0.133224 | ACC : 6398/6562 (97.501%)
[2025-02-24 11:24:01;INFO]Valid | Loss : 0.892638 | ACC : 2205/2813 (78.386%)
[2025-02-24 11:24:01;INFO]      | Loss didn't drop!

[2025-02-24 11:24:01;INFO]best epoch: 369, best loss: 0.138190
[2025-02-24 11:24:01;INFO]----------------------------------------------------------------------------------------------------

[2025-02-24 11:24:01;INFO]Current Epoch: 385 / 500 | Learning Rate : 0.0006545084971899874
[2025-02-24 11:24:31;INFO]Train | Loss : 0.189166 | ACC : 6253/6562 (95.291%)
[2025-02-24 11:24:35;INFO]Valid | Loss : 0.173102 | ACC : 2696/2813 (95.841%)
[2025-02-24 11:24:35;INFO]      | Loss didn't drop!

[2025-02-24 11:24:35;INFO]best epoch: 369, best loss: 0.138190
[2025-02-24 11:24:35;INFO]----------------------------------------------------------------------------------------------------

[2025-02-24 11:24:35;INFO]Current Epoch: 386 / 500 | Learning Rate : 0.0
[2025-02-24 11:25:05;INFO]Train | Loss : 0.175054 | ACC : 6310/6562 (96.160%)
[2025-02-24 11:25:09;INFO]Valid | Loss : 1.304775 | ACC : 1738/2813 (61.785%)
[2025-02-24 11:25:09;INFO]      | Loss didn't drop!

[2025-02-24 11:25:09;INFO]best epoch: 369, best loss: 0.138190
[2025-02-24 11:25:09;INFO]----------------------------------------------------------------------------------------------------

[2025-02-24 11:25:09;INFO]Current Epoch: 387 / 500 | Learning Rate : 0.0006545084971886381
[2025-02-24 11:25:39;INFO]Train | Loss : 0.160559 | ACC : 6307/6562 (96.114%)
[2025-02-24 11:25:43;INFO]Valid | Loss : 1.295430 | ACC : 1700/2813 (60.434%)
[2025-02-24 11:25:43;INFO]      | Loss didn't drop!

[2025-02-24 11:25:43;INFO]best epoch: 369, best loss: 0.138190
[2025-02-24 11:25:43;INFO]----------------------------------------------------------------------------------------------------

[2025-02-24 11:25:43;INFO]Current Epoch: 388 / 500 | Learning Rate : 0.0009045084971866797
[2025-02-24 11:26:13;INFO]Train | Loss : 0.135204 | ACC : 6373/6562 (97.120%)
[2025-02-24 11:26:17;INFO]Valid | Loss : 1.172904 | ACC : 1955/2813 (69.499%)
[2025-02-24 11:26:17;INFO]      | Loss didn't drop!

[2025-02-24 11:26:17;INFO]best epoch: 369, best loss: 0.138190
[2025-02-24 11:26:17;INFO]----------------------------------------------------------------------------------------------------

[2025-02-24 11:26:17;INFO]Current Epoch: 389 / 500 | Learning Rate : 9.549150281275436e-05
[2025-02-24 11:26:47;INFO]Train | Loss : 0.135096 | ACC : 6393/6562 (97.425%)
[2025-02-24 11:26:51;INFO]Valid | Loss : 0.263182 | ACC : 2556/2813 (90.864%)
[2025-02-24 11:26:51;INFO]      | Loss didn't drop!

[2025-02-24 11:26:51;INFO]best epoch: 369, best loss: 0.138190
[2025-02-24 11:26:51;INFO]----------------------------------------------------------------------------------------------------

[2025-02-24 11:26:51;INFO]Current Epoch: 390 / 500 | Learning Rate : 0.00034549150281130997
[2025-02-24 11:27:21;INFO]Train | Loss : 0.184128 | ACC : 6291/6562 (95.870%)
[2025-02-24 11:27:25;INFO]Valid | Loss : 2.155046 | ACC : 1463/2813 (52.009%)
[2025-02-24 11:27:25;INFO]      | Loss didn't drop!

[2025-02-24 11:27:25;INFO]best epoch: 369, best loss: 0.138190
[2025-02-24 11:27:25;INFO]----------------------------------------------------------------------------------------------------

[2025-02-24 11:27:25;INFO]Current Epoch: 391 / 500 | Learning Rate : 0.0010000000000001627
[2025-02-24 11:27:54;INFO]Train | Loss : 0.160449 | ACC : 6339/6562 (96.602%)
[2025-02-24 11:27:59;INFO]Valid | Loss : 0.928650 | ACC : 1924/2813 (68.397%)
[2025-02-24 11:27:59;INFO]      | Loss didn't drop!

[2025-02-24 11:27:59;INFO]best epoch: 369, best loss: 0.138190
[2025-02-24 11:27:59;INFO]----------------------------------------------------------------------------------------------------

[2025-02-24 11:27:59;INFO]Current Epoch: 392 / 500 | Learning Rate : 0.0003454915028137298
[2025-02-24 11:28:28;INFO]Train | Loss : 0.152179 | ACC : 6333/6562 (96.510%)
[2025-02-24 11:28:33;INFO]Valid | Loss : 0.169992 | ACC : 2675/2813 (95.094%)
[2025-02-24 11:28:33;INFO]      | Loss didn't drop!

[2025-02-24 11:28:33;INFO]best epoch: 369, best loss: 0.138190
[2025-02-24 11:28:33;INFO]----------------------------------------------------------------------------------------------------

[2025-02-24 11:28:33;INFO]Current Epoch: 393 / 500 | Learning Rate : 9.549150281276713e-05
[2025-02-24 11:29:02;INFO]Train | Loss : 0.132805 | ACC : 6375/6562 (97.150%)
[2025-02-24 11:29:06;INFO]Valid | Loss : 1.639440 | ACC : 1919/2813 (68.219%)
[2025-02-24 11:29:06;INFO]      | Loss didn't drop!

[2025-02-24 11:29:06;INFO]best epoch: 369, best loss: 0.138190
[2025-02-24 11:29:06;INFO]----------------------------------------------------------------------------------------------------

[2025-02-24 11:29:06;INFO]Current Epoch: 394 / 500 | Learning Rate : 0.0009045084971885174
[2025-02-24 11:29:36;INFO]Train | Loss : 0.127611 | ACC : 6417/6562 (97.790%)
[2025-02-24 11:29:40;INFO]Valid | Loss : 3.301584 | ACC : 1783/2813 (63.384%)
[2025-02-24 11:29:40;INFO]      | Loss didn't drop!

[2025-02-24 11:29:40;INFO]best epoch: 369, best loss: 0.138190
[2025-02-24 11:29:40;INFO]----------------------------------------------------------------------------------------------------

[2025-02-24 11:29:40;INFO]Current Epoch: 395 / 500 | Learning Rate : 0.0006545084971866714
[2025-02-24 11:30:10;INFO]Train | Loss : 0.284520 | ACC : 6098/6562 (92.929%)
[2025-02-24 11:30:14;INFO]Valid | Loss : 0.753266 | ACC : 1952/2813 (69.392%)
[2025-02-24 11:30:14;INFO]      | Loss didn't drop!

[2025-02-24 11:30:14;INFO]best epoch: 369, best loss: 0.138190
[2025-02-24 11:30:14;INFO]----------------------------------------------------------------------------------------------------

[2025-02-24 11:30:14;INFO]Current Epoch: 396 / 500 | Learning Rate : 0.0
[2025-02-24 11:30:44;INFO]Train | Loss : 0.155537 | ACC : 6344/6562 (96.678%)
[2025-02-24 11:30:48;INFO]Valid | Loss : 1.120529 | ACC : 2098/2813 (74.582%)
[2025-02-24 11:30:48;INFO]      | Loss didn't drop!

[2025-02-24 11:30:48;INFO]best epoch: 369, best loss: 0.138190
[2025-02-24 11:30:48;INFO]----------------------------------------------------------------------------------------------------

[2025-02-24 11:30:48;INFO]Current Epoch: 397 / 500 | Learning Rate : 0.0006545084971890557
[2025-02-24 11:31:18;INFO]Train | Loss : 0.234118 | ACC : 6193/6562 (94.377%)
[2025-02-24 11:31:22;INFO]Valid | Loss : 3.296368 | ACC : 1122/2813 (39.886%)
[2025-02-24 11:31:22;INFO]      | Loss didn't drop!

[2025-02-24 11:31:22;INFO]best epoch: 369, best loss: 0.138190
[2025-02-24 11:31:22;INFO]----------------------------------------------------------------------------------------------------

[2025-02-24 11:31:22;INFO]Current Epoch: 398 / 500 | Learning Rate : 0.0009045084971924018
[2025-02-24 11:31:52;INFO]Train | Loss : 0.237347 | ACC : 6222/6562 (94.819%)
[2025-02-24 11:31:56;INFO]Valid | Loss : 2.516576 | ACC : 1408/2813 (50.053%)
[2025-02-24 11:31:56;INFO]      | Loss didn't drop!

[2025-02-24 11:31:56;INFO]best epoch: 369, best loss: 0.138190
[2025-02-24 11:31:56;INFO]----------------------------------------------------------------------------------------------------

[2025-02-24 11:31:56;INFO]Current Epoch: 399 / 500 | Learning Rate : 9.549150281228256e-05
[2025-02-24 11:32:26;INFO]Train | Loss : 0.112043 | ACC : 6425/6562 (97.912%)
[2025-02-24 11:32:30;INFO]Valid | Loss : 0.320496 | ACC : 2495/2813 (88.695%)
[2025-02-24 11:32:30;INFO]      | Loss didn't drop!

[2025-02-24 11:32:30;INFO]best epoch: 369, best loss: 0.138190
[2025-02-24 11:32:30;INFO]----------------------------------------------------------------------------------------------------

[2025-02-24 11:32:30;INFO]Current Epoch: 400 / 500 | Learning Rate : 0.0003454915028137317
[2025-02-24 11:32:59;INFO]Train | Loss : 0.120163 | ACC : 6389/6562 (97.364%)
[2025-02-24 11:33:04;INFO]Valid | Loss : 3.249195 | ACC : 1452/2813 (51.617%)
[2025-02-24 11:33:04;INFO]      | Loss didn't drop!

[2025-02-24 11:33:04;INFO]best epoch: 369, best loss: 0.138190
[2025-02-24 11:33:04;INFO]----------------------------------------------------------------------------------------------------

[2025-02-24 11:33:04;INFO]Current Epoch: 401 / 500 | Learning Rate : 0.0010000000000008394
[2025-02-24 11:33:33;INFO]Train | Loss : 0.141313 | ACC : 6348/6562 (96.739%)
[2025-02-24 11:33:37;INFO]Valid | Loss : 0.623992 | ACC : 2281/2813 (81.088%)
[2025-02-24 11:33:37;INFO]      | Loss didn't drop!

[2025-02-24 11:33:37;INFO]best epoch: 369, best loss: 0.138190
[2025-02-24 11:33:37;INFO]----------------------------------------------------------------------------------------------------

[2025-02-24 11:33:37;INFO]Current Epoch: 402 / 500 | Learning Rate : 0.0003454915028139857
[2025-02-24 11:34:07;INFO]Train | Loss : 0.236038 | ACC : 6198/6562 (94.453%)
[2025-02-24 11:34:11;INFO]Valid | Loss : 0.219245 | ACC : 2623/2813 (93.246%)
[2025-02-24 11:34:11;INFO]      | Loss didn't drop!

[2025-02-24 11:34:11;INFO]best epoch: 369, best loss: 0.138190
[2025-02-24 11:34:11;INFO]----------------------------------------------------------------------------------------------------

[2025-02-24 11:34:11;INFO]Current Epoch: 403 / 500 | Learning Rate : 9.549150281281616e-05
[2025-02-24 11:34:41;INFO]Train | Loss : 0.160251 | ACC : 6334/6562 (96.525%)
[2025-02-24 11:34:45;INFO]Valid | Loss : 0.425467 | ACC : 2396/2813 (85.176%)
[2025-02-24 11:34:45;INFO]      | Loss didn't drop!

[2025-02-24 11:34:45;INFO]best epoch: 369, best loss: 0.138190
[2025-02-24 11:34:45;INFO]----------------------------------------------------------------------------------------------------

[2025-02-24 11:34:45;INFO]Current Epoch: 404 / 500 | Learning Rate : 0.0009045084971944752
[2025-02-24 11:35:15;INFO]Train | Loss : 0.159588 | ACC : 6336/6562 (96.556%)
[2025-02-24 11:35:19;INFO]Valid | Loss : 2.606243 | ACC : 1762/2813 (62.638%)
[2025-02-24 11:35:19;INFO]      | Loss didn't drop!

[2025-02-24 11:35:19;INFO]best epoch: 369, best loss: 0.138190
[2025-02-24 11:35:19;INFO]----------------------------------------------------------------------------------------------------

[2025-02-24 11:35:19;INFO]Current Epoch: 405 / 500 | Learning Rate : 0.0006545084971909171
[2025-02-24 11:35:49;INFO]Train | Loss : 0.140634 | ACC : 6371/6562 (97.089%)
[2025-02-24 11:35:53;INFO]Valid | Loss : 0.237292 | ACC : 2605/2813 (92.606%)
[2025-02-24 11:35:53;INFO]      | Loss didn't drop!

[2025-02-24 11:35:53;INFO]best epoch: 369, best loss: 0.138190
[2025-02-24 11:35:53;INFO]----------------------------------------------------------------------------------------------------

[2025-02-24 11:35:53;INFO]Current Epoch: 406 / 500 | Learning Rate : 0.0
[2025-02-24 11:36:23;INFO]Train | Loss : 0.118520 | ACC : 6398/6562 (97.501%)
[2025-02-24 11:36:27;INFO]Valid | Loss : 5.015461 | ACC : 1105/2813 (39.282%)
[2025-02-24 11:36:27;INFO]      | Loss didn't drop!

[2025-02-24 11:36:27;INFO]best epoch: 369, best loss: 0.138190
[2025-02-24 11:36:27;INFO]----------------------------------------------------------------------------------------------------

[2025-02-24 11:36:27;INFO]Current Epoch: 407 / 500 | Learning Rate : 0.00065450849718569
[2025-02-24 11:36:57;INFO]Train | Loss : 0.123684 | ACC : 6395/6562 (97.455%)
[2025-02-24 11:37:01;INFO]Valid | Loss : 1.165159 | ACC : 1961/2813 (69.712%)
[2025-02-24 11:37:01;INFO]      | Loss didn't drop!

[2025-02-24 11:37:01;INFO]best epoch: 369, best loss: 0.138190
[2025-02-24 11:37:01;INFO]----------------------------------------------------------------------------------------------------

[2025-02-24 11:37:01;INFO]Current Epoch: 408 / 500 | Learning Rate : 0.0009045084971879339
[2025-02-24 11:37:31;INFO]Train | Loss : 0.120266 | ACC : 6367/6562 (97.028%)
[2025-02-24 11:37:35;INFO]Valid | Loss : 1.462490 | ACC : 1970/2813 (70.032%)
[2025-02-24 11:37:35;INFO]      | Loss didn't drop!

[2025-02-24 11:37:35;INFO]best epoch: 369, best loss: 0.138190
[2025-02-24 11:37:35;INFO]----------------------------------------------------------------------------------------------------

[2025-02-24 11:37:35;INFO]Current Epoch: 409 / 500 | Learning Rate : 9.549150281291383e-05
[2025-02-24 11:38:04;INFO]Train | Loss : 0.132600 | ACC : 6366/6562 (97.013%)
[2025-02-24 11:38:09;INFO]Valid | Loss : 0.356182 | ACC : 2422/2813 (86.100%)
[2025-02-24 11:38:09;INFO]      | Loss didn't drop!

[2025-02-24 11:38:09;INFO]best epoch: 369, best loss: 0.138190
[2025-02-24 11:38:09;INFO]----------------------------------------------------------------------------------------------------

[2025-02-24 11:38:09;INFO]Current Epoch: 410 / 500 | Learning Rate : 0.0003454915028139372
[2025-02-24 11:38:38;INFO]Train | Loss : 0.121182 | ACC : 6388/6562 (97.348%)
[2025-02-24 11:38:42;INFO]Valid | Loss : 2.211106 | ACC : 1648/2813 (58.585%)
[2025-02-24 11:38:42;INFO]      | Loss didn't drop!

[2025-02-24 11:38:42;INFO]best epoch: 369, best loss: 0.138190
[2025-02-24 11:38:42;INFO]----------------------------------------------------------------------------------------------------

[2025-02-24 11:38:42;INFO]Current Epoch: 411 / 500 | Learning Rate : 0.001000000000001506
[2025-02-24 11:39:12;INFO]Train | Loss : 0.165324 | ACC : 6306/6562 (96.099%)
[2025-02-24 11:39:16;INFO]Valid | Loss : 1.437942 | ACC : 1749/2813 (62.176%)
[2025-02-24 11:39:16;INFO]      | Loss didn't drop!

[2025-02-24 11:39:16;INFO]best epoch: 369, best loss: 0.138190
[2025-02-24 11:39:16;INFO]----------------------------------------------------------------------------------------------------

[2025-02-24 11:39:16;INFO]Current Epoch: 412 / 500 | Learning Rate : 0.00034549150281424463
[2025-02-24 11:39:46;INFO]Train | Loss : 0.149296 | ACC : 6335/6562 (96.541%)
[2025-02-24 11:39:50;INFO]Valid | Loss : 0.204945 | ACC : 2611/2813 (92.819%)
[2025-02-24 11:39:50;INFO]      | Loss didn't drop!

[2025-02-24 11:39:50;INFO]best epoch: 369, best loss: 0.138190
[2025-02-24 11:39:50;INFO]----------------------------------------------------------------------------------------------------

[2025-02-24 11:39:50;INFO]Current Epoch: 413 / 500 | Learning Rate : 9.549150281258051e-05
[2025-02-24 11:40:20;INFO]Train | Loss : 0.129357 | ACC : 6391/6562 (97.394%)
[2025-02-24 11:40:24;INFO]Valid | Loss : 0.300953 | ACC : 2546/2813 (90.508%)
[2025-02-24 11:40:24;INFO]      | Loss didn't drop!

[2025-02-24 11:40:24;INFO]best epoch: 369, best loss: 0.138190
[2025-02-24 11:40:24;INFO]----------------------------------------------------------------------------------------------------

[2025-02-24 11:40:24;INFO]Current Epoch: 414 / 500 | Learning Rate : 0.0009045084971846152
[2025-02-24 11:40:54;INFO]Train | Loss : 0.155579 | ACC : 6317/6562 (96.266%)
[2025-02-24 11:40:58;INFO]Valid | Loss : 0.815497 | ACC : 2239/2813 (79.595%)
[2025-02-24 11:40:58;INFO]      | Loss didn't drop!

[2025-02-24 11:40:58;INFO]best epoch: 369, best loss: 0.138190
[2025-02-24 11:40:58;INFO]----------------------------------------------------------------------------------------------------

[2025-02-24 11:40:58;INFO]Current Epoch: 415 / 500 | Learning Rate : 0.0006545084971876015
[2025-02-24 11:41:28;INFO]Train | Loss : 0.117330 | ACC : 6403/6562 (97.577%)
[2025-02-24 11:41:32;INFO]Valid | Loss : 0.787993 | ACC : 2111/2813 (75.044%)
[2025-02-24 11:41:32;INFO]      | Loss didn't drop!

[2025-02-24 11:41:32;INFO]best epoch: 369, best loss: 0.138190
[2025-02-24 11:41:32;INFO]----------------------------------------------------------------------------------------------------

[2025-02-24 11:41:32;INFO]Current Epoch: 416 / 500 | Learning Rate : 0.0
[2025-02-24 11:42:02;INFO]Train | Loss : 0.233239 | ACC : 6171/6562 (94.041%)
[2025-02-24 11:42:06;INFO]Valid | Loss : 2.270653 | ACC : 1755/2813 (62.389%)
[2025-02-24 11:42:06;INFO]      | Loss didn't drop!

[2025-02-24 11:42:06;INFO]best epoch: 369, best loss: 0.138190
[2025-02-24 11:42:06;INFO]----------------------------------------------------------------------------------------------------

[2025-02-24 11:42:06;INFO]Current Epoch: 417 / 500 | Learning Rate : 0.0006545084971898848
[2025-02-24 11:42:35;INFO]Train | Loss : 0.190381 | ACC : 6295/6562 (95.931%)
[2025-02-24 11:42:40;INFO]Valid | Loss : 1.210543 | ACC : 1918/2813 (68.183%)
[2025-02-24 11:42:40;INFO]      | Loss didn't drop!

[2025-02-24 11:42:40;INFO]best epoch: 369, best loss: 0.138190
[2025-02-24 11:42:40;INFO]----------------------------------------------------------------------------------------------------

[2025-02-24 11:42:40;INFO]Current Epoch: 418 / 500 | Learning Rate : 0.0009045084971885535
[2025-02-24 11:43:09;INFO]Train | Loss : 0.183017 | ACC : 6302/6562 (96.038%)
[2025-02-24 11:43:14;INFO]Valid | Loss : 0.973827 | ACC : 1945/2813 (69.143%)
[2025-02-24 11:43:14;INFO]      | Loss didn't drop!

[2025-02-24 11:43:14;INFO]best epoch: 369, best loss: 0.138190
[2025-02-24 11:43:14;INFO]----------------------------------------------------------------------------------------------------

[2025-02-24 11:43:14;INFO]Current Epoch: 419 / 500 | Learning Rate : 9.549150281312757e-05
[2025-02-24 11:43:43;INFO]Train | Loss : 0.135429 | ACC : 6386/6562 (97.318%)
[2025-02-24 11:43:47;INFO]Valid | Loss : 0.237825 | ACC : 2605/2813 (92.606%)
[2025-02-24 11:43:47;INFO]      | Loss didn't drop!

[2025-02-24 11:43:47;INFO]best epoch: 369, best loss: 0.138190
[2025-02-24 11:43:47;INFO]----------------------------------------------------------------------------------------------------

[2025-02-24 11:43:47;INFO]Current Epoch: 420 / 500 | Learning Rate : 0.00034549150281414564
[2025-02-24 11:44:17;INFO]Train | Loss : 0.133998 | ACC : 6374/6562 (97.135%)
[2025-02-24 11:44:21;INFO]Valid | Loss : 0.976145 | ACC : 2141/2813 (76.111%)
[2025-02-24 11:44:21;INFO]      | Loss didn't drop!

[2025-02-24 11:44:21;INFO]best epoch: 369, best loss: 0.138190
[2025-02-24 11:44:21;INFO]----------------------------------------------------------------------------------------------------

[2025-02-24 11:44:21;INFO]Current Epoch: 421 / 500 | Learning Rate : 0.0010000000000079535
[2025-02-24 11:44:51;INFO]Train | Loss : 0.164377 | ACC : 6309/6562 (96.144%)
[2025-02-24 11:44:55;INFO]Valid | Loss : 0.396827 | ACC : 2370/2813 (84.252%)
[2025-02-24 11:44:55;INFO]      | Loss didn't drop!

[2025-02-24 11:44:55;INFO]best epoch: 369, best loss: 0.138190
[2025-02-24 11:44:55;INFO]----------------------------------------------------------------------------------------------------

[2025-02-24 11:44:55;INFO]Current Epoch: 422 / 500 | Learning Rate : 0.00034549150281250655
[2025-02-24 11:45:25;INFO]Train | Loss : 0.123171 | ACC : 6398/6562 (97.501%)
[2025-02-24 11:45:29;INFO]Valid | Loss : 0.284435 | ACC : 2510/2813 (89.229%)
[2025-02-24 11:45:29;INFO]      | Loss didn't drop!

[2025-02-24 11:45:29;INFO]best epoch: 369, best loss: 0.138190
[2025-02-24 11:45:29;INFO]----------------------------------------------------------------------------------------------------

[2025-02-24 11:45:29;INFO]Current Epoch: 423 / 500 | Learning Rate : 9.549150281249503e-05
[2025-02-24 11:45:59;INFO]Train | Loss : 0.147306 | ACC : 6332/6562 (96.495%)
[2025-02-24 11:46:03;INFO]Valid | Loss : 5.659947 | ACC : 868/2813 (30.857%)
[2025-02-24 11:46:03;INFO]      | Loss didn't drop!

[2025-02-24 11:46:03;INFO]best epoch: 369, best loss: 0.138190
[2025-02-24 11:46:03;INFO]----------------------------------------------------------------------------------------------------

[2025-02-24 11:46:03;INFO]Current Epoch: 424 / 500 | Learning Rate : 0.0009045084971852027
[2025-02-24 11:46:33;INFO]Train | Loss : 0.207217 | ACC : 6222/6562 (94.819%)
[2025-02-24 11:46:37;INFO]Valid | Loss : 0.444868 | ACC : 2441/2813 (86.776%)
[2025-02-24 11:46:37;INFO]      | Loss didn't drop!

[2025-02-24 11:46:37;INFO]best epoch: 369, best loss: 0.138190
[2025-02-24 11:46:37;INFO]----------------------------------------------------------------------------------------------------

[2025-02-24 11:46:37;INFO]Current Epoch: 425 / 500 | Learning Rate : 0.0006545084971880631
[2025-02-24 11:47:06;INFO]Train | Loss : 0.151443 | ACC : 6352/6562 (96.800%)
[2025-02-24 11:47:11;INFO]Valid | Loss : 0.136406 | ACC : 2699/2813 (95.947%)
[2025-02-24 11:47:11;INFO]      | Loss dropped from 0.138190 to 0.136406, model has been saved!

[2025-02-24 11:47:11;INFO]best epoch: 425, best loss: 0.136406
[2025-02-24 11:47:11;INFO]----------------------------------------------------------------------------------------------------

[2025-02-24 11:47:11;INFO]Current Epoch: 426 / 500 | Learning Rate : 0.0
[2025-02-24 11:47:40;INFO]Train | Loss : 0.099209 | ACC : 6439/6562 (98.126%)
[2025-02-24 11:47:45;INFO]Valid | Loss : 0.998097 | ACC : 2121/2813 (75.400%)
[2025-02-24 11:47:45;INFO]      | Loss didn't drop!

[2025-02-24 11:47:45;INFO]best epoch: 425, best loss: 0.136406
[2025-02-24 11:47:45;INFO]----------------------------------------------------------------------------------------------------

[2025-02-24 11:47:45;INFO]Current Epoch: 427 / 500 | Learning Rate : 0.0006545084971903023
[2025-02-24 11:48:14;INFO]Train | Loss : 0.121514 | ACC : 6391/6562 (97.394%)
[2025-02-24 11:48:18;INFO]Valid | Loss : 0.452032 | ACC : 2425/2813 (86.207%)
[2025-02-24 11:48:18;INFO]      | Loss didn't drop!

[2025-02-24 11:48:18;INFO]best epoch: 425, best loss: 0.136406
[2025-02-24 11:48:18;INFO]----------------------------------------------------------------------------------------------------

[2025-02-24 11:48:18;INFO]Current Epoch: 428 / 500 | Learning Rate : 0.0009045084971891805
[2025-02-24 11:48:48;INFO]Train | Loss : 0.088573 | ACC : 6448/6562 (98.263%)
[2025-02-24 11:48:52;INFO]Valid | Loss : 0.189290 | ACC : 2626/2813 (93.352%)
[2025-02-24 11:48:52;INFO]      | Loss didn't drop!

[2025-02-24 11:48:52;INFO]best epoch: 425, best loss: 0.136406
[2025-02-24 11:48:52;INFO]----------------------------------------------------------------------------------------------------

[2025-02-24 11:48:52;INFO]Current Epoch: 429 / 500 | Learning Rate : 9.549150281293958e-05
[2025-02-24 11:49:22;INFO]Train | Loss : 0.075680 | ACC : 6469/6562 (98.583%)
[2025-02-24 11:49:26;INFO]Valid | Loss : 0.133229 | ACC : 2679/2813 (95.236%)
[2025-02-24 11:49:26;INFO]      | Loss dropped from 0.136406 to 0.133229, model has been saved!

[2025-02-24 11:49:26;INFO]best epoch: 429, best loss: 0.133229
[2025-02-24 11:49:26;INFO]----------------------------------------------------------------------------------------------------

[2025-02-24 11:49:26;INFO]Current Epoch: 430 / 500 | Learning Rate : 0.000345491502812354
[2025-02-24 11:49:56;INFO]Train | Loss : 0.068160 | ACC : 6489/6562 (98.888%)
[2025-02-24 11:50:00;INFO]Valid | Loss : 1.686688 | ACC : 2040/2813 (72.520%)
[2025-02-24 11:50:00;INFO]      | Loss didn't drop!

[2025-02-24 11:50:00;INFO]best epoch: 429, best loss: 0.133229
[2025-02-24 11:50:00;INFO]----------------------------------------------------------------------------------------------------

[2025-02-24 11:50:00;INFO]Current Epoch: 431 / 500 | Learning Rate : 0.0009999999999970692
[2025-02-24 11:50:30;INFO]Train | Loss : 0.125219 | ACC : 6388/6562 (97.348%)
[2025-02-24 11:50:34;INFO]Valid | Loss : 1.069465 | ACC : 2057/2813 (73.125%)
[2025-02-24 11:50:34;INFO]      | Loss didn't drop!

[2025-02-24 11:50:34;INFO]best epoch: 429, best loss: 0.133229
[2025-02-24 11:50:34;INFO]----------------------------------------------------------------------------------------------------

[2025-02-24 11:50:34;INFO]Current Epoch: 432 / 500 | Learning Rate : 0.0003454915028125458
[2025-02-24 11:51:04;INFO]Train | Loss : 0.302287 | ACC : 6024/6562 (91.801%)
[2025-02-24 11:51:08;INFO]Valid | Loss : 0.252223 | ACC : 2610/2813 (92.784%)
[2025-02-24 11:51:08;INFO]      | Loss didn't drop!

[2025-02-24 11:51:08;INFO]best epoch: 429, best loss: 0.133229
[2025-02-24 11:51:08;INFO]----------------------------------------------------------------------------------------------------

[2025-02-24 11:51:08;INFO]Current Epoch: 433 / 500 | Learning Rate : 9.549150281254408e-05
[2025-02-24 11:51:38;INFO]Train | Loss : 0.151160 | ACC : 6358/6562 (96.891%)
[2025-02-24 11:51:42;INFO]Valid | Loss : 1.668494 | ACC : 1830/2813 (65.055%)
[2025-02-24 11:51:42;INFO]      | Loss didn't drop!

[2025-02-24 11:51:42;INFO]best epoch: 429, best loss: 0.133229
[2025-02-24 11:51:42;INFO]----------------------------------------------------------------------------------------------------

[2025-02-24 11:51:42;INFO]Current Epoch: 434 / 500 | Learning Rate : 0.000904508497190894
[2025-02-24 11:52:11;INFO]Train | Loss : 0.167514 | ACC : 6326/6562 (96.404%)
[2025-02-24 11:52:16;INFO]Valid | Loss : 3.209507 | ACC : 1490/2813 (52.968%)
[2025-02-24 11:52:16;INFO]      | Loss didn't drop!

[2025-02-24 11:52:16;INFO]best epoch: 429, best loss: 0.133229
[2025-02-24 11:52:16;INFO]----------------------------------------------------------------------------------------------------

[2025-02-24 11:52:16;INFO]Current Epoch: 435 / 500 | Learning Rate : 0.0006545084971883151
[2025-02-24 11:52:45;INFO]Train | Loss : 0.126814 | ACC : 6393/6562 (97.425%)
[2025-02-24 11:52:49;INFO]Valid | Loss : 0.263085 | ACC : 2567/2813 (91.255%)
[2025-02-24 11:52:49;INFO]      | Loss didn't drop!

[2025-02-24 11:52:49;INFO]best epoch: 429, best loss: 0.133229
[2025-02-24 11:52:49;INFO]----------------------------------------------------------------------------------------------------

[2025-02-24 11:52:49;INFO]Current Epoch: 436 / 500 | Learning Rate : 0.0
[2025-02-24 11:53:19;INFO]Train | Loss : 0.100457 | ACC : 6438/6562 (98.110%)
[2025-02-24 11:53:23;INFO]Valid | Loss : 0.732400 | ACC : 2156/2813 (76.644%)
[2025-02-24 11:53:23;INFO]      | Loss didn't drop!

[2025-02-24 11:53:23;INFO]best epoch: 429, best loss: 0.133229
[2025-02-24 11:53:23;INFO]----------------------------------------------------------------------------------------------------

[2025-02-24 11:53:23;INFO]Current Epoch: 437 / 500 | Learning Rate : 0.0006545084971907136
[2025-02-24 11:53:53;INFO]Train | Loss : 0.145969 | ACC : 6357/6562 (96.876%)
[2025-02-24 11:53:57;INFO]Valid | Loss : 2.006121 | ACC : 1526/2813 (54.248%)
[2025-02-24 11:53:57;INFO]      | Loss didn't drop!

[2025-02-24 11:53:57;INFO]best epoch: 429, best loss: 0.133229
[2025-02-24 11:53:57;INFO]----------------------------------------------------------------------------------------------------

[2025-02-24 11:53:57;INFO]Current Epoch: 438 / 500 | Learning Rate : 0.0009045084971948944
[2025-02-24 11:54:27;INFO]Train | Loss : 0.187821 | ACC : 6274/6562 (95.611%)
[2025-02-24 11:54:31;INFO]Valid | Loss : 2.605892 | ACC : 1684/2813 (59.865%)
[2025-02-24 11:54:31;INFO]      | Loss didn't drop!

[2025-02-24 11:54:31;INFO]best epoch: 429, best loss: 0.133229
[2025-02-24 11:54:31;INFO]----------------------------------------------------------------------------------------------------

[2025-02-24 11:54:31;INFO]Current Epoch: 439 / 500 | Learning Rate : 9.549150281246771e-05
[2025-02-24 11:55:01;INFO]Train | Loss : 0.104661 | ACC : 6422/6562 (97.867%)
[2025-02-24 11:55:05;INFO]Valid | Loss : 0.320761 | ACC : 2549/2813 (90.615%)
[2025-02-24 11:55:05;INFO]      | Loss didn't drop!

[2025-02-24 11:55:05;INFO]best epoch: 429, best loss: 0.133229
[2025-02-24 11:55:05;INFO]----------------------------------------------------------------------------------------------------

[2025-02-24 11:55:05;INFO]Current Epoch: 440 / 500 | Learning Rate : 0.0003454915028125626
[2025-02-24 11:55:35;INFO]Train | Loss : 0.103442 | ACC : 6430/6562 (97.988%)
[2025-02-24 11:55:39;INFO]Valid | Loss : 2.602046 | ACC : 1814/2813 (64.486%)
[2025-02-24 11:55:39;INFO]      | Loss didn't drop!

[2025-02-24 11:55:39;INFO]best epoch: 429, best loss: 0.133229
[2025-02-24 11:55:39;INFO]----------------------------------------------------------------------------------------------------

[2025-02-24 11:55:39;INFO]Current Epoch: 441 / 500 | Learning Rate : 0.000999999999997746
[2025-02-24 11:56:08;INFO]Train | Loss : 0.097611 | ACC : 6447/6562 (98.247%)
[2025-02-24 11:56:13;INFO]Valid | Loss : 0.763924 | ACC : 2164/2813 (76.929%)
[2025-02-24 11:56:13;INFO]      | Loss didn't drop!

[2025-02-24 11:56:13;INFO]best epoch: 429, best loss: 0.133229
[2025-02-24 11:56:13;INFO]----------------------------------------------------------------------------------------------------

[2025-02-24 11:56:13;INFO]Current Epoch: 442 / 500 | Learning Rate : 0.0003454915028128045
[2025-02-24 11:56:42;INFO]Train | Loss : 0.112981 | ACC : 6424/6562 (97.897%)
[2025-02-24 11:56:46;INFO]Valid | Loss : 0.130368 | ACC : 2729/2813 (97.014%)
[2025-02-24 11:56:46;INFO]      | Loss dropped from 0.133229 to 0.130368, model has been saved!

[2025-02-24 11:56:46;INFO]best epoch: 442, best loss: 0.130368
[2025-02-24 11:56:46;INFO]----------------------------------------------------------------------------------------------------

[2025-02-24 11:56:46;INFO]Current Epoch: 443 / 500 | Learning Rate : 9.549150281259311e-05
[2025-02-24 11:57:16;INFO]Train | Loss : 0.104848 | ACC : 6426/6562 (97.927%)
[2025-02-24 11:57:20;INFO]Valid | Loss : 0.260027 | ACC : 2560/2813 (91.006%)
[2025-02-24 11:57:20;INFO]      | Loss didn't drop!

[2025-02-24 11:57:20;INFO]best epoch: 442, best loss: 0.130368
[2025-02-24 11:57:20;INFO]----------------------------------------------------------------------------------------------------

[2025-02-24 11:57:20;INFO]Current Epoch: 444 / 500 | Learning Rate : 0.0009045084971914823
[2025-02-24 11:57:50;INFO]Train | Loss : 0.080830 | ACC : 6464/6562 (98.507%)
[2025-02-24 11:57:54;INFO]Valid | Loss : 1.535289 | ACC : 1802/2813 (64.060%)
[2025-02-24 11:57:54;INFO]      | Loss didn't drop!

[2025-02-24 11:57:54;INFO]best epoch: 442, best loss: 0.130368
[2025-02-24 11:57:54;INFO]----------------------------------------------------------------------------------------------------

[2025-02-24 11:57:54;INFO]Current Epoch: 445 / 500 | Learning Rate : 0.0006545084971887765
[2025-02-24 11:58:24;INFO]Train | Loss : 0.151775 | ACC : 6318/6562 (96.282%)
[2025-02-24 11:58:28;INFO]Valid | Loss : 0.283521 | ACC : 2513/2813 (89.335%)
[2025-02-24 11:58:28;INFO]      | Loss didn't drop!

[2025-02-24 11:58:28;INFO]best epoch: 442, best loss: 0.130368
[2025-02-24 11:58:28;INFO]----------------------------------------------------------------------------------------------------

[2025-02-24 11:58:28;INFO]Current Epoch: 446 / 500 | Learning Rate : 0.0
[2025-02-24 11:58:58;INFO]Train | Loss : 0.141387 | ACC : 6354/6562 (96.830%)
[2025-02-24 11:59:02;INFO]Valid | Loss : 0.823678 | ACC : 2067/2813 (73.480%)
[2025-02-24 11:59:02;INFO]      | Loss didn't drop!

[2025-02-24 11:59:02;INFO]best epoch: 442, best loss: 0.130368
[2025-02-24 11:59:02;INFO]----------------------------------------------------------------------------------------------------

[2025-02-24 11:59:02;INFO]Current Epoch: 447 / 500 | Learning Rate : 0.0006545084971871317
[2025-02-24 11:59:32;INFO]Train | Loss : 0.082955 | ACC : 6448/6562 (98.263%)
[2025-02-24 11:59:36;INFO]Valid | Loss : 2.283439 | ACC : 1748/2813 (62.140%)
[2025-02-24 11:59:36;INFO]      | Loss didn't drop!

[2025-02-24 11:59:36;INFO]best epoch: 442, best loss: 0.130368
[2025-02-24 11:59:36;INFO]----------------------------------------------------------------------------------------------------

[2025-02-24 11:59:36;INFO]Current Epoch: 448 / 500 | Learning Rate : 0.0009045084971850641
[2025-02-24 12:00:06;INFO]Train | Loss : 0.083995 | ACC : 6452/6562 (98.324%)
[2025-02-24 12:00:10;INFO]Valid | Loss : 0.434730 | ACC : 2487/2813 (88.411%)
[2025-02-24 12:00:10;INFO]      | Loss didn't drop!

[2025-02-24 12:00:10;INFO]best epoch: 442, best loss: 0.130368
[2025-02-24 12:00:10;INFO]----------------------------------------------------------------------------------------------------

[2025-02-24 12:00:10;INFO]Current Epoch: 449 / 500 | Learning Rate : 9.549150281268157e-05
[2025-02-24 12:00:39;INFO]Train | Loss : 0.080023 | ACC : 6472/6562 (98.628%)
[2025-02-24 12:00:44;INFO]Valid | Loss : 1.373515 | ACC : 1939/2813 (68.930%)
[2025-02-24 12:00:44;INFO]      | Loss didn't drop!

[2025-02-24 12:00:44;INFO]best epoch: 442, best loss: 0.130368
[2025-02-24 12:00:44;INFO]----------------------------------------------------------------------------------------------------

[2025-02-24 12:00:44;INFO]Current Epoch: 450 / 500 | Learning Rate : 0.000345491502812771
[2025-02-24 12:01:13;INFO]Train | Loss : 0.083866 | ACC : 6450/6562 (98.293%)
[2025-02-24 12:01:17;INFO]Valid | Loss : 5.215269 | ACC : 599/2813 (21.294%)
[2025-02-24 12:01:17;INFO]      | Loss didn't drop!

[2025-02-24 12:01:17;INFO]best epoch: 442, best loss: 0.130368
[2025-02-24 12:01:17;INFO]----------------------------------------------------------------------------------------------------

[2025-02-24 12:01:17;INFO]Current Epoch: 451 / 500 | Learning Rate : 0.0010000000000041933
[2025-02-24 12:01:47;INFO]Train | Loss : 0.187501 | ACC : 6253/6562 (95.291%)
[2025-02-24 12:01:51;INFO]Valid | Loss : 1.243002 | ACC : 1949/2813 (69.285%)
[2025-02-24 12:01:51;INFO]      | Loss didn't drop!

[2025-02-24 12:01:51;INFO]best epoch: 442, best loss: 0.130368
[2025-02-24 12:01:51;INFO]----------------------------------------------------------------------------------------------------

[2025-02-24 12:01:51;INFO]Current Epoch: 452 / 500 | Learning Rate : 0.00034549150281306046
[2025-02-24 12:02:21;INFO]Train | Loss : 0.152326 | ACC : 6311/6562 (96.175%)
[2025-02-24 12:02:25;INFO]Valid | Loss : 0.445465 | ACC : 2354/2813 (83.683%)
[2025-02-24 12:02:25;INFO]      | Loss didn't drop!

[2025-02-24 12:02:25;INFO]best epoch: 442, best loss: 0.130368
[2025-02-24 12:02:25;INFO]----------------------------------------------------------------------------------------------------

[2025-02-24 12:02:25;INFO]Current Epoch: 453 / 500 | Learning Rate : 9.54915028126413e-05
[2025-02-24 12:02:55;INFO]Train | Loss : 0.116961 | ACC : 6396/6562 (97.470%)
[2025-02-24 12:02:59;INFO]Valid | Loss : 2.073118 | ACC : 1758/2813 (62.496%)
[2025-02-24 12:02:59;INFO]      | Loss didn't drop!

[2025-02-24 12:02:59;INFO]best epoch: 442, best loss: 0.130368
[2025-02-24 12:02:59;INFO]----------------------------------------------------------------------------------------------------

[2025-02-24 12:02:59;INFO]Current Epoch: 454 / 500 | Learning Rate : 0.0009045084971923452
[2025-02-24 12:03:29;INFO]Train | Loss : 0.195955 | ACC : 6273/6562 (95.596%)
[2025-02-24 12:03:33;INFO]Valid | Loss : 3.962783 | ACC : 1308/2813 (46.498%)
[2025-02-24 12:03:33;INFO]      | Loss didn't drop!

[2025-02-24 12:03:33;INFO]best epoch: 442, best loss: 0.130368
[2025-02-24 12:03:33;INFO]----------------------------------------------------------------------------------------------------

[2025-02-24 12:03:33;INFO]Current Epoch: 455 / 500 | Learning Rate : 0.0006545084971930282
[2025-02-24 12:04:03;INFO]Train | Loss : 0.114900 | ACC : 6409/6562 (97.668%)
[2025-02-24 12:04:07;INFO]Valid | Loss : 0.244773 | ACC : 2579/2813 (91.681%)
[2025-02-24 12:04:07;INFO]      | Loss didn't drop!

[2025-02-24 12:04:07;INFO]best epoch: 442, best loss: 0.130368
[2025-02-24 12:04:07;INFO]----------------------------------------------------------------------------------------------------

[2025-02-24 12:04:07;INFO]Current Epoch: 456 / 500 | Learning Rate : 0.0
[2025-02-24 12:04:37;INFO]Train | Loss : 0.154548 | ACC : 6331/6562 (96.480%)
[2025-02-24 12:04:41;INFO]Valid | Loss : 2.191292 | ACC : 1491/2813 (53.004%)
[2025-02-24 12:04:41;INFO]      | Loss didn't drop!

[2025-02-24 12:04:41;INFO]best epoch: 442, best loss: 0.130368
[2025-02-24 12:04:41;INFO]----------------------------------------------------------------------------------------------------

[2025-02-24 12:04:41;INFO]Current Epoch: 457 / 500 | Learning Rate : 0.0006545084971879817
[2025-02-24 12:05:10;INFO]Train | Loss : 0.205999 | ACC : 6246/6562 (95.184%)
[2025-02-24 12:05:15;INFO]Valid | Loss : 1.706100 | ACC : 1657/2813 (58.905%)
[2025-02-24 12:05:15;INFO]      | Loss didn't drop!

[2025-02-24 12:05:15;INFO]best epoch: 442, best loss: 0.130368
[2025-02-24 12:05:15;INFO]----------------------------------------------------------------------------------------------------

[2025-02-24 12:05:15;INFO]Current Epoch: 458 / 500 | Learning Rate : 0.0009045084971856921
[2025-02-24 12:05:44;INFO]Train | Loss : 0.144071 | ACC : 6355/6562 (96.845%)
[2025-02-24 12:05:48;INFO]Valid | Loss : 1.326460 | ACC : 1906/2813 (67.757%)
[2025-02-24 12:05:48;INFO]      | Loss didn't drop!

[2025-02-24 12:05:48;INFO]best epoch: 442, best loss: 0.130368
[2025-02-24 12:05:48;INFO]----------------------------------------------------------------------------------------------------

[2025-02-24 12:05:48;INFO]Current Epoch: 459 / 500 | Learning Rate : 9.549150281276074e-05
[2025-02-24 12:06:18;INFO]Train | Loss : 0.145482 | ACC : 6338/6562 (96.586%)
[2025-02-24 12:06:22;INFO]Valid | Loss : 1.173262 | ACC : 1959/2813 (69.641%)
[2025-02-24 12:06:22;INFO]      | Loss didn't drop!

[2025-02-24 12:06:22;INFO]best epoch: 442, best loss: 0.130368
[2025-02-24 12:06:22;INFO]----------------------------------------------------------------------------------------------------

[2025-02-24 12:06:22;INFO]Current Epoch: 460 / 500 | Learning Rate : 0.0003454915028131926
[2025-02-24 12:06:52;INFO]Train | Loss : 0.133656 | ACC : 6364/6562 (96.983%)
[2025-02-24 12:06:56;INFO]Valid | Loss : 4.374795 | ACC : 1429/2813 (50.800%)
[2025-02-24 12:06:56;INFO]      | Loss didn't drop!

[2025-02-24 12:06:56;INFO]best epoch: 442, best loss: 0.130368
[2025-02-24 12:06:56;INFO]----------------------------------------------------------------------------------------------------

[2025-02-24 12:06:56;INFO]Current Epoch: 461 / 500 | Learning Rate : 0.00100000000000487
[2025-02-24 12:07:26;INFO]Train | Loss : 0.180564 | ACC : 6252/6562 (95.276%)
[2025-02-24 12:07:30;INFO]Valid | Loss : 2.422866 | ACC : 1258/2813 (44.721%)
[2025-02-24 12:07:30;INFO]      | Loss didn't drop!

[2025-02-24 12:07:30;INFO]best epoch: 442, best loss: 0.130368
[2025-02-24 12:07:30;INFO]----------------------------------------------------------------------------------------------------

[2025-02-24 12:07:30;INFO]Current Epoch: 462 / 500 | Learning Rate : 0.0003454915028135354
[2025-02-24 12:08:00;INFO]Train | Loss : 0.168870 | ACC : 6344/6562 (96.678%)
[2025-02-24 12:08:04;INFO]Valid | Loss : 0.169010 | ACC : 2705/2813 (96.161%)
[2025-02-24 12:08:04;INFO]      | Loss didn't drop!

[2025-02-24 12:08:04;INFO]best epoch: 442, best loss: 0.130368
[2025-02-24 12:08:04;INFO]----------------------------------------------------------------------------------------------------

[2025-02-24 12:08:04;INFO]Current Epoch: 463 / 500 | Learning Rate : 9.549150281337507e-05
[2025-02-24 12:08:34;INFO]Train | Loss : 0.131872 | ACC : 6371/6562 (97.089%)
[2025-02-24 12:08:38;INFO]Valid | Loss : 10.242159 | ACC : 844/2813 (30.004%)
[2025-02-24 12:08:38;INFO]      | Loss didn't drop!

[2025-02-24 12:08:38;INFO]best epoch: 442, best loss: 0.130368
[2025-02-24 12:08:38;INFO]----------------------------------------------------------------------------------------------------

[2025-02-24 12:08:38;INFO]Current Epoch: 464 / 500 | Learning Rate : 0.0009045084971875799
[2025-02-24 12:09:07;INFO]Train | Loss : 0.112587 | ACC : 6395/6562 (97.455%)
[2025-02-24 12:09:12;INFO]Valid | Loss : 0.507774 | ACC : 2341/2813 (83.221%)
[2025-02-24 12:09:12;INFO]      | Loss didn't drop!

[2025-02-24 12:09:12;INFO]best epoch: 442, best loss: 0.130368
[2025-02-24 12:09:12;INFO]----------------------------------------------------------------------------------------------------

[2025-02-24 12:09:12;INFO]Current Epoch: 465 / 500 | Learning Rate : 0.0006545084971859294
[2025-02-24 12:09:41;INFO]Train | Loss : 0.087737 | ACC : 6453/6562 (98.339%)
[2025-02-24 12:09:46;INFO]Valid | Loss : 0.327562 | ACC : 2464/2813 (87.593%)
[2025-02-24 12:09:46;INFO]      | Loss didn't drop!

[2025-02-24 12:09:46;INFO]best epoch: 442, best loss: 0.130368
[2025-02-24 12:09:46;INFO]----------------------------------------------------------------------------------------------------

[2025-02-24 12:09:46;INFO]Current Epoch: 466 / 500 | Learning Rate : 0.0
[2025-02-24 12:10:15;INFO]Train | Loss : 0.071817 | ACC : 6456/6562 (98.385%)
[2025-02-24 12:10:19;INFO]Valid | Loss : 0.450408 | ACC : 2384/2813 (84.749%)
[2025-02-24 12:10:19;INFO]      | Loss didn't drop!

[2025-02-24 12:10:19;INFO]best epoch: 442, best loss: 0.130368
[2025-02-24 12:10:19;INFO]----------------------------------------------------------------------------------------------------

[2025-02-24 12:10:19;INFO]Current Epoch: 467 / 500 | Learning Rate : 0.0006545084971883933
[2025-02-24 12:10:49;INFO]Train | Loss : 0.145281 | ACC : 6325/6562 (96.388%)
[2025-02-24 12:10:53;INFO]Valid | Loss : 6.338207 | ACC : 826/2813 (29.364%)
[2025-02-24 12:10:53;INFO]      | Loss didn't drop!

[2025-02-24 12:10:53;INFO]best epoch: 442, best loss: 0.130368
[2025-02-24 12:10:53;INFO]----------------------------------------------------------------------------------------------------

[2025-02-24 12:10:53;INFO]Current Epoch: 468 / 500 | Learning Rate : 0.0009045084971915398
[2025-02-24 12:11:23;INFO]Train | Loss : 0.131843 | ACC : 6386/6562 (97.318%)
[2025-02-24 12:11:27;INFO]Valid | Loss : 0.358828 | ACC : 2445/2813 (86.918%)
[2025-02-24 12:11:27;INFO]      | Loss didn't drop!

[2025-02-24 12:11:27;INFO]best epoch: 442, best loss: 0.130368
[2025-02-24 12:11:27;INFO]----------------------------------------------------------------------------------------------------

[2025-02-24 12:11:27;INFO]Current Epoch: 469 / 500 | Learning Rate : 9.549150281284091e-05
[2025-02-24 12:11:57;INFO]Train | Loss : 0.104582 | ACC : 6427/6562 (97.943%)
[2025-02-24 12:12:01;INFO]Valid | Loss : 0.528795 | ACC : 2301/2813 (81.799%)
[2025-02-24 12:12:01;INFO]      | Loss didn't drop!

[2025-02-24 12:12:01;INFO]best epoch: 442, best loss: 0.130368
[2025-02-24 12:12:01;INFO]----------------------------------------------------------------------------------------------------

[2025-02-24 12:12:01;INFO]Current Epoch: 470 / 500 | Learning Rate : 0.00034549150281340107
[2025-02-24 12:12:31;INFO]Train | Loss : 0.085264 | ACC : 6464/6562 (98.507%)
[2025-02-24 12:12:35;INFO]Valid | Loss : 0.987465 | ACC : 1926/2813 (68.468%)
[2025-02-24 12:12:35;INFO]      | Loss didn't drop!

[2025-02-24 12:12:35;INFO]best epoch: 442, best loss: 0.130368
[2025-02-24 12:12:35;INFO]----------------------------------------------------------------------------------------------------

[2025-02-24 12:12:35;INFO]Current Epoch: 471 / 500 | Learning Rate : 0.001000000000005546
[2025-02-24 12:13:05;INFO]Train | Loss : 0.111948 | ACC : 6390/6562 (97.379%)
[2025-02-24 12:13:09;INFO]Valid | Loss : 1.295127 | ACC : 2091/2813 (74.333%)
[2025-02-24 12:13:09;INFO]      | Loss didn't drop!

[2025-02-24 12:13:09;INFO]best epoch: 442, best loss: 0.130368
[2025-02-24 12:13:09;INFO]----------------------------------------------------------------------------------------------------

[2025-02-24 12:13:09;INFO]Current Epoch: 472 / 500 | Learning Rate : 0.0003454915028157881
[2025-02-24 12:13:38;INFO]Train | Loss : 0.124269 | ACC : 6382/6562 (97.257%)
[2025-02-24 12:13:43;INFO]Valid | Loss : 0.131340 | ACC : 2719/2813 (96.658%)
[2025-02-24 12:13:43;INFO]      | Loss didn't drop!

[2025-02-24 12:13:43;INFO]best epoch: 442, best loss: 0.130368
[2025-02-24 12:13:43;INFO]----------------------------------------------------------------------------------------------------

[2025-02-24 12:13:43;INFO]Current Epoch: 473 / 500 | Learning Rate : 9.5491502812321e-05
[2025-02-24 12:14:12;INFO]Train | Loss : 0.080873 | ACC : 6470/6562 (98.598%)
[2025-02-24 12:14:16;INFO]Valid | Loss : 3.869416 | ACC : 1415/2813 (50.302%)
[2025-02-24 12:14:16;INFO]      | Loss didn't drop!

[2025-02-24 12:14:16;INFO]best epoch: 442, best loss: 0.130368
[2025-02-24 12:14:16;INFO]----------------------------------------------------------------------------------------------------

[2025-02-24 12:14:16;INFO]Current Epoch: 474 / 500 | Learning Rate : 0.000904508497188168
[2025-02-24 12:14:46;INFO]Train | Loss : 0.133991 | ACC : 6369/6562 (97.059%)
[2025-02-24 12:14:50;INFO]Valid | Loss : 1.752622 | ACC : 1652/2813 (58.727%)
[2025-02-24 12:14:50;INFO]      | Loss didn't drop!

[2025-02-24 12:14:50;INFO]best epoch: 442, best loss: 0.130368
[2025-02-24 12:14:50;INFO]----------------------------------------------------------------------------------------------------

[2025-02-24 12:14:50;INFO]Current Epoch: 475 / 500 | Learning Rate : 0.0006545084971866081
[2025-02-24 12:15:20;INFO]Train | Loss : 0.163261 | ACC : 6306/6562 (96.099%)
[2025-02-24 12:15:24;INFO]Valid | Loss : 0.377522 | ACC : 2464/2813 (87.593%)
[2025-02-24 12:15:24;INFO]      | Loss didn't drop!

[2025-02-24 12:15:24;INFO]best epoch: 442, best loss: 0.130368
[2025-02-24 12:15:24;INFO]----------------------------------------------------------------------------------------------------

[2025-02-24 12:15:24;INFO]Current Epoch: 476 / 500 | Learning Rate : 0.0
[2025-02-24 12:15:54;INFO]Train | Loss : 0.120408 | ACC : 6393/6562 (97.425%)
[2025-02-24 12:15:58;INFO]Valid | Loss : 0.310546 | ACC : 2499/2813 (88.838%)
[2025-02-24 12:15:58;INFO]      | Loss didn't drop!

[2025-02-24 12:15:58;INFO]best epoch: 442, best loss: 0.130368
[2025-02-24 12:15:58;INFO]----------------------------------------------------------------------------------------------------

[2025-02-24 12:15:58;INFO]Current Epoch: 477 / 500 | Learning Rate : 0.0006545084971885947
[2025-02-24 12:16:28;INFO]Train | Loss : 0.138197 | ACC : 6335/6562 (96.541%)
[2025-02-24 12:16:32;INFO]Valid | Loss : 7.808962 | ACC : 713/2813 (25.347%)
[2025-02-24 12:16:32;INFO]      | Loss didn't drop!

[2025-02-24 12:16:32;INFO]best epoch: 442, best loss: 0.130368
[2025-02-24 12:16:32;INFO]----------------------------------------------------------------------------------------------------

[2025-02-24 12:16:32;INFO]Current Epoch: 478 / 500 | Learning Rate : 0.0009045084971921673
[2025-02-24 12:17:02;INFO]Train | Loss : 0.158944 | ACC : 6317/6562 (96.266%)
[2025-02-24 12:17:06;INFO]Valid | Loss : 1.699928 | ACC : 1743/2813 (61.962%)
[2025-02-24 12:17:06;INFO]      | Loss didn't drop!

[2025-02-24 12:17:06;INFO]best epoch: 442, best loss: 0.130368
[2025-02-24 12:17:06;INFO]----------------------------------------------------------------------------------------------------

[2025-02-24 12:17:06;INFO]Current Epoch: 479 / 500 | Learning Rate : 9.549150281278746e-05
[2025-02-24 12:17:35;INFO]Train | Loss : 0.235346 | ACC : 6177/6562 (94.133%)
[2025-02-24 12:17:40;INFO]Valid | Loss : 0.505801 | ACC : 2287/2813 (81.301%)
[2025-02-24 12:17:40;INFO]      | Loss didn't drop!

[2025-02-24 12:17:40;INFO]best epoch: 442, best loss: 0.130368
[2025-02-24 12:17:40;INFO]----------------------------------------------------------------------------------------------------

[2025-02-24 12:17:40;INFO]Current Epoch: 480 / 500 | Learning Rate : 0.00034549150281560357
[2025-02-24 12:18:09;INFO]Train | Loss : 0.125566 | ACC : 6400/6562 (97.531%)
[2025-02-24 12:18:14;INFO]Valid | Loss : 1.763129 | ACC : 1854/2813 (65.908%)
[2025-02-24 12:18:14;INFO]      | Loss didn't drop!

[2025-02-24 12:18:14;INFO]best epoch: 442, best loss: 0.130368
[2025-02-24 12:18:14;INFO]----------------------------------------------------------------------------------------------------

[2025-02-24 12:18:14;INFO]Current Epoch: 481 / 500 | Learning Rate : 0.0010000000000004326
[2025-02-24 12:18:43;INFO]Train | Loss : 0.123126 | ACC : 6397/6562 (97.486%)
[2025-02-24 12:18:47;INFO]Valid | Loss : 0.510275 | ACC : 2351/2813 (83.576%)
[2025-02-24 12:18:47;INFO]      | Loss didn't drop!

[2025-02-24 12:18:47;INFO]best epoch: 442, best loss: 0.130368
[2025-02-24 12:18:47;INFO]----------------------------------------------------------------------------------------------------

[2025-02-24 12:18:47;INFO]Current Epoch: 482 / 500 | Learning Rate : 0.00034549150281162026
[2025-02-24 12:19:17;INFO]Train | Loss : 0.129408 | ACC : 6364/6562 (96.983%)
[2025-02-24 12:19:21;INFO]Valid | Loss : 0.167213 | ACC : 2669/2813 (94.881%)
[2025-02-24 12:19:21;INFO]      | Loss didn't drop!

[2025-02-24 12:19:21;INFO]best epoch: 442, best loss: 0.130368
[2025-02-24 12:19:21;INFO]----------------------------------------------------------------------------------------------------

[2025-02-24 12:19:21;INFO]Current Epoch: 483 / 500 | Learning Rate : 9.549150281236921e-05
[2025-02-24 12:19:51;INFO]Train | Loss : 0.091413 | ACC : 6446/6562 (98.232%)
[2025-02-24 12:19:55;INFO]Valid | Loss : 1.231892 | ACC : 1954/2813 (69.463%)
[2025-02-24 12:19:55;INFO]      | Loss didn't drop!

[2025-02-24 12:19:55;INFO]best epoch: 442, best loss: 0.130368
[2025-02-24 12:19:55;INFO]----------------------------------------------------------------------------------------------------

[2025-02-24 12:19:55;INFO]Current Epoch: 484 / 500 | Learning Rate : 0.0009045084971887642
[2025-02-24 12:20:25;INFO]Train | Loss : 0.127809 | ACC : 6371/6562 (97.089%)
[2025-02-24 12:20:29;INFO]Valid | Loss : 3.997888 | ACC : 1288/2813 (45.787%)
[2025-02-24 12:20:29;INFO]      | Loss didn't drop!

[2025-02-24 12:20:29;INFO]best epoch: 442, best loss: 0.130368
[2025-02-24 12:20:29;INFO]----------------------------------------------------------------------------------------------------

[2025-02-24 12:20:29;INFO]Current Epoch: 485 / 500 | Learning Rate : 0.000654508497190426
[2025-02-24 12:20:59;INFO]Train | Loss : 0.109714 | ACC : 6402/6562 (97.562%)
[2025-02-24 12:21:03;INFO]Valid | Loss : 0.230394 | ACC : 2586/2813 (91.930%)
[2025-02-24 12:21:03;INFO]      | Loss didn't drop!

[2025-02-24 12:21:03;INFO]best epoch: 442, best loss: 0.130368
[2025-02-24 12:21:03;INFO]----------------------------------------------------------------------------------------------------

[2025-02-24 12:21:03;INFO]Current Epoch: 486 / 500 | Learning Rate : 0.0
[2025-02-24 12:21:33;INFO]Train | Loss : 0.082859 | ACC : 6464/6562 (98.507%)
[2025-02-24 12:21:37;INFO]Valid | Loss : 0.608566 | ACC : 2409/2813 (85.638%)
[2025-02-24 12:21:37;INFO]      | Loss didn't drop!

[2025-02-24 12:21:37;INFO]best epoch: 442, best loss: 0.130368
[2025-02-24 12:21:37;INFO]----------------------------------------------------------------------------------------------------

[2025-02-24 12:21:37;INFO]Current Epoch: 487 / 500 | Learning Rate : 0.0006545084971890062
[2025-02-24 12:22:06;INFO]Train | Loss : 0.079060 | ACC : 6462/6562 (98.476%)
[2025-02-24 12:22:11;INFO]Valid | Loss : 3.903388 | ACC : 1496/2813 (53.182%)
[2025-02-24 12:22:11;INFO]      | Loss didn't drop!

[2025-02-24 12:22:11;INFO]best epoch: 442, best loss: 0.130368
[2025-02-24 12:22:11;INFO]----------------------------------------------------------------------------------------------------

[2025-02-24 12:22:11;INFO]Current Epoch: 488 / 500 | Learning Rate : 0.0009045084971926516
[2025-02-24 12:22:40;INFO]Train | Loss : 0.087099 | ACC : 6428/6562 (97.958%)
[2025-02-24 12:22:45;INFO]Valid | Loss : 1.074743 | ACC : 2006/2813 (71.312%)
[2025-02-24 12:22:45;INFO]      | Loss didn't drop!

[2025-02-24 12:22:45;INFO]best epoch: 442, best loss: 0.130368
[2025-02-24 12:22:45;INFO]----------------------------------------------------------------------------------------------------

[2025-02-24 12:22:45;INFO]Current Epoch: 489 / 500 | Learning Rate : 9.54915028123148e-05
[2025-02-24 12:23:14;INFO]Train | Loss : 0.141143 | ACC : 6357/6562 (96.876%)
[2025-02-24 12:23:18;INFO]Valid | Loss : 1.134702 | ACC : 2200/2813 (78.208%)
[2025-02-24 12:23:18;INFO]      | Loss didn't drop!

[2025-02-24 12:23:18;INFO]best epoch: 442, best loss: 0.130368
[2025-02-24 12:23:18;INFO]----------------------------------------------------------------------------------------------------

[2025-02-24 12:23:18;INFO]Current Epoch: 490 / 500 | Learning Rate : 0.00034549150281160156
[2025-02-24 12:23:48;INFO]Train | Loss : 0.168465 | ACC : 6301/6562 (96.023%)
[2025-02-24 12:23:52;INFO]Valid | Loss : 0.778495 | ACC : 2136/2813 (75.933%)
[2025-02-24 12:23:52;INFO]      | Loss didn't drop!

[2025-02-24 12:23:52;INFO]best epoch: 442, best loss: 0.130368
[2025-02-24 12:23:52;INFO]----------------------------------------------------------------------------------------------------

[2025-02-24 12:23:52;INFO]Current Epoch: 491 / 500 | Learning Rate : 0.0010000000000011094
[2025-02-24 12:24:22;INFO]Train | Loss : 0.085957 | ACC : 6451/6562 (98.308%)
[2025-02-24 12:24:26;INFO]Valid | Loss : 0.403544 | ACC : 2449/2813 (87.060%)
[2025-02-24 12:24:26;INFO]      | Loss didn't drop!

[2025-02-24 12:24:26;INFO]best epoch: 442, best loss: 0.130368
[2025-02-24 12:24:26;INFO]----------------------------------------------------------------------------------------------------

[2025-02-24 12:24:26;INFO]Current Epoch: 492 / 500 | Learning Rate : 0.0003454915028120958
[2025-02-24 12:24:56;INFO]Train | Loss : 0.105256 | ACC : 6403/6562 (97.577%)
[2025-02-24 12:25:00;INFO]Valid | Loss : 0.689216 | ACC : 2050/2813 (72.876%)
[2025-02-24 12:25:00;INFO]      | Loss didn't drop!

[2025-02-24 12:25:00;INFO]best epoch: 442, best loss: 0.130368
[2025-02-24 12:25:00;INFO]----------------------------------------------------------------------------------------------------

[2025-02-24 12:25:00;INFO]Current Epoch: 493 / 500 | Learning Rate : 9.549150281296935e-05
[2025-02-24 12:25:29;INFO]Train | Loss : 0.164209 | ACC : 6313/6562 (96.205%)
[2025-02-24 12:25:34;INFO]Valid | Loss : 2.541840 | ACC : 1573/2813 (55.919%)
[2025-02-24 12:25:34;INFO]      | Loss didn't drop!

[2025-02-24 12:25:34;INFO]best epoch: 442, best loss: 0.130368
[2025-02-24 12:25:34;INFO]----------------------------------------------------------------------------------------------------

[2025-02-24 12:25:34;INFO]Current Epoch: 494 / 500 | Learning Rate : 0.0009045084971893519
[2025-02-24 12:26:03;INFO]Train | Loss : 0.124138 | ACC : 6374/6562 (97.135%)
[2025-02-24 12:26:07;INFO]Valid | Loss : 2.197107 | ACC : 1368/2813 (48.631%)
[2025-02-24 12:26:07;INFO]      | Loss didn't drop!

[2025-02-24 12:26:07;INFO]best epoch: 442, best loss: 0.130368
[2025-02-24 12:26:07;INFO]----------------------------------------------------------------------------------------------------

[2025-02-24 12:26:07;INFO]Current Epoch: 495 / 500 | Learning Rate : 0.0006545084971908881
[2025-02-24 12:26:37;INFO]Train | Loss : 0.086376 | ACC : 6447/6562 (98.247%)
[2025-02-24 12:26:41;INFO]Valid | Loss : 0.131753 | ACC : 2683/2813 (95.379%)
[2025-02-24 12:26:41;INFO]      | Loss didn't drop!

[2025-02-24 12:26:41;INFO]best epoch: 442, best loss: 0.130368
[2025-02-24 12:26:41;INFO]----------------------------------------------------------------------------------------------------

[2025-02-24 12:26:41;INFO]Current Epoch: 496 / 500 | Learning Rate : 0.0
[2025-02-24 12:27:11;INFO]Train | Loss : 0.069266 | ACC : 6480/6562 (98.750%)
[2025-02-24 12:27:15;INFO]Valid | Loss : 1.235910 | ACC : 2037/2813 (72.414%)
[2025-02-24 12:27:15;INFO]      | Loss didn't drop!

[2025-02-24 12:27:15;INFO]best epoch: 442, best loss: 0.130368
[2025-02-24 12:27:15;INFO]----------------------------------------------------------------------------------------------------

[2025-02-24 12:27:15;INFO]Current Epoch: 497 / 500 | Learning Rate : 0.0006545084971856402
[2025-02-24 12:27:44;INFO]Train | Loss : 0.163487 | ACC : 6325/6562 (96.388%)
[2025-02-24 12:27:49;INFO]Valid | Loss : 5.127387 | ACC : 636/2813 (22.609%)
[2025-02-24 12:27:49;INFO]      | Loss didn't drop!

[2025-02-24 12:27:49;INFO]best epoch: 442, best loss: 0.130368
[2025-02-24 12:27:49;INFO]----------------------------------------------------------------------------------------------------

[2025-02-24 12:27:49;INFO]Current Epoch: 498 / 500 | Learning Rate : 0.0009045084971880514
[2025-02-24 12:28:18;INFO]Train | Loss : 0.182318 | ACC : 6269/6562 (95.535%)
[2025-02-24 12:28:22;INFO]Valid | Loss : 0.516637 | ACC : 2266/2813 (80.555%)
[2025-02-24 12:28:22;INFO]      | Loss didn't drop!

[2025-02-24 12:28:22;INFO]best epoch: 442, best loss: 0.130368
[2025-02-24 12:28:22;INFO]----------------------------------------------------------------------------------------------------

[2025-02-24 12:28:22;INFO]Current Epoch: 499 / 500 | Learning Rate : 9.549150281239488e-05
[2025-02-24 12:28:52;INFO]Train | Loss : 0.075146 | ACC : 6476/6562 (98.689%)
[2025-02-24 12:28:56;INFO]Valid | Loss : 0.121693 | ACC : 2724/2813 (96.836%)
[2025-02-24 12:28:56;INFO]      | Loss dropped from 0.130368 to 0.121693, model has been saved!

[2025-02-24 12:28:56;INFO]best epoch: 499, best loss: 0.121693
[2025-02-24 12:28:56;INFO]----------------------------------------------------------------------------------------------------

[2025-02-24 12:28:56;INFO]Current Epoch: 500 / 500 | Learning Rate : 0.0003454915028118102
[2025-02-24 12:29:26;INFO]Train | Loss : 0.141461 | ACC : 6336/6562 (96.556%)
[2025-02-24 12:29:30;INFO]Valid | Loss : 1.956144 | ACC : 1780/2813 (63.278%)
[2025-02-24 12:29:30;INFO]      | Loss didn't drop!

[2025-02-24 12:29:30;INFO]best epoch: 499, best loss: 0.121693
[2025-02-24 12:29:30;INFO]----------------------------------------------------------------------------------------------------

[2025-02-24 12:29:30;INFO]Training finished! Best Epoch : 499 | Best Loss : 0.121693


