[2025-02-22 14:51:48;INFO]====================================================================================================
[2025-02-22 14:51:48;INFO]Config
[2025-02-22 14:51:48;INFO]----------------------------------------------------------------------------------------------------
[2025-02-22 14:51:48;INFO]seed : 2025
[2025-02-22 14:51:48;INFO]mode : train
[2025-02-22 14:51:48;INFO]device : cuda
[2025-02-22 14:51:48;INFO]dataset_path : ../../../Datasets
[2025-02-22 14:51:48;INFO]source : {'s': 1, 'ft': 62}
[2025-02-22 14:51:48;INFO]num_classes : 16
[2025-02-22 14:51:48;INFO]backbone : scnn
[2025-02-22 14:51:48;INFO]lr : 0.001
[2025-02-22 14:51:48;INFO]batch_size : 128
[2025-02-22 14:51:48;INFO]train_epochs : 500
[2025-02-22 14:51:48;INFO]root_dir : ./result/wifi_scnn
[2025-02-22 14:51:48;INFO]work_dir : ./result/wifi_scnn/train/s1_62ft
[2025-02-22 14:51:48;INFO]logger : <Logger Logger_train (INFO)>
[2025-02-22 14:51:48;INFO]====================================================================================================


[2025-02-22 14:51:52;INFO]Start training ...
[2025-02-22 14:51:52;INFO]No. train samples: 3360
[2025-02-22 14:51:52;INFO]No. valid samples: 1440
[2025-02-22 14:51:52;INFO]----------------------------------------------------------------------------------------------------

[2025-02-22 14:51:52;INFO]Current Epoch: 1 / 500 | Learning Rate : 0.001
[2025-02-22 14:52:14;INFO]Train | Loss : 1.813895 | ACC : 1940/3360 (57.738%)
[2025-02-22 14:52:17;INFO]Valid | Loss : 1.747716 | ACC : 893/1440 (62.014%)
[2025-02-22 14:52:17;INFO]      | Loss dropped from inf to 1.747716, model has been saved!

[2025-02-22 14:52:17;INFO]best epoch: 1, best loss: 1.747716
[2025-02-22 14:52:17;INFO]----------------------------------------------------------------------------------------------------

[2025-02-22 14:52:17;INFO]Current Epoch: 2 / 500 | Learning Rate : 0.0002730047501302265
[2025-02-22 14:52:36;INFO]Train | Loss : 1.206870 | ACC : 2942/3360 (87.560%)
[2025-02-22 14:52:38;INFO]Valid | Loss : 1.281803 | ACC : 738/1440 (51.250%)
[2025-02-22 14:52:38;INFO]      | Loss dropped from 1.747716 to 1.281803, model has been saved!

[2025-02-22 14:52:38;INFO]best epoch: 2, best loss: 1.281803
[2025-02-22 14:52:38;INFO]----------------------------------------------------------------------------------------------------

[2025-02-22 14:52:38;INFO]Current Epoch: 3 / 500 | Learning Rate : 0.0002061073738537634
[2025-02-22 14:52:57;INFO]Train | Loss : 0.923386 | ACC : 3313/3360 (98.601%)
[2025-02-22 14:53:00;INFO]Valid | Loss : 1.351808 | ACC : 968/1440 (67.222%)
[2025-02-22 14:53:00;INFO]      | Loss didn't drop!

[2025-02-22 14:53:00;INFO]best epoch: 2, best loss: 1.281803
[2025-02-22 14:53:00;INFO]----------------------------------------------------------------------------------------------------

[2025-02-22 14:53:00;INFO]Current Epoch: 4 / 500 | Learning Rate : 0.0009938441702975601
[2025-02-22 14:53:18;INFO]Train | Loss : 0.688554 | ACC : 3347/3360 (99.613%)
[2025-02-22 14:53:21;INFO]Valid | Loss : 0.685334 | ACC : 1364/1440 (94.722%)
[2025-02-22 14:53:21;INFO]      | Loss dropped from 1.281803 to 0.685334, model has been saved!

[2025-02-22 14:53:21;INFO]best epoch: 4, best loss: 0.685334
[2025-02-22 14:53:21;INFO]----------------------------------------------------------------------------------------------------

[2025-02-22 14:53:21;INFO]Current Epoch: 5 / 500 | Learning Rate : 0.00034549150281252286
[2025-02-22 14:53:40;INFO]Train | Loss : 0.602462 | ACC : 3342/3360 (99.464%)
[2025-02-22 14:53:42;INFO]Valid | Loss : 0.519284 | ACC : 1431/1440 (99.375%)
[2025-02-22 14:53:42;INFO]      | Loss dropped from 0.685334 to 0.519284, model has been saved!

[2025-02-22 14:53:42;INFO]best epoch: 5, best loss: 0.519284
[2025-02-22 14:53:42;INFO]----------------------------------------------------------------------------------------------------

[2025-02-22 14:53:42;INFO]Current Epoch: 6 / 500 | Learning Rate : 0.00014644660940672552
[2025-02-22 14:54:01;INFO]Train | Loss : 0.517728 | ACC : 3358/3360 (99.940%)
[2025-02-22 14:54:04;INFO]Valid | Loss : 0.538810 | ACC : 1396/1440 (96.944%)
[2025-02-22 14:54:04;INFO]      | Loss didn't drop!

[2025-02-22 14:54:04;INFO]best epoch: 5, best loss: 0.519284
[2025-02-22 14:54:04;INFO]----------------------------------------------------------------------------------------------------

[2025-02-22 14:54:04;INFO]Current Epoch: 7 / 500 | Learning Rate : 0.0009755282581476215
[2025-02-22 14:54:23;INFO]Train | Loss : 0.467873 | ACC : 3359/3360 (99.970%)
[2025-02-22 14:54:26;INFO]Valid | Loss : 0.416900 | ACC : 1428/1440 (99.167%)
[2025-02-22 14:54:26;INFO]      | Loss dropped from 0.519284 to 0.416900, model has been saved!

[2025-02-22 14:54:26;INFO]best epoch: 7, best loss: 0.416900
[2025-02-22 14:54:26;INFO]----------------------------------------------------------------------------------------------------

[2025-02-22 14:54:26;INFO]Current Epoch: 8 / 500 | Learning Rate : 0.00042178276747988444
[2025-02-22 14:54:45;INFO]Train | Loss : 0.483764 | ACC : 3347/3360 (99.613%)
[2025-02-22 14:54:47;INFO]Valid | Loss : 0.348081 | ACC : 1424/1440 (98.889%)
[2025-02-22 14:54:47;INFO]      | Loss dropped from 0.416900 to 0.348081, model has been saved!

[2025-02-22 14:54:47;INFO]best epoch: 8, best loss: 0.348081
[2025-02-22 14:54:47;INFO]----------------------------------------------------------------------------------------------------

[2025-02-22 14:54:47;INFO]Current Epoch: 9 / 500 | Learning Rate : 9.549150281252665e-05
[2025-02-22 14:55:06;INFO]Train | Loss : 0.419057 | ACC : 3359/3360 (99.970%)
[2025-02-22 14:55:09;INFO]Valid | Loss : 0.682805 | ACC : 1353/1440 (93.958%)
[2025-02-22 14:55:09;INFO]      | Loss didn't drop!

[2025-02-22 14:55:09;INFO]best epoch: 8, best loss: 0.348081
[2025-02-22 14:55:09;INFO]----------------------------------------------------------------------------------------------------

[2025-02-22 14:55:09;INFO]Current Epoch: 10 / 500 | Learning Rate : 0.0009455032620941413
[2025-02-22 14:55:28;INFO]Train | Loss : 0.422074 | ACC : 3359/3360 (99.970%)
[2025-02-22 14:55:31;INFO]Valid | Loss : 0.404664 | ACC : 1435/1440 (99.653%)
[2025-02-22 14:55:31;INFO]      | Loss didn't drop!

[2025-02-22 14:55:31;INFO]best epoch: 8, best loss: 0.348081
[2025-02-22 14:55:31;INFO]----------------------------------------------------------------------------------------------------

[2025-02-22 14:55:31;INFO]Current Epoch: 11 / 500 | Learning Rate : 0.0005000000000000255
[2025-02-22 14:55:49;INFO]Train | Loss : 0.410069 | ACC : 3351/3360 (99.732%)
[2025-02-22 14:55:52;INFO]Valid | Loss : 0.314254 | ACC : 1440/1440 (100.000%)
[2025-02-22 14:55:52;INFO]      | Loss dropped from 0.348081 to 0.314254, model has been saved!

[2025-02-22 14:55:52;INFO]best epoch: 11, best loss: 0.314254
[2025-02-22 14:55:52;INFO]----------------------------------------------------------------------------------------------------

[2025-02-22 14:55:52;INFO]Current Epoch: 12 / 500 | Learning Rate : 5.4496737905819274e-05
[2025-02-22 14:56:11;INFO]Train | Loss : 0.391041 | ACC : 3355/3360 (99.851%)
[2025-02-22 14:56:14;INFO]Valid | Loss : 0.623091 | ACC : 1223/1440 (84.931%)
[2025-02-22 14:56:14;INFO]      | Loss didn't drop!

[2025-02-22 14:56:14;INFO]best epoch: 11, best loss: 0.314254
[2025-02-22 14:56:14;INFO]----------------------------------------------------------------------------------------------------

[2025-02-22 14:56:14;INFO]Current Epoch: 13 / 500 | Learning Rate : 0.0009045084971875242
[2025-02-22 14:56:33;INFO]Train | Loss : 0.389024 | ACC : 3356/3360 (99.881%)
[2025-02-22 14:56:35;INFO]Valid | Loss : 0.613882 | ACC : 1190/1440 (82.639%)
[2025-02-22 14:56:35;INFO]      | Loss didn't drop!

[2025-02-22 14:56:35;INFO]best epoch: 11, best loss: 0.314254
[2025-02-22 14:56:35;INFO]----------------------------------------------------------------------------------------------------

[2025-02-22 14:56:35;INFO]Current Epoch: 14 / 500 | Learning Rate : 0.0005782172325201451
[2025-02-22 14:56:54;INFO]Train | Loss : 0.396259 | ACC : 3347/3360 (99.613%)
[2025-02-22 14:56:57;INFO]Valid | Loss : 0.269519 | ACC : 1438/1440 (99.861%)
[2025-02-22 14:56:57;INFO]      | Loss dropped from 0.314254 to 0.269519, model has been saved!

[2025-02-22 14:56:57;INFO]best epoch: 14, best loss: 0.269519
[2025-02-22 14:56:57;INFO]----------------------------------------------------------------------------------------------------

[2025-02-22 14:56:57;INFO]Current Epoch: 15 / 500 | Learning Rate : 2.4471741852424627e-05
[2025-02-22 14:57:16;INFO]Train | Loss : 0.330183 | ACC : 3360/3360 (100.000%)
[2025-02-22 14:57:19;INFO]Valid | Loss : 0.395014 | ACC : 1361/1440 (94.514%)
[2025-02-22 14:57:19;INFO]      | Loss didn't drop!

[2025-02-22 14:57:19;INFO]best epoch: 14, best loss: 0.269519
[2025-02-22 14:57:19;INFO]----------------------------------------------------------------------------------------------------

[2025-02-22 14:57:19;INFO]Current Epoch: 16 / 500 | Learning Rate : 0.0008535533905933295
[2025-02-22 14:57:38;INFO]Train | Loss : 0.306370 | ACC : 3360/3360 (100.000%)
[2025-02-22 14:57:41;INFO]Valid | Loss : 0.534406 | ACC : 1236/1440 (85.833%)
[2025-02-22 14:57:41;INFO]      | Loss didn't drop!

[2025-02-22 14:57:41;INFO]best epoch: 14, best loss: 0.269519
[2025-02-22 14:57:41;INFO]----------------------------------------------------------------------------------------------------

[2025-02-22 14:57:41;INFO]Current Epoch: 17 / 500 | Learning Rate : 0.0006545084971875135
[2025-02-22 14:58:00;INFO]Train | Loss : 0.335324 | ACC : 3359/3360 (99.970%)
[2025-02-22 14:58:02;INFO]Valid | Loss : 0.266162 | ACC : 1438/1440 (99.861%)
[2025-02-22 14:58:02;INFO]      | Loss dropped from 0.269519 to 0.266162, model has been saved!

[2025-02-22 14:58:02;INFO]best epoch: 17, best loss: 0.266162
[2025-02-22 14:58:02;INFO]----------------------------------------------------------------------------------------------------

[2025-02-22 14:58:02;INFO]Current Epoch: 18 / 500 | Learning Rate : 6.155829702431559e-06
[2025-02-22 14:58:21;INFO]Train | Loss : 0.307176 | ACC : 3360/3360 (100.000%)
[2025-02-22 14:58:24;INFO]Valid | Loss : 0.726434 | ACC : 1156/1440 (80.278%)
[2025-02-22 14:58:24;INFO]      | Loss didn't drop!

[2025-02-22 14:58:24;INFO]best epoch: 17, best loss: 0.266162
[2025-02-22 14:58:24;INFO]----------------------------------------------------------------------------------------------------

[2025-02-22 14:58:24;INFO]Current Epoch: 19 / 500 | Learning Rate : 0.0007938926261462138
[2025-02-22 14:58:43;INFO]Train | Loss : 0.296237 | ACC : 3348/3360 (99.643%)
[2025-02-22 14:58:46;INFO]Valid | Loss : 0.491828 | ACC : 1286/1440 (89.306%)
[2025-02-22 14:58:46;INFO]      | Loss didn't drop!

[2025-02-22 14:58:46;INFO]best epoch: 17, best loss: 0.266162
[2025-02-22 14:58:46;INFO]----------------------------------------------------------------------------------------------------

[2025-02-22 14:58:46;INFO]Current Epoch: 20 / 500 | Learning Rate : 0.0007269952498698281
[2025-02-22 14:59:05;INFO]Train | Loss : 0.302113 | ACC : 3353/3360 (99.792%)
[2025-02-22 14:59:07;INFO]Valid | Loss : 0.223247 | ACC : 1439/1440 (99.931%)
[2025-02-22 14:59:07;INFO]      | Loss dropped from 0.266162 to 0.223247, model has been saved!

[2025-02-22 14:59:07;INFO]best epoch: 20, best loss: 0.223247
[2025-02-22 14:59:07;INFO]----------------------------------------------------------------------------------------------------

[2025-02-22 14:59:07;INFO]Current Epoch: 21 / 500 | Learning Rate : 0.0
[2025-02-22 14:59:26;INFO]Train | Loss : 0.274673 | ACC : 3357/3360 (99.911%)
[2025-02-22 14:59:29;INFO]Valid | Loss : 0.647814 | ACC : 1176/1440 (81.667%)
[2025-02-22 14:59:29;INFO]      | Loss didn't drop!

[2025-02-22 14:59:29;INFO]best epoch: 20, best loss: 0.223247
[2025-02-22 14:59:29;INFO]----------------------------------------------------------------------------------------------------

[2025-02-22 14:59:29;INFO]Current Epoch: 22 / 500 | Learning Rate : 0.0007269952498697626
[2025-02-22 14:59:48;INFO]Train | Loss : 0.265409 | ACC : 3359/3360 (99.970%)
[2025-02-22 14:59:51;INFO]Valid | Loss : 0.941488 | ACC : 1029/1440 (71.458%)
[2025-02-22 14:59:51;INFO]      | Loss didn't drop!

[2025-02-22 14:59:51;INFO]best epoch: 20, best loss: 0.223247
[2025-02-22 14:59:51;INFO]----------------------------------------------------------------------------------------------------

[2025-02-22 14:59:51;INFO]Current Epoch: 23 / 500 | Learning Rate : 0.000793892626146293
[2025-02-22 15:00:10;INFO]Train | Loss : 0.278512 | ACC : 3357/3360 (99.911%)
[2025-02-22 15:00:12;INFO]Valid | Loss : 0.227652 | ACC : 1437/1440 (99.792%)
[2025-02-22 15:00:12;INFO]      | Loss didn't drop!

[2025-02-22 15:00:12;INFO]best epoch: 20, best loss: 0.223247
[2025-02-22 15:00:12;INFO]----------------------------------------------------------------------------------------------------

[2025-02-22 15:00:12;INFO]Current Epoch: 24 / 500 | Learning Rate : 6.155829702431115e-06
[2025-02-22 15:00:31;INFO]Train | Loss : 0.246523 | ACC : 3356/3360 (99.881%)
[2025-02-22 15:00:34;INFO]Valid | Loss : 0.380668 | ACC : 1343/1440 (93.264%)
[2025-02-22 15:00:34;INFO]      | Loss didn't drop!

[2025-02-22 15:00:34;INFO]best epoch: 20, best loss: 0.223247
[2025-02-22 15:00:34;INFO]----------------------------------------------------------------------------------------------------

[2025-02-22 15:00:34;INFO]Current Epoch: 25 / 500 | Learning Rate : 0.0006545084971874731
[2025-02-22 15:00:53;INFO]Train | Loss : 0.240275 | ACC : 3360/3360 (100.000%)
[2025-02-22 15:00:56;INFO]Valid | Loss : 0.313074 | ACC : 1397/1440 (97.014%)
[2025-02-22 15:00:56;INFO]      | Loss didn't drop!

[2025-02-22 15:00:56;INFO]best epoch: 20, best loss: 0.223247
[2025-02-22 15:00:56;INFO]----------------------------------------------------------------------------------------------------

[2025-02-22 15:00:56;INFO]Current Epoch: 26 / 500 | Learning Rate : 0.0008535533905931913
[2025-02-22 15:01:15;INFO]Train | Loss : 0.239383 | ACC : 3359/3360 (99.970%)
[2025-02-22 15:01:18;INFO]Valid | Loss : 0.171336 | ACC : 1440/1440 (100.000%)
[2025-02-22 15:01:18;INFO]      | Loss dropped from 0.223247 to 0.171336, model has been saved!

[2025-02-22 15:01:18;INFO]best epoch: 26, best loss: 0.171336
[2025-02-22 15:01:18;INFO]----------------------------------------------------------------------------------------------------

[2025-02-22 15:01:18;INFO]Current Epoch: 27 / 500 | Learning Rate : 2.447174185242207e-05
[2025-02-22 15:01:37;INFO]Train | Loss : 0.231358 | ACC : 3360/3360 (100.000%)
[2025-02-22 15:01:39;INFO]Valid | Loss : 0.834019 | ACC : 1085/1440 (75.347%)
[2025-02-22 15:01:39;INFO]      | Loss didn't drop!

[2025-02-22 15:01:39;INFO]best epoch: 26, best loss: 0.171336
[2025-02-22 15:01:39;INFO]----------------------------------------------------------------------------------------------------

[2025-02-22 15:01:39;INFO]Current Epoch: 28 / 500 | Learning Rate : 0.0005782172325201193
[2025-02-22 15:01:58;INFO]Train | Loss : 0.230694 | ACC : 3358/3360 (99.940%)
[2025-02-22 15:02:01;INFO]Valid | Loss : 0.906525 | ACC : 1013/1440 (70.347%)
[2025-02-22 15:02:01;INFO]      | Loss didn't drop!

[2025-02-22 15:02:01;INFO]best epoch: 26, best loss: 0.171336
[2025-02-22 15:02:01;INFO]----------------------------------------------------------------------------------------------------

[2025-02-22 15:02:01;INFO]Current Epoch: 29 / 500 | Learning Rate : 0.0009045084971873921
[2025-02-22 15:02:20;INFO]Train | Loss : 0.232355 | ACC : 3355/3360 (99.851%)
[2025-02-22 15:02:23;INFO]Valid | Loss : 0.194366 | ACC : 1426/1440 (99.028%)
[2025-02-22 15:02:23;INFO]      | Loss didn't drop!

[2025-02-22 15:02:23;INFO]best epoch: 26, best loss: 0.171336
[2025-02-22 15:02:23;INFO]----------------------------------------------------------------------------------------------------

[2025-02-22 15:02:23;INFO]Current Epoch: 30 / 500 | Learning Rate : 5.449673790581317e-05
[2025-02-22 15:02:42;INFO]Train | Loss : 0.211989 | ACC : 3360/3360 (100.000%)
[2025-02-22 15:02:45;INFO]Valid | Loss : 0.465117 | ACC : 1214/1440 (84.306%)
[2025-02-22 15:02:45;INFO]      | Loss didn't drop!

[2025-02-22 15:02:45;INFO]best epoch: 26, best loss: 0.171336
[2025-02-22 15:02:45;INFO]----------------------------------------------------------------------------------------------------

[2025-02-22 15:02:45;INFO]Current Epoch: 31 / 500 | Learning Rate : 0.0005000000000000051
[2025-02-22 15:03:04;INFO]Train | Loss : 0.194332 | ACC : 3360/3360 (100.000%)
[2025-02-22 15:03:07;INFO]Valid | Loss : 0.520030 | ACC : 1199/1440 (83.264%)
[2025-02-22 15:03:07;INFO]      | Loss didn't drop!

[2025-02-22 15:03:07;INFO]best epoch: 26, best loss: 0.171336
[2025-02-22 15:03:07;INFO]----------------------------------------------------------------------------------------------------

[2025-02-22 15:03:07;INFO]Current Epoch: 32 / 500 | Learning Rate : 0.0009455032620944383
[2025-02-22 15:03:26;INFO]Train | Loss : 0.222840 | ACC : 3354/3360 (99.821%)
[2025-02-22 15:03:28;INFO]Valid | Loss : 0.144875 | ACC : 1435/1440 (99.653%)
[2025-02-22 15:03:28;INFO]      | Loss dropped from 0.171336 to 0.144875, model has been saved!

[2025-02-22 15:03:28;INFO]best epoch: 32, best loss: 0.144875
[2025-02-22 15:03:28;INFO]----------------------------------------------------------------------------------------------------

[2025-02-22 15:03:28;INFO]Current Epoch: 33 / 500 | Learning Rate : 9.54915028125428e-05
[2025-02-22 15:03:48;INFO]Train | Loss : 0.192774 | ACC : 3360/3360 (100.000%)
[2025-02-22 15:03:50;INFO]Valid | Loss : 0.201254 | ACC : 1440/1440 (100.000%)
[2025-02-22 15:03:50;INFO]      | Loss didn't drop!

[2025-02-22 15:03:50;INFO]best epoch: 32, best loss: 0.144875
[2025-02-22 15:03:50;INFO]----------------------------------------------------------------------------------------------------

[2025-02-22 15:03:50;INFO]Current Epoch: 34 / 500 | Learning Rate : 0.0004217827674799659
[2025-02-22 15:04:09;INFO]Train | Loss : 0.181682 | ACC : 3360/3360 (100.000%)
[2025-02-22 15:04:12;INFO]Valid | Loss : 0.962136 | ACC : 933/1440 (64.792%)
[2025-02-22 15:04:12;INFO]      | Loss didn't drop!

[2025-02-22 15:04:12;INFO]best epoch: 32, best loss: 0.144875
[2025-02-22 15:04:12;INFO]----------------------------------------------------------------------------------------------------

[2025-02-22 15:04:12;INFO]Current Epoch: 35 / 500 | Learning Rate : 0.0009755282581476737
[2025-02-22 15:04:31;INFO]Train | Loss : 0.234743 | ACC : 3350/3360 (99.702%)
[2025-02-22 15:04:34;INFO]Valid | Loss : 0.140646 | ACC : 1440/1440 (100.000%)
[2025-02-22 15:04:34;INFO]      | Loss dropped from 0.144875 to 0.140646, model has been saved!

[2025-02-22 15:04:34;INFO]best epoch: 35, best loss: 0.140646
[2025-02-22 15:04:34;INFO]----------------------------------------------------------------------------------------------------

[2025-02-22 15:04:34;INFO]Current Epoch: 36 / 500 | Learning Rate : 0.00014644660940671826
[2025-02-22 15:04:53;INFO]Train | Loss : 0.199762 | ACC : 3359/3360 (99.970%)
[2025-02-22 15:04:56;INFO]Valid | Loss : 0.328381 | ACC : 1316/1440 (91.389%)
[2025-02-22 15:04:56;INFO]      | Loss didn't drop!

[2025-02-22 15:04:56;INFO]best epoch: 35, best loss: 0.140646
[2025-02-22 15:04:56;INFO]----------------------------------------------------------------------------------------------------

[2025-02-22 15:04:56;INFO]Current Epoch: 37 / 500 | Learning Rate : 0.0003454915028125272
[2025-02-22 15:05:15;INFO]Train | Loss : 0.185003 | ACC : 3356/3360 (99.881%)
[2025-02-22 15:05:17;INFO]Valid | Loss : 0.921672 | ACC : 1125/1440 (78.125%)
[2025-02-22 15:05:17;INFO]      | Loss didn't drop!

[2025-02-22 15:05:17;INFO]best epoch: 35, best loss: 0.140646
[2025-02-22 15:05:17;INFO]----------------------------------------------------------------------------------------------------

[2025-02-22 15:05:17;INFO]Current Epoch: 38 / 500 | Learning Rate : 0.000993844170297854
[2025-02-22 15:05:37;INFO]Train | Loss : 0.193237 | ACC : 3357/3360 (99.911%)
[2025-02-22 15:05:39;INFO]Valid | Loss : 0.141489 | ACC : 1437/1440 (99.792%)
[2025-02-22 15:05:39;INFO]      | Loss didn't drop!

[2025-02-22 15:05:39;INFO]best epoch: 35, best loss: 0.140646
[2025-02-22 15:05:39;INFO]----------------------------------------------------------------------------------------------------

[2025-02-22 15:05:39;INFO]Current Epoch: 39 / 500 | Learning Rate : 0.00020610737385380826
[2025-02-22 15:05:58;INFO]Train | Loss : 0.175388 | ACC : 3358/3360 (99.940%)
[2025-02-22 15:06:01;INFO]Valid | Loss : 0.393538 | ACC : 1290/1440 (89.583%)
[2025-02-22 15:06:01;INFO]      | Loss didn't drop!

[2025-02-22 15:06:01;INFO]best epoch: 35, best loss: 0.140646
[2025-02-22 15:06:01;INFO]----------------------------------------------------------------------------------------------------

[2025-02-22 15:06:01;INFO]Current Epoch: 40 / 500 | Learning Rate : 0.0002730047501302881
[2025-02-22 15:06:20;INFO]Train | Loss : 0.159521 | ACC : 3360/3360 (100.000%)
[2025-02-22 15:06:23;INFO]Valid | Loss : 0.799639 | ACC : 1084/1440 (75.278%)
[2025-02-22 15:06:23;INFO]      | Loss didn't drop!

[2025-02-22 15:06:23;INFO]best epoch: 35, best loss: 0.140646
[2025-02-22 15:06:23;INFO]----------------------------------------------------------------------------------------------------

[2025-02-22 15:06:23;INFO]Current Epoch: 41 / 500 | Learning Rate : 0.0010000000000001173
[2025-02-22 15:06:42;INFO]Train | Loss : 0.165629 | ACC : 3359/3360 (99.970%)
[2025-02-22 15:06:45;INFO]Valid | Loss : 0.116090 | ACC : 1440/1440 (100.000%)
[2025-02-22 15:06:45;INFO]      | Loss dropped from 0.140646 to 0.116090, model has been saved!

[2025-02-22 15:06:45;INFO]best epoch: 41, best loss: 0.116090
[2025-02-22 15:06:45;INFO]----------------------------------------------------------------------------------------------------

[2025-02-22 15:06:45;INFO]Current Epoch: 42 / 500 | Learning Rate : 0.000273004750130229
[2025-02-22 15:07:04;INFO]Train | Loss : 0.156818 | ACC : 3358/3360 (99.940%)
[2025-02-22 15:07:06;INFO]Valid | Loss : 0.280478 | ACC : 1365/1440 (94.792%)
[2025-02-22 15:07:06;INFO]      | Loss didn't drop!

[2025-02-22 15:07:06;INFO]best epoch: 41, best loss: 0.116090
[2025-02-22 15:07:06;INFO]----------------------------------------------------------------------------------------------------

[2025-02-22 15:07:06;INFO]Current Epoch: 43 / 500 | Learning Rate : 0.00020610737385377267
[2025-02-22 15:07:26;INFO]Train | Loss : 0.150265 | ACC : 3360/3360 (100.000%)
[2025-02-22 15:07:28;INFO]Valid | Loss : 0.984889 | ACC : 1062/1440 (73.750%)
[2025-02-22 15:07:28;INFO]      | Loss didn't drop!

[2025-02-22 15:07:28;INFO]best epoch: 41, best loss: 0.116090
[2025-02-22 15:07:28;INFO]----------------------------------------------------------------------------------------------------

[2025-02-22 15:07:28;INFO]Current Epoch: 44 / 500 | Learning Rate : 0.0009938441702975066
[2025-02-22 15:07:47;INFO]Train | Loss : 0.156621 | ACC : 3357/3360 (99.911%)
[2025-02-22 15:07:50;INFO]Valid | Loss : 0.124191 | ACC : 1434/1440 (99.583%)
[2025-02-22 15:07:50;INFO]      | Loss didn't drop!

[2025-02-22 15:07:50;INFO]best epoch: 41, best loss: 0.116090
[2025-02-22 15:07:50;INFO]----------------------------------------------------------------------------------------------------

[2025-02-22 15:07:50;INFO]Current Epoch: 45 / 500 | Learning Rate : 0.0003454915028125993
[2025-02-22 15:08:09;INFO]Train | Loss : 0.145542 | ACC : 3359/3360 (99.970%)
[2025-02-22 15:08:12;INFO]Valid | Loss : 0.252027 | ACC : 1355/1440 (94.097%)
[2025-02-22 15:08:12;INFO]      | Loss didn't drop!

[2025-02-22 15:08:12;INFO]best epoch: 41, best loss: 0.116090
[2025-02-22 15:08:12;INFO]----------------------------------------------------------------------------------------------------

[2025-02-22 15:08:12;INFO]Current Epoch: 46 / 500 | Learning Rate : 0.00014644660940675832
[2025-02-22 15:08:31;INFO]Train | Loss : 0.145777 | ACC : 3358/3360 (99.940%)
[2025-02-22 15:08:34;INFO]Valid | Loss : 0.765762 | ACC : 1187/1440 (82.431%)
[2025-02-22 15:08:34;INFO]      | Loss didn't drop!

[2025-02-22 15:08:34;INFO]best epoch: 41, best loss: 0.116090
[2025-02-22 15:08:34;INFO]----------------------------------------------------------------------------------------------------

[2025-02-22 15:08:34;INFO]Current Epoch: 47 / 500 | Learning Rate : 0.0009755282581477
[2025-02-22 15:08:53;INFO]Train | Loss : 0.176838 | ACC : 3345/3360 (99.554%)
[2025-02-22 15:08:55;INFO]Valid | Loss : 0.155442 | ACC : 1410/1440 (97.917%)
[2025-02-22 15:08:55;INFO]      | Loss didn't drop!

[2025-02-22 15:08:55;INFO]best epoch: 41, best loss: 0.116090
[2025-02-22 15:08:55;INFO]----------------------------------------------------------------------------------------------------

[2025-02-22 15:08:55;INFO]Current Epoch: 48 / 500 | Learning Rate : 0.0004217827674799015
[2025-02-22 15:09:14;INFO]Train | Loss : 0.162994 | ACC : 3352/3360 (99.762%)
[2025-02-22 15:09:17;INFO]Valid | Loss : 0.140702 | ACC : 1429/1440 (99.236%)
[2025-02-22 15:09:17;INFO]      | Loss didn't drop!

[2025-02-22 15:09:17;INFO]best epoch: 41, best loss: 0.116090
[2025-02-22 15:09:17;INFO]----------------------------------------------------------------------------------------------------

[2025-02-22 15:09:17;INFO]Current Epoch: 49 / 500 | Learning Rate : 9.549150281253623e-05
[2025-02-22 15:09:36;INFO]Train | Loss : 0.131896 | ACC : 3360/3360 (100.000%)
[2025-02-22 15:09:39;INFO]Valid | Loss : 0.249481 | ACC : 1395/1440 (96.875%)
[2025-02-22 15:09:39;INFO]      | Loss didn't drop!

[2025-02-22 15:09:39;INFO]best epoch: 41, best loss: 0.116090
[2025-02-22 15:09:39;INFO]----------------------------------------------------------------------------------------------------

[2025-02-22 15:09:39;INFO]Current Epoch: 50 / 500 | Learning Rate : 0.0009455032620941462
[2025-02-22 15:09:58;INFO]Train | Loss : 0.134685 | ACC : 3359/3360 (99.970%)
[2025-02-22 15:10:01;INFO]Valid | Loss : 0.172981 | ACC : 1428/1440 (99.167%)
[2025-02-22 15:10:01;INFO]      | Loss didn't drop!

[2025-02-22 15:10:01;INFO]best epoch: 41, best loss: 0.116090
[2025-02-22 15:10:01;INFO]----------------------------------------------------------------------------------------------------

[2025-02-22 15:10:01;INFO]Current Epoch: 51 / 500 | Learning Rate : 0.0004999999999999381
[2025-02-22 15:10:20;INFO]Train | Loss : 0.139585 | ACC : 3357/3360 (99.911%)
[2025-02-22 15:10:23;INFO]Valid | Loss : 0.120612 | ACC : 1420/1440 (98.611%)
[2025-02-22 15:10:23;INFO]      | Loss didn't drop!

[2025-02-22 15:10:23;INFO]best epoch: 41, best loss: 0.116090
[2025-02-22 15:10:23;INFO]----------------------------------------------------------------------------------------------------

[2025-02-22 15:10:23;INFO]Current Epoch: 52 / 500 | Learning Rate : 5.4496737905805545e-05
[2025-02-22 15:10:42;INFO]Train | Loss : 0.114387 | ACC : 3360/3360 (100.000%)
[2025-02-22 15:10:44;INFO]Valid | Loss : 0.170627 | ACC : 1436/1440 (99.722%)
[2025-02-22 15:10:44;INFO]      | Loss didn't drop!

[2025-02-22 15:10:44;INFO]best epoch: 41, best loss: 0.116090
[2025-02-22 15:10:44;INFO]----------------------------------------------------------------------------------------------------

[2025-02-22 15:10:44;INFO]Current Epoch: 53 / 500 | Learning Rate : 0.0009045084971875998
[2025-02-22 15:11:03;INFO]Train | Loss : 0.119626 | ACC : 3359/3360 (99.970%)
[2025-02-22 15:11:06;INFO]Valid | Loss : 0.206072 | ACC : 1371/1440 (95.208%)
[2025-02-22 15:11:06;INFO]      | Loss didn't drop!

[2025-02-22 15:11:06;INFO]best epoch: 41, best loss: 0.116090
[2025-02-22 15:11:06;INFO]----------------------------------------------------------------------------------------------------

[2025-02-22 15:11:06;INFO]Current Epoch: 54 / 500 | Learning Rate : 0.000578217232520142
[2025-02-22 15:11:25;INFO]Train | Loss : 0.121047 | ACC : 3360/3360 (100.000%)
[2025-02-22 15:11:28;INFO]Valid | Loss : 0.102665 | ACC : 1440/1440 (100.000%)
[2025-02-22 15:11:28;INFO]      | Loss dropped from 0.116090 to 0.102665, model has been saved!

[2025-02-22 15:11:28;INFO]best epoch: 54, best loss: 0.102665
[2025-02-22 15:11:28;INFO]----------------------------------------------------------------------------------------------------

[2025-02-22 15:11:28;INFO]Current Epoch: 55 / 500 | Learning Rate : 2.4471741852430055e-05
[2025-02-22 15:11:47;INFO]Train | Loss : 0.115620 | ACC : 3360/3360 (100.000%)
[2025-02-22 15:11:50;INFO]Valid | Loss : 0.165994 | ACC : 1432/1440 (99.444%)
[2025-02-22 15:11:50;INFO]      | Loss didn't drop!

[2025-02-22 15:11:50;INFO]best epoch: 54, best loss: 0.102665
[2025-02-22 15:11:50;INFO]----------------------------------------------------------------------------------------------------

[2025-02-22 15:11:50;INFO]Current Epoch: 56 / 500 | Learning Rate : 0.0008535533905935419
[2025-02-22 15:12:09;INFO]Train | Loss : 0.130617 | ACC : 3355/3360 (99.851%)
[2025-02-22 15:12:12;INFO]Valid | Loss : 0.431749 | ACC : 1205/1440 (83.681%)
[2025-02-22 15:12:12;INFO]      | Loss didn't drop!

[2025-02-22 15:12:12;INFO]best epoch: 54, best loss: 0.102665
[2025-02-22 15:12:12;INFO]----------------------------------------------------------------------------------------------------

[2025-02-22 15:12:12;INFO]Current Epoch: 57 / 500 | Learning Rate : 0.00065450849718739
[2025-02-22 15:12:31;INFO]Train | Loss : 0.159506 | ACC : 3359/3360 (99.970%)
[2025-02-22 15:12:33;INFO]Valid | Loss : 0.186711 | ACC : 1398/1440 (97.083%)
[2025-02-22 15:12:33;INFO]      | Loss didn't drop!

[2025-02-22 15:12:33;INFO]best epoch: 54, best loss: 0.102665
[2025-02-22 15:12:33;INFO]----------------------------------------------------------------------------------------------------

[2025-02-22 15:12:33;INFO]Current Epoch: 58 / 500 | Learning Rate : 6.155829702430338e-06
[2025-02-22 15:12:52;INFO]Train | Loss : 0.120485 | ACC : 3360/3360 (100.000%)
[2025-02-22 15:12:55;INFO]Valid | Loss : 0.288005 | ACC : 1334/1440 (92.639%)
[2025-02-22 15:12:55;INFO]      | Loss didn't drop!

[2025-02-22 15:12:55;INFO]best epoch: 54, best loss: 0.102665
[2025-02-22 15:12:55;INFO]----------------------------------------------------------------------------------------------------

[2025-02-22 15:12:55;INFO]Current Epoch: 59 / 500 | Learning Rate : 0.0007938926261463684
[2025-02-22 15:13:14;INFO]Train | Loss : 0.107153 | ACC : 3358/3360 (99.940%)
[2025-02-22 15:13:17;INFO]Valid | Loss : 0.254433 | ACC : 1349/1440 (93.681%)
[2025-02-22 15:13:17;INFO]      | Loss didn't drop!

[2025-02-22 15:13:17;INFO]best epoch: 54, best loss: 0.102665
[2025-02-22 15:13:17;INFO]----------------------------------------------------------------------------------------------------

[2025-02-22 15:13:17;INFO]Current Epoch: 60 / 500 | Learning Rate : 0.0007269952498698092
[2025-02-22 15:13:36;INFO]Train | Loss : 0.120576 | ACC : 3359/3360 (99.970%)
[2025-02-22 15:13:39;INFO]Valid | Loss : 0.096015 | ACC : 1439/1440 (99.931%)
[2025-02-22 15:13:39;INFO]      | Loss dropped from 0.102665 to 0.096015, model has been saved!

[2025-02-22 15:13:39;INFO]best epoch: 60, best loss: 0.096015
[2025-02-22 15:13:39;INFO]----------------------------------------------------------------------------------------------------

[2025-02-22 15:13:39;INFO]Current Epoch: 61 / 500 | Learning Rate : 0.0
[2025-02-22 15:13:58;INFO]Train | Loss : 0.102723 | ACC : 3360/3360 (100.000%)
[2025-02-22 15:14:00;INFO]Valid | Loss : 0.471245 | ACC : 1344/1440 (93.333%)
[2025-02-22 15:14:00;INFO]      | Loss didn't drop!

[2025-02-22 15:14:00;INFO]best epoch: 60, best loss: 0.096015
[2025-02-22 15:14:00;INFO]----------------------------------------------------------------------------------------------------

[2025-02-22 15:14:00;INFO]Current Epoch: 62 / 500 | Learning Rate : 0.0007269952498700238
[2025-02-22 15:14:20;INFO]Train | Loss : 0.108796 | ACC : 3360/3360 (100.000%)
[2025-02-22 15:14:22;INFO]Valid | Loss : 0.477232 | ACC : 1189/1440 (82.569%)
[2025-02-22 15:14:22;INFO]      | Loss didn't drop!

[2025-02-22 15:14:22;INFO]best epoch: 60, best loss: 0.096015
[2025-02-22 15:14:22;INFO]----------------------------------------------------------------------------------------------------

[2025-02-22 15:14:22;INFO]Current Epoch: 63 / 500 | Learning Rate : 0.0007938926261461445
[2025-02-22 15:14:41;INFO]Train | Loss : 0.109036 | ACC : 3358/3360 (99.940%)
[2025-02-22 15:14:44;INFO]Valid | Loss : 0.160804 | ACC : 1369/1440 (95.069%)
[2025-02-22 15:14:44;INFO]      | Loss didn't drop!

[2025-02-22 15:14:44;INFO]best epoch: 60, best loss: 0.096015
[2025-02-22 15:14:44;INFO]----------------------------------------------------------------------------------------------------

[2025-02-22 15:14:44;INFO]Current Epoch: 64 / 500 | Learning Rate : 6.155829702431115e-06
[2025-02-22 15:15:03;INFO]Train | Loss : 0.107319 | ACC : 3359/3360 (99.970%)
[2025-02-22 15:15:06;INFO]Valid | Loss : 0.142976 | ACC : 1423/1440 (98.819%)
[2025-02-22 15:15:06;INFO]      | Loss didn't drop!

[2025-02-22 15:15:06;INFO]best epoch: 60, best loss: 0.096015
[2025-02-22 15:15:06;INFO]----------------------------------------------------------------------------------------------------

[2025-02-22 15:15:06;INFO]Current Epoch: 65 / 500 | Learning Rate : 0.0006545084971875851
[2025-02-22 15:15:25;INFO]Train | Loss : 0.105792 | ACC : 3359/3360 (99.970%)
[2025-02-22 15:15:28;INFO]Valid | Loss : 0.519333 | ACC : 1175/1440 (81.597%)
[2025-02-22 15:15:28;INFO]      | Loss didn't drop!

[2025-02-22 15:15:28;INFO]best epoch: 60, best loss: 0.096015
[2025-02-22 15:15:28;INFO]----------------------------------------------------------------------------------------------------

[2025-02-22 15:15:28;INFO]Current Epoch: 66 / 500 | Learning Rate : 0.0008535533905930243
[2025-02-22 15:15:47;INFO]Train | Loss : 0.108556 | ACC : 3360/3360 (100.000%)
[2025-02-22 15:15:49;INFO]Valid | Loss : 0.080669 | ACC : 1440/1440 (100.000%)
[2025-02-22 15:15:49;INFO]      | Loss dropped from 0.096015 to 0.080669, model has been saved!

[2025-02-22 15:15:49;INFO]best epoch: 66, best loss: 0.080669
[2025-02-22 15:15:49;INFO]----------------------------------------------------------------------------------------------------

[2025-02-22 15:15:49;INFO]Current Epoch: 67 / 500 | Learning Rate : 2.4471741852422127e-05
[2025-02-22 15:16:08;INFO]Train | Loss : 0.094127 | ACC : 3360/3360 (100.000%)
[2025-02-22 15:16:11;INFO]Valid | Loss : 0.193887 | ACC : 1398/1440 (97.083%)
[2025-02-22 15:16:11;INFO]      | Loss didn't drop!

[2025-02-22 15:16:11;INFO]best epoch: 66, best loss: 0.080669
[2025-02-22 15:16:11;INFO]----------------------------------------------------------------------------------------------------

[2025-02-22 15:16:11;INFO]Current Epoch: 68 / 500 | Learning Rate : 0.0005782172325201116
[2025-02-22 15:16:30;INFO]Train | Loss : 0.089805 | ACC : 3357/3360 (99.911%)
[2025-02-22 15:16:33;INFO]Valid | Loss : 0.518598 | ACC : 1326/1440 (92.083%)
[2025-02-22 15:16:33;INFO]      | Loss didn't drop!

[2025-02-22 15:16:33;INFO]best epoch: 66, best loss: 0.080669
[2025-02-22 15:16:33;INFO]----------------------------------------------------------------------------------------------------

[2025-02-22 15:16:33;INFO]Current Epoch: 69 / 500 | Learning Rate : 0.00090450849718771
[2025-02-22 15:16:52;INFO]Train | Loss : 0.088184 | ACC : 3360/3360 (100.000%)
[2025-02-22 15:16:55;INFO]Valid | Loss : 0.061082 | ACC : 1440/1440 (100.000%)
[2025-02-22 15:16:55;INFO]      | Loss dropped from 0.080669 to 0.061082, model has been saved!

[2025-02-22 15:16:55;INFO]best epoch: 69, best loss: 0.061082
[2025-02-22 15:16:55;INFO]----------------------------------------------------------------------------------------------------

[2025-02-22 15:16:55;INFO]Current Epoch: 70 / 500 | Learning Rate : 5.4496737905806176e-05
[2025-02-22 15:17:14;INFO]Train | Loss : 0.089496 | ACC : 3360/3360 (100.000%)
[2025-02-22 15:17:16;INFO]Valid | Loss : 0.103552 | ACC : 1439/1440 (99.931%)
[2025-02-22 15:17:16;INFO]      | Loss didn't drop!

[2025-02-22 15:17:16;INFO]best epoch: 69, best loss: 0.061082
[2025-02-22 15:17:16;INFO]----------------------------------------------------------------------------------------------------

[2025-02-22 15:17:16;INFO]Current Epoch: 71 / 500 | Learning Rate : 0.0004999999999999316
[2025-02-22 15:17:35;INFO]Train | Loss : 0.082393 | ACC : 3360/3360 (100.000%)
[2025-02-22 15:17:38;INFO]Valid | Loss : 0.164442 | ACC : 1367/1440 (94.931%)
[2025-02-22 15:17:38;INFO]      | Loss didn't drop!

[2025-02-22 15:17:38;INFO]best epoch: 69, best loss: 0.061082
[2025-02-22 15:17:38;INFO]----------------------------------------------------------------------------------------------------

[2025-02-22 15:17:38;INFO]Current Epoch: 72 / 500 | Learning Rate : 0.0009455032620942705
[2025-02-22 15:17:57;INFO]Train | Loss : 0.101042 | ACC : 3356/3360 (99.881%)
[2025-02-22 15:18:00;INFO]Valid | Loss : 0.056259 | ACC : 1440/1440 (100.000%)
[2025-02-22 15:18:00;INFO]      | Loss dropped from 0.061082 to 0.056259, model has been saved!

[2025-02-22 15:18:00;INFO]best epoch: 72, best loss: 0.056259
[2025-02-22 15:18:00;INFO]----------------------------------------------------------------------------------------------------

[2025-02-22 15:18:00;INFO]Current Epoch: 73 / 500 | Learning Rate : 9.54915028125635e-05
[2025-02-22 15:18:19;INFO]Train | Loss : 0.093338 | ACC : 3360/3360 (100.000%)
[2025-02-22 15:18:22;INFO]Valid | Loss : 0.908832 | ACC : 1185/1440 (82.292%)
[2025-02-22 15:18:22;INFO]      | Loss didn't drop!

[2025-02-22 15:18:22;INFO]best epoch: 72, best loss: 0.056259
[2025-02-22 15:18:22;INFO]----------------------------------------------------------------------------------------------------

[2025-02-22 15:18:22;INFO]Current Epoch: 74 / 500 | Learning Rate : 0.00042178276748003097
[2025-02-22 15:18:41;INFO]Train | Loss : 0.084603 | ACC : 3360/3360 (100.000%)
[2025-02-22 15:18:43;INFO]Valid | Loss : 0.735829 | ACC : 1175/1440 (81.597%)
[2025-02-22 15:18:43;INFO]      | Loss didn't drop!

[2025-02-22 15:18:43;INFO]best epoch: 72, best loss: 0.056259
[2025-02-22 15:18:43;INFO]----------------------------------------------------------------------------------------------------

[2025-02-22 15:18:43;INFO]Current Epoch: 75 / 500 | Learning Rate : 0.0009755282581481951
[2025-02-22 15:19:02;INFO]Train | Loss : 0.097536 | ACC : 3355/3360 (99.851%)
[2025-02-22 15:19:05;INFO]Valid | Loss : 0.121702 | ACC : 1377/1440 (95.625%)
[2025-02-22 15:19:05;INFO]      | Loss didn't drop!

[2025-02-22 15:19:05;INFO]best epoch: 72, best loss: 0.056259
[2025-02-22 15:19:05;INFO]----------------------------------------------------------------------------------------------------

[2025-02-22 15:19:05;INFO]Current Epoch: 76 / 500 | Learning Rate : 0.00014644660940673983
[2025-02-22 15:19:24;INFO]Train | Loss : 0.087124 | ACC : 3360/3360 (100.000%)
[2025-02-22 15:19:27;INFO]Valid | Loss : 0.234891 | ACC : 1366/1440 (94.861%)
[2025-02-22 15:19:27;INFO]      | Loss didn't drop!

[2025-02-22 15:19:27;INFO]best epoch: 72, best loss: 0.056259
[2025-02-22 15:19:27;INFO]----------------------------------------------------------------------------------------------------

[2025-02-22 15:19:27;INFO]Current Epoch: 77 / 500 | Learning Rate : 0.00034549150281258255
[2025-02-22 15:19:46;INFO]Train | Loss : 0.077734 | ACC : 3359/3360 (99.970%)
[2025-02-22 15:19:49;INFO]Valid | Loss : 0.280574 | ACC : 1321/1440 (91.736%)
[2025-02-22 15:19:49;INFO]      | Loss didn't drop!

[2025-02-22 15:19:49;INFO]best epoch: 72, best loss: 0.056259
[2025-02-22 15:19:49;INFO]----------------------------------------------------------------------------------------------------

[2025-02-22 15:19:49;INFO]Current Epoch: 78 / 500 | Learning Rate : 0.0009938441702980277
[2025-02-22 15:20:08;INFO]Train | Loss : 0.082241 | ACC : 3358/3360 (99.940%)
[2025-02-22 15:20:10;INFO]Valid | Loss : 0.053589 | ACC : 1440/1440 (100.000%)
[2025-02-22 15:20:10;INFO]      | Loss dropped from 0.056259 to 0.053589, model has been saved!

[2025-02-22 15:20:10;INFO]best epoch: 78, best loss: 0.053589
[2025-02-22 15:20:10;INFO]----------------------------------------------------------------------------------------------------

[2025-02-22 15:20:10;INFO]Current Epoch: 79 / 500 | Learning Rate : 0.00020610737385375218
[2025-02-22 15:20:30;INFO]Train | Loss : 0.077015 | ACC : 3359/3360 (99.970%)
[2025-02-22 15:20:32;INFO]Valid | Loss : 0.334863 | ACC : 1343/1440 (93.264%)
[2025-02-22 15:20:32;INFO]      | Loss didn't drop!

[2025-02-22 15:20:32;INFO]best epoch: 78, best loss: 0.053589
[2025-02-22 15:20:32;INFO]----------------------------------------------------------------------------------------------------

[2025-02-22 15:20:32;INFO]Current Epoch: 80 / 500 | Learning Rate : 0.00027300475013024235
[2025-02-22 15:20:51;INFO]Train | Loss : 0.067433 | ACC : 3360/3360 (100.000%)
[2025-02-22 15:20:54;INFO]Valid | Loss : 0.092246 | ACC : 1437/1440 (99.792%)
[2025-02-22 15:20:54;INFO]      | Loss didn't drop!

[2025-02-22 15:20:54;INFO]best epoch: 78, best loss: 0.053589
[2025-02-22 15:20:54;INFO]----------------------------------------------------------------------------------------------------

[2025-02-22 15:20:54;INFO]Current Epoch: 81 / 500 | Learning Rate : 0.0010000000000002884
[2025-02-22 15:21:13;INFO]Train | Loss : 0.075831 | ACC : 3360/3360 (100.000%)
[2025-02-22 15:21:16;INFO]Valid | Loss : 0.085845 | ACC : 1417/1440 (98.403%)
[2025-02-22 15:21:16;INFO]      | Loss didn't drop!

[2025-02-22 15:21:16;INFO]best epoch: 78, best loss: 0.053589
[2025-02-22 15:21:16;INFO]----------------------------------------------------------------------------------------------------

[2025-02-22 15:21:16;INFO]Current Epoch: 82 / 500 | Learning Rate : 0.00027300475013019654
[2025-02-22 15:21:35;INFO]Train | Loss : 0.071588 | ACC : 3360/3360 (100.000%)
[2025-02-22 15:21:38;INFO]Valid | Loss : 0.825514 | ACC : 1176/1440 (81.667%)
[2025-02-22 15:21:38;INFO]      | Loss didn't drop!

[2025-02-22 15:21:38;INFO]best epoch: 78, best loss: 0.053589
[2025-02-22 15:21:38;INFO]----------------------------------------------------------------------------------------------------

[2025-02-22 15:21:38;INFO]Current Epoch: 83 / 500 | Learning Rate : 0.0002061073738537392
[2025-02-22 15:21:57;INFO]Train | Loss : 0.069646 | ACC : 3360/3360 (100.000%)
[2025-02-22 15:21:59;INFO]Valid | Loss : 0.541039 | ACC : 1260/1440 (87.500%)
[2025-02-22 15:21:59;INFO]      | Loss didn't drop!

[2025-02-22 15:21:59;INFO]best epoch: 78, best loss: 0.053589
[2025-02-22 15:21:59;INFO]----------------------------------------------------------------------------------------------------

[2025-02-22 15:21:59;INFO]Current Epoch: 84 / 500 | Learning Rate : 0.000993844170297687
[2025-02-22 15:22:18;INFO]Train | Loss : 0.073752 | ACC : 3360/3360 (100.000%)
[2025-02-22 15:22:21;INFO]Valid | Loss : 0.088200 | ACC : 1439/1440 (99.931%)
[2025-02-22 15:22:21;INFO]      | Loss didn't drop!

[2025-02-22 15:22:21;INFO]best epoch: 78, best loss: 0.053589
[2025-02-22 15:22:21;INFO]----------------------------------------------------------------------------------------------------

[2025-02-22 15:22:21;INFO]Current Epoch: 85 / 500 | Learning Rate : 0.00034549150281240273
[2025-02-22 15:22:40;INFO]Train | Loss : 0.074106 | ACC : 3360/3360 (100.000%)
[2025-02-22 15:22:43;INFO]Valid | Loss : 0.174884 | ACC : 1364/1440 (94.722%)
[2025-02-22 15:22:43;INFO]      | Loss didn't drop!

[2025-02-22 15:22:43;INFO]best epoch: 78, best loss: 0.053589
[2025-02-22 15:22:43;INFO]----------------------------------------------------------------------------------------------------

[2025-02-22 15:22:43;INFO]Current Epoch: 86 / 500 | Learning Rate : 0.00014644660940668278
[2025-02-22 15:23:02;INFO]Train | Loss : 0.070162 | ACC : 3358/3360 (99.940%)
[2025-02-22 15:23:05;INFO]Valid | Loss : 0.415824 | ACC : 1212/1440 (84.167%)
[2025-02-22 15:23:05;INFO]      | Loss didn't drop!

[2025-02-22 15:23:05;INFO]best epoch: 78, best loss: 0.053589
[2025-02-22 15:23:05;INFO]----------------------------------------------------------------------------------------------------

[2025-02-22 15:23:05;INFO]Current Epoch: 87 / 500 | Learning Rate : 0.0009755282581475176
[2025-02-22 15:23:24;INFO]Train | Loss : 0.083223 | ACC : 3357/3360 (99.911%)
[2025-02-22 15:23:26;INFO]Valid | Loss : 0.120927 | ACC : 1393/1440 (96.736%)
[2025-02-22 15:23:26;INFO]      | Loss didn't drop!

[2025-02-22 15:23:26;INFO]best epoch: 78, best loss: 0.053589
[2025-02-22 15:23:26;INFO]----------------------------------------------------------------------------------------------------

[2025-02-22 15:23:26;INFO]Current Epoch: 88 / 500 | Learning Rate : 0.00042178276747997106
[2025-02-22 15:23:46;INFO]Train | Loss : 0.075733 | ACC : 3360/3360 (100.000%)
[2025-02-22 15:23:48;INFO]Valid | Loss : 0.097960 | ACC : 1438/1440 (99.861%)
[2025-02-22 15:23:48;INFO]      | Loss didn't drop!

[2025-02-22 15:23:48;INFO]best epoch: 78, best loss: 0.053589
[2025-02-22 15:23:48;INFO]----------------------------------------------------------------------------------------------------

[2025-02-22 15:23:48;INFO]Current Epoch: 89 / 500 | Learning Rate : 9.549150281254918e-05
[2025-02-22 15:24:07;INFO]Train | Loss : 0.077746 | ACC : 3355/3360 (99.851%)
[2025-02-22 15:24:10;INFO]Valid | Loss : 0.860790 | ACC : 1142/1440 (79.306%)
[2025-02-22 15:24:10;INFO]      | Loss didn't drop!

[2025-02-22 15:24:10;INFO]best epoch: 78, best loss: 0.053589
[2025-02-22 15:24:10;INFO]----------------------------------------------------------------------------------------------------

[2025-02-22 15:24:10;INFO]Current Epoch: 90 / 500 | Learning Rate : 0.0009455032620946457
[2025-02-22 15:24:29;INFO]Train | Loss : 0.127283 | ACC : 3343/3360 (99.494%)
[2025-02-22 15:24:32;INFO]Valid | Loss : 0.256791 | ACC : 1325/1440 (92.014%)
[2025-02-22 15:24:32;INFO]      | Loss didn't drop!

[2025-02-22 15:24:32;INFO]best epoch: 78, best loss: 0.053589
[2025-02-22 15:24:32;INFO]----------------------------------------------------------------------------------------------------

[2025-02-22 15:24:32;INFO]Current Epoch: 91 / 500 | Learning Rate : 0.0005000000000003774
[2025-02-22 15:24:51;INFO]Train | Loss : 0.112826 | ACC : 3350/3360 (99.702%)
[2025-02-22 15:24:53;INFO]Valid | Loss : 0.141649 | ACC : 1379/1440 (95.764%)
[2025-02-22 15:24:53;INFO]      | Loss didn't drop!

[2025-02-22 15:24:53;INFO]best epoch: 78, best loss: 0.053589
[2025-02-22 15:24:53;INFO]----------------------------------------------------------------------------------------------------

[2025-02-22 15:24:53;INFO]Current Epoch: 92 / 500 | Learning Rate : 5.449673790587026e-05
[2025-02-22 15:25:12;INFO]Train | Loss : 0.072117 | ACC : 3360/3360 (100.000%)
[2025-02-22 15:25:15;INFO]Valid | Loss : 0.418731 | ACC : 1330/1440 (92.361%)
[2025-02-22 15:25:15;INFO]      | Loss didn't drop!

[2025-02-22 15:25:15;INFO]best epoch: 78, best loss: 0.053589
[2025-02-22 15:25:15;INFO]----------------------------------------------------------------------------------------------------

[2025-02-22 15:25:15;INFO]Current Epoch: 93 / 500 | Learning Rate : 0.0009045084971877587
[2025-02-22 15:25:34;INFO]Train | Loss : 0.063867 | ACC : 3360/3360 (100.000%)
[2025-02-22 15:25:37;INFO]Valid | Loss : 0.078059 | ACC : 1431/1440 (99.375%)
[2025-02-22 15:25:37;INFO]      | Loss didn't drop!

[2025-02-22 15:25:37;INFO]best epoch: 78, best loss: 0.053589
[2025-02-22 15:25:37;INFO]----------------------------------------------------------------------------------------------------

[2025-02-22 15:25:37;INFO]Current Epoch: 94 / 500 | Learning Rate : 0.0005782172325204569
[2025-02-22 15:25:56;INFO]Train | Loss : 0.062319 | ACC : 3359/3360 (99.970%)
[2025-02-22 15:25:58;INFO]Valid | Loss : 0.047915 | ACC : 1440/1440 (100.000%)
[2025-02-22 15:25:58;INFO]      | Loss dropped from 0.053589 to 0.047915, model has been saved!

[2025-02-22 15:25:58;INFO]best epoch: 94, best loss: 0.047915
[2025-02-22 15:25:58;INFO]----------------------------------------------------------------------------------------------------

[2025-02-22 15:25:58;INFO]Current Epoch: 95 / 500 | Learning Rate : 2.4471741852436408e-05
[2025-02-22 15:26:17;INFO]Train | Loss : 0.056960 | ACC : 3360/3360 (100.000%)
[2025-02-22 15:26:20;INFO]Valid | Loss : 0.065653 | ACC : 1440/1440 (100.000%)
[2025-02-22 15:26:20;INFO]      | Loss didn't drop!

[2025-02-22 15:26:20;INFO]best epoch: 94, best loss: 0.047915
[2025-02-22 15:26:20;INFO]----------------------------------------------------------------------------------------------------

[2025-02-22 15:26:20;INFO]Current Epoch: 96 / 500 | Learning Rate : 0.0008535533905934059
[2025-02-22 15:26:39;INFO]Train | Loss : 0.060939 | ACC : 3360/3360 (100.000%)
[2025-02-22 15:26:42;INFO]Valid | Loss : 0.095837 | ACC : 1435/1440 (99.653%)
[2025-02-22 15:26:42;INFO]      | Loss didn't drop!

[2025-02-22 15:26:42;INFO]best epoch: 94, best loss: 0.047915
[2025-02-22 15:26:42;INFO]----------------------------------------------------------------------------------------------------

[2025-02-22 15:26:42;INFO]Current Epoch: 97 / 500 | Learning Rate : 0.0006545084971877242
[2025-02-22 15:27:01;INFO]Train | Loss : 0.072799 | ACC : 3360/3360 (100.000%)
[2025-02-22 15:27:03;INFO]Valid | Loss : 0.140631 | ACC : 1369/1440 (95.069%)
[2025-02-22 15:27:03;INFO]      | Loss didn't drop!

[2025-02-22 15:27:03;INFO]best epoch: 94, best loss: 0.047915
[2025-02-22 15:27:03;INFO]----------------------------------------------------------------------------------------------------

[2025-02-22 15:27:03;INFO]Current Epoch: 98 / 500 | Learning Rate : 6.155829702436945e-06
[2025-02-22 15:27:22;INFO]Train | Loss : 0.054678 | ACC : 3360/3360 (100.000%)
[2025-02-22 15:27:25;INFO]Valid | Loss : 0.127512 | ACC : 1428/1440 (99.167%)
[2025-02-22 15:27:25;INFO]      | Loss didn't drop!

[2025-02-22 15:27:25;INFO]best epoch: 94, best loss: 0.047915
[2025-02-22 15:27:25;INFO]----------------------------------------------------------------------------------------------------

[2025-02-22 15:27:25;INFO]Current Epoch: 99 / 500 | Learning Rate : 0.000793892626146224
[2025-02-22 15:27:44;INFO]Train | Loss : 0.061569 | ACC : 3360/3360 (100.000%)
[2025-02-22 15:27:47;INFO]Valid | Loss : 0.101301 | ACC : 1425/1440 (98.958%)
[2025-02-22 15:27:47;INFO]      | Loss didn't drop!

[2025-02-22 15:27:47;INFO]best epoch: 94, best loss: 0.047915
[2025-02-22 15:27:47;INFO]----------------------------------------------------------------------------------------------------

[2025-02-22 15:27:47;INFO]Current Epoch: 100 / 500 | Learning Rate : 0.0007269952498694025
[2025-02-22 15:28:06;INFO]Train | Loss : 0.064202 | ACC : 3359/3360 (99.970%)
[2025-02-22 15:28:09;INFO]Valid | Loss : 0.085960 | ACC : 1402/1440 (97.361%)
[2025-02-22 15:28:09;INFO]      | Loss didn't drop!

[2025-02-22 15:28:09;INFO]best epoch: 94, best loss: 0.047915
[2025-02-22 15:28:09;INFO]----------------------------------------------------------------------------------------------------

[2025-02-22 15:28:09;INFO]Current Epoch: 101 / 500 | Learning Rate : 0.0
[2025-02-22 15:28:28;INFO]Train | Loss : 0.049839 | ACC : 3360/3360 (100.000%)
[2025-02-22 15:28:30;INFO]Valid | Loss : 0.081649 | ACC : 1435/1440 (99.653%)
[2025-02-22 15:28:30;INFO]      | Loss didn't drop!

[2025-02-22 15:28:30;INFO]best epoch: 94, best loss: 0.047915
[2025-02-22 15:28:30;INFO]----------------------------------------------------------------------------------------------------

[2025-02-22 15:28:30;INFO]Current Epoch: 102 / 500 | Learning Rate : 0.0007269952498701357
[2025-02-22 15:28:49;INFO]Train | Loss : 0.054266 | ACC : 3360/3360 (100.000%)
[2025-02-22 15:28:52;INFO]Valid | Loss : 0.229401 | ACC : 1334/1440 (92.639%)
[2025-02-22 15:28:52;INFO]      | Loss didn't drop!

[2025-02-22 15:28:52;INFO]best epoch: 94, best loss: 0.047915
[2025-02-22 15:28:52;INFO]----------------------------------------------------------------------------------------------------

[2025-02-22 15:28:52;INFO]Current Epoch: 103 / 500 | Learning Rate : 0.0007938926261462978
[2025-02-22 15:29:11;INFO]Train | Loss : 0.050316 | ACC : 3360/3360 (100.000%)
[2025-02-22 15:29:14;INFO]Valid | Loss : 0.040564 | ACC : 1440/1440 (100.000%)
[2025-02-22 15:29:14;INFO]      | Loss dropped from 0.047915 to 0.040564, model has been saved!

[2025-02-22 15:29:14;INFO]best epoch: 103, best loss: 0.040564
[2025-02-22 15:29:14;INFO]----------------------------------------------------------------------------------------------------

[2025-02-22 15:29:14;INFO]Current Epoch: 104 / 500 | Learning Rate : 6.155829702431115e-06
[2025-02-22 15:29:33;INFO]Train | Loss : 0.049234 | ACC : 3360/3360 (100.000%)
[2025-02-22 15:29:35;INFO]Valid | Loss : 0.053978 | ACC : 1438/1440 (99.861%)
[2025-02-22 15:29:35;INFO]      | Loss didn't drop!

[2025-02-22 15:29:35;INFO]best epoch: 103, best loss: 0.040564
[2025-02-22 15:29:35;INFO]----------------------------------------------------------------------------------------------------

[2025-02-22 15:29:35;INFO]Current Epoch: 105 / 500 | Learning Rate : 0.0006545084971877033
[2025-02-22 15:29:54;INFO]Train | Loss : 0.045911 | ACC : 3360/3360 (100.000%)
[2025-02-22 15:29:57;INFO]Valid | Loss : 0.063865 | ACC : 1432/1440 (99.444%)
[2025-02-22 15:29:57;INFO]      | Loss didn't drop!

[2025-02-22 15:29:57;INFO]best epoch: 103, best loss: 0.040564
[2025-02-22 15:29:57;INFO]----------------------------------------------------------------------------------------------------

[2025-02-22 15:29:57;INFO]Current Epoch: 106 / 500 | Learning Rate : 0.0008535533905931735
[2025-02-22 15:30:16;INFO]Train | Loss : 0.050051 | ACC : 3359/3360 (99.970%)
[2025-02-22 15:30:19;INFO]Valid | Loss : 0.042142 | ACC : 1437/1440 (99.792%)
[2025-02-22 15:30:19;INFO]      | Loss didn't drop!

[2025-02-22 15:30:19;INFO]best epoch: 103, best loss: 0.040564
[2025-02-22 15:30:19;INFO]----------------------------------------------------------------------------------------------------

[2025-02-22 15:30:19;INFO]Current Epoch: 107 / 500 | Learning Rate : 2.4471741852441866e-05
[2025-02-22 15:30:38;INFO]Train | Loss : 0.052450 | ACC : 3359/3360 (99.970%)
[2025-02-22 15:30:40;INFO]Valid | Loss : 0.190791 | ACC : 1355/1440 (94.097%)
[2025-02-22 15:30:40;INFO]      | Loss didn't drop!

[2025-02-22 15:30:40;INFO]best epoch: 103, best loss: 0.040564
[2025-02-22 15:30:40;INFO]----------------------------------------------------------------------------------------------------

[2025-02-22 15:30:40;INFO]Current Epoch: 108 / 500 | Learning Rate : 0.0005782172325206346
[2025-02-22 15:30:59;INFO]Train | Loss : 0.058780 | ACC : 3356/3360 (99.881%)
[2025-02-22 15:31:02;INFO]Valid | Loss : 0.345292 | ACC : 1354/1440 (94.028%)
[2025-02-22 15:31:02;INFO]      | Loss didn't drop!

[2025-02-22 15:31:02;INFO]best epoch: 103, best loss: 0.040564
[2025-02-22 15:31:02;INFO]----------------------------------------------------------------------------------------------------

[2025-02-22 15:31:02;INFO]Current Epoch: 109 / 500 | Learning Rate : 0.0009045084971878445
[2025-02-22 15:31:21;INFO]Train | Loss : 0.069098 | ACC : 3355/3360 (99.851%)
[2025-02-22 15:31:24;INFO]Valid | Loss : 0.106627 | ACC : 1418/1440 (98.472%)
[2025-02-22 15:31:24;INFO]      | Loss didn't drop!

[2025-02-22 15:31:24;INFO]best epoch: 103, best loss: 0.040564
[2025-02-22 15:31:24;INFO]----------------------------------------------------------------------------------------------------

[2025-02-22 15:31:24;INFO]Current Epoch: 110 / 500 | Learning Rate : 5.4496737905800016e-05
[2025-02-22 15:31:43;INFO]Train | Loss : 0.057543 | ACC : 3360/3360 (100.000%)
[2025-02-22 15:31:45;INFO]Valid | Loss : 2.374907 | ACC : 575/1440 (39.931%)
[2025-02-22 15:31:45;INFO]      | Loss didn't drop!

[2025-02-22 15:31:45;INFO]best epoch: 103, best loss: 0.040564
[2025-02-22 15:31:45;INFO]----------------------------------------------------------------------------------------------------

[2025-02-22 15:31:45;INFO]Current Epoch: 111 / 500 | Learning Rate : 0.0004999999999999717
[2025-02-22 15:32:04;INFO]Train | Loss : 0.049572 | ACC : 3360/3360 (100.000%)
[2025-02-22 15:32:07;INFO]Valid | Loss : 3.251640 | ACC : 765/1440 (53.125%)
[2025-02-22 15:32:07;INFO]      | Loss didn't drop!

[2025-02-22 15:32:07;INFO]best epoch: 103, best loss: 0.040564
[2025-02-22 15:32:07;INFO]----------------------------------------------------------------------------------------------------

[2025-02-22 15:32:07;INFO]Current Epoch: 112 / 500 | Learning Rate : 0.0009455032620937474
[2025-02-22 15:32:26;INFO]Train | Loss : 0.044889 | ACC : 3360/3360 (100.000%)
[2025-02-22 15:32:29;INFO]Valid | Loss : 0.035143 | ACC : 1440/1440 (100.000%)
[2025-02-22 15:32:29;INFO]      | Loss dropped from 0.040564 to 0.035143, model has been saved!

[2025-02-22 15:32:29;INFO]best epoch: 112, best loss: 0.035143
[2025-02-22 15:32:29;INFO]----------------------------------------------------------------------------------------------------

[2025-02-22 15:32:29;INFO]Current Epoch: 113 / 500 | Learning Rate : 9.54915028125758e-05
[2025-02-22 15:32:48;INFO]Train | Loss : 0.053360 | ACC : 3359/3360 (99.970%)
[2025-02-22 15:32:50;INFO]Valid | Loss : 0.052927 | ACC : 1440/1440 (100.000%)
[2025-02-22 15:32:50;INFO]      | Loss didn't drop!

[2025-02-22 15:32:50;INFO]best epoch: 112, best loss: 0.035143
[2025-02-22 15:32:50;INFO]----------------------------------------------------------------------------------------------------

[2025-02-22 15:32:50;INFO]Current Epoch: 114 / 500 | Learning Rate : 0.0004217827674801098
[2025-02-22 15:33:09;INFO]Train | Loss : 0.056133 | ACC : 3358/3360 (99.940%)
[2025-02-22 15:33:12;INFO]Valid | Loss : 0.195399 | ACC : 1358/1440 (94.306%)
[2025-02-22 15:33:12;INFO]      | Loss didn't drop!

[2025-02-22 15:33:12;INFO]best epoch: 112, best loss: 0.035143
[2025-02-22 15:33:12;INFO]----------------------------------------------------------------------------------------------------

[2025-02-22 15:33:12;INFO]Current Epoch: 115 / 500 | Learning Rate : 0.0009755282581476647
[2025-02-22 15:33:31;INFO]Train | Loss : 0.053395 | ACC : 3359/3360 (99.970%)
[2025-02-22 15:33:34;INFO]Valid | Loss : 0.033365 | ACC : 1439/1440 (99.931%)
[2025-02-22 15:33:34;INFO]      | Loss dropped from 0.035143 to 0.033365, model has been saved!

[2025-02-22 15:33:34;INFO]best epoch: 115, best loss: 0.033365
[2025-02-22 15:33:34;INFO]----------------------------------------------------------------------------------------------------

[2025-02-22 15:33:34;INFO]Current Epoch: 116 / 500 | Learning Rate : 0.00014644660940667456
[2025-02-22 15:33:53;INFO]Train | Loss : 0.047759 | ACC : 3359/3360 (99.970%)
[2025-02-22 15:33:56;INFO]Valid | Loss : 0.092552 | ACC : 1420/1440 (98.611%)
[2025-02-22 15:33:56;INFO]      | Loss didn't drop!

[2025-02-22 15:33:56;INFO]best epoch: 115, best loss: 0.033365
[2025-02-22 15:33:56;INFO]----------------------------------------------------------------------------------------------------

[2025-02-22 15:33:56;INFO]Current Epoch: 117 / 500 | Learning Rate : 0.0003454915028124259
[2025-02-22 15:34:15;INFO]Train | Loss : 0.045049 | ACC : 3359/3360 (99.970%)
[2025-02-22 15:34:17;INFO]Valid | Loss : 0.579861 | ACC : 1336/1440 (92.778%)
[2025-02-22 15:34:17;INFO]      | Loss didn't drop!

[2025-02-22 15:34:17;INFO]best epoch: 115, best loss: 0.033365
[2025-02-22 15:34:17;INFO]----------------------------------------------------------------------------------------------------

[2025-02-22 15:34:17;INFO]Current Epoch: 118 / 500 | Learning Rate : 0.000993844170298202
[2025-02-22 15:34:36;INFO]Train | Loss : 0.053243 | ACC : 3359/3360 (99.970%)
[2025-02-22 15:34:39;INFO]Valid | Loss : 0.034062 | ACC : 1440/1440 (100.000%)
[2025-02-22 15:34:39;INFO]      | Loss didn't drop!

[2025-02-22 15:34:39;INFO]best epoch: 115, best loss: 0.033365
[2025-02-22 15:34:39;INFO]----------------------------------------------------------------------------------------------------

[2025-02-22 15:34:39;INFO]Current Epoch: 119 / 500 | Learning Rate : 0.00020610737385378378
[2025-02-22 15:34:58;INFO]Train | Loss : 0.044925 | ACC : 3359/3360 (99.970%)
[2025-02-22 15:35:01;INFO]Valid | Loss : 0.086900 | ACC : 1421/1440 (98.681%)
[2025-02-22 15:35:01;INFO]      | Loss didn't drop!

[2025-02-22 15:35:01;INFO]best epoch: 115, best loss: 0.033365
[2025-02-22 15:35:01;INFO]----------------------------------------------------------------------------------------------------

[2025-02-22 15:35:01;INFO]Current Epoch: 120 / 500 | Learning Rate : 0.0002730047501302978
[2025-02-22 15:35:20;INFO]Train | Loss : 0.037325 | ACC : 3359/3360 (99.970%)
[2025-02-22 15:35:22;INFO]Valid | Loss : 0.240450 | ACC : 1300/1440 (90.278%)
[2025-02-22 15:35:22;INFO]      | Loss didn't drop!

[2025-02-22 15:35:22;INFO]best epoch: 115, best loss: 0.033365
[2025-02-22 15:35:22;INFO]----------------------------------------------------------------------------------------------------

[2025-02-22 15:35:22;INFO]Current Epoch: 121 / 500 | Learning Rate : 0.0010000000000004597
[2025-02-22 15:35:41;INFO]Train | Loss : 0.035971 | ACC : 3360/3360 (100.000%)
[2025-02-22 15:35:44;INFO]Valid | Loss : 0.032341 | ACC : 1440/1440 (100.000%)
[2025-02-22 15:35:44;INFO]      | Loss dropped from 0.033365 to 0.032341, model has been saved!

[2025-02-22 15:35:44;INFO]best epoch: 121, best loss: 0.032341
[2025-02-22 15:35:44;INFO]----------------------------------------------------------------------------------------------------

[2025-02-22 15:35:44;INFO]Current Epoch: 122 / 500 | Learning Rate : 0.0002730047501300402
[2025-02-22 15:36:03;INFO]Train | Loss : 0.039245 | ACC : 3359/3360 (99.970%)
[2025-02-22 15:36:06;INFO]Valid | Loss : 0.064318 | ACC : 1436/1440 (99.722%)
[2025-02-22 15:36:06;INFO]      | Loss didn't drop!

[2025-02-22 15:36:06;INFO]best epoch: 121, best loss: 0.032341
[2025-02-22 15:36:06;INFO]----------------------------------------------------------------------------------------------------

[2025-02-22 15:36:06;INFO]Current Epoch: 123 / 500 | Learning Rate : 0.00020610737385363126
[2025-02-22 15:36:25;INFO]Train | Loss : 0.040333 | ACC : 3358/3360 (99.940%)
[2025-02-22 15:36:27;INFO]Valid | Loss : 1.414829 | ACC : 1077/1440 (74.792%)
[2025-02-22 15:36:27;INFO]      | Loss didn't drop!

[2025-02-22 15:36:27;INFO]best epoch: 121, best loss: 0.032341
[2025-02-22 15:36:27;INFO]----------------------------------------------------------------------------------------------------

[2025-02-22 15:36:27;INFO]Current Epoch: 124 / 500 | Learning Rate : 0.000993844170298571
[2025-02-22 15:36:46;INFO]Train | Loss : 0.113329 | ACC : 3330/3360 (99.107%)
[2025-02-22 15:36:49;INFO]Valid | Loss : 0.525468 | ACC : 1202/1440 (83.472%)
[2025-02-22 15:36:49;INFO]      | Loss didn't drop!

[2025-02-22 15:36:49;INFO]best epoch: 121, best loss: 0.032341
[2025-02-22 15:36:49;INFO]----------------------------------------------------------------------------------------------------

[2025-02-22 15:36:49;INFO]Current Epoch: 125 / 500 | Learning Rate : 0.00034549150281245553
[2025-02-22 15:37:08;INFO]Train | Loss : 0.080088 | ACC : 3354/3360 (99.821%)
[2025-02-22 15:37:11;INFO]Valid | Loss : 0.065809 | ACC : 1436/1440 (99.722%)
[2025-02-22 15:37:11;INFO]      | Loss didn't drop!

[2025-02-22 15:37:11;INFO]best epoch: 121, best loss: 0.032341
[2025-02-22 15:37:11;INFO]----------------------------------------------------------------------------------------------------

[2025-02-22 15:37:11;INFO]Current Epoch: 126 / 500 | Learning Rate : 0.00014644660940669254
[2025-02-22 15:37:30;INFO]Train | Loss : 0.051643 | ACC : 3357/3360 (99.911%)
[2025-02-22 15:37:32;INFO]Valid | Loss : 0.209113 | ACC : 1351/1440 (93.819%)
[2025-02-22 15:37:32;INFO]      | Loss didn't drop!

[2025-02-22 15:37:32;INFO]best epoch: 121, best loss: 0.032341
[2025-02-22 15:37:32;INFO]----------------------------------------------------------------------------------------------------

[2025-02-22 15:37:32;INFO]Current Epoch: 127 / 500 | Learning Rate : 0.000975528258147695
[2025-02-22 15:37:51;INFO]Train | Loss : 0.042555 | ACC : 3360/3360 (100.000%)
[2025-02-22 15:37:54;INFO]Valid | Loss : 0.027324 | ACC : 1440/1440 (100.000%)
[2025-02-22 15:37:54;INFO]      | Loss dropped from 0.032341 to 0.027324, model has been saved!

[2025-02-22 15:37:54;INFO]best epoch: 127, best loss: 0.027324
[2025-02-22 15:37:54;INFO]----------------------------------------------------------------------------------------------------

[2025-02-22 15:37:54;INFO]Current Epoch: 128 / 500 | Learning Rate : 0.00042178276748000825
[2025-02-22 15:38:13;INFO]Train | Loss : 0.041814 | ACC : 3360/3360 (100.000%)
[2025-02-22 15:38:16;INFO]Valid | Loss : 0.037044 | ACC : 1440/1440 (100.000%)
[2025-02-22 15:38:16;INFO]      | Loss didn't drop!

[2025-02-22 15:38:16;INFO]best epoch: 127, best loss: 0.027324
[2025-02-22 15:38:16;INFO]----------------------------------------------------------------------------------------------------

[2025-02-22 15:38:16;INFO]Current Epoch: 129 / 500 | Learning Rate : 9.549150281256952e-05
[2025-02-22 15:38:35;INFO]Train | Loss : 0.043199 | ACC : 3360/3360 (100.000%)
[2025-02-22 15:38:37;INFO]Valid | Loss : 0.098918 | ACC : 1411/1440 (97.986%)
[2025-02-22 15:38:37;INFO]      | Loss didn't drop!

[2025-02-22 15:38:37;INFO]best epoch: 127, best loss: 0.027324
[2025-02-22 15:38:37;INFO]----------------------------------------------------------------------------------------------------

[2025-02-22 15:38:37;INFO]Current Epoch: 130 / 500 | Learning Rate : 0.0009455032620948236
[2025-02-22 15:38:56;INFO]Train | Loss : 0.055792 | ACC : 3354/3360 (99.821%)
[2025-02-22 15:38:59;INFO]Valid | Loss : 0.070564 | ACC : 1417/1440 (98.403%)
[2025-02-22 15:38:59;INFO]      | Loss didn't drop!

[2025-02-22 15:38:59;INFO]best epoch: 127, best loss: 0.027324
[2025-02-22 15:38:59;INFO]----------------------------------------------------------------------------------------------------

[2025-02-22 15:38:59;INFO]Current Epoch: 131 / 500 | Learning Rate : 0.0005000000000004608
[2025-02-22 15:39:18;INFO]Train | Loss : 0.045655 | ACC : 3360/3360 (100.000%)
[2025-02-22 15:39:21;INFO]Valid | Loss : 0.034891 | ACC : 1440/1440 (100.000%)
[2025-02-22 15:39:21;INFO]      | Loss didn't drop!

[2025-02-22 15:39:21;INFO]best epoch: 127, best loss: 0.027324
[2025-02-22 15:39:21;INFO]----------------------------------------------------------------------------------------------------

[2025-02-22 15:39:21;INFO]Current Epoch: 132 / 500 | Learning Rate : 5.449673790585737e-05
[2025-02-22 15:39:40;INFO]Train | Loss : 0.047248 | ACC : 3359/3360 (99.970%)
[2025-02-22 15:39:42;INFO]Valid | Loss : 0.654257 | ACC : 1188/1440 (82.500%)
[2025-02-22 15:39:42;INFO]      | Loss didn't drop!

[2025-02-22 15:39:42;INFO]best epoch: 127, best loss: 0.027324
[2025-02-22 15:39:42;INFO]----------------------------------------------------------------------------------------------------

[2025-02-22 15:39:42;INFO]Current Epoch: 133 / 500 | Learning Rate : 0.0009045084971872654
[2025-02-22 15:40:01;INFO]Train | Loss : 0.066673 | ACC : 3350/3360 (99.702%)
[2025-02-22 15:40:04;INFO]Valid | Loss : 0.130145 | ACC : 1381/1440 (95.903%)
[2025-02-22 15:40:04;INFO]      | Loss didn't drop!

[2025-02-22 15:40:04;INFO]best epoch: 127, best loss: 0.027324
[2025-02-22 15:40:04;INFO]----------------------------------------------------------------------------------------------------

[2025-02-22 15:40:04;INFO]Current Epoch: 134 / 500 | Learning Rate : 0.0005782172325201601
[2025-02-22 15:40:23;INFO]Train | Loss : 0.053712 | ACC : 3360/3360 (100.000%)
[2025-02-22 15:40:26;INFO]Valid | Loss : 0.080088 | ACC : 1415/1440 (98.264%)
[2025-02-22 15:40:26;INFO]      | Loss didn't drop!

[2025-02-22 15:40:26;INFO]best epoch: 127, best loss: 0.027324
[2025-02-22 15:40:26;INFO]----------------------------------------------------------------------------------------------------

[2025-02-22 15:40:26;INFO]Current Epoch: 135 / 500 | Learning Rate : 2.447174185242506e-05
[2025-02-22 15:40:45;INFO]Train | Loss : 0.037883 | ACC : 3360/3360 (100.000%)
[2025-02-22 15:40:47;INFO]Valid | Loss : 0.576799 | ACC : 1253/1440 (87.014%)
[2025-02-22 15:40:47;INFO]      | Loss didn't drop!

[2025-02-22 15:40:47;INFO]best epoch: 127, best loss: 0.027324
[2025-02-22 15:40:47;INFO]----------------------------------------------------------------------------------------------------

[2025-02-22 15:40:47;INFO]Current Epoch: 136 / 500 | Learning Rate : 0.0008535533905935647
[2025-02-22 15:41:06;INFO]Train | Loss : 0.038023 | ACC : 3360/3360 (100.000%)
[2025-02-22 15:41:09;INFO]Valid | Loss : 0.390016 | ACC : 1214/1440 (84.306%)
[2025-02-22 15:41:09;INFO]      | Loss didn't drop!

[2025-02-22 15:41:09;INFO]best epoch: 127, best loss: 0.027324
[2025-02-22 15:41:09;INFO]----------------------------------------------------------------------------------------------------

[2025-02-22 15:41:09;INFO]Current Epoch: 137 / 500 | Learning Rate : 0.0006545084971878571
[2025-02-22 15:41:28;INFO]Train | Loss : 0.037820 | ACC : 3360/3360 (100.000%)
[2025-02-22 15:41:31;INFO]Valid | Loss : 0.025937 | ACC : 1440/1440 (100.000%)
[2025-02-22 15:41:31;INFO]      | Loss dropped from 0.027324 to 0.025937, model has been saved!

[2025-02-22 15:41:31;INFO]best epoch: 137, best loss: 0.025937
[2025-02-22 15:41:31;INFO]----------------------------------------------------------------------------------------------------

[2025-02-22 15:41:31;INFO]Current Epoch: 138 / 500 | Learning Rate : 6.1558297024391145e-06
[2025-02-22 15:41:50;INFO]Train | Loss : 0.032342 | ACC : 3360/3360 (100.000%)
[2025-02-22 15:41:52;INFO]Valid | Loss : 0.094584 | ACC : 1424/1440 (98.889%)
[2025-02-22 15:41:52;INFO]      | Loss didn't drop!

[2025-02-22 15:41:52;INFO]best epoch: 137, best loss: 0.025937
[2025-02-22 15:41:52;INFO]----------------------------------------------------------------------------------------------------

[2025-02-22 15:41:52;INFO]Current Epoch: 139 / 500 | Learning Rate : 0.0007938926261457697
[2025-02-22 15:42:11;INFO]Train | Loss : 0.030024 | ACC : 3360/3360 (100.000%)
[2025-02-22 15:42:14;INFO]Valid | Loss : 0.069712 | ACC : 1432/1440 (99.444%)
[2025-02-22 15:42:14;INFO]      | Loss didn't drop!

[2025-02-22 15:42:14;INFO]best epoch: 137, best loss: 0.025937
[2025-02-22 15:42:14;INFO]----------------------------------------------------------------------------------------------------

[2025-02-22 15:42:14;INFO]Current Epoch: 140 / 500 | Learning Rate : 0.0007269952498705774
[2025-02-22 15:42:33;INFO]Train | Loss : 0.036690 | ACC : 3358/3360 (99.940%)
[2025-02-22 15:42:36;INFO]Valid | Loss : 0.029524 | ACC : 1440/1440 (100.000%)
[2025-02-22 15:42:36;INFO]      | Loss didn't drop!

[2025-02-22 15:42:36;INFO]best epoch: 137, best loss: 0.025937
[2025-02-22 15:42:36;INFO]----------------------------------------------------------------------------------------------------

[2025-02-22 15:42:36;INFO]Current Epoch: 141 / 500 | Learning Rate : 0.0
[2025-02-22 15:42:55;INFO]Train | Loss : 0.028485 | ACC : 3360/3360 (100.000%)
[2025-02-22 15:42:57;INFO]Valid | Loss : 0.043053 | ACC : 1438/1440 (99.861%)
[2025-02-22 15:42:57;INFO]      | Loss didn't drop!

[2025-02-22 15:42:57;INFO]best epoch: 137, best loss: 0.025937
[2025-02-22 15:42:57;INFO]----------------------------------------------------------------------------------------------------

[2025-02-22 15:42:57;INFO]Current Epoch: 142 / 500 | Learning Rate : 0.0007269952498697674
[2025-02-22 15:43:16;INFO]Train | Loss : 0.030525 | ACC : 3360/3360 (100.000%)
[2025-02-22 15:43:19;INFO]Valid | Loss : 0.052246 | ACC : 1440/1440 (100.000%)
[2025-02-22 15:43:19;INFO]      | Loss didn't drop!

[2025-02-22 15:43:19;INFO]best epoch: 137, best loss: 0.025937
[2025-02-22 15:43:19;INFO]----------------------------------------------------------------------------------------------------

[2025-02-22 15:43:19;INFO]Current Epoch: 143 / 500 | Learning Rate : 0.0007938926261464284
[2025-02-22 15:43:38;INFO]Train | Loss : 0.036547 | ACC : 3358/3360 (99.940%)
[2025-02-22 15:43:41;INFO]Valid | Loss : 0.027104 | ACC : 1440/1440 (100.000%)
[2025-02-22 15:43:41;INFO]      | Loss didn't drop!

[2025-02-22 15:43:41;INFO]best epoch: 137, best loss: 0.025937
[2025-02-22 15:43:41;INFO]----------------------------------------------------------------------------------------------------

[2025-02-22 15:43:41;INFO]Current Epoch: 144 / 500 | Learning Rate : 6.155829702431115e-06
[2025-02-22 15:44:00;INFO]Train | Loss : 0.028956 | ACC : 3360/3360 (100.000%)
[2025-02-22 15:44:02;INFO]Valid | Loss : 0.097754 | ACC : 1435/1440 (99.653%)
[2025-02-22 15:44:02;INFO]      | Loss didn't drop!

[2025-02-22 15:44:02;INFO]best epoch: 137, best loss: 0.025937
[2025-02-22 15:44:02;INFO]----------------------------------------------------------------------------------------------------

[2025-02-22 15:44:02;INFO]Current Epoch: 145 / 500 | Learning Rate : 0.0006545084971878013
[2025-02-22 15:44:21;INFO]Train | Loss : 0.029848 | ACC : 3360/3360 (100.000%)
[2025-02-22 15:44:24;INFO]Valid | Loss : 0.099364 | ACC : 1399/1440 (97.153%)
[2025-02-22 15:44:24;INFO]      | Loss didn't drop!

[2025-02-22 15:44:24;INFO]best epoch: 137, best loss: 0.025937
[2025-02-22 15:44:24;INFO]----------------------------------------------------------------------------------------------------

[2025-02-22 15:44:24;INFO]Current Epoch: 146 / 500 | Learning Rate : 0.0008535533905939307
[2025-02-22 15:44:43;INFO]Train | Loss : 0.041069 | ACC : 3358/3360 (99.940%)
[2025-02-22 15:44:46;INFO]Valid | Loss : 0.086194 | ACC : 1400/1440 (97.222%)
[2025-02-22 15:44:46;INFO]      | Loss didn't drop!

[2025-02-22 15:44:46;INFO]best epoch: 137, best loss: 0.025937
[2025-02-22 15:44:46;INFO]----------------------------------------------------------------------------------------------------

[2025-02-22 15:44:46;INFO]Current Epoch: 147 / 500 | Learning Rate : 2.447174185245272e-05
[2025-02-22 15:45:05;INFO]Train | Loss : 0.030749 | ACC : 3360/3360 (100.000%)
[2025-02-22 15:45:07;INFO]Valid | Loss : 0.079540 | ACC : 1419/1440 (98.542%)
[2025-02-22 15:45:07;INFO]      | Loss didn't drop!

[2025-02-22 15:45:07;INFO]best epoch: 137, best loss: 0.025937
[2025-02-22 15:45:07;INFO]----------------------------------------------------------------------------------------------------

[2025-02-22 15:45:07;INFO]Current Epoch: 148 / 500 | Learning Rate : 0.0005782172325207405
[2025-02-22 15:45:26;INFO]Train | Loss : 0.031203 | ACC : 3359/3360 (99.970%)
[2025-02-22 15:45:29;INFO]Valid | Loss : 1.755219 | ACC : 1018/1440 (70.694%)
[2025-02-22 15:45:29;INFO]      | Loss didn't drop!

[2025-02-22 15:45:29;INFO]best epoch: 137, best loss: 0.025937
[2025-02-22 15:45:29;INFO]----------------------------------------------------------------------------------------------------

[2025-02-22 15:45:29;INFO]Current Epoch: 149 / 500 | Learning Rate : 0.0009045084971873508
[2025-02-22 15:45:48;INFO]Train | Loss : 0.092873 | ACC : 3338/3360 (99.345%)
[2025-02-22 15:45:51;INFO]Valid | Loss : 0.080086 | ACC : 1440/1440 (100.000%)
[2025-02-22 15:45:51;INFO]      | Loss didn't drop!

[2025-02-22 15:45:51;INFO]best epoch: 137, best loss: 0.025937
[2025-02-22 15:45:51;INFO]----------------------------------------------------------------------------------------------------

[2025-02-22 15:45:51;INFO]Current Epoch: 150 / 500 | Learning Rate : 5.449673790581913e-05
[2025-02-22 15:46:10;INFO]Train | Loss : 0.046950 | ACC : 3360/3360 (100.000%)
[2025-02-22 15:46:13;INFO]Valid | Loss : 0.076107 | ACC : 1437/1440 (99.792%)
[2025-02-22 15:46:13;INFO]      | Loss didn't drop!

[2025-02-22 15:46:13;INFO]best epoch: 137, best loss: 0.025937
[2025-02-22 15:46:13;INFO]----------------------------------------------------------------------------------------------------

[2025-02-22 15:46:13;INFO]Current Epoch: 151 / 500 | Learning Rate : 0.0005000000000001212
[2025-02-22 15:46:31;INFO]Train | Loss : 0.039699 | ACC : 3358/3360 (99.940%)
[2025-02-22 15:46:34;INFO]Valid | Loss : 0.187374 | ACC : 1359/1440 (94.375%)
[2025-02-22 15:46:34;INFO]      | Loss didn't drop!

[2025-02-22 15:46:34;INFO]best epoch: 137, best loss: 0.025937
[2025-02-22 15:46:34;INFO]----------------------------------------------------------------------------------------------------

[2025-02-22 15:46:34;INFO]Current Epoch: 152 / 500 | Learning Rate : 0.0009455032620945883
[2025-02-22 15:46:53;INFO]Train | Loss : 0.053207 | ACC : 3354/3360 (99.821%)
[2025-02-22 15:46:56;INFO]Valid | Loss : 0.028161 | ACC : 1439/1440 (99.931%)
[2025-02-22 15:46:56;INFO]      | Loss didn't drop!

[2025-02-22 15:46:56;INFO]best epoch: 137, best loss: 0.025937
[2025-02-22 15:46:56;INFO]----------------------------------------------------------------------------------------------------

[2025-02-22 15:46:56;INFO]Current Epoch: 153 / 500 | Learning Rate : 9.549150281260574e-05
[2025-02-22 15:47:15;INFO]Train | Loss : 0.045527 | ACC : 3360/3360 (100.000%)
[2025-02-22 15:47:18;INFO]Valid | Loss : 0.176727 | ACC : 1359/1440 (94.375%)
[2025-02-22 15:47:18;INFO]      | Loss didn't drop!

[2025-02-22 15:47:18;INFO]best epoch: 137, best loss: 0.025937
[2025-02-22 15:47:18;INFO]----------------------------------------------------------------------------------------------------

[2025-02-22 15:47:18;INFO]Current Epoch: 154 / 500 | Learning Rate : 0.0004217827674801928
[2025-02-22 15:47:37;INFO]Train | Loss : 0.040372 | ACC : 3359/3360 (99.970%)
[2025-02-22 15:47:39;INFO]Valid | Loss : 1.033353 | ACC : 1156/1440 (80.278%)
[2025-02-22 15:47:39;INFO]      | Loss didn't drop!

[2025-02-22 15:47:39;INFO]best epoch: 137, best loss: 0.025937
[2025-02-22 15:47:39;INFO]----------------------------------------------------------------------------------------------------

[2025-02-22 15:47:39;INFO]Current Epoch: 155 / 500 | Learning Rate : 0.0009755282581471347
[2025-02-22 15:47:58;INFO]Train | Loss : 0.042079 | ACC : 3357/3360 (99.911%)
[2025-02-22 15:48:01;INFO]Valid | Loss : 0.027983 | ACC : 1440/1440 (100.000%)
[2025-02-22 15:48:01;INFO]      | Loss didn't drop!

[2025-02-22 15:48:01;INFO]best epoch: 137, best loss: 0.025937
[2025-02-22 15:48:01;INFO]----------------------------------------------------------------------------------------------------

[2025-02-22 15:48:01;INFO]Current Epoch: 156 / 500 | Learning Rate : 0.00014644660940669478
[2025-02-22 15:48:20;INFO]Train | Loss : 0.029559 | ACC : 3360/3360 (100.000%)
[2025-02-22 15:48:23;INFO]Valid | Loss : 0.045080 | ACC : 1427/1440 (99.097%)
[2025-02-22 15:48:23;INFO]      | Loss didn't drop!

[2025-02-22 15:48:23;INFO]best epoch: 137, best loss: 0.025937
[2025-02-22 15:48:23;INFO]----------------------------------------------------------------------------------------------------

[2025-02-22 15:48:23;INFO]Current Epoch: 157 / 500 | Learning Rate : 0.00034549150281249175
[2025-02-22 15:48:42;INFO]Train | Loss : 0.024480 | ACC : 3360/3360 (100.000%)
[2025-02-22 15:48:44;INFO]Valid | Loss : 0.022345 | ACC : 1440/1440 (100.000%)
[2025-02-22 15:48:44;INFO]      | Loss dropped from 0.025937 to 0.022345, model has been saved!

[2025-02-22 15:48:44;INFO]best epoch: 157, best loss: 0.022345
[2025-02-22 15:48:44;INFO]----------------------------------------------------------------------------------------------------

[2025-02-22 15:48:44;INFO]Current Epoch: 158 / 500 | Learning Rate : 0.0009938441702976582
[2025-02-22 15:49:03;INFO]Train | Loss : 0.031044 | ACC : 3360/3360 (100.000%)
[2025-02-22 15:49:06;INFO]Valid | Loss : 0.016696 | ACC : 1440/1440 (100.000%)
[2025-02-22 15:49:06;INFO]      | Loss dropped from 0.022345 to 0.016696, model has been saved!

[2025-02-22 15:49:06;INFO]best epoch: 158, best loss: 0.016696
[2025-02-22 15:49:06;INFO]----------------------------------------------------------------------------------------------------

[2025-02-22 15:49:06;INFO]Current Epoch: 159 / 500 | Learning Rate : 0.00020610737385381357
[2025-02-22 15:49:25;INFO]Train | Loss : 0.029089 | ACC : 3360/3360 (100.000%)
[2025-02-22 15:49:28;INFO]Valid | Loss : 0.027627 | ACC : 1439/1440 (99.931%)
[2025-02-22 15:49:28;INFO]      | Loss didn't drop!

[2025-02-22 15:49:28;INFO]best epoch: 158, best loss: 0.016696
[2025-02-22 15:49:28;INFO]----------------------------------------------------------------------------------------------------

[2025-02-22 15:49:28;INFO]Current Epoch: 160 / 500 | Learning Rate : 0.00027300475013032535
[2025-02-22 15:49:47;INFO]Train | Loss : 0.024079 | ACC : 3360/3360 (100.000%)
[2025-02-22 15:49:49;INFO]Valid | Loss : 0.095376 | ACC : 1402/1440 (97.361%)
[2025-02-22 15:49:49;INFO]      | Loss didn't drop!

[2025-02-22 15:49:49;INFO]best epoch: 158, best loss: 0.016696
[2025-02-22 15:49:49;INFO]----------------------------------------------------------------------------------------------------

[2025-02-22 15:49:49;INFO]Current Epoch: 161 / 500 | Learning Rate : 0.0010000000000006401
[2025-02-22 15:50:08;INFO]Train | Loss : 0.025803 | ACC : 3360/3360 (100.000%)
[2025-02-22 15:50:11;INFO]Valid | Loss : 0.014781 | ACC : 1440/1440 (100.000%)
[2025-02-22 15:50:11;INFO]      | Loss dropped from 0.016696 to 0.014781, model has been saved!

[2025-02-22 15:50:11;INFO]best epoch: 161, best loss: 0.014781
[2025-02-22 15:50:11;INFO]----------------------------------------------------------------------------------------------------

[2025-02-22 15:50:11;INFO]Current Epoch: 162 / 500 | Learning Rate : 0.00027300475013042656
[2025-02-22 15:50:30;INFO]Train | Loss : 0.030971 | ACC : 3358/3360 (99.940%)
[2025-02-22 15:50:33;INFO]Valid | Loss : 0.043786 | ACC : 1424/1440 (98.889%)
[2025-02-22 15:50:33;INFO]      | Loss didn't drop!

[2025-02-22 15:50:33;INFO]best epoch: 161, best loss: 0.014781
[2025-02-22 15:50:33;INFO]----------------------------------------------------------------------------------------------------

[2025-02-22 15:50:33;INFO]Current Epoch: 163 / 500 | Learning Rate : 0.0002061073738539253
[2025-02-22 15:50:52;INFO]Train | Loss : 0.026664 | ACC : 3359/3360 (99.970%)
[2025-02-22 15:50:54;INFO]Valid | Loss : 0.566831 | ACC : 1264/1440 (87.778%)
[2025-02-22 15:50:54;INFO]      | Loss didn't drop!

[2025-02-22 15:50:54;INFO]best epoch: 161, best loss: 0.014781
[2025-02-22 15:50:54;INFO]----------------------------------------------------------------------------------------------------

[2025-02-22 15:50:54;INFO]Current Epoch: 164 / 500 | Learning Rate : 0.0009938441702987417
[2025-02-22 15:51:13;INFO]Train | Loss : 0.041359 | ACC : 3356/3360 (99.881%)
[2025-02-22 15:51:16;INFO]Valid | Loss : 0.015162 | ACC : 1440/1440 (100.000%)
[2025-02-22 15:51:16;INFO]      | Loss didn't drop!

[2025-02-22 15:51:16;INFO]best epoch: 161, best loss: 0.014781
[2025-02-22 15:51:16;INFO]----------------------------------------------------------------------------------------------------

[2025-02-22 15:51:16;INFO]Current Epoch: 165 / 500 | Learning Rate : 0.0003454915028125081
[2025-02-22 15:51:35;INFO]Train | Loss : 0.027101 | ACC : 3360/3360 (100.000%)
[2025-02-22 15:51:38;INFO]Valid | Loss : 0.027014 | ACC : 1439/1440 (99.931%)
[2025-02-22 15:51:38;INFO]      | Loss didn't drop!

[2025-02-22 15:51:38;INFO]best epoch: 161, best loss: 0.014781
[2025-02-22 15:51:38;INFO]----------------------------------------------------------------------------------------------------

[2025-02-22 15:51:38;INFO]Current Epoch: 166 / 500 | Learning Rate : 0.00014644660940672246
[2025-02-22 15:51:57;INFO]Train | Loss : 0.020476 | ACC : 3360/3360 (100.000%)
[2025-02-22 15:51:59;INFO]Valid | Loss : 0.028957 | ACC : 1439/1440 (99.931%)
[2025-02-22 15:51:59;INFO]      | Loss didn't drop!

[2025-02-22 15:51:59;INFO]best epoch: 161, best loss: 0.014781
[2025-02-22 15:51:59;INFO]----------------------------------------------------------------------------------------------------

[2025-02-22 15:51:59;INFO]Current Epoch: 167 / 500 | Learning Rate : 0.0009755282581478643
[2025-02-22 15:52:18;INFO]Train | Loss : 0.020979 | ACC : 3360/3360 (100.000%)
[2025-02-22 15:52:21;INFO]Valid | Loss : 0.014764 | ACC : 1440/1440 (100.000%)
[2025-02-22 15:52:21;INFO]      | Loss dropped from 0.014781 to 0.014764, model has been saved!

[2025-02-22 15:52:21;INFO]best epoch: 167, best loss: 0.014764
[2025-02-22 15:52:21;INFO]----------------------------------------------------------------------------------------------------

[2025-02-22 15:52:21;INFO]Current Epoch: 168 / 500 | Learning Rate : 0.00042178276748013
[2025-02-22 15:52:40;INFO]Train | Loss : 0.032979 | ACC : 3358/3360 (99.940%)
[2025-02-22 15:52:43;INFO]Valid | Loss : 0.029853 | ACC : 1437/1440 (99.792%)
[2025-02-22 15:52:43;INFO]      | Loss didn't drop!

[2025-02-22 15:52:43;INFO]best epoch: 167, best loss: 0.014764
[2025-02-22 15:52:43;INFO]----------------------------------------------------------------------------------------------------

[2025-02-22 15:52:43;INFO]Current Epoch: 169 / 500 | Learning Rate : 9.549150281258998e-05
[2025-02-22 15:53:01;INFO]Train | Loss : 0.036666 | ACC : 3357/3360 (99.911%)
[2025-02-22 15:53:04;INFO]Valid | Loss : 2.206765 | ACC : 991/1440 (68.819%)
[2025-02-22 15:53:04;INFO]      | Loss didn't drop!

[2025-02-22 15:53:04;INFO]best epoch: 167, best loss: 0.014764
[2025-02-22 15:53:04;INFO]----------------------------------------------------------------------------------------------------

[2025-02-22 15:53:04;INFO]Current Epoch: 170 / 500 | Learning Rate : 0.0009455032620949967
[2025-02-22 15:53:23;INFO]Train | Loss : 0.101843 | ACC : 3332/3360 (99.167%)
[2025-02-22 15:53:26;INFO]Valid | Loss : 0.187109 | ACC : 1368/1440 (95.000%)
[2025-02-22 15:53:26;INFO]      | Loss didn't drop!

[2025-02-22 15:53:26;INFO]best epoch: 167, best loss: 0.014764
[2025-02-22 15:53:26;INFO]----------------------------------------------------------------------------------------------------

[2025-02-22 15:53:26;INFO]Current Epoch: 171 / 500 | Learning Rate : 0.0004999999999998183
[2025-02-22 15:53:45;INFO]Train | Loss : 0.039260 | ACC : 3360/3360 (100.000%)
[2025-02-22 15:53:47;INFO]Valid | Loss : 0.052905 | ACC : 1439/1440 (99.931%)
[2025-02-22 15:53:47;INFO]      | Loss didn't drop!

[2025-02-22 15:53:47;INFO]best epoch: 167, best loss: 0.014764
[2025-02-22 15:53:47;INFO]----------------------------------------------------------------------------------------------------

[2025-02-22 15:53:47;INFO]Current Epoch: 172 / 500 | Learning Rate : 5.449673790581702e-05
[2025-02-22 15:54:06;INFO]Train | Loss : 0.040494 | ACC : 3347/3360 (99.613%)
[2025-02-22 15:54:09;INFO]Valid | Loss : 0.780511 | ACC : 1221/1440 (84.792%)
[2025-02-22 15:54:09;INFO]      | Loss didn't drop!

[2025-02-22 15:54:09;INFO]best epoch: 167, best loss: 0.014764
[2025-02-22 15:54:09;INFO]----------------------------------------------------------------------------------------------------

[2025-02-22 15:54:09;INFO]Current Epoch: 173 / 500 | Learning Rate : 0.000904508497187424
[2025-02-22 15:54:28;INFO]Train | Loss : 0.047518 | ACC : 3359/3360 (99.970%)
[2025-02-22 15:54:31;INFO]Valid | Loss : 0.075740 | ACC : 1407/1440 (97.708%)
[2025-02-22 15:54:31;INFO]      | Loss didn't drop!

[2025-02-22 15:54:31;INFO]best epoch: 167, best loss: 0.014764
[2025-02-22 15:54:31;INFO]----------------------------------------------------------------------------------------------------

[2025-02-22 15:54:31;INFO]Current Epoch: 174 / 500 | Learning Rate : 0.0005782172325202576
[2025-02-22 15:54:50;INFO]Train | Loss : 0.030369 | ACC : 3360/3360 (100.000%)
[2025-02-22 15:54:52;INFO]Valid | Loss : 0.043525 | ACC : 1431/1440 (99.375%)
[2025-02-22 15:54:52;INFO]      | Loss didn't drop!

[2025-02-22 15:54:52;INFO]best epoch: 167, best loss: 0.014764
[2025-02-22 15:54:52;INFO]----------------------------------------------------------------------------------------------------

[2025-02-22 15:54:52;INFO]Current Epoch: 175 / 500 | Learning Rate : 2.4471741852431573e-05
[2025-02-22 15:55:11;INFO]Train | Loss : 0.022076 | ACC : 3360/3360 (100.000%)
[2025-02-22 15:55:14;INFO]Valid | Loss : 0.027744 | ACC : 1440/1440 (100.000%)
[2025-02-22 15:55:14;INFO]      | Loss didn't drop!

[2025-02-22 15:55:14;INFO]best epoch: 167, best loss: 0.014764
[2025-02-22 15:55:14;INFO]----------------------------------------------------------------------------------------------------

[2025-02-22 15:55:14;INFO]Current Epoch: 176 / 500 | Learning Rate : 0.0008535533905936753
[2025-02-22 15:55:33;INFO]Train | Loss : 0.022027 | ACC : 3359/3360 (99.970%)
[2025-02-22 15:55:36;INFO]Valid | Loss : 0.019629 | ACC : 1440/1440 (100.000%)
[2025-02-22 15:55:36;INFO]      | Loss didn't drop!

[2025-02-22 15:55:36;INFO]best epoch: 167, best loss: 0.014764
[2025-02-22 15:55:36;INFO]----------------------------------------------------------------------------------------------------

[2025-02-22 15:55:36;INFO]Current Epoch: 177 / 500 | Learning Rate : 0.0006545084971879622
[2025-02-22 15:55:55;INFO]Train | Loss : 0.025012 | ACC : 3360/3360 (100.000%)
[2025-02-22 15:55:57;INFO]Valid | Loss : 0.015727 | ACC : 1440/1440 (100.000%)
[2025-02-22 15:55:57;INFO]      | Loss didn't drop!

[2025-02-22 15:55:57;INFO]best epoch: 167, best loss: 0.014764
[2025-02-22 15:55:57;INFO]----------------------------------------------------------------------------------------------------

[2025-02-22 15:55:57;INFO]Current Epoch: 178 / 500 | Learning Rate : 6.155829702441218e-06
[2025-02-22 15:56:16;INFO]Train | Loss : 0.023371 | ACC : 3359/3360 (99.970%)
[2025-02-22 15:56:19;INFO]Valid | Loss : 0.030309 | ACC : 1439/1440 (99.931%)
[2025-02-22 15:56:19;INFO]      | Loss didn't drop!

[2025-02-22 15:56:19;INFO]best epoch: 167, best loss: 0.014764
[2025-02-22 15:56:19;INFO]----------------------------------------------------------------------------------------------------

[2025-02-22 15:56:19;INFO]Current Epoch: 179 / 500 | Learning Rate : 0.0007938926261459186
[2025-02-22 15:56:38;INFO]Train | Loss : 0.027685 | ACC : 3359/3360 (99.970%)
[2025-02-22 15:56:41;INFO]Valid | Loss : 0.142280 | ACC : 1358/1440 (94.306%)
[2025-02-22 15:56:41;INFO]      | Loss didn't drop!

[2025-02-22 15:56:41;INFO]best epoch: 167, best loss: 0.014764
[2025-02-22 15:56:41;INFO]----------------------------------------------------------------------------------------------------

[2025-02-22 15:56:41;INFO]Current Epoch: 180 / 500 | Learning Rate : 0.0007269952498706956
[2025-02-22 15:57:00;INFO]Train | Loss : 0.026918 | ACC : 3359/3360 (99.970%)
[2025-02-22 15:57:02;INFO]Valid | Loss : 0.017275 | ACC : 1440/1440 (100.000%)
[2025-02-22 15:57:02;INFO]      | Loss didn't drop!

[2025-02-22 15:57:02;INFO]best epoch: 167, best loss: 0.014764
[2025-02-22 15:57:02;INFO]----------------------------------------------------------------------------------------------------

[2025-02-22 15:57:02;INFO]Current Epoch: 181 / 500 | Learning Rate : 0.0
[2025-02-22 15:57:21;INFO]Train | Loss : 0.025928 | ACC : 3360/3360 (100.000%)
[2025-02-22 15:57:24;INFO]Valid | Loss : 0.029595 | ACC : 1437/1440 (99.792%)
[2025-02-22 15:57:24;INFO]      | Loss didn't drop!

[2025-02-22 15:57:24;INFO]best epoch: 167, best loss: 0.014764
[2025-02-22 15:57:24;INFO]----------------------------------------------------------------------------------------------------

[2025-02-22 15:57:24;INFO]Current Epoch: 182 / 500 | Learning Rate : 0.0007269952498698979
[2025-02-22 15:57:43;INFO]Train | Loss : 0.022641 | ACC : 3359/3360 (99.970%)
[2025-02-22 15:57:46;INFO]Valid | Loss : 0.075139 | ACC : 1423/1440 (98.819%)
[2025-02-22 15:57:46;INFO]      | Loss didn't drop!

[2025-02-22 15:57:46;INFO]best epoch: 167, best loss: 0.014764
[2025-02-22 15:57:46;INFO]----------------------------------------------------------------------------------------------------

[2025-02-22 15:57:46;INFO]Current Epoch: 183 / 500 | Learning Rate : 0.0007938926261465201
[2025-02-22 15:58:05;INFO]Train | Loss : 0.022034 | ACC : 3360/3360 (100.000%)
[2025-02-22 15:58:07;INFO]Valid | Loss : 0.013949 | ACC : 1440/1440 (100.000%)
[2025-02-22 15:58:07;INFO]      | Loss dropped from 0.014764 to 0.013949, model has been saved!

[2025-02-22 15:58:07;INFO]best epoch: 183, best loss: 0.013949
[2025-02-22 15:58:07;INFO]----------------------------------------------------------------------------------------------------

[2025-02-22 15:58:07;INFO]Current Epoch: 184 / 500 | Learning Rate : 6.155829702431115e-06
[2025-02-22 15:58:26;INFO]Train | Loss : 0.019560 | ACC : 3360/3360 (100.000%)
[2025-02-22 15:58:29;INFO]Valid | Loss : 0.070084 | ACC : 1400/1440 (97.222%)
[2025-02-22 15:58:29;INFO]      | Loss didn't drop!

[2025-02-22 15:58:29;INFO]best epoch: 183, best loss: 0.013949
[2025-02-22 15:58:29;INFO]----------------------------------------------------------------------------------------------------

[2025-02-22 15:58:29;INFO]Current Epoch: 185 / 500 | Learning Rate : 0.0006545084971869753
[2025-02-22 15:58:48;INFO]Train | Loss : 0.020448 | ACC : 3360/3360 (100.000%)
[2025-02-22 15:58:51;INFO]Valid | Loss : 0.362021 | ACC : 1295/1440 (89.931%)
[2025-02-22 15:58:51;INFO]      | Loss didn't drop!

[2025-02-22 15:58:51;INFO]best epoch: 183, best loss: 0.013949
[2025-02-22 15:58:51;INFO]----------------------------------------------------------------------------------------------------

[2025-02-22 15:58:51;INFO]Current Epoch: 186 / 500 | Learning Rate : 0.0008535533905940724
[2025-02-22 15:59:10;INFO]Train | Loss : 0.018681 | ACC : 3360/3360 (100.000%)
[2025-02-22 15:59:12;INFO]Valid | Loss : 0.025821 | ACC : 1435/1440 (99.653%)
[2025-02-22 15:59:12;INFO]      | Loss didn't drop!

[2025-02-22 15:59:12;INFO]best epoch: 183, best loss: 0.013949
[2025-02-22 15:59:12;INFO]----------------------------------------------------------------------------------------------------

[2025-02-22 15:59:12;INFO]Current Epoch: 187 / 500 | Learning Rate : 2.4471741852419715e-05
[2025-02-22 15:59:31;INFO]Train | Loss : 0.017371 | ACC : 3360/3360 (100.000%)
[2025-02-22 15:59:34;INFO]Valid | Loss : 0.013026 | ACC : 1440/1440 (100.000%)
[2025-02-22 15:59:34;INFO]      | Loss dropped from 0.013949 to 0.013026, model has been saved!

[2025-02-22 15:59:34;INFO]best epoch: 187, best loss: 0.013026
[2025-02-22 15:59:34;INFO]----------------------------------------------------------------------------------------------------

[2025-02-22 15:59:34;INFO]Current Epoch: 188 / 500 | Learning Rate : 0.0005782172325200174
[2025-02-22 15:59:53;INFO]Train | Loss : 0.017050 | ACC : 3360/3360 (100.000%)
[2025-02-22 15:59:56;INFO]Valid | Loss : 0.026241 | ACC : 1436/1440 (99.722%)
[2025-02-22 15:59:56;INFO]      | Loss didn't drop!

[2025-02-22 15:59:56;INFO]best epoch: 187, best loss: 0.013026
[2025-02-22 15:59:56;INFO]----------------------------------------------------------------------------------------------------

[2025-02-22 15:59:56;INFO]Current Epoch: 189 / 500 | Learning Rate : 0.0009045084971875351
[2025-02-22 16:00:14;INFO]Train | Loss : 0.017892 | ACC : 3360/3360 (100.000%)
[2025-02-22 16:00:17;INFO]Valid | Loss : 0.015608 | ACC : 1440/1440 (100.000%)
[2025-02-22 16:00:17;INFO]      | Loss didn't drop!

[2025-02-22 16:00:17;INFO]best epoch: 187, best loss: 0.013026
[2025-02-22 16:00:17;INFO]----------------------------------------------------------------------------------------------------

[2025-02-22 16:00:17;INFO]Current Epoch: 190 / 500 | Learning Rate : 5.449673790582536e-05
[2025-02-22 16:00:36;INFO]Train | Loss : 0.015124 | ACC : 3360/3360 (100.000%)
[2025-02-22 16:00:39;INFO]Valid | Loss : 0.024372 | ACC : 1438/1440 (99.861%)
[2025-02-22 16:00:39;INFO]      | Loss didn't drop!

[2025-02-22 16:00:39;INFO]best epoch: 187, best loss: 0.013026
[2025-02-22 16:00:39;INFO]----------------------------------------------------------------------------------------------------

[2025-02-22 16:00:39;INFO]Current Epoch: 191 / 500 | Learning Rate : 0.0005000000000002137
[2025-02-22 16:00:58;INFO]Train | Loss : 0.016021 | ACC : 3360/3360 (100.000%)
[2025-02-22 16:01:01;INFO]Valid | Loss : 0.093389 | ACC : 1399/1440 (97.153%)
[2025-02-22 16:01:01;INFO]      | Loss didn't drop!

[2025-02-22 16:01:01;INFO]best epoch: 187, best loss: 0.013026
[2025-02-22 16:01:01;INFO]----------------------------------------------------------------------------------------------------

[2025-02-22 16:01:01;INFO]Current Epoch: 192 / 500 | Learning Rate : 0.0009455032620947557
[2025-02-22 16:01:19;INFO]Train | Loss : 0.021028 | ACC : 3360/3360 (100.000%)
[2025-02-22 16:01:22;INFO]Valid | Loss : 0.014818 | ACC : 1440/1440 (100.000%)
[2025-02-22 16:01:22;INFO]      | Loss didn't drop!

[2025-02-22 16:01:22;INFO]best epoch: 187, best loss: 0.013026
[2025-02-22 16:01:22;INFO]----------------------------------------------------------------------------------------------------

[2025-02-22 16:01:22;INFO]Current Epoch: 193 / 500 | Learning Rate : 9.549150281258463e-05
[2025-02-22 16:01:41;INFO]Train | Loss : 0.018134 | ACC : 3359/3360 (99.970%)
[2025-02-22 16:01:44;INFO]Valid | Loss : 0.047889 | ACC : 1431/1440 (99.375%)
[2025-02-22 16:01:44;INFO]      | Loss didn't drop!

[2025-02-22 16:01:44;INFO]best epoch: 187, best loss: 0.013026
[2025-02-22 16:01:44;INFO]----------------------------------------------------------------------------------------------------

[2025-02-22 16:01:44;INFO]Current Epoch: 194 / 500 | Learning Rate : 0.0004217827674802716
[2025-02-22 16:02:03;INFO]Train | Loss : 0.024683 | ACC : 3358/3360 (99.940%)
[2025-02-22 16:02:05;INFO]Valid | Loss : 0.826740 | ACC : 1265/1440 (87.847%)
[2025-02-22 16:02:05;INFO]      | Loss didn't drop!

[2025-02-22 16:02:05;INFO]best epoch: 187, best loss: 0.013026
[2025-02-22 16:02:05;INFO]----------------------------------------------------------------------------------------------------

[2025-02-22 16:02:05;INFO]Current Epoch: 195 / 500 | Learning Rate : 0.0009755282581486905
[2025-02-22 16:02:24;INFO]Train | Loss : 0.020569 | ACC : 3360/3360 (100.000%)
[2025-02-22 16:02:27;INFO]Valid | Loss : 0.064271 | ACC : 1396/1440 (96.944%)
[2025-02-22 16:02:27;INFO]      | Loss didn't drop!

[2025-02-22 16:02:27;INFO]best epoch: 187, best loss: 0.013026
[2025-02-22 16:02:27;INFO]----------------------------------------------------------------------------------------------------

[2025-02-22 16:02:27;INFO]Current Epoch: 196 / 500 | Learning Rate : 0.0001464466094066762
[2025-02-22 16:02:46;INFO]Train | Loss : 0.022150 | ACC : 3359/3360 (99.970%)
[2025-02-22 16:02:49;INFO]Valid | Loss : 0.018074 | ACC : 1439/1440 (99.931%)
[2025-02-22 16:02:49;INFO]      | Loss didn't drop!

[2025-02-22 16:02:49;INFO]best epoch: 187, best loss: 0.013026
[2025-02-22 16:02:49;INFO]----------------------------------------------------------------------------------------------------

[2025-02-22 16:02:49;INFO]Current Epoch: 197 / 500 | Learning Rate : 0.0003454915028125608
[2025-02-22 16:03:08;INFO]Train | Loss : 0.027792 | ACC : 3357/3360 (99.911%)
[2025-02-22 16:03:10;INFO]Valid | Loss : 0.715698 | ACC : 1154/1440 (80.139%)
[2025-02-22 16:03:10;INFO]      | Loss didn't drop!

[2025-02-22 16:03:10;INFO]best epoch: 187, best loss: 0.013026
[2025-02-22 16:03:10;INFO]----------------------------------------------------------------------------------------------------

[2025-02-22 16:03:10;INFO]Current Epoch: 198 / 500 | Learning Rate : 0.0009938441702978186
[2025-02-22 16:03:29;INFO]Train | Loss : 0.048133 | ACC : 3346/3360 (99.583%)
[2025-02-22 16:03:32;INFO]Valid | Loss : 0.023760 | ACC : 1435/1440 (99.653%)
[2025-02-22 16:03:32;INFO]      | Loss didn't drop!

[2025-02-22 16:03:32;INFO]best epoch: 187, best loss: 0.013026
[2025-02-22 16:03:32;INFO]----------------------------------------------------------------------------------------------------

[2025-02-22 16:03:32;INFO]Current Epoch: 199 / 500 | Learning Rate : 0.00020610737385414257
[2025-02-22 16:03:51;INFO]Train | Loss : 0.026357 | ACC : 3359/3360 (99.970%)
[2025-02-22 16:03:54;INFO]Valid | Loss : 0.022527 | ACC : 1437/1440 (99.792%)
[2025-02-22 16:03:54;INFO]      | Loss didn't drop!

[2025-02-22 16:03:54;INFO]best epoch: 187, best loss: 0.013026
[2025-02-22 16:03:54;INFO]----------------------------------------------------------------------------------------------------

[2025-02-22 16:03:54;INFO]Current Epoch: 200 / 500 | Learning Rate : 0.00027300475013072406
[2025-02-22 16:04:13;INFO]Train | Loss : 0.016829 | ACC : 3360/3360 (100.000%)
[2025-02-22 16:04:15;INFO]Valid | Loss : 0.022935 | ACC : 1438/1440 (99.861%)
[2025-02-22 16:04:15;INFO]      | Loss didn't drop!

[2025-02-22 16:04:15;INFO]best epoch: 187, best loss: 0.013026
[2025-02-22 16:04:15;INFO]----------------------------------------------------------------------------------------------------

[2025-02-22 16:04:15;INFO]Current Epoch: 201 / 500 | Learning Rate : 0.0009999999999993686
[2025-02-22 16:04:34;INFO]Train | Loss : 0.018919 | ACC : 3360/3360 (100.000%)
[2025-02-22 16:04:37;INFO]Valid | Loss : 0.012887 | ACC : 1439/1440 (99.931%)
[2025-02-22 16:04:37;INFO]      | Loss dropped from 0.013026 to 0.012887, model has been saved!

[2025-02-22 16:04:37;INFO]best epoch: 201, best loss: 0.012887
[2025-02-22 16:04:37;INFO]----------------------------------------------------------------------------------------------------

[2025-02-22 16:04:37;INFO]Current Epoch: 202 / 500 | Learning Rate : 0.00027300475013051806
[2025-02-22 16:04:56;INFO]Train | Loss : 0.019440 | ACC : 3360/3360 (100.000%)
[2025-02-22 16:04:59;INFO]Valid | Loss : 0.013348 | ACC : 1440/1440 (100.000%)
[2025-02-22 16:04:59;INFO]      | Loss didn't drop!

[2025-02-22 16:04:59;INFO]best epoch: 201, best loss: 0.012887
[2025-02-22 16:04:59;INFO]----------------------------------------------------------------------------------------------------

[2025-02-22 16:04:59;INFO]Current Epoch: 203 / 500 | Learning Rate : 0.00020610737385396623
[2025-02-22 16:05:18;INFO]Train | Loss : 0.016732 | ACC : 3360/3360 (100.000%)
[2025-02-22 16:05:20;INFO]Valid | Loss : 0.047572 | ACC : 1432/1440 (99.444%)
[2025-02-22 16:05:20;INFO]      | Loss didn't drop!

[2025-02-22 16:05:20;INFO]best epoch: 201, best loss: 0.012887
[2025-02-22 16:05:20;INFO]----------------------------------------------------------------------------------------------------

[2025-02-22 16:05:20;INFO]Current Epoch: 204 / 500 | Learning Rate : 0.00099384417029748
[2025-02-22 16:05:39;INFO]Train | Loss : 0.014458 | ACC : 3360/3360 (100.000%)
[2025-02-22 16:05:42;INFO]Valid | Loss : 0.008429 | ACC : 1440/1440 (100.000%)
[2025-02-22 16:05:42;INFO]      | Loss dropped from 0.012887 to 0.008429, model has been saved!

[2025-02-22 16:05:42;INFO]best epoch: 204, best loss: 0.008429
[2025-02-22 16:05:42;INFO]----------------------------------------------------------------------------------------------------

[2025-02-22 16:05:42;INFO]Current Epoch: 205 / 500 | Learning Rate : 0.00034549150281261795
[2025-02-22 16:06:01;INFO]Train | Loss : 0.017828 | ACC : 3360/3360 (100.000%)
[2025-02-22 16:06:04;INFO]Valid | Loss : 0.019215 | ACC : 1440/1440 (100.000%)
[2025-02-22 16:06:04;INFO]      | Loss didn't drop!

[2025-02-22 16:06:04;INFO]best epoch: 204, best loss: 0.008429
[2025-02-22 16:06:04;INFO]----------------------------------------------------------------------------------------------------

[2025-02-22 16:06:04;INFO]Current Epoch: 206 / 500 | Learning Rate : 0.00014644660940675382
[2025-02-22 16:06:23;INFO]Train | Loss : 0.017220 | ACC : 3359/3360 (99.970%)
[2025-02-22 16:06:25;INFO]Valid | Loss : 0.044452 | ACC : 1435/1440 (99.653%)
[2025-02-22 16:06:25;INFO]      | Loss didn't drop!

[2025-02-22 16:06:25;INFO]best epoch: 204, best loss: 0.008429
[2025-02-22 16:06:25;INFO]----------------------------------------------------------------------------------------------------

[2025-02-22 16:06:25;INFO]Current Epoch: 207 / 500 | Learning Rate : 0.0009755282581480336
[2025-02-22 16:06:44;INFO]Train | Loss : 0.026764 | ACC : 3355/3360 (99.851%)
[2025-02-22 16:06:47;INFO]Valid | Loss : 0.012939 | ACC : 1440/1440 (100.000%)
[2025-02-22 16:06:47;INFO]      | Loss didn't drop!

[2025-02-22 16:06:47;INFO]best epoch: 204, best loss: 0.008429
[2025-02-22 16:06:47;INFO]----------------------------------------------------------------------------------------------------

[2025-02-22 16:06:47;INFO]Current Epoch: 208 / 500 | Learning Rate : 0.00042178276747958704
[2025-02-22 16:07:06;INFO]Train | Loss : 0.025365 | ACC : 3359/3360 (99.970%)
[2025-02-22 16:07:09;INFO]Valid | Loss : 0.024940 | ACC : 1436/1440 (99.722%)
[2025-02-22 16:07:09;INFO]      | Loss didn't drop!

[2025-02-22 16:07:09;INFO]best epoch: 204, best loss: 0.008429
[2025-02-22 16:07:09;INFO]----------------------------------------------------------------------------------------------------

[2025-02-22 16:07:09;INFO]Current Epoch: 209 / 500 | Learning Rate : 9.549150281247256e-05
[2025-02-22 16:07:27;INFO]Train | Loss : 0.017029 | ACC : 3360/3360 (100.000%)
[2025-02-22 16:07:30;INFO]Valid | Loss : 0.072967 | ACC : 1401/1440 (97.292%)
[2025-02-22 16:07:30;INFO]      | Loss didn't drop!

[2025-02-22 16:07:30;INFO]best epoch: 204, best loss: 0.008429
[2025-02-22 16:07:30;INFO]----------------------------------------------------------------------------------------------------

[2025-02-22 16:07:30;INFO]Current Epoch: 210 / 500 | Learning Rate : 0.0009455032620951367
[2025-02-22 16:07:49;INFO]Train | Loss : 0.016071 | ACC : 3360/3360 (100.000%)
[2025-02-22 16:07:52;INFO]Valid | Loss : 0.034298 | ACC : 1431/1440 (99.375%)
[2025-02-22 16:07:52;INFO]      | Loss didn't drop!

[2025-02-22 16:07:52;INFO]best epoch: 204, best loss: 0.008429
[2025-02-22 16:07:52;INFO]----------------------------------------------------------------------------------------------------

[2025-02-22 16:07:52;INFO]Current Epoch: 211 / 500 | Learning Rate : 0.0005000000000006184
[2025-02-22 16:08:11;INFO]Train | Loss : 0.015430 | ACC : 3360/3360 (100.000%)
[2025-02-22 16:08:13;INFO]Valid | Loss : 0.013571 | ACC : 1438/1440 (99.861%)
[2025-02-22 16:08:13;INFO]      | Loss didn't drop!

[2025-02-22 16:08:13;INFO]best epoch: 204, best loss: 0.008429
[2025-02-22 16:08:13;INFO]----------------------------------------------------------------------------------------------------

[2025-02-22 16:08:13;INFO]Current Epoch: 212 / 500 | Learning Rate : 5.449673790590808e-05
[2025-02-22 16:08:32;INFO]Train | Loss : 0.013000 | ACC : 3360/3360 (100.000%)
[2025-02-22 16:08:35;INFO]Valid | Loss : 0.025030 | ACC : 1439/1440 (99.931%)
[2025-02-22 16:08:35;INFO]      | Loss didn't drop!

[2025-02-22 16:08:35;INFO]best epoch: 204, best loss: 0.008429
[2025-02-22 16:08:35;INFO]----------------------------------------------------------------------------------------------------

[2025-02-22 16:08:35;INFO]Current Epoch: 213 / 500 | Learning Rate : 0.0009045084971875828
[2025-02-22 16:08:54;INFO]Train | Loss : 0.013409 | ACC : 3360/3360 (100.000%)
[2025-02-22 16:08:57;INFO]Valid | Loss : 0.008593 | ACC : 1440/1440 (100.000%)
[2025-02-22 16:08:57;INFO]      | Loss didn't drop!

[2025-02-22 16:08:57;INFO]best epoch: 204, best loss: 0.008429
[2025-02-22 16:08:57;INFO]----------------------------------------------------------------------------------------------------

[2025-02-22 16:08:57;INFO]Current Epoch: 214 / 500 | Learning Rate : 0.0005782172325202936
[2025-02-22 16:09:16;INFO]Train | Loss : 0.012659 | ACC : 3360/3360 (100.000%)
[2025-02-22 16:09:18;INFO]Valid | Loss : 0.022945 | ACC : 1439/1440 (99.931%)
[2025-02-22 16:09:18;INFO]      | Loss didn't drop!

[2025-02-22 16:09:18;INFO]best epoch: 204, best loss: 0.008429
[2025-02-22 16:09:18;INFO]----------------------------------------------------------------------------------------------------

[2025-02-22 16:09:18;INFO]Current Epoch: 215 / 500 | Learning Rate : 2.4471741852437895e-05
[2025-02-22 16:09:37;INFO]Train | Loss : 0.012414 | ACC : 3360/3360 (100.000%)
[2025-02-22 16:09:40;INFO]Valid | Loss : 0.026205 | ACC : 1429/1440 (99.236%)
[2025-02-22 16:09:40;INFO]      | Loss didn't drop!

[2025-02-22 16:09:40;INFO]best epoch: 204, best loss: 0.008429
[2025-02-22 16:09:40;INFO]----------------------------------------------------------------------------------------------------

[2025-02-22 16:09:40;INFO]Current Epoch: 216 / 500 | Learning Rate : 0.0008535533905950977
[2025-02-22 16:09:59;INFO]Train | Loss : 0.015449 | ACC : 3358/3360 (99.940%)
[2025-02-22 16:10:02;INFO]Valid | Loss : 0.078552 | ACC : 1403/1440 (97.431%)
[2025-02-22 16:10:02;INFO]      | Loss didn't drop!

[2025-02-22 16:10:02;INFO]best epoch: 204, best loss: 0.008429
[2025-02-22 16:10:02;INFO]----------------------------------------------------------------------------------------------------

[2025-02-22 16:10:02;INFO]Current Epoch: 217 / 500 | Learning Rate : 0.0006545084971870694
[2025-02-22 16:10:21;INFO]Train | Loss : 0.011943 | ACC : 3360/3360 (100.000%)
[2025-02-22 16:10:23;INFO]Valid | Loss : 0.014944 | ACC : 1438/1440 (99.861%)
[2025-02-22 16:10:23;INFO]      | Loss didn't drop!

[2025-02-22 16:10:23;INFO]best epoch: 204, best loss: 0.008429
[2025-02-22 16:10:23;INFO]----------------------------------------------------------------------------------------------------

[2025-02-22 16:10:23;INFO]Current Epoch: 218 / 500 | Learning Rate : 6.155829702434443e-06
[2025-02-22 16:10:42;INFO]Train | Loss : 0.012728 | ACC : 3360/3360 (100.000%)
[2025-02-22 16:10:45;INFO]Valid | Loss : 0.018282 | ACC : 1439/1440 (99.931%)
[2025-02-22 16:10:45;INFO]      | Loss didn't drop!

[2025-02-22 16:10:45;INFO]best epoch: 204, best loss: 0.008429
[2025-02-22 16:10:45;INFO]----------------------------------------------------------------------------------------------------

[2025-02-22 16:10:45;INFO]Current Epoch: 219 / 500 | Learning Rate : 0.0007938926261472515
[2025-02-22 16:11:04;INFO]Train | Loss : 0.014181 | ACC : 3360/3360 (100.000%)
[2025-02-22 16:11:07;INFO]Valid | Loss : 0.132963 | ACC : 1364/1440 (94.722%)
[2025-02-22 16:11:07;INFO]      | Loss didn't drop!

[2025-02-22 16:11:07;INFO]best epoch: 204, best loss: 0.008429
[2025-02-22 16:11:07;INFO]----------------------------------------------------------------------------------------------------

[2025-02-22 16:11:07;INFO]Current Epoch: 220 / 500 | Learning Rate : 0.0007269952498697653
[2025-02-22 16:11:26;INFO]Train | Loss : 0.015203 | ACC : 3360/3360 (100.000%)
[2025-02-22 16:11:28;INFO]Valid | Loss : 0.009749 | ACC : 1440/1440 (100.000%)
[2025-02-22 16:11:28;INFO]      | Loss didn't drop!

[2025-02-22 16:11:28;INFO]best epoch: 204, best loss: 0.008429
[2025-02-22 16:11:28;INFO]----------------------------------------------------------------------------------------------------

[2025-02-22 16:11:28;INFO]Current Epoch: 221 / 500 | Learning Rate : 0.0
[2025-02-22 16:11:47;INFO]Train | Loss : 0.012331 | ACC : 3360/3360 (100.000%)
[2025-02-22 16:11:50;INFO]Valid | Loss : 0.119335 | ACC : 1385/1440 (96.181%)
[2025-02-22 16:11:50;INFO]      | Loss didn't drop!

[2025-02-22 16:11:50;INFO]best epoch: 204, best loss: 0.008429
[2025-02-22 16:11:50;INFO]----------------------------------------------------------------------------------------------------

[2025-02-22 16:11:50;INFO]Current Epoch: 222 / 500 | Learning Rate : 0.0007269952498699845
[2025-02-22 16:12:09;INFO]Train | Loss : 0.014255 | ACC : 3360/3360 (100.000%)
[2025-02-22 16:12:12;INFO]Valid | Loss : 0.204883 | ACC : 1352/1440 (93.889%)
[2025-02-22 16:12:12;INFO]      | Loss didn't drop!

[2025-02-22 16:12:12;INFO]best epoch: 204, best loss: 0.008429
[2025-02-22 16:12:12;INFO]----------------------------------------------------------------------------------------------------

[2025-02-22 16:12:12;INFO]Current Epoch: 223 / 500 | Learning Rate : 0.0007938926261466967
[2025-02-22 16:12:31;INFO]Train | Loss : 0.018994 | ACC : 3357/3360 (99.911%)
[2025-02-22 16:12:33;INFO]Valid | Loss : 0.022749 | ACC : 1436/1440 (99.722%)
[2025-02-22 16:12:33;INFO]      | Loss didn't drop!

[2025-02-22 16:12:33;INFO]best epoch: 204, best loss: 0.008429
[2025-02-22 16:12:33;INFO]----------------------------------------------------------------------------------------------------

[2025-02-22 16:12:33;INFO]Current Epoch: 224 / 500 | Learning Rate : 6.155829702431115e-06
[2025-02-22 16:12:52;INFO]Train | Loss : 0.014967 | ACC : 3360/3360 (100.000%)
[2025-02-22 16:12:55;INFO]Valid | Loss : 0.071150 | ACC : 1418/1440 (98.472%)
[2025-02-22 16:12:55;INFO]      | Loss didn't drop!

[2025-02-22 16:12:55;INFO]best epoch: 204, best loss: 0.008429
[2025-02-22 16:12:55;INFO]----------------------------------------------------------------------------------------------------

[2025-02-22 16:12:55;INFO]Current Epoch: 225 / 500 | Learning Rate : 0.000654508497187094
[2025-02-22 16:13:14;INFO]Train | Loss : 0.014825 | ACC : 3359/3360 (99.970%)
[2025-02-22 16:13:17;INFO]Valid | Loss : 0.019638 | ACC : 1440/1440 (100.000%)
[2025-02-22 16:13:17;INFO]      | Loss didn't drop!

[2025-02-22 16:13:17;INFO]best epoch: 204, best loss: 0.008429
[2025-02-22 16:13:17;INFO]----------------------------------------------------------------------------------------------------

[2025-02-22 16:13:17;INFO]Current Epoch: 226 / 500 | Learning Rate : 0.0008535533905942619
[2025-02-22 16:13:36;INFO]Train | Loss : 0.027138 | ACC : 3354/3360 (99.821%)
[2025-02-22 16:13:38;INFO]Valid | Loss : 0.010303 | ACC : 1440/1440 (100.000%)
[2025-02-22 16:13:38;INFO]      | Loss didn't drop!

[2025-02-22 16:13:38;INFO]best epoch: 204, best loss: 0.008429
[2025-02-22 16:13:38;INFO]----------------------------------------------------------------------------------------------------

[2025-02-22 16:13:38;INFO]Current Epoch: 227 / 500 | Learning Rate : 2.4471741852457106e-05
[2025-02-22 16:13:57;INFO]Train | Loss : 0.014239 | ACC : 3360/3360 (100.000%)
[2025-02-22 16:14:00;INFO]Valid | Loss : 0.040992 | ACC : 1429/1440 (99.236%)
[2025-02-22 16:14:00;INFO]      | Loss didn't drop!

[2025-02-22 16:14:00;INFO]best epoch: 204, best loss: 0.008429
[2025-02-22 16:14:00;INFO]----------------------------------------------------------------------------------------------------

[2025-02-22 16:14:00;INFO]Current Epoch: 228 / 500 | Learning Rate : 0.0005782172325209576
[2025-02-22 16:14:19;INFO]Train | Loss : 0.016548 | ACC : 3360/3360 (100.000%)
[2025-02-22 16:14:22;INFO]Valid | Loss : 0.184811 | ACC : 1364/1440 (94.722%)
[2025-02-22 16:14:22;INFO]      | Loss didn't drop!

[2025-02-22 16:14:22;INFO]best epoch: 204, best loss: 0.008429
[2025-02-22 16:14:22;INFO]----------------------------------------------------------------------------------------------------

[2025-02-22 16:14:22;INFO]Current Epoch: 229 / 500 | Learning Rate : 0.0009045084971876861
[2025-02-22 16:14:41;INFO]Train | Loss : 0.019827 | ACC : 3360/3360 (100.000%)
[2025-02-22 16:14:43;INFO]Valid | Loss : 0.011213 | ACC : 1440/1440 (100.000%)
[2025-02-22 16:14:43;INFO]      | Loss didn't drop!

[2025-02-22 16:14:43;INFO]best epoch: 204, best loss: 0.008429
[2025-02-22 16:14:43;INFO]----------------------------------------------------------------------------------------------------

[2025-02-22 16:14:43;INFO]Current Epoch: 230 / 500 | Learning Rate : 5.4496737905832074e-05
[2025-02-22 16:15:02;INFO]Train | Loss : 0.013581 | ACC : 3360/3360 (100.000%)
[2025-02-22 16:15:05;INFO]Valid | Loss : 0.190929 | ACC : 1326/1440 (92.083%)
[2025-02-22 16:15:05;INFO]      | Loss didn't drop!

[2025-02-22 16:15:05;INFO]best epoch: 204, best loss: 0.008429
[2025-02-22 16:15:05;INFO]----------------------------------------------------------------------------------------------------

[2025-02-22 16:15:05;INFO]Current Epoch: 231 / 500 | Learning Rate : 0.000500000000000254
[2025-02-22 16:15:24;INFO]Train | Loss : 0.014725 | ACC : 3359/3360 (99.970%)
[2025-02-22 16:15:27;INFO]Valid | Loss : 0.186374 | ACC : 1373/1440 (95.347%)
[2025-02-22 16:15:27;INFO]      | Loss didn't drop!

[2025-02-22 16:15:27;INFO]best epoch: 204, best loss: 0.008429
[2025-02-22 16:15:27;INFO]----------------------------------------------------------------------------------------------------

[2025-02-22 16:15:27;INFO]Current Epoch: 232 / 500 | Learning Rate : 0.0009455032620935505
[2025-02-22 16:15:46;INFO]Train | Loss : 0.085587 | ACC : 3312/3360 (98.571%)
[2025-02-22 16:15:48;INFO]Valid | Loss : 0.037616 | ACC : 1435/1440 (99.653%)
[2025-02-22 16:15:48;INFO]      | Loss didn't drop!

[2025-02-22 16:15:48;INFO]best epoch: 204, best loss: 0.008429
[2025-02-22 16:15:48;INFO]----------------------------------------------------------------------------------------------------

[2025-02-22 16:15:48;INFO]Current Epoch: 233 / 500 | Learning Rate : 9.549150281245923e-05
[2025-02-22 16:16:07;INFO]Train | Loss : 0.033381 | ACC : 3353/3360 (99.792%)
[2025-02-22 16:16:10;INFO]Valid | Loss : 0.252934 | ACC : 1337/1440 (92.847%)
[2025-02-22 16:16:10;INFO]      | Loss didn't drop!

[2025-02-22 16:16:10;INFO]best epoch: 204, best loss: 0.008429
[2025-02-22 16:16:10;INFO]----------------------------------------------------------------------------------------------------

[2025-02-22 16:16:10;INFO]Current Epoch: 234 / 500 | Learning Rate : 0.0004217827674797421
[2025-02-22 16:16:29;INFO]Train | Loss : 0.018736 | ACC : 3360/3360 (100.000%)
[2025-02-22 16:16:32;INFO]Valid | Loss : 0.365888 | ACC : 1323/1440 (91.875%)
[2025-02-22 16:16:32;INFO]      | Loss didn't drop!

[2025-02-22 16:16:32;INFO]best epoch: 204, best loss: 0.008429
[2025-02-22 16:16:32;INFO]----------------------------------------------------------------------------------------------------

[2025-02-22 16:16:32;INFO]Current Epoch: 235 / 500 | Learning Rate : 0.0009755282581488636
[2025-02-22 16:16:51;INFO]Train | Loss : 0.027324 | ACC : 3359/3360 (99.970%)
[2025-02-22 16:16:53;INFO]Valid | Loss : 0.012885 | ACC : 1440/1440 (100.000%)
[2025-02-22 16:16:53;INFO]      | Loss didn't drop!

[2025-02-22 16:16:53;INFO]best epoch: 204, best loss: 0.008429
[2025-02-22 16:16:53;INFO]----------------------------------------------------------------------------------------------------

[2025-02-22 16:16:53;INFO]Current Epoch: 236 / 500 | Learning Rate : 0.00014644660940673664
[2025-02-22 16:17:12;INFO]Train | Loss : 0.018819 | ACC : 3359/3360 (99.970%)
[2025-02-22 16:17:15;INFO]Valid | Loss : 0.410676 | ACC : 1256/1440 (87.222%)
[2025-02-22 16:17:15;INFO]      | Loss didn't drop!

[2025-02-22 16:17:15;INFO]best epoch: 204, best loss: 0.008429
[2025-02-22 16:17:15;INFO]----------------------------------------------------------------------------------------------------

[2025-02-22 16:17:15;INFO]Current Epoch: 237 / 500 | Learning Rate : 0.0003454915028126264
[2025-02-22 16:17:34;INFO]Train | Loss : 0.015438 | ACC : 3359/3360 (99.970%)
[2025-02-22 16:17:37;INFO]Valid | Loss : 0.132522 | ACC : 1372/1440 (95.278%)
[2025-02-22 16:17:37;INFO]      | Loss didn't drop!

[2025-02-22 16:17:37;INFO]best epoch: 204, best loss: 0.008429
[2025-02-22 16:17:37;INFO]----------------------------------------------------------------------------------------------------

[2025-02-22 16:17:37;INFO]Current Epoch: 238 / 500 | Learning Rate : 0.0009938441702979875
[2025-02-22 16:17:56;INFO]Train | Loss : 0.018106 | ACC : 3358/3360 (99.940%)
[2025-02-22 16:17:58;INFO]Valid | Loss : 0.008187 | ACC : 1440/1440 (100.000%)
[2025-02-22 16:17:58;INFO]      | Loss dropped from 0.008429 to 0.008187, model has been saved!

[2025-02-22 16:17:58;INFO]best epoch: 238, best loss: 0.008187
[2025-02-22 16:17:58;INFO]----------------------------------------------------------------------------------------------------

[2025-02-22 16:17:58;INFO]Current Epoch: 239 / 500 | Learning Rate : 0.0002061073738538749
[2025-02-22 16:18:17;INFO]Train | Loss : 0.019200 | ACC : 3357/3360 (99.911%)
[2025-02-22 16:18:20;INFO]Valid | Loss : 0.046414 | ACC : 1432/1440 (99.444%)
[2025-02-22 16:18:20;INFO]      | Loss didn't drop!

[2025-02-22 16:18:20;INFO]best epoch: 238, best loss: 0.008187
[2025-02-22 16:18:20;INFO]----------------------------------------------------------------------------------------------------

[2025-02-22 16:18:20;INFO]Current Epoch: 240 / 500 | Learning Rate : 0.0002730047501304841
[2025-02-22 16:18:39;INFO]Train | Loss : 0.012190 | ACC : 3360/3360 (100.000%)
[2025-02-22 16:18:42;INFO]Valid | Loss : 0.038584 | ACC : 1424/1440 (98.889%)
[2025-02-22 16:18:42;INFO]      | Loss didn't drop!

[2025-02-22 16:18:42;INFO]best epoch: 238, best loss: 0.008187
[2025-02-22 16:18:42;INFO]----------------------------------------------------------------------------------------------------

[2025-02-22 16:18:42;INFO]Current Epoch: 241 / 500 | Learning Rate : 0.0009999999999995403
[2025-02-22 16:19:01;INFO]Train | Loss : 0.010706 | ACC : 3360/3360 (100.000%)
[2025-02-22 16:19:03;INFO]Valid | Loss : 0.007052 | ACC : 1440/1440 (100.000%)
[2025-02-22 16:19:03;INFO]      | Loss dropped from 0.008187 to 0.007052, model has been saved!

[2025-02-22 16:19:03;INFO]best epoch: 241, best loss: 0.007052
[2025-02-22 16:19:03;INFO]----------------------------------------------------------------------------------------------------

[2025-02-22 16:19:03;INFO]Current Epoch: 242 / 500 | Learning Rate : 0.00027300475013061174
[2025-02-22 16:19:22;INFO]Train | Loss : 0.010742 | ACC : 3360/3360 (100.000%)
[2025-02-22 16:19:25;INFO]Valid | Loss : 0.006844 | ACC : 1440/1440 (100.000%)
[2025-02-22 16:19:25;INFO]      | Loss dropped from 0.007052 to 0.006844, model has been saved!

[2025-02-22 16:19:25;INFO]best epoch: 242, best loss: 0.006844
[2025-02-22 16:19:25;INFO]----------------------------------------------------------------------------------------------------

[2025-02-22 16:19:25;INFO]Current Epoch: 243 / 500 | Learning Rate : 0.00020610737385400895
[2025-02-22 16:19:44;INFO]Train | Loss : 0.009728 | ACC : 3360/3360 (100.000%)
[2025-02-22 16:19:47;INFO]Valid | Loss : 0.010439 | ACC : 1440/1440 (100.000%)
[2025-02-22 16:19:47;INFO]      | Loss didn't drop!

[2025-02-22 16:19:47;INFO]best epoch: 242, best loss: 0.006844
[2025-02-22 16:19:47;INFO]----------------------------------------------------------------------------------------------------

[2025-02-22 16:19:47;INFO]Current Epoch: 244 / 500 | Learning Rate : 0.0009938441702990939
[2025-02-22 16:20:05;INFO]Train | Loss : 0.010058 | ACC : 3360/3360 (100.000%)
[2025-02-22 16:20:08;INFO]Valid | Loss : 0.005967 | ACC : 1440/1440 (100.000%)
[2025-02-22 16:20:08;INFO]      | Loss dropped from 0.006844 to 0.005967, model has been saved!

[2025-02-22 16:20:08;INFO]best epoch: 244, best loss: 0.005967
[2025-02-22 16:20:08;INFO]----------------------------------------------------------------------------------------------------

[2025-02-22 16:20:08;INFO]Current Epoch: 245 / 500 | Learning Rate : 0.00034549150281211813
[2025-02-22 16:20:27;INFO]Train | Loss : 0.010232 | ACC : 3360/3360 (100.000%)
[2025-02-22 16:20:30;INFO]Valid | Loss : 0.006336 | ACC : 1440/1440 (100.000%)
[2025-02-22 16:20:30;INFO]      | Loss didn't drop!

[2025-02-22 16:20:30;INFO]best epoch: 244, best loss: 0.005967
[2025-02-22 16:20:30;INFO]----------------------------------------------------------------------------------------------------

[2025-02-22 16:20:30;INFO]Current Epoch: 246 / 500 | Learning Rate : 0.00014644660940653218
[2025-02-22 16:20:49;INFO]Train | Loss : 0.011154 | ACC : 3360/3360 (100.000%)
[2025-02-22 16:20:51;INFO]Valid | Loss : 0.009258 | ACC : 1439/1440 (99.931%)
[2025-02-22 16:20:51;INFO]      | Loss didn't drop!

[2025-02-22 16:20:51;INFO]best epoch: 244, best loss: 0.005967
[2025-02-22 16:20:51;INFO]----------------------------------------------------------------------------------------------------

[2025-02-22 16:20:51;INFO]Current Epoch: 247 / 500 | Learning Rate : 0.0009755282581496018
[2025-02-22 16:21:10;INFO]Train | Loss : 0.012735 | ACC : 3360/3360 (100.000%)
[2025-02-22 16:21:13;INFO]Valid | Loss : 0.011320 | ACC : 1440/1440 (100.000%)
[2025-02-22 16:21:13;INFO]      | Loss didn't drop!

[2025-02-22 16:21:13;INFO]best epoch: 244, best loss: 0.005967
[2025-02-22 16:21:13;INFO]----------------------------------------------------------------------------------------------------

[2025-02-22 16:21:13;INFO]Current Epoch: 248 / 500 | Learning Rate : 0.0004217827674796564
[2025-02-22 16:21:32;INFO]Train | Loss : 0.012636 | ACC : 3358/3360 (99.940%)
[2025-02-22 16:21:35;INFO]Valid | Loss : 0.011284 | ACC : 1439/1440 (99.931%)
[2025-02-22 16:21:35;INFO]      | Loss didn't drop!

[2025-02-22 16:21:35;INFO]best epoch: 244, best loss: 0.005967
[2025-02-22 16:21:35;INFO]----------------------------------------------------------------------------------------------------

[2025-02-22 16:21:35;INFO]Current Epoch: 249 / 500 | Learning Rate : 9.549150281249383e-05
[2025-02-22 16:21:54;INFO]Train | Loss : 0.011869 | ACC : 3359/3360 (99.970%)
[2025-02-22 16:21:56;INFO]Valid | Loss : 0.092866 | ACC : 1397/1440 (97.014%)
[2025-02-22 16:21:56;INFO]      | Loss didn't drop!

[2025-02-22 16:21:56;INFO]best epoch: 244, best loss: 0.005967
[2025-02-22 16:21:56;INFO]----------------------------------------------------------------------------------------------------

[2025-02-22 16:21:56;INFO]Current Epoch: 250 / 500 | Learning Rate : 0.0009455032620939634
[2025-02-22 16:22:15;INFO]Train | Loss : 0.019120 | ACC : 3357/3360 (99.911%)
[2025-02-22 16:22:18;INFO]Valid | Loss : 0.104645 | ACC : 1392/1440 (96.667%)
[2025-02-22 16:22:18;INFO]      | Loss didn't drop!

[2025-02-22 16:22:18;INFO]best epoch: 244, best loss: 0.005967
[2025-02-22 16:22:18;INFO]----------------------------------------------------------------------------------------------------

[2025-02-22 16:22:18;INFO]Current Epoch: 251 / 500 | Learning Rate : 0.0005000000000000328
[2025-02-22 16:22:37;INFO]Train | Loss : 0.020864 | ACC : 3356/3360 (99.881%)
[2025-02-22 16:22:40;INFO]Valid | Loss : 0.014101 | ACC : 1438/1440 (99.861%)
[2025-02-22 16:22:40;INFO]      | Loss didn't drop!

[2025-02-22 16:22:40;INFO]best epoch: 244, best loss: 0.005967
[2025-02-22 16:22:40;INFO]----------------------------------------------------------------------------------------------------

[2025-02-22 16:22:40;INFO]Current Epoch: 252 / 500 | Learning Rate : 5.4496737905816116e-05
[2025-02-22 16:22:59;INFO]Train | Loss : 0.013415 | ACC : 3360/3360 (100.000%)
[2025-02-22 16:23:01;INFO]Valid | Loss : 0.218249 | ACC : 1352/1440 (93.889%)
[2025-02-22 16:23:01;INFO]      | Loss didn't drop!

[2025-02-22 16:23:01;INFO]best epoch: 244, best loss: 0.005967
[2025-02-22 16:23:01;INFO]----------------------------------------------------------------------------------------------------

[2025-02-22 16:23:01;INFO]Current Epoch: 253 / 500 | Learning Rate : 0.0009045084971877499
[2025-02-22 16:23:20;INFO]Train | Loss : 0.013138 | ACC : 3358/3360 (99.940%)
[2025-02-22 16:23:23;INFO]Valid | Loss : 0.033158 | ACC : 1423/1440 (98.819%)
[2025-02-22 16:23:23;INFO]      | Loss didn't drop!

[2025-02-22 16:23:23;INFO]best epoch: 244, best loss: 0.005967
[2025-02-22 16:23:23;INFO]----------------------------------------------------------------------------------------------------

[2025-02-22 16:23:23;INFO]Current Epoch: 254 / 500 | Learning Rate : 0.0005782172325203861
[2025-02-22 16:23:42;INFO]Train | Loss : 0.013368 | ACC : 3360/3360 (100.000%)
[2025-02-22 16:23:45;INFO]Valid | Loss : 0.012155 | ACC : 1440/1440 (100.000%)
[2025-02-22 16:23:45;INFO]      | Loss didn't drop!

[2025-02-22 16:23:45;INFO]best epoch: 244, best loss: 0.005967
[2025-02-22 16:23:45;INFO]----------------------------------------------------------------------------------------------------

[2025-02-22 16:23:45;INFO]Current Epoch: 255 / 500 | Learning Rate : 2.4471741852461778e-05
[2025-02-22 16:24:04;INFO]Train | Loss : 0.009917 | ACC : 3360/3360 (100.000%)
[2025-02-22 16:24:06;INFO]Valid | Loss : 0.010390 | ACC : 1440/1440 (100.000%)
[2025-02-22 16:24:06;INFO]      | Loss didn't drop!

[2025-02-22 16:24:06;INFO]best epoch: 244, best loss: 0.005967
[2025-02-22 16:24:06;INFO]----------------------------------------------------------------------------------------------------

[2025-02-22 16:24:06;INFO]Current Epoch: 256 / 500 | Learning Rate : 0.0008535533905939854
[2025-02-22 16:24:25;INFO]Train | Loss : 0.008330 | ACC : 3360/3360 (100.000%)
[2025-02-22 16:24:28;INFO]Valid | Loss : 0.005879 | ACC : 1440/1440 (100.000%)
[2025-02-22 16:24:28;INFO]      | Loss dropped from 0.005967 to 0.005879, model has been saved!

[2025-02-22 16:24:28;INFO]best epoch: 256, best loss: 0.005879
[2025-02-22 16:24:28;INFO]----------------------------------------------------------------------------------------------------

[2025-02-22 16:24:28;INFO]Current Epoch: 257 / 500 | Learning Rate : 0.0006545084971881796
[2025-02-22 16:24:47;INFO]Train | Loss : 0.007608 | ACC : 3360/3360 (100.000%)
[2025-02-22 16:24:49;INFO]Valid | Loss : 0.014078 | ACC : 1438/1440 (99.861%)
[2025-02-22 16:24:49;INFO]      | Loss didn't drop!

[2025-02-22 16:24:49;INFO]best epoch: 256, best loss: 0.005879
[2025-02-22 16:24:49;INFO]----------------------------------------------------------------------------------------------------

[2025-02-22 16:24:49;INFO]Current Epoch: 258 / 500 | Learning Rate : 6.155829702445545e-06
[2025-02-22 16:25:08;INFO]Train | Loss : 0.007318 | ACC : 3360/3360 (100.000%)
[2025-02-22 16:25:11;INFO]Valid | Loss : 0.043830 | ACC : 1418/1440 (98.472%)
[2025-02-22 16:25:11;INFO]      | Loss didn't drop!

[2025-02-22 16:25:11;INFO]best epoch: 256, best loss: 0.005879
[2025-02-22 16:25:11;INFO]----------------------------------------------------------------------------------------------------

[2025-02-22 16:25:11;INFO]Current Epoch: 259 / 500 | Learning Rate : 0.0007938926261473928
[2025-02-22 16:25:30;INFO]Train | Loss : 0.009145 | ACC : 3360/3360 (100.000%)
[2025-02-22 16:25:33;INFO]Valid | Loss : 0.007465 | ACC : 1440/1440 (100.000%)
[2025-02-22 16:25:33;INFO]      | Loss didn't drop!

[2025-02-22 16:25:33;INFO]best epoch: 256, best loss: 0.005879
[2025-02-22 16:25:33;INFO]----------------------------------------------------------------------------------------------------

[2025-02-22 16:25:33;INFO]Current Epoch: 260 / 500 | Learning Rate : 0.0007269952498708882
[2025-02-22 16:25:52;INFO]Train | Loss : 0.011136 | ACC : 3360/3360 (100.000%)
[2025-02-22 16:25:54;INFO]Valid | Loss : 0.008461 | ACC : 1440/1440 (100.000%)
[2025-02-22 16:25:54;INFO]      | Loss didn't drop!

[2025-02-22 16:25:54;INFO]best epoch: 256, best loss: 0.005879
[2025-02-22 16:25:54;INFO]----------------------------------------------------------------------------------------------------

[2025-02-22 16:25:54;INFO]Current Epoch: 261 / 500 | Learning Rate : 0.0
[2025-02-22 16:26:13;INFO]Train | Loss : 0.008249 | ACC : 3359/3360 (99.970%)
[2025-02-22 16:26:16;INFO]Valid | Loss : 0.009606 | ACC : 1439/1440 (99.931%)
[2025-02-22 16:26:16;INFO]      | Loss didn't drop!

[2025-02-22 16:26:16;INFO]best epoch: 256, best loss: 0.005879
[2025-02-22 16:26:16;INFO]----------------------------------------------------------------------------------------------------

[2025-02-22 16:26:16;INFO]Current Epoch: 262 / 500 | Learning Rate : 0.0007269952498691171
[2025-02-22 16:26:35;INFO]Train | Loss : 0.008963 | ACC : 3359/3360 (99.970%)
[2025-02-22 16:26:38;INFO]Valid | Loss : 0.801274 | ACC : 1269/1440 (88.125%)
[2025-02-22 16:26:38;INFO]      | Loss didn't drop!

[2025-02-22 16:26:38;INFO]best epoch: 256, best loss: 0.005879
[2025-02-22 16:26:38;INFO]----------------------------------------------------------------------------------------------------

[2025-02-22 16:26:38;INFO]Current Epoch: 263 / 500 | Learning Rate : 0.0007938926261480181
[2025-02-22 16:26:57;INFO]Train | Loss : 0.032896 | ACC : 3342/3360 (99.464%)
[2025-02-22 16:26:59;INFO]Valid | Loss : 0.385303 | ACC : 1309/1440 (90.903%)
[2025-02-22 16:26:59;INFO]      | Loss didn't drop!

[2025-02-22 16:26:59;INFO]best epoch: 256, best loss: 0.005879
[2025-02-22 16:26:59;INFO]----------------------------------------------------------------------------------------------------

[2025-02-22 16:26:59;INFO]Current Epoch: 264 / 500 | Learning Rate : 6.155829702431115e-06
[2025-02-22 16:27:18;INFO]Train | Loss : 0.023650 | ACC : 3355/3360 (99.851%)
[2025-02-22 16:27:21;INFO]Valid | Loss : 0.174410 | ACC : 1342/1440 (93.194%)
[2025-02-22 16:27:21;INFO]      | Loss didn't drop!

[2025-02-22 16:27:21;INFO]best epoch: 256, best loss: 0.005879
[2025-02-22 16:27:21;INFO]----------------------------------------------------------------------------------------------------

[2025-02-22 16:27:21;INFO]Current Epoch: 265 / 500 | Learning Rate : 0.0006545084971872127
[2025-02-22 16:27:40;INFO]Train | Loss : 0.023201 | ACC : 3357/3360 (99.911%)
[2025-02-22 16:27:43;INFO]Valid | Loss : 0.056703 | ACC : 1422/1440 (98.750%)
[2025-02-22 16:27:43;INFO]      | Loss didn't drop!

[2025-02-22 16:27:43;INFO]best epoch: 256, best loss: 0.005879
[2025-02-22 16:27:43;INFO]----------------------------------------------------------------------------------------------------

[2025-02-22 16:27:43;INFO]Current Epoch: 266 / 500 | Learning Rate : 0.0008535533905931309
[2025-02-22 16:28:02;INFO]Train | Loss : 0.027237 | ACC : 3350/3360 (99.702%)
[2025-02-22 16:28:04;INFO]Valid | Loss : 0.018696 | ACC : 1439/1440 (99.931%)
[2025-02-22 16:28:04;INFO]      | Loss didn't drop!

[2025-02-22 16:28:04;INFO]best epoch: 256, best loss: 0.005879
[2025-02-22 16:28:04;INFO]----------------------------------------------------------------------------------------------------

[2025-02-22 16:28:04;INFO]Current Epoch: 267 / 500 | Learning Rate : 2.4471741852441422e-05
[2025-02-22 16:28:23;INFO]Train | Loss : 0.011682 | ACC : 3360/3360 (100.000%)
[2025-02-22 16:28:26;INFO]Valid | Loss : 0.149267 | ACC : 1361/1440 (94.514%)
[2025-02-22 16:28:26;INFO]      | Loss didn't drop!

[2025-02-22 16:28:26;INFO]best epoch: 256, best loss: 0.005879
[2025-02-22 16:28:26;INFO]----------------------------------------------------------------------------------------------------

[2025-02-22 16:28:26;INFO]Current Epoch: 268 / 500 | Learning Rate : 0.0005782172325201734
[2025-02-22 16:28:45;INFO]Train | Loss : 0.009518 | ACC : 3360/3360 (100.000%)
[2025-02-22 16:28:48;INFO]Valid | Loss : 0.023339 | ACC : 1432/1440 (99.444%)
[2025-02-22 16:28:48;INFO]      | Loss didn't drop!

[2025-02-22 16:28:48;INFO]best epoch: 256, best loss: 0.005879
[2025-02-22 16:28:48;INFO]----------------------------------------------------------------------------------------------------

[2025-02-22 16:28:48;INFO]Current Epoch: 269 / 500 | Learning Rate : 0.0009045084971878449
[2025-02-22 16:29:07;INFO]Train | Loss : 0.008234 | ACC : 3360/3360 (100.000%)
[2025-02-22 16:29:09;INFO]Valid | Loss : 0.004952 | ACC : 1440/1440 (100.000%)
[2025-02-22 16:29:09;INFO]      | Loss dropped from 0.005879 to 0.004952, model has been saved!

[2025-02-22 16:29:09;INFO]best epoch: 269, best loss: 0.004952
[2025-02-22 16:29:09;INFO]----------------------------------------------------------------------------------------------------

[2025-02-22 16:29:09;INFO]Current Epoch: 270 / 500 | Learning Rate : 5.44967379058383e-05
[2025-02-22 16:29:28;INFO]Train | Loss : 0.007912 | ACC : 3360/3360 (100.000%)
[2025-02-22 16:29:31;INFO]Valid | Loss : 0.006124 | ACC : 1440/1440 (100.000%)
[2025-02-22 16:29:31;INFO]      | Loss didn't drop!

[2025-02-22 16:29:31;INFO]best epoch: 269, best loss: 0.004952
[2025-02-22 16:29:31;INFO]----------------------------------------------------------------------------------------------------

[2025-02-22 16:29:31;INFO]Current Epoch: 271 / 500 | Learning Rate : 0.0005000000000004031
[2025-02-22 16:29:50;INFO]Train | Loss : 0.009157 | ACC : 3360/3360 (100.000%)
[2025-02-22 16:29:53;INFO]Valid | Loss : 0.013244 | ACC : 1439/1440 (99.931%)
[2025-02-22 16:29:53;INFO]      | Loss didn't drop!

[2025-02-22 16:29:53;INFO]best epoch: 269, best loss: 0.004952
[2025-02-22 16:29:53;INFO]----------------------------------------------------------------------------------------------------

[2025-02-22 16:29:53;INFO]Current Epoch: 272 / 500 | Learning Rate : 0.0009455032620950994
[2025-02-22 16:30:11;INFO]Train | Loss : 0.027664 | ACC : 3347/3360 (99.613%)
[2025-02-22 16:30:14;INFO]Valid | Loss : 0.027838 | ACC : 1424/1440 (98.889%)
[2025-02-22 16:30:14;INFO]      | Loss didn't drop!

[2025-02-22 16:30:14;INFO]best epoch: 269, best loss: 0.004952
[2025-02-22 16:30:14;INFO]----------------------------------------------------------------------------------------------------

[2025-02-22 16:30:14;INFO]Current Epoch: 273 / 500 | Learning Rate : 9.549150281264358e-05
[2025-02-22 16:30:33;INFO]Train | Loss : 0.023508 | ACC : 3358/3360 (99.940%)
[2025-02-22 16:30:36;INFO]Valid | Loss : 0.249185 | ACC : 1350/1440 (93.750%)
[2025-02-22 16:30:36;INFO]      | Loss didn't drop!

[2025-02-22 16:30:36;INFO]best epoch: 269, best loss: 0.004952
[2025-02-22 16:30:36;INFO]----------------------------------------------------------------------------------------------------

[2025-02-22 16:30:36;INFO]Current Epoch: 274 / 500 | Learning Rate : 0.00042178276748043353
[2025-02-22 16:30:55;INFO]Train | Loss : 0.011546 | ACC : 3360/3360 (100.000%)
[2025-02-22 16:30:57;INFO]Valid | Loss : 0.034906 | ACC : 1437/1440 (99.792%)
[2025-02-22 16:30:57;INFO]      | Loss didn't drop!

[2025-02-22 16:30:57;INFO]best epoch: 269, best loss: 0.004952
[2025-02-22 16:30:57;INFO]----------------------------------------------------------------------------------------------------

[2025-02-22 16:30:57;INFO]Current Epoch: 275 / 500 | Learning Rate : 0.0009755282581490291
[2025-02-22 16:31:16;INFO]Train | Loss : 0.009101 | ACC : 3360/3360 (100.000%)
[2025-02-22 16:31:19;INFO]Valid | Loss : 0.004684 | ACC : 1440/1440 (100.000%)
[2025-02-22 16:31:19;INFO]      | Loss dropped from 0.004952 to 0.004684, model has been saved!

[2025-02-22 16:31:19;INFO]best epoch: 275, best loss: 0.004684
[2025-02-22 16:31:19;INFO]----------------------------------------------------------------------------------------------------

[2025-02-22 16:31:19;INFO]Current Epoch: 276 / 500 | Learning Rate : 0.00014644660940650532
[2025-02-22 16:31:38;INFO]Train | Loss : 0.008702 | ACC : 3360/3360 (100.000%)
[2025-02-22 16:31:41;INFO]Valid | Loss : 0.050317 | ACC : 1410/1440 (97.917%)
[2025-02-22 16:31:41;INFO]      | Loss didn't drop!

[2025-02-22 16:31:41;INFO]best epoch: 275, best loss: 0.004684
[2025-02-22 16:31:41;INFO]----------------------------------------------------------------------------------------------------

[2025-02-22 16:31:41;INFO]Current Epoch: 277 / 500 | Learning Rate : 0.0003454915028121395
[2025-02-22 16:32:00;INFO]Train | Loss : 0.008861 | ACC : 3360/3360 (100.000%)
[2025-02-22 16:32:02;INFO]Valid | Loss : 0.034681 | ACC : 1419/1440 (98.542%)
[2025-02-22 16:32:02;INFO]      | Loss didn't drop!

[2025-02-22 16:32:02;INFO]best epoch: 275, best loss: 0.004684
[2025-02-22 16:32:02;INFO]----------------------------------------------------------------------------------------------------

[2025-02-22 16:32:02;INFO]Current Epoch: 278 / 500 | Learning Rate : 0.0009938441702967405
[2025-02-22 16:32:21;INFO]Train | Loss : 0.009792 | ACC : 3360/3360 (100.000%)
[2025-02-22 16:32:24;INFO]Valid | Loss : 0.004930 | ACC : 1440/1440 (100.000%)
[2025-02-22 16:32:24;INFO]      | Loss didn't drop!

[2025-02-22 16:32:24;INFO]best epoch: 275, best loss: 0.004684
[2025-02-22 16:32:24;INFO]----------------------------------------------------------------------------------------------------

[2025-02-22 16:32:24;INFO]Current Epoch: 279 / 500 | Learning Rate : 0.0002061073738542021
[2025-02-22 16:32:43;INFO]Train | Loss : 0.010532 | ACC : 3360/3360 (100.000%)
[2025-02-22 16:32:46;INFO]Valid | Loss : 0.054474 | ACC : 1411/1440 (97.986%)
[2025-02-22 16:32:46;INFO]      | Loss didn't drop!

[2025-02-22 16:32:46;INFO]best epoch: 275, best loss: 0.004684
[2025-02-22 16:32:46;INFO]----------------------------------------------------------------------------------------------------

[2025-02-22 16:32:46;INFO]Current Epoch: 280 / 500 | Learning Rate : 0.00027300475013093114
[2025-02-22 16:33:05;INFO]Train | Loss : 0.006401 | ACC : 3360/3360 (100.000%)
[2025-02-22 16:33:07;INFO]Valid | Loss : 0.021968 | ACC : 1437/1440 (99.792%)
[2025-02-22 16:33:07;INFO]      | Loss didn't drop!

[2025-02-22 16:33:07;INFO]best epoch: 275, best loss: 0.004684
[2025-02-22 16:33:07;INFO]----------------------------------------------------------------------------------------------------

[2025-02-22 16:33:07;INFO]Current Epoch: 281 / 500 | Learning Rate : 0.0009999999999997112
[2025-02-22 16:33:26;INFO]Train | Loss : 0.007329 | ACC : 3360/3360 (100.000%)
[2025-02-22 16:33:29;INFO]Valid | Loss : 0.004522 | ACC : 1440/1440 (100.000%)
[2025-02-22 16:33:29;INFO]      | Loss dropped from 0.004684 to 0.004522, model has been saved!

[2025-02-22 16:33:29;INFO]best epoch: 281, best loss: 0.004522
[2025-02-22 16:33:29;INFO]----------------------------------------------------------------------------------------------------

[2025-02-22 16:33:29;INFO]Current Epoch: 282 / 500 | Learning Rate : 0.0002730047501302078
[2025-02-22 16:33:48;INFO]Train | Loss : 0.007061 | ACC : 3360/3360 (100.000%)
[2025-02-22 16:33:51;INFO]Valid | Loss : 0.005874 | ACC : 1440/1440 (100.000%)
[2025-02-22 16:33:51;INFO]      | Loss didn't drop!

[2025-02-22 16:33:51;INFO]best epoch: 281, best loss: 0.004522
[2025-02-22 16:33:51;INFO]----------------------------------------------------------------------------------------------------

[2025-02-22 16:33:51;INFO]Current Epoch: 283 / 500 | Learning Rate : 0.00020610737385379842
[2025-02-22 16:34:10;INFO]Train | Loss : 0.016202 | ACC : 3358/3360 (99.940%)
[2025-02-22 16:34:12;INFO]Valid | Loss : 2.317632 | ACC : 1077/1440 (74.792%)
[2025-02-22 16:34:12;INFO]      | Loss didn't drop!

[2025-02-22 16:34:12;INFO]best epoch: 281, best loss: 0.004522
[2025-02-22 16:34:12;INFO]----------------------------------------------------------------------------------------------------

[2025-02-22 16:34:12;INFO]Current Epoch: 284 / 500 | Learning Rate : 0.0009938441702978227
[2025-02-22 16:34:31;INFO]Train | Loss : 0.121043 | ACC : 3290/3360 (97.917%)
[2025-02-22 16:34:34;INFO]Valid | Loss : 0.017057 | ACC : 1440/1440 (100.000%)
[2025-02-22 16:34:34;INFO]      | Loss didn't drop!

[2025-02-22 16:34:34;INFO]best epoch: 281, best loss: 0.004522
[2025-02-22 16:34:34;INFO]----------------------------------------------------------------------------------------------------

[2025-02-22 16:34:34;INFO]Current Epoch: 285 / 500 | Learning Rate : 0.00034549150281272333
[2025-02-22 16:34:53;INFO]Train | Loss : 0.029007 | ACC : 3358/3360 (99.940%)
[2025-02-22 16:34:55;INFO]Valid | Loss : 0.183813 | ACC : 1352/1440 (93.889%)
[2025-02-22 16:34:55;INFO]      | Loss didn't drop!

[2025-02-22 16:34:55;INFO]best epoch: 281, best loss: 0.004522
[2025-02-22 16:34:55;INFO]----------------------------------------------------------------------------------------------------

[2025-02-22 16:34:55;INFO]Current Epoch: 286 / 500 | Learning Rate : 0.00014644660940681361
[2025-02-22 16:35:14;INFO]Train | Loss : 0.012307 | ACC : 3360/3360 (100.000%)
[2025-02-22 16:35:17;INFO]Valid | Loss : 0.100047 | ACC : 1374/1440 (95.417%)
[2025-02-22 16:35:17;INFO]      | Loss didn't drop!

[2025-02-22 16:35:17;INFO]best epoch: 281, best loss: 0.004522
[2025-02-22 16:35:17;INFO]----------------------------------------------------------------------------------------------------

[2025-02-22 16:35:17;INFO]Current Epoch: 287 / 500 | Learning Rate : 0.0009755282581483808
[2025-02-22 16:35:36;INFO]Train | Loss : 0.011548 | ACC : 3359/3360 (99.970%)
[2025-02-22 16:35:39;INFO]Valid | Loss : 0.004958 | ACC : 1440/1440 (100.000%)
[2025-02-22 16:35:39;INFO]      | Loss didn't drop!

[2025-02-22 16:35:39;INFO]best epoch: 281, best loss: 0.004522
[2025-02-22 16:35:39;INFO]----------------------------------------------------------------------------------------------------

[2025-02-22 16:35:39;INFO]Current Epoch: 288 / 500 | Learning Rate : 0.00042178276748038637
[2025-02-22 16:35:58;INFO]Train | Loss : 0.015447 | ACC : 3360/3360 (100.000%)
[2025-02-22 16:36:00;INFO]Valid | Loss : 0.021618 | ACC : 1436/1440 (99.722%)
[2025-02-22 16:36:00;INFO]      | Loss didn't drop!

[2025-02-22 16:36:00;INFO]best epoch: 281, best loss: 0.004522
[2025-02-22 16:36:00;INFO]----------------------------------------------------------------------------------------------------

[2025-02-22 16:36:00;INFO]Current Epoch: 289 / 500 | Learning Rate : 9.549150281261854e-05
[2025-02-22 16:36:19;INFO]Train | Loss : 0.009301 | ACC : 3360/3360 (100.000%)
[2025-02-22 16:36:22;INFO]Valid | Loss : 0.014108 | ACC : 1439/1440 (99.931%)
[2025-02-22 16:36:22;INFO]      | Loss didn't drop!

[2025-02-22 16:36:22;INFO]best epoch: 281, best loss: 0.004522
[2025-02-22 16:36:22;INFO]----------------------------------------------------------------------------------------------------

[2025-02-22 16:36:22;INFO]Current Epoch: 290 / 500 | Learning Rate : 0.0009455032620954754
[2025-02-22 16:36:41;INFO]Train | Loss : 0.049210 | ACC : 3315/3360 (98.661%)
[2025-02-22 16:36:44;INFO]Valid | Loss : 0.444737 | ACC : 1302/1440 (90.417%)
[2025-02-22 16:36:44;INFO]      | Loss didn't drop!

[2025-02-22 16:36:44;INFO]best epoch: 281, best loss: 0.004522
[2025-02-22 16:36:44;INFO]----------------------------------------------------------------------------------------------------

[2025-02-22 16:36:44;INFO]Current Epoch: 291 / 500 | Learning Rate : 0.0005000000000007807
[2025-02-22 16:37:03;INFO]Train | Loss : 0.020838 | ACC : 3356/3360 (99.881%)
[2025-02-22 16:37:05;INFO]Valid | Loss : 0.027321 | ACC : 1429/1440 (99.236%)
[2025-02-22 16:37:05;INFO]      | Loss didn't drop!

[2025-02-22 16:37:05;INFO]best epoch: 281, best loss: 0.004522
[2025-02-22 16:37:05;INFO]----------------------------------------------------------------------------------------------------

[2025-02-22 16:37:05;INFO]Current Epoch: 292 / 500 | Learning Rate : 5.449673790593347e-05
[2025-02-22 16:37:24;INFO]Train | Loss : 0.013485 | ACC : 3359/3360 (99.970%)
[2025-02-22 16:37:27;INFO]Valid | Loss : 0.017062 | ACC : 1437/1440 (99.792%)
[2025-02-22 16:37:27;INFO]      | Loss didn't drop!

[2025-02-22 16:37:27;INFO]best epoch: 281, best loss: 0.004522
[2025-02-22 16:37:27;INFO]----------------------------------------------------------------------------------------------------

[2025-02-22 16:37:27;INFO]Current Epoch: 293 / 500 | Learning Rate : 0.0009045084971865707
[2025-02-22 16:37:46;INFO]Train | Loss : 0.015325 | ACC : 3357/3360 (99.911%)
[2025-02-22 16:37:49;INFO]Valid | Loss : 0.011177 | ACC : 1439/1440 (99.931%)
[2025-02-22 16:37:49;INFO]      | Loss didn't drop!

[2025-02-22 16:37:49;INFO]best epoch: 281, best loss: 0.004522
[2025-02-22 16:37:49;INFO]----------------------------------------------------------------------------------------------------

[2025-02-22 16:37:49;INFO]Current Epoch: 294 / 500 | Learning Rate : 0.0005782172325197002
[2025-02-22 16:38:08;INFO]Train | Loss : 0.024898 | ACC : 3347/3360 (99.613%)
[2025-02-22 16:38:10;INFO]Valid | Loss : 0.030287 | ACC : 1429/1440 (99.236%)
[2025-02-22 16:38:10;INFO]      | Loss didn't drop!

[2025-02-22 16:38:10;INFO]best epoch: 281, best loss: 0.004522
[2025-02-22 16:38:10;INFO]----------------------------------------------------------------------------------------------------

[2025-02-22 16:38:10;INFO]Current Epoch: 295 / 500 | Learning Rate : 2.4471741852415246e-05
[2025-02-22 16:38:29;INFO]Train | Loss : 0.019851 | ACC : 3353/3360 (99.792%)
[2025-02-22 16:38:32;INFO]Valid | Loss : 0.599008 | ACC : 1305/1440 (90.625%)
[2025-02-22 16:38:32;INFO]      | Loss didn't drop!

[2025-02-22 16:38:32;INFO]best epoch: 281, best loss: 0.004522
[2025-02-22 16:38:32;INFO]----------------------------------------------------------------------------------------------------

[2025-02-22 16:38:32;INFO]Current Epoch: 296 / 500 | Learning Rate : 0.0008535533905954085
[2025-02-22 16:38:51;INFO]Train | Loss : 0.032378 | ACC : 3347/3360 (99.613%)
[2025-02-22 16:38:54;INFO]Valid | Loss : 0.024215 | ACC : 1433/1440 (99.514%)
[2025-02-22 16:38:54;INFO]      | Loss didn't drop!

[2025-02-22 16:38:54;INFO]best epoch: 281, best loss: 0.004522
[2025-02-22 16:38:54;INFO]----------------------------------------------------------------------------------------------------

[2025-02-22 16:38:54;INFO]Current Epoch: 297 / 500 | Learning Rate : 0.0006545084971872869
[2025-02-22 16:39:13;INFO]Train | Loss : 0.012818 | ACC : 3360/3360 (100.000%)
[2025-02-22 16:39:15;INFO]Valid | Loss : 0.020006 | ACC : 1437/1440 (99.792%)
[2025-02-22 16:39:15;INFO]      | Loss didn't drop!

[2025-02-22 16:39:15;INFO]best epoch: 281, best loss: 0.004522
[2025-02-22 16:39:15;INFO]----------------------------------------------------------------------------------------------------

[2025-02-22 16:39:15;INFO]Current Epoch: 298 / 500 | Learning Rate : 6.155829702429897e-06
[2025-02-22 16:39:34;INFO]Train | Loss : 0.007980 | ACC : 3360/3360 (100.000%)
[2025-02-22 16:39:37;INFO]Valid | Loss : 0.022449 | ACC : 1429/1440 (99.236%)
[2025-02-22 16:39:37;INFO]      | Loss didn't drop!

[2025-02-22 16:39:37;INFO]best epoch: 281, best loss: 0.004522
[2025-02-22 16:39:37;INFO]----------------------------------------------------------------------------------------------------

[2025-02-22 16:39:37;INFO]Current Epoch: 299 / 500 | Learning Rate : 0.0007938926261463435
[2025-02-22 16:39:56;INFO]Train | Loss : 0.007085 | ACC : 3360/3360 (100.000%)
[2025-02-22 16:39:58;INFO]Valid | Loss : 0.004843 | ACC : 1440/1440 (100.000%)
[2025-02-22 16:39:58;INFO]      | Loss didn't drop!

[2025-02-22 16:39:58;INFO]best epoch: 281, best loss: 0.004522
[2025-02-22 16:39:58;INFO]----------------------------------------------------------------------------------------------------

[2025-02-22 16:39:58;INFO]Current Epoch: 300 / 500 | Learning Rate : 0.0007269952498700084
[2025-02-22 16:40:17;INFO]Train | Loss : 0.007131 | ACC : 3360/3360 (100.000%)
[2025-02-22 16:40:20;INFO]Valid | Loss : 0.004340 | ACC : 1440/1440 (100.000%)
[2025-02-22 16:40:20;INFO]      | Loss dropped from 0.004522 to 0.004340, model has been saved!

[2025-02-22 16:40:20;INFO]best epoch: 300, best loss: 0.004340
[2025-02-22 16:40:20;INFO]----------------------------------------------------------------------------------------------------

[2025-02-22 16:40:20;INFO]Current Epoch: 301 / 500 | Learning Rate : 0.0
[2025-02-22 16:40:39;INFO]Train | Loss : 0.007364 | ACC : 3359/3360 (99.970%)
[2025-02-22 16:40:42;INFO]Valid | Loss : 0.006102 | ACC : 1440/1440 (100.000%)
[2025-02-22 16:40:42;INFO]      | Loss didn't drop!

[2025-02-22 16:40:42;INFO]best epoch: 300, best loss: 0.004340
[2025-02-22 16:40:42;INFO]----------------------------------------------------------------------------------------------------

[2025-02-22 16:40:42;INFO]Current Epoch: 302 / 500 | Learning Rate : 0.0007269952498703469
[2025-02-22 16:41:01;INFO]Train | Loss : 0.013161 | ACC : 3358/3360 (99.940%)
[2025-02-22 16:41:03;INFO]Valid | Loss : 0.013085 | ACC : 1436/1440 (99.722%)
[2025-02-22 16:41:03;INFO]      | Loss didn't drop!

[2025-02-22 16:41:03;INFO]best epoch: 300, best loss: 0.004340
[2025-02-22 16:41:03;INFO]----------------------------------------------------------------------------------------------------

[2025-02-22 16:41:03;INFO]Current Epoch: 303 / 500 | Learning Rate : 0.0007938926261469649
[2025-02-22 16:41:22;INFO]Train | Loss : 0.009140 | ACC : 3360/3360 (100.000%)
[2025-02-22 16:41:25;INFO]Valid | Loss : 0.009494 | ACC : 1437/1440 (99.792%)
[2025-02-22 16:41:25;INFO]      | Loss didn't drop!

[2025-02-22 16:41:25;INFO]best epoch: 300, best loss: 0.004340
[2025-02-22 16:41:25;INFO]----------------------------------------------------------------------------------------------------

[2025-02-22 16:41:25;INFO]Current Epoch: 304 / 500 | Learning Rate : 6.155829702431115e-06
[2025-02-22 16:41:44;INFO]Train | Loss : 0.007246 | ACC : 3360/3360 (100.000%)
[2025-02-22 16:41:47;INFO]Valid | Loss : 0.005742 | ACC : 1440/1440 (100.000%)
[2025-02-22 16:41:47;INFO]      | Loss didn't drop!

[2025-02-22 16:41:47;INFO]best epoch: 300, best loss: 0.004340
[2025-02-22 16:41:47;INFO]----------------------------------------------------------------------------------------------------

[2025-02-22 16:41:47;INFO]Current Epoch: 305 / 500 | Learning Rate : 0.0006545084971882279
[2025-02-22 16:42:06;INFO]Train | Loss : 0.007074 | ACC : 3360/3360 (100.000%)
[2025-02-22 16:42:08;INFO]Valid | Loss : 0.004507 | ACC : 1440/1440 (100.000%)
[2025-02-22 16:42:08;INFO]      | Loss didn't drop!

[2025-02-22 16:42:08;INFO]best epoch: 300, best loss: 0.004340
[2025-02-22 16:42:08;INFO]----------------------------------------------------------------------------------------------------

[2025-02-22 16:42:08;INFO]Current Epoch: 306 / 500 | Learning Rate : 0.0008535533905945444
[2025-02-22 16:42:27;INFO]Train | Loss : 0.012191 | ACC : 3359/3360 (99.970%)
[2025-02-22 16:42:30;INFO]Valid | Loss : 0.003660 | ACC : 1440/1440 (100.000%)
[2025-02-22 16:42:30;INFO]      | Loss dropped from 0.004340 to 0.003660, model has been saved!

[2025-02-22 16:42:30;INFO]best epoch: 306, best loss: 0.003660
[2025-02-22 16:42:30;INFO]----------------------------------------------------------------------------------------------------

[2025-02-22 16:42:30;INFO]Current Epoch: 307 / 500 | Learning Rate : 2.447174185246144e-05
[2025-02-22 16:42:49;INFO]Train | Loss : 0.008437 | ACC : 3360/3360 (100.000%)
[2025-02-22 16:42:52;INFO]Valid | Loss : 0.021335 | ACC : 1432/1440 (99.444%)
[2025-02-22 16:42:52;INFO]      | Loss didn't drop!

[2025-02-22 16:42:52;INFO]best epoch: 306, best loss: 0.003660
[2025-02-22 16:42:52;INFO]----------------------------------------------------------------------------------------------------

[2025-02-22 16:42:52;INFO]Current Epoch: 308 / 500 | Learning Rate : 0.000578217232521175
[2025-02-22 16:43:11;INFO]Train | Loss : 0.011003 | ACC : 3358/3360 (99.940%)
[2025-02-22 16:43:13;INFO]Valid | Loss : 0.264716 | ACC : 1358/1440 (94.306%)
[2025-02-22 16:43:13;INFO]      | Loss didn't drop!

[2025-02-22 16:43:13;INFO]best epoch: 306, best loss: 0.003660
[2025-02-22 16:43:13;INFO]----------------------------------------------------------------------------------------------------

[2025-02-22 16:43:13;INFO]Current Epoch: 309 / 500 | Learning Rate : 0.0009045084971867245
[2025-02-22 16:43:32;INFO]Train | Loss : 0.029600 | ACC : 3346/3360 (99.583%)
[2025-02-22 16:43:35;INFO]Valid | Loss : 0.078880 | ACC : 1387/1440 (96.319%)
[2025-02-22 16:43:35;INFO]      | Loss didn't drop!

[2025-02-22 16:43:35;INFO]best epoch: 306, best loss: 0.003660
[2025-02-22 16:43:35;INFO]----------------------------------------------------------------------------------------------------

[2025-02-22 16:43:35;INFO]Current Epoch: 310 / 500 | Learning Rate : 5.449673790579166e-05
[2025-02-22 16:43:54;INFO]Train | Loss : 0.011255 | ACC : 3360/3360 (100.000%)
[2025-02-22 16:43:57;INFO]Valid | Loss : 0.022173 | ACC : 1429/1440 (99.236%)
[2025-02-22 16:43:57;INFO]      | Loss didn't drop!

[2025-02-22 16:43:57;INFO]best epoch: 306, best loss: 0.003660
[2025-02-22 16:43:57;INFO]----------------------------------------------------------------------------------------------------

[2025-02-22 16:43:57;INFO]Current Epoch: 311 / 500 | Learning Rate : 0.0004999999999997174
[2025-02-22 16:44:16;INFO]Train | Loss : 0.008285 | ACC : 3360/3360 (100.000%)
[2025-02-22 16:44:18;INFO]Valid | Loss : 0.011328 | ACC : 1440/1440 (100.000%)
[2025-02-22 16:44:18;INFO]      | Loss didn't drop!

[2025-02-22 16:44:18;INFO]best epoch: 306, best loss: 0.003660
[2025-02-22 16:44:18;INFO]----------------------------------------------------------------------------------------------------

[2025-02-22 16:44:18;INFO]Current Epoch: 312 / 500 | Learning Rate : 0.0009455032620966055
[2025-02-22 16:44:37;INFO]Train | Loss : 0.006828 | ACC : 3360/3360 (100.000%)
[2025-02-22 16:44:40;INFO]Valid | Loss : 0.004036 | ACC : 1440/1440 (100.000%)
[2025-02-22 16:44:40;INFO]      | Loss didn't drop!

[2025-02-22 16:44:40;INFO]best epoch: 306, best loss: 0.003660
[2025-02-22 16:44:40;INFO]----------------------------------------------------------------------------------------------------

[2025-02-22 16:44:40;INFO]Current Epoch: 313 / 500 | Learning Rate : 9.54915028124847e-05
[2025-02-22 16:44:59;INFO]Train | Loss : 0.006323 | ACC : 3360/3360 (100.000%)
[2025-02-22 16:45:02;INFO]Valid | Loss : 0.009575 | ACC : 1438/1440 (99.861%)
[2025-02-22 16:45:02;INFO]      | Loss didn't drop!

[2025-02-22 16:45:02;INFO]best epoch: 306, best loss: 0.003660
[2025-02-22 16:45:02;INFO]----------------------------------------------------------------------------------------------------

[2025-02-22 16:45:02;INFO]Current Epoch: 314 / 500 | Learning Rate : 0.00042178276747984795
[2025-02-22 16:45:21;INFO]Train | Loss : 0.006345 | ACC : 3360/3360 (100.000%)
[2025-02-22 16:45:23;INFO]Valid | Loss : 0.016230 | ACC : 1433/1440 (99.514%)
[2025-02-22 16:45:23;INFO]      | Loss didn't drop!

[2025-02-22 16:45:23;INFO]best epoch: 306, best loss: 0.003660
[2025-02-22 16:45:23;INFO]----------------------------------------------------------------------------------------------------

[2025-02-22 16:45:23;INFO]Current Epoch: 315 / 500 | Learning Rate : 0.0009755282581478039
[2025-02-22 16:45:42;INFO]Train | Loss : 0.022796 | ACC : 3354/3360 (99.821%)
[2025-02-22 16:45:45;INFO]Valid | Loss : 0.003862 | ACC : 1440/1440 (100.000%)
[2025-02-22 16:45:45;INFO]      | Loss didn't drop!

[2025-02-22 16:45:45;INFO]best epoch: 306, best loss: 0.003660
[2025-02-22 16:45:45;INFO]----------------------------------------------------------------------------------------------------

[2025-02-22 16:45:45;INFO]Current Epoch: 316 / 500 | Learning Rate : 0.00014644660940677838
[2025-02-22 16:46:04;INFO]Train | Loss : 0.023906 | ACC : 3351/3360 (99.732%)
[2025-02-22 16:46:07;INFO]Valid | Loss : 0.034438 | ACC : 1423/1440 (98.819%)
[2025-02-22 16:46:07;INFO]      | Loss didn't drop!

[2025-02-22 16:46:07;INFO]best epoch: 306, best loss: 0.003660
[2025-02-22 16:46:07;INFO]----------------------------------------------------------------------------------------------------

[2025-02-22 16:46:07;INFO]Current Epoch: 317 / 500 | Learning Rate : 0.00034549150281276074
[2025-02-22 16:46:26;INFO]Train | Loss : 0.010646 | ACC : 3360/3360 (100.000%)
[2025-02-22 16:46:28;INFO]Valid | Loss : 0.046100 | ACC : 1419/1440 (98.542%)
[2025-02-22 16:46:28;INFO]      | Loss didn't drop!

[2025-02-22 16:46:28;INFO]best epoch: 306, best loss: 0.003660
[2025-02-22 16:46:28;INFO]----------------------------------------------------------------------------------------------------

[2025-02-22 16:46:28;INFO]Current Epoch: 318 / 500 | Learning Rate : 0.000993844170298335
[2025-02-22 16:46:47;INFO]Train | Loss : 0.006728 | ACC : 3360/3360 (100.000%)
[2025-02-22 16:46:50;INFO]Valid | Loss : 0.004463 | ACC : 1440/1440 (100.000%)
[2025-02-22 16:46:50;INFO]      | Loss didn't drop!

[2025-02-22 16:46:50;INFO]best epoch: 306, best loss: 0.003660
[2025-02-22 16:46:50;INFO]----------------------------------------------------------------------------------------------------

[2025-02-22 16:46:50;INFO]Current Epoch: 319 / 500 | Learning Rate : 0.00020610737385398043
[2025-02-22 16:47:09;INFO]Train | Loss : 0.009755 | ACC : 3359/3360 (99.970%)
[2025-02-22 16:47:12;INFO]Valid | Loss : 0.004487 | ACC : 1440/1440 (100.000%)
[2025-02-22 16:47:12;INFO]      | Loss didn't drop!

[2025-02-22 16:47:12;INFO]best epoch: 306, best loss: 0.003660
[2025-02-22 16:47:12;INFO]----------------------------------------------------------------------------------------------------

[2025-02-22 16:47:12;INFO]Current Epoch: 320 / 500 | Learning Rate : 0.00027300475013053926
[2025-02-22 16:47:30;INFO]Train | Loss : 0.008241 | ACC : 3360/3360 (100.000%)
[2025-02-22 16:47:33;INFO]Valid | Loss : 0.018480 | ACC : 1439/1440 (99.931%)
[2025-02-22 16:47:33;INFO]      | Loss didn't drop!

[2025-02-22 16:47:33;INFO]best epoch: 306, best loss: 0.003660
[2025-02-22 16:47:33;INFO]----------------------------------------------------------------------------------------------------

[2025-02-22 16:47:33;INFO]Current Epoch: 321 / 500 | Learning Rate : 0.0009999999999984399
[2025-02-22 16:47:52;INFO]Train | Loss : 0.007148 | ACC : 3360/3360 (100.000%)
[2025-02-22 16:47:55;INFO]Valid | Loss : 0.005299 | ACC : 1440/1440 (100.000%)
[2025-02-22 16:47:55;INFO]      | Loss didn't drop!

[2025-02-22 16:47:55;INFO]best epoch: 306, best loss: 0.003660
[2025-02-22 16:47:55;INFO]----------------------------------------------------------------------------------------------------

[2025-02-22 16:47:55;INFO]Current Epoch: 322 / 500 | Learning Rate : 0.0002730047501305917
[2025-02-22 16:48:14;INFO]Train | Loss : 0.006446 | ACC : 3360/3360 (100.000%)
[2025-02-22 16:48:16;INFO]Valid | Loss : 0.004403 | ACC : 1440/1440 (100.000%)
[2025-02-22 16:48:16;INFO]      | Loss didn't drop!

[2025-02-22 16:48:16;INFO]best epoch: 306, best loss: 0.003660
[2025-02-22 16:48:16;INFO]----------------------------------------------------------------------------------------------------

[2025-02-22 16:48:16;INFO]Current Epoch: 323 / 500 | Learning Rate : 0.00020610737385418266
[2025-02-22 16:48:35;INFO]Train | Loss : 0.005416 | ACC : 3360/3360 (100.000%)
[2025-02-22 16:48:38;INFO]Valid | Loss : 0.004313 | ACC : 1440/1440 (100.000%)
[2025-02-22 16:48:38;INFO]      | Loss didn't drop!

[2025-02-22 16:48:38;INFO]best epoch: 306, best loss: 0.003660
[2025-02-22 16:48:38;INFO]----------------------------------------------------------------------------------------------------

[2025-02-22 16:48:38;INFO]Current Epoch: 324 / 500 | Learning Rate : 0.0009938441702994451
[2025-02-22 16:48:57;INFO]Train | Loss : 0.005394 | ACC : 3360/3360 (100.000%)
[2025-02-22 16:49:00;INFO]Valid | Loss : 0.004039 | ACC : 1440/1440 (100.000%)
[2025-02-22 16:49:00;INFO]      | Loss didn't drop!

[2025-02-22 16:49:00;INFO]best epoch: 306, best loss: 0.003660
[2025-02-22 16:49:00;INFO]----------------------------------------------------------------------------------------------------

[2025-02-22 16:49:00;INFO]Current Epoch: 325 / 500 | Learning Rate : 0.0003454915028123347
[2025-02-22 16:49:19;INFO]Train | Loss : 0.005615 | ACC : 3360/3360 (100.000%)
[2025-02-22 16:49:21;INFO]Valid | Loss : 0.003171 | ACC : 1440/1440 (100.000%)
[2025-02-22 16:49:21;INFO]      | Loss dropped from 0.003660 to 0.003171, model has been saved!

[2025-02-22 16:49:21;INFO]best epoch: 325, best loss: 0.003171
[2025-02-22 16:49:21;INFO]----------------------------------------------------------------------------------------------------

[2025-02-22 16:49:21;INFO]Current Epoch: 326 / 500 | Learning Rate : 0.0001464466094065933
[2025-02-22 16:49:40;INFO]Train | Loss : 0.005013 | ACC : 3360/3360 (100.000%)
[2025-02-22 16:49:43;INFO]Valid | Loss : 0.004161 | ACC : 1440/1440 (100.000%)
[2025-02-22 16:49:43;INFO]      | Loss didn't drop!

[2025-02-22 16:49:43;INFO]best epoch: 325, best loss: 0.003171
[2025-02-22 16:49:43;INFO]----------------------------------------------------------------------------------------------------

[2025-02-22 16:49:43;INFO]Current Epoch: 327 / 500 | Learning Rate : 0.0009755282581471252
[2025-02-22 16:50:02;INFO]Train | Loss : 0.004375 | ACC : 3360/3360 (100.000%)
[2025-02-22 16:50:05;INFO]Valid | Loss : 0.003518 | ACC : 1440/1440 (100.000%)
[2025-02-22 16:50:05;INFO]      | Loss didn't drop!

[2025-02-22 16:50:05;INFO]best epoch: 325, best loss: 0.003171
[2025-02-22 16:50:05;INFO]----------------------------------------------------------------------------------------------------

[2025-02-22 16:50:05;INFO]Current Epoch: 328 / 500 | Learning Rate : 0.0004217827674810081
[2025-02-22 16:50:24;INFO]Train | Loss : 0.005761 | ACC : 3360/3360 (100.000%)
[2025-02-22 16:50:26;INFO]Valid | Loss : 0.004487 | ACC : 1440/1440 (100.000%)
[2025-02-22 16:50:26;INFO]      | Loss didn't drop!

[2025-02-22 16:50:26;INFO]best epoch: 325, best loss: 0.003171
[2025-02-22 16:50:26;INFO]----------------------------------------------------------------------------------------------------

[2025-02-22 16:50:26;INFO]Current Epoch: 329 / 500 | Learning Rate : 9.549150281281098e-05
[2025-02-22 16:50:45;INFO]Train | Loss : 0.006618 | ACC : 3359/3360 (99.970%)
[2025-02-22 16:50:48;INFO]Valid | Loss : 0.023194 | ACC : 1435/1440 (99.653%)
[2025-02-22 16:50:48;INFO]      | Loss didn't drop!

[2025-02-22 16:50:48;INFO]best epoch: 325, best loss: 0.003171
[2025-02-22 16:50:48;INFO]----------------------------------------------------------------------------------------------------

[2025-02-22 16:50:48;INFO]Current Epoch: 330 / 500 | Learning Rate : 0.0009455032620942504
[2025-02-22 16:51:07;INFO]Train | Loss : 0.016569 | ACC : 3355/3360 (99.851%)
[2025-02-22 16:51:10;INFO]Valid | Loss : 0.015265 | ACC : 1436/1440 (99.722%)
[2025-02-22 16:51:10;INFO]      | Loss didn't drop!

[2025-02-22 16:51:10;INFO]best epoch: 325, best loss: 0.003171
[2025-02-22 16:51:10;INFO]----------------------------------------------------------------------------------------------------

[2025-02-22 16:51:10;INFO]Current Epoch: 331 / 500 | Learning Rate : 0.0005000000000001946
[2025-02-22 16:51:28;INFO]Train | Loss : 0.007774 | ACC : 3360/3360 (100.000%)
[2025-02-22 16:51:31;INFO]Valid | Loss : 0.004185 | ACC : 1440/1440 (100.000%)
[2025-02-22 16:51:31;INFO]      | Loss didn't drop!

[2025-02-22 16:51:31;INFO]best epoch: 325, best loss: 0.003171
[2025-02-22 16:51:31;INFO]----------------------------------------------------------------------------------------------------

[2025-02-22 16:51:31;INFO]Current Epoch: 332 / 500 | Learning Rate : 5.449673790584149e-05
[2025-02-22 16:51:50;INFO]Train | Loss : 0.006079 | ACC : 3360/3360 (100.000%)
[2025-02-22 16:51:53;INFO]Valid | Loss : 0.005570 | ACC : 1440/1440 (100.000%)
[2025-02-22 16:51:53;INFO]      | Loss didn't drop!

[2025-02-22 16:51:53;INFO]best epoch: 325, best loss: 0.003171
[2025-02-22 16:51:53;INFO]----------------------------------------------------------------------------------------------------

[2025-02-22 16:51:53;INFO]Current Epoch: 333 / 500 | Learning Rate : 0.0009045084971880677
[2025-02-22 16:52:12;INFO]Train | Loss : 0.005790 | ACC : 3360/3360 (100.000%)
[2025-02-22 16:52:14;INFO]Valid | Loss : 0.002982 | ACC : 1440/1440 (100.000%)
[2025-02-22 16:52:14;INFO]      | Loss dropped from 0.003171 to 0.002982, model has been saved!

[2025-02-22 16:52:14;INFO]best epoch: 333, best loss: 0.002982
[2025-02-22 16:52:14;INFO]----------------------------------------------------------------------------------------------------

[2025-02-22 16:52:14;INFO]Current Epoch: 334 / 500 | Learning Rate : 0.0005782172325205757
[2025-02-22 16:52:33;INFO]Train | Loss : 0.005510 | ACC : 3360/3360 (100.000%)
[2025-02-22 16:52:36;INFO]Valid | Loss : 0.003023 | ACC : 1440/1440 (100.000%)
[2025-02-22 16:52:36;INFO]      | Loss didn't drop!

[2025-02-22 16:52:36;INFO]best epoch: 333, best loss: 0.002982
[2025-02-22 16:52:36;INFO]----------------------------------------------------------------------------------------------------

[2025-02-22 16:52:36;INFO]Current Epoch: 335 / 500 | Learning Rate : 2.4471741852439454e-05
[2025-02-22 16:52:55;INFO]Train | Loss : 0.004620 | ACC : 3360/3360 (100.000%)
[2025-02-22 16:52:58;INFO]Valid | Loss : 0.003139 | ACC : 1440/1440 (100.000%)
[2025-02-22 16:52:58;INFO]      | Loss didn't drop!

[2025-02-22 16:52:58;INFO]best epoch: 333, best loss: 0.002982
[2025-02-22 16:52:58;INFO]----------------------------------------------------------------------------------------------------

[2025-02-22 16:52:58;INFO]Current Epoch: 336 / 500 | Learning Rate : 0.0008535533905942871
[2025-02-22 16:53:17;INFO]Train | Loss : 0.005385 | ACC : 3360/3360 (100.000%)
[2025-02-22 16:53:19;INFO]Valid | Loss : 0.003660 | ACC : 1440/1440 (100.000%)
[2025-02-22 16:53:19;INFO]      | Loss didn't drop!

[2025-02-22 16:53:19;INFO]best epoch: 333, best loss: 0.002982
[2025-02-22 16:53:19;INFO]----------------------------------------------------------------------------------------------------

[2025-02-22 16:53:19;INFO]Current Epoch: 337 / 500 | Learning Rate : 0.0006545084971865021
[2025-02-22 16:53:38;INFO]Train | Loss : 0.007894 | ACC : 3358/3360 (99.940%)
[2025-02-22 16:53:41;INFO]Valid | Loss : 0.006669 | ACC : 1440/1440 (100.000%)
[2025-02-22 16:53:41;INFO]      | Loss didn't drop!

[2025-02-22 16:53:41;INFO]best epoch: 333, best loss: 0.002982
[2025-02-22 16:53:41;INFO]----------------------------------------------------------------------------------------------------

[2025-02-22 16:53:41;INFO]Current Epoch: 338 / 500 | Learning Rate : 6.1558297024320045e-06
[2025-02-22 16:54:00;INFO]Train | Loss : 0.005164 | ACC : 3360/3360 (100.000%)
[2025-02-22 16:54:03;INFO]Valid | Loss : 0.008846 | ACC : 1440/1440 (100.000%)
[2025-02-22 16:54:03;INFO]      | Loss didn't drop!

[2025-02-22 16:54:03;INFO]best epoch: 333, best loss: 0.002982
[2025-02-22 16:54:03;INFO]----------------------------------------------------------------------------------------------------

[2025-02-22 16:54:03;INFO]Current Epoch: 339 / 500 | Learning Rate : 0.0007938926261476838
[2025-02-22 16:54:22;INFO]Train | Loss : 0.005533 | ACC : 3360/3360 (100.000%)
[2025-02-22 16:54:24;INFO]Valid | Loss : 0.007652 | ACC : 1439/1440 (99.931%)
[2025-02-22 16:54:24;INFO]      | Loss didn't drop!

[2025-02-22 16:54:24;INFO]best epoch: 333, best loss: 0.002982
[2025-02-22 16:54:24;INFO]----------------------------------------------------------------------------------------------------

[2025-02-22 16:54:24;INFO]Current Epoch: 340 / 500 | Learning Rate : 0.0007269952498712262
[2025-02-22 16:54:43;INFO]Train | Loss : 0.006873 | ACC : 3360/3360 (100.000%)
[2025-02-22 16:54:46;INFO]Valid | Loss : 0.005891 | ACC : 1440/1440 (100.000%)
[2025-02-22 16:54:46;INFO]      | Loss didn't drop!

[2025-02-22 16:54:46;INFO]best epoch: 333, best loss: 0.002982
[2025-02-22 16:54:46;INFO]----------------------------------------------------------------------------------------------------

[2025-02-22 16:54:46;INFO]Current Epoch: 341 / 500 | Learning Rate : 0.0
[2025-02-22 16:55:05;INFO]Train | Loss : 0.007815 | ACC : 3359/3360 (99.970%)
[2025-02-22 16:55:08;INFO]Valid | Loss : 0.013599 | ACC : 1438/1440 (99.861%)
[2025-02-22 16:55:08;INFO]      | Loss didn't drop!

[2025-02-22 16:55:08;INFO]best epoch: 333, best loss: 0.002982
[2025-02-22 16:55:08;INFO]----------------------------------------------------------------------------------------------------

[2025-02-22 16:55:08;INFO]Current Epoch: 342 / 500 | Learning Rate : 0.0007269952498693784
[2025-02-22 16:55:27;INFO]Train | Loss : 0.008449 | ACC : 3358/3360 (99.940%)
[2025-02-22 16:55:29;INFO]Valid | Loss : 0.003095 | ACC : 1440/1440 (100.000%)
[2025-02-22 16:55:29;INFO]      | Loss didn't drop!

[2025-02-22 16:55:29;INFO]best epoch: 333, best loss: 0.002982
[2025-02-22 16:55:29;INFO]----------------------------------------------------------------------------------------------------

[2025-02-22 16:55:29;INFO]Current Epoch: 343 / 500 | Learning Rate : 0.0007938926261459035
[2025-02-22 16:55:48;INFO]Train | Loss : 0.008602 | ACC : 3360/3360 (100.000%)
[2025-02-22 16:55:51;INFO]Valid | Loss : 0.008544 | ACC : 1439/1440 (99.931%)
[2025-02-22 16:55:51;INFO]      | Loss didn't drop!

[2025-02-22 16:55:51;INFO]best epoch: 333, best loss: 0.002982
[2025-02-22 16:55:51;INFO]----------------------------------------------------------------------------------------------------

[2025-02-22 16:55:51;INFO]Current Epoch: 344 / 500 | Learning Rate : 6.155829702431115e-06
[2025-02-22 16:56:10;INFO]Train | Loss : 0.004950 | ACC : 3360/3360 (100.000%)
[2025-02-22 16:56:13;INFO]Valid | Loss : 0.003326 | ACC : 1440/1440 (100.000%)
[2025-02-22 16:56:13;INFO]      | Loss didn't drop!

[2025-02-22 16:56:13;INFO]best epoch: 333, best loss: 0.002982
[2025-02-22 16:56:13;INFO]----------------------------------------------------------------------------------------------------

[2025-02-22 16:56:13;INFO]Current Epoch: 345 / 500 | Learning Rate : 0.0006545084971893504
[2025-02-22 16:56:32;INFO]Train | Loss : 0.005594 | ACC : 3360/3360 (100.000%)
[2025-02-22 16:56:34;INFO]Valid | Loss : 0.023794 | ACC : 1428/1440 (99.167%)
[2025-02-22 16:56:34;INFO]      | Loss didn't drop!

[2025-02-22 16:56:34;INFO]best epoch: 333, best loss: 0.002982
[2025-02-22 16:56:34;INFO]----------------------------------------------------------------------------------------------------

[2025-02-22 16:56:34;INFO]Current Epoch: 346 / 500 | Learning Rate : 0.0008535533905935023
[2025-02-22 16:56:53;INFO]Train | Loss : 0.017204 | ACC : 3355/3360 (99.851%)
[2025-02-22 16:56:56;INFO]Valid | Loss : 0.031902 | ACC : 1420/1440 (98.611%)
[2025-02-22 16:56:56;INFO]      | Loss didn't drop!

[2025-02-22 16:56:56;INFO]best epoch: 333, best loss: 0.002982
[2025-02-22 16:56:56;INFO]----------------------------------------------------------------------------------------------------

[2025-02-22 16:56:56;INFO]Current Epoch: 347 / 500 | Learning Rate : 2.4471741852445756e-05
[2025-02-22 16:57:15;INFO]Train | Loss : 0.006697 | ACC : 3360/3360 (100.000%)
[2025-02-22 16:57:18;INFO]Valid | Loss : 0.021193 | ACC : 1431/1440 (99.375%)
[2025-02-22 16:57:18;INFO]      | Loss didn't drop!

[2025-02-22 16:57:18;INFO]best epoch: 333, best loss: 0.002982
[2025-02-22 16:57:18;INFO]----------------------------------------------------------------------------------------------------

[2025-02-22 16:57:18;INFO]Current Epoch: 348 / 500 | Learning Rate : 0.0005782172325203901
[2025-02-22 16:57:36;INFO]Train | Loss : 0.007849 | ACC : 3360/3360 (100.000%)
[2025-02-22 16:57:39;INFO]Valid | Loss : 0.024355 | ACC : 1429/1440 (99.236%)
[2025-02-22 16:57:39;INFO]      | Loss didn't drop!

[2025-02-22 16:57:39;INFO]best epoch: 333, best loss: 0.002982
[2025-02-22 16:57:39;INFO]----------------------------------------------------------------------------------------------------

[2025-02-22 16:57:39;INFO]Current Epoch: 349 / 500 | Learning Rate : 0.0009045084971881466
[2025-02-22 16:57:58;INFO]Train | Loss : 0.013304 | ACC : 3359/3360 (99.970%)
[2025-02-22 16:58:01;INFO]Valid | Loss : 0.005831 | ACC : 1440/1440 (100.000%)
[2025-02-22 16:58:01;INFO]      | Loss didn't drop!

[2025-02-22 16:58:01;INFO]best epoch: 333, best loss: 0.002982
[2025-02-22 16:58:01;INFO]----------------------------------------------------------------------------------------------------

[2025-02-22 16:58:01;INFO]Current Epoch: 350 / 500 | Learning Rate : 5.449673790585119e-05
[2025-02-22 16:58:20;INFO]Train | Loss : 0.011201 | ACC : 3358/3360 (99.940%)
[2025-02-22 16:58:22;INFO]Valid | Loss : 0.081667 | ACC : 1391/1440 (96.597%)
[2025-02-22 16:58:22;INFO]      | Loss didn't drop!

[2025-02-22 16:58:22;INFO]best epoch: 333, best loss: 0.002982
[2025-02-22 16:58:22;INFO]----------------------------------------------------------------------------------------------------

[2025-02-22 16:58:22;INFO]Current Epoch: 351 / 500 | Learning Rate : 0.0005000000000004788
[2025-02-22 16:58:41;INFO]Train | Loss : 0.012037 | ACC : 3357/3360 (99.911%)
[2025-02-22 16:58:44;INFO]Valid | Loss : 0.040332 | ACC : 1424/1440 (98.889%)
[2025-02-22 16:58:44;INFO]      | Loss didn't drop!

[2025-02-22 16:58:44;INFO]best epoch: 333, best loss: 0.002982
[2025-02-22 16:58:44;INFO]----------------------------------------------------------------------------------------------------

[2025-02-22 16:58:44;INFO]Current Epoch: 352 / 500 | Learning Rate : 0.0009455032620954253
[2025-02-22 16:59:03;INFO]Train | Loss : 0.020397 | ACC : 3347/3360 (99.613%)
[2025-02-22 16:59:06;INFO]Valid | Loss : 0.011867 | ACC : 1438/1440 (99.861%)
[2025-02-22 16:59:06;INFO]      | Loss didn't drop!

[2025-02-22 16:59:06;INFO]best epoch: 333, best loss: 0.002982
[2025-02-22 16:59:06;INFO]----------------------------------------------------------------------------------------------------

[2025-02-22 16:59:06;INFO]Current Epoch: 353 / 500 | Learning Rate : 9.54915028123927e-05
[2025-02-22 16:59:25;INFO]Train | Loss : 0.006415 | ACC : 3360/3360 (100.000%)
[2025-02-22 16:59:27;INFO]Valid | Loss : 0.026610 | ACC : 1431/1440 (99.375%)
[2025-02-22 16:59:27;INFO]      | Loss didn't drop!

[2025-02-22 16:59:27;INFO]best epoch: 333, best loss: 0.002982
[2025-02-22 16:59:27;INFO]----------------------------------------------------------------------------------------------------

[2025-02-22 16:59:27;INFO]Current Epoch: 354 / 500 | Learning Rate : 0.0004217827674793744
[2025-02-22 16:59:46;INFO]Train | Loss : 0.005957 | ACC : 3360/3360 (100.000%)
[2025-02-22 16:59:49;INFO]Valid | Loss : 0.007245 | ACC : 1440/1440 (100.000%)
[2025-02-22 16:59:49;INFO]      | Loss didn't drop!

[2025-02-22 16:59:49;INFO]best epoch: 333, best loss: 0.002982
[2025-02-22 16:59:49;INFO]----------------------------------------------------------------------------------------------------

[2025-02-22 16:59:49;INFO]Current Epoch: 355 / 500 | Learning Rate : 0.0009755282581493679
[2025-02-22 17:00:08;INFO]Train | Loss : 0.010369 | ACC : 3358/3360 (99.940%)
[2025-02-22 17:00:11;INFO]Valid | Loss : 0.018321 | ACC : 1434/1440 (99.583%)
[2025-02-22 17:00:11;INFO]      | Loss didn't drop!

[2025-02-22 17:00:11;INFO]best epoch: 333, best loss: 0.002982
[2025-02-22 17:00:11;INFO]----------------------------------------------------------------------------------------------------

[2025-02-22 17:00:11;INFO]Current Epoch: 356 / 500 | Learning Rate : 0.00014644660940705013
[2025-02-22 17:00:30;INFO]Train | Loss : 0.007074 | ACC : 3360/3360 (100.000%)
[2025-02-22 17:00:32;INFO]Valid | Loss : 0.011773 | ACC : 1440/1440 (100.000%)
[2025-02-22 17:00:32;INFO]      | Loss didn't drop!

[2025-02-22 17:00:32;INFO]best epoch: 333, best loss: 0.002982
[2025-02-22 17:00:32;INFO]----------------------------------------------------------------------------------------------------

[2025-02-22 17:00:32;INFO]Current Epoch: 357 / 500 | Learning Rate : 0.00034549150281327096
[2025-02-22 17:00:51;INFO]Train | Loss : 0.005745 | ACC : 3360/3360 (100.000%)
[2025-02-22 17:00:54;INFO]Valid | Loss : 0.003946 | ACC : 1440/1440 (100.000%)
[2025-02-22 17:00:54;INFO]      | Loss didn't drop!

[2025-02-22 17:00:54;INFO]best epoch: 333, best loss: 0.002982
[2025-02-22 17:00:54;INFO]----------------------------------------------------------------------------------------------------

[2025-02-22 17:00:54;INFO]Current Epoch: 358 / 500 | Learning Rate : 0.0009938441702970792
[2025-02-22 17:01:13;INFO]Train | Loss : 0.012064 | ACC : 3353/3360 (99.792%)
[2025-02-22 17:01:16;INFO]Valid | Loss : 0.007846 | ACC : 1439/1440 (99.931%)
[2025-02-22 17:01:16;INFO]      | Loss didn't drop!

[2025-02-22 17:01:16;INFO]best epoch: 333, best loss: 0.002982
[2025-02-22 17:01:16;INFO]----------------------------------------------------------------------------------------------------

[2025-02-22 17:01:16;INFO]Current Epoch: 359 / 500 | Learning Rate : 0.00020610737385366875
[2025-02-22 17:01:35;INFO]Train | Loss : 0.006490 | ACC : 3360/3360 (100.000%)
[2025-02-22 17:01:37;INFO]Valid | Loss : 0.003579 | ACC : 1440/1440 (100.000%)
[2025-02-22 17:01:37;INFO]      | Loss didn't drop!

[2025-02-22 17:01:37;INFO]best epoch: 333, best loss: 0.002982
[2025-02-22 17:01:37;INFO]----------------------------------------------------------------------------------------------------

[2025-02-22 17:01:37;INFO]Current Epoch: 360 / 500 | Learning Rate : 0.00027300475013025135
[2025-02-22 17:01:56;INFO]Train | Loss : 0.008087 | ACC : 3358/3360 (99.940%)
[2025-02-22 17:01:59;INFO]Valid | Loss : 0.053687 | ACC : 1412/1440 (98.056%)
[2025-02-22 17:01:59;INFO]      | Loss didn't drop!

[2025-02-22 17:01:59;INFO]best epoch: 333, best loss: 0.002982
[2025-02-22 17:01:59;INFO]----------------------------------------------------------------------------------------------------

[2025-02-22 17:01:59;INFO]Current Epoch: 361 / 500 | Learning Rate : 0.001000000000002949
[2025-02-22 17:02:18;INFO]Train | Loss : 0.029530 | ACC : 3343/3360 (99.494%)
[2025-02-22 17:02:21;INFO]Valid | Loss : 0.016517 | ACC : 1433/1440 (99.514%)
[2025-02-22 17:02:21;INFO]      | Loss didn't drop!

[2025-02-22 17:02:21;INFO]best epoch: 333, best loss: 0.002982
[2025-02-22 17:02:21;INFO]----------------------------------------------------------------------------------------------------

[2025-02-22 17:02:21;INFO]Current Epoch: 362 / 500 | Learning Rate : 0.0002730047501302892
[2025-02-22 17:02:39;INFO]Train | Loss : 0.017662 | ACC : 3357/3360 (99.911%)
[2025-02-22 17:02:42;INFO]Valid | Loss : 0.009290 | ACC : 1439/1440 (99.931%)
[2025-02-22 17:02:42;INFO]      | Loss didn't drop!

[2025-02-22 17:02:42;INFO]best epoch: 333, best loss: 0.002982
[2025-02-22 17:02:42;INFO]----------------------------------------------------------------------------------------------------

[2025-02-22 17:02:42;INFO]Current Epoch: 363 / 500 | Learning Rate : 0.0002061073738538801
[2025-02-22 17:03:01;INFO]Train | Loss : 0.011572 | ACC : 3359/3360 (99.970%)
[2025-02-22 17:03:04;INFO]Valid | Loss : 0.216289 | ACC : 1351/1440 (93.819%)
[2025-02-22 17:03:04;INFO]      | Loss didn't drop!

[2025-02-22 17:03:04;INFO]best epoch: 333, best loss: 0.002982
[2025-02-22 17:03:04;INFO]----------------------------------------------------------------------------------------------------

[2025-02-22 17:03:04;INFO]Current Epoch: 364 / 500 | Learning Rate : 0.000993844170298191
[2025-02-22 17:03:23;INFO]Train | Loss : 0.017272 | ACC : 3352/3360 (99.762%)
[2025-02-22 17:03:25;INFO]Valid | Loss : 0.006766 | ACC : 1440/1440 (100.000%)
[2025-02-22 17:03:25;INFO]      | Loss didn't drop!

[2025-02-22 17:03:25;INFO]best epoch: 333, best loss: 0.002982
[2025-02-22 17:03:25;INFO]----------------------------------------------------------------------------------------------------

[2025-02-22 17:03:25;INFO]Current Epoch: 365 / 500 | Learning Rate : 0.00034549150281272355
[2025-02-22 17:03:44;INFO]Train | Loss : 0.010793 | ACC : 3358/3360 (99.940%)
[2025-02-22 17:03:47;INFO]Valid | Loss : 0.004751 | ACC : 1440/1440 (100.000%)
[2025-02-22 17:03:47;INFO]      | Loss didn't drop!

[2025-02-22 17:03:47;INFO]best epoch: 333, best loss: 0.002982
[2025-02-22 17:03:47;INFO]----------------------------------------------------------------------------------------------------

[2025-02-22 17:03:47;INFO]Current Epoch: 366 / 500 | Learning Rate : 0.00014644660940687482
[2025-02-22 17:04:06;INFO]Train | Loss : 0.007131 | ACC : 3359/3360 (99.970%)
[2025-02-22 17:04:09;INFO]Valid | Loss : 0.229517 | ACC : 1339/1440 (92.986%)
[2025-02-22 17:04:09;INFO]      | Loss didn't drop!

[2025-02-22 17:04:09;INFO]best epoch: 333, best loss: 0.002982
[2025-02-22 17:04:09;INFO]----------------------------------------------------------------------------------------------------

[2025-02-22 17:04:09;INFO]Current Epoch: 367 / 500 | Learning Rate : 0.0009755282581486852
[2025-02-22 17:04:28;INFO]Train | Loss : 0.013535 | ACC : 3352/3360 (99.762%)
[2025-02-22 17:04:30;INFO]Valid | Loss : 0.016738 | ACC : 1437/1440 (99.792%)
[2025-02-22 17:04:30;INFO]      | Loss didn't drop!

[2025-02-22 17:04:30;INFO]best epoch: 333, best loss: 0.002982
[2025-02-22 17:04:30;INFO]----------------------------------------------------------------------------------------------------

[2025-02-22 17:04:30;INFO]Current Epoch: 368 / 500 | Learning Rate : 0.00042178276748052135
[2025-02-22 17:04:49;INFO]Train | Loss : 0.007788 | ACC : 3360/3360 (100.000%)
[2025-02-22 17:04:52;INFO]Valid | Loss : 0.017326 | ACC : 1433/1440 (99.514%)
[2025-02-22 17:04:52;INFO]      | Loss didn't drop!

[2025-02-22 17:04:52;INFO]best epoch: 333, best loss: 0.002982
[2025-02-22 17:04:52;INFO]----------------------------------------------------------------------------------------------------

[2025-02-22 17:04:52;INFO]Current Epoch: 369 / 500 | Learning Rate : 9.549150281266023e-05
[2025-02-22 17:05:11;INFO]Train | Loss : 0.005929 | ACC : 3360/3360 (100.000%)
[2025-02-22 17:05:14;INFO]Valid | Loss : 0.842720 | ACC : 1311/1440 (91.042%)
[2025-02-22 17:05:14;INFO]      | Loss didn't drop!

[2025-02-22 17:05:14;INFO]best epoch: 333, best loss: 0.002982
[2025-02-22 17:05:14;INFO]----------------------------------------------------------------------------------------------------

[2025-02-22 17:05:14;INFO]Current Epoch: 370 / 500 | Learning Rate : 0.0009455032620930766
[2025-02-22 17:05:33;INFO]Train | Loss : 0.004649 | ACC : 3360/3360 (100.000%)
[2025-02-22 17:05:35;INFO]Valid | Loss : 0.003016 | ACC : 1440/1440 (100.000%)
[2025-02-22 17:05:35;INFO]      | Loss didn't drop!

[2025-02-22 17:05:35;INFO]best epoch: 333, best loss: 0.002982
[2025-02-22 17:05:35;INFO]----------------------------------------------------------------------------------------------------

[2025-02-22 17:05:35;INFO]Current Epoch: 371 / 500 | Learning Rate : 0.0005000000000009428
[2025-02-22 17:05:54;INFO]Train | Loss : 0.004984 | ACC : 3360/3360 (100.000%)
[2025-02-22 17:05:57;INFO]Valid | Loss : 0.014258 | ACC : 1436/1440 (99.722%)
[2025-02-22 17:05:57;INFO]      | Loss didn't drop!

[2025-02-22 17:05:57;INFO]best epoch: 333, best loss: 0.002982
[2025-02-22 17:05:57;INFO]----------------------------------------------------------------------------------------------------

[2025-02-22 17:05:57;INFO]Current Epoch: 372 / 500 | Learning Rate : 5.4496737905907264e-05
[2025-02-22 17:06:16;INFO]Train | Loss : 0.004431 | ACC : 3360/3360 (100.000%)
[2025-02-22 17:06:19;INFO]Valid | Loss : 0.002903 | ACC : 1440/1440 (100.000%)
[2025-02-22 17:06:19;INFO]      | Loss dropped from 0.002982 to 0.002903, model has been saved!

[2025-02-22 17:06:19;INFO]best epoch: 372, best loss: 0.002903
[2025-02-22 17:06:19;INFO]----------------------------------------------------------------------------------------------------

[2025-02-22 17:06:19;INFO]Current Epoch: 373 / 500 | Learning Rate : 0.000904508497189507
[2025-02-22 17:06:38;INFO]Train | Loss : 0.003971 | ACC : 3360/3360 (100.000%)
[2025-02-22 17:06:40;INFO]Valid | Loss : 0.002022 | ACC : 1440/1440 (100.000%)
[2025-02-22 17:06:40;INFO]      | Loss dropped from 0.002903 to 0.002022, model has been saved!

[2025-02-22 17:06:40;INFO]best epoch: 373, best loss: 0.002022
[2025-02-22 17:06:40;INFO]----------------------------------------------------------------------------------------------------

[2025-02-22 17:06:40;INFO]Current Epoch: 374 / 500 | Learning Rate : 0.0005782172325198901
[2025-02-22 17:06:59;INFO]Train | Loss : 0.003739 | ACC : 3360/3360 (100.000%)
[2025-02-22 17:07:02;INFO]Valid | Loss : 0.002235 | ACC : 1440/1440 (100.000%)
[2025-02-22 17:07:02;INFO]      | Loss didn't drop!

[2025-02-22 17:07:02;INFO]best epoch: 373, best loss: 0.002022
[2025-02-22 17:07:02;INFO]----------------------------------------------------------------------------------------------------

[2025-02-22 17:07:02;INFO]Current Epoch: 375 / 500 | Learning Rate : 2.4471741852428063e-05
[2025-02-22 17:07:21;INFO]Train | Loss : 0.003993 | ACC : 3360/3360 (100.000%)
[2025-02-22 17:07:24;INFO]Valid | Loss : 0.004771 | ACC : 1439/1440 (99.931%)
[2025-02-22 17:07:24;INFO]      | Loss didn't drop!

[2025-02-22 17:07:24;INFO]best epoch: 373, best loss: 0.002022
[2025-02-22 17:07:24;INFO]----------------------------------------------------------------------------------------------------

[2025-02-22 17:07:24;INFO]Current Epoch: 376 / 500 | Learning Rate : 0.000853553390593247
[2025-02-22 17:07:43;INFO]Train | Loss : 0.005546 | ACC : 3358/3360 (99.940%)
[2025-02-22 17:07:45;INFO]Valid | Loss : 0.034190 | ACC : 1421/1440 (98.681%)
[2025-02-22 17:07:45;INFO]      | Loss didn't drop!

[2025-02-22 17:07:45;INFO]best epoch: 373, best loss: 0.002022
[2025-02-22 17:07:45;INFO]----------------------------------------------------------------------------------------------------

[2025-02-22 17:07:45;INFO]Current Epoch: 377 / 500 | Learning Rate : 0.0006545084971895008
[2025-02-22 17:08:04;INFO]Train | Loss : 0.003905 | ACC : 3360/3360 (100.000%)
[2025-02-22 17:08:07;INFO]Valid | Loss : 0.006214 | ACC : 1438/1440 (99.861%)
[2025-02-22 17:08:07;INFO]      | Loss didn't drop!

[2025-02-22 17:08:07;INFO]best epoch: 373, best loss: 0.002022
[2025-02-22 17:08:07;INFO]----------------------------------------------------------------------------------------------------

[2025-02-22 17:08:07;INFO]Current Epoch: 378 / 500 | Learning Rate : 6.1558297024519335e-06
[2025-02-22 17:08:26;INFO]Train | Loss : 0.003306 | ACC : 3360/3360 (100.000%)
[2025-02-22 17:08:29;INFO]Valid | Loss : 0.034857 | ACC : 1419/1440 (98.542%)
[2025-02-22 17:08:29;INFO]      | Loss didn't drop!

[2025-02-22 17:08:29;INFO]best epoch: 373, best loss: 0.002022
[2025-02-22 17:08:29;INFO]----------------------------------------------------------------------------------------------------

[2025-02-22 17:08:29;INFO]Current Epoch: 379 / 500 | Learning Rate : 0.0007938926261466338
[2025-02-22 17:08:48;INFO]Train | Loss : 0.003173 | ACC : 3360/3360 (100.000%)
[2025-02-22 17:08:50;INFO]Valid | Loss : 0.003205 | ACC : 1440/1440 (100.000%)
[2025-02-22 17:08:50;INFO]      | Loss didn't drop!

[2025-02-22 17:08:50;INFO]best epoch: 373, best loss: 0.002022
[2025-02-22 17:08:50;INFO]----------------------------------------------------------------------------------------------------

[2025-02-22 17:08:50;INFO]Current Epoch: 380 / 500 | Learning Rate : 0.0007269952498702517
[2025-02-22 17:09:09;INFO]Train | Loss : 0.004629 | ACC : 3360/3360 (100.000%)
[2025-02-22 17:09:12;INFO]Valid | Loss : 0.002378 | ACC : 1440/1440 (100.000%)
[2025-02-22 17:09:12;INFO]      | Loss didn't drop!

[2025-02-22 17:09:12;INFO]best epoch: 373, best loss: 0.002022
[2025-02-22 17:09:12;INFO]----------------------------------------------------------------------------------------------------

[2025-02-22 17:09:12;INFO]Current Epoch: 381 / 500 | Learning Rate : 0.0
[2025-02-22 17:09:31;INFO]Train | Loss : 0.003356 | ACC : 3360/3360 (100.000%)
[2025-02-22 17:09:34;INFO]Valid | Loss : 0.002905 | ACC : 1440/1440 (100.000%)
[2025-02-22 17:09:34;INFO]      | Loss didn't drop!

[2025-02-22 17:09:34;INFO]best epoch: 373, best loss: 0.002022
[2025-02-22 17:09:34;INFO]----------------------------------------------------------------------------------------------------

[2025-02-22 17:09:34;INFO]Current Epoch: 382 / 500 | Learning Rate : 0.000726995249870514
[2025-02-22 17:09:52;INFO]Train | Loss : 0.004974 | ACC : 3360/3360 (100.000%)
[2025-02-22 17:09:55;INFO]Valid | Loss : 0.002281 | ACC : 1440/1440 (100.000%)
[2025-02-22 17:09:55;INFO]      | Loss didn't drop!

[2025-02-22 17:09:55;INFO]best epoch: 373, best loss: 0.002022
[2025-02-22 17:09:55;INFO]----------------------------------------------------------------------------------------------------

[2025-02-22 17:09:55;INFO]Current Epoch: 383 / 500 | Learning Rate : 0.0007938926261472255
[2025-02-22 17:10:14;INFO]Train | Loss : 0.019481 | ACC : 3349/3360 (99.673%)
[2025-02-22 17:10:17;INFO]Valid | Loss : 0.026537 | ACC : 1433/1440 (99.514%)
[2025-02-22 17:10:17;INFO]      | Loss didn't drop!

[2025-02-22 17:10:17;INFO]best epoch: 373, best loss: 0.002022
[2025-02-22 17:10:17;INFO]----------------------------------------------------------------------------------------------------

[2025-02-22 17:10:17;INFO]Current Epoch: 384 / 500 | Learning Rate : 6.155829702431115e-06
[2025-02-22 17:10:36;INFO]Train | Loss : 0.008350 | ACC : 3360/3360 (100.000%)
[2025-02-22 17:10:38;INFO]Valid | Loss : 0.042198 | ACC : 1413/1440 (98.125%)
[2025-02-22 17:10:38;INFO]      | Loss didn't drop!

[2025-02-22 17:10:38;INFO]best epoch: 373, best loss: 0.002022
[2025-02-22 17:10:38;INFO]----------------------------------------------------------------------------------------------------

[2025-02-22 17:10:38;INFO]Current Epoch: 385 / 500 | Learning Rate : 0.0006545084971885788
[2025-02-22 17:10:57;INFO]Train | Loss : 0.004390 | ACC : 3360/3360 (100.000%)
[2025-02-22 17:11:00;INFO]Valid | Loss : 0.006242 | ACC : 1440/1440 (100.000%)
[2025-02-22 17:11:00;INFO]      | Loss didn't drop!

[2025-02-22 17:11:00;INFO]best epoch: 373, best loss: 0.002022
[2025-02-22 17:11:00;INFO]----------------------------------------------------------------------------------------------------

[2025-02-22 17:11:00;INFO]Current Epoch: 386 / 500 | Learning Rate : 0.000853553390592291
[2025-02-22 17:11:19;INFO]Train | Loss : 0.005079 | ACC : 3359/3360 (99.970%)
[2025-02-22 17:11:22;INFO]Valid | Loss : 0.003431 | ACC : 1440/1440 (100.000%)
[2025-02-22 17:11:22;INFO]      | Loss didn't drop!

[2025-02-22 17:11:22;INFO]best epoch: 373, best loss: 0.002022
[2025-02-22 17:11:22;INFO]----------------------------------------------------------------------------------------------------

[2025-02-22 17:11:22;INFO]Current Epoch: 387 / 500 | Learning Rate : 2.4471741852465603e-05
[2025-02-22 17:11:41;INFO]Train | Loss : 0.005255 | ACC : 3360/3360 (100.000%)
[2025-02-22 17:11:43;INFO]Valid | Loss : 0.057148 | ACC : 1415/1440 (98.264%)
[2025-02-22 17:11:43;INFO]      | Loss didn't drop!

[2025-02-22 17:11:43;INFO]best epoch: 373, best loss: 0.002022
[2025-02-22 17:11:43;INFO]----------------------------------------------------------------------------------------------------

[2025-02-22 17:11:43;INFO]Current Epoch: 388 / 500 | Learning Rate : 0.0005782172325213858
[2025-02-22 17:12:02;INFO]Train | Loss : 0.004406 | ACC : 3360/3360 (100.000%)
[2025-02-22 17:12:05;INFO]Valid | Loss : 0.005352 | ACC : 1439/1440 (99.931%)
[2025-02-22 17:12:05;INFO]      | Loss didn't drop!

[2025-02-22 17:12:05;INFO]best epoch: 373, best loss: 0.002022
[2025-02-22 17:12:05;INFO]----------------------------------------------------------------------------------------------------

[2025-02-22 17:12:05;INFO]Current Epoch: 389 / 500 | Learning Rate : 0.0009045084971869596
[2025-02-22 17:12:24;INFO]Train | Loss : 0.003494 | ACC : 3360/3360 (100.000%)
[2025-02-22 17:12:27;INFO]Valid | Loss : 0.001878 | ACC : 1440/1440 (100.000%)
[2025-02-22 17:12:27;INFO]      | Loss dropped from 0.002022 to 0.001878, model has been saved!

[2025-02-22 17:12:27;INFO]best epoch: 389, best loss: 0.001878
[2025-02-22 17:12:27;INFO]----------------------------------------------------------------------------------------------------

[2025-02-22 17:12:27;INFO]Current Epoch: 390 / 500 | Learning Rate : 5.4496737905752975e-05
[2025-02-22 17:12:46;INFO]Train | Loss : 0.003062 | ACC : 3360/3360 (100.000%)
[2025-02-22 17:12:48;INFO]Valid | Loss : 0.005775 | ACC : 1438/1440 (99.861%)
[2025-02-22 17:12:48;INFO]      | Loss didn't drop!

[2025-02-22 17:12:48;INFO]best epoch: 389, best loss: 0.001878
[2025-02-22 17:12:48;INFO]----------------------------------------------------------------------------------------------------

[2025-02-22 17:12:48;INFO]Current Epoch: 391 / 500 | Learning Rate : 0.0005000000000000205
[2025-02-22 17:13:07;INFO]Train | Loss : 0.003276 | ACC : 3360/3360 (100.000%)
[2025-02-22 17:13:10;INFO]Valid | Loss : 0.002927 | ACC : 1440/1440 (100.000%)
[2025-02-22 17:13:10;INFO]      | Loss didn't drop!

[2025-02-22 17:13:10;INFO]best epoch: 389, best loss: 0.001878
[2025-02-22 17:13:10;INFO]----------------------------------------------------------------------------------------------------

[2025-02-22 17:13:10;INFO]Current Epoch: 392 / 500 | Learning Rate : 0.0009455032620941946
[2025-02-22 17:13:29;INFO]Train | Loss : 0.004096 | ACC : 3360/3360 (100.000%)
[2025-02-22 17:13:32;INFO]Valid | Loss : 0.003309 | ACC : 1440/1440 (100.000%)
[2025-02-22 17:13:32;INFO]      | Loss didn't drop!

[2025-02-22 17:13:32;INFO]best epoch: 389, best loss: 0.001878
[2025-02-22 17:13:32;INFO]----------------------------------------------------------------------------------------------------

[2025-02-22 17:13:32;INFO]Current Epoch: 393 / 500 | Learning Rate : 9.549150281278579e-05
[2025-02-22 17:13:50;INFO]Train | Loss : 0.002989 | ACC : 3360/3360 (100.000%)
[2025-02-22 17:13:53;INFO]Valid | Loss : 0.005380 | ACC : 1440/1440 (100.000%)
[2025-02-22 17:13:53;INFO]      | Loss didn't drop!

[2025-02-22 17:13:53;INFO]best epoch: 389, best loss: 0.001878
[2025-02-22 17:13:53;INFO]----------------------------------------------------------------------------------------------------

[2025-02-22 17:13:53;INFO]Current Epoch: 394 / 500 | Learning Rate : 0.00042178276748133906
[2025-02-22 17:14:12;INFO]Train | Loss : 0.003497 | ACC : 3360/3360 (100.000%)
[2025-02-22 17:14:15;INFO]Valid | Loss : 0.011411 | ACC : 1436/1440 (99.722%)
[2025-02-22 17:14:15;INFO]      | Loss didn't drop!

[2025-02-22 17:14:15;INFO]best epoch: 389, best loss: 0.001878
[2025-02-22 17:14:15;INFO]----------------------------------------------------------------------------------------------------

[2025-02-22 17:14:15;INFO]Current Epoch: 395 / 500 | Learning Rate : 0.000975528258150922
[2025-02-22 17:14:34;INFO]Train | Loss : 0.003829 | ACC : 3360/3360 (100.000%)
[2025-02-22 17:14:36;INFO]Valid | Loss : 0.002904 | ACC : 1440/1440 (100.000%)
[2025-02-22 17:14:36;INFO]      | Loss didn't drop!

[2025-02-22 17:14:36;INFO]best epoch: 389, best loss: 0.001878
[2025-02-22 17:14:36;INFO]----------------------------------------------------------------------------------------------------

[2025-02-22 17:14:36;INFO]Current Epoch: 396 / 500 | Learning Rate : 0.0001464466094063159
[2025-02-22 17:14:55;INFO]Train | Loss : 0.003651 | ACC : 3360/3360 (100.000%)
[2025-02-22 17:14:58;INFO]Valid | Loss : 0.032287 | ACC : 1423/1440 (98.819%)
[2025-02-22 17:14:58;INFO]      | Loss didn't drop!

[2025-02-22 17:14:58;INFO]best epoch: 389, best loss: 0.001878
[2025-02-22 17:14:58;INFO]----------------------------------------------------------------------------------------------------

[2025-02-22 17:14:58;INFO]Current Epoch: 397 / 500 | Learning Rate : 0.0003454915028118952
[2025-02-22 17:15:17;INFO]Train | Loss : 0.005094 | ACC : 3360/3360 (100.000%)
[2025-02-22 17:15:20;INFO]Valid | Loss : 0.034801 | ACC : 1419/1440 (98.542%)
[2025-02-22 17:15:20;INFO]      | Loss didn't drop!

[2025-02-22 17:15:20;INFO]best epoch: 389, best loss: 0.001878
[2025-02-22 17:15:20;INFO]----------------------------------------------------------------------------------------------------

[2025-02-22 17:15:20;INFO]Current Epoch: 398 / 500 | Learning Rate : 0.0009938441702986827
[2025-02-22 17:15:39;INFO]Train | Loss : 0.004905 | ACC : 3360/3360 (100.000%)
[2025-02-22 17:15:41;INFO]Valid | Loss : 0.001923 | ACC : 1440/1440 (100.000%)
[2025-02-22 17:15:41;INFO]      | Loss didn't drop!

[2025-02-22 17:15:41;INFO]best epoch: 389, best loss: 0.001878
[2025-02-22 17:15:41;INFO]----------------------------------------------------------------------------------------------------

[2025-02-22 17:15:41;INFO]Current Epoch: 399 / 500 | Learning Rate : 0.00020610737385413385
[2025-02-22 17:16:00;INFO]Train | Loss : 0.003257 | ACC : 3360/3360 (100.000%)
[2025-02-22 17:16:03;INFO]Valid | Loss : 0.004453 | ACC : 1440/1440 (100.000%)
[2025-02-22 17:16:03;INFO]      | Loss didn't drop!

[2025-02-22 17:16:03;INFO]best epoch: 389, best loss: 0.001878
[2025-02-22 17:16:03;INFO]----------------------------------------------------------------------------------------------------

[2025-02-22 17:16:03;INFO]Current Epoch: 400 / 500 | Learning Rate : 0.00027300475013054625
[2025-02-22 17:16:22;INFO]Train | Loss : 0.004183 | ACC : 3360/3360 (100.000%)
[2025-02-22 17:16:25;INFO]Valid | Loss : 0.285424 | ACC : 1336/1440 (92.778%)
[2025-02-22 17:16:25;INFO]      | Loss didn't drop!

[2025-02-22 17:16:25;INFO]best epoch: 389, best loss: 0.001878
[2025-02-22 17:16:25;INFO]----------------------------------------------------------------------------------------------------

[2025-02-22 17:16:25;INFO]Current Epoch: 401 / 500 | Learning Rate : 0.0010000000000016773
[2025-02-22 17:16:44;INFO]Train | Loss : 0.032569 | ACC : 3327/3360 (99.018%)
[2025-02-22 17:16:46;INFO]Valid | Loss : 0.006857 | ACC : 1440/1440 (100.000%)
[2025-02-22 17:16:46;INFO]      | Loss didn't drop!

[2025-02-22 17:16:46;INFO]best epoch: 389, best loss: 0.001878
[2025-02-22 17:16:46;INFO]----------------------------------------------------------------------------------------------------

[2025-02-22 17:16:46;INFO]Current Epoch: 402 / 500 | Learning Rate : 0.0002730047501307768
[2025-02-22 17:17:05;INFO]Train | Loss : 0.011480 | ACC : 3357/3360 (99.911%)
[2025-02-22 17:17:08;INFO]Valid | Loss : 0.082744 | ACC : 1401/1440 (97.292%)
[2025-02-22 17:17:08;INFO]      | Loss didn't drop!

[2025-02-22 17:17:08;INFO]best epoch: 389, best loss: 0.001878
[2025-02-22 17:17:08;INFO]----------------------------------------------------------------------------------------------------

[2025-02-22 17:17:08;INFO]Current Epoch: 403 / 500 | Learning Rate : 0.00020610737385417434
[2025-02-22 17:17:27;INFO]Train | Loss : 0.005614 | ACC : 3359/3360 (99.970%)
[2025-02-22 17:17:29;INFO]Valid | Loss : 0.668404 | ACC : 1346/1440 (93.472%)
[2025-02-22 17:17:29;INFO]      | Loss didn't drop!

[2025-02-22 17:17:29;INFO]best epoch: 389, best loss: 0.001878
[2025-02-22 17:17:29;INFO]----------------------------------------------------------------------------------------------------

[2025-02-22 17:17:29;INFO]Current Epoch: 404 / 500 | Learning Rate : 0.0009938441702969027
[2025-02-22 17:17:48;INFO]Train | Loss : 0.004404 | ACC : 3360/3360 (100.000%)
[2025-02-22 17:17:51;INFO]Valid | Loss : 0.002623 | ACC : 1440/1440 (100.000%)
[2025-02-22 17:17:51;INFO]      | Loss didn't drop!

[2025-02-22 17:17:51;INFO]best epoch: 389, best loss: 0.001878
[2025-02-22 17:17:51;INFO]----------------------------------------------------------------------------------------------------

[2025-02-22 17:17:51;INFO]Current Epoch: 405 / 500 | Learning Rate : 0.00034549150281243987
[2025-02-22 17:18:10;INFO]Train | Loss : 0.003657 | ACC : 3360/3360 (100.000%)
[2025-02-22 17:18:13;INFO]Valid | Loss : 0.001851 | ACC : 1440/1440 (100.000%)
[2025-02-22 17:18:13;INFO]      | Loss dropped from 0.001878 to 0.001851, model has been saved!

[2025-02-22 17:18:13;INFO]best epoch: 405, best loss: 0.001851
[2025-02-22 17:18:13;INFO]----------------------------------------------------------------------------------------------------

[2025-02-22 17:18:13;INFO]Current Epoch: 406 / 500 | Learning Rate : 0.00014644660940665323
[2025-02-22 17:18:32;INFO]Train | Loss : 0.002873 | ACC : 3360/3360 (100.000%)
[2025-02-22 17:18:34;INFO]Valid | Loss : 0.004085 | ACC : 1439/1440 (99.931%)
[2025-02-22 17:18:34;INFO]      | Loss didn't drop!

[2025-02-22 17:18:34;INFO]best epoch: 405, best loss: 0.001851
[2025-02-22 17:18:34;INFO]----------------------------------------------------------------------------------------------------

[2025-02-22 17:18:34;INFO]Current Epoch: 407 / 500 | Learning Rate : 0.0009755282581474723
[2025-02-22 17:18:53;INFO]Train | Loss : 0.003048 | ACC : 3360/3360 (100.000%)
[2025-02-22 17:18:56;INFO]Valid | Loss : 0.001506 | ACC : 1440/1440 (100.000%)
[2025-02-22 17:18:56;INFO]      | Loss dropped from 0.001851 to 0.001506, model has been saved!

[2025-02-22 17:18:56;INFO]best epoch: 407, best loss: 0.001506
[2025-02-22 17:18:56;INFO]----------------------------------------------------------------------------------------------------

[2025-02-22 17:18:56;INFO]Current Epoch: 408 / 500 | Learning Rate : 0.00042178276747992206
[2025-02-22 17:19:15;INFO]Train | Loss : 0.003493 | ACC : 3360/3360 (100.000%)
[2025-02-22 17:19:18;INFO]Valid | Loss : 0.003940 | ACC : 1440/1440 (100.000%)
[2025-02-22 17:19:18;INFO]      | Loss didn't drop!

[2025-02-22 17:19:18;INFO]best epoch: 407, best loss: 0.001506
[2025-02-22 17:19:18;INFO]----------------------------------------------------------------------------------------------------

[2025-02-22 17:19:18;INFO]Current Epoch: 409 / 500 | Learning Rate : 9.549150281250943e-05
[2025-02-22 17:19:37;INFO]Train | Loss : 0.002712 | ACC : 3360/3360 (100.000%)
[2025-02-22 17:19:39;INFO]Valid | Loss : 0.005070 | ACC : 1440/1440 (100.000%)
[2025-02-22 17:19:39;INFO]      | Loss didn't drop!

[2025-02-22 17:19:39;INFO]best epoch: 407, best loss: 0.001506
[2025-02-22 17:19:39;INFO]----------------------------------------------------------------------------------------------------

[2025-02-22 17:19:39;INFO]Current Epoch: 410 / 500 | Learning Rate : 0.0009455032620973177
[2025-02-22 17:19:58;INFO]Train | Loss : 0.003851 | ACC : 3360/3360 (100.000%)
[2025-02-22 17:20:01;INFO]Valid | Loss : 0.002038 | ACC : 1440/1440 (100.000%)
[2025-02-22 17:20:01;INFO]      | Loss didn't drop!

[2025-02-22 17:20:01;INFO]best epoch: 407, best loss: 0.001506
[2025-02-22 17:20:01;INFO]----------------------------------------------------------------------------------------------------

[2025-02-22 17:20:01;INFO]Current Epoch: 411 / 500 | Learning Rate : 0.0005000000000017998
[2025-02-22 17:20:20;INFO]Train | Loss : 0.004043 | ACC : 3360/3360 (100.000%)
[2025-02-22 17:20:23;INFO]Valid | Loss : 0.001754 | ACC : 1440/1440 (100.000%)
[2025-02-22 17:20:23;INFO]      | Loss didn't drop!

[2025-02-22 17:20:23;INFO]best epoch: 407, best loss: 0.001506
[2025-02-22 17:20:23;INFO]----------------------------------------------------------------------------------------------------

[2025-02-22 17:20:23;INFO]Current Epoch: 412 / 500 | Learning Rate : 5.4496737906024134e-05
[2025-02-22 17:20:42;INFO]Train | Loss : 0.003411 | ACC : 3360/3360 (100.000%)
[2025-02-22 17:20:44;INFO]Valid | Loss : 0.199065 | ACC : 1358/1440 (94.306%)
[2025-02-22 17:20:44;INFO]      | Loss didn't drop!

[2025-02-22 17:20:44;INFO]best epoch: 407, best loss: 0.001506
[2025-02-22 17:20:44;INFO]----------------------------------------------------------------------------------------------------

[2025-02-22 17:20:44;INFO]Current Epoch: 413 / 500 | Learning Rate : 0.000904508497185784
[2025-02-22 17:21:03;INFO]Train | Loss : 0.003727 | ACC : 3360/3360 (100.000%)
[2025-02-22 17:21:06;INFO]Valid | Loss : 0.044994 | ACC : 1411/1440 (97.986%)
[2025-02-22 17:21:06;INFO]      | Loss didn't drop!

[2025-02-22 17:21:06;INFO]best epoch: 407, best loss: 0.001506
[2025-02-22 17:21:06;INFO]----------------------------------------------------------------------------------------------------

[2025-02-22 17:21:06;INFO]Current Epoch: 414 / 500 | Learning Rate : 0.0005782172325208781
[2025-02-22 17:21:25;INFO]Train | Loss : 0.003929 | ACC : 3360/3360 (100.000%)
[2025-02-22 17:21:28;INFO]Valid | Loss : 0.002535 | ACC : 1440/1440 (100.000%)
[2025-02-22 17:21:28;INFO]      | Loss didn't drop!

[2025-02-22 17:21:28;INFO]best epoch: 407, best loss: 0.001506
[2025-02-22 17:21:28;INFO]----------------------------------------------------------------------------------------------------

[2025-02-22 17:21:28;INFO]Current Epoch: 415 / 500 | Learning Rate : 2.4471741852452366e-05
[2025-02-22 17:21:47;INFO]Train | Loss : 0.002766 | ACC : 3360/3360 (100.000%)
[2025-02-22 17:21:49;INFO]Valid | Loss : 0.091651 | ACC : 1391/1440 (96.597%)
[2025-02-22 17:21:49;INFO]      | Loss didn't drop!

[2025-02-22 17:21:49;INFO]best epoch: 407, best loss: 0.001506
[2025-02-22 17:21:49;INFO]----------------------------------------------------------------------------------------------------

[2025-02-22 17:21:49;INFO]Current Epoch: 416 / 500 | Learning Rate : 0.0008535533905945972
[2025-02-22 17:22:08;INFO]Train | Loss : 0.002490 | ACC : 3360/3360 (100.000%)
[2025-02-22 17:22:11;INFO]Valid | Loss : 0.001786 | ACC : 1440/1440 (100.000%)
[2025-02-22 17:22:11;INFO]      | Loss didn't drop!

[2025-02-22 17:22:11;INFO]best epoch: 407, best loss: 0.001506
[2025-02-22 17:22:11;INFO]----------------------------------------------------------------------------------------------------

[2025-02-22 17:22:11;INFO]Current Epoch: 417 / 500 | Learning Rate : 0.0006545084971886078
[2025-02-22 17:22:30;INFO]Train | Loss : 0.005849 | ACC : 3359/3360 (99.970%)
[2025-02-22 17:22:33;INFO]Valid | Loss : 0.004517 | ACC : 1440/1440 (100.000%)
[2025-02-22 17:22:33;INFO]      | Loss didn't drop!

[2025-02-22 17:22:33;INFO]best epoch: 407, best loss: 0.001506
[2025-02-22 17:22:33;INFO]----------------------------------------------------------------------------------------------------

[2025-02-22 17:22:33;INFO]Current Epoch: 418 / 500 | Learning Rate : 6.155829702454096e-06
[2025-02-22 17:22:51;INFO]Train | Loss : 0.008674 | ACC : 3358/3360 (99.940%)
[2025-02-22 17:22:54;INFO]Valid | Loss : 2.865102 | ACC : 1050/1440 (72.917%)
[2025-02-22 17:22:54;INFO]      | Loss didn't drop!

[2025-02-22 17:22:54;INFO]best epoch: 407, best loss: 0.001506
[2025-02-22 17:22:54;INFO]----------------------------------------------------------------------------------------------------

[2025-02-22 17:22:54;INFO]Current Epoch: 419 / 500 | Learning Rate : 0.0007938926261478818
[2025-02-22 17:23:13;INFO]Train | Loss : 0.009119 | ACC : 3360/3360 (100.000%)
[2025-02-22 17:23:16;INFO]Valid | Loss : 0.199568 | ACC : 1337/1440 (92.847%)
[2025-02-22 17:23:16;INFO]      | Loss didn't drop!

[2025-02-22 17:23:16;INFO]best epoch: 407, best loss: 0.001506
[2025-02-22 17:23:16;INFO]----------------------------------------------------------------------------------------------------

[2025-02-22 17:23:16;INFO]Current Epoch: 420 / 500 | Learning Rate : 0.0007269952498693723
[2025-02-22 17:23:35;INFO]Train | Loss : 0.005502 | ACC : 3360/3360 (100.000%)
[2025-02-22 17:23:37;INFO]Valid | Loss : 0.020210 | ACC : 1432/1440 (99.444%)
[2025-02-22 17:23:37;INFO]      | Loss didn't drop!

[2025-02-22 17:23:37;INFO]best epoch: 407, best loss: 0.001506
[2025-02-22 17:23:37;INFO]----------------------------------------------------------------------------------------------------

[2025-02-22 17:23:37;INFO]Current Epoch: 421 / 500 | Learning Rate : 0.0
[2025-02-22 17:23:56;INFO]Train | Loss : 0.005645 | ACC : 3359/3360 (99.970%)
[2025-02-22 17:23:59;INFO]Valid | Loss : 0.106657 | ACC : 1390/1440 (96.528%)
[2025-02-22 17:23:59;INFO]      | Loss didn't drop!

[2025-02-22 17:23:59;INFO]best epoch: 407, best loss: 0.001506
[2025-02-22 17:23:59;INFO]----------------------------------------------------------------------------------------------------

[2025-02-22 17:23:59;INFO]Current Epoch: 422 / 500 | Learning Rate : 0.0007269952498696464
[2025-02-22 17:24:18;INFO]Train | Loss : 0.003651 | ACC : 3360/3360 (100.000%)
[2025-02-22 17:24:21;INFO]Valid | Loss : 0.001676 | ACC : 1440/1440 (100.000%)
[2025-02-22 17:24:21;INFO]      | Loss didn't drop!

[2025-02-22 17:24:21;INFO]best epoch: 407, best loss: 0.001506
[2025-02-22 17:24:21;INFO]----------------------------------------------------------------------------------------------------

[2025-02-22 17:24:21;INFO]Current Epoch: 423 / 500 | Learning Rate : 0.0007938926261461641
[2025-02-22 17:24:40;INFO]Train | Loss : 0.003435 | ACC : 3360/3360 (100.000%)
[2025-02-22 17:24:42;INFO]Valid | Loss : 0.002971 | ACC : 1440/1440 (100.000%)
[2025-02-22 17:24:42;INFO]      | Loss didn't drop!

[2025-02-22 17:24:42;INFO]best epoch: 407, best loss: 0.001506
[2025-02-22 17:24:42;INFO]----------------------------------------------------------------------------------------------------

[2025-02-22 17:24:42;INFO]Current Epoch: 424 / 500 | Learning Rate : 6.155829702431115e-06
[2025-02-22 17:25:01;INFO]Train | Loss : 0.006964 | ACC : 3358/3360 (99.940%)
[2025-02-22 17:25:04;INFO]Valid | Loss : 0.102367 | ACC : 1388/1440 (96.389%)
[2025-02-22 17:25:04;INFO]      | Loss didn't drop!

[2025-02-22 17:25:04;INFO]best epoch: 407, best loss: 0.001506
[2025-02-22 17:25:04;INFO]----------------------------------------------------------------------------------------------------

[2025-02-22 17:25:04;INFO]Current Epoch: 425 / 500 | Learning Rate : 0.0006545084971876988
[2025-02-22 17:25:23;INFO]Train | Loss : 0.039907 | ACC : 3317/3360 (98.720%)
[2025-02-22 17:25:26;INFO]Valid | Loss : 0.503585 | ACC : 1269/1440 (88.125%)
[2025-02-22 17:25:26;INFO]      | Loss didn't drop!

[2025-02-22 17:25:26;INFO]best epoch: 407, best loss: 0.001506
[2025-02-22 17:25:26;INFO]----------------------------------------------------------------------------------------------------

[2025-02-22 17:25:26;INFO]Current Epoch: 426 / 500 | Learning Rate : 0.0008535533905961748
[2025-02-22 17:25:44;INFO]Train | Loss : 0.020189 | ACC : 3351/3360 (99.732%)
[2025-02-22 17:25:47;INFO]Valid | Loss : 0.050175 | ACC : 1418/1440 (98.472%)
[2025-02-22 17:25:47;INFO]      | Loss didn't drop!

[2025-02-22 17:25:47;INFO]best epoch: 407, best loss: 0.001506
[2025-02-22 17:25:47;INFO]----------------------------------------------------------------------------------------------------

[2025-02-22 17:25:47;INFO]Current Epoch: 427 / 500 | Learning Rate : 2.447174185248562e-05
[2025-02-22 17:26:06;INFO]Train | Loss : 0.008054 | ACC : 3360/3360 (100.000%)
[2025-02-22 17:26:09;INFO]Valid | Loss : 0.305137 | ACC : 1330/1440 (92.361%)
[2025-02-22 17:26:09;INFO]      | Loss didn't drop!

[2025-02-22 17:26:09;INFO]best epoch: 407, best loss: 0.001506
[2025-02-22 17:26:09;INFO]----------------------------------------------------------------------------------------------------

[2025-02-22 17:26:09;INFO]Current Epoch: 428 / 500 | Learning Rate : 0.0005782172325223874
[2025-02-22 17:26:28;INFO]Train | Loss : 0.004840 | ACC : 3360/3360 (100.000%)
[2025-02-22 17:26:30;INFO]Valid | Loss : 0.005514 | ACC : 1440/1440 (100.000%)
[2025-02-22 17:26:30;INFO]      | Loss didn't drop!

[2025-02-22 17:26:30;INFO]best epoch: 407, best loss: 0.001506
[2025-02-22 17:26:30;INFO]----------------------------------------------------------------------------------------------------

[2025-02-22 17:26:30;INFO]Current Epoch: 429 / 500 | Learning Rate : 0.0009045084971858473
[2025-02-22 17:26:49;INFO]Train | Loss : 0.003268 | ACC : 3360/3360 (100.000%)
[2025-02-22 17:26:52;INFO]Valid | Loss : 0.002203 | ACC : 1440/1440 (100.000%)
[2025-02-22 17:26:52;INFO]      | Loss didn't drop!

[2025-02-22 17:26:52;INFO]best epoch: 407, best loss: 0.001506
[2025-02-22 17:26:52;INFO]----------------------------------------------------------------------------------------------------

[2025-02-22 17:26:52;INFO]Current Epoch: 430 / 500 | Learning Rate : 5.449673790586366e-05
[2025-02-22 17:27:11;INFO]Train | Loss : 0.006588 | ACC : 3360/3360 (100.000%)
[2025-02-22 17:27:14;INFO]Valid | Loss : 0.032209 | ACC : 1423/1440 (98.819%)
[2025-02-22 17:27:14;INFO]      | Loss didn't drop!

[2025-02-22 17:27:14;INFO]best epoch: 407, best loss: 0.001506
[2025-02-22 17:27:14;INFO]----------------------------------------------------------------------------------------------------

[2025-02-22 17:27:14;INFO]Current Epoch: 431 / 500 | Learning Rate : 0.0005000000000007779
[2025-02-22 17:27:33;INFO]Train | Loss : 0.006757 | ACC : 3358/3360 (99.940%)
[2025-02-22 17:27:35;INFO]Valid | Loss : 0.160680 | ACC : 1353/1440 (93.958%)
[2025-02-22 17:27:35;INFO]      | Loss didn't drop!

[2025-02-22 17:27:35;INFO]best epoch: 407, best loss: 0.001506
[2025-02-22 17:27:35;INFO]----------------------------------------------------------------------------------------------------

[2025-02-22 17:27:35;INFO]Current Epoch: 432 / 500 | Learning Rate : 0.000945503262095701
[2025-02-22 17:27:54;INFO]Train | Loss : 0.014695 | ACC : 3356/3360 (99.881%)
[2025-02-22 17:27:57;INFO]Valid | Loss : 0.012172 | ACC : 1440/1440 (100.000%)
[2025-02-22 17:27:57;INFO]      | Loss didn't drop!

[2025-02-22 17:27:57;INFO]best epoch: 407, best loss: 0.001506
[2025-02-22 17:27:57;INFO]----------------------------------------------------------------------------------------------------

[2025-02-22 17:27:57;INFO]Current Epoch: 433 / 500 | Learning Rate : 9.549150281262695e-05
[2025-02-22 17:28:16;INFO]Train | Loss : 0.013386 | ACC : 3355/3360 (99.851%)
[2025-02-22 17:28:19;INFO]Valid | Loss : 0.254167 | ACC : 1349/1440 (93.681%)
[2025-02-22 17:28:19;INFO]      | Loss didn't drop!

[2025-02-22 17:28:19;INFO]best epoch: 407, best loss: 0.001506
[2025-02-22 17:28:19;INFO]----------------------------------------------------------------------------------------------------

[2025-02-22 17:28:19;INFO]Current Epoch: 434 / 500 | Learning Rate : 0.0004217827674807535
[2025-02-22 17:28:38;INFO]Train | Loss : 0.005267 | ACC : 3360/3360 (100.000%)
[2025-02-22 17:28:40;INFO]Valid | Loss : 0.049727 | ACC : 1406/1440 (97.639%)
[2025-02-22 17:28:40;INFO]      | Loss didn't drop!

[2025-02-22 17:28:40;INFO]best epoch: 407, best loss: 0.001506
[2025-02-22 17:28:40;INFO]----------------------------------------------------------------------------------------------------

[2025-02-22 17:28:40;INFO]Current Epoch: 435 / 500 | Learning Rate : 0.0009755282581496974
[2025-02-22 17:28:59;INFO]Train | Loss : 0.007832 | ACC : 3359/3360 (99.970%)
[2025-02-22 17:29:02;INFO]Valid | Loss : 0.004361 | ACC : 1440/1440 (100.000%)
[2025-02-22 17:29:02;INFO]      | Loss didn't drop!

[2025-02-22 17:29:02;INFO]best epoch: 407, best loss: 0.001506
[2025-02-22 17:29:02;INFO]----------------------------------------------------------------------------------------------------

[2025-02-22 17:29:02;INFO]Current Epoch: 436 / 500 | Learning Rate : 0.00014644660940658767
[2025-02-22 17:29:21;INFO]Train | Loss : 0.008568 | ACC : 3359/3360 (99.970%)
[2025-02-22 17:29:23;INFO]Valid | Loss : 0.005318 | ACC : 1440/1440 (100.000%)
[2025-02-22 17:29:23;INFO]      | Loss didn't drop!

[2025-02-22 17:29:23;INFO]best epoch: 407, best loss: 0.001506
[2025-02-22 17:29:23;INFO]----------------------------------------------------------------------------------------------------

[2025-02-22 17:29:23;INFO]Current Epoch: 437 / 500 | Learning Rate : 0.00034549150281251376
[2025-02-22 17:29:42;INFO]Train | Loss : 0.005638 | ACC : 3360/3360 (100.000%)
[2025-02-22 17:29:45;INFO]Valid | Loss : 0.012162 | ACC : 1436/1440 (99.722%)
[2025-02-22 17:29:45;INFO]      | Loss didn't drop!

[2025-02-22 17:29:45;INFO]best epoch: 407, best loss: 0.001506
[2025-02-22 17:29:45;INFO]----------------------------------------------------------------------------------------------------

[2025-02-22 17:29:45;INFO]Current Epoch: 438 / 500 | Learning Rate : 0.0009938441702974088
[2025-02-22 17:30:04;INFO]Train | Loss : 0.005690 | ACC : 3360/3360 (100.000%)
[2025-02-22 17:30:07;INFO]Valid | Loss : 0.013324 | ACC : 1435/1440 (99.653%)
[2025-02-22 17:30:07;INFO]      | Loss didn't drop!

[2025-02-22 17:30:07;INFO]best epoch: 407, best loss: 0.001506
[2025-02-22 17:30:07;INFO]----------------------------------------------------------------------------------------------------

[2025-02-22 17:30:07;INFO]Current Epoch: 439 / 500 | Learning Rate : 0.00020610737385372822
[2025-02-22 17:30:26;INFO]Train | Loss : 0.005674 | ACC : 3360/3360 (100.000%)
[2025-02-22 17:30:28;INFO]Valid | Loss : 0.260737 | ACC : 1357/1440 (94.236%)
[2025-02-22 17:30:28;INFO]      | Loss didn't drop!

[2025-02-22 17:30:28;INFO]best epoch: 407, best loss: 0.001506
[2025-02-22 17:30:28;INFO]----------------------------------------------------------------------------------------------------

[2025-02-22 17:30:28;INFO]Current Epoch: 440 / 500 | Learning Rate : 0.0002730047501302558
[2025-02-22 17:30:47;INFO]Train | Loss : 0.003184 | ACC : 3360/3360 (100.000%)
[2025-02-22 17:30:50;INFO]Valid | Loss : 0.012107 | ACC : 1435/1440 (99.653%)
[2025-02-22 17:30:50;INFO]      | Loss didn't drop!

[2025-02-22 17:30:50;INFO]best epoch: 407, best loss: 0.001506
[2025-02-22 17:30:50;INFO]----------------------------------------------------------------------------------------------------

[2025-02-22 17:30:50;INFO]Current Epoch: 441 / 500 | Learning Rate : 0.0010000000000004144
[2025-02-22 17:31:09;INFO]Train | Loss : 0.003530 | ACC : 3360/3360 (100.000%)
[2025-02-22 17:31:12;INFO]Valid | Loss : 0.007816 | ACC : 1436/1440 (99.722%)
[2025-02-22 17:31:12;INFO]      | Loss didn't drop!

[2025-02-22 17:31:12;INFO]best epoch: 407, best loss: 0.001506
[2025-02-22 17:31:12;INFO]----------------------------------------------------------------------------------------------------

[2025-02-22 17:31:12;INFO]Current Epoch: 442 / 500 | Learning Rate : 0.0002730047501312621
[2025-02-22 17:31:31;INFO]Train | Loss : 0.003189 | ACC : 3360/3360 (100.000%)
[2025-02-22 17:31:33;INFO]Valid | Loss : 0.001921 | ACC : 1440/1440 (100.000%)
[2025-02-22 17:31:33;INFO]      | Loss didn't drop!

[2025-02-22 17:31:33;INFO]best epoch: 407, best loss: 0.001506
[2025-02-22 17:31:33;INFO]----------------------------------------------------------------------------------------------------

[2025-02-22 17:31:33;INFO]Current Epoch: 443 / 500 | Learning Rate : 0.00020610737385446645
[2025-02-22 17:31:52;INFO]Train | Loss : 0.003139 | ACC : 3360/3360 (100.000%)
[2025-02-22 17:31:55;INFO]Valid | Loss : 0.102325 | ACC : 1387/1440 (96.319%)
[2025-02-22 17:31:55;INFO]      | Loss didn't drop!

[2025-02-22 17:31:55;INFO]best epoch: 407, best loss: 0.001506
[2025-02-22 17:31:55;INFO]----------------------------------------------------------------------------------------------------

[2025-02-22 17:31:55;INFO]Current Epoch: 444 / 500 | Learning Rate : 0.0009938441702956485
[2025-02-22 17:32:14;INFO]Train | Loss : 0.003775 | ACC : 3359/3360 (99.970%)
[2025-02-22 17:32:17;INFO]Valid | Loss : 0.004367 | ACC : 1439/1440 (99.931%)
[2025-02-22 17:32:17;INFO]      | Loss didn't drop!

[2025-02-22 17:32:17;INFO]best epoch: 407, best loss: 0.001506
[2025-02-22 17:32:17;INFO]----------------------------------------------------------------------------------------------------

[2025-02-22 17:32:17;INFO]Current Epoch: 445 / 500 | Learning Rate : 0.00034549150281194005
[2025-02-22 17:32:35;INFO]Train | Loss : 0.002219 | ACC : 3360/3360 (100.000%)
[2025-02-22 17:32:38;INFO]Valid | Loss : 0.026834 | ACC : 1421/1440 (98.681%)
[2025-02-22 17:32:38;INFO]      | Loss didn't drop!

[2025-02-22 17:32:38;INFO]best epoch: 407, best loss: 0.001506
[2025-02-22 17:32:38;INFO]----------------------------------------------------------------------------------------------------

[2025-02-22 17:32:38;INFO]Current Epoch: 446 / 500 | Learning Rate : 0.00014644660940643168
[2025-02-22 17:32:57;INFO]Train | Loss : 0.002277 | ACC : 3360/3360 (100.000%)
[2025-02-22 17:33:00;INFO]Valid | Loss : 0.002026 | ACC : 1440/1440 (100.000%)
[2025-02-22 17:33:00;INFO]      | Loss didn't drop!

[2025-02-22 17:33:00;INFO]best epoch: 407, best loss: 0.001506
[2025-02-22 17:33:00;INFO]----------------------------------------------------------------------------------------------------

[2025-02-22 17:33:00;INFO]Current Epoch: 447 / 500 | Learning Rate : 0.0009755282581490317
[2025-02-22 17:33:19;INFO]Train | Loss : 0.002826 | ACC : 3360/3360 (100.000%)
[2025-02-22 17:33:21;INFO]Valid | Loss : 0.001583 | ACC : 1440/1440 (100.000%)
[2025-02-22 17:33:21;INFO]      | Loss didn't drop!

[2025-02-22 17:33:21;INFO]best epoch: 407, best loss: 0.001506
[2025-02-22 17:33:21;INFO]----------------------------------------------------------------------------------------------------

[2025-02-22 17:33:21;INFO]Current Epoch: 448 / 500 | Learning Rate : 0.00042178276748065617
[2025-02-22 17:33:40;INFO]Train | Loss : 0.002655 | ACC : 3360/3360 (100.000%)
[2025-02-22 17:33:43;INFO]Valid | Loss : 0.001790 | ACC : 1440/1440 (100.000%)
[2025-02-22 17:33:43;INFO]      | Loss didn't drop!

[2025-02-22 17:33:43;INFO]best epoch: 407, best loss: 0.001506
[2025-02-22 17:33:43;INFO]----------------------------------------------------------------------------------------------------

[2025-02-22 17:33:43;INFO]Current Epoch: 449 / 500 | Learning Rate : 9.549150281270193e-05
[2025-02-22 17:34:02;INFO]Train | Loss : 0.002468 | ACC : 3360/3360 (100.000%)
[2025-02-22 17:34:05;INFO]Valid | Loss : 0.003232 | ACC : 1440/1440 (100.000%)
[2025-02-22 17:34:05;INFO]      | Loss didn't drop!

[2025-02-22 17:34:05;INFO]best epoch: 407, best loss: 0.001506
[2025-02-22 17:34:05;INFO]----------------------------------------------------------------------------------------------------

[2025-02-22 17:34:05;INFO]Current Epoch: 450 / 500 | Learning Rate : 0.0009455032620961439
[2025-02-22 17:34:24;INFO]Train | Loss : 0.002561 | ACC : 3360/3360 (100.000%)
[2025-02-22 17:34:26;INFO]Valid | Loss : 0.001771 | ACC : 1440/1440 (100.000%)
[2025-02-22 17:34:26;INFO]      | Loss didn't drop!

[2025-02-22 17:34:26;INFO]best epoch: 407, best loss: 0.001506
[2025-02-22 17:34:26;INFO]----------------------------------------------------------------------------------------------------

[2025-02-22 17:34:26;INFO]Current Epoch: 451 / 500 | Learning Rate : 0.0005000000000012141
[2025-02-22 17:34:45;INFO]Train | Loss : 0.003858 | ACC : 3360/3360 (100.000%)
[2025-02-22 17:34:48;INFO]Valid | Loss : 0.002629 | ACC : 1440/1440 (100.000%)
[2025-02-22 17:34:48;INFO]      | Loss didn't drop!

[2025-02-22 17:34:48;INFO]best epoch: 407, best loss: 0.001506
[2025-02-22 17:34:48;INFO]----------------------------------------------------------------------------------------------------

[2025-02-22 17:34:48;INFO]Current Epoch: 452 / 500 | Learning Rate : 5.449673790593218e-05
[2025-02-22 17:35:07;INFO]Train | Loss : 0.002408 | ACC : 3360/3360 (100.000%)
[2025-02-22 17:35:10;INFO]Valid | Loss : 0.005970 | ACC : 1438/1440 (99.861%)
[2025-02-22 17:35:10;INFO]      | Loss didn't drop!

[2025-02-22 17:35:10;INFO]best epoch: 407, best loss: 0.001506
[2025-02-22 17:35:10;INFO]----------------------------------------------------------------------------------------------------

[2025-02-22 17:35:10;INFO]Current Epoch: 453 / 500 | Learning Rate : 0.0009045084971872147
[2025-02-22 17:35:29;INFO]Train | Loss : 0.002584 | ACC : 3360/3360 (100.000%)
[2025-02-22 17:35:31;INFO]Valid | Loss : 0.002643 | ACC : 1440/1440 (100.000%)
[2025-02-22 17:35:31;INFO]      | Loss didn't drop!

[2025-02-22 17:35:31;INFO]best epoch: 407, best loss: 0.001506
[2025-02-22 17:35:31;INFO]----------------------------------------------------------------------------------------------------

[2025-02-22 17:35:31;INFO]Current Epoch: 454 / 500 | Learning Rate : 0.0005782172325200799
[2025-02-22 17:35:50;INFO]Train | Loss : 0.002395 | ACC : 3360/3360 (100.000%)
[2025-02-22 17:35:53;INFO]Valid | Loss : 0.001183 | ACC : 1440/1440 (100.000%)
[2025-02-22 17:35:53;INFO]      | Loss dropped from 0.001506 to 0.001183, model has been saved!

[2025-02-22 17:35:53;INFO]best epoch: 454, best loss: 0.001183
[2025-02-22 17:35:53;INFO]----------------------------------------------------------------------------------------------------

[2025-02-22 17:35:53;INFO]Current Epoch: 455 / 500 | Learning Rate : 2.4471741852440887e-05
[2025-02-22 17:36:12;INFO]Train | Loss : 0.002144 | ACC : 3360/3360 (100.000%)
[2025-02-22 17:36:14;INFO]Valid | Loss : 0.001348 | ACC : 1440/1440 (100.000%)
[2025-02-22 17:36:14;INFO]      | Loss didn't drop!

[2025-02-22 17:36:14;INFO]best epoch: 454, best loss: 0.001183
[2025-02-22 17:36:14;INFO]----------------------------------------------------------------------------------------------------

[2025-02-22 17:36:14;INFO]Current Epoch: 456 / 500 | Learning Rate : 0.0008535533905934766
[2025-02-22 17:36:33;INFO]Train | Loss : 0.003841 | ACC : 3360/3360 (100.000%)
[2025-02-22 17:36:36;INFO]Valid | Loss : 0.004271 | ACC : 1440/1440 (100.000%)
[2025-02-22 17:36:36;INFO]      | Loss didn't drop!

[2025-02-22 17:36:36;INFO]best epoch: 454, best loss: 0.001183
[2025-02-22 17:36:36;INFO]----------------------------------------------------------------------------------------------------

[2025-02-22 17:36:36;INFO]Current Epoch: 457 / 500 | Learning Rate : 0.0006545084971878235
[2025-02-22 17:36:55;INFO]Train | Loss : 0.007502 | ACC : 3358/3360 (99.940%)
[2025-02-22 17:36:58;INFO]Valid | Loss : 0.031582 | ACC : 1421/1440 (98.681%)
[2025-02-22 17:36:58;INFO]      | Loss didn't drop!

[2025-02-22 17:36:58;INFO]best epoch: 454, best loss: 0.001183
[2025-02-22 17:36:58;INFO]----------------------------------------------------------------------------------------------------

[2025-02-22 17:36:58;INFO]Current Epoch: 458 / 500 | Learning Rate : 6.155829702438447e-06
[2025-02-22 17:37:17;INFO]Train | Loss : 0.004809 | ACC : 3360/3360 (100.000%)
[2025-02-22 17:37:19;INFO]Valid | Loss : 0.227117 | ACC : 1348/1440 (93.611%)
[2025-02-22 17:37:19;INFO]      | Loss didn't drop!

[2025-02-22 17:37:19;INFO]best epoch: 454, best loss: 0.001183
[2025-02-22 17:37:19;INFO]----------------------------------------------------------------------------------------------------

[2025-02-22 17:37:19;INFO]Current Epoch: 459 / 500 | Learning Rate : 0.0007938926261492144
[2025-02-22 17:37:38;INFO]Train | Loss : 0.007473 | ACC : 3358/3360 (99.940%)
[2025-02-22 17:37:41;INFO]Valid | Loss : 0.366150 | ACC : 1332/1440 (92.500%)
[2025-02-22 17:37:41;INFO]      | Loss didn't drop!

[2025-02-22 17:37:41;INFO]best epoch: 454, best loss: 0.001183
[2025-02-22 17:37:41;INFO]----------------------------------------------------------------------------------------------------

[2025-02-22 17:37:41;INFO]Current Epoch: 460 / 500 | Learning Rate : 0.0007269952498683909
[2025-02-22 17:38:00;INFO]Train | Loss : 0.022473 | ACC : 3350/3360 (99.702%)
[2025-02-22 17:38:03;INFO]Valid | Loss : 0.013771 | ACC : 1439/1440 (99.931%)
[2025-02-22 17:38:03;INFO]      | Loss didn't drop!

[2025-02-22 17:38:03;INFO]best epoch: 454, best loss: 0.001183
[2025-02-22 17:38:03;INFO]----------------------------------------------------------------------------------------------------

[2025-02-22 17:38:03;INFO]Current Epoch: 461 / 500 | Learning Rate : 0.0
[2025-02-22 17:38:22;INFO]Train | Loss : 0.008295 | ACC : 3360/3360 (100.000%)
[2025-02-22 17:38:24;INFO]Valid | Loss : 0.313901 | ACC : 1345/1440 (93.403%)
[2025-02-22 17:38:24;INFO]      | Loss didn't drop!

[2025-02-22 17:38:24;INFO]best epoch: 454, best loss: 0.001183
[2025-02-22 17:38:24;INFO]----------------------------------------------------------------------------------------------------

[2025-02-22 17:38:24;INFO]Current Epoch: 462 / 500 | Learning Rate : 0.0007269952498686775
[2025-02-22 17:38:43;INFO]Train | Loss : 0.003828 | ACC : 3360/3360 (100.000%)
[2025-02-22 17:38:46;INFO]Valid | Loss : 0.001929 | ACC : 1440/1440 (100.000%)
[2025-02-22 17:38:46;INFO]      | Loss didn't drop!

[2025-02-22 17:38:46;INFO]best epoch: 454, best loss: 0.001183
[2025-02-22 17:38:46;INFO]----------------------------------------------------------------------------------------------------

[2025-02-22 17:38:46;INFO]Current Epoch: 463 / 500 | Learning Rate : 0.0007938926261474937
[2025-02-22 17:39:05;INFO]Train | Loss : 0.004538 | ACC : 3360/3360 (100.000%)
[2025-02-22 17:39:07;INFO]Valid | Loss : 0.002221 | ACC : 1440/1440 (100.000%)
[2025-02-22 17:39:07;INFO]      | Loss didn't drop!

[2025-02-22 17:39:07;INFO]best epoch: 454, best loss: 0.001183
[2025-02-22 17:39:07;INFO]----------------------------------------------------------------------------------------------------

[2025-02-22 17:39:07;INFO]Current Epoch: 464 / 500 | Learning Rate : 6.155829702431115e-06
[2025-02-22 17:39:26;INFO]Train | Loss : 0.003255 | ACC : 3360/3360 (100.000%)
[2025-02-22 17:39:29;INFO]Valid | Loss : 0.002528 | ACC : 1440/1440 (100.000%)
[2025-02-22 17:39:29;INFO]      | Loss didn't drop!

[2025-02-22 17:39:29;INFO]best epoch: 454, best loss: 0.001183
[2025-02-22 17:39:29;INFO]----------------------------------------------------------------------------------------------------

[2025-02-22 17:39:29;INFO]Current Epoch: 465 / 500 | Learning Rate : 0.0006545084971888161
[2025-02-22 17:39:48;INFO]Train | Loss : 0.002545 | ACC : 3360/3360 (100.000%)
[2025-02-22 17:39:51;INFO]Valid | Loss : 0.001409 | ACC : 1440/1440 (100.000%)
[2025-02-22 17:39:51;INFO]      | Loss didn't drop!

[2025-02-22 17:39:51;INFO]best epoch: 454, best loss: 0.001183
[2025-02-22 17:39:51;INFO]----------------------------------------------------------------------------------------------------

[2025-02-22 17:39:51;INFO]Current Epoch: 466 / 500 | Learning Rate : 0.0008535533905951254
[2025-02-22 17:40:10;INFO]Train | Loss : 0.005582 | ACC : 3359/3360 (99.970%)
[2025-02-22 17:40:12;INFO]Valid | Loss : 0.001948 | ACC : 1440/1440 (100.000%)
[2025-02-22 17:40:12;INFO]      | Loss didn't drop!

[2025-02-22 17:40:12;INFO]best epoch: 454, best loss: 0.001183
[2025-02-22 17:40:12;INFO]----------------------------------------------------------------------------------------------------

[2025-02-22 17:40:12;INFO]Current Epoch: 467 / 500 | Learning Rate : 2.4471741852469937e-05
[2025-02-22 17:40:31;INFO]Train | Loss : 0.004460 | ACC : 3360/3360 (100.000%)
[2025-02-22 17:40:34;INFO]Valid | Loss : 0.018876 | ACC : 1431/1440 (99.375%)
[2025-02-22 17:40:34;INFO]      | Loss didn't drop!

[2025-02-22 17:40:34;INFO]best epoch: 454, best loss: 0.001183
[2025-02-22 17:40:34;INFO]----------------------------------------------------------------------------------------------------

[2025-02-22 17:40:34;INFO]Current Epoch: 468 / 500 | Learning Rate : 0.000578217232521603
[2025-02-22 17:40:53;INFO]Train | Loss : 0.003965 | ACC : 3360/3360 (100.000%)
[2025-02-22 17:40:56;INFO]Valid | Loss : 0.003141 | ACC : 1440/1440 (100.000%)
[2025-02-22 17:40:56;INFO]      | Loss didn't drop!

[2025-02-22 17:40:56;INFO]best epoch: 454, best loss: 0.001183
[2025-02-22 17:40:56;INFO]----------------------------------------------------------------------------------------------------

[2025-02-22 17:40:56;INFO]Current Epoch: 469 / 500 | Learning Rate : 0.0009045084971872698
[2025-02-22 17:41:15;INFO]Train | Loss : 0.003975 | ACC : 3360/3360 (100.000%)
[2025-02-22 17:41:17;INFO]Valid | Loss : 0.003448 | ACC : 1440/1440 (100.000%)
[2025-02-22 17:41:17;INFO]      | Loss didn't drop!

[2025-02-22 17:41:17;INFO]best epoch: 454, best loss: 0.001183
[2025-02-22 17:41:17;INFO]----------------------------------------------------------------------------------------------------

[2025-02-22 17:41:17;INFO]Current Epoch: 470 / 500 | Learning Rate : 5.449673790576544e-05
[2025-02-22 17:41:36;INFO]Train | Loss : 0.005031 | ACC : 3358/3360 (99.940%)
[2025-02-22 17:41:39;INFO]Valid | Loss : 0.089197 | ACC : 1383/1440 (96.042%)
[2025-02-22 17:41:39;INFO]      | Loss didn't drop!

[2025-02-22 17:41:39;INFO]best epoch: 454, best loss: 0.001183
[2025-02-22 17:41:39;INFO]----------------------------------------------------------------------------------------------------

[2025-02-22 17:41:39;INFO]Current Epoch: 471 / 500 | Learning Rate : 0.0005000000000000921
[2025-02-22 17:41:58;INFO]Train | Loss : 0.006873 | ACC : 3359/3360 (99.970%)
[2025-02-22 17:42:01;INFO]Valid | Loss : 0.156336 | ACC : 1357/1440 (94.236%)
[2025-02-22 17:42:01;INFO]      | Loss didn't drop!

[2025-02-22 17:42:01;INFO]best epoch: 454, best loss: 0.001183
[2025-02-22 17:42:01;INFO]----------------------------------------------------------------------------------------------------

[2025-02-22 17:42:01;INFO]Current Epoch: 472 / 500 | Learning Rate : 0.000945503262094521
[2025-02-22 17:42:20;INFO]Train | Loss : 0.027861 | ACC : 3343/3360 (99.494%)
[2025-02-22 17:42:22;INFO]Valid | Loss : 0.038990 | ACC : 1425/1440 (98.958%)
[2025-02-22 17:42:22;INFO]      | Loss didn't drop!

[2025-02-22 17:42:22;INFO]best epoch: 454, best loss: 0.001183
[2025-02-22 17:42:22;INFO]----------------------------------------------------------------------------------------------------

[2025-02-22 17:42:22;INFO]Current Epoch: 473 / 500 | Learning Rate : 9.54915028125349e-05
[2025-02-22 17:42:41;INFO]Train | Loss : 0.006256 | ACC : 3360/3360 (100.000%)
[2025-02-22 17:42:44;INFO]Valid | Loss : 0.036222 | ACC : 1432/1440 (99.444%)
[2025-02-22 17:42:44;INFO]      | Loss didn't drop!

[2025-02-22 17:42:44;INFO]best epoch: 454, best loss: 0.001183
[2025-02-22 17:42:44;INFO]----------------------------------------------------------------------------------------------------

[2025-02-22 17:42:44;INFO]Current Epoch: 474 / 500 | Learning Rate : 0.00042178276748028006
[2025-02-22 17:43:03;INFO]Train | Loss : 0.003518 | ACC : 3360/3360 (100.000%)
[2025-02-22 17:43:06;INFO]Valid | Loss : 0.005558 | ACC : 1440/1440 (100.000%)
[2025-02-22 17:43:06;INFO]      | Loss didn't drop!

[2025-02-22 17:43:06;INFO]best epoch: 454, best loss: 0.001183
[2025-02-22 17:43:06;INFO]----------------------------------------------------------------------------------------------------

[2025-02-22 17:43:06;INFO]Current Epoch: 475 / 500 | Learning Rate : 0.0009755282581512614
[2025-02-22 17:43:24;INFO]Train | Loss : 0.003968 | ACC : 3360/3360 (100.000%)
[2025-02-22 17:43:27;INFO]Valid | Loss : 0.003952 | ACC : 1440/1440 (100.000%)
[2025-02-22 17:43:27;INFO]      | Loss didn't drop!

[2025-02-22 17:43:27;INFO]best epoch: 454, best loss: 0.001183
[2025-02-22 17:43:27;INFO]----------------------------------------------------------------------------------------------------

[2025-02-22 17:43:27;INFO]Current Epoch: 476 / 500 | Learning Rate : 0.00014644660940643807
[2025-02-22 17:43:46;INFO]Train | Loss : 0.004246 | ACC : 3360/3360 (100.000%)
[2025-02-22 17:43:49;INFO]Valid | Loss : 0.003720 | ACC : 1440/1440 (100.000%)
[2025-02-22 17:43:49;INFO]      | Loss didn't drop!

[2025-02-22 17:43:49;INFO]best epoch: 454, best loss: 0.001183
[2025-02-22 17:43:49;INFO]----------------------------------------------------------------------------------------------------

[2025-02-22 17:43:49;INFO]Current Epoch: 477 / 500 | Learning Rate : 0.0003454915028120299
[2025-02-22 17:44:08;INFO]Train | Loss : 0.003645 | ACC : 3359/3360 (99.970%)
[2025-02-22 17:44:10;INFO]Valid | Loss : 0.003444 | ACC : 1440/1440 (100.000%)
[2025-02-22 17:44:10;INFO]      | Loss didn't drop!

[2025-02-22 17:44:10;INFO]best epoch: 454, best loss: 0.001183
[2025-02-22 17:44:10;INFO]----------------------------------------------------------------------------------------------------

[2025-02-22 17:44:10;INFO]Current Epoch: 478 / 500 | Learning Rate : 0.000993844170296153
[2025-02-22 17:44:29;INFO]Train | Loss : 0.009158 | ACC : 3356/3360 (99.881%)
[2025-02-22 17:44:32;INFO]Valid | Loss : 0.002442 | ACC : 1440/1440 (100.000%)
[2025-02-22 17:44:32;INFO]      | Loss didn't drop!

[2025-02-22 17:44:32;INFO]best epoch: 454, best loss: 0.001183
[2025-02-22 17:44:32;INFO]----------------------------------------------------------------------------------------------------

[2025-02-22 17:44:32;INFO]Current Epoch: 479 / 500 | Learning Rate : 0.00020610737385401133
[2025-02-22 17:44:51;INFO]Train | Loss : 0.015138 | ACC : 3351/3360 (99.732%)
[2025-02-22 17:44:54;INFO]Valid | Loss : 0.309998 | ACC : 1341/1440 (93.125%)
[2025-02-22 17:44:54;INFO]      | Loss didn't drop!

[2025-02-22 17:44:54;INFO]best epoch: 454, best loss: 0.001183
[2025-02-22 17:44:54;INFO]----------------------------------------------------------------------------------------------------

[2025-02-22 17:44:54;INFO]Current Epoch: 480 / 500 | Learning Rate : 0.00027300475013085715
[2025-02-22 17:45:13;INFO]Train | Loss : 0.005912 | ACC : 3359/3360 (99.970%)
[2025-02-22 17:45:15;INFO]Valid | Loss : 0.020683 | ACC : 1432/1440 (99.444%)
[2025-02-22 17:45:15;INFO]      | Loss didn't drop!

[2025-02-22 17:45:15;INFO]best epoch: 454, best loss: 0.001183
[2025-02-22 17:45:15;INFO]----------------------------------------------------------------------------------------------------

[2025-02-22 17:45:15;INFO]Current Epoch: 481 / 500 | Learning Rate : 0.0010000000000020288
[2025-02-22 17:45:34;INFO]Train | Loss : 0.004832 | ACC : 3360/3360 (100.000%)
[2025-02-22 17:45:37;INFO]Valid | Loss : 0.001436 | ACC : 1440/1440 (100.000%)
[2025-02-22 17:45:37;INFO]      | Loss didn't drop!

[2025-02-22 17:45:37;INFO]best epoch: 454, best loss: 0.001183
[2025-02-22 17:45:37;INFO]----------------------------------------------------------------------------------------------------

[2025-02-22 17:45:37;INFO]Current Epoch: 482 / 500 | Learning Rate : 0.00027300475013086056
[2025-02-22 17:45:56;INFO]Train | Loss : 0.006364 | ACC : 3360/3360 (100.000%)
[2025-02-22 17:45:59;INFO]Valid | Loss : 0.015001 | ACC : 1434/1440 (99.583%)
[2025-02-22 17:45:59;INFO]      | Loss didn't drop!

[2025-02-22 17:45:59;INFO]best epoch: 454, best loss: 0.001183
[2025-02-22 17:45:59;INFO]----------------------------------------------------------------------------------------------------

[2025-02-22 17:45:59;INFO]Current Epoch: 483 / 500 | Learning Rate : 0.00020610737385416575
[2025-02-22 17:46:18;INFO]Train | Loss : 0.004178 | ACC : 3360/3360 (100.000%)
[2025-02-22 17:46:20;INFO]Valid | Loss : 0.008514 | ACC : 1440/1440 (100.000%)
[2025-02-22 17:46:20;INFO]      | Loss didn't drop!

[2025-02-22 17:46:20;INFO]best epoch: 454, best loss: 0.001183
[2025-02-22 17:46:20;INFO]----------------------------------------------------------------------------------------------------

[2025-02-22 17:46:20;INFO]Current Epoch: 484 / 500 | Learning Rate : 0.0009938441703001397
[2025-02-22 17:46:39;INFO]Train | Loss : 0.009666 | ACC : 3352/3360 (99.762%)
[2025-02-22 17:46:42;INFO]Valid | Loss : 0.002691 | ACC : 1440/1440 (100.000%)
[2025-02-22 17:46:42;INFO]      | Loss didn't drop!

[2025-02-22 17:46:42;INFO]best epoch: 454, best loss: 0.001183
[2025-02-22 17:46:42;INFO]----------------------------------------------------------------------------------------------------

[2025-02-22 17:46:42;INFO]Current Epoch: 485 / 500 | Learning Rate : 0.0003454915028115515
[2025-02-22 17:47:01;INFO]Train | Loss : 0.010262 | ACC : 3357/3360 (99.911%)
[2025-02-22 17:47:04;INFO]Valid | Loss : 0.065162 | ACC : 1405/1440 (97.569%)
[2025-02-22 17:47:04;INFO]      | Loss didn't drop!

[2025-02-22 17:47:04;INFO]best epoch: 454, best loss: 0.001183
[2025-02-22 17:47:04;INFO]----------------------------------------------------------------------------------------------------

[2025-02-22 17:47:04;INFO]Current Epoch: 486 / 500 | Learning Rate : 0.00014644660940621142
[2025-02-22 17:47:22;INFO]Train | Loss : 0.005438 | ACC : 3360/3360 (100.000%)
[2025-02-22 17:47:25;INFO]Valid | Loss : 0.005030 | ACC : 1439/1440 (99.931%)
[2025-02-22 17:47:25;INFO]      | Loss didn't drop!

[2025-02-22 17:47:25;INFO]best epoch: 454, best loss: 0.001183
[2025-02-22 17:47:25;INFO]----------------------------------------------------------------------------------------------------

[2025-02-22 17:47:25;INFO]Current Epoch: 487 / 500 | Learning Rate : 0.0009755282581478109
[2025-02-22 17:47:44;INFO]Train | Loss : 0.011020 | ACC : 3358/3360 (99.940%)
[2025-02-22 17:47:47;INFO]Valid | Loss : 0.015053 | ACC : 1433/1440 (99.514%)
[2025-02-22 17:47:47;INFO]      | Loss didn't drop!

[2025-02-22 17:47:47;INFO]best epoch: 454, best loss: 0.001183
[2025-02-22 17:47:47;INFO]----------------------------------------------------------------------------------------------------

[2025-02-22 17:47:47;INFO]Current Epoch: 488 / 500 | Learning Rate : 0.00042178276748138627
[2025-02-22 17:48:06;INFO]Train | Loss : 0.016390 | ACC : 3356/3360 (99.881%)
[2025-02-22 17:48:08;INFO]Valid | Loss : 0.095753 | ACC : 1394/1440 (96.806%)
[2025-02-22 17:48:08;INFO]      | Loss didn't drop!

[2025-02-22 17:48:08;INFO]best epoch: 454, best loss: 0.001183
[2025-02-22 17:48:08;INFO]----------------------------------------------------------------------------------------------------

[2025-02-22 17:48:08;INFO]Current Epoch: 489 / 500 | Learning Rate : 9.549150281289342e-05
[2025-02-22 17:48:27;INFO]Train | Loss : 0.008459 | ACC : 3357/3360 (99.911%)
[2025-02-22 17:48:30;INFO]Valid | Loss : 0.134982 | ACC : 1367/1440 (94.931%)
[2025-02-22 17:48:30;INFO]      | Loss didn't drop!

[2025-02-22 17:48:30;INFO]best epoch: 454, best loss: 0.001183
[2025-02-22 17:48:30;INFO]----------------------------------------------------------------------------------------------------

[2025-02-22 17:48:30;INFO]Current Epoch: 490 / 500 | Learning Rate : 0.0009455032620949193
[2025-02-22 17:48:49;INFO]Train | Loss : 0.004541 | ACC : 3360/3360 (100.000%)
[2025-02-22 17:48:52;INFO]Valid | Loss : 0.001450 | ACC : 1440/1440 (100.000%)
[2025-02-22 17:48:52;INFO]      | Loss didn't drop!

[2025-02-22 17:48:52;INFO]best epoch: 454, best loss: 0.001183
[2025-02-22 17:48:52;INFO]----------------------------------------------------------------------------------------------------

[2025-02-22 17:48:52;INFO]Current Epoch: 491 / 500 | Learning Rate : 0.0005000000000020757
[2025-02-22 17:49:11;INFO]Train | Loss : 0.003855 | ACC : 3360/3360 (100.000%)
[2025-02-22 17:49:13;INFO]Valid | Loss : 0.001465 | ACC : 1440/1440 (100.000%)
[2025-02-22 17:49:13;INFO]      | Loss didn't drop!

[2025-02-22 17:49:13;INFO]best epoch: 454, best loss: 0.001183
[2025-02-22 17:49:13;INFO]----------------------------------------------------------------------------------------------------

[2025-02-22 17:49:13;INFO]Current Epoch: 492 / 500 | Learning Rate : 5.4496737906049565e-05
[2025-02-22 17:49:32;INFO]Train | Loss : 0.018521 | ACC : 3355/3360 (99.851%)
[2025-02-22 17:49:35;INFO]Valid | Loss : 1.982247 | ACC : 1078/1440 (74.861%)
[2025-02-22 17:49:35;INFO]      | Loss didn't drop!

[2025-02-22 17:49:35;INFO]best epoch: 454, best loss: 0.001183
[2025-02-22 17:49:35;INFO]----------------------------------------------------------------------------------------------------

[2025-02-22 17:49:35;INFO]Current Epoch: 493 / 500 | Learning Rate : 0.000904508497188653
[2025-02-22 17:49:54;INFO]Train | Loss : 0.080858 | ACC : 3300/3360 (98.214%)
[2025-02-22 17:49:57;INFO]Valid | Loss : 1.286042 | ACC : 1003/1440 (69.653%)
[2025-02-22 17:49:57;INFO]      | Loss didn't drop!

[2025-02-22 17:49:57;INFO]best epoch: 454, best loss: 0.001183
[2025-02-22 17:49:57;INFO]----------------------------------------------------------------------------------------------------

[2025-02-22 17:49:57;INFO]Current Epoch: 494 / 500 | Learning Rate : 0.0005782172325192819
[2025-02-22 17:50:16;INFO]Train | Loss : 0.014540 | ACC : 3357/3360 (99.911%)
[2025-02-22 17:50:18;INFO]Valid | Loss : 0.025574 | ACC : 1435/1440 (99.653%)
[2025-02-22 17:50:18;INFO]      | Loss didn't drop!

[2025-02-22 17:50:18;INFO]best epoch: 454, best loss: 0.001183
[2025-02-22 17:50:18;INFO]----------------------------------------------------------------------------------------------------

[2025-02-22 17:50:18;INFO]Current Epoch: 495 / 500 | Learning Rate : 2.4471741852394327e-05
[2025-02-22 17:50:37;INFO]Train | Loss : 0.006032 | ACC : 3360/3360 (100.000%)
[2025-02-22 17:50:40;INFO]Valid | Loss : 0.171791 | ACC : 1354/1440 (94.028%)
[2025-02-22 17:50:40;INFO]      | Loss didn't drop!

[2025-02-22 17:50:40;INFO]best epoch: 454, best loss: 0.001183
[2025-02-22 17:50:40;INFO]----------------------------------------------------------------------------------------------------

[2025-02-22 17:50:40;INFO]Current Epoch: 496 / 500 | Learning Rate : 0.000853553390594827
[2025-02-22 17:50:59;INFO]Train | Loss : 0.005289 | ACC : 3360/3360 (100.000%)
[2025-02-22 17:51:02;INFO]Valid | Loss : 0.002479 | ACC : 1440/1440 (100.000%)
[2025-02-22 17:51:02;INFO]      | Loss didn't drop!

[2025-02-22 17:51:02;INFO]best epoch: 454, best loss: 0.001183
[2025-02-22 17:51:02;INFO]----------------------------------------------------------------------------------------------------

[2025-02-22 17:51:02;INFO]Current Epoch: 497 / 500 | Learning Rate : 0.0006545084971869364
[2025-02-22 17:51:20;INFO]Train | Loss : 0.004227 | ACC : 3360/3360 (100.000%)
[2025-02-22 17:51:23;INFO]Valid | Loss : 0.002809 | ACC : 1440/1440 (100.000%)
[2025-02-22 17:51:23;INFO]      | Loss didn't drop!

[2025-02-22 17:51:23;INFO]best epoch: 454, best loss: 0.001183
[2025-02-22 17:51:23;INFO]----------------------------------------------------------------------------------------------------

[2025-02-22 17:51:23;INFO]Current Epoch: 498 / 500 | Learning Rate : 6.155829702422844e-06
[2025-02-22 17:51:42;INFO]Train | Loss : 0.002779 | ACC : 3360/3360 (100.000%)
[2025-02-22 17:51:45;INFO]Valid | Loss : 0.002652 | ACC : 1440/1440 (100.000%)
[2025-02-22 17:51:45;INFO]      | Loss didn't drop!

[2025-02-22 17:51:45;INFO]best epoch: 454, best loss: 0.001183
[2025-02-22 17:51:45;INFO]----------------------------------------------------------------------------------------------------

[2025-02-22 17:51:45;INFO]Current Epoch: 499 / 500 | Learning Rate : 0.0007938926261482571
[2025-02-22 17:51:57;INFO]Train | Loss : 0.003873 | ACC : 3360/3360 (100.000%)
[2025-02-22 17:51:59;INFO]Valid | Loss : 0.001559 | ACC : 1440/1440 (100.000%)
[2025-02-22 17:51:59;INFO]      | Loss didn't drop!

[2025-02-22 17:51:59;INFO]best epoch: 454, best loss: 0.001183
[2025-02-22 17:51:59;INFO]----------------------------------------------------------------------------------------------------

[2025-02-22 17:51:59;INFO]Current Epoch: 500 / 500 | Learning Rate : 0.0007269952498738114
[2025-02-22 17:52:08;INFO]Train | Loss : 0.003725 | ACC : 3360/3360 (100.000%)
[2025-02-22 17:52:09;INFO]Valid | Loss : 0.002177 | ACC : 1440/1440 (100.000%)
[2025-02-22 17:52:09;INFO]      | Loss didn't drop!

[2025-02-22 17:52:09;INFO]best epoch: 454, best loss: 0.001183
[2025-02-22 17:52:09;INFO]----------------------------------------------------------------------------------------------------

[2025-02-22 17:52:09;INFO]Training finished! Best Epoch : 454 | Best Loss : 0.001183


