[2025-02-24 07:45:15;INFO]====================================================================================================
[2025-02-24 07:45:15;INFO]Config
[2025-02-24 07:45:15;INFO]----------------------------------------------------------------------------------------------------
[2025-02-24 07:45:15;INFO]seed : 2025
[2025-02-24 07:45:15;INFO]mode : train
[2025-02-24 07:45:15;INFO]device : cuda
[2025-02-24 07:45:15;INFO]dataset_path : ../../../Datasets
[2025-02-24 07:45:15;INFO]source : {'d': 1}
[2025-02-24 07:45:15;INFO]num_classes : 25
[2025-02-24 07:45:15;INFO]backbone : scnn
[2025-02-24 07:45:15;INFO]lr : 0.001
[2025-02-24 07:45:15;INFO]batch_size : 128
[2025-02-24 07:45:15;INFO]train_epochs : 500
[2025-02-24 07:45:15;INFO]root_dir : ./result/lora_scnn
[2025-02-24 07:45:15;INFO]work_dir : ./result/lora_scnn/train/day1
[2025-02-24 07:45:15;INFO]logger : <Logger Logger_train (INFO)>
[2025-02-24 07:45:15;INFO]====================================================================================================


[2025-02-24 07:45:18;INFO]Start training ...
[2025-02-24 07:45:18;INFO]No. train samples: 6562
[2025-02-24 07:45:18;INFO]No. valid samples: 2813
[2025-02-24 07:45:18;INFO]----------------------------------------------------------------------------------------------------

[2025-02-24 07:45:18;INFO]Current Epoch: 1 / 500 | Learning Rate : 0.001
[2025-02-24 07:45:33;INFO]Train | Loss : 3.216232 | ACC : 351/6562 (5.349%)
[2025-02-24 07:45:34;INFO]Valid | Loss : 3.402138 | ACC : 115/2813 (4.088%)
[2025-02-24 07:45:34;INFO]      | Loss dropped from inf to 3.402138, model has been saved!

[2025-02-24 07:45:34;INFO]best epoch: 1, best loss: 3.402138
[2025-02-24 07:45:34;INFO]----------------------------------------------------------------------------------------------------

[2025-02-24 07:45:34;INFO]Current Epoch: 2 / 500 | Learning Rate : 0.0003454915028125262
[2025-02-24 07:45:48;INFO]Train | Loss : 3.067124 | ACC : 886/6562 (13.502%)
[2025-02-24 07:45:50;INFO]Valid | Loss : 2.948430 | ACC : 482/2813 (17.135%)
[2025-02-24 07:45:50;INFO]      | Loss dropped from 3.402138 to 2.948430, model has been saved!

[2025-02-24 07:45:50;INFO]best epoch: 2, best loss: 2.948430
[2025-02-24 07:45:50;INFO]----------------------------------------------------------------------------------------------------

[2025-02-24 07:45:50;INFO]Current Epoch: 3 / 500 | Learning Rate : 9.549150281252526e-05
[2025-02-24 07:46:11;INFO]Train | Loss : 2.857833 | ACC : 1521/6562 (23.179%)
[2025-02-24 07:46:15;INFO]Valid | Loss : 2.885993 | ACC : 359/2813 (12.762%)
[2025-02-24 07:46:15;INFO]      | Loss dropped from 2.948430 to 2.885993, model has been saved!

[2025-02-24 07:46:15;INFO]best epoch: 3, best loss: 2.885993
[2025-02-24 07:46:15;INFO]----------------------------------------------------------------------------------------------------

[2025-02-24 07:46:15;INFO]Current Epoch: 4 / 500 | Learning Rate : 0.0009045084971875147
[2025-02-24 07:46:44;INFO]Train | Loss : 2.763737 | ACC : 1775/6562 (27.050%)
[2025-02-24 07:46:48;INFO]Valid | Loss : 2.792696 | ACC : 352/2813 (12.513%)
[2025-02-24 07:46:48;INFO]      | Loss dropped from 2.885993 to 2.792696, model has been saved!

[2025-02-24 07:46:48;INFO]best epoch: 4, best loss: 2.792696
[2025-02-24 07:46:48;INFO]----------------------------------------------------------------------------------------------------

[2025-02-24 07:46:48;INFO]Current Epoch: 5 / 500 | Learning Rate : 0.0006545084971874742
[2025-02-24 07:47:17;INFO]Train | Loss : 2.680162 | ACC : 2302/6562 (35.081%)
[2025-02-24 07:47:21;INFO]Valid | Loss : 2.594950 | ACC : 928/2813 (32.990%)
[2025-02-24 07:47:21;INFO]      | Loss dropped from 2.792696 to 2.594950, model has been saved!

[2025-02-24 07:47:21;INFO]best epoch: 5, best loss: 2.594950
[2025-02-24 07:47:21;INFO]----------------------------------------------------------------------------------------------------

[2025-02-24 07:47:21;INFO]Current Epoch: 6 / 500 | Learning Rate : 0.0
[2025-02-24 07:47:50;INFO]Train | Loss : 2.676007 | ACC : 2253/6562 (34.334%)
[2025-02-24 07:47:54;INFO]Valid | Loss : 2.833717 | ACC : 414/2813 (14.717%)
[2025-02-24 07:47:54;INFO]      | Loss didn't drop!

[2025-02-24 07:47:54;INFO]best epoch: 5, best loss: 2.594950
[2025-02-24 07:47:54;INFO]----------------------------------------------------------------------------------------------------

[2025-02-24 07:47:54;INFO]Current Epoch: 7 / 500 | Learning Rate : 0.0006545084971875082
[2025-02-24 07:48:23;INFO]Train | Loss : 2.565109 | ACC : 2597/6562 (39.576%)
[2025-02-24 07:48:28;INFO]Valid | Loss : 2.502687 | ACC : 924/2813 (32.847%)
[2025-02-24 07:48:28;INFO]      | Loss dropped from 2.594950 to 2.502687, model has been saved!

[2025-02-24 07:48:28;INFO]best epoch: 7, best loss: 2.502687
[2025-02-24 07:48:28;INFO]----------------------------------------------------------------------------------------------------

[2025-02-24 07:48:28;INFO]Current Epoch: 8 / 500 | Learning Rate : 0.0009045084971875245
[2025-02-24 07:48:57;INFO]Train | Loss : 2.567749 | ACC : 2510/6562 (38.251%)
[2025-02-24 07:49:01;INFO]Valid | Loss : 2.616539 | ACC : 838/2813 (29.790%)
[2025-02-24 07:49:01;INFO]      | Loss didn't drop!

[2025-02-24 07:49:01;INFO]best epoch: 7, best loss: 2.502687
[2025-02-24 07:49:01;INFO]----------------------------------------------------------------------------------------------------

[2025-02-24 07:49:01;INFO]Current Epoch: 9 / 500 | Learning Rate : 9.549150281253313e-05
[2025-02-24 07:49:30;INFO]Train | Loss : 2.459368 | ACC : 3012/6562 (45.901%)
[2025-02-24 07:49:34;INFO]Valid | Loss : 2.364659 | ACC : 1328/2813 (47.209%)
[2025-02-24 07:49:34;INFO]      | Loss dropped from 2.502687 to 2.364659, model has been saved!

[2025-02-24 07:49:34;INFO]best epoch: 9, best loss: 2.364659
[2025-02-24 07:49:34;INFO]----------------------------------------------------------------------------------------------------

[2025-02-24 07:49:34;INFO]Current Epoch: 10 / 500 | Learning Rate : 0.00034549150281251733
[2025-02-24 07:50:03;INFO]Train | Loss : 2.422530 | ACC : 3188/6562 (48.583%)
[2025-02-24 07:50:07;INFO]Valid | Loss : 2.912155 | ACC : 382/2813 (13.580%)
[2025-02-24 07:50:07;INFO]      | Loss didn't drop!

[2025-02-24 07:50:07;INFO]best epoch: 9, best loss: 2.364659
[2025-02-24 07:50:07;INFO]----------------------------------------------------------------------------------------------------

[2025-02-24 07:50:07;INFO]Current Epoch: 11 / 500 | Learning Rate : 0.0010000000000000722
[2025-02-24 07:50:36;INFO]Train | Loss : 2.352710 | ACC : 3299/6562 (50.274%)
[2025-02-24 07:50:40;INFO]Valid | Loss : 2.643191 | ACC : 366/2813 (13.011%)
[2025-02-24 07:50:40;INFO]      | Loss didn't drop!

[2025-02-24 07:50:40;INFO]best epoch: 9, best loss: 2.364659
[2025-02-24 07:50:40;INFO]----------------------------------------------------------------------------------------------------

[2025-02-24 07:50:40;INFO]Current Epoch: 12 / 500 | Learning Rate : 0.0003454915028125234
[2025-02-24 07:51:10;INFO]Train | Loss : 2.412721 | ACC : 3009/6562 (45.855%)
[2025-02-24 07:51:14;INFO]Valid | Loss : 2.328817 | ACC : 1364/2813 (48.489%)
[2025-02-24 07:51:14;INFO]      | Loss dropped from 2.364659 to 2.328817, model has been saved!

[2025-02-24 07:51:14;INFO]best epoch: 12, best loss: 2.328817
[2025-02-24 07:51:14;INFO]----------------------------------------------------------------------------------------------------

[2025-02-24 07:51:14;INFO]Current Epoch: 13 / 500 | Learning Rate : 9.549150281252432e-05
[2025-02-24 07:51:43;INFO]Train | Loss : 2.251467 | ACC : 3621/6562 (55.181%)
[2025-02-24 07:51:47;INFO]Valid | Loss : 2.262311 | ACC : 1088/2813 (38.678%)
[2025-02-24 07:51:47;INFO]      | Loss dropped from 2.328817 to 2.262311, model has been saved!

[2025-02-24 07:51:47;INFO]best epoch: 13, best loss: 2.262311
[2025-02-24 07:51:47;INFO]----------------------------------------------------------------------------------------------------

[2025-02-24 07:51:47;INFO]Current Epoch: 14 / 500 | Learning Rate : 0.0009045084971873841
[2025-02-24 07:52:16;INFO]Train | Loss : 2.142231 | ACC : 3812/6562 (58.092%)
[2025-02-24 07:52:20;INFO]Valid | Loss : 2.470101 | ACC : 740/2813 (26.306%)
[2025-02-24 07:52:20;INFO]      | Loss didn't drop!

[2025-02-24 07:52:20;INFO]best epoch: 13, best loss: 2.262311
[2025-02-24 07:52:20;INFO]----------------------------------------------------------------------------------------------------

[2025-02-24 07:52:20;INFO]Current Epoch: 15 / 500 | Learning Rate : 0.0006545084971874736
[2025-02-24 07:52:49;INFO]Train | Loss : 2.142590 | ACC : 3757/6562 (57.254%)
[2025-02-24 07:52:53;INFO]Valid | Loss : 2.047131 | ACC : 1455/2813 (51.724%)
[2025-02-24 07:52:53;INFO]      | Loss dropped from 2.262311 to 2.047131, model has been saved!

[2025-02-24 07:52:53;INFO]best epoch: 15, best loss: 2.047131
[2025-02-24 07:52:53;INFO]----------------------------------------------------------------------------------------------------

[2025-02-24 07:52:53;INFO]Current Epoch: 16 / 500 | Learning Rate : 0.0
[2025-02-24 07:53:23;INFO]Train | Loss : 2.165525 | ACC : 3620/6562 (55.166%)
[2025-02-24 07:53:27;INFO]Valid | Loss : 2.447913 | ACC : 562/2813 (19.979%)
[2025-02-24 07:53:27;INFO]      | Loss didn't drop!

[2025-02-24 07:53:27;INFO]best epoch: 15, best loss: 2.047131
[2025-02-24 07:53:27;INFO]----------------------------------------------------------------------------------------------------

[2025-02-24 07:53:27;INFO]Current Epoch: 17 / 500 | Learning Rate : 0.0006545084971876484
[2025-02-24 07:53:56;INFO]Train | Loss : 2.164036 | ACC : 3603/6562 (54.907%)
[2025-02-24 07:54:00;INFO]Valid | Loss : 2.732653 | ACC : 437/2813 (15.535%)
[2025-02-24 07:54:00;INFO]      | Loss didn't drop!

[2025-02-24 07:54:00;INFO]best epoch: 15, best loss: 2.047131
[2025-02-24 07:54:00;INFO]----------------------------------------------------------------------------------------------------

[2025-02-24 07:54:00;INFO]Current Epoch: 18 / 500 | Learning Rate : 0.0009045084971876415
[2025-02-24 07:54:29;INFO]Train | Loss : 2.002991 | ACC : 3932/6562 (59.921%)
[2025-02-24 07:54:33;INFO]Valid | Loss : 2.199296 | ACC : 1073/2813 (38.144%)
[2025-02-24 07:54:33;INFO]      | Loss didn't drop!

[2025-02-24 07:54:33;INFO]best epoch: 15, best loss: 2.047131
[2025-02-24 07:54:33;INFO]----------------------------------------------------------------------------------------------------

[2025-02-24 07:54:33;INFO]Current Epoch: 19 / 500 | Learning Rate : 9.549150281253538e-05
[2025-02-24 07:55:02;INFO]Train | Loss : 1.881788 | ACC : 4352/6562 (66.321%)
[2025-02-24 07:55:06;INFO]Valid | Loss : 1.813433 | ACC : 1824/2813 (64.842%)
[2025-02-24 07:55:06;INFO]      | Loss dropped from 2.047131 to 1.813433, model has been saved!

[2025-02-24 07:55:06;INFO]best epoch: 19, best loss: 1.813433
[2025-02-24 07:55:06;INFO]----------------------------------------------------------------------------------------------------

[2025-02-24 07:55:06;INFO]Current Epoch: 20 / 500 | Learning Rate : 0.0003454915028126214
[2025-02-24 07:55:36;INFO]Train | Loss : 1.930252 | ACC : 4333/6562 (66.032%)
[2025-02-24 07:55:40;INFO]Valid | Loss : 2.610657 | ACC : 404/2813 (14.362%)
[2025-02-24 07:55:40;INFO]      | Loss didn't drop!

[2025-02-24 07:55:40;INFO]best epoch: 19, best loss: 1.813433
[2025-02-24 07:55:40;INFO]----------------------------------------------------------------------------------------------------

[2025-02-24 07:55:40;INFO]Current Epoch: 21 / 500 | Learning Rate : 0.0010000000000001989
[2025-02-24 07:56:09;INFO]Train | Loss : 2.039394 | ACC : 3770/6562 (57.452%)
[2025-02-24 07:56:13;INFO]Valid | Loss : 1.896986 | ACC : 1763/2813 (62.673%)
[2025-02-24 07:56:13;INFO]      | Loss didn't drop!

[2025-02-24 07:56:13;INFO]best epoch: 19, best loss: 1.813433
[2025-02-24 07:56:13;INFO]----------------------------------------------------------------------------------------------------

[2025-02-24 07:56:13;INFO]Current Epoch: 22 / 500 | Learning Rate : 0.0003454915028125684
[2025-02-24 07:56:42;INFO]Train | Loss : 1.847394 | ACC : 4240/6562 (64.614%)
[2025-02-24 07:56:46;INFO]Valid | Loss : 1.634628 | ACC : 2056/2813 (73.089%)
[2025-02-24 07:56:46;INFO]      | Loss dropped from 1.813433 to 1.634628, model has been saved!

[2025-02-24 07:56:46;INFO]best epoch: 22, best loss: 1.634628
[2025-02-24 07:56:46;INFO]----------------------------------------------------------------------------------------------------

[2025-02-24 07:56:46;INFO]Current Epoch: 23 / 500 | Learning Rate : 9.549150281251615e-05
[2025-02-24 07:57:15;INFO]Train | Loss : 1.938946 | ACC : 4080/6562 (62.176%)
[2025-02-24 07:57:19;INFO]Valid | Loss : 2.394942 | ACC : 737/2813 (26.200%)
[2025-02-24 07:57:19;INFO]      | Loss didn't drop!

[2025-02-24 07:57:19;INFO]best epoch: 22, best loss: 1.634628
[2025-02-24 07:57:19;INFO]----------------------------------------------------------------------------------------------------

[2025-02-24 07:57:19;INFO]Current Epoch: 24 / 500 | Learning Rate : 0.0009045084971876703
[2025-02-24 07:57:49;INFO]Train | Loss : 1.829880 | ACC : 4337/6562 (66.093%)
[2025-02-24 07:57:53;INFO]Valid | Loss : 3.212038 | ACC : 207/2813 (7.359%)
[2025-02-24 07:57:53;INFO]      | Loss didn't drop!

[2025-02-24 07:57:53;INFO]best epoch: 22, best loss: 1.634628
[2025-02-24 07:57:53;INFO]----------------------------------------------------------------------------------------------------

[2025-02-24 07:57:53;INFO]Current Epoch: 25 / 500 | Learning Rate : 0.00065450849718756
[2025-02-24 07:58:22;INFO]Train | Loss : 1.859241 | ACC : 4119/6562 (62.770%)
[2025-02-24 07:58:26;INFO]Valid | Loss : 1.660901 | ACC : 1894/2813 (67.330%)
[2025-02-24 07:58:26;INFO]      | Loss didn't drop!

[2025-02-24 07:58:26;INFO]best epoch: 22, best loss: 1.634628
[2025-02-24 07:58:26;INFO]----------------------------------------------------------------------------------------------------

[2025-02-24 07:58:26;INFO]Current Epoch: 26 / 500 | Learning Rate : 0.0
[2025-02-24 07:58:55;INFO]Train | Loss : 1.748804 | ACC : 4381/6562 (66.763%)
[2025-02-24 07:58:59;INFO]Valid | Loss : 2.027575 | ACC : 1472/2813 (52.328%)
[2025-02-24 07:58:59;INFO]      | Loss didn't drop!

[2025-02-24 07:58:59;INFO]best epoch: 22, best loss: 1.634628
[2025-02-24 07:58:59;INFO]----------------------------------------------------------------------------------------------------

[2025-02-24 07:58:59;INFO]Current Epoch: 27 / 500 | Learning Rate : 0.0006545084971873847
[2025-02-24 07:59:28;INFO]Train | Loss : 1.818264 | ACC : 4145/6562 (63.167%)
[2025-02-24 07:59:32;INFO]Valid | Loss : 3.159750 | ACC : 302/2813 (10.736%)
[2025-02-24 07:59:32;INFO]      | Loss didn't drop!

[2025-02-24 07:59:32;INFO]best epoch: 22, best loss: 1.634628
[2025-02-24 07:59:32;INFO]----------------------------------------------------------------------------------------------------

[2025-02-24 07:59:32;INFO]Current Epoch: 28 / 500 | Learning Rate : 0.0009045084971875998
[2025-02-24 08:00:02;INFO]Train | Loss : 1.753595 | ACC : 4442/6562 (67.693%)
[2025-02-24 08:00:06;INFO]Valid | Loss : 1.600134 | ACC : 2051/2813 (72.911%)
[2025-02-24 08:00:06;INFO]      | Loss dropped from 1.634628 to 1.600134, model has been saved!

[2025-02-24 08:00:06;INFO]best epoch: 28, best loss: 1.600134
[2025-02-24 08:00:06;INFO]----------------------------------------------------------------------------------------------------

[2025-02-24 08:00:06;INFO]Current Epoch: 29 / 500 | Learning Rate : 9.549150281253827e-05
[2025-02-24 08:00:35;INFO]Train | Loss : 1.592899 | ACC : 4625/6562 (70.482%)
[2025-02-24 08:00:39;INFO]Valid | Loss : 1.780442 | ACC : 1679/2813 (59.687%)
[2025-02-24 08:00:39;INFO]      | Loss didn't drop!

[2025-02-24 08:00:39;INFO]best epoch: 28, best loss: 1.600134
[2025-02-24 08:00:39;INFO]----------------------------------------------------------------------------------------------------

[2025-02-24 08:00:39;INFO]Current Epoch: 30 / 500 | Learning Rate : 0.00034549150281247993
[2025-02-24 08:01:08;INFO]Train | Loss : 1.650682 | ACC : 4614/6562 (70.314%)
[2025-02-24 08:01:12;INFO]Valid | Loss : 1.837634 | ACC : 1181/2813 (41.984%)
[2025-02-24 08:01:12;INFO]      | Loss didn't drop!

[2025-02-24 08:01:12;INFO]best epoch: 28, best loss: 1.600134
[2025-02-24 08:01:12;INFO]----------------------------------------------------------------------------------------------------

[2025-02-24 08:01:12;INFO]Current Epoch: 31 / 500 | Learning Rate : 0.0010000000000001531
[2025-02-24 08:01:41;INFO]Train | Loss : 1.652415 | ACC : 4497/6562 (68.531%)
[2025-02-24 08:01:46;INFO]Valid | Loss : 1.686872 | ACC : 1407/2813 (50.018%)
[2025-02-24 08:01:46;INFO]      | Loss didn't drop!

[2025-02-24 08:01:46;INFO]best epoch: 28, best loss: 1.600134
[2025-02-24 08:01:46;INFO]----------------------------------------------------------------------------------------------------

[2025-02-24 08:01:46;INFO]Current Epoch: 32 / 500 | Learning Rate : 0.00034549150281256124
[2025-02-24 08:02:15;INFO]Train | Loss : 1.640236 | ACC : 4476/6562 (68.211%)
[2025-02-24 08:02:19;INFO]Valid | Loss : 1.460487 | ACC : 2086/2813 (74.156%)
[2025-02-24 08:02:19;INFO]      | Loss dropped from 1.600134 to 1.460487, model has been saved!

[2025-02-24 08:02:19;INFO]best epoch: 32, best loss: 1.460487
[2025-02-24 08:02:19;INFO]----------------------------------------------------------------------------------------------------

[2025-02-24 08:02:19;INFO]Current Epoch: 33 / 500 | Learning Rate : 9.549150281251295e-05
[2025-02-24 08:02:48;INFO]Train | Loss : 1.555040 | ACC : 4643/6562 (70.756%)
[2025-02-24 08:02:52;INFO]Valid | Loss : 1.888450 | ACC : 1531/2813 (54.426%)
[2025-02-24 08:02:52;INFO]      | Loss didn't drop!

[2025-02-24 08:02:52;INFO]best epoch: 32, best loss: 1.460487
[2025-02-24 08:02:52;INFO]----------------------------------------------------------------------------------------------------

[2025-02-24 08:02:52;INFO]Current Epoch: 34 / 500 | Learning Rate : 0.0009045084971876226
[2025-02-24 08:03:21;INFO]Train | Loss : 1.504335 | ACC : 4669/6562 (71.152%)
[2025-02-24 08:03:25;INFO]Valid | Loss : 1.815779 | ACC : 1388/2813 (49.342%)
[2025-02-24 08:03:25;INFO]      | Loss didn't drop!

[2025-02-24 08:03:25;INFO]best epoch: 32, best loss: 1.460487
[2025-02-24 08:03:25;INFO]----------------------------------------------------------------------------------------------------

[2025-02-24 08:03:25;INFO]Current Epoch: 35 / 500 | Learning Rate : 0.0006545084971872731
[2025-02-24 08:03:54;INFO]Train | Loss : 1.627444 | ACC : 4518/6562 (68.851%)
[2025-02-24 08:03:59;INFO]Valid | Loss : 1.618732 | ACC : 1628/2813 (57.874%)
[2025-02-24 08:03:59;INFO]      | Loss didn't drop!

[2025-02-24 08:03:59;INFO]best epoch: 32, best loss: 1.460487
[2025-02-24 08:03:59;INFO]----------------------------------------------------------------------------------------------------

[2025-02-24 08:03:59;INFO]Current Epoch: 36 / 500 | Learning Rate : 0.0
[2025-02-24 08:04:28;INFO]Train | Loss : 1.422512 | ACC : 4856/6562 (74.002%)
[2025-02-24 08:04:32;INFO]Valid | Loss : 1.745483 | ACC : 1304/2813 (46.356%)
[2025-02-24 08:04:32;INFO]      | Loss didn't drop!

[2025-02-24 08:04:32;INFO]best epoch: 32, best loss: 1.460487
[2025-02-24 08:04:32;INFO]----------------------------------------------------------------------------------------------------

[2025-02-24 08:04:32;INFO]Current Epoch: 37 / 500 | Learning Rate : 0.000654508497187351
[2025-02-24 08:05:01;INFO]Train | Loss : 1.438948 | ACC : 4879/6562 (74.352%)
[2025-02-24 08:05:05;INFO]Valid | Loss : 3.023878 | ACC : 697/2813 (24.778%)
[2025-02-24 08:05:05;INFO]      | Loss didn't drop!

[2025-02-24 08:05:05;INFO]best epoch: 32, best loss: 1.460487
[2025-02-24 08:05:05;INFO]----------------------------------------------------------------------------------------------------

[2025-02-24 08:05:05;INFO]Current Epoch: 38 / 500 | Learning Rate : 0.0009045084971875662
[2025-02-24 08:05:34;INFO]Train | Loss : 1.631454 | ACC : 4412/6562 (67.236%)
[2025-02-24 08:05:38;INFO]Valid | Loss : 1.400899 | ACC : 2021/2813 (71.845%)
[2025-02-24 08:05:38;INFO]      | Loss dropped from 1.460487 to 1.400899, model has been saved!

[2025-02-24 08:05:38;INFO]best epoch: 38, best loss: 1.400899
[2025-02-24 08:05:38;INFO]----------------------------------------------------------------------------------------------------

[2025-02-24 08:05:38;INFO]Current Epoch: 39 / 500 | Learning Rate : 9.549150281256642e-05
[2025-02-24 08:06:07;INFO]Train | Loss : 1.455300 | ACC : 4808/6562 (73.270%)
[2025-02-24 08:06:12;INFO]Valid | Loss : 1.407959 | ACC : 1897/2813 (67.437%)
[2025-02-24 08:06:12;INFO]      | Loss didn't drop!

[2025-02-24 08:06:12;INFO]best epoch: 38, best loss: 1.400899
[2025-02-24 08:06:12;INFO]----------------------------------------------------------------------------------------------------

[2025-02-24 08:06:12;INFO]Current Epoch: 40 / 500 | Learning Rate : 0.0003454915028125908
[2025-02-24 08:06:41;INFO]Train | Loss : 1.525326 | ACC : 4642/6562 (70.741%)
[2025-02-24 08:06:45;INFO]Valid | Loss : 2.668168 | ACC : 663/2813 (23.569%)
[2025-02-24 08:06:45;INFO]      | Loss didn't drop!

[2025-02-24 08:06:45;INFO]best epoch: 38, best loss: 1.400899
[2025-02-24 08:06:45;INFO]----------------------------------------------------------------------------------------------------

[2025-02-24 08:06:45;INFO]Current Epoch: 41 / 500 | Learning Rate : 0.00100000000000046
[2025-02-24 08:07:14;INFO]Train | Loss : 1.803160 | ACC : 3997/6562 (60.911%)
[2025-02-24 08:07:18;INFO]Valid | Loss : 1.868356 | ACC : 1094/2813 (38.891%)
[2025-02-24 08:07:18;INFO]      | Loss didn't drop!

[2025-02-24 08:07:18;INFO]best epoch: 38, best loss: 1.400899
[2025-02-24 08:07:18;INFO]----------------------------------------------------------------------------------------------------

[2025-02-24 08:07:18;INFO]Current Epoch: 42 / 500 | Learning Rate : 0.00034549150281254064
[2025-02-24 08:07:47;INFO]Train | Loss : 1.404212 | ACC : 4771/6562 (72.706%)
[2025-02-24 08:07:51;INFO]Valid | Loss : 1.157434 | ACC : 2309/2813 (82.083%)
[2025-02-24 08:07:51;INFO]      | Loss dropped from 1.400899 to 1.157434, model has been saved!

[2025-02-24 08:07:51;INFO]best epoch: 42, best loss: 1.157434
[2025-02-24 08:07:51;INFO]----------------------------------------------------------------------------------------------------

[2025-02-24 08:07:51;INFO]Current Epoch: 43 / 500 | Learning Rate : 9.549150281250894e-05
[2025-02-24 08:08:20;INFO]Train | Loss : 1.487745 | ACC : 4536/6562 (69.125%)
[2025-02-24 08:08:25;INFO]Valid | Loss : 2.124785 | ACC : 950/2813 (33.772%)
[2025-02-24 08:08:25;INFO]      | Loss didn't drop!

[2025-02-24 08:08:25;INFO]best epoch: 42, best loss: 1.157434
[2025-02-24 08:08:25;INFO]----------------------------------------------------------------------------------------------------

[2025-02-24 08:08:25;INFO]Current Epoch: 44 / 500 | Learning Rate : 0.0009045084971875831
[2025-02-24 08:08:54;INFO]Train | Loss : 1.404591 | ACC : 4774/6562 (72.752%)
[2025-02-24 08:08:58;INFO]Valid | Loss : 1.464478 | ACC : 1734/2813 (61.642%)
[2025-02-24 08:08:58;INFO]      | Loss didn't drop!

[2025-02-24 08:08:58;INFO]best epoch: 42, best loss: 1.157434
[2025-02-24 08:08:58;INFO]----------------------------------------------------------------------------------------------------

[2025-02-24 08:08:58;INFO]Current Epoch: 45 / 500 | Learning Rate : 0.0006545084971872693
[2025-02-24 08:09:27;INFO]Train | Loss : 1.318456 | ACC : 4962/6562 (75.617%)
[2025-02-24 08:09:31;INFO]Valid | Loss : 1.109929 | ACC : 2110/2813 (75.009%)
[2025-02-24 08:09:31;INFO]      | Loss dropped from 1.157434 to 1.109929, model has been saved!

[2025-02-24 08:09:31;INFO]best epoch: 45, best loss: 1.109929
[2025-02-24 08:09:31;INFO]----------------------------------------------------------------------------------------------------

[2025-02-24 08:09:31;INFO]Current Epoch: 46 / 500 | Learning Rate : 0.0
[2025-02-24 08:10:00;INFO]Train | Loss : 1.312316 | ACC : 4935/6562 (75.206%)
[2025-02-24 08:10:04;INFO]Valid | Loss : 2.058742 | ACC : 990/2813 (35.194%)
[2025-02-24 08:10:04;INFO]      | Loss didn't drop!

[2025-02-24 08:10:04;INFO]best epoch: 45, best loss: 1.109929
[2025-02-24 08:10:04;INFO]----------------------------------------------------------------------------------------------------

[2025-02-24 08:10:04;INFO]Current Epoch: 47 / 500 | Learning Rate : 0.0006545084971877958
[2025-02-24 08:10:33;INFO]Train | Loss : 1.395930 | ACC : 4719/6562 (71.914%)
[2025-02-24 08:10:38;INFO]Valid | Loss : 1.402417 | ACC : 1714/2813 (60.931%)
[2025-02-24 08:10:38;INFO]      | Loss didn't drop!

[2025-02-24 08:10:38;INFO]best epoch: 45, best loss: 1.109929
[2025-02-24 08:10:38;INFO]----------------------------------------------------------------------------------------------------

[2025-02-24 08:10:38;INFO]Current Epoch: 48 / 500 | Learning Rate : 0.0009045084971881685
[2025-02-24 08:11:07;INFO]Train | Loss : 1.263678 | ACC : 5054/6562 (77.019%)
[2025-02-24 08:11:11;INFO]Valid | Loss : 1.428009 | ACC : 1498/2813 (53.253%)
[2025-02-24 08:11:11;INFO]      | Loss didn't drop!

[2025-02-24 08:11:11;INFO]best epoch: 45, best loss: 1.109929
[2025-02-24 08:11:11;INFO]----------------------------------------------------------------------------------------------------

[2025-02-24 08:11:11;INFO]Current Epoch: 49 / 500 | Learning Rate : 9.549150281256093e-05
[2025-02-24 08:11:40;INFO]Train | Loss : 1.206899 | ACC : 5160/6562 (78.635%)
[2025-02-24 08:11:44;INFO]Valid | Loss : 1.284786 | ACC : 2052/2813 (72.947%)
[2025-02-24 08:11:44;INFO]      | Loss didn't drop!

[2025-02-24 08:11:44;INFO]best epoch: 45, best loss: 1.109929
[2025-02-24 08:11:44;INFO]----------------------------------------------------------------------------------------------------

[2025-02-24 08:11:44;INFO]Current Epoch: 50 / 500 | Learning Rate : 0.00034549150281254704
[2025-02-24 08:12:13;INFO]Train | Loss : 1.348031 | ACC : 4696/6562 (71.564%)
[2025-02-24 08:12:17;INFO]Valid | Loss : 1.625984 | ACC : 1638/2813 (58.230%)
[2025-02-24 08:12:17;INFO]      | Loss didn't drop!

[2025-02-24 08:12:17;INFO]best epoch: 45, best loss: 1.109929
[2025-02-24 08:12:17;INFO]----------------------------------------------------------------------------------------------------

[2025-02-24 08:12:17;INFO]Current Epoch: 51 / 500 | Learning Rate : 0.001000000000000415
[2025-02-24 08:12:46;INFO]Train | Loss : 1.188421 | ACC : 5219/6562 (79.534%)
[2025-02-24 08:12:50;INFO]Valid | Loss : 1.317940 | ACC : 1652/2813 (58.727%)
[2025-02-24 08:12:50;INFO]      | Loss didn't drop!

[2025-02-24 08:12:50;INFO]best epoch: 45, best loss: 1.109929
[2025-02-24 08:12:50;INFO]----------------------------------------------------------------------------------------------------

[2025-02-24 08:12:50;INFO]Current Epoch: 52 / 500 | Learning Rate : 0.00034549150281252335
[2025-02-24 08:13:20;INFO]Train | Loss : 1.189855 | ACC : 5048/6562 (76.928%)
[2025-02-24 08:13:24;INFO]Valid | Loss : 0.981350 | ACC : 2376/2813 (84.465%)
[2025-02-24 08:13:24;INFO]      | Loss dropped from 1.109929 to 0.981350, model has been saved!

[2025-02-24 08:13:24;INFO]best epoch: 52, best loss: 0.981350
[2025-02-24 08:13:24;INFO]----------------------------------------------------------------------------------------------------

[2025-02-24 08:13:24;INFO]Current Epoch: 53 / 500 | Learning Rate : 9.549150281257471e-05
[2025-02-24 08:13:53;INFO]Train | Loss : 1.089956 | ACC : 5196/6562 (79.183%)
[2025-02-24 08:13:57;INFO]Valid | Loss : 1.241942 | ACC : 2017/2813 (71.703%)
[2025-02-24 08:13:57;INFO]      | Loss didn't drop!

[2025-02-24 08:13:57;INFO]best epoch: 52, best loss: 0.981350
[2025-02-24 08:13:57;INFO]----------------------------------------------------------------------------------------------------

[2025-02-24 08:13:57;INFO]Current Epoch: 54 / 500 | Learning Rate : 0.0009045084971875184
[2025-02-24 08:14:26;INFO]Train | Loss : 1.117471 | ACC : 5187/6562 (79.046%)
[2025-02-24 08:14:30;INFO]Valid | Loss : 2.103483 | ACC : 1101/2813 (39.140%)
[2025-02-24 08:14:30;INFO]      | Loss didn't drop!

[2025-02-24 08:14:30;INFO]best epoch: 52, best loss: 0.981350
[2025-02-24 08:14:30;INFO]----------------------------------------------------------------------------------------------------

[2025-02-24 08:14:30;INFO]Current Epoch: 55 / 500 | Learning Rate : 0.0006545084971877033
[2025-02-24 08:14:59;INFO]Train | Loss : 1.360840 | ACC : 4611/6562 (70.268%)
[2025-02-24 08:15:03;INFO]Valid | Loss : 1.134671 | ACC : 2174/2813 (77.284%)
[2025-02-24 08:15:03;INFO]      | Loss didn't drop!

[2025-02-24 08:15:03;INFO]best epoch: 52, best loss: 0.981350
[2025-02-24 08:15:03;INFO]----------------------------------------------------------------------------------------------------

[2025-02-24 08:15:03;INFO]Current Epoch: 56 / 500 | Learning Rate : 0.0
[2025-02-24 08:15:33;INFO]Train | Loss : 1.168020 | ACC : 5106/6562 (77.812%)
[2025-02-24 08:15:37;INFO]Valid | Loss : 1.277765 | ACC : 1933/2813 (68.717%)
[2025-02-24 08:15:37;INFO]      | Loss didn't drop!

[2025-02-24 08:15:37;INFO]best epoch: 52, best loss: 0.981350
[2025-02-24 08:15:37;INFO]----------------------------------------------------------------------------------------------------

[2025-02-24 08:15:37;INFO]Current Epoch: 57 / 500 | Learning Rate : 0.0006545084971877351
[2025-02-24 08:16:06;INFO]Train | Loss : 1.061141 | ACC : 5251/6562 (80.021%)
[2025-02-24 08:16:10;INFO]Valid | Loss : 2.048268 | ACC : 1178/2813 (41.877%)
[2025-02-24 08:16:10;INFO]      | Loss didn't drop!

[2025-02-24 08:16:10;INFO]best epoch: 52, best loss: 0.981350
[2025-02-24 08:16:10;INFO]----------------------------------------------------------------------------------------------------

[2025-02-24 08:16:10;INFO]Current Epoch: 58 / 500 | Learning Rate : 0.0009045084971874573
[2025-02-24 08:16:39;INFO]Train | Loss : 1.144923 | ACC : 4960/6562 (75.587%)
[2025-02-24 08:16:43;INFO]Valid | Loss : 1.163214 | ACC : 1822/2813 (64.771%)
[2025-02-24 08:16:43;INFO]      | Loss didn't drop!

[2025-02-24 08:16:43;INFO]best epoch: 52, best loss: 0.981350
[2025-02-24 08:16:43;INFO]----------------------------------------------------------------------------------------------------

[2025-02-24 08:16:43;INFO]Current Epoch: 59 / 500 | Learning Rate : 9.549150281248566e-05
[2025-02-24 08:17:12;INFO]Train | Loss : 1.028716 | ACC : 5320/6562 (81.073%)
[2025-02-24 08:17:16;INFO]Valid | Loss : 0.903406 | ACC : 2293/2813 (81.514%)
[2025-02-24 08:17:16;INFO]      | Loss dropped from 0.981350 to 0.903406, model has been saved!

[2025-02-24 08:17:16;INFO]best epoch: 59, best loss: 0.903406
[2025-02-24 08:17:16;INFO]----------------------------------------------------------------------------------------------------

[2025-02-24 08:17:16;INFO]Current Epoch: 60 / 500 | Learning Rate : 0.0003454915028125602
[2025-02-24 08:17:46;INFO]Train | Loss : 1.130231 | ACC : 5030/6562 (76.653%)
[2025-02-24 08:17:50;INFO]Valid | Loss : 1.207042 | ACC : 1878/2813 (66.761%)
[2025-02-24 08:17:50;INFO]      | Loss didn't drop!

[2025-02-24 08:17:50;INFO]best epoch: 59, best loss: 0.903406
[2025-02-24 08:17:50;INFO]----------------------------------------------------------------------------------------------------

[2025-02-24 08:17:50;INFO]Current Epoch: 61 / 500 | Learning Rate : 0.0009999999999996392
[2025-02-24 08:18:19;INFO]Train | Loss : 1.170003 | ACC : 4983/6562 (75.937%)
[2025-02-24 08:18:23;INFO]Valid | Loss : 1.562644 | ACC : 1321/2813 (46.961%)
[2025-02-24 08:18:23;INFO]      | Loss didn't drop!

[2025-02-24 08:18:23;INFO]best epoch: 59, best loss: 0.903406
[2025-02-24 08:18:23;INFO]----------------------------------------------------------------------------------------------------

[2025-02-24 08:18:23;INFO]Current Epoch: 62 / 500 | Learning Rate : 0.0003454915028127552
[2025-02-24 08:18:52;INFO]Train | Loss : 1.063931 | ACC : 5209/6562 (79.381%)
[2025-02-24 08:18:56;INFO]Valid | Loss : 0.876718 | ACC : 2404/2813 (85.460%)
[2025-02-24 08:18:56;INFO]      | Loss dropped from 0.903406 to 0.876718, model has been saved!

[2025-02-24 08:18:56;INFO]best epoch: 62, best loss: 0.876718
[2025-02-24 08:18:56;INFO]----------------------------------------------------------------------------------------------------

[2025-02-24 08:18:56;INFO]Current Epoch: 63 / 500 | Learning Rate : 9.549150281255399e-05
[2025-02-24 08:19:25;INFO]Train | Loss : 0.979838 | ACC : 5395/6562 (82.216%)
[2025-02-24 08:19:29;INFO]Valid | Loss : 1.862285 | ACC : 1365/2813 (48.525%)
[2025-02-24 08:19:29;INFO]      | Loss didn't drop!

[2025-02-24 08:19:29;INFO]best epoch: 62, best loss: 0.876718
[2025-02-24 08:19:29;INFO]----------------------------------------------------------------------------------------------------

[2025-02-24 08:19:29;INFO]Current Epoch: 64 / 500 | Learning Rate : 0.0009045084971868181
[2025-02-24 08:19:58;INFO]Train | Loss : 1.066895 | ACC : 5118/6562 (77.995%)
[2025-02-24 08:20:03;INFO]Valid | Loss : 1.296205 | ACC : 1813/2813 (64.451%)
[2025-02-24 08:20:03;INFO]      | Loss didn't drop!

[2025-02-24 08:20:03;INFO]best epoch: 62, best loss: 0.876718
[2025-02-24 08:20:03;INFO]----------------------------------------------------------------------------------------------------

[2025-02-24 08:20:03;INFO]Current Epoch: 65 / 500 | Learning Rate : 0.0006545084971881445
[2025-02-24 08:20:32;INFO]Train | Loss : 1.177861 | ACC : 4910/6562 (74.825%)
[2025-02-24 08:20:36;INFO]Valid | Loss : 1.235049 | ACC : 1933/2813 (68.717%)
[2025-02-24 08:20:36;INFO]      | Loss didn't drop!

[2025-02-24 08:20:36;INFO]best epoch: 62, best loss: 0.876718
[2025-02-24 08:20:36;INFO]----------------------------------------------------------------------------------------------------

[2025-02-24 08:20:36;INFO]Current Epoch: 66 / 500 | Learning Rate : 0.0
[2025-02-24 08:21:05;INFO]Train | Loss : 1.105567 | ACC : 5091/6562 (77.583%)
[2025-02-24 08:21:09;INFO]Valid | Loss : 1.511370 | ACC : 1621/2813 (57.625%)
[2025-02-24 08:21:09;INFO]      | Loss didn't drop!

[2025-02-24 08:21:09;INFO]best epoch: 62, best loss: 0.876718
[2025-02-24 08:21:09;INFO]----------------------------------------------------------------------------------------------------

[2025-02-24 08:21:09;INFO]Current Epoch: 67 / 500 | Learning Rate : 0.0006545084971877343
[2025-02-24 08:21:38;INFO]Train | Loss : 1.114284 | ACC : 4902/6562 (74.703%)
[2025-02-24 08:21:42;INFO]Valid | Loss : 2.021700 | ACC : 1179/2813 (41.913%)
[2025-02-24 08:21:42;INFO]      | Loss didn't drop!

[2025-02-24 08:21:42;INFO]best epoch: 62, best loss: 0.876718
[2025-02-24 08:21:42;INFO]----------------------------------------------------------------------------------------------------

[2025-02-24 08:21:42;INFO]Current Epoch: 68 / 500 | Learning Rate : 0.0009045084971880933
[2025-02-24 08:22:11;INFO]Train | Loss : 1.053430 | ACC : 5285/6562 (80.539%)
[2025-02-24 08:22:16;INFO]Valid | Loss : 0.958577 | ACC : 2096/2813 (74.511%)
[2025-02-24 08:22:16;INFO]      | Loss didn't drop!

[2025-02-24 08:22:16;INFO]best epoch: 62, best loss: 0.876718
[2025-02-24 08:22:16;INFO]----------------------------------------------------------------------------------------------------

[2025-02-24 08:22:16;INFO]Current Epoch: 69 / 500 | Learning Rate : 9.549150281260131e-05
[2025-02-24 08:22:45;INFO]Train | Loss : 0.870407 | ACC : 5530/6562 (84.273%)
[2025-02-24 08:22:49;INFO]Valid | Loss : 0.920527 | ACC : 2214/2813 (78.706%)
[2025-02-24 08:22:49;INFO]      | Loss didn't drop!

[2025-02-24 08:22:49;INFO]best epoch: 62, best loss: 0.876718
[2025-02-24 08:22:49;INFO]----------------------------------------------------------------------------------------------------

[2025-02-24 08:22:49;INFO]Current Epoch: 70 / 500 | Learning Rate : 0.0003454915028125165
[2025-02-24 08:23:18;INFO]Train | Loss : 0.941302 | ACC : 5270/6562 (80.311%)
[2025-02-24 08:23:22;INFO]Valid | Loss : 1.282875 | ACC : 1658/2813 (58.941%)
[2025-02-24 08:23:22;INFO]      | Loss didn't drop!

[2025-02-24 08:23:22;INFO]best epoch: 62, best loss: 0.876718
[2025-02-24 08:23:22;INFO]----------------------------------------------------------------------------------------------------

[2025-02-24 08:23:22;INFO]Current Epoch: 71 / 500 | Learning Rate : 0.0010000000000003157
[2025-02-24 08:23:51;INFO]Train | Loss : 1.116202 | ACC : 5084/6562 (77.476%)
[2025-02-24 08:23:55;INFO]Valid | Loss : 1.361992 | ACC : 1645/2813 (58.478%)
[2025-02-24 08:23:55;INFO]      | Loss didn't drop!

[2025-02-24 08:23:55;INFO]best epoch: 62, best loss: 0.876718
[2025-02-24 08:23:55;INFO]----------------------------------------------------------------------------------------------------

[2025-02-24 08:23:55;INFO]Current Epoch: 72 / 500 | Learning Rate : 0.0003454915028127346
[2025-02-24 08:24:24;INFO]Train | Loss : 0.975630 | ACC : 5260/6562 (80.158%)
[2025-02-24 08:24:28;INFO]Valid | Loss : 0.759758 | ACC : 2390/2813 (84.963%)
[2025-02-24 08:24:28;INFO]      | Loss dropped from 0.876718 to 0.759758, model has been saved!

[2025-02-24 08:24:28;INFO]best epoch: 72, best loss: 0.759758
[2025-02-24 08:24:28;INFO]----------------------------------------------------------------------------------------------------

[2025-02-24 08:24:28;INFO]Current Epoch: 73 / 500 | Learning Rate : 9.549150281263641e-05
[2025-02-24 08:24:58;INFO]Train | Loss : 0.952156 | ACC : 5266/6562 (80.250%)
[2025-02-24 08:25:02;INFO]Valid | Loss : 1.917302 | ACC : 1164/2813 (41.379%)
[2025-02-24 08:25:02;INFO]      | Loss didn't drop!

[2025-02-24 08:25:02;INFO]best epoch: 72, best loss: 0.759758
[2025-02-24 08:25:02;INFO]----------------------------------------------------------------------------------------------------

[2025-02-24 08:25:02;INFO]Current Epoch: 74 / 500 | Learning Rate : 0.0009045084971874147
[2025-02-24 08:25:31;INFO]Train | Loss : 1.064057 | ACC : 4934/6562 (75.190%)
[2025-02-24 08:25:35;INFO]Valid | Loss : 1.908385 | ACC : 1036/2813 (36.829%)
[2025-02-24 08:25:35;INFO]      | Loss didn't drop!

[2025-02-24 08:25:35;INFO]best epoch: 72, best loss: 0.759758
[2025-02-24 08:25:35;INFO]----------------------------------------------------------------------------------------------------

[2025-02-24 08:25:35;INFO]Current Epoch: 75 / 500 | Learning Rate : 0.0006545084971876619
[2025-02-24 08:26:04;INFO]Train | Loss : 1.053446 | ACC : 5057/6562 (77.065%)
[2025-02-24 08:26:08;INFO]Valid | Loss : 0.893141 | ACC : 2306/2813 (81.977%)
[2025-02-24 08:26:08;INFO]      | Loss didn't drop!

[2025-02-24 08:26:08;INFO]best epoch: 72, best loss: 0.759758
[2025-02-24 08:26:08;INFO]----------------------------------------------------------------------------------------------------

[2025-02-24 08:26:08;INFO]Current Epoch: 76 / 500 | Learning Rate : 0.0
[2025-02-24 08:26:37;INFO]Train | Loss : 0.934148 | ACC : 5383/6562 (82.033%)
[2025-02-24 08:26:41;INFO]Valid | Loss : 1.551770 | ACC : 1430/2813 (50.835%)
[2025-02-24 08:26:41;INFO]      | Loss didn't drop!

[2025-02-24 08:26:41;INFO]best epoch: 72, best loss: 0.759758
[2025-02-24 08:26:41;INFO]----------------------------------------------------------------------------------------------------

[2025-02-24 08:26:41;INFO]Current Epoch: 77 / 500 | Learning Rate : 0.0006545084971881462
[2025-02-24 08:27:11;INFO]Train | Loss : 0.999960 | ACC : 5162/6562 (78.665%)
[2025-02-24 08:27:15;INFO]Valid | Loss : 1.462300 | ACC : 1327/2813 (47.174%)
[2025-02-24 08:27:15;INFO]      | Loss didn't drop!

[2025-02-24 08:27:15;INFO]best epoch: 72, best loss: 0.759758
[2025-02-24 08:27:15;INFO]----------------------------------------------------------------------------------------------------

[2025-02-24 08:27:15;INFO]Current Epoch: 78 / 500 | Learning Rate : 0.000904508497187382
[2025-02-24 08:27:44;INFO]Train | Loss : 0.918313 | ACC : 5262/6562 (80.189%)
[2025-02-24 08:27:48;INFO]Valid | Loss : 1.383700 | ACC : 1579/2813 (56.132%)
[2025-02-24 08:27:48;INFO]      | Loss didn't drop!

[2025-02-24 08:27:48;INFO]best epoch: 72, best loss: 0.759758
[2025-02-24 08:27:48;INFO]----------------------------------------------------------------------------------------------------

[2025-02-24 08:27:48;INFO]Current Epoch: 79 / 500 | Learning Rate : 9.549150281254285e-05
[2025-02-24 08:28:17;INFO]Train | Loss : 0.915094 | ACC : 5279/6562 (80.448%)
[2025-02-24 08:28:21;INFO]Valid | Loss : 0.748395 | ACC : 2430/2813 (86.385%)
[2025-02-24 08:28:21;INFO]      | Loss dropped from 0.759758 to 0.748395, model has been saved!

[2025-02-24 08:28:21;INFO]best epoch: 79, best loss: 0.748395
[2025-02-24 08:28:21;INFO]----------------------------------------------------------------------------------------------------

[2025-02-24 08:28:21;INFO]Current Epoch: 80 / 500 | Learning Rate : 0.0003454915028127791
[2025-02-24 08:28:50;INFO]Train | Loss : 0.832271 | ACC : 5409/6562 (82.429%)
[2025-02-24 08:28:54;INFO]Valid | Loss : 2.160178 | ACC : 1323/2813 (47.032%)
[2025-02-24 08:28:54;INFO]      | Loss didn't drop!

[2025-02-24 08:28:54;INFO]best epoch: 79, best loss: 0.748395
[2025-02-24 08:28:54;INFO]----------------------------------------------------------------------------------------------------

[2025-02-24 08:28:54;INFO]Current Epoch: 81 / 500 | Learning Rate : 0.0009999999999995399
[2025-02-24 08:29:23;INFO]Train | Loss : 0.906954 | ACC : 5313/6562 (80.966%)
[2025-02-24 08:29:28;INFO]Valid | Loss : 1.164195 | ACC : 1753/2813 (62.318%)
[2025-02-24 08:29:28;INFO]      | Loss didn't drop!

[2025-02-24 08:29:28;INFO]best epoch: 79, best loss: 0.748395
[2025-02-24 08:29:28;INFO]----------------------------------------------------------------------------------------------------

[2025-02-24 08:29:28;INFO]Current Epoch: 82 / 500 | Learning Rate : 0.00034549150281249175
[2025-02-24 08:29:57;INFO]Train | Loss : 0.874691 | ACC : 5383/6562 (82.033%)
[2025-02-24 08:30:01;INFO]Valid | Loss : 0.698073 | ACC : 2352/2813 (83.612%)
[2025-02-24 08:30:01;INFO]      | Loss dropped from 0.748395 to 0.698073, model has been saved!

[2025-02-24 08:30:01;INFO]best epoch: 82, best loss: 0.698073
[2025-02-24 08:30:01;INFO]----------------------------------------------------------------------------------------------------

[2025-02-24 08:30:01;INFO]Current Epoch: 83 / 500 | Learning Rate : 9.549150281254678e-05
[2025-02-24 08:30:30;INFO]Train | Loss : 0.860936 | ACC : 5363/6562 (81.728%)
[2025-02-24 08:30:34;INFO]Valid | Loss : 1.177073 | ACC : 1747/2813 (62.105%)
[2025-02-24 08:30:34;INFO]      | Loss didn't drop!

[2025-02-24 08:30:34;INFO]best epoch: 82, best loss: 0.698073
[2025-02-24 08:30:34;INFO]----------------------------------------------------------------------------------------------------

[2025-02-24 08:30:34;INFO]Current Epoch: 84 / 500 | Learning Rate : 0.0009045084971880438
[2025-02-24 08:31:03;INFO]Train | Loss : 0.859521 | ACC : 5417/6562 (82.551%)
[2025-02-24 08:31:07;INFO]Valid | Loss : 1.065063 | ACC : 2088/2813 (74.227%)
[2025-02-24 08:31:07;INFO]      | Loss didn't drop!

[2025-02-24 08:31:07;INFO]best epoch: 82, best loss: 0.698073
[2025-02-24 08:31:07;INFO]----------------------------------------------------------------------------------------------------

[2025-02-24 08:31:07;INFO]Current Epoch: 85 / 500 | Learning Rate : 0.0006545084971880757
[2025-02-24 08:31:36;INFO]Train | Loss : 0.964237 | ACC : 5193/6562 (79.137%)
[2025-02-24 08:31:40;INFO]Valid | Loss : 0.911791 | ACC : 1970/2813 (70.032%)
[2025-02-24 08:31:40;INFO]      | Loss didn't drop!

[2025-02-24 08:31:40;INFO]best epoch: 82, best loss: 0.698073
[2025-02-24 08:31:40;INFO]----------------------------------------------------------------------------------------------------

[2025-02-24 08:31:40;INFO]Current Epoch: 86 / 500 | Learning Rate : 0.0
[2025-02-24 08:32:10;INFO]Train | Loss : 0.812872 | ACC : 5444/6562 (82.963%)
[2025-02-24 08:32:14;INFO]Valid | Loss : 0.920284 | ACC : 1951/2813 (69.357%)
[2025-02-24 08:32:14;INFO]      | Loss didn't drop!

[2025-02-24 08:32:14;INFO]best epoch: 82, best loss: 0.698073
[2025-02-24 08:32:14;INFO]----------------------------------------------------------------------------------------------------

[2025-02-24 08:32:14;INFO]Current Epoch: 87 / 500 | Learning Rate : 0.0006545084971876732
[2025-02-24 08:32:43;INFO]Train | Loss : 0.871125 | ACC : 5281/6562 (80.479%)
[2025-02-24 08:32:47;INFO]Valid | Loss : 1.275306 | ACC : 1640/2813 (58.301%)
[2025-02-24 08:32:47;INFO]      | Loss didn't drop!

[2025-02-24 08:32:47;INFO]best epoch: 82, best loss: 0.698073
[2025-02-24 08:32:47;INFO]----------------------------------------------------------------------------------------------------

[2025-02-24 08:32:47;INFO]Current Epoch: 88 / 500 | Learning Rate : 0.0009045084971880015
[2025-02-24 08:33:16;INFO]Train | Loss : 0.895105 | ACC : 5271/6562 (80.326%)
[2025-02-24 08:33:20;INFO]Valid | Loss : 1.406426 | ACC : 1482/2813 (52.684%)
[2025-02-24 08:33:20;INFO]      | Loss didn't drop!

[2025-02-24 08:33:20;INFO]best epoch: 82, best loss: 0.698073
[2025-02-24 08:33:20;INFO]----------------------------------------------------------------------------------------------------

[2025-02-24 08:33:20;INFO]Current Epoch: 89 / 500 | Learning Rate : 9.549150281262297e-05
[2025-02-24 08:33:49;INFO]Train | Loss : 0.778686 | ACC : 5444/6562 (82.963%)
[2025-02-24 08:33:53;INFO]Valid | Loss : 0.756794 | ACC : 2161/2813 (76.822%)
[2025-02-24 08:33:53;INFO]      | Loss didn't drop!

[2025-02-24 08:33:53;INFO]best epoch: 82, best loss: 0.698073
[2025-02-24 08:33:53;INFO]----------------------------------------------------------------------------------------------------

[2025-02-24 08:33:53;INFO]Current Epoch: 90 / 500 | Learning Rate : 0.00034549150281248595
[2025-02-24 08:34:23;INFO]Train | Loss : 0.848900 | ACC : 5230/6562 (79.701%)
[2025-02-24 08:34:27;INFO]Valid | Loss : 1.615763 | ACC : 1357/2813 (48.240%)
[2025-02-24 08:34:27;INFO]      | Loss didn't drop!

[2025-02-24 08:34:27;INFO]best epoch: 82, best loss: 0.698073
[2025-02-24 08:34:27;INFO]----------------------------------------------------------------------------------------------------

[2025-02-24 08:34:27;INFO]Current Epoch: 91 / 500 | Learning Rate : 0.0010000000000002164
[2025-02-24 08:34:56;INFO]Train | Loss : 0.790594 | ACC : 5538/6562 (84.395%)
[2025-02-24 08:35:00;INFO]Valid | Loss : 0.819395 | ACC : 2240/2813 (79.630%)
[2025-02-24 08:35:00;INFO]      | Loss didn't drop!

[2025-02-24 08:35:00;INFO]best epoch: 82, best loss: 0.698073
[2025-02-24 08:35:00;INFO]----------------------------------------------------------------------------------------------------

[2025-02-24 08:35:00;INFO]Current Epoch: 92 / 500 | Learning Rate : 0.00034549150281275055
[2025-02-24 08:35:29;INFO]Train | Loss : 0.757479 | ACC : 5480/6562 (83.511%)
[2025-02-24 08:35:33;INFO]Valid | Loss : 0.620814 | ACC : 2351/2813 (83.576%)
[2025-02-24 08:35:33;INFO]      | Loss dropped from 0.698073 to 0.620814, model has been saved!

[2025-02-24 08:35:33;INFO]best epoch: 92, best loss: 0.620814
[2025-02-24 08:35:33;INFO]----------------------------------------------------------------------------------------------------

[2025-02-24 08:35:33;INFO]Current Epoch: 93 / 500 | Learning Rate : 9.549150281249147e-05
[2025-02-24 08:36:02;INFO]Train | Loss : 0.753045 | ACC : 5454/6562 (83.115%)
[2025-02-24 08:36:06;INFO]Valid | Loss : 1.354859 | ACC : 1665/2813 (59.189%)
[2025-02-24 08:36:06;INFO]      | Loss didn't drop!

[2025-02-24 08:36:06;INFO]best epoch: 92, best loss: 0.620814
[2025-02-24 08:36:06;INFO]----------------------------------------------------------------------------------------------------

[2025-02-24 08:36:06;INFO]Current Epoch: 94 / 500 | Learning Rate : 0.0009045084971886659
[2025-02-24 08:36:36;INFO]Train | Loss : 0.896507 | ACC : 5063/6562 (77.156%)
[2025-02-24 08:36:40;INFO]Valid | Loss : 1.347613 | ACC : 1420/2813 (50.480%)
[2025-02-24 08:36:40;INFO]      | Loss didn't drop!

[2025-02-24 08:36:40;INFO]best epoch: 92, best loss: 0.620814
[2025-02-24 08:36:40;INFO]----------------------------------------------------------------------------------------------------

[2025-02-24 08:36:40;INFO]Current Epoch: 95 / 500 | Learning Rate : 0.0006545084971875931
[2025-02-24 08:37:09;INFO]Train | Loss : 0.843442 | ACC : 5353/6562 (81.576%)
[2025-02-24 08:37:13;INFO]Valid | Loss : 0.626454 | ACC : 2359/2813 (83.861%)
[2025-02-24 08:37:13;INFO]      | Loss didn't drop!

[2025-02-24 08:37:13;INFO]best epoch: 92, best loss: 0.620814
[2025-02-24 08:37:13;INFO]----------------------------------------------------------------------------------------------------

[2025-02-24 08:37:13;INFO]Current Epoch: 96 / 500 | Learning Rate : 0.0
[2025-02-24 08:37:42;INFO]Train | Loss : 0.694542 | ACC : 5597/6562 (85.294%)
[2025-02-24 08:37:46;INFO]Valid | Loss : 1.159382 | ACC : 1632/2813 (58.016%)
[2025-02-24 08:37:46;INFO]      | Loss didn't drop!

[2025-02-24 08:37:46;INFO]best epoch: 92, best loss: 0.620814
[2025-02-24 08:37:46;INFO]----------------------------------------------------------------------------------------------------

[2025-02-24 08:37:46;INFO]Current Epoch: 97 / 500 | Learning Rate : 0.0006545084971880848
[2025-02-24 08:38:15;INFO]Train | Loss : 0.725816 | ACC : 5557/6562 (84.685%)
[2025-02-24 08:38:19;INFO]Valid | Loss : 1.093224 | ACC : 1800/2813 (63.989%)
[2025-02-24 08:38:19;INFO]      | Loss didn't drop!

[2025-02-24 08:38:19;INFO]best epoch: 92, best loss: 0.620814
[2025-02-24 08:38:19;INFO]----------------------------------------------------------------------------------------------------

[2025-02-24 08:38:19;INFO]Current Epoch: 98 / 500 | Learning Rate : 0.00090450849718729
[2025-02-24 08:38:49;INFO]Train | Loss : 0.736685 | ACC : 5528/6562 (84.243%)
[2025-02-24 08:38:53;INFO]Valid | Loss : 0.765911 | ACC : 2159/2813 (76.751%)
[2025-02-24 08:38:53;INFO]      | Loss didn't drop!

[2025-02-24 08:38:53;INFO]best epoch: 92, best loss: 0.620814
[2025-02-24 08:38:53;INFO]----------------------------------------------------------------------------------------------------

[2025-02-24 08:38:53;INFO]Current Epoch: 99 / 500 | Learning Rate : 9.549150281256441e-05
[2025-02-24 08:39:22;INFO]Train | Loss : 0.756759 | ACC : 5461/6562 (83.222%)
[2025-02-24 08:39:26;INFO]Valid | Loss : 1.669842 | ACC : 1141/2813 (40.562%)
[2025-02-24 08:39:26;INFO]      | Loss didn't drop!

[2025-02-24 08:39:26;INFO]best epoch: 92, best loss: 0.620814
[2025-02-24 08:39:26;INFO]----------------------------------------------------------------------------------------------------

[2025-02-24 08:39:26;INFO]Current Epoch: 100 / 500 | Learning Rate : 0.00034549150281274843
[2025-02-24 08:39:55;INFO]Train | Loss : 0.709746 | ACC : 5489/6562 (83.648%)
[2025-02-24 08:39:59;INFO]Valid | Loss : 1.668027 | ACC : 1496/2813 (53.182%)
[2025-02-24 08:39:59;INFO]      | Loss didn't drop!

[2025-02-24 08:39:59;INFO]best epoch: 92, best loss: 0.620814
[2025-02-24 08:39:59;INFO]----------------------------------------------------------------------------------------------------

[2025-02-24 08:39:59;INFO]Current Epoch: 101 / 500 | Learning Rate : 0.0010000000000008834
[2025-02-24 08:40:28;INFO]Train | Loss : 1.070597 | ACC : 4798/6562 (73.118%)
[2025-02-24 08:40:32;INFO]Valid | Loss : 1.708291 | ACC : 1321/2813 (46.961%)
[2025-02-24 08:40:32;INFO]      | Loss didn't drop!

[2025-02-24 08:40:32;INFO]best epoch: 92, best loss: 0.620814
[2025-02-24 08:40:32;INFO]----------------------------------------------------------------------------------------------------

[2025-02-24 08:40:32;INFO]Current Epoch: 102 / 500 | Learning Rate : 0.0003454915028129527
[2025-02-24 08:41:02;INFO]Train | Loss : 0.980133 | ACC : 5341/6562 (81.393%)
[2025-02-24 08:41:06;INFO]Valid | Loss : 0.681499 | ACC : 2492/2813 (88.589%)
[2025-02-24 08:41:06;INFO]      | Loss didn't drop!

[2025-02-24 08:41:06;INFO]best epoch: 92, best loss: 0.620814
[2025-02-24 08:41:06;INFO]----------------------------------------------------------------------------------------------------

[2025-02-24 08:41:06;INFO]Current Epoch: 103 / 500 | Learning Rate : 9.549150281253965e-05
[2025-02-24 08:41:35;INFO]Train | Loss : 0.885896 | ACC : 5171/6562 (78.802%)
[2025-02-24 08:41:39;INFO]Valid | Loss : 2.052671 | ACC : 1174/2813 (41.735%)
[2025-02-24 08:41:39;INFO]      | Loss didn't drop!

[2025-02-24 08:41:39;INFO]best epoch: 92, best loss: 0.620814
[2025-02-24 08:41:39;INFO]----------------------------------------------------------------------------------------------------

[2025-02-24 08:41:39;INFO]Current Epoch: 104 / 500 | Learning Rate : 0.0009045084971892954
[2025-02-24 08:42:08;INFO]Train | Loss : 0.850448 | ACC : 5365/6562 (81.759%)
[2025-02-24 08:42:12;INFO]Valid | Loss : 1.101868 | ACC : 1910/2813 (67.899%)
[2025-02-24 08:42:12;INFO]      | Loss didn't drop!

[2025-02-24 08:42:12;INFO]best epoch: 92, best loss: 0.620814
[2025-02-24 08:42:12;INFO]----------------------------------------------------------------------------------------------------

[2025-02-24 08:42:12;INFO]Current Epoch: 105 / 500 | Learning Rate : 0.0006545084971870626
[2025-02-24 08:42:41;INFO]Train | Loss : 0.729194 | ACC : 5487/6562 (83.618%)
[2025-02-24 08:42:46;INFO]Valid | Loss : 0.670472 | ACC : 2319/2813 (82.439%)
[2025-02-24 08:42:46;INFO]      | Loss didn't drop!

[2025-02-24 08:42:46;INFO]best epoch: 92, best loss: 0.620814
[2025-02-24 08:42:46;INFO]----------------------------------------------------------------------------------------------------

[2025-02-24 08:42:46;INFO]Current Epoch: 106 / 500 | Learning Rate : 0.0
[2025-02-24 08:43:15;INFO]Train | Loss : 0.685101 | ACC : 5632/6562 (85.827%)
[2025-02-24 08:43:19;INFO]Valid | Loss : 0.691735 | ACC : 2321/2813 (82.510%)
[2025-02-24 08:43:19;INFO]      | Loss didn't drop!

[2025-02-24 08:43:19;INFO]best epoch: 92, best loss: 0.620814
[2025-02-24 08:43:19;INFO]----------------------------------------------------------------------------------------------------

[2025-02-24 08:43:19;INFO]Current Epoch: 107 / 500 | Learning Rate : 0.0006545084971875581
[2025-02-24 08:43:48;INFO]Train | Loss : 0.806646 | ACC : 5392/6562 (82.170%)
[2025-02-24 08:43:52;INFO]Valid | Loss : 1.346204 | ACC : 1664/2813 (59.154%)
[2025-02-24 08:43:52;INFO]      | Loss didn't drop!

[2025-02-24 08:43:52;INFO]best epoch: 92, best loss: 0.620814
[2025-02-24 08:43:52;INFO]----------------------------------------------------------------------------------------------------

[2025-02-24 08:43:52;INFO]Current Epoch: 108 / 500 | Learning Rate : 0.0009045084971878756
[2025-02-24 08:44:21;INFO]Train | Loss : 0.681250 | ACC : 5588/6562 (85.157%)
[2025-02-24 08:44:25;INFO]Valid | Loss : 0.539995 | ACC : 2534/2813 (90.082%)
[2025-02-24 08:44:25;INFO]      | Loss dropped from 0.620814 to 0.539995, model has been saved!

[2025-02-24 08:44:25;INFO]best epoch: 108, best loss: 0.539995
[2025-02-24 08:44:25;INFO]----------------------------------------------------------------------------------------------------

[2025-02-24 08:44:25;INFO]Current Epoch: 109 / 500 | Learning Rate : 9.549150281247256e-05
[2025-02-24 08:44:54;INFO]Train | Loss : 0.612233 | ACC : 5654/6562 (86.163%)
[2025-02-24 08:44:59;INFO]Valid | Loss : 2.658944 | ACC : 1001/2813 (35.585%)
[2025-02-24 08:44:59;INFO]      | Loss didn't drop!

[2025-02-24 08:44:59;INFO]best epoch: 108, best loss: 0.539995
[2025-02-24 08:44:59;INFO]----------------------------------------------------------------------------------------------------

[2025-02-24 08:44:59;INFO]Current Epoch: 110 / 500 | Learning Rate : 0.00034549150281295394
[2025-02-24 08:45:28;INFO]Train | Loss : 0.864245 | ACC : 5296/6562 (80.707%)
[2025-02-24 08:45:32;INFO]Valid | Loss : 0.710418 | ACC : 2337/2813 (83.079%)
[2025-02-24 08:45:32;INFO]      | Loss didn't drop!

[2025-02-24 08:45:32;INFO]best epoch: 108, best loss: 0.539995
[2025-02-24 08:45:32;INFO]----------------------------------------------------------------------------------------------------

[2025-02-24 08:45:32;INFO]Current Epoch: 111 / 500 | Learning Rate : 0.0010000000000001082
[2025-02-24 08:46:01;INFO]Train | Loss : 0.750396 | ACC : 5441/6562 (82.917%)
[2025-02-24 08:46:05;INFO]Valid | Loss : 1.987388 | ACC : 1240/2813 (44.081%)
[2025-02-24 08:46:05;INFO]      | Loss didn't drop!

[2025-02-24 08:46:05;INFO]best epoch: 108, best loss: 0.539995
[2025-02-24 08:46:05;INFO]----------------------------------------------------------------------------------------------------

[2025-02-24 08:46:05;INFO]Current Epoch: 112 / 500 | Learning Rate : 0.00034549150281265855
[2025-02-24 08:46:34;INFO]Train | Loss : 0.787078 | ACC : 5414/6562 (82.505%)
[2025-02-24 08:46:38;INFO]Valid | Loss : 0.554967 | ACC : 2441/2813 (86.776%)
[2025-02-24 08:46:38;INFO]      | Loss didn't drop!

[2025-02-24 08:46:38;INFO]best epoch: 108, best loss: 0.539995
[2025-02-24 08:46:38;INFO]----------------------------------------------------------------------------------------------------

[2025-02-24 08:46:38;INFO]Current Epoch: 113 / 500 | Learning Rate : 9.549150281244999e-05
[2025-02-24 08:47:07;INFO]Train | Loss : 0.579544 | ACC : 5761/6562 (87.793%)
[2025-02-24 08:47:12;INFO]Valid | Loss : 0.787564 | ACC : 2213/2813 (78.670%)
[2025-02-24 08:47:12;INFO]      | Loss didn't drop!

[2025-02-24 08:47:12;INFO]best epoch: 108, best loss: 0.539995
[2025-02-24 08:47:12;INFO]----------------------------------------------------------------------------------------------------

[2025-02-24 08:47:12;INFO]Current Epoch: 114 / 500 | Learning Rate : 0.0009045084971885446
[2025-02-24 08:47:41;INFO]Train | Loss : 0.771078 | ACC : 5280/6562 (80.463%)
[2025-02-24 08:47:45;INFO]Valid | Loss : 2.448014 | ACC : 809/2813 (28.759%)
[2025-02-24 08:47:45;INFO]      | Loss didn't drop!

[2025-02-24 08:47:45;INFO]best epoch: 108, best loss: 0.539995
[2025-02-24 08:47:45;INFO]----------------------------------------------------------------------------------------------------

[2025-02-24 08:47:45;INFO]Current Epoch: 115 / 500 | Learning Rate : 0.0006545084971874712
[2025-02-24 08:48:14;INFO]Train | Loss : 0.775188 | ACC : 5355/6562 (81.606%)
[2025-02-24 08:48:18;INFO]Valid | Loss : 0.599944 | ACC : 2415/2813 (85.851%)
[2025-02-24 08:48:18;INFO]      | Loss didn't drop!

[2025-02-24 08:48:18;INFO]best epoch: 108, best loss: 0.539995
[2025-02-24 08:48:18;INFO]----------------------------------------------------------------------------------------------------

[2025-02-24 08:48:18;INFO]Current Epoch: 116 / 500 | Learning Rate : 0.0
[2025-02-24 08:48:47;INFO]Train | Loss : 0.660044 | ACC : 5563/6562 (84.776%)
[2025-02-24 08:48:51;INFO]Valid | Loss : 2.170568 | ACC : 1145/2813 (40.704%)
[2025-02-24 08:48:51;INFO]      | Loss didn't drop!

[2025-02-24 08:48:51;INFO]best epoch: 108, best loss: 0.539995
[2025-02-24 08:48:51;INFO]----------------------------------------------------------------------------------------------------

[2025-02-24 08:48:51;INFO]Current Epoch: 117 / 500 | Learning Rate : 0.0006545084971870791
[2025-02-24 08:49:20;INFO]Train | Loss : 0.751803 | ACC : 5478/6562 (83.481%)
[2025-02-24 08:49:24;INFO]Valid | Loss : 3.084825 | ACC : 346/2813 (12.300%)
[2025-02-24 08:49:24;INFO]      | Loss didn't drop!

[2025-02-24 08:49:24;INFO]best epoch: 108, best loss: 0.539995
[2025-02-24 08:49:24;INFO]----------------------------------------------------------------------------------------------------

[2025-02-24 08:49:24;INFO]Current Epoch: 118 / 500 | Learning Rate : 0.0009045084971885369
[2025-02-24 08:49:54;INFO]Train | Loss : 1.053829 | ACC : 4834/6562 (73.667%)
[2025-02-24 08:49:58;INFO]Valid | Loss : 0.774644 | ACC : 2259/2813 (80.306%)
[2025-02-24 08:49:58;INFO]      | Loss didn't drop!

[2025-02-24 08:49:58;INFO]best epoch: 108, best loss: 0.539995
[2025-02-24 08:49:58;INFO]----------------------------------------------------------------------------------------------------

[2025-02-24 08:49:58;INFO]Current Epoch: 119 / 500 | Learning Rate : 9.549150281265708e-05
[2025-02-24 08:50:27;INFO]Train | Loss : 0.706212 | ACC : 5558/6562 (84.700%)
[2025-02-24 08:50:31;INFO]Valid | Loss : 0.796619 | ACC : 1951/2813 (69.357%)
[2025-02-24 08:50:31;INFO]      | Loss didn't drop!

[2025-02-24 08:50:31;INFO]best epoch: 108, best loss: 0.539995
[2025-02-24 08:50:31;INFO]----------------------------------------------------------------------------------------------------

[2025-02-24 08:50:31;INFO]Current Epoch: 120 / 500 | Learning Rate : 0.0003454915028126639
[2025-02-24 08:51:00;INFO]Train | Loss : 0.888319 | ACC : 5148/6562 (78.452%)
[2025-02-24 08:51:04;INFO]Valid | Loss : 1.519398 | ACC : 1522/2813 (54.106%)
[2025-02-24 08:51:04;INFO]      | Loss didn't drop!

[2025-02-24 08:51:04;INFO]best epoch: 108, best loss: 0.539995
[2025-02-24 08:51:04;INFO]----------------------------------------------------------------------------------------------------

[2025-02-24 08:51:04;INFO]Current Epoch: 121 / 500 | Learning Rate : 0.0009999999999993417
[2025-02-24 08:51:33;INFO]Train | Loss : 0.649274 | ACC : 5558/6562 (84.700%)
[2025-02-24 08:51:38;INFO]Valid | Loss : 1.506770 | ACC : 1493/2813 (53.075%)
[2025-02-24 08:51:38;INFO]      | Loss didn't drop!

[2025-02-24 08:51:38;INFO]best epoch: 108, best loss: 0.539995
[2025-02-24 08:51:38;INFO]----------------------------------------------------------------------------------------------------

[2025-02-24 08:51:38;INFO]Current Epoch: 122 / 500 | Learning Rate : 0.00034549150281236153
[2025-02-24 08:52:07;INFO]Train | Loss : 0.681506 | ACC : 5488/6562 (83.633%)
[2025-02-24 08:52:11;INFO]Valid | Loss : 0.515154 | ACC : 2466/2813 (87.664%)
[2025-02-24 08:52:11;INFO]      | Loss dropped from 0.539995 to 0.515154, model has been saved!

[2025-02-24 08:52:11;INFO]best epoch: 122, best loss: 0.515154
[2025-02-24 08:52:11;INFO]----------------------------------------------------------------------------------------------------

[2025-02-24 08:52:11;INFO]Current Epoch: 123 / 500 | Learning Rate : 9.549150281253245e-05
[2025-02-24 08:52:40;INFO]Train | Loss : 0.652386 | ACC : 5555/6562 (84.654%)
[2025-02-24 08:52:44;INFO]Valid | Loss : 2.225468 | ACC : 1119/2813 (39.780%)
[2025-02-24 08:52:44;INFO]      | Loss didn't drop!

[2025-02-24 08:52:44;INFO]best epoch: 122, best loss: 0.515154
[2025-02-24 08:52:44;INFO]----------------------------------------------------------------------------------------------------

[2025-02-24 08:52:44;INFO]Current Epoch: 124 / 500 | Learning Rate : 0.0009045084971878609
[2025-02-24 08:53:13;INFO]Train | Loss : 0.817792 | ACC : 5328/6562 (81.195%)
[2025-02-24 08:53:17;INFO]Valid | Loss : 3.191565 | ACC : 550/2813 (19.552%)
[2025-02-24 08:53:17;INFO]      | Loss didn't drop!

[2025-02-24 08:53:17;INFO]best epoch: 122, best loss: 0.515154
[2025-02-24 08:53:17;INFO]----------------------------------------------------------------------------------------------------

[2025-02-24 08:53:17;INFO]Current Epoch: 125 / 500 | Learning Rate : 0.0006545084971879924
[2025-02-24 08:53:46;INFO]Train | Loss : 0.767599 | ACC : 5379/6562 (81.972%)
[2025-02-24 08:53:50;INFO]Valid | Loss : 0.598130 | ACC : 2403/2813 (85.425%)
[2025-02-24 08:53:50;INFO]      | Loss didn't drop!

[2025-02-24 08:53:50;INFO]best epoch: 122, best loss: 0.515154
[2025-02-24 08:53:50;INFO]----------------------------------------------------------------------------------------------------

[2025-02-24 08:53:50;INFO]Current Epoch: 126 / 500 | Learning Rate : 0.0
[2025-02-24 08:54:20;INFO]Train | Loss : 0.632926 | ACC : 5712/6562 (87.047%)
[2025-02-24 08:54:24;INFO]Valid | Loss : 2.172936 | ACC : 1343/2813 (47.743%)
[2025-02-24 08:54:24;INFO]      | Loss didn't drop!

[2025-02-24 08:54:24;INFO]best epoch: 122, best loss: 0.515154
[2025-02-24 08:54:24;INFO]----------------------------------------------------------------------------------------------------

[2025-02-24 08:54:24;INFO]Current Epoch: 127 / 500 | Learning Rate : 0.000654508497188441
[2025-02-24 08:54:53;INFO]Train | Loss : 0.867886 | ACC : 5151/6562 (78.497%)
[2025-02-24 08:54:57;INFO]Valid | Loss : 4.149422 | ACC : 518/2813 (18.415%)
[2025-02-24 08:54:57;INFO]      | Loss didn't drop!

[2025-02-24 08:54:57;INFO]best epoch: 122, best loss: 0.515154
[2025-02-24 08:54:57;INFO]----------------------------------------------------------------------------------------------------

[2025-02-24 08:54:57;INFO]Current Epoch: 128 / 500 | Learning Rate : 0.0009045084971865457
[2025-02-24 08:55:26;INFO]Train | Loss : 0.594174 | ACC : 5677/6562 (86.513%)
[2025-02-24 08:55:30;INFO]Valid | Loss : 0.545859 | ACC : 2239/2813 (79.595%)
[2025-02-24 08:55:30;INFO]      | Loss didn't drop!

[2025-02-24 08:55:30;INFO]best epoch: 122, best loss: 0.515154
[2025-02-24 08:55:30;INFO]----------------------------------------------------------------------------------------------------

[2025-02-24 08:55:30;INFO]Current Epoch: 129 / 500 | Learning Rate : 9.54915028127372e-05
[2025-02-24 08:55:59;INFO]Train | Loss : 0.589922 | ACC : 5666/6562 (86.346%)
[2025-02-24 08:56:03;INFO]Valid | Loss : 0.637306 | ACC : 2135/2813 (75.898%)
[2025-02-24 08:56:03;INFO]      | Loss didn't drop!

[2025-02-24 08:56:03;INFO]best epoch: 122, best loss: 0.515154
[2025-02-24 08:56:03;INFO]----------------------------------------------------------------------------------------------------

[2025-02-24 08:56:03;INFO]Current Epoch: 130 / 500 | Learning Rate : 0.00034549150281247895
[2025-02-24 08:56:33;INFO]Train | Loss : 0.638168 | ACC : 5517/6562 (84.075%)
[2025-02-24 08:56:37;INFO]Valid | Loss : 2.088559 | ACC : 987/2813 (35.087%)
[2025-02-24 08:56:37;INFO]      | Loss didn't drop!

[2025-02-24 08:56:37;INFO]best epoch: 122, best loss: 0.515154
[2025-02-24 08:56:37;INFO]----------------------------------------------------------------------------------------------------

[2025-02-24 08:56:37;INFO]Current Epoch: 131 / 500 | Learning Rate : 0.001000000000000009
[2025-02-24 08:57:06;INFO]Train | Loss : 0.613150 | ACC : 5615/6562 (85.568%)
[2025-02-24 08:57:10;INFO]Valid | Loss : 1.118557 | ACC : 1889/2813 (67.153%)
[2025-02-24 08:57:10;INFO]      | Loss didn't drop!

[2025-02-24 08:57:10;INFO]best epoch: 122, best loss: 0.515154
[2025-02-24 08:57:10;INFO]----------------------------------------------------------------------------------------------------

[2025-02-24 08:57:10;INFO]Current Epoch: 132 / 500 | Learning Rate : 0.0003454915028126745
[2025-02-24 08:57:39;INFO]Train | Loss : 0.595110 | ACC : 5733/6562 (87.367%)
[2025-02-24 08:57:43;INFO]Valid | Loss : 0.518360 | ACC : 2382/2813 (84.678%)
[2025-02-24 08:57:43;INFO]      | Loss didn't drop!

[2025-02-24 08:57:43;INFO]best epoch: 122, best loss: 0.515154
[2025-02-24 08:57:43;INFO]----------------------------------------------------------------------------------------------------

[2025-02-24 08:57:43;INFO]Current Epoch: 133 / 500 | Learning Rate : 9.54915028126149e-05
[2025-02-24 08:58:12;INFO]Train | Loss : 0.796350 | ACC : 5160/6562 (78.635%)
[2025-02-24 08:58:16;INFO]Valid | Loss : 2.443776 | ACC : 966/2813 (34.341%)
[2025-02-24 08:58:16;INFO]      | Loss didn't drop!

[2025-02-24 08:58:16;INFO]best epoch: 122, best loss: 0.515154
[2025-02-24 08:58:16;INFO]----------------------------------------------------------------------------------------------------

[2025-02-24 08:58:16;INFO]Current Epoch: 134 / 500 | Learning Rate : 0.0009045084971884573
[2025-02-24 08:58:45;INFO]Train | Loss : 0.714480 | ACC : 5449/6562 (83.039%)
[2025-02-24 08:58:50;INFO]Valid | Loss : 2.061928 | ACC : 1380/2813 (49.058%)
[2025-02-24 08:58:50;INFO]      | Loss didn't drop!

[2025-02-24 08:58:50;INFO]best epoch: 122, best loss: 0.515154
[2025-02-24 08:58:50;INFO]----------------------------------------------------------------------------------------------------

[2025-02-24 08:58:50;INFO]Current Epoch: 135 / 500 | Learning Rate : 0.0006545084971884543
[2025-02-24 08:59:19;INFO]Train | Loss : 0.646292 | ACC : 5593/6562 (85.233%)
[2025-02-24 08:59:23;INFO]Valid | Loss : 0.534900 | ACC : 2392/2813 (85.034%)
[2025-02-24 08:59:23;INFO]      | Loss didn't drop!

[2025-02-24 08:59:23;INFO]best epoch: 122, best loss: 0.515154
[2025-02-24 08:59:23;INFO]----------------------------------------------------------------------------------------------------

[2025-02-24 08:59:23;INFO]Current Epoch: 136 / 500 | Learning Rate : 0.0
[2025-02-24 08:59:52;INFO]Train | Loss : 0.502864 | ACC : 5881/6562 (89.622%)
[2025-02-24 08:59:56;INFO]Valid | Loss : 0.608063 | ACC : 2320/2813 (82.474%)
[2025-02-24 08:59:56;INFO]      | Loss didn't drop!

[2025-02-24 08:59:56;INFO]best epoch: 122, best loss: 0.515154
[2025-02-24 08:59:56;INFO]----------------------------------------------------------------------------------------------------

[2025-02-24 08:59:56;INFO]Current Epoch: 137 / 500 | Learning Rate : 0.0006545084971889606
[2025-02-24 09:00:25;INFO]Train | Loss : 0.703429 | ACC : 5431/6562 (82.764%)
[2025-02-24 09:00:29;INFO]Valid | Loss : 1.711705 | ACC : 1403/2813 (49.876%)
[2025-02-24 09:00:29;INFO]      | Loss didn't drop!

[2025-02-24 09:00:29;INFO]best epoch: 122, best loss: 0.515154
[2025-02-24 09:00:29;INFO]----------------------------------------------------------------------------------------------------

[2025-02-24 09:00:29;INFO]Current Epoch: 138 / 500 | Learning Rate : 0.0009045084971870975
[2025-02-24 09:00:58;INFO]Train | Loss : 0.643449 | ACC : 5547/6562 (84.532%)
[2025-02-24 09:01:03;INFO]Valid | Loss : 0.863367 | ACC : 1883/2813 (66.939%)
[2025-02-24 09:01:03;INFO]      | Loss didn't drop!

[2025-02-24 09:01:03;INFO]best epoch: 122, best loss: 0.515154
[2025-02-24 09:01:03;INFO]----------------------------------------------------------------------------------------------------

[2025-02-24 09:01:03;INFO]Current Epoch: 139 / 500 | Learning Rate : 9.54915028125409e-05
[2025-02-24 09:01:32;INFO]Train | Loss : 0.580383 | ACC : 5692/6562 (86.742%)
[2025-02-24 09:01:36;INFO]Valid | Loss : 0.744475 | ACC : 1996/2813 (70.956%)
[2025-02-24 09:01:36;INFO]      | Loss didn't drop!

[2025-02-24 09:01:36;INFO]best epoch: 122, best loss: 0.515154
[2025-02-24 09:01:36;INFO]----------------------------------------------------------------------------------------------------

[2025-02-24 09:01:36;INFO]Current Epoch: 140 / 500 | Learning Rate : 0.00034549150281268744
[2025-02-24 09:02:05;INFO]Train | Loss : 0.533877 | ACC : 5760/6562 (87.778%)
[2025-02-24 09:02:09;INFO]Valid | Loss : 1.477237 | ACC : 1653/2813 (58.763%)
[2025-02-24 09:02:09;INFO]      | Loss didn't drop!

[2025-02-24 09:02:09;INFO]best epoch: 122, best loss: 0.515154
[2025-02-24 09:02:09;INFO]----------------------------------------------------------------------------------------------------

[2025-02-24 09:02:09;INFO]Current Epoch: 141 / 500 | Learning Rate : 0.0010000000000006855
[2025-02-24 09:02:38;INFO]Train | Loss : 0.761515 | ACC : 5400/6562 (82.292%)
[2025-02-24 09:02:42;INFO]Valid | Loss : 1.234917 | ACC : 1671/2813 (59.403%)
[2025-02-24 09:02:42;INFO]      | Loss didn't drop!

[2025-02-24 09:02:42;INFO]best epoch: 122, best loss: 0.515154
[2025-02-24 09:02:42;INFO]----------------------------------------------------------------------------------------------------

[2025-02-24 09:02:42;INFO]Current Epoch: 142 / 500 | Learning Rate : 0.00034549150281293025
[2025-02-24 09:03:11;INFO]Train | Loss : 0.587174 | ACC : 5741/6562 (87.489%)
[2025-02-24 09:03:16;INFO]Valid | Loss : 0.439323 | ACC : 2558/2813 (90.935%)
[2025-02-24 09:03:16;INFO]      | Loss dropped from 0.515154 to 0.439323, model has been saved!

[2025-02-24 09:03:16;INFO]best epoch: 142, best loss: 0.439323
[2025-02-24 09:03:16;INFO]----------------------------------------------------------------------------------------------------

[2025-02-24 09:03:16;INFO]Current Epoch: 143 / 500 | Learning Rate : 9.54915028126631e-05
[2025-02-24 09:03:45;INFO]Train | Loss : 0.577372 | ACC : 5672/6562 (86.437%)
[2025-02-24 09:03:49;INFO]Valid | Loss : 0.918292 | ACC : 1872/2813 (66.548%)
[2025-02-24 09:03:49;INFO]      | Loss didn't drop!

[2025-02-24 09:03:49;INFO]best epoch: 142, best loss: 0.439323
[2025-02-24 09:03:49;INFO]----------------------------------------------------------------------------------------------------

[2025-02-24 09:03:49;INFO]Current Epoch: 144 / 500 | Learning Rate : 0.0009045084971865021
[2025-02-24 09:04:18;INFO]Train | Loss : 0.490997 | ACC : 5854/6562 (89.211%)
[2025-02-24 09:04:22;INFO]Valid | Loss : 2.335746 | ACC : 1258/2813 (44.721%)
[2025-02-24 09:04:22;INFO]      | Loss didn't drop!

[2025-02-24 09:04:22;INFO]best epoch: 142, best loss: 0.439323
[2025-02-24 09:04:22;INFO]----------------------------------------------------------------------------------------------------

[2025-02-24 09:04:22;INFO]Current Epoch: 145 / 500 | Learning Rate : 0.0006545084971869252
[2025-02-24 09:04:51;INFO]Train | Loss : 0.561639 | ACC : 5652/6562 (86.132%)
[2025-02-24 09:04:55;INFO]Valid | Loss : 0.789625 | ACC : 1968/2813 (69.961%)
[2025-02-24 09:04:55;INFO]      | Loss didn't drop!

[2025-02-24 09:04:55;INFO]best epoch: 142, best loss: 0.439323
[2025-02-24 09:04:55;INFO]----------------------------------------------------------------------------------------------------

[2025-02-24 09:04:55;INFO]Current Epoch: 146 / 500 | Learning Rate : 0.0
[2025-02-24 09:05:24;INFO]Train | Loss : 0.551571 | ACC : 5764/6562 (87.839%)
[2025-02-24 09:05:29;INFO]Valid | Loss : 2.014404 | ACC : 1137/2813 (40.419%)
[2025-02-24 09:05:29;INFO]      | Loss didn't drop!

[2025-02-24 09:05:29;INFO]best epoch: 142, best loss: 0.439323
[2025-02-24 09:05:29;INFO]----------------------------------------------------------------------------------------------------

[2025-02-24 09:05:29;INFO]Current Epoch: 147 / 500 | Learning Rate : 0.0006545084971873817
[2025-02-24 09:05:58;INFO]Train | Loss : 0.810786 | ACC : 5229/6562 (79.686%)
[2025-02-24 09:06:02;INFO]Valid | Loss : 1.712512 | ACC : 1138/2813 (40.455%)
[2025-02-24 09:06:02;INFO]      | Loss didn't drop!

[2025-02-24 09:06:02;INFO]best epoch: 142, best loss: 0.439323
[2025-02-24 09:06:02;INFO]----------------------------------------------------------------------------------------------------

[2025-02-24 09:06:02;INFO]Current Epoch: 148 / 500 | Learning Rate : 0.0009045084971877254
[2025-02-24 09:06:31;INFO]Train | Loss : 0.634151 | ACC : 5639/6562 (85.934%)
[2025-02-24 09:06:35;INFO]Valid | Loss : 0.518304 | ACC : 2400/2813 (85.318%)
[2025-02-24 09:06:35;INFO]      | Loss didn't drop!

[2025-02-24 09:06:35;INFO]best epoch: 142, best loss: 0.439323
[2025-02-24 09:06:35;INFO]----------------------------------------------------------------------------------------------------

[2025-02-24 09:06:35;INFO]Current Epoch: 149 / 500 | Learning Rate : 9.549150281262019e-05
[2025-02-24 09:07:04;INFO]Train | Loss : 0.607642 | ACC : 5576/6562 (84.974%)
[2025-02-24 09:07:08;INFO]Valid | Loss : 1.092279 | ACC : 1753/2813 (62.318%)
[2025-02-24 09:07:08;INFO]      | Loss didn't drop!

[2025-02-24 09:07:08;INFO]best epoch: 142, best loss: 0.439323
[2025-02-24 09:07:08;INFO]----------------------------------------------------------------------------------------------------

[2025-02-24 09:07:08;INFO]Current Epoch: 150 / 500 | Learning Rate : 0.00034549150281289274
[2025-02-24 09:07:37;INFO]Train | Loss : 0.524153 | ACC : 5763/6562 (87.824%)
[2025-02-24 09:07:42;INFO]Valid | Loss : 0.862039 | ACC : 1937/2813 (68.859%)
[2025-02-24 09:07:42;INFO]      | Loss didn't drop!

[2025-02-24 09:07:42;INFO]best epoch: 142, best loss: 0.439323
[2025-02-24 09:07:42;INFO]----------------------------------------------------------------------------------------------------

[2025-02-24 09:07:42;INFO]Current Epoch: 151 / 500 | Learning Rate : 0.001000000000001362
[2025-02-24 09:08:11;INFO]Train | Loss : 0.649129 | ACC : 5562/6562 (84.761%)
[2025-02-24 09:08:15;INFO]Valid | Loss : 1.885677 | ACC : 1308/2813 (46.498%)
[2025-02-24 09:08:15;INFO]      | Loss didn't drop!

[2025-02-24 09:08:15;INFO]best epoch: 142, best loss: 0.439323
[2025-02-24 09:08:15;INFO]----------------------------------------------------------------------------------------------------

[2025-02-24 09:08:15;INFO]Current Epoch: 152 / 500 | Learning Rate : 0.000345491502813081
[2025-02-24 09:08:44;INFO]Train | Loss : 0.519161 | ACC : 5783/6562 (88.129%)
[2025-02-24 09:08:48;INFO]Valid | Loss : 0.353118 | ACC : 2577/2813 (91.610%)
[2025-02-24 09:08:48;INFO]      | Loss dropped from 0.439323 to 0.353118, model has been saved!

[2025-02-24 09:08:48;INFO]best epoch: 152, best loss: 0.353118
[2025-02-24 09:08:48;INFO]----------------------------------------------------------------------------------------------------

[2025-02-24 09:08:48;INFO]Current Epoch: 153 / 500 | Learning Rate : 9.549150281243571e-05
[2025-02-24 09:09:17;INFO]Train | Loss : 0.633509 | ACC : 5580/6562 (85.035%)
[2025-02-24 09:09:21;INFO]Valid | Loss : 2.048992 | ACC : 1381/2813 (49.093%)
[2025-02-24 09:09:21;INFO]      | Loss didn't drop!

[2025-02-24 09:09:21;INFO]best epoch: 152, best loss: 0.353118
[2025-02-24 09:09:21;INFO]----------------------------------------------------------------------------------------------------

[2025-02-24 09:09:21;INFO]Current Epoch: 154 / 500 | Learning Rate : 0.0009045084971896418
[2025-02-24 09:09:50;INFO]Train | Loss : 0.732288 | ACC : 5449/6562 (83.039%)
[2025-02-24 09:09:55;INFO]Valid | Loss : 1.606536 | ACC : 1606/2813 (57.092%)
[2025-02-24 09:09:55;INFO]      | Loss didn't drop!

[2025-02-24 09:09:55;INFO]best epoch: 152, best loss: 0.353118
[2025-02-24 09:09:55;INFO]----------------------------------------------------------------------------------------------------

[2025-02-24 09:09:55;INFO]Current Epoch: 155 / 500 | Learning Rate : 0.0006545084971873877
[2025-02-24 09:10:24;INFO]Train | Loss : 0.613916 | ACC : 5676/6562 (86.498%)
[2025-02-24 09:10:28;INFO]Valid | Loss : 0.439463 | ACC : 2621/2813 (93.175%)
[2025-02-24 09:10:28;INFO]      | Loss didn't drop!

[2025-02-24 09:10:28;INFO]best epoch: 152, best loss: 0.353118
[2025-02-24 09:10:28;INFO]----------------------------------------------------------------------------------------------------

[2025-02-24 09:10:28;INFO]Current Epoch: 156 / 500 | Learning Rate : 0.0
[2025-02-24 09:10:57;INFO]Train | Loss : 0.496759 | ACC : 5866/6562 (89.393%)
[2025-02-24 09:11:01;INFO]Valid | Loss : 0.801302 | ACC : 2098/2813 (74.582%)
[2025-02-24 09:11:01;INFO]      | Loss didn't drop!

[2025-02-24 09:11:01;INFO]best epoch: 152, best loss: 0.353118
[2025-02-24 09:11:01;INFO]----------------------------------------------------------------------------------------------------

[2025-02-24 09:11:01;INFO]Current Epoch: 157 / 500 | Learning Rate : 0.000654508497187901
[2025-02-24 09:11:30;INFO]Train | Loss : 0.532952 | ACC : 5738/6562 (87.443%)
[2025-02-24 09:11:34;INFO]Valid | Loss : 1.189472 | ACC : 1663/2813 (59.118%)
[2025-02-24 09:11:34;INFO]      | Loss didn't drop!

[2025-02-24 09:11:34;INFO]best epoch: 152, best loss: 0.353118
[2025-02-24 09:11:34;INFO]----------------------------------------------------------------------------------------------------

[2025-02-24 09:11:34;INFO]Current Epoch: 158 / 500 | Learning Rate : 0.0009045084971882858
[2025-02-24 09:12:03;INFO]Train | Loss : 0.526935 | ACC : 5791/6562 (88.251%)
[2025-02-24 09:12:08;INFO]Valid | Loss : 0.661448 | ACC : 2208/2813 (78.493%)
[2025-02-24 09:12:08;INFO]      | Loss didn't drop!

[2025-02-24 09:12:08;INFO]best epoch: 152, best loss: 0.353118
[2025-02-24 09:12:08;INFO]----------------------------------------------------------------------------------------------------

[2025-02-24 09:12:08;INFO]Current Epoch: 159 / 500 | Learning Rate : 9.549150281263355e-05
[2025-02-24 09:12:37;INFO]Train | Loss : 0.524562 | ACC : 5725/6562 (87.245%)
[2025-02-24 09:12:41;INFO]Valid | Loss : 0.469051 | ACC : 2393/2813 (85.069%)
[2025-02-24 09:12:41;INFO]      | Loss didn't drop!

[2025-02-24 09:12:41;INFO]best epoch: 152, best loss: 0.353118
[2025-02-24 09:12:41;INFO]----------------------------------------------------------------------------------------------------

[2025-02-24 09:12:41;INFO]Current Epoch: 160 / 500 | Learning Rate : 0.0003454915028131014
[2025-02-24 09:13:10;INFO]Train | Loss : 0.549895 | ACC : 5730/6562 (87.321%)
[2025-02-24 09:13:14;INFO]Valid | Loss : 2.688290 | ACC : 980/2813 (34.838%)
[2025-02-24 09:13:14;INFO]      | Loss didn't drop!

[2025-02-24 09:13:14;INFO]best epoch: 152, best loss: 0.353118
[2025-02-24 09:13:14;INFO]----------------------------------------------------------------------------------------------------

[2025-02-24 09:13:14;INFO]Current Epoch: 161 / 500 | Learning Rate : 0.0009999999999991433
[2025-02-24 09:13:43;INFO]Train | Loss : 0.585921 | ACC : 5646/6562 (86.041%)
[2025-02-24 09:13:47;INFO]Valid | Loss : 0.694017 | ACC : 2267/2813 (80.590%)
[2025-02-24 09:13:47;INFO]      | Loss didn't drop!

[2025-02-24 09:13:47;INFO]best epoch: 152, best loss: 0.353118
[2025-02-24 09:13:47;INFO]----------------------------------------------------------------------------------------------------

[2025-02-24 09:13:47;INFO]Current Epoch: 162 / 500 | Learning Rate : 0.00034549150281233963
[2025-02-24 09:14:16;INFO]Train | Loss : 0.612674 | ACC : 5698/6562 (86.833%)
[2025-02-24 09:14:20;INFO]Valid | Loss : 0.391647 | ACC : 2634/2813 (93.637%)
[2025-02-24 09:14:20;INFO]      | Loss didn't drop!

[2025-02-24 09:14:20;INFO]best epoch: 152, best loss: 0.353118
[2025-02-24 09:14:20;INFO]----------------------------------------------------------------------------------------------------

[2025-02-24 09:14:20;INFO]Current Epoch: 163 / 500 | Learning Rate : 9.54915028124847e-05
[2025-02-24 09:14:50;INFO]Train | Loss : 0.592023 | ACC : 5571/6562 (84.898%)
[2025-02-24 09:14:54;INFO]Valid | Loss : 0.793733 | ACC : 2103/2813 (74.760%)
[2025-02-24 09:14:54;INFO]      | Loss didn't drop!

[2025-02-24 09:14:54;INFO]best epoch: 152, best loss: 0.353118
[2025-02-24 09:14:54;INFO]----------------------------------------------------------------------------------------------------

[2025-02-24 09:14:54;INFO]Current Epoch: 164 / 500 | Learning Rate : 0.0009045084971876864
[2025-02-24 09:15:23;INFO]Train | Loss : 0.515301 | ACC : 5873/6562 (89.500%)
[2025-02-24 09:15:27;INFO]Valid | Loss : 2.004595 | ACC : 1250/2813 (44.437%)
[2025-02-24 09:15:27;INFO]      | Loss didn't drop!

[2025-02-24 09:15:27;INFO]best epoch: 152, best loss: 0.353118
[2025-02-24 09:15:27;INFO]----------------------------------------------------------------------------------------------------

[2025-02-24 09:15:27;INFO]Current Epoch: 165 / 500 | Learning Rate : 0.0006545084971878552
[2025-02-24 09:15:56;INFO]Train | Loss : 0.597633 | ACC : 5676/6562 (86.498%)
[2025-02-24 09:16:00;INFO]Valid | Loss : 0.563597 | ACC : 2294/2813 (81.550%)
[2025-02-24 09:16:00;INFO]      | Loss didn't drop!

[2025-02-24 09:16:00;INFO]best epoch: 152, best loss: 0.353118
[2025-02-24 09:16:00;INFO]----------------------------------------------------------------------------------------------------

[2025-02-24 09:16:00;INFO]Current Epoch: 166 / 500 | Learning Rate : 0.0
[2025-02-24 09:16:29;INFO]Train | Loss : 0.452823 | ACC : 5894/6562 (89.820%)
[2025-02-24 09:16:33;INFO]Valid | Loss : 1.058010 | ACC : 1829/2813 (65.020%)
[2025-02-24 09:16:33;INFO]      | Loss didn't drop!

[2025-02-24 09:16:33;INFO]best epoch: 152, best loss: 0.353118
[2025-02-24 09:16:33;INFO]----------------------------------------------------------------------------------------------------

[2025-02-24 09:16:33;INFO]Current Epoch: 167 / 500 | Learning Rate : 0.0006545084971864242
[2025-02-24 09:17:03;INFO]Train | Loss : 0.635174 | ACC : 5516/6562 (84.060%)
[2025-02-24 09:17:07;INFO]Valid | Loss : 3.017914 | ACC : 1238/2813 (44.010%)
[2025-02-24 09:17:07;INFO]      | Loss didn't drop!

[2025-02-24 09:17:07;INFO]best epoch: 152, best loss: 0.353118
[2025-02-24 09:17:07;INFO]----------------------------------------------------------------------------------------------------

[2025-02-24 09:17:07;INFO]Current Epoch: 168 / 500 | Learning Rate : 0.0009045084971889717
[2025-02-24 09:17:36;INFO]Train | Loss : 0.639684 | ACC : 5439/6562 (82.886%)
[2025-02-24 09:17:40;INFO]Valid | Loss : 1.570317 | ACC : 1407/2813 (50.018%)
[2025-02-24 09:17:40;INFO]      | Loss didn't drop!

[2025-02-24 09:17:40;INFO]best epoch: 152, best loss: 0.353118
[2025-02-24 09:17:40;INFO]----------------------------------------------------------------------------------------------------

[2025-02-24 09:17:40;INFO]Current Epoch: 169 / 500 | Learning Rate : 9.549150281271362e-05
[2025-02-24 09:18:09;INFO]Train | Loss : 0.448509 | ACC : 5965/6562 (90.902%)
[2025-02-24 09:18:13;INFO]Valid | Loss : 0.345485 | ACC : 2575/2813 (91.539%)
[2025-02-24 09:18:13;INFO]      | Loss dropped from 0.353118 to 0.345485, model has been saved!

[2025-02-24 09:18:13;INFO]best epoch: 169, best loss: 0.345485
[2025-02-24 09:18:13;INFO]----------------------------------------------------------------------------------------------------

[2025-02-24 09:18:13;INFO]Current Epoch: 170 / 500 | Learning Rate : 0.0003454915028123097
[2025-02-24 09:18:42;INFO]Train | Loss : 0.515710 | ACC : 5766/6562 (87.870%)
[2025-02-24 09:18:46;INFO]Valid | Loss : 1.534552 | ACC : 1616/2813 (57.448%)
[2025-02-24 09:18:46;INFO]      | Loss didn't drop!

[2025-02-24 09:18:46;INFO]best epoch: 169, best loss: 0.345485
[2025-02-24 09:18:46;INFO]----------------------------------------------------------------------------------------------------

[2025-02-24 09:18:46;INFO]Current Epoch: 171 / 500 | Learning Rate : 0.0010000000000027053
[2025-02-24 09:19:16;INFO]Train | Loss : 0.510542 | ACC : 5762/6562 (87.809%)
[2025-02-24 09:19:20;INFO]Valid | Loss : 1.348878 | ACC : 1733/2813 (61.607%)
[2025-02-24 09:19:20;INFO]      | Loss didn't drop!

[2025-02-24 09:19:20;INFO]best epoch: 169, best loss: 0.345485
[2025-02-24 09:19:20;INFO]----------------------------------------------------------------------------------------------------

[2025-02-24 09:19:20;INFO]Current Epoch: 172 / 500 | Learning Rate : 0.0003454915028125985
[2025-02-24 09:19:49;INFO]Train | Loss : 0.435295 | ACC : 5999/6562 (91.420%)
[2025-02-24 09:19:53;INFO]Valid | Loss : 0.345540 | ACC : 2677/2813 (95.165%)
[2025-02-24 09:19:53;INFO]      | Loss didn't drop!

[2025-02-24 09:19:53;INFO]best epoch: 169, best loss: 0.345485
[2025-02-24 09:19:53;INFO]----------------------------------------------------------------------------------------------------

[2025-02-24 09:19:53;INFO]Current Epoch: 173 / 500 | Learning Rate : 9.54915028125997e-05
[2025-02-24 09:20:22;INFO]Train | Loss : 0.431851 | ACC : 5940/6562 (90.521%)
[2025-02-24 09:20:26;INFO]Valid | Loss : 1.080155 | ACC : 1957/2813 (69.570%)
[2025-02-24 09:20:26;INFO]      | Loss didn't drop!

[2025-02-24 09:20:26;INFO]best epoch: 169, best loss: 0.345485
[2025-02-24 09:20:26;INFO]----------------------------------------------------------------------------------------------------

[2025-02-24 09:20:26;INFO]Current Epoch: 174 / 500 | Learning Rate : 0.0009045084971882822
[2025-02-24 09:20:55;INFO]Train | Loss : 0.609941 | ACC : 5502/6562 (83.846%)
[2025-02-24 09:21:00;INFO]Valid | Loss : 1.451908 | ACC : 1582/2813 (56.239%)
[2025-02-24 09:21:00;INFO]      | Loss didn't drop!

[2025-02-24 09:21:00;INFO]best epoch: 169, best loss: 0.345485
[2025-02-24 09:21:00;INFO]----------------------------------------------------------------------------------------------------

[2025-02-24 09:21:00;INFO]Current Epoch: 175 / 500 | Learning Rate : 0.0006545084971883168
[2025-02-24 09:21:29;INFO]Train | Loss : 0.498791 | ACC : 5768/6562 (87.900%)
[2025-02-24 09:21:33;INFO]Valid | Loss : 0.464827 | ACC : 2440/2813 (86.740%)
[2025-02-24 09:21:33;INFO]      | Loss didn't drop!

[2025-02-24 09:21:33;INFO]best epoch: 169, best loss: 0.345485
[2025-02-24 09:21:33;INFO]----------------------------------------------------------------------------------------------------

[2025-02-24 09:21:33;INFO]Current Epoch: 176 / 500 | Learning Rate : 0.0
[2025-02-24 09:22:02;INFO]Train | Loss : 0.412244 | ACC : 6012/6562 (91.618%)
[2025-02-24 09:22:06;INFO]Valid | Loss : 0.518831 | ACC : 2283/2813 (81.159%)
[2025-02-24 09:22:06;INFO]      | Loss didn't drop!

[2025-02-24 09:22:06;INFO]best epoch: 169, best loss: 0.345485
[2025-02-24 09:22:06;INFO]----------------------------------------------------------------------------------------------------

[2025-02-24 09:22:06;INFO]Current Epoch: 177 / 500 | Learning Rate : 0.0006545084971887302
[2025-02-24 09:22:35;INFO]Train | Loss : 0.489003 | ACC : 5879/6562 (89.592%)
[2025-02-24 09:22:39;INFO]Valid | Loss : 1.972036 | ACC : 1164/2813 (41.379%)
[2025-02-24 09:22:39;INFO]      | Loss didn't drop!

[2025-02-24 09:22:39;INFO]best epoch: 169, best loss: 0.345485
[2025-02-24 09:22:39;INFO]----------------------------------------------------------------------------------------------------

[2025-02-24 09:22:39;INFO]Current Epoch: 178 / 500 | Learning Rate : 0.0009045084971869138
[2025-02-24 09:23:08;INFO]Train | Loss : 0.567050 | ACC : 5645/6562 (86.026%)
[2025-02-24 09:23:13;INFO]Valid | Loss : 0.730712 | ACC : 2136/2813 (75.933%)
[2025-02-24 09:23:13;INFO]      | Loss didn't drop!

[2025-02-24 09:23:13;INFO]best epoch: 169, best loss: 0.345485
[2025-02-24 09:23:13;INFO]----------------------------------------------------------------------------------------------------

[2025-02-24 09:23:13;INFO]Current Epoch: 179 / 500 | Learning Rate : 9.549150281251736e-05
[2025-02-24 09:23:42;INFO]Train | Loss : 0.430572 | ACC : 5948/6562 (90.643%)
[2025-02-24 09:23:46;INFO]Valid | Loss : 0.277848 | ACC : 2690/2813 (95.627%)
[2025-02-24 09:23:46;INFO]      | Loss dropped from 0.345485 to 0.277848, model has been saved!

[2025-02-24 09:23:46;INFO]best epoch: 179, best loss: 0.277848
[2025-02-24 09:23:46;INFO]----------------------------------------------------------------------------------------------------

[2025-02-24 09:23:46;INFO]Current Epoch: 180 / 500 | Learning Rate : 0.00034549150281262635
[2025-02-24 09:24:15;INFO]Train | Loss : 0.434277 | ACC : 5851/6562 (89.165%)
[2025-02-24 09:24:19;INFO]Valid | Loss : 1.828523 | ACC : 1685/2813 (59.900%)
[2025-02-24 09:24:19;INFO]      | Loss didn't drop!

[2025-02-24 09:24:19;INFO]best epoch: 179, best loss: 0.277848
[2025-02-24 09:24:19;INFO]----------------------------------------------------------------------------------------------------

[2025-02-24 09:24:19;INFO]Current Epoch: 181 / 500 | Learning Rate : 0.0010000000000004875
[2025-02-24 09:24:48;INFO]Train | Loss : 0.526758 | ACC : 5690/6562 (86.711%)
[2025-02-24 09:24:52;INFO]Valid | Loss : 1.916143 | ACC : 1496/2813 (53.182%)
[2025-02-24 09:24:52;INFO]      | Loss didn't drop!

[2025-02-24 09:24:52;INFO]best epoch: 179, best loss: 0.277848
[2025-02-24 09:24:52;INFO]----------------------------------------------------------------------------------------------------

[2025-02-24 09:24:52;INFO]Current Epoch: 182 / 500 | Learning Rate : 0.000345491502812854
[2025-02-24 09:25:21;INFO]Train | Loss : 0.414929 | ACC : 5979/6562 (91.116%)
[2025-02-24 09:25:26;INFO]Valid | Loss : 0.510358 | ACC : 2224/2813 (79.062%)
[2025-02-24 09:25:26;INFO]      | Loss didn't drop!

[2025-02-24 09:25:26;INFO]best epoch: 179, best loss: 0.277848
[2025-02-24 09:25:26;INFO]----------------------------------------------------------------------------------------------------

[2025-02-24 09:25:26;INFO]Current Epoch: 183 / 500 | Learning Rate : 9.54915028125819e-05
[2025-02-24 09:25:55;INFO]Train | Loss : 0.517745 | ACC : 5730/6562 (87.321%)
[2025-02-24 09:25:59;INFO]Valid | Loss : 1.291997 | ACC : 1638/2813 (58.230%)
[2025-02-24 09:25:59;INFO]      | Loss didn't drop!

[2025-02-24 09:25:59;INFO]best epoch: 179, best loss: 0.277848
[2025-02-24 09:25:59;INFO]----------------------------------------------------------------------------------------------------

[2025-02-24 09:25:59;INFO]Current Epoch: 184 / 500 | Learning Rate : 0.0009045084971862602
[2025-02-24 09:26:28;INFO]Train | Loss : 0.421506 | ACC : 5964/6562 (90.887%)
[2025-02-24 09:26:32;INFO]Valid | Loss : 2.744075 | ACC : 1221/2813 (43.406%)
[2025-02-24 09:26:32;INFO]      | Loss didn't drop!

[2025-02-24 09:26:32;INFO]best epoch: 179, best loss: 0.277848
[2025-02-24 09:26:32;INFO]----------------------------------------------------------------------------------------------------

[2025-02-24 09:26:32;INFO]Current Epoch: 185 / 500 | Learning Rate : 0.0006545084971886771
[2025-02-24 09:27:01;INFO]Train | Loss : 0.493197 | ACC : 5699/6562 (86.849%)
[2025-02-24 09:27:05;INFO]Valid | Loss : 0.461295 | ACC : 2437/2813 (86.633%)
[2025-02-24 09:27:05;INFO]      | Loss didn't drop!

[2025-02-24 09:27:05;INFO]best epoch: 179, best loss: 0.277848
[2025-02-24 09:27:05;INFO]----------------------------------------------------------------------------------------------------

[2025-02-24 09:27:05;INFO]Current Epoch: 186 / 500 | Learning Rate : 0.0
[2025-02-24 09:27:34;INFO]Train | Loss : 0.414682 | ACC : 5909/6562 (90.049%)
[2025-02-24 09:27:39;INFO]Valid | Loss : 1.172106 | ACC : 1722/2813 (61.216%)
[2025-02-24 09:27:39;INFO]      | Loss didn't drop!

[2025-02-24 09:27:39;INFO]best epoch: 179, best loss: 0.277848
[2025-02-24 09:27:39;INFO]----------------------------------------------------------------------------------------------------

[2025-02-24 09:27:39;INFO]Current Epoch: 187 / 500 | Learning Rate : 0.0006545084971873673
[2025-02-24 09:28:08;INFO]Train | Loss : 0.491126 | ACC : 5812/6562 (88.571%)
[2025-02-24 09:28:12;INFO]Valid | Loss : 2.866413 | ACC : 1024/2813 (36.402%)
[2025-02-24 09:28:12;INFO]      | Loss didn't drop!

[2025-02-24 09:28:12;INFO]best epoch: 179, best loss: 0.277848
[2025-02-24 09:28:12;INFO]----------------------------------------------------------------------------------------------------

[2025-02-24 09:28:12;INFO]Current Epoch: 188 / 500 | Learning Rate : 0.0009045084971901513
[2025-02-24 09:28:41;INFO]Train | Loss : 0.433681 | ACC : 5947/6562 (90.628%)
[2025-02-24 09:28:45;INFO]Valid | Loss : 0.474647 | ACC : 2311/2813 (82.154%)
[2025-02-24 09:28:45;INFO]      | Loss didn't drop!

[2025-02-24 09:28:45;INFO]best epoch: 179, best loss: 0.277848
[2025-02-24 09:28:45;INFO]----------------------------------------------------------------------------------------------------

[2025-02-24 09:28:45;INFO]Current Epoch: 189 / 500 | Learning Rate : 9.54915028125966e-05
[2025-02-24 09:29:14;INFO]Train | Loss : 0.392573 | ACC : 6015/6562 (91.664%)
[2025-02-24 09:29:18;INFO]Valid | Loss : 0.402950 | ACC : 2450/2813 (87.096%)
[2025-02-24 09:29:18;INFO]      | Loss didn't drop!

[2025-02-24 09:29:18;INFO]best epoch: 179, best loss: 0.277848
[2025-02-24 09:29:18;INFO]----------------------------------------------------------------------------------------------------

[2025-02-24 09:29:18;INFO]Current Epoch: 190 / 500 | Learning Rate : 0.00034549150281272355
[2025-02-24 09:29:47;INFO]Train | Loss : 0.391113 | ACC : 6016/6562 (91.679%)
[2025-02-24 09:29:52;INFO]Valid | Loss : 3.660930 | ACC : 1052/2813 (37.398%)
[2025-02-24 09:29:52;INFO]      | Loss didn't drop!

[2025-02-24 09:29:52;INFO]best epoch: 179, best loss: 0.277848
[2025-02-24 09:29:52;INFO]----------------------------------------------------------------------------------------------------

[2025-02-24 09:29:52;INFO]Current Epoch: 191 / 500 | Learning Rate : 0.001000000000001155
[2025-02-24 09:30:21;INFO]Train | Loss : 0.496819 | ACC : 5868/6562 (89.424%)
[2025-02-24 09:30:25;INFO]Valid | Loss : 0.343602 | ACC : 2658/2813 (94.490%)
[2025-02-24 09:30:25;INFO]      | Loss didn't drop!

[2025-02-24 09:30:25;INFO]best epoch: 179, best loss: 0.277848
[2025-02-24 09:30:25;INFO]----------------------------------------------------------------------------------------------------

[2025-02-24 09:30:25;INFO]Current Epoch: 192 / 500 | Learning Rate : 0.0003454915028130051
[2025-02-24 09:30:54;INFO]Train | Loss : 0.366508 | ACC : 6052/6562 (92.228%)
[2025-02-24 09:30:58;INFO]Valid | Loss : 0.268106 | ACC : 2687/2813 (95.521%)
[2025-02-24 09:30:58;INFO]      | Loss dropped from 0.277848 to 0.268106, model has been saved!

[2025-02-24 09:30:58;INFO]best epoch: 192, best loss: 0.268106
[2025-02-24 09:30:58;INFO]----------------------------------------------------------------------------------------------------

[2025-02-24 09:30:58;INFO]Current Epoch: 193 / 500 | Learning Rate : 9.54915028126978e-05
[2025-02-24 09:31:27;INFO]Train | Loss : 0.419196 | ACC : 5980/6562 (91.131%)
[2025-02-24 09:31:31;INFO]Valid | Loss : 1.155347 | ACC : 1814/2813 (64.486%)
[2025-02-24 09:31:31;INFO]      | Loss didn't drop!

[2025-02-24 09:31:31;INFO]best epoch: 192, best loss: 0.268106
[2025-02-24 09:31:31;INFO]----------------------------------------------------------------------------------------------------

[2025-02-24 09:31:31;INFO]Current Epoch: 194 / 500 | Learning Rate : 0.0009045084971895335
[2025-02-24 09:32:00;INFO]Train | Loss : 0.619023 | ACC : 5571/6562 (84.898%)
[2025-02-24 09:32:05;INFO]Valid | Loss : 2.318350 | ACC : 1338/2813 (47.565%)
[2025-02-24 09:32:05;INFO]      | Loss didn't drop!

[2025-02-24 09:32:05;INFO]best epoch: 192, best loss: 0.268106
[2025-02-24 09:32:05;INFO]----------------------------------------------------------------------------------------------------

[2025-02-24 09:32:05;INFO]Current Epoch: 195 / 500 | Learning Rate : 0.00065450849718725
[2025-02-24 09:32:34;INFO]Train | Loss : 0.477262 | ACC : 5868/6562 (89.424%)
[2025-02-24 09:32:38;INFO]Valid | Loss : 0.435969 | ACC : 2426/2813 (86.242%)
[2025-02-24 09:32:38;INFO]      | Loss didn't drop!

[2025-02-24 09:32:38;INFO]best epoch: 192, best loss: 0.268106
[2025-02-24 09:32:38;INFO]----------------------------------------------------------------------------------------------------

[2025-02-24 09:32:38;INFO]Current Epoch: 196 / 500 | Learning Rate : 0.0
[2025-02-24 09:33:07;INFO]Train | Loss : 0.436255 | ACC : 5943/6562 (90.567%)
[2025-02-24 09:33:11;INFO]Valid | Loss : 0.364049 | ACC : 2625/2813 (93.317%)
[2025-02-24 09:33:11;INFO]      | Loss didn't drop!

[2025-02-24 09:33:11;INFO]best epoch: 192, best loss: 0.268106
[2025-02-24 09:33:11;INFO]----------------------------------------------------------------------------------------------------

[2025-02-24 09:33:11;INFO]Current Epoch: 197 / 500 | Learning Rate : 0.0006545084971876707
[2025-02-24 09:33:40;INFO]Train | Loss : 0.426321 | ACC : 5953/6562 (90.719%)
[2025-02-24 09:33:44;INFO]Valid | Loss : 3.142430 | ACC : 1129/2813 (40.135%)
[2025-02-24 09:33:44;INFO]      | Loss didn't drop!

[2025-02-24 09:33:44;INFO]best epoch: 192, best loss: 0.268106
[2025-02-24 09:33:44;INFO]----------------------------------------------------------------------------------------------------

[2025-02-24 09:33:44;INFO]Current Epoch: 198 / 500 | Learning Rate : 0.0009045084971881683
[2025-02-24 09:34:13;INFO]Train | Loss : 0.429213 | ACC : 5989/6562 (91.268%)
[2025-02-24 09:34:18;INFO]Valid | Loss : 0.419683 | ACC : 2466/2813 (87.664%)
[2025-02-24 09:34:18;INFO]      | Loss didn't drop!

[2025-02-24 09:34:18;INFO]best epoch: 192, best loss: 0.268106
[2025-02-24 09:34:18;INFO]----------------------------------------------------------------------------------------------------

[2025-02-24 09:34:18;INFO]Current Epoch: 199 / 500 | Learning Rate : 9.549150281260995e-05
[2025-02-24 09:34:47;INFO]Train | Loss : 0.364655 | ACC : 6078/6562 (92.624%)
[2025-02-24 09:34:51;INFO]Valid | Loss : 0.734963 | ACC : 1999/2813 (71.063%)
[2025-02-24 09:34:51;INFO]      | Loss didn't drop!

[2025-02-24 09:34:51;INFO]best epoch: 192, best loss: 0.268106
[2025-02-24 09:34:51;INFO]----------------------------------------------------------------------------------------------------

[2025-02-24 09:34:51;INFO]Current Epoch: 200 / 500 | Learning Rate : 0.00034549150281304014
[2025-02-24 09:35:20;INFO]Train | Loss : 0.378041 | ACC : 5971/6562 (90.994%)
[2025-02-24 09:35:24;INFO]Valid | Loss : 2.661991 | ACC : 1132/2813 (40.242%)
[2025-02-24 09:35:24;INFO]      | Loss didn't drop!

[2025-02-24 09:35:24;INFO]best epoch: 192, best loss: 0.268106
[2025-02-24 09:35:24;INFO]----------------------------------------------------------------------------------------------------

[2025-02-24 09:35:24;INFO]Current Epoch: 201 / 500 | Learning Rate : 0.0009999999999989444
[2025-02-24 09:35:53;INFO]Train | Loss : 0.427120 | ACC : 5934/6562 (90.430%)
[2025-02-24 09:35:57;INFO]Valid | Loss : 0.618243 | ACC : 2243/2813 (79.737%)
[2025-02-24 09:35:57;INFO]      | Loss didn't drop!

[2025-02-24 09:35:57;INFO]best epoch: 192, best loss: 0.268106
[2025-02-24 09:35:57;INFO]----------------------------------------------------------------------------------------------------

[2025-02-24 09:35:57;INFO]Current Epoch: 202 / 500 | Learning Rate : 0.0003454915028133687
[2025-02-24 09:36:26;INFO]Train | Loss : 0.392496 | ACC : 6019/6562 (91.725%)
[2025-02-24 09:36:31;INFO]Valid | Loss : 0.316011 | ACC : 2581/2813 (91.753%)
[2025-02-24 09:36:31;INFO]      | Loss didn't drop!

[2025-02-24 09:36:31;INFO]best epoch: 192, best loss: 0.268106
[2025-02-24 09:36:31;INFO]----------------------------------------------------------------------------------------------------

[2025-02-24 09:36:31;INFO]Current Epoch: 203 / 500 | Learning Rate : 9.549150281247034e-05
[2025-02-24 09:37:00;INFO]Train | Loss : 0.370866 | ACC : 6079/6562 (92.639%)
[2025-02-24 09:37:04;INFO]Valid | Loss : 1.215013 | ACC : 1731/2813 (61.536%)
[2025-02-24 09:37:04;INFO]      | Loss didn't drop!

[2025-02-24 09:37:04;INFO]best epoch: 192, best loss: 0.268106
[2025-02-24 09:37:04;INFO]----------------------------------------------------------------------------------------------------

[2025-02-24 09:37:04;INFO]Current Epoch: 204 / 500 | Learning Rate : 0.0009045084971875113
[2025-02-24 09:37:33;INFO]Train | Loss : 0.434712 | ACC : 5944/6562 (90.582%)
[2025-02-24 09:37:37;INFO]Valid | Loss : 0.546310 | ACC : 2328/2813 (82.759%)
[2025-02-24 09:37:37;INFO]      | Loss didn't drop!

[2025-02-24 09:37:37;INFO]best epoch: 192, best loss: 0.268106
[2025-02-24 09:37:37;INFO]----------------------------------------------------------------------------------------------------

[2025-02-24 09:37:37;INFO]Current Epoch: 205 / 500 | Learning Rate : 0.0006545084971896063
[2025-02-24 09:38:06;INFO]Train | Loss : 0.433976 | ACC : 5844/6562 (89.058%)
[2025-02-24 09:38:10;INFO]Valid | Loss : 0.629425 | ACC : 2160/2813 (76.786%)
[2025-02-24 09:38:10;INFO]      | Loss didn't drop!

[2025-02-24 09:38:10;INFO]best epoch: 192, best loss: 0.268106
[2025-02-24 09:38:10;INFO]----------------------------------------------------------------------------------------------------

[2025-02-24 09:38:10;INFO]Current Epoch: 206 / 500 | Learning Rate : 0.0
[2025-02-24 09:38:40;INFO]Train | Loss : 0.555203 | ACC : 5663/6562 (86.300%)
[2025-02-24 09:38:44;INFO]Valid | Loss : 1.988502 | ACC : 1552/2813 (55.172%)
[2025-02-24 09:38:44;INFO]      | Loss didn't drop!

[2025-02-24 09:38:44;INFO]best epoch: 192, best loss: 0.268106
[2025-02-24 09:38:44;INFO]----------------------------------------------------------------------------------------------------

[2025-02-24 09:38:44;INFO]Current Epoch: 207 / 500 | Learning Rate : 0.0006545084971883047
[2025-02-24 09:39:13;INFO]Train | Loss : 0.535669 | ACC : 5673/6562 (86.452%)
[2025-02-24 09:39:17;INFO]Valid | Loss : 1.167176 | ACC : 1800/2813 (63.989%)
[2025-02-24 09:39:17;INFO]      | Loss didn't drop!

[2025-02-24 09:39:17;INFO]best epoch: 192, best loss: 0.268106
[2025-02-24 09:39:17;INFO]----------------------------------------------------------------------------------------------------

[2025-02-24 09:39:17;INFO]Current Epoch: 208 / 500 | Learning Rate : 0.0009045084971887874
[2025-02-24 09:39:46;INFO]Train | Loss : 0.388886 | ACC : 6043/6562 (92.091%)
[2025-02-24 09:39:50;INFO]Valid | Loss : 0.345335 | ACC : 2585/2813 (91.895%)
[2025-02-24 09:39:50;INFO]      | Loss didn't drop!

[2025-02-24 09:39:50;INFO]best epoch: 192, best loss: 0.268106
[2025-02-24 09:39:50;INFO]----------------------------------------------------------------------------------------------------

[2025-02-24 09:39:50;INFO]Current Epoch: 209 / 500 | Learning Rate : 9.54915028126892e-05
[2025-02-24 09:40:19;INFO]Train | Loss : 0.336547 | ACC : 6077/6562 (92.609%)
[2025-02-24 09:40:23;INFO]Valid | Loss : 0.765678 | ACC : 2024/2813 (71.952%)
[2025-02-24 09:40:23;INFO]      | Loss didn't drop!

[2025-02-24 09:40:23;INFO]best epoch: 192, best loss: 0.268106
[2025-02-24 09:40:23;INFO]----------------------------------------------------------------------------------------------------

[2025-02-24 09:40:23;INFO]Current Epoch: 210 / 500 | Learning Rate : 0.00034549150281214046
[2025-02-24 09:40:53;INFO]Train | Loss : 0.326322 | ACC : 6112/6562 (93.142%)
[2025-02-24 09:40:57;INFO]Valid | Loss : 1.136080 | ACC : 1884/2813 (66.975%)
[2025-02-24 09:40:57;INFO]      | Loss didn't drop!

[2025-02-24 09:40:57;INFO]best epoch: 192, best loss: 0.268106
[2025-02-24 09:40:57;INFO]----------------------------------------------------------------------------------------------------

[2025-02-24 09:40:57;INFO]Current Epoch: 211 / 500 | Learning Rate : 0.000999999999999612
[2025-02-24 09:41:26;INFO]Train | Loss : 0.394724 | ACC : 6044/6562 (92.106%)
[2025-02-24 09:41:30;INFO]Valid | Loss : 0.338561 | ACC : 2497/2813 (88.766%)
[2025-02-24 09:41:30;INFO]      | Loss didn't drop!

[2025-02-24 09:41:30;INFO]best epoch: 192, best loss: 0.268106
[2025-02-24 09:41:30;INFO]----------------------------------------------------------------------------------------------------

[2025-02-24 09:41:30;INFO]Current Epoch: 212 / 500 | Learning Rate : 0.0003454915028125224
[2025-02-24 09:41:59;INFO]Train | Loss : 0.325923 | ACC : 6133/6562 (93.462%)
[2025-02-24 09:42:03;INFO]Valid | Loss : 0.252530 | ACC : 2636/2813 (93.708%)
[2025-02-24 09:42:03;INFO]      | Loss dropped from 0.268106 to 0.252530, model has been saved!

[2025-02-24 09:42:03;INFO]best epoch: 212, best loss: 0.252530
[2025-02-24 09:42:03;INFO]----------------------------------------------------------------------------------------------------

[2025-02-24 09:42:03;INFO]Current Epoch: 213 / 500 | Learning Rate : 9.549150281279497e-05
[2025-02-24 09:42:32;INFO]Train | Loss : 0.465956 | ACC : 5871/6562 (89.470%)
[2025-02-24 09:42:36;INFO]Valid | Loss : 4.588218 | ACC : 286/2813 (10.167%)
[2025-02-24 09:42:36;INFO]      | Loss didn't drop!

[2025-02-24 09:42:36;INFO]best epoch: 212, best loss: 0.252530
[2025-02-24 09:42:36;INFO]----------------------------------------------------------------------------------------------------

[2025-02-24 09:42:36;INFO]Current Epoch: 214 / 500 | Learning Rate : 0.0009045084971907177
[2025-02-24 09:43:05;INFO]Train | Loss : 0.591225 | ACC : 5626/6562 (85.736%)
[2025-02-24 09:43:10;INFO]Valid | Loss : 1.267475 | ACC : 1667/2813 (59.261%)
[2025-02-24 09:43:10;INFO]      | Loss didn't drop!

[2025-02-24 09:43:10;INFO]best epoch: 212, best loss: 0.252530
[2025-02-24 09:43:10;INFO]----------------------------------------------------------------------------------------------------

[2025-02-24 09:43:10;INFO]Current Epoch: 215 / 500 | Learning Rate : 0.000654508497186183
[2025-02-24 09:43:39;INFO]Train | Loss : 0.350178 | ACC : 6093/6562 (92.853%)
[2025-02-24 09:43:43;INFO]Valid | Loss : 0.401494 | ACC : 2480/2813 (88.162%)
[2025-02-24 09:43:43;INFO]      | Loss didn't drop!

[2025-02-24 09:43:43;INFO]best epoch: 212, best loss: 0.252530
[2025-02-24 09:43:43;INFO]----------------------------------------------------------------------------------------------------

[2025-02-24 09:43:43;INFO]Current Epoch: 216 / 500 | Learning Rate : 0.0
[2025-02-24 09:44:12;INFO]Train | Loss : 0.354097 | ACC : 6084/6562 (92.716%)
[2025-02-24 09:44:16;INFO]Valid | Loss : 0.416614 | ACC : 2484/2813 (88.304%)
[2025-02-24 09:44:16;INFO]      | Loss didn't drop!

[2025-02-24 09:44:16;INFO]best epoch: 212, best loss: 0.252530
[2025-02-24 09:44:16;INFO]----------------------------------------------------------------------------------------------------

[2025-02-24 09:44:16;INFO]Current Epoch: 217 / 500 | Learning Rate : 0.0006545084971886078
[2025-02-24 09:44:45;INFO]Train | Loss : 0.364357 | ACC : 6067/6562 (92.457%)
[2025-02-24 09:44:49;INFO]Valid | Loss : 2.295934 | ACC : 1299/2813 (46.178%)
[2025-02-24 09:44:49;INFO]      | Loss didn't drop!

[2025-02-24 09:44:49;INFO]best epoch: 212, best loss: 0.252530
[2025-02-24 09:44:49;INFO]----------------------------------------------------------------------------------------------------

[2025-02-24 09:44:49;INFO]Current Epoch: 218 / 500 | Learning Rate : 0.0009045084971893482
[2025-02-24 09:45:19;INFO]Train | Loss : 0.374582 | ACC : 6048/6562 (92.167%)
[2025-02-24 09:45:23;INFO]Valid | Loss : 0.593686 | ACC : 2222/2813 (78.990%)
[2025-02-24 09:45:23;INFO]      | Loss didn't drop!

[2025-02-24 09:45:23;INFO]best epoch: 212, best loss: 0.252530
[2025-02-24 09:45:23;INFO]----------------------------------------------------------------------------------------------------

[2025-02-24 09:45:23;INFO]Current Epoch: 219 / 500 | Learning Rate : 9.549150281249383e-05
[2025-02-24 09:45:52;INFO]Train | Loss : 0.262089 | ACC : 6229/6562 (94.925%)
[2025-02-24 09:45:56;INFO]Valid | Loss : 0.851564 | ACC : 1980/2813 (70.387%)
[2025-02-24 09:45:56;INFO]      | Loss didn't drop!

[2025-02-24 09:45:56;INFO]best epoch: 212, best loss: 0.252530
[2025-02-24 09:45:56;INFO]----------------------------------------------------------------------------------------------------

[2025-02-24 09:45:56;INFO]Current Epoch: 220 / 500 | Learning Rate : 0.00034549150281256206
[2025-02-24 09:46:25;INFO]Train | Loss : 0.410297 | ACC : 5947/6562 (90.628%)
[2025-02-24 09:46:29;INFO]Valid | Loss : 1.721374 | ACC : 1576/2813 (56.026%)
[2025-02-24 09:46:29;INFO]      | Loss didn't drop!

[2025-02-24 09:46:29;INFO]best epoch: 212, best loss: 0.252530
[2025-02-24 09:46:29;INFO]----------------------------------------------------------------------------------------------------

[2025-02-24 09:46:29;INFO]Current Epoch: 221 / 500 | Learning Rate : 0.001000000000000288
[2025-02-24 09:46:58;INFO]Train | Loss : 0.416217 | ACC : 5989/6562 (91.268%)
[2025-02-24 09:47:02;INFO]Valid | Loss : 2.085566 | ACC : 1270/2813 (45.148%)
[2025-02-24 09:47:02;INFO]      | Loss didn't drop!

[2025-02-24 09:47:02;INFO]best epoch: 212, best loss: 0.252530
[2025-02-24 09:47:02;INFO]----------------------------------------------------------------------------------------------------

[2025-02-24 09:47:02;INFO]Current Epoch: 222 / 500 | Learning Rate : 0.00034549150281377815
[2025-02-24 09:47:32;INFO]Train | Loss : 0.354528 | ACC : 6016/6562 (91.679%)
[2025-02-24 09:47:36;INFO]Valid | Loss : 0.235523 | ACC : 2722/2813 (96.765%)
[2025-02-24 09:47:36;INFO]      | Loss dropped from 0.252530 to 0.235523, model has been saved!

[2025-02-24 09:47:36;INFO]best epoch: 222, best loss: 0.235523
[2025-02-24 09:47:36;INFO]----------------------------------------------------------------------------------------------------

[2025-02-24 09:47:36;INFO]Current Epoch: 223 / 500 | Learning Rate : 9.549150281235886e-05
[2025-02-24 09:48:05;INFO]Train | Loss : 0.309189 | ACC : 6127/6562 (93.371%)
[2025-02-24 09:48:09;INFO]Valid | Loss : 1.802444 | ACC : 1529/2813 (54.355%)
[2025-02-24 09:48:09;INFO]      | Loss didn't drop!

[2025-02-24 09:48:09;INFO]best epoch: 222, best loss: 0.235523
[2025-02-24 09:48:09;INFO]----------------------------------------------------------------------------------------------------

[2025-02-24 09:48:09;INFO]Current Epoch: 224 / 500 | Learning Rate : 0.0009045084971886291
[2025-02-24 09:48:38;INFO]Train | Loss : 0.420387 | ACC : 5947/6562 (90.628%)
[2025-02-24 09:48:42;INFO]Valid | Loss : 1.683806 | ACC : 1266/2813 (45.005%)
[2025-02-24 09:48:42;INFO]      | Loss didn't drop!

[2025-02-24 09:48:42;INFO]best epoch: 222, best loss: 0.235523
[2025-02-24 09:48:42;INFO]----------------------------------------------------------------------------------------------------

[2025-02-24 09:48:42;INFO]Current Epoch: 225 / 500 | Learning Rate : 0.0006545084971886479
[2025-02-24 09:49:11;INFO]Train | Loss : 0.502626 | ACC : 5738/6562 (87.443%)
[2025-02-24 09:49:15;INFO]Valid | Loss : 0.316011 | ACC : 2614/2813 (92.926%)
[2025-02-24 09:49:15;INFO]      | Loss didn't drop!

[2025-02-24 09:49:15;INFO]best epoch: 222, best loss: 0.235523
[2025-02-24 09:49:15;INFO]----------------------------------------------------------------------------------------------------

[2025-02-24 09:49:15;INFO]Current Epoch: 226 / 500 | Learning Rate : 0.0
[2025-02-24 09:49:44;INFO]Train | Loss : 0.303526 | ACC : 6139/6562 (93.554%)
[2025-02-24 09:49:49;INFO]Valid | Loss : 0.638424 | ACC : 2253/2813 (80.092%)
[2025-02-24 09:49:49;INFO]      | Loss didn't drop!

[2025-02-24 09:49:49;INFO]best epoch: 222, best loss: 0.235523
[2025-02-24 09:49:49;INFO]----------------------------------------------------------------------------------------------------

[2025-02-24 09:49:49;INFO]Current Epoch: 227 / 500 | Learning Rate : 0.0006545084971871312
[2025-02-24 09:50:18;INFO]Train | Loss : 0.265916 | ACC : 6231/6562 (94.956%)
[2025-02-24 09:50:22;INFO]Valid | Loss : 2.255684 | ACC : 1724/2813 (61.287%)
[2025-02-24 09:50:22;INFO]      | Loss didn't drop!

[2025-02-24 09:50:22;INFO]best epoch: 222, best loss: 0.235523
[2025-02-24 09:50:22;INFO]----------------------------------------------------------------------------------------------------

[2025-02-24 09:50:22;INFO]Current Epoch: 228 / 500 | Learning Rate : 0.0009045084971873569
[2025-02-24 09:50:51;INFO]Train | Loss : 0.346768 | ACC : 6008/6562 (91.557%)
[2025-02-24 09:50:55;INFO]Valid | Loss : 1.092873 | ACC : 1718/2813 (61.074%)
[2025-02-24 09:50:55;INFO]      | Loss didn't drop!

[2025-02-24 09:50:55;INFO]best epoch: 222, best loss: 0.235523
[2025-02-24 09:50:55;INFO]----------------------------------------------------------------------------------------------------

[2025-02-24 09:50:55;INFO]Current Epoch: 229 / 500 | Learning Rate : 9.549150281250624e-05
[2025-02-24 09:51:24;INFO]Train | Loss : 0.581713 | ACC : 5620/6562 (85.645%)
[2025-02-24 09:51:28;INFO]Valid | Loss : 1.353131 | ACC : 1432/2813 (50.907%)
[2025-02-24 09:51:28;INFO]      | Loss didn't drop!

[2025-02-24 09:51:28;INFO]best epoch: 222, best loss: 0.235523
[2025-02-24 09:51:28;INFO]----------------------------------------------------------------------------------------------------

[2025-02-24 09:51:28;INFO]Current Epoch: 230 / 500 | Learning Rate : 0.0003454915028136595
[2025-02-24 09:51:58;INFO]Train | Loss : 0.393580 | ACC : 6009/6562 (91.573%)
[2025-02-24 09:52:02;INFO]Valid | Loss : 1.412697 | ACC : 1800/2813 (63.989%)
[2025-02-24 09:52:02;INFO]      | Loss didn't drop!

[2025-02-24 09:52:02;INFO]best epoch: 222, best loss: 0.235523
[2025-02-24 09:52:02;INFO]----------------------------------------------------------------------------------------------------

[2025-02-24 09:52:02;INFO]Current Epoch: 231 / 500 | Learning Rate : 0.00099999999999807
[2025-02-24 09:52:31;INFO]Train | Loss : 0.377167 | ACC : 6003/6562 (91.481%)
[2025-02-24 09:52:35;INFO]Valid | Loss : 1.459948 | ACC : 1507/2813 (53.573%)
[2025-02-24 09:52:35;INFO]      | Loss didn't drop!

[2025-02-24 09:52:35;INFO]best epoch: 222, best loss: 0.235523
[2025-02-24 09:52:35;INFO]----------------------------------------------------------------------------------------------------

[2025-02-24 09:52:35;INFO]Current Epoch: 232 / 500 | Learning Rate : 0.0003454915028119289
[2025-02-24 09:53:04;INFO]Train | Loss : 0.324686 | ACC : 6128/6562 (93.386%)
[2025-02-24 09:53:08;INFO]Valid | Loss : 0.261829 | ACC : 2661/2813 (94.597%)
[2025-02-24 09:53:08;INFO]      | Loss didn't drop!

[2025-02-24 09:53:08;INFO]best epoch: 222, best loss: 0.235523
[2025-02-24 09:53:08;INFO]----------------------------------------------------------------------------------------------------

[2025-02-24 09:53:08;INFO]Current Epoch: 233 / 500 | Learning Rate : 9.549150281268347e-05
[2025-02-24 09:53:37;INFO]Train | Loss : 0.254259 | ACC : 6248/6562 (95.215%)
[2025-02-24 09:53:41;INFO]Valid | Loss : 1.038000 | ACC : 1900/2813 (67.544%)
[2025-02-24 09:53:41;INFO]      | Loss didn't drop!

[2025-02-24 09:53:41;INFO]best epoch: 222, best loss: 0.235523
[2025-02-24 09:53:41;INFO]----------------------------------------------------------------------------------------------------

[2025-02-24 09:53:41;INFO]Current Epoch: 234 / 500 | Learning Rate : 0.0009045084971893584
[2025-02-24 09:54:10;INFO]Train | Loss : 0.256835 | ACC : 6216/6562 (94.727%)
[2025-02-24 09:54:15;INFO]Valid | Loss : 2.373080 | ACC : 1559/2813 (55.421%)
[2025-02-24 09:54:15;INFO]      | Loss didn't drop!

[2025-02-24 09:54:15;INFO]best epoch: 222, best loss: 0.235523
[2025-02-24 09:54:15;INFO]----------------------------------------------------------------------------------------------------

[2025-02-24 09:54:15;INFO]Current Epoch: 235 / 500 | Learning Rate : 0.0006545084971891095
[2025-02-24 09:54:44;INFO]Train | Loss : 0.334037 | ACC : 6042/6562 (92.076%)
[2025-02-24 09:54:48;INFO]Valid | Loss : 0.346078 | ACC : 2498/2813 (88.802%)
[2025-02-24 09:54:48;INFO]      | Loss didn't drop!

[2025-02-24 09:54:48;INFO]best epoch: 222, best loss: 0.235523
[2025-02-24 09:54:48;INFO]----------------------------------------------------------------------------------------------------

[2025-02-24 09:54:48;INFO]Current Epoch: 236 / 500 | Learning Rate : 0.0
[2025-02-24 09:55:17;INFO]Train | Loss : 0.268088 | ACC : 6195/6562 (94.407%)
[2025-02-24 09:55:21;INFO]Valid | Loss : 0.377701 | ACC : 2378/2813 (84.536%)
[2025-02-24 09:55:21;INFO]      | Loss didn't drop!

[2025-02-24 09:55:21;INFO]best epoch: 222, best loss: 0.235523
[2025-02-24 09:55:21;INFO]----------------------------------------------------------------------------------------------------

[2025-02-24 09:55:21;INFO]Current Epoch: 237 / 500 | Learning Rate : 0.0006545084971876564
[2025-02-24 09:55:50;INFO]Train | Loss : 0.312233 | ACC : 6132/6562 (93.447%)
[2025-02-24 09:55:54;INFO]Valid | Loss : 1.808650 | ACC : 1727/2813 (61.394%)
[2025-02-24 09:55:54;INFO]      | Loss didn't drop!

[2025-02-24 09:55:54;INFO]best epoch: 222, best loss: 0.235523
[2025-02-24 09:55:54;INFO]----------------------------------------------------------------------------------------------------

[2025-02-24 09:55:54;INFO]Current Epoch: 238 / 500 | Learning Rate : 0.0009045084971880435
[2025-02-24 09:56:23;INFO]Train | Loss : 0.333878 | ACC : 6052/6562 (92.228%)
[2025-02-24 09:56:28;INFO]Valid | Loss : 0.292669 | ACC : 2614/2813 (92.926%)
[2025-02-24 09:56:28;INFO]      | Loss didn't drop!

[2025-02-24 09:56:28;INFO]best epoch: 222, best loss: 0.235523
[2025-02-24 09:56:28;INFO]----------------------------------------------------------------------------------------------------

[2025-02-24 09:56:28;INFO]Current Epoch: 239 / 500 | Learning Rate : 9.54915028129287e-05
[2025-02-24 09:56:57;INFO]Train | Loss : 0.203576 | ACC : 6353/6562 (96.815%)
[2025-02-24 09:57:01;INFO]Valid | Loss : 0.364368 | ACC : 2431/2813 (86.420%)
[2025-02-24 09:57:01;INFO]      | Loss didn't drop!

[2025-02-24 09:57:01;INFO]best epoch: 222, best loss: 0.235523
[2025-02-24 09:57:01;INFO]----------------------------------------------------------------------------------------------------

[2025-02-24 09:57:01;INFO]Current Epoch: 240 / 500 | Learning Rate : 0.000345491502811979
[2025-02-24 09:57:30;INFO]Train | Loss : 0.343875 | ACC : 6012/6562 (91.618%)
[2025-02-24 09:57:34;INFO]Valid | Loss : 1.013071 | ACC : 1770/2813 (62.922%)
[2025-02-24 09:57:34;INFO]      | Loss didn't drop!

[2025-02-24 09:57:34;INFO]best epoch: 222, best loss: 0.235523
[2025-02-24 09:57:34;INFO]----------------------------------------------------------------------------------------------------

[2025-02-24 09:57:34;INFO]Current Epoch: 241 / 500 | Learning Rate : 0.001000000000001632
[2025-02-24 09:58:03;INFO]Train | Loss : 0.295020 | ACC : 6149/6562 (93.706%)
[2025-02-24 09:58:07;INFO]Valid | Loss : 0.597248 | ACC : 2233/2813 (79.381%)
[2025-02-24 09:58:07;INFO]      | Loss didn't drop!

[2025-02-24 09:58:07;INFO]best epoch: 222, best loss: 0.235523
[2025-02-24 09:58:07;INFO]----------------------------------------------------------------------------------------------------

[2025-02-24 09:58:07;INFO]Current Epoch: 242 / 500 | Learning Rate : 0.00034549150281318455
[2025-02-24 09:58:36;INFO]Train | Loss : 0.244432 | ACC : 6258/6562 (95.367%)
[2025-02-24 09:58:41;INFO]Valid | Loss : 0.181198 | ACC : 2710/2813 (96.338%)
[2025-02-24 09:58:41;INFO]      | Loss dropped from 0.235523 to 0.181198, model has been saved!

[2025-02-24 09:58:41;INFO]best epoch: 242, best loss: 0.181198
[2025-02-24 09:58:41;INFO]----------------------------------------------------------------------------------------------------

[2025-02-24 09:58:41;INFO]Current Epoch: 243 / 500 | Learning Rate : 9.549150281279842e-05
[2025-02-24 09:59:10;INFO]Train | Loss : 0.399880 | ACC : 5934/6562 (90.430%)
[2025-02-24 09:59:14;INFO]Valid | Loss : 0.461168 | ACC : 2398/2813 (85.247%)
[2025-02-24 09:59:14;INFO]      | Loss didn't drop!

[2025-02-24 09:59:14;INFO]best epoch: 242, best loss: 0.181198
[2025-02-24 09:59:14;INFO]----------------------------------------------------------------------------------------------------

[2025-02-24 09:59:14;INFO]Current Epoch: 244 / 500 | Learning Rate : 0.0009045084971872698
[2025-02-24 09:59:43;INFO]Train | Loss : 0.240335 | ACC : 6265/6562 (95.474%)
[2025-02-24 09:59:47;INFO]Valid | Loss : 0.972564 | ACC : 1948/2813 (69.250%)
[2025-02-24 09:59:47;INFO]      | Loss didn't drop!

[2025-02-24 09:59:47;INFO]best epoch: 242, best loss: 0.181198
[2025-02-24 09:59:47;INFO]----------------------------------------------------------------------------------------------------

[2025-02-24 09:59:47;INFO]Current Epoch: 245 / 500 | Learning Rate : 0.0006545084971875747
[2025-02-24 10:00:16;INFO]Train | Loss : 0.248719 | ACC : 6202/6562 (94.514%)
[2025-02-24 10:00:20;INFO]Valid | Loss : 0.301675 | ACC : 2583/2813 (91.824%)
[2025-02-24 10:00:20;INFO]      | Loss didn't drop!

[2025-02-24 10:00:20;INFO]best epoch: 242, best loss: 0.181198
[2025-02-24 10:00:20;INFO]----------------------------------------------------------------------------------------------------

[2025-02-24 10:00:20;INFO]Current Epoch: 246 / 500 | Learning Rate : 0.0
[2025-02-24 10:00:49;INFO]Train | Loss : 0.219143 | ACC : 6310/6562 (96.160%)
[2025-02-24 10:00:54;INFO]Valid | Loss : 0.591854 | ACC : 2285/2813 (81.230%)
[2025-02-24 10:00:54;INFO]      | Loss didn't drop!

[2025-02-24 10:00:54;INFO]best epoch: 242, best loss: 0.181198
[2025-02-24 10:00:54;INFO]----------------------------------------------------------------------------------------------------

[2025-02-24 10:00:54;INFO]Current Epoch: 247 / 500 | Learning Rate : 0.0006545084971899626
[2025-02-24 10:01:23;INFO]Train | Loss : 0.311368 | ACC : 6129/6562 (93.401%)
[2025-02-24 10:01:27;INFO]Valid | Loss : 0.798496 | ACC : 2173/2813 (77.248%)
[2025-02-24 10:01:27;INFO]      | Loss didn't drop!

[2025-02-24 10:01:27;INFO]best epoch: 242, best loss: 0.181198
[2025-02-24 10:01:27;INFO]----------------------------------------------------------------------------------------------------

[2025-02-24 10:01:27;INFO]Current Epoch: 248 / 500 | Learning Rate : 0.0009045084971859265
[2025-02-24 10:01:56;INFO]Train | Loss : 0.250056 | ACC : 6227/6562 (94.895%)
[2025-02-24 10:02:00;INFO]Valid | Loss : 0.439436 | ACC : 2321/2813 (82.510%)
[2025-02-24 10:02:00;INFO]      | Loss didn't drop!

[2025-02-24 10:02:00;INFO]best epoch: 242, best loss: 0.181198
[2025-02-24 10:02:00;INFO]----------------------------------------------------------------------------------------------------

[2025-02-24 10:02:00;INFO]Current Epoch: 249 / 500 | Learning Rate : 9.549150281245702e-05
[2025-02-24 10:02:29;INFO]Train | Loss : 0.226850 | ACC : 6235/6562 (95.017%)
[2025-02-24 10:02:33;INFO]Valid | Loss : 0.280388 | ACC : 2546/2813 (90.508%)
[2025-02-24 10:02:33;INFO]      | Loss didn't drop!

[2025-02-24 10:02:33;INFO]best epoch: 242, best loss: 0.181198
[2025-02-24 10:02:33;INFO]----------------------------------------------------------------------------------------------------

[2025-02-24 10:02:33;INFO]Current Epoch: 250 / 500 | Learning Rate : 0.00034549150281318444
[2025-02-24 10:03:02;INFO]Train | Loss : 0.256943 | ACC : 6213/6562 (94.681%)
[2025-02-24 10:03:07;INFO]Valid | Loss : 1.230603 | ACC : 1928/2813 (68.539%)
[2025-02-24 10:03:07;INFO]      | Loss didn't drop!

[2025-02-24 10:03:07;INFO]best epoch: 242, best loss: 0.181198
[2025-02-24 10:03:07;INFO]----------------------------------------------------------------------------------------------------

[2025-02-24 10:03:07;INFO]Current Epoch: 251 / 500 | Learning Rate : 0.001000000000002308
[2025-02-24 10:03:36;INFO]Train | Loss : 0.369487 | ACC : 5936/6562 (90.460%)
[2025-02-24 10:03:40;INFO]Valid | Loss : 0.333065 | ACC : 2563/2813 (91.113%)
[2025-02-24 10:03:40;INFO]      | Loss didn't drop!

[2025-02-24 10:03:40;INFO]best epoch: 242, best loss: 0.181198
[2025-02-24 10:03:40;INFO]----------------------------------------------------------------------------------------------------

[2025-02-24 10:03:40;INFO]Current Epoch: 252 / 500 | Learning Rate : 0.00034549150281355166
[2025-02-24 10:04:09;INFO]Train | Loss : 0.221283 | ACC : 6280/6562 (95.703%)
[2025-02-24 10:04:13;INFO]Valid | Loss : 0.139256 | ACC : 2771/2813 (98.507%)
[2025-02-24 10:04:13;INFO]      | Loss dropped from 0.181198 to 0.139256, model has been saved!

[2025-02-24 10:04:13;INFO]best epoch: 252, best loss: 0.139256
[2025-02-24 10:04:13;INFO]----------------------------------------------------------------------------------------------------

[2025-02-24 10:04:13;INFO]Current Epoch: 253 / 500 | Learning Rate : 9.54915028125042e-05
[2025-02-24 10:04:42;INFO]Train | Loss : 0.203710 | ACC : 6312/6562 (96.190%)
[2025-02-24 10:04:46;INFO]Valid | Loss : 0.652146 | ACC : 2265/2813 (80.519%)
[2025-02-24 10:04:46;INFO]      | Loss didn't drop!

[2025-02-24 10:04:46;INFO]best epoch: 252, best loss: 0.139256
[2025-02-24 10:04:46;INFO]----------------------------------------------------------------------------------------------------

[2025-02-24 10:04:46;INFO]Current Epoch: 254 / 500 | Learning Rate : 0.0009045084971905429
[2025-02-24 10:05:15;INFO]Train | Loss : 0.326466 | ACC : 6067/6562 (92.457%)
[2025-02-24 10:05:20;INFO]Valid | Loss : 1.793823 | ACC : 1702/2813 (60.505%)
[2025-02-24 10:05:20;INFO]      | Loss didn't drop!

[2025-02-24 10:05:20;INFO]best epoch: 252, best loss: 0.139256
[2025-02-24 10:05:20;INFO]----------------------------------------------------------------------------------------------------

[2025-02-24 10:05:20;INFO]Current Epoch: 255 / 500 | Learning Rate : 0.0006545084971881508
[2025-02-24 10:05:49;INFO]Train | Loss : 0.200567 | ACC : 6371/6562 (97.089%)
[2025-02-24 10:05:53;INFO]Valid | Loss : 0.142424 | ACC : 2735/2813 (97.227%)
[2025-02-24 10:05:53;INFO]      | Loss didn't drop!

[2025-02-24 10:05:53;INFO]best epoch: 252, best loss: 0.139256
[2025-02-24 10:05:53;INFO]----------------------------------------------------------------------------------------------------

[2025-02-24 10:05:53;INFO]Current Epoch: 256 / 500 | Learning Rate : 0.0
[2025-02-24 10:06:22;INFO]Train | Loss : 0.193473 | ACC : 6335/6562 (96.541%)
[2025-02-24 10:06:26;INFO]Valid | Loss : 0.695583 | ACC : 2178/2813 (77.426%)
[2025-02-24 10:06:26;INFO]      | Loss didn't drop!

[2025-02-24 10:06:26;INFO]best epoch: 252, best loss: 0.139256
[2025-02-24 10:06:26;INFO]----------------------------------------------------------------------------------------------------

[2025-02-24 10:06:26;INFO]Current Epoch: 257 / 500 | Learning Rate : 0.0006545084971865972
[2025-02-24 10:06:55;INFO]Train | Loss : 0.237959 | ACC : 6276/6562 (95.642%)
[2025-02-24 10:06:59;INFO]Valid | Loss : 0.924291 | ACC : 2062/2813 (73.303%)
[2025-02-24 10:06:59;INFO]      | Loss didn't drop!

[2025-02-24 10:06:59;INFO]best epoch: 252, best loss: 0.139256
[2025-02-24 10:06:59;INFO]----------------------------------------------------------------------------------------------------

[2025-02-24 10:06:59;INFO]Current Epoch: 258 / 500 | Learning Rate : 0.0009045084971891639
[2025-02-24 10:07:28;INFO]Train | Loss : 0.294940 | ACC : 6181/6562 (94.194%)
[2025-02-24 10:07:33;INFO]Valid | Loss : 0.428706 | ACC : 2468/2813 (87.736%)
[2025-02-24 10:07:33;INFO]      | Loss didn't drop!

[2025-02-24 10:07:33;INFO]best epoch: 252, best loss: 0.139256
[2025-02-24 10:07:33;INFO]----------------------------------------------------------------------------------------------------

[2025-02-24 10:07:33;INFO]Current Epoch: 259 / 500 | Learning Rate : 9.549150281240342e-05
[2025-02-24 10:08:02;INFO]Train | Loss : 0.270395 | ACC : 6168/6562 (93.996%)
[2025-02-24 10:08:06;INFO]Valid | Loss : 0.672629 | ACC : 2141/2813 (76.111%)
[2025-02-24 10:08:06;INFO]      | Loss didn't drop!

[2025-02-24 10:08:06;INFO]best epoch: 252, best loss: 0.139256
[2025-02-24 10:08:06;INFO]----------------------------------------------------------------------------------------------------

[2025-02-24 10:08:06;INFO]Current Epoch: 260 / 500 | Learning Rate : 0.0003454915028143901
[2025-02-24 10:08:35;INFO]Train | Loss : 0.443853 | ACC : 5800/6562 (88.388%)
[2025-02-24 10:08:39;INFO]Valid | Loss : 2.013107 | ACC : 1268/2813 (45.076%)
[2025-02-24 10:08:39;INFO]      | Loss didn't drop!

[2025-02-24 10:08:39;INFO]best epoch: 252, best loss: 0.139256
[2025-02-24 10:08:39;INFO]----------------------------------------------------------------------------------------------------

[2025-02-24 10:08:39;INFO]Current Epoch: 261 / 500 | Learning Rate : 0.0009999999999971954
[2025-02-24 10:09:08;INFO]Train | Loss : 0.322413 | ACC : 6089/6562 (92.792%)
[2025-02-24 10:09:12;INFO]Valid | Loss : 1.964446 | ACC : 1407/2813 (50.018%)
[2025-02-24 10:09:12;INFO]      | Loss didn't drop!

[2025-02-24 10:09:12;INFO]best epoch: 252, best loss: 0.139256
[2025-02-24 10:09:12;INFO]----------------------------------------------------------------------------------------------------

[2025-02-24 10:09:12;INFO]Current Epoch: 262 / 500 | Learning Rate : 0.0003454915028125941
[2025-02-24 10:09:41;INFO]Train | Loss : 0.212066 | ACC : 6320/6562 (96.312%)
[2025-02-24 10:09:46;INFO]Valid | Loss : 0.132717 | ACC : 2761/2813 (98.151%)
[2025-02-24 10:09:46;INFO]      | Loss dropped from 0.139256 to 0.132717, model has been saved!

[2025-02-24 10:09:46;INFO]best epoch: 262, best loss: 0.132717
[2025-02-24 10:09:46;INFO]----------------------------------------------------------------------------------------------------

[2025-02-24 10:09:46;INFO]Current Epoch: 263 / 500 | Learning Rate : 9.549150281255326e-05
[2025-02-24 10:10:15;INFO]Train | Loss : 0.344752 | ACC : 6038/6562 (92.015%)
[2025-02-24 10:10:19;INFO]Valid | Loss : 1.310091 | ACC : 1810/2813 (64.344%)
[2025-02-24 10:10:19;INFO]      | Loss didn't drop!

[2025-02-24 10:10:19;INFO]best epoch: 262, best loss: 0.132717
[2025-02-24 10:10:19;INFO]----------------------------------------------------------------------------------------------------

[2025-02-24 10:10:19;INFO]Current Epoch: 264 / 500 | Learning Rate : 0.0009045084971911392
[2025-02-24 10:10:48;INFO]Train | Loss : 0.359475 | ACC : 6048/6562 (92.167%)
[2025-02-24 10:10:52;INFO]Valid | Loss : 1.938420 | ACC : 1542/2813 (54.817%)
[2025-02-24 10:10:52;INFO]      | Loss didn't drop!

[2025-02-24 10:10:52;INFO]best epoch: 262, best loss: 0.132717
[2025-02-24 10:10:52;INFO]----------------------------------------------------------------------------------------------------

[2025-02-24 10:10:52;INFO]Current Epoch: 265 / 500 | Learning Rate : 0.0006545084971884021
[2025-02-24 10:11:21;INFO]Train | Loss : 0.318254 | ACC : 6060/6562 (92.350%)
[2025-02-24 10:11:25;INFO]Valid | Loss : 0.295088 | ACC : 2557/2813 (90.899%)
[2025-02-24 10:11:25;INFO]      | Loss didn't drop!

[2025-02-24 10:11:25;INFO]best epoch: 262, best loss: 0.132717
[2025-02-24 10:11:25;INFO]----------------------------------------------------------------------------------------------------

[2025-02-24 10:11:25;INFO]Current Epoch: 266 / 500 | Learning Rate : 0.0
[2025-02-24 10:11:54;INFO]Train | Loss : 0.234350 | ACC : 6278/6562 (95.672%)
[2025-02-24 10:11:59;INFO]Valid | Loss : 0.822307 | ACC : 2083/2813 (74.049%)
[2025-02-24 10:11:59;INFO]      | Loss didn't drop!

[2025-02-24 10:11:59;INFO]best epoch: 262, best loss: 0.132717
[2025-02-24 10:11:59;INFO]----------------------------------------------------------------------------------------------------

[2025-02-24 10:11:59;INFO]Current Epoch: 267 / 500 | Learning Rate : 0.0006545084971870086
[2025-02-24 10:12:28;INFO]Train | Loss : 0.211432 | ACC : 6282/6562 (95.733%)
[2025-02-24 10:12:32;INFO]Valid | Loss : 0.614572 | ACC : 2126/2813 (75.578%)
[2025-02-24 10:12:32;INFO]      | Loss didn't drop!

[2025-02-24 10:12:32;INFO]best epoch: 262, best loss: 0.132717
[2025-02-24 10:12:32;INFO]----------------------------------------------------------------------------------------------------

[2025-02-24 10:12:32;INFO]Current Epoch: 268 / 500 | Learning Rate : 0.0009045084971897828
[2025-02-24 10:13:01;INFO]Train | Loss : 0.329490 | ACC : 6016/6562 (91.679%)
[2025-02-24 10:13:05;INFO]Valid | Loss : 1.367591 | ACC : 1760/2813 (62.567%)
[2025-02-24 10:13:05;INFO]      | Loss didn't drop!

[2025-02-24 10:13:05;INFO]best epoch: 262, best loss: 0.132717
[2025-02-24 10:13:05;INFO]----------------------------------------------------------------------------------------------------

[2025-02-24 10:13:05;INFO]Current Epoch: 269 / 500 | Learning Rate : 9.549150281261641e-05
[2025-02-24 10:13:34;INFO]Train | Loss : 0.442058 | ACC : 5844/6562 (89.058%)
[2025-02-24 10:13:38;INFO]Valid | Loss : 0.306933 | ACC : 2604/2813 (92.570%)
[2025-02-24 10:13:38;INFO]      | Loss didn't drop!

[2025-02-24 10:13:38;INFO]best epoch: 262, best loss: 0.132717
[2025-02-24 10:13:38;INFO]----------------------------------------------------------------------------------------------------

[2025-02-24 10:13:38;INFO]Current Epoch: 270 / 500 | Learning Rate : 0.0003454915028126015
[2025-02-24 10:14:07;INFO]Train | Loss : 0.241678 | ACC : 6236/6562 (95.032%)
[2025-02-24 10:14:12;INFO]Valid | Loss : 1.335577 | ACC : 1870/2813 (66.477%)
[2025-02-24 10:14:12;INFO]      | Loss didn't drop!

[2025-02-24 10:14:12;INFO]best epoch: 262, best loss: 0.132717
[2025-02-24 10:14:12;INFO]----------------------------------------------------------------------------------------------------

[2025-02-24 10:14:12;INFO]Current Epoch: 271 / 500 | Learning Rate : 0.0010000000000036518
[2025-02-24 10:14:41;INFO]Train | Loss : 0.283446 | ACC : 6177/6562 (94.133%)
[2025-02-24 10:14:45;INFO]Valid | Loss : 1.064396 | ACC : 1711/2813 (60.825%)
[2025-02-24 10:14:45;INFO]      | Loss didn't drop!

[2025-02-24 10:14:45;INFO]best epoch: 262, best loss: 0.132717
[2025-02-24 10:14:45;INFO]----------------------------------------------------------------------------------------------------

[2025-02-24 10:14:45;INFO]Current Epoch: 272 / 500 | Learning Rate : 0.00034549150281285284
[2025-02-24 10:15:14;INFO]Train | Loss : 0.243100 | ACC : 6228/6562 (94.910%)
[2025-02-24 10:15:18;INFO]Valid | Loss : 0.127025 | ACC : 2766/2813 (98.329%)
[2025-02-24 10:15:18;INFO]      | Loss dropped from 0.132717 to 0.127025, model has been saved!

[2025-02-24 10:15:18;INFO]best epoch: 272, best loss: 0.127025
[2025-02-24 10:15:18;INFO]----------------------------------------------------------------------------------------------------

[2025-02-24 10:15:18;INFO]Current Epoch: 273 / 500 | Learning Rate : 9.549150281273505e-05
[2025-02-24 10:15:47;INFO]Train | Loss : 0.232818 | ACC : 6269/6562 (95.535%)
[2025-02-24 10:15:51;INFO]Valid | Loss : 1.983166 | ACC : 1443/2813 (51.298%)
[2025-02-24 10:15:51;INFO]      | Loss didn't drop!

[2025-02-24 10:15:51;INFO]best epoch: 272, best loss: 0.127025
[2025-02-24 10:15:51;INFO]----------------------------------------------------------------------------------------------------

[2025-02-24 10:15:51;INFO]Current Epoch: 274 / 500 | Learning Rate : 0.0009045084971864985
[2025-02-24 10:16:20;INFO]Train | Loss : 0.527736 | ACC : 5750/6562 (87.626%)
[2025-02-24 10:16:25;INFO]Valid | Loss : 2.525832 | ACC : 1416/2813 (50.338%)
[2025-02-24 10:16:25;INFO]      | Loss didn't drop!

[2025-02-24 10:16:25;INFO]best epoch: 272, best loss: 0.127025
[2025-02-24 10:16:25;INFO]----------------------------------------------------------------------------------------------------

[2025-02-24 10:16:25;INFO]Current Epoch: 275 / 500 | Learning Rate : 0.0006545084971888639
[2025-02-24 10:16:54;INFO]Train | Loss : 0.323465 | ACC : 6114/6562 (93.173%)
[2025-02-24 10:16:58;INFO]Valid | Loss : 0.258246 | ACC : 2670/2813 (94.916%)
[2025-02-24 10:16:58;INFO]      | Loss didn't drop!

[2025-02-24 10:16:58;INFO]best epoch: 272, best loss: 0.127025
[2025-02-24 10:16:58;INFO]----------------------------------------------------------------------------------------------------

[2025-02-24 10:16:58;INFO]Current Epoch: 276 / 500 | Learning Rate : 0.0
[2025-02-24 10:17:27;INFO]Train | Loss : 0.268526 | ACC : 6196/6562 (94.422%)
[2025-02-24 10:17:31;INFO]Valid | Loss : 0.693457 | ACC : 2333/2813 (82.936%)
[2025-02-24 10:17:31;INFO]      | Loss didn't drop!

[2025-02-24 10:17:31;INFO]best epoch: 272, best loss: 0.127025
[2025-02-24 10:17:31;INFO]----------------------------------------------------------------------------------------------------

[2025-02-24 10:17:31;INFO]Current Epoch: 277 / 500 | Learning Rate : 0.000654508497187426
[2025-02-24 10:18:00;INFO]Train | Loss : 0.360418 | ACC : 5984/6562 (91.192%)
[2025-02-24 10:18:04;INFO]Valid | Loss : 3.032492 | ACC : 1405/2813 (49.947%)
[2025-02-24 10:18:04;INFO]      | Loss didn't drop!

[2025-02-24 10:18:04;INFO]best epoch: 272, best loss: 0.127025
[2025-02-24 10:18:04;INFO]----------------------------------------------------------------------------------------------------

[2025-02-24 10:18:04;INFO]Current Epoch: 278 / 500 | Learning Rate : 0.0009045084971851819
[2025-02-24 10:18:33;INFO]Train | Loss : 0.316584 | ACC : 6155/6562 (93.798%)
[2025-02-24 10:18:37;INFO]Valid | Loss : 0.260385 | ACC : 2636/2813 (93.708%)
[2025-02-24 10:18:37;INFO]      | Loss didn't drop!

[2025-02-24 10:18:37;INFO]best epoch: 272, best loss: 0.127025
[2025-02-24 10:18:37;INFO]----------------------------------------------------------------------------------------------------

[2025-02-24 10:18:37;INFO]Current Epoch: 279 / 500 | Learning Rate : 9.549150281256284e-05
[2025-02-24 10:19:07;INFO]Train | Loss : 0.241335 | ACC : 6291/6562 (95.870%)
[2025-02-24 10:19:11;INFO]Valid | Loss : 1.932561 | ACC : 1567/2813 (55.706%)
[2025-02-24 10:19:11;INFO]      | Loss didn't drop!

[2025-02-24 10:19:11;INFO]best epoch: 272, best loss: 0.127025
[2025-02-24 10:19:11;INFO]----------------------------------------------------------------------------------------------------

[2025-02-24 10:19:11;INFO]Current Epoch: 280 / 500 | Learning Rate : 0.000345491502812807
[2025-02-24 10:19:40;INFO]Train | Loss : 0.225699 | ACC : 6290/6562 (95.855%)
[2025-02-24 10:19:44;INFO]Valid | Loss : 2.035658 | ACC : 1463/2813 (52.009%)
[2025-02-24 10:19:44;INFO]      | Loss didn't drop!

[2025-02-24 10:19:44;INFO]best epoch: 272, best loss: 0.127025
[2025-02-24 10:19:44;INFO]----------------------------------------------------------------------------------------------------

[2025-02-24 10:19:44;INFO]Current Epoch: 281 / 500 | Learning Rate : 0.00100000000000432
[2025-02-24 10:20:13;INFO]Train | Loss : 0.275269 | ACC : 6173/6562 (94.072%)
[2025-02-24 10:20:17;INFO]Valid | Loss : 1.038913 | ACC : 1781/2813 (63.313%)
[2025-02-24 10:20:17;INFO]      | Loss didn't drop!

[2025-02-24 10:20:17;INFO]best epoch: 272, best loss: 0.127025
[2025-02-24 10:20:17;INFO]----------------------------------------------------------------------------------------------------

[2025-02-24 10:20:17;INFO]Current Epoch: 282 / 500 | Learning Rate : 0.00034549150281332496
[2025-02-24 10:20:46;INFO]Train | Loss : 0.345594 | ACC : 6061/6562 (92.365%)
[2025-02-24 10:20:50;INFO]Valid | Loss : 0.208003 | ACC : 2749/2813 (97.725%)
[2025-02-24 10:20:50;INFO]      | Loss didn't drop!

[2025-02-24 10:20:50;INFO]best epoch: 272, best loss: 0.127025
[2025-02-24 10:20:50;INFO]----------------------------------------------------------------------------------------------------

[2025-02-24 10:20:50;INFO]Current Epoch: 283 / 500 | Learning Rate : 9.549150281265047e-05
[2025-02-24 10:21:20;INFO]Train | Loss : 0.291659 | ACC : 6184/6562 (94.240%)
[2025-02-24 10:21:24;INFO]Valid | Loss : 0.655153 | ACC : 2136/2813 (75.933%)
[2025-02-24 10:21:24;INFO]      | Loss didn't drop!

[2025-02-24 10:21:24;INFO]best epoch: 272, best loss: 0.127025
[2025-02-24 10:21:24;INFO]----------------------------------------------------------------------------------------------------

[2025-02-24 10:21:24;INFO]Current Epoch: 284 / 500 | Learning Rate : 0.0009045084971870948
[2025-02-24 10:21:53;INFO]Train | Loss : 0.313523 | ACC : 6131/6562 (93.432%)
[2025-02-24 10:21:57;INFO]Valid | Loss : 1.574782 | ACC : 1680/2813 (59.723%)
[2025-02-24 10:21:57;INFO]      | Loss didn't drop!

[2025-02-24 10:21:57;INFO]best epoch: 272, best loss: 0.127025
[2025-02-24 10:21:57;INFO]----------------------------------------------------------------------------------------------------

[2025-02-24 10:21:57;INFO]Current Epoch: 285 / 500 | Learning Rate : 0.0006545084971893315
[2025-02-24 10:22:26;INFO]Train | Loss : 0.354691 | ACC : 5982/6562 (91.161%)
[2025-02-24 10:22:30;INFO]Valid | Loss : 0.317024 | ACC : 2521/2813 (89.620%)
[2025-02-24 10:22:30;INFO]      | Loss didn't drop!

[2025-02-24 10:22:30;INFO]best epoch: 272, best loss: 0.127025
[2025-02-24 10:22:30;INFO]----------------------------------------------------------------------------------------------------

[2025-02-24 10:22:30;INFO]Current Epoch: 286 / 500 | Learning Rate : 0.0
[2025-02-24 10:22:59;INFO]Train | Loss : 0.192423 | ACC : 6378/6562 (97.196%)
[2025-02-24 10:23:03;INFO]Valid | Loss : 0.450871 | ACC : 2328/2813 (82.759%)
[2025-02-24 10:23:03;INFO]      | Loss didn't drop!

[2025-02-24 10:23:03;INFO]best epoch: 272, best loss: 0.127025
[2025-02-24 10:23:03;INFO]----------------------------------------------------------------------------------------------------

[2025-02-24 10:23:03;INFO]Current Epoch: 287 / 500 | Learning Rate : 0.0006545084971880595
[2025-02-24 10:23:32;INFO]Train | Loss : 0.285354 | ACC : 6115/6562 (93.188%)
[2025-02-24 10:23:37;INFO]Valid | Loss : 1.490344 | ACC : 1514/2813 (53.822%)
[2025-02-24 10:23:37;INFO]      | Loss didn't drop!

[2025-02-24 10:23:37;INFO]best epoch: 272, best loss: 0.127025
[2025-02-24 10:23:37;INFO]----------------------------------------------------------------------------------------------------

[2025-02-24 10:23:37;INFO]Current Epoch: 288 / 500 | Learning Rate : 0.0009045084971910287
[2025-02-24 10:24:06;INFO]Train | Loss : 0.251033 | ACC : 6243/6562 (95.139%)
[2025-02-24 10:24:10;INFO]Valid | Loss : 0.246384 | ACC : 2625/2813 (93.317%)
[2025-02-24 10:24:10;INFO]      | Loss didn't drop!

[2025-02-24 10:24:10;INFO]best epoch: 272, best loss: 0.127025
[2025-02-24 10:24:10;INFO]----------------------------------------------------------------------------------------------------

[2025-02-24 10:24:10;INFO]Current Epoch: 289 / 500 | Learning Rate : 9.549150281264207e-05
[2025-02-24 10:24:39;INFO]Train | Loss : 0.154156 | ACC : 6388/6562 (97.348%)
[2025-02-24 10:24:43;INFO]Valid | Loss : 0.650458 | ACC : 2103/2813 (74.760%)
[2025-02-24 10:24:43;INFO]      | Loss didn't drop!

[2025-02-24 10:24:43;INFO]best epoch: 272, best loss: 0.127025
[2025-02-24 10:24:43;INFO]----------------------------------------------------------------------------------------------------

[2025-02-24 10:24:43;INFO]Current Epoch: 290 / 500 | Learning Rate : 0.00034549150281323155
[2025-02-24 10:25:12;INFO]Train | Loss : 0.175207 | ACC : 6356/6562 (96.861%)
[2025-02-24 10:25:16;INFO]Valid | Loss : 2.451587 | ACC : 1480/2813 (52.613%)
[2025-02-24 10:25:16;INFO]      | Loss didn't drop!

[2025-02-24 10:25:16;INFO]best epoch: 272, best loss: 0.127025
[2025-02-24 10:25:16;INFO]----------------------------------------------------------------------------------------------------

[2025-02-24 10:25:16;INFO]Current Epoch: 291 / 500 | Learning Rate : 0.0009999999999992157
[2025-02-24 10:25:45;INFO]Train | Loss : 0.231333 | ACC : 6237/6562 (95.047%)
[2025-02-24 10:25:49;INFO]Valid | Loss : 1.016205 | ACC : 2002/2813 (71.170%)
[2025-02-24 10:25:49;INFO]      | Loss didn't drop!

[2025-02-24 10:25:49;INFO]best epoch: 272, best loss: 0.127025
[2025-02-24 10:25:49;INFO]----------------------------------------------------------------------------------------------------

[2025-02-24 10:25:49;INFO]Current Epoch: 292 / 500 | Learning Rate : 0.0003454915028133676
[2025-02-24 10:26:19;INFO]Train | Loss : 0.291633 | ACC : 6108/6562 (93.081%)
[2025-02-24 10:26:23;INFO]Valid | Loss : 0.214753 | ACC : 2714/2813 (96.481%)
[2025-02-24 10:26:23;INFO]      | Loss didn't drop!

[2025-02-24 10:26:23;INFO]best epoch: 272, best loss: 0.127025
[2025-02-24 10:26:23;INFO]----------------------------------------------------------------------------------------------------

[2025-02-24 10:26:23;INFO]Current Epoch: 293 / 500 | Learning Rate : 9.549150281269949e-05
[2025-02-24 10:26:52;INFO]Train | Loss : 0.152377 | ACC : 6405/6562 (97.607%)
[2025-02-24 10:26:56;INFO]Valid | Loss : 0.602823 | ACC : 2194/2813 (77.995%)
[2025-02-24 10:26:56;INFO]      | Loss didn't drop!

[2025-02-24 10:26:56;INFO]best epoch: 272, best loss: 0.127025
[2025-02-24 10:26:56;INFO]----------------------------------------------------------------------------------------------------

[2025-02-24 10:26:56;INFO]Current Epoch: 294 / 500 | Learning Rate : 0.000904508497187691
[2025-02-24 10:27:25;INFO]Train | Loss : 0.145903 | ACC : 6365/6562 (96.998%)
[2025-02-24 10:27:29;INFO]Valid | Loss : 1.536632 | ACC : 1737/2813 (61.749%)
[2025-02-24 10:27:29;INFO]      | Loss didn't drop!

[2025-02-24 10:27:29;INFO]best epoch: 272, best loss: 0.127025
[2025-02-24 10:27:29;INFO]----------------------------------------------------------------------------------------------------

[2025-02-24 10:27:29;INFO]Current Epoch: 295 / 500 | Learning Rate : 0.0006545084971860166
[2025-02-24 10:27:58;INFO]Train | Loss : 0.274866 | ACC : 6138/6562 (93.539%)
[2025-02-24 10:28:02;INFO]Valid | Loss : 0.330733 | ACC : 2502/2813 (88.944%)
[2025-02-24 10:28:02;INFO]      | Loss didn't drop!

[2025-02-24 10:28:02;INFO]best epoch: 272, best loss: 0.127025
[2025-02-24 10:28:02;INFO]----------------------------------------------------------------------------------------------------

[2025-02-24 10:28:02;INFO]Current Epoch: 296 / 500 | Learning Rate : 0.0
[2025-02-24 10:28:31;INFO]Train | Loss : 0.187763 | ACC : 6323/6562 (96.358%)
[2025-02-24 10:28:36;INFO]Valid | Loss : 0.473892 | ACC : 2407/2813 (85.567%)
[2025-02-24 10:28:36;INFO]      | Loss didn't drop!

[2025-02-24 10:28:36;INFO]best epoch: 272, best loss: 0.127025
[2025-02-24 10:28:36;INFO]----------------------------------------------------------------------------------------------------

[2025-02-24 10:28:36;INFO]Current Epoch: 297 / 500 | Learning Rate : 0.0006545084971882551
[2025-02-24 10:29:05;INFO]Train | Loss : 0.181547 | ACC : 6303/6562 (96.053%)
[2025-02-24 10:29:09;INFO]Valid | Loss : 3.254288 | ACC : 1413/2813 (50.231%)
[2025-02-24 10:29:09;INFO]      | Loss didn't drop!

[2025-02-24 10:29:09;INFO]best epoch: 272, best loss: 0.127025
[2025-02-24 10:29:09;INFO]----------------------------------------------------------------------------------------------------

[2025-02-24 10:29:09;INFO]Current Epoch: 298 / 500 | Learning Rate : 0.000904508497191657
[2025-02-24 10:29:38;INFO]Train | Loss : 0.226955 | ACC : 6274/6562 (95.611%)
[2025-02-24 10:29:42;INFO]Valid | Loss : 0.175639 | ACC : 2689/2813 (95.592%)
[2025-02-24 10:29:42;INFO]      | Loss didn't drop!

[2025-02-24 10:29:42;INFO]best epoch: 272, best loss: 0.127025
[2025-02-24 10:29:42;INFO]----------------------------------------------------------------------------------------------------

[2025-02-24 10:29:42;INFO]Current Epoch: 299 / 500 | Learning Rate : 9.549150281272223e-05
[2025-02-24 10:30:11;INFO]Train | Loss : 0.173514 | ACC : 6357/6562 (96.876%)
[2025-02-24 10:30:15;INFO]Valid | Loss : 0.206304 | ACC : 2610/2813 (92.784%)
[2025-02-24 10:30:15;INFO]      | Loss didn't drop!

[2025-02-24 10:30:15;INFO]best epoch: 272, best loss: 0.127025
[2025-02-24 10:30:15;INFO]----------------------------------------------------------------------------------------------------

[2025-02-24 10:30:15;INFO]Current Epoch: 300 / 500 | Learning Rate : 0.00034549150281344
[2025-02-24 10:30:44;INFO]Train | Loss : 0.167374 | ACC : 6384/6562 (97.287%)
[2025-02-24 10:30:48;INFO]Valid | Loss : 0.789923 | ACC : 2210/2813 (78.564%)
[2025-02-24 10:30:48;INFO]      | Loss didn't drop!

[2025-02-24 10:30:48;INFO]best epoch: 272, best loss: 0.127025
[2025-02-24 10:30:48;INFO]----------------------------------------------------------------------------------------------------

[2025-02-24 10:30:48;INFO]Current Epoch: 301 / 500 | Learning Rate : 0.0009999999999998923
[2025-02-24 10:31:18;INFO]Train | Loss : 0.312786 | ACC : 6120/6562 (93.264%)
[2025-02-24 10:31:22;INFO]Valid | Loss : 0.162988 | ACC : 2739/2813 (97.369%)
[2025-02-24 10:31:22;INFO]      | Loss didn't drop!

[2025-02-24 10:31:22;INFO]best epoch: 272, best loss: 0.127025
[2025-02-24 10:31:22;INFO]----------------------------------------------------------------------------------------------------

[2025-02-24 10:31:22;INFO]Current Epoch: 302 / 500 | Learning Rate : 0.00034549150281362317
[2025-02-24 10:31:51;INFO]Train | Loss : 0.252532 | ACC : 6225/6562 (94.864%)
[2025-02-24 10:31:55;INFO]Valid | Loss : 0.261320 | ACC : 2663/2813 (94.668%)
[2025-02-24 10:31:55;INFO]      | Loss didn't drop!

[2025-02-24 10:31:55;INFO]best epoch: 272, best loss: 0.127025
[2025-02-24 10:31:55;INFO]----------------------------------------------------------------------------------------------------

[2025-02-24 10:31:55;INFO]Current Epoch: 303 / 500 | Learning Rate : 9.549150281232931e-05
[2025-02-24 10:32:24;INFO]Train | Loss : 0.307289 | ACC : 6087/6562 (92.761%)
[2025-02-24 10:32:28;INFO]Valid | Loss : 0.615994 | ACC : 2177/2813 (77.391%)
[2025-02-24 10:32:28;INFO]      | Loss didn't drop!

[2025-02-24 10:32:28;INFO]best epoch: 272, best loss: 0.127025
[2025-02-24 10:32:28;INFO]----------------------------------------------------------------------------------------------------

[2025-02-24 10:32:28;INFO]Current Epoch: 304 / 500 | Learning Rate : 0.0009045084971884127
[2025-02-24 10:32:57;INFO]Train | Loss : 0.243848 | ACC : 6209/6562 (94.621%)
[2025-02-24 10:33:01;INFO]Valid | Loss : 0.572911 | ACC : 2198/2813 (78.137%)
[2025-02-24 10:33:01;INFO]      | Loss didn't drop!

[2025-02-24 10:33:01;INFO]best epoch: 272, best loss: 0.127025
[2025-02-24 10:33:01;INFO]----------------------------------------------------------------------------------------------------

[2025-02-24 10:33:01;INFO]Current Epoch: 305 / 500 | Learning Rate : 0.0006545084971902617
[2025-02-24 10:33:30;INFO]Train | Loss : 0.190569 | ACC : 6310/6562 (96.160%)
[2025-02-24 10:33:35;INFO]Valid | Loss : 0.196761 | ACC : 2669/2813 (94.881%)
[2025-02-24 10:33:35;INFO]      | Loss didn't drop!

[2025-02-24 10:33:35;INFO]best epoch: 272, best loss: 0.127025
[2025-02-24 10:33:35;INFO]----------------------------------------------------------------------------------------------------

[2025-02-24 10:33:35;INFO]Current Epoch: 306 / 500 | Learning Rate : 0.0
[2025-02-24 10:34:04;INFO]Train | Loss : 0.121383 | ACC : 6444/6562 (98.202%)
[2025-02-24 10:34:08;INFO]Valid | Loss : 0.208435 | ACC : 2636/2813 (93.708%)
[2025-02-24 10:34:08;INFO]      | Loss didn't drop!

[2025-02-24 10:34:08;INFO]best epoch: 272, best loss: 0.127025
[2025-02-24 10:34:08;INFO]----------------------------------------------------------------------------------------------------

[2025-02-24 10:34:08;INFO]Current Epoch: 307 / 500 | Learning Rate : 0.0006545084971886721
[2025-02-24 10:34:37;INFO]Train | Loss : 0.142456 | ACC : 6394/6562 (97.440%)
[2025-02-24 10:34:41;INFO]Valid | Loss : 0.163876 | ACC : 2730/2813 (97.049%)
[2025-02-24 10:34:41;INFO]      | Loss didn't drop!

[2025-02-24 10:34:41;INFO]best epoch: 272, best loss: 0.127025
[2025-02-24 10:34:41;INFO]----------------------------------------------------------------------------------------------------

[2025-02-24 10:34:41;INFO]Current Epoch: 308 / 500 | Learning Rate : 0.0009045084971870554
[2025-02-24 10:35:10;INFO]Train | Loss : 0.131731 | ACC : 6411/6562 (97.699%)
[2025-02-24 10:35:14;INFO]Valid | Loss : 0.120146 | ACC : 2737/2813 (97.298%)
[2025-02-24 10:35:14;INFO]      | Loss dropped from 0.127025 to 0.120146, model has been saved!

[2025-02-24 10:35:14;INFO]best epoch: 308, best loss: 0.120146
[2025-02-24 10:35:14;INFO]----------------------------------------------------------------------------------------------------

[2025-02-24 10:35:14;INFO]Current Epoch: 309 / 500 | Learning Rate : 9.549150281280158e-05
[2025-02-24 10:35:43;INFO]Train | Loss : 0.171650 | ACC : 6316/6562 (96.251%)
[2025-02-24 10:35:47;INFO]Valid | Loss : 0.410836 | ACC : 2427/2813 (86.278%)
[2025-02-24 10:35:47;INFO]      | Loss didn't drop!

[2025-02-24 10:35:47;INFO]best epoch: 308, best loss: 0.120146
[2025-02-24 10:35:47;INFO]----------------------------------------------------------------------------------------------------

[2025-02-24 10:35:47;INFO]Current Epoch: 310 / 500 | Learning Rate : 0.00034549150281342915
[2025-02-24 10:36:17;INFO]Train | Loss : 0.133290 | ACC : 6413/6562 (97.729%)
[2025-02-24 10:36:21;INFO]Valid | Loss : 0.574335 | ACC : 2320/2813 (82.474%)
[2025-02-24 10:36:21;INFO]      | Loss didn't drop!

[2025-02-24 10:36:21;INFO]best epoch: 308, best loss: 0.120146
[2025-02-24 10:36:21;INFO]----------------------------------------------------------------------------------------------------

[2025-02-24 10:36:21;INFO]Current Epoch: 311 / 500 | Learning Rate : 0.0010000000000005588
[2025-02-24 10:36:50;INFO]Train | Loss : 0.192330 | ACC : 6278/6562 (95.672%)
[2025-02-24 10:36:54;INFO]Valid | Loss : 0.872064 | ACC : 2072/2813 (73.658%)
[2025-02-24 10:36:54;INFO]      | Loss didn't drop!

[2025-02-24 10:36:54;INFO]best epoch: 308, best loss: 0.120146
[2025-02-24 10:36:54;INFO]----------------------------------------------------------------------------------------------------

[2025-02-24 10:36:54;INFO]Current Epoch: 312 / 500 | Learning Rate : 0.00034549150281188497
[2025-02-24 10:37:23;INFO]Train | Loss : 0.115346 | ACC : 6458/6562 (98.415%)
[2025-02-24 10:37:27;INFO]Valid | Loss : 0.080184 | ACC : 2775/2813 (98.649%)
[2025-02-24 10:37:27;INFO]      | Loss dropped from 0.120146 to 0.080184, model has been saved!

[2025-02-24 10:37:27;INFO]best epoch: 312, best loss: 0.080184
[2025-02-24 10:37:27;INFO]----------------------------------------------------------------------------------------------------

[2025-02-24 10:37:27;INFO]Current Epoch: 313 / 500 | Learning Rate : 9.549150281293034e-05
[2025-02-24 10:37:56;INFO]Train | Loss : 0.154105 | ACC : 6330/6562 (96.464%)
[2025-02-24 10:38:00;INFO]Valid | Loss : 0.755046 | ACC : 2144/2813 (76.218%)
[2025-02-24 10:38:00;INFO]      | Loss didn't drop!

[2025-02-24 10:38:00;INFO]best epoch: 312, best loss: 0.080184
[2025-02-24 10:38:00;INFO]----------------------------------------------------------------------------------------------------

[2025-02-24 10:38:00;INFO]Current Epoch: 314 / 500 | Learning Rate : 0.0009045084971890085
[2025-02-24 10:38:29;INFO]Train | Loss : 0.247022 | ACC : 6184/6562 (94.240%)
[2025-02-24 10:38:34;INFO]Valid | Loss : 0.751366 | ACC : 2123/2813 (75.471%)
[2025-02-24 10:38:34;INFO]      | Loss didn't drop!

[2025-02-24 10:38:34;INFO]best epoch: 312, best loss: 0.080184
[2025-02-24 10:38:34;INFO]----------------------------------------------------------------------------------------------------

[2025-02-24 10:38:34;INFO]Current Epoch: 315 / 500 | Learning Rate : 0.0006545084971867303
[2025-02-24 10:39:03;INFO]Train | Loss : 0.190365 | ACC : 6351/6562 (96.785%)
[2025-02-24 10:39:07;INFO]Valid | Loss : 0.262028 | ACC : 2560/2813 (91.006%)
[2025-02-24 10:39:07;INFO]      | Loss didn't drop!

[2025-02-24 10:39:07;INFO]best epoch: 312, best loss: 0.080184
[2025-02-24 10:39:07;INFO]----------------------------------------------------------------------------------------------------

[2025-02-24 10:39:07;INFO]Current Epoch: 316 / 500 | Learning Rate : 0.0
[2025-02-24 10:39:36;INFO]Train | Loss : 0.193630 | ACC : 6259/6562 (95.383%)
[2025-02-24 10:39:40;INFO]Valid | Loss : 0.200321 | ACC : 2651/2813 (94.241%)
[2025-02-24 10:39:40;INFO]      | Loss didn't drop!

[2025-02-24 10:39:40;INFO]best epoch: 312, best loss: 0.080184
[2025-02-24 10:39:40;INFO]----------------------------------------------------------------------------------------------------

[2025-02-24 10:39:40;INFO]Current Epoch: 317 / 500 | Learning Rate : 0.0006545084971893004
[2025-02-24 10:40:09;INFO]Train | Loss : 0.135307 | ACC : 6403/6562 (97.577%)
[2025-02-24 10:40:13;INFO]Valid | Loss : 1.319518 | ACC : 1907/2813 (67.792%)
[2025-02-24 10:40:13;INFO]      | Loss didn't drop!

[2025-02-24 10:40:13;INFO]best epoch: 312, best loss: 0.080184
[2025-02-24 10:40:13;INFO]----------------------------------------------------------------------------------------------------

[2025-02-24 10:40:13;INFO]Current Epoch: 318 / 500 | Learning Rate : 0.0009045084971876747
[2025-02-24 10:40:42;INFO]Train | Loss : 0.154981 | ACC : 6353/6562 (96.815%)
[2025-02-24 10:40:46;INFO]Valid | Loss : 0.732812 | ACC : 2043/2813 (72.627%)
[2025-02-24 10:40:46;INFO]      | Loss didn't drop!

[2025-02-24 10:40:46;INFO]best epoch: 312, best loss: 0.080184
[2025-02-24 10:40:46;INFO]----------------------------------------------------------------------------------------------------

[2025-02-24 10:40:46;INFO]Current Epoch: 319 / 500 | Learning Rate : 9.549150281288158e-05
[2025-02-24 10:41:16;INFO]Train | Loss : 0.187249 | ACC : 6300/6562 (96.007%)
[2025-02-24 10:41:20;INFO]Valid | Loss : 0.828692 | ACC : 2196/2813 (78.066%)
[2025-02-24 10:41:20;INFO]      | Loss didn't drop!

[2025-02-24 10:41:20;INFO]best epoch: 312, best loss: 0.080184
[2025-02-24 10:41:20;INFO]----------------------------------------------------------------------------------------------------

[2025-02-24 10:41:20;INFO]Current Epoch: 320 / 500 | Learning Rate : 0.0003454915028118569
[2025-02-24 10:41:49;INFO]Train | Loss : 0.325453 | ACC : 6008/6562 (91.557%)
[2025-02-24 10:41:53;INFO]Valid | Loss : 1.947443 | ACC : 1594/2813 (56.665%)
[2025-02-24 10:41:53;INFO]      | Loss didn't drop!

[2025-02-24 10:41:53;INFO]best epoch: 312, best loss: 0.080184
[2025-02-24 10:41:53;INFO]----------------------------------------------------------------------------------------------------

[2025-02-24 10:41:53;INFO]Current Epoch: 321 / 500 | Learning Rate : 0.0010000000000012354
[2025-02-24 10:42:22;INFO]Train | Loss : 0.267851 | ACC : 6196/6562 (94.422%)
[2025-02-24 10:42:26;INFO]Valid | Loss : 0.405220 | ACC : 2402/2813 (85.389%)
[2025-02-24 10:42:26;INFO]      | Loss didn't drop!

[2025-02-24 10:42:26;INFO]best epoch: 312, best loss: 0.080184
[2025-02-24 10:42:26;INFO]----------------------------------------------------------------------------------------------------

[2025-02-24 10:42:26;INFO]Current Epoch: 322 / 500 | Learning Rate : 0.00034549150281414087
[2025-02-24 10:42:55;INFO]Train | Loss : 0.213058 | ACC : 6232/6562 (94.971%)
[2025-02-24 10:42:59;INFO]Valid | Loss : 0.153222 | ACC : 2729/2813 (97.014%)
[2025-02-24 10:42:59;INFO]      | Loss didn't drop!

[2025-02-24 10:42:59;INFO]best epoch: 312, best loss: 0.080184
[2025-02-24 10:42:59;INFO]----------------------------------------------------------------------------------------------------

[2025-02-24 10:42:59;INFO]Current Epoch: 323 / 500 | Learning Rate : 9.549150281242741e-05
[2025-02-24 10:43:28;INFO]Train | Loss : 0.142422 | ACC : 6399/6562 (97.516%)
[2025-02-24 10:43:33;INFO]Valid | Loss : 1.033493 | ACC : 1868/2813 (66.406%)
[2025-02-24 10:43:33;INFO]      | Loss didn't drop!

[2025-02-24 10:43:33;INFO]best epoch: 312, best loss: 0.080184
[2025-02-24 10:43:33;INFO]----------------------------------------------------------------------------------------------------

[2025-02-24 10:43:33;INFO]Current Epoch: 324 / 500 | Learning Rate : 0.0009045084971894638
[2025-02-24 10:44:02;INFO]Train | Loss : 0.311512 | ACC : 6032/6562 (91.923%)
[2025-02-24 10:44:06;INFO]Valid | Loss : 0.302703 | ACC : 2579/2813 (91.681%)
[2025-02-24 10:44:06;INFO]      | Loss didn't drop!

[2025-02-24 10:44:06;INFO]best epoch: 312, best loss: 0.080184
[2025-02-24 10:44:06;INFO]----------------------------------------------------------------------------------------------------

[2025-02-24 10:44:06;INFO]Current Epoch: 325 / 500 | Learning Rate : 0.0006545084971874081
[2025-02-24 10:44:35;INFO]Train | Loss : 0.172994 | ACC : 6345/6562 (96.693%)
[2025-02-24 10:44:39;INFO]Valid | Loss : 0.107209 | ACC : 2772/2813 (98.542%)
[2025-02-24 10:44:39;INFO]      | Loss didn't drop!

[2025-02-24 10:44:39;INFO]best epoch: 312, best loss: 0.080184
[2025-02-24 10:44:39;INFO]----------------------------------------------------------------------------------------------------

[2025-02-24 10:44:39;INFO]Current Epoch: 326 / 500 | Learning Rate : 0.0
[2025-02-24 10:45:08;INFO]Train | Loss : 0.171023 | ACC : 6325/6562 (96.388%)
[2025-02-24 10:45:12;INFO]Valid | Loss : 1.670221 | ACC : 1669/2813 (59.332%)
[2025-02-24 10:45:12;INFO]      | Loss didn't drop!

[2025-02-24 10:45:12;INFO]best epoch: 312, best loss: 0.080184
[2025-02-24 10:45:12;INFO]----------------------------------------------------------------------------------------------------

[2025-02-24 10:45:12;INFO]Current Epoch: 327 / 500 | Learning Rate : 0.000654508497189718
[2025-02-24 10:45:41;INFO]Train | Loss : 0.202886 | ACC : 6237/6562 (95.047%)
[2025-02-24 10:45:45;INFO]Valid | Loss : 1.833677 | ACC : 1550/2813 (55.101%)
[2025-02-24 10:45:45;INFO]      | Loss didn't drop!

[2025-02-24 10:45:45;INFO]best epoch: 312, best loss: 0.080184
[2025-02-24 10:45:45;INFO]----------------------------------------------------------------------------------------------------

[2025-02-24 10:45:45;INFO]Current Epoch: 328 / 500 | Learning Rate : 0.0009045084971881686
[2025-02-24 10:46:15;INFO]Train | Loss : 0.193177 | ACC : 6346/6562 (96.708%)
[2025-02-24 10:46:19;INFO]Valid | Loss : 0.256230 | ACC : 2597/2813 (92.321%)
[2025-02-24 10:46:19;INFO]      | Loss didn't drop!

[2025-02-24 10:46:19;INFO]best epoch: 312, best loss: 0.080184
[2025-02-24 10:46:19;INFO]----------------------------------------------------------------------------------------------------

[2025-02-24 10:46:19;INFO]Current Epoch: 329 / 500 | Learning Rate : 9.549150281240986e-05
[2025-02-24 10:46:48;INFO]Train | Loss : 0.220898 | ACC : 6252/6562 (95.276%)
[2025-02-24 10:46:52;INFO]Valid | Loss : 0.403150 | ACC : 2335/2813 (83.007%)
[2025-02-24 10:46:52;INFO]      | Loss didn't drop!

[2025-02-24 10:46:52;INFO]best epoch: 312, best loss: 0.080184
[2025-02-24 10:46:52;INFO]----------------------------------------------------------------------------------------------------

[2025-02-24 10:46:52;INFO]Current Epoch: 330 / 500 | Learning Rate : 0.0003454915028140593
[2025-02-24 10:47:21;INFO]Train | Loss : 0.243464 | ACC : 6202/6562 (94.514%)
[2025-02-24 10:47:25;INFO]Valid | Loss : 1.344007 | ACC : 1845/2813 (65.588%)
[2025-02-24 10:47:25;INFO]      | Loss didn't drop!

[2025-02-24 10:47:25;INFO]best epoch: 312, best loss: 0.080184
[2025-02-24 10:47:25;INFO]----------------------------------------------------------------------------------------------------

[2025-02-24 10:47:25;INFO]Current Epoch: 331 / 500 | Learning Rate : 0.0010000000000019026
[2025-02-24 10:47:54;INFO]Train | Loss : 0.172737 | ACC : 6349/6562 (96.754%)
[2025-02-24 10:47:58;INFO]Valid | Loss : 0.282991 | ACC : 2551/2813 (90.686%)
[2025-02-24 10:47:58;INFO]      | Loss didn't drop!

[2025-02-24 10:47:58;INFO]best epoch: 312, best loss: 0.080184
[2025-02-24 10:47:58;INFO]----------------------------------------------------------------------------------------------------

[2025-02-24 10:47:58;INFO]Current Epoch: 332 / 500 | Learning Rate : 0.0003454915028123996
[2025-02-24 10:48:27;INFO]Train | Loss : 0.219783 | ACC : 6251/6562 (95.261%)
[2025-02-24 10:48:32;INFO]Valid | Loss : 0.211714 | ACC : 2683/2813 (95.379%)
[2025-02-24 10:48:32;INFO]      | Loss didn't drop!

[2025-02-24 10:48:32;INFO]best epoch: 312, best loss: 0.080184
[2025-02-24 10:48:32;INFO]----------------------------------------------------------------------------------------------------

[2025-02-24 10:48:32;INFO]Current Epoch: 333 / 500 | Learning Rate : 9.549150281247553e-05
[2025-02-24 10:49:01;INFO]Train | Loss : 0.290038 | ACC : 6116/6562 (93.203%)
[2025-02-24 10:49:05;INFO]Valid | Loss : 2.203632 | ACC : 1422/2813 (50.551%)
[2025-02-24 10:49:05;INFO]      | Loss didn't drop!

[2025-02-24 10:49:05;INFO]best epoch: 312, best loss: 0.080184
[2025-02-24 10:49:05;INFO]----------------------------------------------------------------------------------------------------

[2025-02-24 10:49:05;INFO]Current Epoch: 334 / 500 | Learning Rate : 0.0009045084971901937
[2025-02-24 10:49:34;INFO]Train | Loss : 0.167995 | ACC : 6367/6562 (97.028%)
[2025-02-24 10:49:38;INFO]Valid | Loss : 0.505948 | ACC : 2271/2813 (80.732%)
[2025-02-24 10:49:38;INFO]      | Loss didn't drop!

[2025-02-24 10:49:38;INFO]best epoch: 312, best loss: 0.080184
[2025-02-24 10:49:38;INFO]----------------------------------------------------------------------------------------------------

[2025-02-24 10:49:38;INFO]Current Epoch: 335 / 500 | Learning Rate : 0.000654508497187876
[2025-02-24 10:50:07;INFO]Train | Loss : 0.138595 | ACC : 6411/6562 (97.699%)
[2025-02-24 10:50:11;INFO]Valid | Loss : 0.104732 | ACC : 2765/2813 (98.294%)
[2025-02-24 10:50:11;INFO]      | Loss didn't drop!

[2025-02-24 10:50:11;INFO]best epoch: 312, best loss: 0.080184
[2025-02-24 10:50:11;INFO]----------------------------------------------------------------------------------------------------

[2025-02-24 10:50:11;INFO]Current Epoch: 336 / 500 | Learning Rate : 0.0
[2025-02-24 10:50:40;INFO]Train | Loss : 0.274836 | ACC : 6080/6562 (92.655%)
[2025-02-24 10:50:44;INFO]Valid | Loss : 2.014584 | ACC : 1448/2813 (51.475%)
[2025-02-24 10:50:44;INFO]      | Loss didn't drop!

[2025-02-24 10:50:44;INFO]best epoch: 312, best loss: 0.080184
[2025-02-24 10:50:44;INFO]----------------------------------------------------------------------------------------------------

[2025-02-24 10:50:44;INFO]Current Epoch: 337 / 500 | Learning Rate : 0.0006545084971863521
[2025-02-24 10:51:14;INFO]Train | Loss : 0.257513 | ACC : 6106/6562 (93.051%)
[2025-02-24 10:51:18;INFO]Valid | Loss : 2.728974 | ACC : 1353/2813 (48.098%)
[2025-02-24 10:51:18;INFO]      | Loss didn't drop!

[2025-02-24 10:51:18;INFO]best epoch: 312, best loss: 0.080184
[2025-02-24 10:51:18;INFO]----------------------------------------------------------------------------------------------------

[2025-02-24 10:51:18;INFO]Current Epoch: 338 / 500 | Learning Rate : 0.0009045084971889215
[2025-02-24 10:51:47;INFO]Train | Loss : 0.145105 | ACC : 6381/6562 (97.242%)
[2025-02-24 10:51:51;INFO]Valid | Loss : 0.133982 | ACC : 2725/2813 (96.872%)
[2025-02-24 10:51:51;INFO]      | Loss didn't drop!

[2025-02-24 10:51:51;INFO]best epoch: 312, best loss: 0.080184
[2025-02-24 10:51:51;INFO]----------------------------------------------------------------------------------------------------

[2025-02-24 10:51:51;INFO]Current Epoch: 339 / 500 | Learning Rate : 9.549150281304113e-05
[2025-02-24 10:52:20;INFO]Train | Loss : 0.145408 | ACC : 6364/6562 (96.983%)
[2025-02-24 10:52:24;INFO]Valid | Loss : 0.093156 | ACC : 2768/2813 (98.400%)
[2025-02-24 10:52:24;INFO]      | Loss didn't drop!

[2025-02-24 10:52:24;INFO]best epoch: 312, best loss: 0.080184
[2025-02-24 10:52:24;INFO]----------------------------------------------------------------------------------------------------

[2025-02-24 10:52:24;INFO]Current Epoch: 340 / 500 | Learning Rate : 0.00034549150281227073
[2025-02-24 10:52:53;INFO]Train | Loss : 0.183882 | ACC : 6286/6562 (95.794%)
[2025-02-24 10:52:57;INFO]Valid | Loss : 1.794317 | ACC : 1843/2813 (65.517%)
[2025-02-24 10:52:57;INFO]      | Loss didn't drop!

[2025-02-24 10:52:57;INFO]best epoch: 312, best loss: 0.080184
[2025-02-24 10:52:57;INFO]----------------------------------------------------------------------------------------------------

[2025-02-24 10:52:57;INFO]Current Epoch: 341 / 500 | Learning Rate : 0.0010000000000025793
[2025-02-24 10:53:26;INFO]Train | Loss : 0.286255 | ACC : 6082/6562 (92.685%)
[2025-02-24 10:53:31;INFO]Valid | Loss : 1.898082 | ACC : 1329/2813 (47.245%)
[2025-02-24 10:53:31;INFO]      | Loss didn't drop!

[2025-02-24 10:53:31;INFO]best epoch: 312, best loss: 0.080184
[2025-02-24 10:53:31;INFO]----------------------------------------------------------------------------------------------------

[2025-02-24 10:53:31;INFO]Current Epoch: 342 / 500 | Learning Rate : 0.00034549150281244204
[2025-02-24 10:54:00;INFO]Train | Loss : 0.201233 | ACC : 6274/6562 (95.611%)
[2025-02-24 10:54:04;INFO]Valid | Loss : 0.117055 | ACC : 2765/2813 (98.294%)
[2025-02-24 10:54:04;INFO]      | Loss didn't drop!

[2025-02-24 10:54:04;INFO]best epoch: 312, best loss: 0.080184
[2025-02-24 10:54:04;INFO]----------------------------------------------------------------------------------------------------

[2025-02-24 10:54:04;INFO]Current Epoch: 343 / 500 | Learning Rate : 9.549150281252459e-05
[2025-02-24 10:54:33;INFO]Train | Loss : 0.132957 | ACC : 6410/6562 (97.684%)
[2025-02-24 10:54:37;INFO]Valid | Loss : 1.655554 | ACC : 1610/2813 (57.234%)
[2025-02-24 10:54:37;INFO]      | Loss didn't drop!

[2025-02-24 10:54:37;INFO]best epoch: 312, best loss: 0.080184
[2025-02-24 10:54:37;INFO]----------------------------------------------------------------------------------------------------

[2025-02-24 10:54:37;INFO]Current Epoch: 344 / 500 | Learning Rate : 0.0009045084971907815
[2025-02-24 10:55:06;INFO]Train | Loss : 0.166948 | ACC : 6363/6562 (96.967%)
[2025-02-24 10:55:10;INFO]Valid | Loss : 0.419537 | ACC : 2402/2813 (85.389%)
[2025-02-24 10:55:10;INFO]      | Loss didn't drop!

[2025-02-24 10:55:10;INFO]best epoch: 312, best loss: 0.080184
[2025-02-24 10:55:10;INFO]----------------------------------------------------------------------------------------------------

[2025-02-24 10:55:10;INFO]Current Epoch: 345 / 500 | Learning Rate : 0.0006545084971881216
[2025-02-24 10:55:39;INFO]Train | Loss : 0.146625 | ACC : 6362/6562 (96.952%)
[2025-02-24 10:55:43;INFO]Valid | Loss : 0.437431 | ACC : 2340/2813 (83.185%)
[2025-02-24 10:55:43;INFO]      | Loss didn't drop!

[2025-02-24 10:55:43;INFO]best epoch: 312, best loss: 0.080184
[2025-02-24 10:55:43;INFO]----------------------------------------------------------------------------------------------------

[2025-02-24 10:55:43;INFO]Current Epoch: 346 / 500 | Learning Rate : 0.0
[2025-02-24 10:56:13;INFO]Train | Loss : 0.321576 | ACC : 6014/6562 (91.649%)
[2025-02-24 10:56:17;INFO]Valid | Loss : 0.535516 | ACC : 2227/2813 (79.168%)
[2025-02-24 10:56:17;INFO]      | Loss didn't drop!

[2025-02-24 10:56:17;INFO]best epoch: 312, best loss: 0.080184
[2025-02-24 10:56:17;INFO]----------------------------------------------------------------------------------------------------

[2025-02-24 10:56:17;INFO]Current Epoch: 347 / 500 | Learning Rate : 0.0006545084971905469
[2025-02-24 10:56:46;INFO]Train | Loss : 0.170545 | ACC : 6330/6562 (96.464%)
[2025-02-24 10:56:50;INFO]Valid | Loss : 0.790163 | ACC : 2212/2813 (78.635%)
[2025-02-24 10:56:50;INFO]      | Loss didn't drop!

[2025-02-24 10:56:50;INFO]best epoch: 312, best loss: 0.080184
[2025-02-24 10:56:50;INFO]----------------------------------------------------------------------------------------------------

[2025-02-24 10:56:50;INFO]Current Epoch: 348 / 500 | Learning Rate : 0.0009045084971894149
[2025-02-24 10:57:19;INFO]Train | Loss : 0.240677 | ACC : 6137/6562 (93.523%)
[2025-02-24 10:57:23;INFO]Valid | Loss : 1.474537 | ACC : 1712/2813 (60.860%)
[2025-02-24 10:57:23;INFO]      | Loss didn't drop!

[2025-02-24 10:57:23;INFO]best epoch: 312, best loss: 0.080184
[2025-02-24 10:57:23;INFO]----------------------------------------------------------------------------------------------------

[2025-02-24 10:57:23;INFO]Current Epoch: 349 / 500 | Learning Rate : 9.549150281256927e-05
[2025-02-24 10:57:52;INFO]Train | Loss : 0.290101 | ACC : 6071/6562 (92.518%)
[2025-02-24 10:57:56;INFO]Valid | Loss : 0.453540 | ACC : 2246/2813 (79.844%)
[2025-02-24 10:57:56;INFO]      | Loss didn't drop!

[2025-02-24 10:57:56;INFO]best epoch: 312, best loss: 0.080184
[2025-02-24 10:57:56;INFO]----------------------------------------------------------------------------------------------------

[2025-02-24 10:57:56;INFO]Current Epoch: 350 / 500 | Learning Rate : 0.00034549150281247933
[2025-02-24 10:58:25;INFO]Train | Loss : 0.163502 | ACC : 6373/6562 (97.120%)
[2025-02-24 10:58:30;INFO]Valid | Loss : 1.660290 | ACC : 1741/2813 (61.891%)
[2025-02-24 10:58:30;INFO]      | Loss didn't drop!

[2025-02-24 10:58:30;INFO]best epoch: 312, best loss: 0.080184
[2025-02-24 10:58:30;INFO]----------------------------------------------------------------------------------------------------

[2025-02-24 10:58:30;INFO]Current Epoch: 351 / 500 | Learning Rate : 0.0010000000000032466
[2025-02-24 10:58:59;INFO]Train | Loss : 0.324557 | ACC : 6012/6562 (91.618%)
[2025-02-24 10:59:03;INFO]Valid | Loss : 0.922899 | ACC : 2100/2813 (74.653%)
[2025-02-24 10:59:03;INFO]      | Loss didn't drop!

[2025-02-24 10:59:03;INFO]best epoch: 312, best loss: 0.080184
[2025-02-24 10:59:03;INFO]----------------------------------------------------------------------------------------------------

[2025-02-24 10:59:03;INFO]Current Epoch: 352 / 500 | Learning Rate : 0.00034549150281291404
[2025-02-24 10:59:32;INFO]Train | Loss : 0.198081 | ACC : 6280/6562 (95.703%)
[2025-02-24 10:59:36;INFO]Valid | Loss : 0.135816 | ACC : 2755/2813 (97.938%)
[2025-02-24 10:59:36;INFO]      | Loss didn't drop!

[2025-02-24 10:59:36;INFO]best epoch: 312, best loss: 0.080184
[2025-02-24 10:59:36;INFO]----------------------------------------------------------------------------------------------------

[2025-02-24 10:59:36;INFO]Current Epoch: 353 / 500 | Learning Rate : 9.549150281257277e-05
[2025-02-24 11:00:05;INFO]Train | Loss : 0.147797 | ACC : 6371/6562 (97.089%)
[2025-02-24 11:00:09;INFO]Valid | Loss : 0.230673 | ACC : 2622/2813 (93.210%)
[2025-02-24 11:00:09;INFO]      | Loss didn't drop!

[2025-02-24 11:00:09;INFO]best epoch: 312, best loss: 0.080184
[2025-02-24 11:00:09;INFO]----------------------------------------------------------------------------------------------------

[2025-02-24 11:00:09;INFO]Current Epoch: 354 / 500 | Learning Rate : 0.0009045084971861491
[2025-02-24 11:00:38;INFO]Train | Loss : 0.116376 | ACC : 6416/6562 (97.775%)
[2025-02-24 11:00:42;INFO]Valid | Loss : 1.522584 | ACC : 1895/2813 (67.366%)
[2025-02-24 11:00:42;INFO]      | Loss didn't drop!

[2025-02-24 11:00:42;INFO]best epoch: 312, best loss: 0.080184
[2025-02-24 11:00:42;INFO]----------------------------------------------------------------------------------------------------

[2025-02-24 11:00:42;INFO]Current Epoch: 355 / 500 | Learning Rate : 0.0006545084971885894
[2025-02-24 11:01:12;INFO]Train | Loss : 0.230064 | ACC : 6213/6562 (94.681%)
[2025-02-24 11:01:16;INFO]Valid | Loss : 0.231123 | ACC : 2665/2813 (94.739%)
[2025-02-24 11:01:16;INFO]      | Loss didn't drop!

[2025-02-24 11:01:16;INFO]best epoch: 312, best loss: 0.080184
[2025-02-24 11:01:16;INFO]----------------------------------------------------------------------------------------------------

[2025-02-24 11:01:16;INFO]Current Epoch: 356 / 500 | Learning Rate : 0.0
[2025-02-24 11:01:45;INFO]Train | Loss : 0.213228 | ACC : 6253/6562 (95.291%)
[2025-02-24 11:01:49;INFO]Valid | Loss : 0.888188 | ACC : 2098/2813 (74.582%)
[2025-02-24 11:01:49;INFO]      | Loss didn't drop!

[2025-02-24 11:01:49;INFO]best epoch: 312, best loss: 0.080184
[2025-02-24 11:01:49;INFO]----------------------------------------------------------------------------------------------------

[2025-02-24 11:01:49;INFO]Current Epoch: 357 / 500 | Learning Rate : 0.0006545084971871816
[2025-02-24 11:02:18;INFO]Train | Loss : 0.134715 | ACC : 6399/6562 (97.516%)
[2025-02-24 11:02:22;INFO]Valid | Loss : 3.110633 | ACC : 1417/2813 (50.373%)
[2025-02-24 11:02:22;INFO]      | Loss didn't drop!

[2025-02-24 11:02:22;INFO]best epoch: 312, best loss: 0.080184
[2025-02-24 11:02:22;INFO]----------------------------------------------------------------------------------------------------

[2025-02-24 11:02:22;INFO]Current Epoch: 358 / 500 | Learning Rate : 0.0009045084971900422
[2025-02-24 11:02:51;INFO]Train | Loss : 0.150273 | ACC : 6352/6562 (96.800%)
[2025-02-24 11:02:55;INFO]Valid | Loss : 0.151873 | ACC : 2744/2813 (97.547%)
[2025-02-24 11:02:55;INFO]      | Loss didn't drop!

[2025-02-24 11:02:55;INFO]best epoch: 312, best loss: 0.080184
[2025-02-24 11:02:55;INFO]----------------------------------------------------------------------------------------------------

[2025-02-24 11:02:55;INFO]Current Epoch: 359 / 500 | Learning Rate : 9.54915028125157e-05
[2025-02-24 11:03:24;INFO]Train | Loss : 0.113254 | ACC : 6439/6562 (98.126%)
[2025-02-24 11:03:28;INFO]Valid | Loss : 0.672492 | ACC : 2213/2813 (78.670%)
[2025-02-24 11:03:28;INFO]      | Loss didn't drop!

[2025-02-24 11:03:28;INFO]best epoch: 312, best loss: 0.080184
[2025-02-24 11:03:28;INFO]----------------------------------------------------------------------------------------------------

[2025-02-24 11:03:28;INFO]Current Epoch: 360 / 500 | Learning Rate : 0.0003454915028126847
[2025-02-24 11:03:58;INFO]Train | Loss : 0.194071 | ACC : 6288/6562 (95.824%)
[2025-02-24 11:04:02;INFO]Valid | Loss : 1.269512 | ACC : 1992/2813 (70.814%)
[2025-02-24 11:04:02;INFO]      | Loss didn't drop!

[2025-02-24 11:04:02;INFO]best epoch: 312, best loss: 0.080184
[2025-02-24 11:04:02;INFO]----------------------------------------------------------------------------------------------------

[2025-02-24 11:04:02;INFO]Current Epoch: 361 / 500 | Learning Rate : 0.0009999999999981426
[2025-02-24 11:04:31;INFO]Train | Loss : 0.169753 | ACC : 6291/6562 (95.870%)
[2025-02-24 11:04:35;INFO]Valid | Loss : 2.265213 | ACC : 1577/2813 (56.061%)
[2025-02-24 11:04:35;INFO]      | Loss didn't drop!

[2025-02-24 11:04:35;INFO]best epoch: 312, best loss: 0.080184
[2025-02-24 11:04:35;INFO]----------------------------------------------------------------------------------------------------

[2025-02-24 11:04:35;INFO]Current Epoch: 362 / 500 | Learning Rate : 0.0003454915028129567
[2025-02-24 11:05:04;INFO]Train | Loss : 0.105813 | ACC : 6447/6562 (98.247%)
[2025-02-24 11:05:08;INFO]Valid | Loss : 0.089058 | ACC : 2769/2813 (98.436%)
[2025-02-24 11:05:08;INFO]      | Loss didn't drop!

[2025-02-24 11:05:08;INFO]best epoch: 312, best loss: 0.080184
[2025-02-24 11:05:08;INFO]----------------------------------------------------------------------------------------------------

[2025-02-24 11:05:08;INFO]Current Epoch: 363 / 500 | Learning Rate : 9.549150281262179e-05
[2025-02-24 11:05:37;INFO]Train | Loss : 0.203395 | ACC : 6265/6562 (95.474%)
[2025-02-24 11:05:41;INFO]Valid | Loss : 2.794184 | ACC : 1651/2813 (58.692%)
[2025-02-24 11:05:41;INFO]      | Loss didn't drop!

[2025-02-24 11:05:41;INFO]best epoch: 312, best loss: 0.080184
[2025-02-24 11:05:41;INFO]----------------------------------------------------------------------------------------------------

[2025-02-24 11:05:41;INFO]Current Epoch: 364 / 500 | Learning Rate : 0.0009045084971919733
[2025-02-24 11:06:10;INFO]Train | Loss : 0.272322 | ACC : 6106/6562 (93.051%)
[2025-02-24 11:06:15;INFO]Valid | Loss : 2.231751 | ACC : 1467/2813 (52.151%)
[2025-02-24 11:06:15;INFO]      | Loss didn't drop!

[2025-02-24 11:06:15;INFO]best epoch: 312, best loss: 0.080184
[2025-02-24 11:06:15;INFO]----------------------------------------------------------------------------------------------------

[2025-02-24 11:06:15;INFO]Current Epoch: 365 / 500 | Learning Rate : 0.000654508497189274
[2025-02-24 11:06:44;INFO]Train | Loss : 0.151599 | ACC : 6355/6562 (96.845%)
[2025-02-24 11:06:48;INFO]Valid | Loss : 0.289115 | ACC : 2506/2813 (89.086%)
[2025-02-24 11:06:48;INFO]      | Loss didn't drop!

[2025-02-24 11:06:48;INFO]best epoch: 312, best loss: 0.080184
[2025-02-24 11:06:48;INFO]----------------------------------------------------------------------------------------------------

[2025-02-24 11:06:48;INFO]Current Epoch: 366 / 500 | Learning Rate : 0.0
[2025-02-24 11:07:17;INFO]Train | Loss : 0.180270 | ACC : 6315/6562 (96.236%)
[2025-02-24 11:07:21;INFO]Valid | Loss : 0.799713 | ACC : 2154/2813 (76.573%)
[2025-02-24 11:07:21;INFO]      | Loss didn't drop!

[2025-02-24 11:07:21;INFO]best epoch: 312, best loss: 0.080184
[2025-02-24 11:07:21;INFO]----------------------------------------------------------------------------------------------------

[2025-02-24 11:07:21;INFO]Current Epoch: 367 / 500 | Learning Rate : 0.0006545084971875928
[2025-02-24 11:07:50;INFO]Train | Loss : 0.230000 | ACC : 6212/6562 (94.666%)
[2025-02-24 11:07:54;INFO]Valid | Loss : 0.445267 | ACC : 2383/2813 (84.714%)
[2025-02-24 11:07:54;INFO]      | Loss didn't drop!

[2025-02-24 11:07:54;INFO]best epoch: 312, best loss: 0.080184
[2025-02-24 11:07:54;INFO]----------------------------------------------------------------------------------------------------

[2025-02-24 11:07:54;INFO]Current Epoch: 368 / 500 | Learning Rate : 0.0009045084971906616
[2025-02-24 11:08:23;INFO]Train | Loss : 0.140281 | ACC : 6368/6562 (97.044%)
[2025-02-24 11:08:27;INFO]Valid | Loss : 0.144478 | ACC : 2701/2813 (96.018%)
[2025-02-24 11:08:27;INFO]      | Loss didn't drop!

[2025-02-24 11:08:27;INFO]best epoch: 312, best loss: 0.080184
[2025-02-24 11:08:27;INFO]----------------------------------------------------------------------------------------------------

[2025-02-24 11:08:27;INFO]Current Epoch: 369 / 500 | Learning Rate : 9.549150281259502e-05
[2025-02-24 11:08:57;INFO]Train | Loss : 0.113502 | ACC : 6399/6562 (97.516%)
[2025-02-24 11:09:01;INFO]Valid | Loss : 0.095352 | ACC : 2753/2813 (97.867%)
[2025-02-24 11:09:01;INFO]      | Loss didn't drop!

[2025-02-24 11:09:01;INFO]best epoch: 312, best loss: 0.080184
[2025-02-24 11:09:01;INFO]----------------------------------------------------------------------------------------------------

[2025-02-24 11:09:01;INFO]Current Epoch: 370 / 500 | Learning Rate : 0.0003454915028131095
[2025-02-24 11:09:30;INFO]Train | Loss : 0.160911 | ACC : 6301/6562 (96.023%)
[2025-02-24 11:09:34;INFO]Valid | Loss : 1.248642 | ACC : 1998/2813 (71.027%)
[2025-02-24 11:09:34;INFO]      | Loss didn't drop!

[2025-02-24 11:09:34;INFO]best epoch: 312, best loss: 0.080184
[2025-02-24 11:09:34;INFO]----------------------------------------------------------------------------------------------------

[2025-02-24 11:09:34;INFO]Current Epoch: 371 / 500 | Learning Rate : 0.0009999999999988189
[2025-02-24 11:10:03;INFO]Train | Loss : 0.215769 | ACC : 6232/6562 (94.971%)
[2025-02-24 11:10:07;INFO]Valid | Loss : 0.291819 | ACC : 2508/2813 (89.157%)
[2025-02-24 11:10:07;INFO]      | Loss didn't drop!

[2025-02-24 11:10:07;INFO]best epoch: 312, best loss: 0.080184
[2025-02-24 11:10:07;INFO]----------------------------------------------------------------------------------------------------

[2025-02-24 11:10:07;INFO]Current Epoch: 372 / 500 | Learning Rate : 0.00034549150281321567
[2025-02-24 11:10:36;INFO]Train | Loss : 0.201606 | ACC : 6263/6562 (95.443%)
[2025-02-24 11:10:40;INFO]Valid | Loss : 0.174690 | ACC : 2735/2813 (97.227%)
[2025-02-24 11:10:40;INFO]      | Loss didn't drop!

[2025-02-24 11:10:40;INFO]best epoch: 312, best loss: 0.080184
[2025-02-24 11:10:40;INFO]----------------------------------------------------------------------------------------------------

[2025-02-24 11:10:40;INFO]Current Epoch: 373 / 500 | Learning Rate : 9.549150281280358e-05
[2025-02-24 11:11:10;INFO]Train | Loss : 0.165468 | ACC : 6366/6562 (97.013%)
[2025-02-24 11:11:14;INFO]Valid | Loss : 0.935641 | ACC : 2021/2813 (71.845%)
[2025-02-24 11:11:14;INFO]      | Loss didn't drop!

[2025-02-24 11:11:14;INFO]best epoch: 312, best loss: 0.080184
[2025-02-24 11:11:14;INFO]----------------------------------------------------------------------------------------------------

[2025-02-24 11:11:14;INFO]Current Epoch: 374 / 500 | Learning Rate : 0.0009045084971873335
[2025-02-24 11:11:43;INFO]Train | Loss : 0.143489 | ACC : 6357/6562 (96.876%)
[2025-02-24 11:11:47;INFO]Valid | Loss : 1.184110 | ACC : 1867/2813 (66.370%)
[2025-02-24 11:11:47;INFO]      | Loss didn't drop!

[2025-02-24 11:11:47;INFO]best epoch: 312, best loss: 0.080184
[2025-02-24 11:11:47;INFO]----------------------------------------------------------------------------------------------------

[2025-02-24 11:11:47;INFO]Current Epoch: 375 / 500 | Learning Rate : 0.0006545084971895193
[2025-02-24 11:12:16;INFO]Train | Loss : 0.127103 | ACC : 6410/6562 (97.684%)
[2025-02-24 11:12:20;INFO]Valid | Loss : 0.077670 | ACC : 2783/2813 (98.934%)
[2025-02-24 11:12:20;INFO]      | Loss dropped from 0.080184 to 0.077670, model has been saved!

[2025-02-24 11:12:20;INFO]best epoch: 375, best loss: 0.077670
[2025-02-24 11:12:20;INFO]----------------------------------------------------------------------------------------------------

[2025-02-24 11:12:20;INFO]Current Epoch: 376 / 500 | Learning Rate : 0.0
[2025-02-24 11:12:49;INFO]Train | Loss : 0.094617 | ACC : 6452/6562 (98.324%)
[2025-02-24 11:12:53;INFO]Valid | Loss : 0.167709 | ACC : 2628/2813 (93.423%)
[2025-02-24 11:12:53;INFO]      | Loss didn't drop!

[2025-02-24 11:12:53;INFO]best epoch: 375, best loss: 0.077670
[2025-02-24 11:12:53;INFO]----------------------------------------------------------------------------------------------------

[2025-02-24 11:12:53;INFO]Current Epoch: 377 / 500 | Learning Rate : 0.0006545084971880099
[2025-02-24 11:13:22;INFO]Train | Loss : 0.139558 | ACC : 6394/6562 (97.440%)
[2025-02-24 11:13:27;INFO]Valid | Loss : 1.699971 | ACC : 1616/2813 (57.448%)
[2025-02-24 11:13:27;INFO]      | Loss didn't drop!

[2025-02-24 11:13:27;INFO]best epoch: 375, best loss: 0.077670
[2025-02-24 11:13:27;INFO]----------------------------------------------------------------------------------------------------

[2025-02-24 11:13:27;INFO]Current Epoch: 378 / 500 | Learning Rate : 0.0009045084971860606
[2025-02-24 11:13:56;INFO]Train | Loss : 0.139833 | ACC : 6389/6562 (97.364%)
[2025-02-24 11:14:00;INFO]Valid | Loss : 0.317800 | ACC : 2503/2813 (88.980%)
[2025-02-24 11:14:00;INFO]      | Loss didn't drop!

[2025-02-24 11:14:00;INFO]best epoch: 375, best loss: 0.077670
[2025-02-24 11:14:00;INFO]----------------------------------------------------------------------------------------------------

[2025-02-24 11:14:00;INFO]Current Epoch: 379 / 500 | Learning Rate : 9.54915028128088e-05
[2025-02-24 11:14:29;INFO]Train | Loss : 0.104681 | ACC : 6435/6562 (98.065%)
[2025-02-24 11:14:33;INFO]Valid | Loss : 0.689319 | ACC : 2186/2813 (77.711%)
[2025-02-24 11:14:33;INFO]      | Loss didn't drop!

[2025-02-24 11:14:33;INFO]best epoch: 375, best loss: 0.077670
[2025-02-24 11:14:33;INFO]----------------------------------------------------------------------------------------------------

[2025-02-24 11:14:33;INFO]Current Epoch: 380 / 500 | Learning Rate : 0.0003454915028130984
[2025-02-24 11:15:02;INFO]Train | Loss : 0.217344 | ACC : 6268/6562 (95.520%)
[2025-02-24 11:15:06;INFO]Valid | Loss : 0.964167 | ACC : 1906/2813 (67.757%)
[2025-02-24 11:15:06;INFO]      | Loss didn't drop!

[2025-02-24 11:15:06;INFO]best epoch: 375, best loss: 0.077670
[2025-02-24 11:15:06;INFO]----------------------------------------------------------------------------------------------------

[2025-02-24 11:15:06;INFO]Current Epoch: 381 / 500 | Learning Rate : 0.0010000000000052664
[2025-02-24 11:15:35;INFO]Train | Loss : 0.288132 | ACC : 6132/6562 (93.447%)
[2025-02-24 11:15:39;INFO]Valid | Loss : 0.294497 | ACC : 2551/2813 (90.686%)
[2025-02-24 11:15:39;INFO]      | Loss didn't drop!

[2025-02-24 11:15:39;INFO]best epoch: 375, best loss: 0.077670
[2025-02-24 11:15:39;INFO]----------------------------------------------------------------------------------------------------

[2025-02-24 11:15:39;INFO]Current Epoch: 382 / 500 | Learning Rate : 0.0003454915028134712
[2025-02-24 11:16:08;INFO]Train | Loss : 0.273259 | ACC : 6120/6562 (93.264%)
[2025-02-24 11:16:13;INFO]Valid | Loss : 0.172891 | ACC : 2721/2813 (96.729%)
[2025-02-24 11:16:13;INFO]      | Loss didn't drop!

[2025-02-24 11:16:13;INFO]best epoch: 375, best loss: 0.077670
[2025-02-24 11:16:13;INFO]----------------------------------------------------------------------------------------------------

[2025-02-24 11:16:13;INFO]Current Epoch: 383 / 500 | Learning Rate : 9.549150281285263e-05
[2025-02-24 11:16:42;INFO]Train | Loss : 0.243754 | ACC : 6186/6562 (94.270%)
[2025-02-24 11:16:46;INFO]Valid | Loss : 1.480205 | ACC : 1598/2813 (56.808%)
[2025-02-24 11:16:46;INFO]      | Loss didn't drop!

[2025-02-24 11:16:46;INFO]best epoch: 375, best loss: 0.077670
[2025-02-24 11:16:46;INFO]----------------------------------------------------------------------------------------------------

[2025-02-24 11:16:46;INFO]Current Epoch: 384 / 500 | Learning Rate : 0.0009045084971880625
[2025-02-24 11:17:15;INFO]Train | Loss : 0.216265 | ACC : 6240/6562 (95.093%)
[2025-02-24 11:17:19;INFO]Valid | Loss : 2.585890 | ACC : 1126/2813 (40.028%)
[2025-02-24 11:17:19;INFO]      | Loss didn't drop!

[2025-02-24 11:17:19;INFO]best epoch: 375, best loss: 0.077670
[2025-02-24 11:17:19;INFO]----------------------------------------------------------------------------------------------------

[2025-02-24 11:17:19;INFO]Current Epoch: 385 / 500 | Learning Rate : 0.0006545084971899874
[2025-02-24 11:17:48;INFO]Train | Loss : 0.213136 | ACC : 6189/6562 (94.316%)
[2025-02-24 11:17:52;INFO]Valid | Loss : 0.221231 | ACC : 2608/2813 (92.712%)
[2025-02-24 11:17:52;INFO]      | Loss didn't drop!

[2025-02-24 11:17:52;INFO]best epoch: 375, best loss: 0.077670
[2025-02-24 11:17:52;INFO]----------------------------------------------------------------------------------------------------

[2025-02-24 11:17:52;INFO]Current Epoch: 386 / 500 | Learning Rate : 0.0
[2025-02-24 11:18:21;INFO]Train | Loss : 0.152596 | ACC : 6348/6562 (96.739%)
[2025-02-24 11:18:25;INFO]Valid | Loss : 0.169805 | ACC : 2692/2813 (95.699%)
[2025-02-24 11:18:25;INFO]      | Loss didn't drop!

[2025-02-24 11:18:25;INFO]best epoch: 375, best loss: 0.077670
[2025-02-24 11:18:25;INFO]----------------------------------------------------------------------------------------------------

[2025-02-24 11:18:25;INFO]Current Epoch: 387 / 500 | Learning Rate : 0.0006545084971886381
[2025-02-24 11:18:54;INFO]Train | Loss : 0.195487 | ACC : 6260/6562 (95.398%)
[2025-02-24 11:18:59;INFO]Valid | Loss : 0.469847 | ACC : 2352/2813 (83.612%)
[2025-02-24 11:18:59;INFO]      | Loss didn't drop!

[2025-02-24 11:18:59;INFO]best epoch: 375, best loss: 0.077670
[2025-02-24 11:18:59;INFO]----------------------------------------------------------------------------------------------------

[2025-02-24 11:18:59;INFO]Current Epoch: 388 / 500 | Learning Rate : 0.0009045084971866797
[2025-02-24 11:19:28;INFO]Train | Loss : 0.171788 | ACC : 6304/6562 (96.068%)
[2025-02-24 11:19:32;INFO]Valid | Loss : 1.255160 | ACC : 1793/2813 (63.740%)
[2025-02-24 11:19:32;INFO]      | Loss didn't drop!

[2025-02-24 11:19:32;INFO]best epoch: 375, best loss: 0.077670
[2025-02-24 11:19:32;INFO]----------------------------------------------------------------------------------------------------

[2025-02-24 11:19:32;INFO]Current Epoch: 389 / 500 | Learning Rate : 9.549150281275436e-05
[2025-02-24 11:20:01;INFO]Train | Loss : 0.118961 | ACC : 6409/6562 (97.668%)
[2025-02-24 11:20:05;INFO]Valid | Loss : 0.098654 | ACC : 2756/2813 (97.974%)
[2025-02-24 11:20:05;INFO]      | Loss didn't drop!

[2025-02-24 11:20:05;INFO]best epoch: 375, best loss: 0.077670
[2025-02-24 11:20:05;INFO]----------------------------------------------------------------------------------------------------

[2025-02-24 11:20:05;INFO]Current Epoch: 390 / 500 | Learning Rate : 0.00034549150281130997
[2025-02-24 11:20:34;INFO]Train | Loss : 0.150793 | ACC : 6322/6562 (96.343%)
[2025-02-24 11:20:38;INFO]Valid | Loss : 0.438727 | ACC : 2364/2813 (84.038%)
[2025-02-24 11:20:38;INFO]      | Loss didn't drop!

[2025-02-24 11:20:38;INFO]best epoch: 375, best loss: 0.077670
[2025-02-24 11:20:38;INFO]----------------------------------------------------------------------------------------------------

[2025-02-24 11:20:38;INFO]Current Epoch: 391 / 500 | Learning Rate : 0.0010000000000001627
[2025-02-24 11:21:07;INFO]Train | Loss : 0.137674 | ACC : 6398/6562 (97.501%)
[2025-02-24 11:21:12;INFO]Valid | Loss : 0.122493 | ACC : 2750/2813 (97.760%)
[2025-02-24 11:21:12;INFO]      | Loss didn't drop!

[2025-02-24 11:21:12;INFO]best epoch: 375, best loss: 0.077670
[2025-02-24 11:21:12;INFO]----------------------------------------------------------------------------------------------------

[2025-02-24 11:21:12;INFO]Current Epoch: 392 / 500 | Learning Rate : 0.0003454915028137298
[2025-02-24 11:21:41;INFO]Train | Loss : 0.253093 | ACC : 6151/6562 (93.737%)
[2025-02-24 11:21:45;INFO]Valid | Loss : 0.217626 | ACC : 2624/2813 (93.281%)
[2025-02-24 11:21:45;INFO]      | Loss didn't drop!

[2025-02-24 11:21:45;INFO]best epoch: 375, best loss: 0.077670
[2025-02-24 11:21:45;INFO]----------------------------------------------------------------------------------------------------

[2025-02-24 11:21:45;INFO]Current Epoch: 393 / 500 | Learning Rate : 9.549150281276713e-05
[2025-02-24 11:22:14;INFO]Train | Loss : 0.168010 | ACC : 6344/6562 (96.678%)
[2025-02-24 11:22:18;INFO]Valid | Loss : 0.591152 | ACC : 2252/2813 (80.057%)
[2025-02-24 11:22:18;INFO]      | Loss didn't drop!

[2025-02-24 11:22:18;INFO]best epoch: 375, best loss: 0.077670
[2025-02-24 11:22:18;INFO]----------------------------------------------------------------------------------------------------

[2025-02-24 11:22:18;INFO]Current Epoch: 394 / 500 | Learning Rate : 0.0009045084971885174
[2025-02-24 11:22:47;INFO]Train | Loss : 0.118650 | ACC : 6392/6562 (97.409%)
[2025-02-24 11:22:51;INFO]Valid | Loss : 1.542030 | ACC : 1871/2813 (66.513%)
[2025-02-24 11:22:51;INFO]      | Loss didn't drop!

[2025-02-24 11:22:51;INFO]best epoch: 375, best loss: 0.077670
[2025-02-24 11:22:51;INFO]----------------------------------------------------------------------------------------------------

[2025-02-24 11:22:51;INFO]Current Epoch: 395 / 500 | Learning Rate : 0.0006545084971866714
[2025-02-24 11:23:20;INFO]Train | Loss : 0.145030 | ACC : 6345/6562 (96.693%)
[2025-02-24 11:23:24;INFO]Valid | Loss : 0.427791 | ACC : 2294/2813 (81.550%)
[2025-02-24 11:23:24;INFO]      | Loss didn't drop!

[2025-02-24 11:23:24;INFO]best epoch: 375, best loss: 0.077670
[2025-02-24 11:23:24;INFO]----------------------------------------------------------------------------------------------------

[2025-02-24 11:23:24;INFO]Current Epoch: 396 / 500 | Learning Rate : 0.0
[2025-02-24 11:23:54;INFO]Train | Loss : 0.102015 | ACC : 6448/6562 (98.263%)
[2025-02-24 11:23:58;INFO]Valid | Loss : 0.162691 | ACC : 2668/2813 (94.845%)
[2025-02-24 11:23:58;INFO]      | Loss didn't drop!

[2025-02-24 11:23:58;INFO]best epoch: 375, best loss: 0.077670
[2025-02-24 11:23:58;INFO]----------------------------------------------------------------------------------------------------

[2025-02-24 11:23:58;INFO]Current Epoch: 397 / 500 | Learning Rate : 0.0006545084971890557
[2025-02-24 11:24:27;INFO]Train | Loss : 0.205302 | ACC : 6206/6562 (94.575%)
[2025-02-24 11:24:31;INFO]Valid | Loss : 4.479465 | ACC : 1038/2813 (36.900%)
[2025-02-24 11:24:31;INFO]      | Loss didn't drop!

[2025-02-24 11:24:31;INFO]best epoch: 375, best loss: 0.077670
[2025-02-24 11:24:31;INFO]----------------------------------------------------------------------------------------------------

[2025-02-24 11:24:31;INFO]Current Epoch: 398 / 500 | Learning Rate : 0.0009045084971924018
[2025-02-24 11:25:00;INFO]Train | Loss : 0.147822 | ACC : 6379/6562 (97.211%)
[2025-02-24 11:25:04;INFO]Valid | Loss : 0.494787 | ACC : 2299/2813 (81.728%)
[2025-02-24 11:25:04;INFO]      | Loss didn't drop!

[2025-02-24 11:25:04;INFO]best epoch: 375, best loss: 0.077670
[2025-02-24 11:25:04;INFO]----------------------------------------------------------------------------------------------------

[2025-02-24 11:25:04;INFO]Current Epoch: 399 / 500 | Learning Rate : 9.549150281228256e-05
[2025-02-24 11:25:33;INFO]Train | Loss : 0.091775 | ACC : 6452/6562 (98.324%)
[2025-02-24 11:25:37;INFO]Valid | Loss : 0.957342 | ACC : 2025/2813 (71.987%)
[2025-02-24 11:25:37;INFO]      | Loss didn't drop!

[2025-02-24 11:25:37;INFO]best epoch: 375, best loss: 0.077670
[2025-02-24 11:25:37;INFO]----------------------------------------------------------------------------------------------------

[2025-02-24 11:25:37;INFO]Current Epoch: 400 / 500 | Learning Rate : 0.0003454915028137317
[2025-02-24 11:26:06;INFO]Train | Loss : 0.279029 | ACC : 6167/6562 (93.980%)
[2025-02-24 11:26:11;INFO]Valid | Loss : 1.617494 | ACC : 1761/2813 (62.602%)
[2025-02-24 11:26:11;INFO]      | Loss didn't drop!

[2025-02-24 11:26:11;INFO]best epoch: 375, best loss: 0.077670
[2025-02-24 11:26:11;INFO]----------------------------------------------------------------------------------------------------

[2025-02-24 11:26:11;INFO]Current Epoch: 401 / 500 | Learning Rate : 0.0010000000000008394
[2025-02-24 11:26:40;INFO]Train | Loss : 0.300577 | ACC : 6077/6562 (92.609%)
[2025-02-24 11:26:44;INFO]Valid | Loss : 0.454765 | ACC : 2275/2813 (80.875%)
[2025-02-24 11:26:44;INFO]      | Loss didn't drop!

[2025-02-24 11:26:44;INFO]best epoch: 375, best loss: 0.077670
[2025-02-24 11:26:44;INFO]----------------------------------------------------------------------------------------------------

[2025-02-24 11:26:44;INFO]Current Epoch: 402 / 500 | Learning Rate : 0.0003454915028139857
[2025-02-24 11:27:13;INFO]Train | Loss : 0.168415 | ACC : 6350/6562 (96.769%)
[2025-02-24 11:27:17;INFO]Valid | Loss : 0.104550 | ACC : 2752/2813 (97.831%)
[2025-02-24 11:27:17;INFO]      | Loss didn't drop!

[2025-02-24 11:27:17;INFO]best epoch: 375, best loss: 0.077670
[2025-02-24 11:27:17;INFO]----------------------------------------------------------------------------------------------------

[2025-02-24 11:27:17;INFO]Current Epoch: 403 / 500 | Learning Rate : 9.549150281281616e-05
[2025-02-24 11:27:46;INFO]Train | Loss : 0.101272 | ACC : 6451/6562 (98.308%)
[2025-02-24 11:27:50;INFO]Valid | Loss : 1.051436 | ACC : 1987/2813 (70.636%)
[2025-02-24 11:27:50;INFO]      | Loss didn't drop!

[2025-02-24 11:27:50;INFO]best epoch: 375, best loss: 0.077670
[2025-02-24 11:27:50;INFO]----------------------------------------------------------------------------------------------------

[2025-02-24 11:27:50;INFO]Current Epoch: 404 / 500 | Learning Rate : 0.0009045084971944752
[2025-02-24 11:28:19;INFO]Train | Loss : 0.127708 | ACC : 6393/6562 (97.425%)
[2025-02-24 11:28:23;INFO]Valid | Loss : 0.927673 | ACC : 1986/2813 (70.601%)
[2025-02-24 11:28:23;INFO]      | Loss didn't drop!

[2025-02-24 11:28:23;INFO]best epoch: 375, best loss: 0.077670
[2025-02-24 11:28:23;INFO]----------------------------------------------------------------------------------------------------

[2025-02-24 11:28:23;INFO]Current Epoch: 405 / 500 | Learning Rate : 0.0006545084971909171
[2025-02-24 11:28:53;INFO]Train | Loss : 0.115122 | ACC : 6403/6562 (97.577%)
[2025-02-24 11:28:57;INFO]Valid | Loss : 0.088714 | ACC : 2762/2813 (98.187%)
[2025-02-24 11:28:57;INFO]      | Loss didn't drop!

[2025-02-24 11:28:57;INFO]best epoch: 375, best loss: 0.077670
[2025-02-24 11:28:57;INFO]----------------------------------------------------------------------------------------------------

[2025-02-24 11:28:57;INFO]Current Epoch: 406 / 500 | Learning Rate : 0.0
[2025-02-24 11:29:26;INFO]Train | Loss : 0.145395 | ACC : 6359/6562 (96.906%)
[2025-02-24 11:29:30;INFO]Valid | Loss : 0.165854 | ACC : 2684/2813 (95.414%)
[2025-02-24 11:29:30;INFO]      | Loss didn't drop!

[2025-02-24 11:29:30;INFO]best epoch: 375, best loss: 0.077670
[2025-02-24 11:29:30;INFO]----------------------------------------------------------------------------------------------------

[2025-02-24 11:29:30;INFO]Current Epoch: 407 / 500 | Learning Rate : 0.00065450849718569
[2025-02-24 11:29:59;INFO]Train | Loss : 0.085816 | ACC : 6472/6562 (98.628%)
[2025-02-24 11:30:03;INFO]Valid | Loss : 0.805971 | ACC : 2167/2813 (77.035%)
[2025-02-24 11:30:03;INFO]      | Loss didn't drop!

[2025-02-24 11:30:03;INFO]best epoch: 375, best loss: 0.077670
[2025-02-24 11:30:03;INFO]----------------------------------------------------------------------------------------------------

[2025-02-24 11:30:03;INFO]Current Epoch: 408 / 500 | Learning Rate : 0.0009045084971879339
[2025-02-24 11:30:32;INFO]Train | Loss : 0.087248 | ACC : 6456/6562 (98.385%)
[2025-02-24 11:30:36;INFO]Valid | Loss : 0.239654 | ACC : 2559/2813 (90.970%)
[2025-02-24 11:30:36;INFO]      | Loss didn't drop!

[2025-02-24 11:30:36;INFO]best epoch: 375, best loss: 0.077670
[2025-02-24 11:30:36;INFO]----------------------------------------------------------------------------------------------------

[2025-02-24 11:30:36;INFO]Current Epoch: 409 / 500 | Learning Rate : 9.549150281291383e-05
[2025-02-24 11:31:05;INFO]Train | Loss : 0.115645 | ACC : 6413/6562 (97.729%)
[2025-02-24 11:31:10;INFO]Valid | Loss : 0.119731 | ACC : 2739/2813 (97.369%)
[2025-02-24 11:31:10;INFO]      | Loss didn't drop!

[2025-02-24 11:31:10;INFO]best epoch: 375, best loss: 0.077670
[2025-02-24 11:31:10;INFO]----------------------------------------------------------------------------------------------------

[2025-02-24 11:31:10;INFO]Current Epoch: 410 / 500 | Learning Rate : 0.0003454915028139372
[2025-02-24 11:31:39;INFO]Train | Loss : 0.085261 | ACC : 6468/6562 (98.568%)
[2025-02-24 11:31:43;INFO]Valid | Loss : 1.065474 | ACC : 2022/2813 (71.881%)
[2025-02-24 11:31:43;INFO]      | Loss didn't drop!

[2025-02-24 11:31:43;INFO]best epoch: 375, best loss: 0.077670
[2025-02-24 11:31:43;INFO]----------------------------------------------------------------------------------------------------

[2025-02-24 11:31:43;INFO]Current Epoch: 411 / 500 | Learning Rate : 0.001000000000001506
[2025-02-24 11:32:12;INFO]Train | Loss : 0.160866 | ACC : 6329/6562 (96.449%)
[2025-02-24 11:32:16;INFO]Valid | Loss : 0.869590 | ACC : 2152/2813 (76.502%)
[2025-02-24 11:32:16;INFO]      | Loss didn't drop!

[2025-02-24 11:32:16;INFO]best epoch: 375, best loss: 0.077670
[2025-02-24 11:32:16;INFO]----------------------------------------------------------------------------------------------------

[2025-02-24 11:32:16;INFO]Current Epoch: 412 / 500 | Learning Rate : 0.00034549150281424463
[2025-02-24 11:32:45;INFO]Train | Loss : 0.110039 | ACC : 6398/6562 (97.501%)
[2025-02-24 11:32:49;INFO]Valid | Loss : 0.107454 | ACC : 2753/2813 (97.867%)
[2025-02-24 11:32:49;INFO]      | Loss didn't drop!

[2025-02-24 11:32:49;INFO]best epoch: 375, best loss: 0.077670
[2025-02-24 11:32:49;INFO]----------------------------------------------------------------------------------------------------

[2025-02-24 11:32:49;INFO]Current Epoch: 413 / 500 | Learning Rate : 9.549150281258051e-05
[2025-02-24 11:33:18;INFO]Train | Loss : 0.131389 | ACC : 6395/6562 (97.455%)
[2025-02-24 11:33:22;INFO]Valid | Loss : 0.458541 | ACC : 2440/2813 (86.740%)
[2025-02-24 11:33:22;INFO]      | Loss didn't drop!

[2025-02-24 11:33:22;INFO]best epoch: 375, best loss: 0.077670
[2025-02-24 11:33:22;INFO]----------------------------------------------------------------------------------------------------

[2025-02-24 11:33:22;INFO]Current Epoch: 414 / 500 | Learning Rate : 0.0009045084971846152
[2025-02-24 11:33:52;INFO]Train | Loss : 0.209514 | ACC : 6211/6562 (94.651%)
[2025-02-24 11:33:56;INFO]Valid | Loss : 1.685187 | ACC : 1721/2813 (61.180%)
[2025-02-24 11:33:56;INFO]      | Loss didn't drop!

[2025-02-24 11:33:56;INFO]best epoch: 375, best loss: 0.077670
[2025-02-24 11:33:56;INFO]----------------------------------------------------------------------------------------------------

[2025-02-24 11:33:56;INFO]Current Epoch: 415 / 500 | Learning Rate : 0.0006545084971876015
[2025-02-24 11:34:25;INFO]Train | Loss : 0.124041 | ACC : 6387/6562 (97.333%)
[2025-02-24 11:34:29;INFO]Valid | Loss : 0.573135 | ACC : 2227/2813 (79.168%)
[2025-02-24 11:34:29;INFO]      | Loss didn't drop!

[2025-02-24 11:34:29;INFO]best epoch: 375, best loss: 0.077670
[2025-02-24 11:34:29;INFO]----------------------------------------------------------------------------------------------------

[2025-02-24 11:34:29;INFO]Current Epoch: 416 / 500 | Learning Rate : 0.0
[2025-02-24 11:34:58;INFO]Train | Loss : 0.123158 | ACC : 6392/6562 (97.409%)
[2025-02-24 11:35:02;INFO]Valid | Loss : 0.315811 | ACC : 2488/2813 (88.446%)
[2025-02-24 11:35:02;INFO]      | Loss didn't drop!

[2025-02-24 11:35:02;INFO]best epoch: 375, best loss: 0.077670
[2025-02-24 11:35:02;INFO]----------------------------------------------------------------------------------------------------

[2025-02-24 11:35:02;INFO]Current Epoch: 417 / 500 | Learning Rate : 0.0006545084971898848
[2025-02-24 11:35:31;INFO]Train | Loss : 0.118711 | ACC : 6423/6562 (97.882%)
[2025-02-24 11:35:35;INFO]Valid | Loss : 0.288120 | ACC : 2572/2813 (91.433%)
[2025-02-24 11:35:35;INFO]      | Loss didn't drop!

[2025-02-24 11:35:35;INFO]best epoch: 375, best loss: 0.077670
[2025-02-24 11:35:35;INFO]----------------------------------------------------------------------------------------------------

[2025-02-24 11:35:35;INFO]Current Epoch: 418 / 500 | Learning Rate : 0.0009045084971885535
[2025-02-24 11:36:04;INFO]Train | Loss : 0.132980 | ACC : 6372/6562 (97.105%)
[2025-02-24 11:36:08;INFO]Valid | Loss : 0.201168 | ACC : 2619/2813 (93.103%)
[2025-02-24 11:36:08;INFO]      | Loss didn't drop!

[2025-02-24 11:36:08;INFO]best epoch: 375, best loss: 0.077670
[2025-02-24 11:36:08;INFO]----------------------------------------------------------------------------------------------------

[2025-02-24 11:36:08;INFO]Current Epoch: 419 / 500 | Learning Rate : 9.549150281312757e-05
[2025-02-24 11:36:37;INFO]Train | Loss : 0.117232 | ACC : 6410/6562 (97.684%)
[2025-02-24 11:36:42;INFO]Valid | Loss : 0.189100 | ACC : 2619/2813 (93.103%)
[2025-02-24 11:36:42;INFO]      | Loss didn't drop!

[2025-02-24 11:36:42;INFO]best epoch: 375, best loss: 0.077670
[2025-02-24 11:36:42;INFO]----------------------------------------------------------------------------------------------------

[2025-02-24 11:36:42;INFO]Current Epoch: 420 / 500 | Learning Rate : 0.00034549150281414564
[2025-02-24 11:37:11;INFO]Train | Loss : 0.096392 | ACC : 6446/6562 (98.232%)
[2025-02-24 11:37:15;INFO]Valid | Loss : 1.649036 | ACC : 1754/2813 (62.353%)
[2025-02-24 11:37:15;INFO]      | Loss didn't drop!

[2025-02-24 11:37:15;INFO]best epoch: 375, best loss: 0.077670
[2025-02-24 11:37:15;INFO]----------------------------------------------------------------------------------------------------

[2025-02-24 11:37:15;INFO]Current Epoch: 421 / 500 | Learning Rate : 0.0010000000000079535
[2025-02-24 11:37:44;INFO]Train | Loss : 0.435135 | ACC : 5807/6562 (88.494%)
[2025-02-24 11:37:48;INFO]Valid | Loss : 1.281727 | ACC : 1748/2813 (62.140%)
[2025-02-24 11:37:48;INFO]      | Loss didn't drop!

[2025-02-24 11:37:48;INFO]best epoch: 375, best loss: 0.077670
[2025-02-24 11:37:48;INFO]----------------------------------------------------------------------------------------------------

[2025-02-24 11:37:48;INFO]Current Epoch: 422 / 500 | Learning Rate : 0.00034549150281250655
[2025-02-24 11:38:17;INFO]Train | Loss : 0.146844 | ACC : 6369/6562 (97.059%)
[2025-02-24 11:38:21;INFO]Valid | Loss : 0.145215 | ACC : 2712/2813 (96.410%)
[2025-02-24 11:38:21;INFO]      | Loss didn't drop!

[2025-02-24 11:38:21;INFO]best epoch: 375, best loss: 0.077670
[2025-02-24 11:38:21;INFO]----------------------------------------------------------------------------------------------------

[2025-02-24 11:38:21;INFO]Current Epoch: 423 / 500 | Learning Rate : 9.549150281249503e-05
[2025-02-24 11:38:50;INFO]Train | Loss : 0.107836 | ACC : 6425/6562 (97.912%)
[2025-02-24 11:38:54;INFO]Valid | Loss : 1.389384 | ACC : 1921/2813 (68.290%)
[2025-02-24 11:38:54;INFO]      | Loss didn't drop!

[2025-02-24 11:38:54;INFO]best epoch: 375, best loss: 0.077670
[2025-02-24 11:38:54;INFO]----------------------------------------------------------------------------------------------------

[2025-02-24 11:38:54;INFO]Current Epoch: 424 / 500 | Learning Rate : 0.0009045084971852027
[2025-02-24 11:39:24;INFO]Train | Loss : 0.191982 | ACC : 6245/6562 (95.169%)
[2025-02-24 11:39:28;INFO]Valid | Loss : 2.250455 | ACC : 1668/2813 (59.296%)
[2025-02-24 11:39:28;INFO]      | Loss didn't drop!

[2025-02-24 11:39:28;INFO]best epoch: 375, best loss: 0.077670
[2025-02-24 11:39:28;INFO]----------------------------------------------------------------------------------------------------

[2025-02-24 11:39:28;INFO]Current Epoch: 425 / 500 | Learning Rate : 0.0006545084971880631
[2025-02-24 11:39:57;INFO]Train | Loss : 0.139959 | ACC : 6382/6562 (97.257%)
[2025-02-24 11:40:01;INFO]Valid | Loss : 0.106214 | ACC : 2754/2813 (97.903%)
[2025-02-24 11:40:01;INFO]      | Loss didn't drop!

[2025-02-24 11:40:01;INFO]best epoch: 375, best loss: 0.077670
[2025-02-24 11:40:01;INFO]----------------------------------------------------------------------------------------------------

[2025-02-24 11:40:01;INFO]Current Epoch: 426 / 500 | Learning Rate : 0.0
[2025-02-24 11:40:30;INFO]Train | Loss : 0.093222 | ACC : 6447/6562 (98.247%)
[2025-02-24 11:40:34;INFO]Valid | Loss : 0.563428 | ACC : 2338/2813 (83.114%)
[2025-02-24 11:40:34;INFO]      | Loss didn't drop!

[2025-02-24 11:40:34;INFO]best epoch: 375, best loss: 0.077670
[2025-02-24 11:40:34;INFO]----------------------------------------------------------------------------------------------------

[2025-02-24 11:40:34;INFO]Current Epoch: 427 / 500 | Learning Rate : 0.0006545084971903023
[2025-02-24 11:41:03;INFO]Train | Loss : 0.076355 | ACC : 6469/6562 (98.583%)
[2025-02-24 11:41:07;INFO]Valid | Loss : 0.488340 | ACC : 2381/2813 (84.643%)
[2025-02-24 11:41:07;INFO]      | Loss didn't drop!

[2025-02-24 11:41:07;INFO]best epoch: 375, best loss: 0.077670
[2025-02-24 11:41:07;INFO]----------------------------------------------------------------------------------------------------

[2025-02-24 11:41:07;INFO]Current Epoch: 428 / 500 | Learning Rate : 0.0009045084971891805
[2025-02-24 11:41:36;INFO]Train | Loss : 0.073524 | ACC : 6478/6562 (98.720%)
[2025-02-24 11:41:41;INFO]Valid | Loss : 0.091360 | ACC : 2766/2813 (98.329%)
[2025-02-24 11:41:41;INFO]      | Loss didn't drop!

[2025-02-24 11:41:41;INFO]best epoch: 375, best loss: 0.077670
[2025-02-24 11:41:41;INFO]----------------------------------------------------------------------------------------------------

[2025-02-24 11:41:41;INFO]Current Epoch: 429 / 500 | Learning Rate : 9.549150281293958e-05
[2025-02-24 11:42:10;INFO]Train | Loss : 0.070928 | ACC : 6473/6562 (98.644%)
[2025-02-24 11:42:14;INFO]Valid | Loss : 0.088089 | ACC : 2766/2813 (98.329%)
[2025-02-24 11:42:14;INFO]      | Loss didn't drop!

[2025-02-24 11:42:14;INFO]best epoch: 375, best loss: 0.077670
[2025-02-24 11:42:14;INFO]----------------------------------------------------------------------------------------------------

[2025-02-24 11:42:14;INFO]Current Epoch: 430 / 500 | Learning Rate : 0.000345491502812354
[2025-02-24 11:42:43;INFO]Train | Loss : 0.147466 | ACC : 6329/6562 (96.449%)
[2025-02-24 11:42:47;INFO]Valid | Loss : 2.180183 | ACC : 1545/2813 (54.924%)
[2025-02-24 11:42:47;INFO]      | Loss didn't drop!

[2025-02-24 11:42:47;INFO]best epoch: 375, best loss: 0.077670
[2025-02-24 11:42:47;INFO]----------------------------------------------------------------------------------------------------

[2025-02-24 11:42:47;INFO]Current Epoch: 431 / 500 | Learning Rate : 0.0009999999999970692
[2025-02-24 11:43:16;INFO]Train | Loss : 0.220387 | ACC : 6296/6562 (95.946%)
[2025-02-24 11:43:20;INFO]Valid | Loss : 0.304123 | ACC : 2529/2813 (89.904%)
[2025-02-24 11:43:20;INFO]      | Loss didn't drop!

[2025-02-24 11:43:20;INFO]best epoch: 375, best loss: 0.077670
[2025-02-24 11:43:20;INFO]----------------------------------------------------------------------------------------------------

[2025-02-24 11:43:20;INFO]Current Epoch: 432 / 500 | Learning Rate : 0.0003454915028125458
[2025-02-24 11:43:49;INFO]Train | Loss : 0.142244 | ACC : 6368/6562 (97.044%)
[2025-02-24 11:43:53;INFO]Valid | Loss : 0.085801 | ACC : 2778/2813 (98.756%)
[2025-02-24 11:43:53;INFO]      | Loss didn't drop!

[2025-02-24 11:43:53;INFO]best epoch: 375, best loss: 0.077670
[2025-02-24 11:43:53;INFO]----------------------------------------------------------------------------------------------------

[2025-02-24 11:43:53;INFO]Current Epoch: 433 / 500 | Learning Rate : 9.549150281254408e-05
[2025-02-24 11:44:23;INFO]Train | Loss : 0.163491 | ACC : 6332/6562 (96.495%)
[2025-02-24 11:44:27;INFO]Valid | Loss : 0.930771 | ACC : 2082/2813 (74.014%)
[2025-02-24 11:44:27;INFO]      | Loss didn't drop!

[2025-02-24 11:44:27;INFO]best epoch: 375, best loss: 0.077670
[2025-02-24 11:44:27;INFO]----------------------------------------------------------------------------------------------------

[2025-02-24 11:44:27;INFO]Current Epoch: 434 / 500 | Learning Rate : 0.000904508497190894
[2025-02-24 11:44:56;INFO]Train | Loss : 0.244171 | ACC : 6220/6562 (94.788%)
[2025-02-24 11:45:00;INFO]Valid | Loss : 0.532532 | ACC : 2339/2813 (83.150%)
[2025-02-24 11:45:00;INFO]      | Loss didn't drop!

[2025-02-24 11:45:00;INFO]best epoch: 375, best loss: 0.077670
[2025-02-24 11:45:00;INFO]----------------------------------------------------------------------------------------------------

[2025-02-24 11:45:00;INFO]Current Epoch: 435 / 500 | Learning Rate : 0.0006545084971883151
[2025-02-24 11:45:29;INFO]Train | Loss : 0.201457 | ACC : 6227/6562 (94.895%)
[2025-02-24 11:45:33;INFO]Valid | Loss : 0.180080 | ACC : 2696/2813 (95.841%)
[2025-02-24 11:45:33;INFO]      | Loss didn't drop!

[2025-02-24 11:45:33;INFO]best epoch: 375, best loss: 0.077670
[2025-02-24 11:45:33;INFO]----------------------------------------------------------------------------------------------------

[2025-02-24 11:45:33;INFO]Current Epoch: 436 / 500 | Learning Rate : 0.0
[2025-02-24 11:46:02;INFO]Train | Loss : 0.113703 | ACC : 6438/6562 (98.110%)
[2025-02-24 11:46:06;INFO]Valid | Loss : 0.899372 | ACC : 2084/2813 (74.085%)
[2025-02-24 11:46:06;INFO]      | Loss didn't drop!

[2025-02-24 11:46:06;INFO]best epoch: 375, best loss: 0.077670
[2025-02-24 11:46:06;INFO]----------------------------------------------------------------------------------------------------

[2025-02-24 11:46:06;INFO]Current Epoch: 437 / 500 | Learning Rate : 0.0006545084971907136
[2025-02-24 11:46:35;INFO]Train | Loss : 0.238027 | ACC : 6152/6562 (93.752%)
[2025-02-24 11:46:39;INFO]Valid | Loss : 2.292129 | ACC : 1252/2813 (44.508%)
[2025-02-24 11:46:39;INFO]      | Loss didn't drop!

[2025-02-24 11:46:39;INFO]best epoch: 375, best loss: 0.077670
[2025-02-24 11:46:39;INFO]----------------------------------------------------------------------------------------------------

[2025-02-24 11:46:39;INFO]Current Epoch: 438 / 500 | Learning Rate : 0.0009045084971948944
[2025-02-24 11:47:08;INFO]Train | Loss : 0.253695 | ACC : 6170/6562 (94.026%)
[2025-02-24 11:47:13;INFO]Valid | Loss : 0.825175 | ACC : 2031/2813 (72.200%)
[2025-02-24 11:47:13;INFO]      | Loss didn't drop!

[2025-02-24 11:47:13;INFO]best epoch: 375, best loss: 0.077670
[2025-02-24 11:47:13;INFO]----------------------------------------------------------------------------------------------------

[2025-02-24 11:47:13;INFO]Current Epoch: 439 / 500 | Learning Rate : 9.549150281246771e-05
[2025-02-24 11:47:42;INFO]Train | Loss : 0.132751 | ACC : 6403/6562 (97.577%)
[2025-02-24 11:47:46;INFO]Valid | Loss : 0.107239 | ACC : 2752/2813 (97.831%)
[2025-02-24 11:47:46;INFO]      | Loss didn't drop!

[2025-02-24 11:47:46;INFO]best epoch: 375, best loss: 0.077670
[2025-02-24 11:47:46;INFO]----------------------------------------------------------------------------------------------------

[2025-02-24 11:47:46;INFO]Current Epoch: 440 / 500 | Learning Rate : 0.0003454915028125626
[2025-02-24 11:48:15;INFO]Train | Loss : 0.121909 | ACC : 6395/6562 (97.455%)
[2025-02-24 11:48:19;INFO]Valid | Loss : 0.475647 | ACC : 2350/2813 (83.541%)
[2025-02-24 11:48:19;INFO]      | Loss didn't drop!

[2025-02-24 11:48:19;INFO]best epoch: 375, best loss: 0.077670
[2025-02-24 11:48:19;INFO]----------------------------------------------------------------------------------------------------

[2025-02-24 11:48:19;INFO]Current Epoch: 441 / 500 | Learning Rate : 0.000999999999997746
[2025-02-24 11:48:48;INFO]Train | Loss : 0.246592 | ACC : 6137/6562 (93.523%)
[2025-02-24 11:48:52;INFO]Valid | Loss : 1.331189 | ACC : 1541/2813 (54.781%)
[2025-02-24 11:48:52;INFO]      | Loss didn't drop!

[2025-02-24 11:48:52;INFO]best epoch: 375, best loss: 0.077670
[2025-02-24 11:48:52;INFO]----------------------------------------------------------------------------------------------------

[2025-02-24 11:48:52;INFO]Current Epoch: 442 / 500 | Learning Rate : 0.0003454915028128045
[2025-02-24 11:49:21;INFO]Train | Loss : 0.242889 | ACC : 6222/6562 (94.819%)
[2025-02-24 11:49:26;INFO]Valid | Loss : 0.125268 | ACC : 2752/2813 (97.831%)
[2025-02-24 11:49:26;INFO]      | Loss didn't drop!

[2025-02-24 11:49:26;INFO]best epoch: 375, best loss: 0.077670
[2025-02-24 11:49:26;INFO]----------------------------------------------------------------------------------------------------

[2025-02-24 11:49:26;INFO]Current Epoch: 443 / 500 | Learning Rate : 9.549150281259311e-05
[2025-02-24 11:49:55;INFO]Train | Loss : 0.130602 | ACC : 6419/6562 (97.821%)
[2025-02-24 11:49:59;INFO]Valid | Loss : 0.681637 | ACC : 2275/2813 (80.875%)
[2025-02-24 11:49:59;INFO]      | Loss didn't drop!

[2025-02-24 11:49:59;INFO]best epoch: 375, best loss: 0.077670
[2025-02-24 11:49:59;INFO]----------------------------------------------------------------------------------------------------

[2025-02-24 11:49:59;INFO]Current Epoch: 444 / 500 | Learning Rate : 0.0009045084971914823
[2025-02-24 11:50:28;INFO]Train | Loss : 0.176653 | ACC : 6270/6562 (95.550%)
[2025-02-24 11:50:32;INFO]Valid | Loss : 0.461926 | ACC : 2309/2813 (82.083%)
[2025-02-24 11:50:32;INFO]      | Loss didn't drop!

[2025-02-24 11:50:32;INFO]best epoch: 375, best loss: 0.077670
[2025-02-24 11:50:32;INFO]----------------------------------------------------------------------------------------------------

[2025-02-24 11:50:32;INFO]Current Epoch: 445 / 500 | Learning Rate : 0.0006545084971887765
[2025-02-24 11:51:01;INFO]Train | Loss : 0.133147 | ACC : 6396/6562 (97.470%)
[2025-02-24 11:51:05;INFO]Valid | Loss : 0.078103 | ACC : 2782/2813 (98.898%)
[2025-02-24 11:51:05;INFO]      | Loss didn't drop!

[2025-02-24 11:51:05;INFO]best epoch: 375, best loss: 0.077670
[2025-02-24 11:51:05;INFO]----------------------------------------------------------------------------------------------------

[2025-02-24 11:51:05;INFO]Current Epoch: 446 / 500 | Learning Rate : 0.0
[2025-02-24 11:51:34;INFO]Train | Loss : 0.157859 | ACC : 6318/6562 (96.282%)
[2025-02-24 11:51:38;INFO]Valid | Loss : 4.898190 | ACC : 1260/2813 (44.792%)
[2025-02-24 11:51:38;INFO]      | Loss didn't drop!

[2025-02-24 11:51:38;INFO]best epoch: 375, best loss: 0.077670
[2025-02-24 11:51:38;INFO]----------------------------------------------------------------------------------------------------

[2025-02-24 11:51:38;INFO]Current Epoch: 447 / 500 | Learning Rate : 0.0006545084971871317
[2025-02-24 11:52:07;INFO]Train | Loss : 0.206881 | ACC : 6245/6562 (95.169%)
[2025-02-24 11:52:12;INFO]Valid | Loss : 0.263084 | ACC : 2526/2813 (89.797%)
[2025-02-24 11:52:12;INFO]      | Loss didn't drop!

[2025-02-24 11:52:12;INFO]best epoch: 375, best loss: 0.077670
[2025-02-24 11:52:12;INFO]----------------------------------------------------------------------------------------------------

[2025-02-24 11:52:12;INFO]Current Epoch: 448 / 500 | Learning Rate : 0.0009045084971850641
[2025-02-24 11:52:41;INFO]Train | Loss : 0.096317 | ACC : 6468/6562 (98.568%)
[2025-02-24 11:52:45;INFO]Valid | Loss : 0.122823 | ACC : 2731/2813 (97.085%)
[2025-02-24 11:52:45;INFO]      | Loss didn't drop!

[2025-02-24 11:52:45;INFO]best epoch: 375, best loss: 0.077670
[2025-02-24 11:52:45;INFO]----------------------------------------------------------------------------------------------------

[2025-02-24 11:52:45;INFO]Current Epoch: 449 / 500 | Learning Rate : 9.549150281268157e-05
[2025-02-24 11:53:14;INFO]Train | Loss : 0.097883 | ACC : 6438/6562 (98.110%)
[2025-02-24 11:53:18;INFO]Valid | Loss : 0.470142 | ACC : 2414/2813 (85.816%)
[2025-02-24 11:53:18;INFO]      | Loss didn't drop!

[2025-02-24 11:53:18;INFO]best epoch: 375, best loss: 0.077670
[2025-02-24 11:53:18;INFO]----------------------------------------------------------------------------------------------------

[2025-02-24 11:53:18;INFO]Current Epoch: 450 / 500 | Learning Rate : 0.000345491502812771
[2025-02-24 11:53:47;INFO]Train | Loss : 0.095055 | ACC : 6451/6562 (98.308%)
[2025-02-24 11:53:51;INFO]Valid | Loss : 1.105053 | ACC : 1883/2813 (66.939%)
[2025-02-24 11:53:51;INFO]      | Loss didn't drop!

[2025-02-24 11:53:51;INFO]best epoch: 375, best loss: 0.077670
[2025-02-24 11:53:51;INFO]----------------------------------------------------------------------------------------------------

[2025-02-24 11:53:51;INFO]Current Epoch: 451 / 500 | Learning Rate : 0.0010000000000041933
[2025-02-24 11:54:20;INFO]Train | Loss : 0.159695 | ACC : 6308/6562 (96.129%)
[2025-02-24 11:54:24;INFO]Valid | Loss : 0.309838 | ACC : 2488/2813 (88.446%)
[2025-02-24 11:54:24;INFO]      | Loss didn't drop!

[2025-02-24 11:54:24;INFO]best epoch: 375, best loss: 0.077670
[2025-02-24 11:54:24;INFO]----------------------------------------------------------------------------------------------------

[2025-02-24 11:54:24;INFO]Current Epoch: 452 / 500 | Learning Rate : 0.00034549150281306046
[2025-02-24 11:54:53;INFO]Train | Loss : 0.166001 | ACC : 6304/6562 (96.068%)
[2025-02-24 11:54:58;INFO]Valid | Loss : 0.152963 | ACC : 2741/2813 (97.440%)
[2025-02-24 11:54:58;INFO]      | Loss didn't drop!

[2025-02-24 11:54:58;INFO]best epoch: 375, best loss: 0.077670
[2025-02-24 11:54:58;INFO]----------------------------------------------------------------------------------------------------

[2025-02-24 11:54:58;INFO]Current Epoch: 453 / 500 | Learning Rate : 9.54915028126413e-05
[2025-02-24 11:55:27;INFO]Train | Loss : 0.132338 | ACC : 6399/6562 (97.516%)
[2025-02-24 11:55:31;INFO]Valid | Loss : 0.813364 | ACC : 2108/2813 (74.938%)
[2025-02-24 11:55:31;INFO]      | Loss didn't drop!

[2025-02-24 11:55:31;INFO]best epoch: 375, best loss: 0.077670
[2025-02-24 11:55:31;INFO]----------------------------------------------------------------------------------------------------

[2025-02-24 11:55:31;INFO]Current Epoch: 454 / 500 | Learning Rate : 0.0009045084971923452
[2025-02-24 11:56:00;INFO]Train | Loss : 0.143472 | ACC : 6327/6562 (96.419%)
[2025-02-24 11:56:04;INFO]Valid | Loss : 0.364503 | ACC : 2459/2813 (87.416%)
[2025-02-24 11:56:04;INFO]      | Loss didn't drop!

[2025-02-24 11:56:04;INFO]best epoch: 375, best loss: 0.077670
[2025-02-24 11:56:04;INFO]----------------------------------------------------------------------------------------------------

[2025-02-24 11:56:04;INFO]Current Epoch: 455 / 500 | Learning Rate : 0.0006545084971930282
[2025-02-24 11:56:33;INFO]Train | Loss : 0.099189 | ACC : 6447/6562 (98.247%)
[2025-02-24 11:56:37;INFO]Valid | Loss : 0.072130 | ACC : 2775/2813 (98.649%)
[2025-02-24 11:56:37;INFO]      | Loss dropped from 0.077670 to 0.072130, model has been saved!

[2025-02-24 11:56:37;INFO]best epoch: 455, best loss: 0.072130
[2025-02-24 11:56:37;INFO]----------------------------------------------------------------------------------------------------

[2025-02-24 11:56:37;INFO]Current Epoch: 456 / 500 | Learning Rate : 0.0
[2025-02-24 11:57:06;INFO]Train | Loss : 0.115399 | ACC : 6425/6562 (97.912%)
[2025-02-24 11:57:10;INFO]Valid | Loss : 0.414298 | ACC : 2354/2813 (83.683%)
[2025-02-24 11:57:10;INFO]      | Loss didn't drop!

[2025-02-24 11:57:10;INFO]best epoch: 455, best loss: 0.072130
[2025-02-24 11:57:10;INFO]----------------------------------------------------------------------------------------------------

[2025-02-24 11:57:10;INFO]Current Epoch: 457 / 500 | Learning Rate : 0.0006545084971879817
[2025-02-24 11:57:39;INFO]Train | Loss : 0.255531 | ACC : 6175/6562 (94.102%)
[2025-02-24 11:57:44;INFO]Valid | Loss : 0.503687 | ACC : 2393/2813 (85.069%)
[2025-02-24 11:57:44;INFO]      | Loss didn't drop!

[2025-02-24 11:57:44;INFO]best epoch: 455, best loss: 0.072130
[2025-02-24 11:57:44;INFO]----------------------------------------------------------------------------------------------------

[2025-02-24 11:57:44;INFO]Current Epoch: 458 / 500 | Learning Rate : 0.0009045084971856921
[2025-02-24 11:58:13;INFO]Train | Loss : 0.154539 | ACC : 6309/6562 (96.144%)
[2025-02-24 11:58:17;INFO]Valid | Loss : 1.147897 | ACC : 1884/2813 (66.975%)
[2025-02-24 11:58:17;INFO]      | Loss didn't drop!

[2025-02-24 11:58:17;INFO]best epoch: 455, best loss: 0.072130
[2025-02-24 11:58:17;INFO]----------------------------------------------------------------------------------------------------

[2025-02-24 11:58:17;INFO]Current Epoch: 459 / 500 | Learning Rate : 9.549150281276074e-05
[2025-02-24 11:58:46;INFO]Train | Loss : 0.148953 | ACC : 6350/6562 (96.769%)
[2025-02-24 11:58:50;INFO]Valid | Loss : 0.108558 | ACC : 2750/2813 (97.760%)
[2025-02-24 11:58:50;INFO]      | Loss didn't drop!

[2025-02-24 11:58:50;INFO]best epoch: 455, best loss: 0.072130
[2025-02-24 11:58:50;INFO]----------------------------------------------------------------------------------------------------

[2025-02-24 11:58:50;INFO]Current Epoch: 460 / 500 | Learning Rate : 0.0003454915028131926
[2025-02-24 11:59:19;INFO]Train | Loss : 0.099353 | ACC : 6442/6562 (98.171%)
[2025-02-24 11:59:23;INFO]Valid | Loss : 2.225458 | ACC : 1545/2813 (54.924%)
[2025-02-24 11:59:23;INFO]      | Loss didn't drop!

[2025-02-24 11:59:23;INFO]best epoch: 455, best loss: 0.072130
[2025-02-24 11:59:23;INFO]----------------------------------------------------------------------------------------------------

[2025-02-24 11:59:23;INFO]Current Epoch: 461 / 500 | Learning Rate : 0.00100000000000487
[2025-02-24 11:59:52;INFO]Train | Loss : 0.151495 | ACC : 6319/6562 (96.297%)
[2025-02-24 11:59:56;INFO]Valid | Loss : 0.438612 | ACC : 2305/2813 (81.941%)
[2025-02-24 11:59:56;INFO]      | Loss didn't drop!

[2025-02-24 11:59:56;INFO]best epoch: 455, best loss: 0.072130
[2025-02-24 11:59:56;INFO]----------------------------------------------------------------------------------------------------

[2025-02-24 11:59:56;INFO]Current Epoch: 462 / 500 | Learning Rate : 0.0003454915028135354
[2025-02-24 12:00:25;INFO]Train | Loss : 0.252360 | ACC : 6126/6562 (93.356%)
[2025-02-24 12:00:30;INFO]Valid | Loss : 0.325362 | ACC : 2469/2813 (87.771%)
[2025-02-24 12:00:30;INFO]      | Loss didn't drop!

[2025-02-24 12:00:30;INFO]best epoch: 455, best loss: 0.072130
[2025-02-24 12:00:30;INFO]----------------------------------------------------------------------------------------------------

[2025-02-24 12:00:30;INFO]Current Epoch: 463 / 500 | Learning Rate : 9.549150281337507e-05
[2025-02-24 12:00:59;INFO]Train | Loss : 0.109420 | ACC : 6430/6562 (97.988%)
[2025-02-24 12:01:03;INFO]Valid | Loss : 0.754657 | ACC : 2140/2813 (76.075%)
[2025-02-24 12:01:03;INFO]      | Loss didn't drop!

[2025-02-24 12:01:03;INFO]best epoch: 455, best loss: 0.072130
[2025-02-24 12:01:03;INFO]----------------------------------------------------------------------------------------------------

[2025-02-24 12:01:03;INFO]Current Epoch: 464 / 500 | Learning Rate : 0.0009045084971875799
[2025-02-24 12:01:32;INFO]Train | Loss : 0.127025 | ACC : 6381/6562 (97.242%)
[2025-02-24 12:01:36;INFO]Valid | Loss : 1.547025 | ACC : 1804/2813 (64.131%)
[2025-02-24 12:01:36;INFO]      | Loss didn't drop!

[2025-02-24 12:01:36;INFO]best epoch: 455, best loss: 0.072130
[2025-02-24 12:01:36;INFO]----------------------------------------------------------------------------------------------------

[2025-02-24 12:01:36;INFO]Current Epoch: 465 / 500 | Learning Rate : 0.0006545084971859294
[2025-02-24 12:02:05;INFO]Train | Loss : 0.116615 | ACC : 6416/6562 (97.775%)
[2025-02-24 12:02:09;INFO]Valid | Loss : 0.132084 | ACC : 2732/2813 (97.121%)
[2025-02-24 12:02:09;INFO]      | Loss didn't drop!

[2025-02-24 12:02:09;INFO]best epoch: 455, best loss: 0.072130
[2025-02-24 12:02:09;INFO]----------------------------------------------------------------------------------------------------

[2025-02-24 12:02:09;INFO]Current Epoch: 466 / 500 | Learning Rate : 0.0
[2025-02-24 12:02:38;INFO]Train | Loss : 0.094845 | ACC : 6434/6562 (98.049%)
[2025-02-24 12:02:42;INFO]Valid | Loss : 0.287580 | ACC : 2498/2813 (88.802%)
[2025-02-24 12:02:42;INFO]      | Loss didn't drop!

[2025-02-24 12:02:42;INFO]best epoch: 455, best loss: 0.072130
[2025-02-24 12:02:42;INFO]----------------------------------------------------------------------------------------------------

[2025-02-24 12:02:42;INFO]Current Epoch: 467 / 500 | Learning Rate : 0.0006545084971883933
[2025-02-24 12:03:12;INFO]Train | Loss : 0.098565 | ACC : 6424/6562 (97.897%)
[2025-02-24 12:03:16;INFO]Valid | Loss : 2.113360 | ACC : 1643/2813 (58.407%)
[2025-02-24 12:03:16;INFO]      | Loss didn't drop!

[2025-02-24 12:03:16;INFO]best epoch: 455, best loss: 0.072130
[2025-02-24 12:03:16;INFO]----------------------------------------------------------------------------------------------------

[2025-02-24 12:03:16;INFO]Current Epoch: 468 / 500 | Learning Rate : 0.0009045084971915398
[2025-02-24 12:03:45;INFO]Train | Loss : 0.131047 | ACC : 6379/6562 (97.211%)
[2025-02-24 12:03:49;INFO]Valid | Loss : 0.167320 | ACC : 2659/2813 (94.525%)
[2025-02-24 12:03:49;INFO]      | Loss didn't drop!

[2025-02-24 12:03:49;INFO]best epoch: 455, best loss: 0.072130
[2025-02-24 12:03:49;INFO]----------------------------------------------------------------------------------------------------

[2025-02-24 12:03:49;INFO]Current Epoch: 469 / 500 | Learning Rate : 9.549150281284091e-05
[2025-02-24 12:04:18;INFO]Train | Loss : 0.102128 | ACC : 6441/6562 (98.156%)
[2025-02-24 12:04:22;INFO]Valid | Loss : 0.253752 | ACC : 2538/2813 (90.224%)
[2025-02-24 12:04:22;INFO]      | Loss didn't drop!

[2025-02-24 12:04:22;INFO]best epoch: 455, best loss: 0.072130
[2025-02-24 12:04:22;INFO]----------------------------------------------------------------------------------------------------

[2025-02-24 12:04:22;INFO]Current Epoch: 470 / 500 | Learning Rate : 0.00034549150281340107
[2025-02-24 12:04:51;INFO]Train | Loss : 0.107268 | ACC : 6429/6562 (97.973%)
[2025-02-24 12:04:55;INFO]Valid | Loss : 1.546991 | ACC : 1964/2813 (69.819%)
[2025-02-24 12:04:55;INFO]      | Loss didn't drop!

[2025-02-24 12:04:55;INFO]best epoch: 455, best loss: 0.072130
[2025-02-24 12:04:55;INFO]----------------------------------------------------------------------------------------------------

[2025-02-24 12:04:55;INFO]Current Epoch: 471 / 500 | Learning Rate : 0.001000000000005546
[2025-02-24 12:05:24;INFO]Train | Loss : 0.229040 | ACC : 6118/6562 (93.234%)
[2025-02-24 12:05:29;INFO]Valid | Loss : 2.844827 | ACC : 1426/2813 (50.693%)
[2025-02-24 12:05:29;INFO]      | Loss didn't drop!

[2025-02-24 12:05:29;INFO]best epoch: 455, best loss: 0.072130
[2025-02-24 12:05:29;INFO]----------------------------------------------------------------------------------------------------

[2025-02-24 12:05:29;INFO]Current Epoch: 472 / 500 | Learning Rate : 0.0003454915028157881
[2025-02-24 12:05:58;INFO]Train | Loss : 0.189909 | ACC : 6278/6562 (95.672%)
[2025-02-24 12:06:02;INFO]Valid | Loss : 0.154799 | ACC : 2707/2813 (96.232%)
[2025-02-24 12:06:02;INFO]      | Loss didn't drop!

[2025-02-24 12:06:02;INFO]best epoch: 455, best loss: 0.072130
[2025-02-24 12:06:02;INFO]----------------------------------------------------------------------------------------------------

[2025-02-24 12:06:02;INFO]Current Epoch: 473 / 500 | Learning Rate : 9.5491502812321e-05
[2025-02-24 12:06:31;INFO]Train | Loss : 0.084782 | ACC : 6488/6562 (98.872%)
[2025-02-24 12:06:35;INFO]Valid | Loss : 3.147221 | ACC : 1207/2813 (42.908%)
[2025-02-24 12:06:35;INFO]      | Loss didn't drop!

[2025-02-24 12:06:35;INFO]best epoch: 455, best loss: 0.072130
[2025-02-24 12:06:35;INFO]----------------------------------------------------------------------------------------------------

[2025-02-24 12:06:35;INFO]Current Epoch: 474 / 500 | Learning Rate : 0.000904508497188168
[2025-02-24 12:07:04;INFO]Train | Loss : 0.188483 | ACC : 6270/6562 (95.550%)
[2025-02-24 12:07:08;INFO]Valid | Loss : 1.315485 | ACC : 1749/2813 (62.176%)
[2025-02-24 12:07:08;INFO]      | Loss didn't drop!

[2025-02-24 12:07:08;INFO]best epoch: 455, best loss: 0.072130
[2025-02-24 12:07:08;INFO]----------------------------------------------------------------------------------------------------

[2025-02-24 12:07:08;INFO]Current Epoch: 475 / 500 | Learning Rate : 0.0006545084971866081
[2025-02-24 12:07:37;INFO]Train | Loss : 0.119650 | ACC : 6413/6562 (97.729%)
[2025-02-24 12:07:41;INFO]Valid | Loss : 0.079434 | ACC : 2772/2813 (98.542%)
[2025-02-24 12:07:41;INFO]      | Loss didn't drop!

[2025-02-24 12:07:41;INFO]best epoch: 455, best loss: 0.072130
[2025-02-24 12:07:41;INFO]----------------------------------------------------------------------------------------------------

[2025-02-24 12:07:41;INFO]Current Epoch: 476 / 500 | Learning Rate : 0.0
[2025-02-24 12:08:11;INFO]Train | Loss : 0.142313 | ACC : 6338/6562 (96.586%)
[2025-02-24 12:08:15;INFO]Valid | Loss : 0.521633 | ACC : 2329/2813 (82.794%)
[2025-02-24 12:08:15;INFO]      | Loss didn't drop!

[2025-02-24 12:08:15;INFO]best epoch: 455, best loss: 0.072130
[2025-02-24 12:08:15;INFO]----------------------------------------------------------------------------------------------------

[2025-02-24 12:08:15;INFO]Current Epoch: 477 / 500 | Learning Rate : 0.0006545084971885947
[2025-02-24 12:08:44;INFO]Train | Loss : 0.131737 | ACC : 6365/6562 (96.998%)
[2025-02-24 12:08:48;INFO]Valid | Loss : 0.390037 | ACC : 2412/2813 (85.745%)
[2025-02-24 12:08:48;INFO]      | Loss didn't drop!

[2025-02-24 12:08:48;INFO]best epoch: 455, best loss: 0.072130
[2025-02-24 12:08:48;INFO]----------------------------------------------------------------------------------------------------

[2025-02-24 12:08:48;INFO]Current Epoch: 478 / 500 | Learning Rate : 0.0009045084971921673
[2025-02-24 12:09:17;INFO]Train | Loss : 0.111062 | ACC : 6411/6562 (97.699%)
[2025-02-24 12:09:21;INFO]Valid | Loss : 0.972834 | ACC : 1977/2813 (70.281%)
[2025-02-24 12:09:21;INFO]      | Loss didn't drop!

[2025-02-24 12:09:21;INFO]best epoch: 455, best loss: 0.072130
[2025-02-24 12:09:21;INFO]----------------------------------------------------------------------------------------------------

[2025-02-24 12:09:21;INFO]Current Epoch: 479 / 500 | Learning Rate : 9.549150281278746e-05
[2025-02-24 12:09:50;INFO]Train | Loss : 0.163401 | ACC : 6318/6562 (96.282%)
[2025-02-24 12:09:54;INFO]Valid | Loss : 0.201080 | ACC : 2632/2813 (93.566%)
[2025-02-24 12:09:54;INFO]      | Loss didn't drop!

[2025-02-24 12:09:54;INFO]best epoch: 455, best loss: 0.072130
[2025-02-24 12:09:54;INFO]----------------------------------------------------------------------------------------------------

[2025-02-24 12:09:54;INFO]Current Epoch: 480 / 500 | Learning Rate : 0.00034549150281560357
[2025-02-24 12:10:23;INFO]Train | Loss : 0.098238 | ACC : 6434/6562 (98.049%)
[2025-02-24 12:10:28;INFO]Valid | Loss : 2.115722 | ACC : 1982/2813 (70.459%)
[2025-02-24 12:10:28;INFO]      | Loss didn't drop!

[2025-02-24 12:10:28;INFO]best epoch: 455, best loss: 0.072130
[2025-02-24 12:10:28;INFO]----------------------------------------------------------------------------------------------------

[2025-02-24 12:10:28;INFO]Current Epoch: 481 / 500 | Learning Rate : 0.0010000000000004326
[2025-02-24 12:10:57;INFO]Train | Loss : 0.133411 | ACC : 6379/6562 (97.211%)
[2025-02-24 12:11:01;INFO]Valid | Loss : 0.641448 | ACC : 2149/2813 (76.395%)
[2025-02-24 12:11:01;INFO]      | Loss didn't drop!

[2025-02-24 12:11:01;INFO]best epoch: 455, best loss: 0.072130
[2025-02-24 12:11:01;INFO]----------------------------------------------------------------------------------------------------

[2025-02-24 12:11:01;INFO]Current Epoch: 482 / 500 | Learning Rate : 0.00034549150281162026
[2025-02-24 12:11:30;INFO]Train | Loss : 0.117855 | ACC : 6392/6562 (97.409%)
[2025-02-24 12:11:34;INFO]Valid | Loss : 0.073619 | ACC : 2776/2813 (98.685%)
[2025-02-24 12:11:34;INFO]      | Loss didn't drop!

[2025-02-24 12:11:34;INFO]best epoch: 455, best loss: 0.072130
[2025-02-24 12:11:34;INFO]----------------------------------------------------------------------------------------------------

[2025-02-24 12:11:34;INFO]Current Epoch: 483 / 500 | Learning Rate : 9.549150281236921e-05
[2025-02-24 12:12:03;INFO]Train | Loss : 0.076527 | ACC : 6474/6562 (98.659%)
[2025-02-24 12:12:07;INFO]Valid | Loss : 0.205416 | ACC : 2613/2813 (92.890%)
[2025-02-24 12:12:07;INFO]      | Loss didn't drop!

[2025-02-24 12:12:07;INFO]best epoch: 455, best loss: 0.072130
[2025-02-24 12:12:07;INFO]----------------------------------------------------------------------------------------------------

[2025-02-24 12:12:07;INFO]Current Epoch: 484 / 500 | Learning Rate : 0.0009045084971887642
[2025-02-24 12:12:36;INFO]Train | Loss : 0.082789 | ACC : 6459/6562 (98.430%)
[2025-02-24 12:12:40;INFO]Valid | Loss : 0.207928 | ACC : 2613/2813 (92.890%)
[2025-02-24 12:12:40;INFO]      | Loss didn't drop!

[2025-02-24 12:12:40;INFO]best epoch: 455, best loss: 0.072130
[2025-02-24 12:12:40;INFO]----------------------------------------------------------------------------------------------------

[2025-02-24 12:12:40;INFO]Current Epoch: 485 / 500 | Learning Rate : 0.000654508497190426
[2025-02-24 12:13:09;INFO]Train | Loss : 0.051556 | ACC : 6509/6562 (99.192%)
[2025-02-24 12:13:14;INFO]Valid | Loss : 0.095457 | ACC : 2747/2813 (97.654%)
[2025-02-24 12:13:14;INFO]      | Loss didn't drop!

[2025-02-24 12:13:14;INFO]best epoch: 455, best loss: 0.072130
[2025-02-24 12:13:14;INFO]----------------------------------------------------------------------------------------------------

[2025-02-24 12:13:14;INFO]Current Epoch: 486 / 500 | Learning Rate : 0.0
[2025-02-24 12:13:43;INFO]Train | Loss : 0.312719 | ACC : 6008/6562 (91.557%)
[2025-02-24 12:13:47;INFO]Valid | Loss : 5.563922 | ACC : 842/2813 (29.932%)
[2025-02-24 12:13:47;INFO]      | Loss didn't drop!

[2025-02-24 12:13:47;INFO]best epoch: 455, best loss: 0.072130
[2025-02-24 12:13:47;INFO]----------------------------------------------------------------------------------------------------

[2025-02-24 12:13:47;INFO]Current Epoch: 487 / 500 | Learning Rate : 0.0006545084971890062
[2025-02-24 12:14:16;INFO]Train | Loss : 0.205588 | ACC : 6274/6562 (95.611%)
[2025-02-24 12:14:20;INFO]Valid | Loss : 1.281147 | ACC : 1933/2813 (68.717%)
[2025-02-24 12:14:20;INFO]      | Loss didn't drop!

[2025-02-24 12:14:20;INFO]best epoch: 455, best loss: 0.072130
[2025-02-24 12:14:20;INFO]----------------------------------------------------------------------------------------------------

[2025-02-24 12:14:20;INFO]Current Epoch: 488 / 500 | Learning Rate : 0.0009045084971926516
[2025-02-24 12:14:49;INFO]Train | Loss : 0.152017 | ACC : 6311/6562 (96.175%)
[2025-02-24 12:14:53;INFO]Valid | Loss : 0.613292 | ACC : 2273/2813 (80.803%)
[2025-02-24 12:14:53;INFO]      | Loss didn't drop!

[2025-02-24 12:14:53;INFO]best epoch: 455, best loss: 0.072130
[2025-02-24 12:14:53;INFO]----------------------------------------------------------------------------------------------------

[2025-02-24 12:14:53;INFO]Current Epoch: 489 / 500 | Learning Rate : 9.54915028123148e-05
[2025-02-24 12:15:22;INFO]Train | Loss : 0.127020 | ACC : 6383/6562 (97.272%)
[2025-02-24 12:15:26;INFO]Valid | Loss : 0.163838 | ACC : 2665/2813 (94.739%)
[2025-02-24 12:15:26;INFO]      | Loss didn't drop!

[2025-02-24 12:15:26;INFO]best epoch: 455, best loss: 0.072130
[2025-02-24 12:15:26;INFO]----------------------------------------------------------------------------------------------------

[2025-02-24 12:15:26;INFO]Current Epoch: 490 / 500 | Learning Rate : 0.00034549150281160156
[2025-02-24 12:15:56;INFO]Train | Loss : 0.163331 | ACC : 6318/6562 (96.282%)
[2025-02-24 12:16:00;INFO]Valid | Loss : 1.028925 | ACC : 2058/2813 (73.160%)
[2025-02-24 12:16:00;INFO]      | Loss didn't drop!

[2025-02-24 12:16:00;INFO]best epoch: 455, best loss: 0.072130
[2025-02-24 12:16:00;INFO]----------------------------------------------------------------------------------------------------

[2025-02-24 12:16:00;INFO]Current Epoch: 491 / 500 | Learning Rate : 0.0010000000000011094
[2025-02-24 12:16:29;INFO]Train | Loss : 0.132931 | ACC : 6356/6562 (96.861%)
[2025-02-24 12:16:33;INFO]Valid | Loss : 2.080045 | ACC : 1807/2813 (64.237%)
[2025-02-24 12:16:33;INFO]      | Loss didn't drop!

[2025-02-24 12:16:33;INFO]best epoch: 455, best loss: 0.072130
[2025-02-24 12:16:33;INFO]----------------------------------------------------------------------------------------------------

[2025-02-24 12:16:33;INFO]Current Epoch: 492 / 500 | Learning Rate : 0.0003454915028120958
[2025-02-24 12:17:02;INFO]Train | Loss : 0.081100 | ACC : 6479/6562 (98.735%)
[2025-02-24 12:17:06;INFO]Valid | Loss : 0.077487 | ACC : 2771/2813 (98.507%)
[2025-02-24 12:17:06;INFO]      | Loss didn't drop!

[2025-02-24 12:17:06;INFO]best epoch: 455, best loss: 0.072130
[2025-02-24 12:17:06;INFO]----------------------------------------------------------------------------------------------------

[2025-02-24 12:17:06;INFO]Current Epoch: 493 / 500 | Learning Rate : 9.549150281296935e-05
[2025-02-24 12:17:35;INFO]Train | Loss : 0.069421 | ACC : 6480/6562 (98.750%)
[2025-02-24 12:17:39;INFO]Valid | Loss : 0.376750 | ACC : 2386/2813 (84.820%)
[2025-02-24 12:17:39;INFO]      | Loss didn't drop!

[2025-02-24 12:17:39;INFO]best epoch: 455, best loss: 0.072130
[2025-02-24 12:17:39;INFO]----------------------------------------------------------------------------------------------------

[2025-02-24 12:17:39;INFO]Current Epoch: 494 / 500 | Learning Rate : 0.0009045084971893519
[2025-02-24 12:18:08;INFO]Train | Loss : 0.058981 | ACC : 6503/6562 (99.101%)
[2025-02-24 12:18:12;INFO]Valid | Loss : 1.062148 | ACC : 2053/2813 (72.983%)
[2025-02-24 12:18:12;INFO]      | Loss didn't drop!

[2025-02-24 12:18:12;INFO]best epoch: 455, best loss: 0.072130
[2025-02-24 12:18:12;INFO]----------------------------------------------------------------------------------------------------

[2025-02-24 12:18:12;INFO]Current Epoch: 495 / 500 | Learning Rate : 0.0006545084971908881
[2025-02-24 12:18:41;INFO]Train | Loss : 0.072689 | ACC : 6472/6562 (98.628%)
[2025-02-24 12:18:46;INFO]Valid | Loss : 0.144802 | ACC : 2690/2813 (95.627%)
[2025-02-24 12:18:46;INFO]      | Loss didn't drop!

[2025-02-24 12:18:46;INFO]best epoch: 455, best loss: 0.072130
[2025-02-24 12:18:46;INFO]----------------------------------------------------------------------------------------------------

[2025-02-24 12:18:46;INFO]Current Epoch: 496 / 500 | Learning Rate : 0.0
[2025-02-24 12:19:15;INFO]Train | Loss : 0.078311 | ACC : 6463/6562 (98.491%)
[2025-02-24 12:19:19;INFO]Valid | Loss : 1.270309 | ACC : 1796/2813 (63.846%)
[2025-02-24 12:19:19;INFO]      | Loss didn't drop!

[2025-02-24 12:19:19;INFO]best epoch: 455, best loss: 0.072130
[2025-02-24 12:19:19;INFO]----------------------------------------------------------------------------------------------------

[2025-02-24 12:19:19;INFO]Current Epoch: 497 / 500 | Learning Rate : 0.0006545084971856402
[2025-02-24 12:19:48;INFO]Train | Loss : 0.220093 | ACC : 6210/6562 (94.636%)
[2025-02-24 12:19:52;INFO]Valid | Loss : 2.768583 | ACC : 1414/2813 (50.267%)
[2025-02-24 12:19:52;INFO]      | Loss didn't drop!

[2025-02-24 12:19:52;INFO]best epoch: 455, best loss: 0.072130
[2025-02-24 12:19:52;INFO]----------------------------------------------------------------------------------------------------

[2025-02-24 12:19:52;INFO]Current Epoch: 498 / 500 | Learning Rate : 0.0009045084971880514
[2025-02-24 12:20:21;INFO]Train | Loss : 0.231115 | ACC : 6161/6562 (93.889%)
[2025-02-24 12:20:25;INFO]Valid | Loss : 1.099096 | ACC : 2072/2813 (73.658%)
[2025-02-24 12:20:25;INFO]      | Loss didn't drop!

[2025-02-24 12:20:25;INFO]best epoch: 455, best loss: 0.072130
[2025-02-24 12:20:25;INFO]----------------------------------------------------------------------------------------------------

[2025-02-24 12:20:25;INFO]Current Epoch: 499 / 500 | Learning Rate : 9.549150281239488e-05
[2025-02-24 12:20:54;INFO]Train | Loss : 0.163529 | ACC : 6314/6562 (96.221%)
[2025-02-24 12:20:58;INFO]Valid | Loss : 0.114276 | ACC : 2752/2813 (97.831%)
[2025-02-24 12:20:58;INFO]      | Loss didn't drop!

[2025-02-24 12:20:58;INFO]best epoch: 455, best loss: 0.072130
[2025-02-24 12:20:58;INFO]----------------------------------------------------------------------------------------------------

[2025-02-24 12:20:58;INFO]Current Epoch: 500 / 500 | Learning Rate : 0.0003454915028118102
[2025-02-24 12:21:28;INFO]Train | Loss : 0.173630 | ACC : 6260/6562 (95.398%)
[2025-02-24 12:21:32;INFO]Valid | Loss : 1.500829 | ACC : 1841/2813 (65.446%)
[2025-02-24 12:21:32;INFO]      | Loss didn't drop!

[2025-02-24 12:21:32;INFO]best epoch: 455, best loss: 0.072130
[2025-02-24 12:21:32;INFO]----------------------------------------------------------------------------------------------------

[2025-02-24 12:21:32;INFO]Training finished! Best Epoch : 455 | Best Loss : 0.072130


