[2025-02-22 14:51:24;INFO]====================================================================================================
[2025-02-22 14:51:24;INFO]Config
[2025-02-22 14:51:24;INFO]----------------------------------------------------------------------------------------------------
[2025-02-22 14:51:24;INFO]seed : 2025
[2025-02-22 14:51:24;INFO]mode : train
[2025-02-22 14:51:24;INFO]device : cuda
[2025-02-22 14:51:24;INFO]dataset_path : ../../../Datasets
[2025-02-22 14:51:24;INFO]source : {'s': 1, 'ft': 38}
[2025-02-22 14:51:24;INFO]num_classes : 16
[2025-02-22 14:51:24;INFO]backbone : scnn
[2025-02-22 14:51:24;INFO]lr : 0.001
[2025-02-22 14:51:24;INFO]batch_size : 128
[2025-02-22 14:51:24;INFO]train_epochs : 500
[2025-02-22 14:51:24;INFO]root_dir : ./result/wifi_scnn
[2025-02-22 14:51:24;INFO]work_dir : ./result/wifi_scnn/train/s1_38ft
[2025-02-22 14:51:24;INFO]logger : <Logger Logger_train (INFO)>
[2025-02-22 14:51:24;INFO]====================================================================================================


[2025-02-22 14:51:27;INFO]Start training ...
[2025-02-22 14:51:27;INFO]No. train samples: 3360
[2025-02-22 14:51:27;INFO]No. valid samples: 1440
[2025-02-22 14:51:27;INFO]----------------------------------------------------------------------------------------------------

[2025-02-22 14:51:27;INFO]Current Epoch: 1 / 500 | Learning Rate : 0.001
[2025-02-22 14:51:50;INFO]Train | Loss : 1.913199 | ACC : 1950/3360 (58.036%)
[2025-02-22 14:51:53;INFO]Valid | Loss : 1.837370 | ACC : 962/1440 (66.806%)
[2025-02-22 14:51:53;INFO]      | Loss dropped from inf to 1.837370, model has been saved!

[2025-02-22 14:51:53;INFO]best epoch: 1, best loss: 1.837370
[2025-02-22 14:51:53;INFO]----------------------------------------------------------------------------------------------------

[2025-02-22 14:51:53;INFO]Current Epoch: 2 / 500 | Learning Rate : 0.0002730047501302265
[2025-02-22 14:52:12;INFO]Train | Loss : 1.322047 | ACC : 2851/3360 (84.851%)
[2025-02-22 14:52:14;INFO]Valid | Loss : 1.292799 | ACC : 897/1440 (62.292%)
[2025-02-22 14:52:14;INFO]      | Loss dropped from 1.837370 to 1.292799, model has been saved!

[2025-02-22 14:52:14;INFO]best epoch: 2, best loss: 1.292799
[2025-02-22 14:52:14;INFO]----------------------------------------------------------------------------------------------------

[2025-02-22 14:52:14;INFO]Current Epoch: 3 / 500 | Learning Rate : 0.0002061073738537634
[2025-02-22 14:52:33;INFO]Train | Loss : 1.085037 | ACC : 3063/3360 (91.161%)
[2025-02-22 14:52:36;INFO]Valid | Loss : 1.581912 | ACC : 801/1440 (55.625%)
[2025-02-22 14:52:36;INFO]      | Loss didn't drop!

[2025-02-22 14:52:36;INFO]best epoch: 2, best loss: 1.292799
[2025-02-22 14:52:36;INFO]----------------------------------------------------------------------------------------------------

[2025-02-22 14:52:36;INFO]Current Epoch: 4 / 500 | Learning Rate : 0.0009938441702975601
[2025-02-22 14:52:55;INFO]Train | Loss : 0.907999 | ACC : 3097/3360 (92.173%)
[2025-02-22 14:52:57;INFO]Valid | Loss : 0.973600 | ACC : 1210/1440 (84.028%)
[2025-02-22 14:52:57;INFO]      | Loss dropped from 1.292799 to 0.973600, model has been saved!

[2025-02-22 14:52:57;INFO]best epoch: 4, best loss: 0.973600
[2025-02-22 14:52:57;INFO]----------------------------------------------------------------------------------------------------

[2025-02-22 14:52:57;INFO]Current Epoch: 5 / 500 | Learning Rate : 0.00034549150281252286
[2025-02-22 14:53:16;INFO]Train | Loss : 0.805708 | ACC : 3205/3360 (95.387%)
[2025-02-22 14:53:19;INFO]Valid | Loss : 0.852376 | ACC : 1325/1440 (92.014%)
[2025-02-22 14:53:19;INFO]      | Loss dropped from 0.973600 to 0.852376, model has been saved!

[2025-02-22 14:53:19;INFO]best epoch: 5, best loss: 0.852376
[2025-02-22 14:53:19;INFO]----------------------------------------------------------------------------------------------------

[2025-02-22 14:53:19;INFO]Current Epoch: 6 / 500 | Learning Rate : 0.00014644660940672552
[2025-02-22 14:53:38;INFO]Train | Loss : 0.715330 | ACC : 3275/3360 (97.470%)
[2025-02-22 14:53:41;INFO]Valid | Loss : 1.345470 | ACC : 847/1440 (58.819%)
[2025-02-22 14:53:41;INFO]      | Loss didn't drop!

[2025-02-22 14:53:41;INFO]best epoch: 5, best loss: 0.852376
[2025-02-22 14:53:41;INFO]----------------------------------------------------------------------------------------------------

[2025-02-22 14:53:41;INFO]Current Epoch: 7 / 500 | Learning Rate : 0.0009755282581476215
[2025-02-22 14:54:00;INFO]Train | Loss : 0.685816 | ACC : 3266/3360 (97.202%)
[2025-02-22 14:54:02;INFO]Valid | Loss : 0.806839 | ACC : 1216/1440 (84.444%)
[2025-02-22 14:54:02;INFO]      | Loss dropped from 0.852376 to 0.806839, model has been saved!

[2025-02-22 14:54:02;INFO]best epoch: 7, best loss: 0.806839
[2025-02-22 14:54:02;INFO]----------------------------------------------------------------------------------------------------

[2025-02-22 14:54:02;INFO]Current Epoch: 8 / 500 | Learning Rate : 0.00042178276747988444
[2025-02-22 14:54:21;INFO]Train | Loss : 0.665978 | ACC : 3276/3360 (97.500%)
[2025-02-22 14:54:24;INFO]Valid | Loss : 0.633292 | ACC : 1394/1440 (96.806%)
[2025-02-22 14:54:24;INFO]      | Loss dropped from 0.806839 to 0.633292, model has been saved!

[2025-02-22 14:54:24;INFO]best epoch: 8, best loss: 0.633292
[2025-02-22 14:54:24;INFO]----------------------------------------------------------------------------------------------------

[2025-02-22 14:54:24;INFO]Current Epoch: 9 / 500 | Learning Rate : 9.549150281252665e-05
[2025-02-22 14:54:43;INFO]Train | Loss : 0.564056 | ACC : 3327/3360 (99.018%)
[2025-02-22 14:54:46;INFO]Valid | Loss : 2.611664 | ACC : 404/1440 (28.056%)
[2025-02-22 14:54:46;INFO]      | Loss didn't drop!

[2025-02-22 14:54:46;INFO]best epoch: 8, best loss: 0.633292
[2025-02-22 14:54:46;INFO]----------------------------------------------------------------------------------------------------

[2025-02-22 14:54:46;INFO]Current Epoch: 10 / 500 | Learning Rate : 0.0009455032620941413
[2025-02-22 14:55:05;INFO]Train | Loss : 0.538043 | ACC : 3324/3360 (98.929%)
[2025-02-22 14:55:07;INFO]Valid | Loss : 1.645240 | ACC : 567/1440 (39.375%)
[2025-02-22 14:55:07;INFO]      | Loss didn't drop!

[2025-02-22 14:55:07;INFO]best epoch: 8, best loss: 0.633292
[2025-02-22 14:55:07;INFO]----------------------------------------------------------------------------------------------------

[2025-02-22 14:55:07;INFO]Current Epoch: 11 / 500 | Learning Rate : 0.0005000000000000255
[2025-02-22 14:55:26;INFO]Train | Loss : 0.515387 | ACC : 3330/3360 (99.107%)
[2025-02-22 14:55:29;INFO]Valid | Loss : 0.444822 | ACC : 1432/1440 (99.444%)
[2025-02-22 14:55:29;INFO]      | Loss dropped from 0.633292 to 0.444822, model has been saved!

[2025-02-22 14:55:29;INFO]best epoch: 11, best loss: 0.444822
[2025-02-22 14:55:29;INFO]----------------------------------------------------------------------------------------------------

[2025-02-22 14:55:29;INFO]Current Epoch: 12 / 500 | Learning Rate : 5.4496737905819274e-05
[2025-02-22 14:55:48;INFO]Train | Loss : 0.477641 | ACC : 3346/3360 (99.583%)
[2025-02-22 14:55:51;INFO]Valid | Loss : 0.600426 | ACC : 1269/1440 (88.125%)
[2025-02-22 14:55:51;INFO]      | Loss didn't drop!

[2025-02-22 14:55:51;INFO]best epoch: 11, best loss: 0.444822
[2025-02-22 14:55:51;INFO]----------------------------------------------------------------------------------------------------

[2025-02-22 14:55:51;INFO]Current Epoch: 13 / 500 | Learning Rate : 0.0009045084971875242
[2025-02-22 14:56:10;INFO]Train | Loss : 0.416155 | ACC : 3350/3360 (99.702%)
[2025-02-22 14:56:12;INFO]Valid | Loss : 0.734591 | ACC : 1229/1440 (85.347%)
[2025-02-22 14:56:12;INFO]      | Loss didn't drop!

[2025-02-22 14:56:12;INFO]best epoch: 11, best loss: 0.444822
[2025-02-22 14:56:12;INFO]----------------------------------------------------------------------------------------------------

[2025-02-22 14:56:12;INFO]Current Epoch: 14 / 500 | Learning Rate : 0.0005782172325201451
[2025-02-22 14:56:31;INFO]Train | Loss : 0.419225 | ACC : 3343/3360 (99.494%)
[2025-02-22 14:56:34;INFO]Valid | Loss : 0.448380 | ACC : 1390/1440 (96.528%)
[2025-02-22 14:56:34;INFO]      | Loss didn't drop!

[2025-02-22 14:56:34;INFO]best epoch: 11, best loss: 0.444822
[2025-02-22 14:56:34;INFO]----------------------------------------------------------------------------------------------------

[2025-02-22 14:56:34;INFO]Current Epoch: 15 / 500 | Learning Rate : 2.4471741852424627e-05
[2025-02-22 14:56:53;INFO]Train | Loss : 0.354556 | ACC : 3353/3360 (99.792%)
[2025-02-22 14:56:56;INFO]Valid | Loss : 1.269735 | ACC : 966/1440 (67.083%)
[2025-02-22 14:56:56;INFO]      | Loss didn't drop!

[2025-02-22 14:56:56;INFO]best epoch: 11, best loss: 0.444822
[2025-02-22 14:56:56;INFO]----------------------------------------------------------------------------------------------------

[2025-02-22 14:56:56;INFO]Current Epoch: 16 / 500 | Learning Rate : 0.0008535533905933295
[2025-02-22 14:57:15;INFO]Train | Loss : 0.356193 | ACC : 3354/3360 (99.821%)
[2025-02-22 14:57:17;INFO]Valid | Loss : 1.483233 | ACC : 662/1440 (45.972%)
[2025-02-22 14:57:17;INFO]      | Loss didn't drop!

[2025-02-22 14:57:17;INFO]best epoch: 11, best loss: 0.444822
[2025-02-22 14:57:17;INFO]----------------------------------------------------------------------------------------------------

[2025-02-22 14:57:17;INFO]Current Epoch: 17 / 500 | Learning Rate : 0.0006545084971875135
[2025-02-22 14:57:36;INFO]Train | Loss : 0.360458 | ACC : 3351/3360 (99.732%)
[2025-02-22 14:57:39;INFO]Valid | Loss : 0.334652 | ACC : 1439/1440 (99.931%)
[2025-02-22 14:57:39;INFO]      | Loss dropped from 0.444822 to 0.334652, model has been saved!

[2025-02-22 14:57:39;INFO]best epoch: 17, best loss: 0.334652
[2025-02-22 14:57:39;INFO]----------------------------------------------------------------------------------------------------

[2025-02-22 14:57:39;INFO]Current Epoch: 18 / 500 | Learning Rate : 6.155829702431559e-06
[2025-02-22 14:57:58;INFO]Train | Loss : 0.328950 | ACC : 3349/3360 (99.673%)
[2025-02-22 14:58:01;INFO]Valid | Loss : 0.377386 | ACC : 1348/1440 (93.611%)
[2025-02-22 14:58:01;INFO]      | Loss didn't drop!

[2025-02-22 14:58:01;INFO]best epoch: 17, best loss: 0.334652
[2025-02-22 14:58:01;INFO]----------------------------------------------------------------------------------------------------

[2025-02-22 14:58:01;INFO]Current Epoch: 19 / 500 | Learning Rate : 0.0007938926261462138
[2025-02-22 14:58:20;INFO]Train | Loss : 0.306751 | ACC : 3355/3360 (99.851%)
[2025-02-22 14:58:23;INFO]Valid | Loss : 0.728018 | ACC : 1188/1440 (82.500%)
[2025-02-22 14:58:23;INFO]      | Loss didn't drop!

[2025-02-22 14:58:23;INFO]best epoch: 17, best loss: 0.334652
[2025-02-22 14:58:23;INFO]----------------------------------------------------------------------------------------------------

[2025-02-22 14:58:23;INFO]Current Epoch: 20 / 500 | Learning Rate : 0.0007269952498698281
[2025-02-22 14:58:42;INFO]Train | Loss : 0.308609 | ACC : 3357/3360 (99.911%)
[2025-02-22 14:58:44;INFO]Valid | Loss : 0.267696 | ACC : 1440/1440 (100.000%)
[2025-02-22 14:58:44;INFO]      | Loss dropped from 0.334652 to 0.267696, model has been saved!

[2025-02-22 14:58:44;INFO]best epoch: 20, best loss: 0.267696
[2025-02-22 14:58:44;INFO]----------------------------------------------------------------------------------------------------

[2025-02-22 14:58:44;INFO]Current Epoch: 21 / 500 | Learning Rate : 0.0
[2025-02-22 14:59:03;INFO]Train | Loss : 0.281108 | ACC : 3356/3360 (99.881%)
[2025-02-22 14:59:06;INFO]Valid | Loss : 0.637835 | ACC : 1187/1440 (82.431%)
[2025-02-22 14:59:06;INFO]      | Loss didn't drop!

[2025-02-22 14:59:06;INFO]best epoch: 20, best loss: 0.267696
[2025-02-22 14:59:06;INFO]----------------------------------------------------------------------------------------------------

[2025-02-22 14:59:06;INFO]Current Epoch: 22 / 500 | Learning Rate : 0.0007269952498697626
[2025-02-22 14:59:25;INFO]Train | Loss : 0.271077 | ACC : 3358/3360 (99.940%)
[2025-02-22 14:59:28;INFO]Valid | Loss : 0.712741 | ACC : 1321/1440 (91.736%)
[2025-02-22 14:59:28;INFO]      | Loss didn't drop!

[2025-02-22 14:59:28;INFO]best epoch: 20, best loss: 0.267696
[2025-02-22 14:59:28;INFO]----------------------------------------------------------------------------------------------------

[2025-02-22 14:59:28;INFO]Current Epoch: 23 / 500 | Learning Rate : 0.000793892626146293
[2025-02-22 14:59:47;INFO]Train | Loss : 0.288544 | ACC : 3354/3360 (99.821%)
[2025-02-22 14:59:49;INFO]Valid | Loss : 0.296334 | ACC : 1404/1440 (97.500%)
[2025-02-22 14:59:49;INFO]      | Loss didn't drop!

[2025-02-22 14:59:49;INFO]best epoch: 20, best loss: 0.267696
[2025-02-22 14:59:49;INFO]----------------------------------------------------------------------------------------------------

[2025-02-22 14:59:49;INFO]Current Epoch: 24 / 500 | Learning Rate : 6.155829702431115e-06
[2025-02-22 15:00:08;INFO]Train | Loss : 0.242586 | ACC : 3360/3360 (100.000%)
[2025-02-22 15:00:11;INFO]Valid | Loss : 0.995133 | ACC : 1179/1440 (81.875%)
[2025-02-22 15:00:11;INFO]      | Loss didn't drop!

[2025-02-22 15:00:11;INFO]best epoch: 20, best loss: 0.267696
[2025-02-22 15:00:11;INFO]----------------------------------------------------------------------------------------------------

[2025-02-22 15:00:11;INFO]Current Epoch: 25 / 500 | Learning Rate : 0.0006545084971874731
[2025-02-22 15:00:30;INFO]Train | Loss : 0.240893 | ACC : 3357/3360 (99.911%)
[2025-02-22 15:00:33;INFO]Valid | Loss : 2.944085 | ACC : 488/1440 (33.889%)
[2025-02-22 15:00:33;INFO]      | Loss didn't drop!

[2025-02-22 15:00:33;INFO]best epoch: 20, best loss: 0.267696
[2025-02-22 15:00:33;INFO]----------------------------------------------------------------------------------------------------

[2025-02-22 15:00:33;INFO]Current Epoch: 26 / 500 | Learning Rate : 0.0008535533905931913
[2025-02-22 15:00:52;INFO]Train | Loss : 0.264920 | ACC : 3359/3360 (99.970%)
[2025-02-22 15:00:55;INFO]Valid | Loss : 0.298031 | ACC : 1432/1440 (99.444%)
[2025-02-22 15:00:55;INFO]      | Loss didn't drop!

[2025-02-22 15:00:55;INFO]best epoch: 20, best loss: 0.267696
[2025-02-22 15:00:55;INFO]----------------------------------------------------------------------------------------------------

[2025-02-22 15:00:55;INFO]Current Epoch: 27 / 500 | Learning Rate : 2.447174185242207e-05
[2025-02-22 15:01:14;INFO]Train | Loss : 0.264543 | ACC : 3344/3360 (99.524%)
[2025-02-22 15:01:16;INFO]Valid | Loss : 0.940389 | ACC : 1006/1440 (69.861%)
[2025-02-22 15:01:16;INFO]      | Loss didn't drop!

[2025-02-22 15:01:16;INFO]best epoch: 20, best loss: 0.267696
[2025-02-22 15:01:16;INFO]----------------------------------------------------------------------------------------------------

[2025-02-22 15:01:16;INFO]Current Epoch: 28 / 500 | Learning Rate : 0.0005782172325201193
[2025-02-22 15:01:35;INFO]Train | Loss : 0.247418 | ACC : 3356/3360 (99.881%)
[2025-02-22 15:01:38;INFO]Valid | Loss : 0.382640 | ACC : 1354/1440 (94.028%)
[2025-02-22 15:01:38;INFO]      | Loss didn't drop!

[2025-02-22 15:01:38;INFO]best epoch: 20, best loss: 0.267696
[2025-02-22 15:01:38;INFO]----------------------------------------------------------------------------------------------------

[2025-02-22 15:01:38;INFO]Current Epoch: 29 / 500 | Learning Rate : 0.0009045084971873921
[2025-02-22 15:01:57;INFO]Train | Loss : 0.229693 | ACC : 3357/3360 (99.911%)
[2025-02-22 15:02:00;INFO]Valid | Loss : 0.204328 | ACC : 1433/1440 (99.514%)
[2025-02-22 15:02:00;INFO]      | Loss dropped from 0.267696 to 0.204328, model has been saved!

[2025-02-22 15:02:00;INFO]best epoch: 29, best loss: 0.204328
[2025-02-22 15:02:00;INFO]----------------------------------------------------------------------------------------------------

[2025-02-22 15:02:00;INFO]Current Epoch: 30 / 500 | Learning Rate : 5.449673790581317e-05
[2025-02-22 15:02:19;INFO]Train | Loss : 0.213256 | ACC : 3360/3360 (100.000%)
[2025-02-22 15:02:21;INFO]Valid | Loss : 0.897974 | ACC : 1160/1440 (80.556%)
[2025-02-22 15:02:21;INFO]      | Loss didn't drop!

[2025-02-22 15:02:21;INFO]best epoch: 29, best loss: 0.204328
[2025-02-22 15:02:21;INFO]----------------------------------------------------------------------------------------------------

[2025-02-22 15:02:21;INFO]Current Epoch: 31 / 500 | Learning Rate : 0.0005000000000000051
[2025-02-22 15:02:40;INFO]Train | Loss : 0.197807 | ACC : 3358/3360 (99.940%)
[2025-02-22 15:02:43;INFO]Valid | Loss : 0.421829 | ACC : 1332/1440 (92.500%)
[2025-02-22 15:02:43;INFO]      | Loss didn't drop!

[2025-02-22 15:02:43;INFO]best epoch: 29, best loss: 0.204328
[2025-02-22 15:02:43;INFO]----------------------------------------------------------------------------------------------------

[2025-02-22 15:02:43;INFO]Current Epoch: 32 / 500 | Learning Rate : 0.0009455032620944383
[2025-02-22 15:03:02;INFO]Train | Loss : 0.223663 | ACC : 3358/3360 (99.940%)
[2025-02-22 15:03:05;INFO]Valid | Loss : 0.183545 | ACC : 1436/1440 (99.722%)
[2025-02-22 15:03:05;INFO]      | Loss dropped from 0.204328 to 0.183545, model has been saved!

[2025-02-22 15:03:05;INFO]best epoch: 32, best loss: 0.183545
[2025-02-22 15:03:05;INFO]----------------------------------------------------------------------------------------------------

[2025-02-22 15:03:05;INFO]Current Epoch: 33 / 500 | Learning Rate : 9.54915028125428e-05
[2025-02-22 15:03:24;INFO]Train | Loss : 0.199467 | ACC : 3355/3360 (99.851%)
[2025-02-22 15:03:27;INFO]Valid | Loss : 1.134736 | ACC : 934/1440 (64.861%)
[2025-02-22 15:03:27;INFO]      | Loss didn't drop!

[2025-02-22 15:03:27;INFO]best epoch: 32, best loss: 0.183545
[2025-02-22 15:03:27;INFO]----------------------------------------------------------------------------------------------------

[2025-02-22 15:03:27;INFO]Current Epoch: 34 / 500 | Learning Rate : 0.0004217827674799659
[2025-02-22 15:03:46;INFO]Train | Loss : 0.208348 | ACC : 3345/3360 (99.554%)
[2025-02-22 15:03:48;INFO]Valid | Loss : 1.664406 | ACC : 712/1440 (49.444%)
[2025-02-22 15:03:48;INFO]      | Loss didn't drop!

[2025-02-22 15:03:48;INFO]best epoch: 32, best loss: 0.183545
[2025-02-22 15:03:48;INFO]----------------------------------------------------------------------------------------------------

[2025-02-22 15:03:48;INFO]Current Epoch: 35 / 500 | Learning Rate : 0.0009755282581476737
[2025-02-22 15:04:07;INFO]Train | Loss : 0.367280 | ACC : 3323/3360 (98.899%)
[2025-02-22 15:04:10;INFO]Valid | Loss : 0.266309 | ACC : 1427/1440 (99.097%)
[2025-02-22 15:04:10;INFO]      | Loss didn't drop!

[2025-02-22 15:04:10;INFO]best epoch: 32, best loss: 0.183545
[2025-02-22 15:04:10;INFO]----------------------------------------------------------------------------------------------------

[2025-02-22 15:04:10;INFO]Current Epoch: 36 / 500 | Learning Rate : 0.00014644660940671826
[2025-02-22 15:04:29;INFO]Train | Loss : 0.248269 | ACC : 3359/3360 (99.970%)
[2025-02-22 15:04:32;INFO]Valid | Loss : 0.453565 | ACC : 1318/1440 (91.528%)
[2025-02-22 15:04:32;INFO]      | Loss didn't drop!

[2025-02-22 15:04:32;INFO]best epoch: 32, best loss: 0.183545
[2025-02-22 15:04:32;INFO]----------------------------------------------------------------------------------------------------

[2025-02-22 15:04:32;INFO]Current Epoch: 37 / 500 | Learning Rate : 0.0003454915028125272
[2025-02-22 15:04:51;INFO]Train | Loss : 0.203799 | ACC : 3359/3360 (99.970%)
[2025-02-22 15:04:53;INFO]Valid | Loss : 0.803522 | ACC : 1176/1440 (81.667%)
[2025-02-22 15:04:54;INFO]      | Loss didn't drop!

[2025-02-22 15:04:54;INFO]best epoch: 32, best loss: 0.183545
[2025-02-22 15:04:54;INFO]----------------------------------------------------------------------------------------------------

[2025-02-22 15:04:54;INFO]Current Epoch: 38 / 500 | Learning Rate : 0.000993844170297854
[2025-02-22 15:05:13;INFO]Train | Loss : 0.200326 | ACC : 3360/3360 (100.000%)
[2025-02-22 15:05:15;INFO]Valid | Loss : 0.150641 | ACC : 1440/1440 (100.000%)
[2025-02-22 15:05:15;INFO]      | Loss dropped from 0.183545 to 0.150641, model has been saved!

[2025-02-22 15:05:15;INFO]best epoch: 38, best loss: 0.150641
[2025-02-22 15:05:15;INFO]----------------------------------------------------------------------------------------------------

[2025-02-22 15:05:15;INFO]Current Epoch: 39 / 500 | Learning Rate : 0.00020610737385380826
[2025-02-22 15:05:34;INFO]Train | Loss : 0.189856 | ACC : 3359/3360 (99.970%)
[2025-02-22 15:05:37;INFO]Valid | Loss : 1.306810 | ACC : 1020/1440 (70.833%)
[2025-02-22 15:05:37;INFO]      | Loss didn't drop!

[2025-02-22 15:05:37;INFO]best epoch: 38, best loss: 0.150641
[2025-02-22 15:05:37;INFO]----------------------------------------------------------------------------------------------------

[2025-02-22 15:05:37;INFO]Current Epoch: 40 / 500 | Learning Rate : 0.0002730047501302881
[2025-02-22 15:05:56;INFO]Train | Loss : 0.160438 | ACC : 3359/3360 (99.970%)
[2025-02-22 15:05:59;INFO]Valid | Loss : 0.440702 | ACC : 1347/1440 (93.542%)
[2025-02-22 15:05:59;INFO]      | Loss didn't drop!

[2025-02-22 15:05:59;INFO]best epoch: 38, best loss: 0.150641
[2025-02-22 15:05:59;INFO]----------------------------------------------------------------------------------------------------

[2025-02-22 15:05:59;INFO]Current Epoch: 41 / 500 | Learning Rate : 0.0010000000000001173
[2025-02-22 15:06:18;INFO]Train | Loss : 0.167717 | ACC : 3350/3360 (99.702%)
[2025-02-22 15:06:20;INFO]Valid | Loss : 0.138518 | ACC : 1439/1440 (99.931%)
[2025-02-22 15:06:20;INFO]      | Loss dropped from 0.150641 to 0.138518, model has been saved!

[2025-02-22 15:06:20;INFO]best epoch: 41, best loss: 0.138518
[2025-02-22 15:06:20;INFO]----------------------------------------------------------------------------------------------------

[2025-02-22 15:06:20;INFO]Current Epoch: 42 / 500 | Learning Rate : 0.000273004750130229
[2025-02-22 15:06:39;INFO]Train | Loss : 0.153637 | ACC : 3358/3360 (99.940%)
[2025-02-22 15:06:42;INFO]Valid | Loss : 0.304314 | ACC : 1363/1440 (94.653%)
[2025-02-22 15:06:42;INFO]      | Loss didn't drop!

[2025-02-22 15:06:42;INFO]best epoch: 41, best loss: 0.138518
[2025-02-22 15:06:42;INFO]----------------------------------------------------------------------------------------------------

[2025-02-22 15:06:42;INFO]Current Epoch: 43 / 500 | Learning Rate : 0.00020610737385377267
[2025-02-22 15:07:01;INFO]Train | Loss : 0.144108 | ACC : 3359/3360 (99.970%)
[2025-02-22 15:07:04;INFO]Valid | Loss : 0.707264 | ACC : 1121/1440 (77.847%)
[2025-02-22 15:07:04;INFO]      | Loss didn't drop!

[2025-02-22 15:07:04;INFO]best epoch: 41, best loss: 0.138518
[2025-02-22 15:07:04;INFO]----------------------------------------------------------------------------------------------------

[2025-02-22 15:07:04;INFO]Current Epoch: 44 / 500 | Learning Rate : 0.0009938441702975066
[2025-02-22 15:07:23;INFO]Train | Loss : 0.148753 | ACC : 3360/3360 (100.000%)
[2025-02-22 15:07:25;INFO]Valid | Loss : 0.160221 | ACC : 1439/1440 (99.931%)
[2025-02-22 15:07:25;INFO]      | Loss didn't drop!

[2025-02-22 15:07:25;INFO]best epoch: 41, best loss: 0.138518
[2025-02-22 15:07:25;INFO]----------------------------------------------------------------------------------------------------

[2025-02-22 15:07:25;INFO]Current Epoch: 45 / 500 | Learning Rate : 0.0003454915028125993
[2025-02-22 15:07:45;INFO]Train | Loss : 0.148634 | ACC : 3357/3360 (99.911%)
[2025-02-22 15:07:47;INFO]Valid | Loss : 0.224641 | ACC : 1383/1440 (96.042%)
[2025-02-22 15:07:47;INFO]      | Loss didn't drop!

[2025-02-22 15:07:47;INFO]best epoch: 41, best loss: 0.138518
[2025-02-22 15:07:47;INFO]----------------------------------------------------------------------------------------------------

[2025-02-22 15:07:47;INFO]Current Epoch: 46 / 500 | Learning Rate : 0.00014644660940675832
[2025-02-22 15:08:06;INFO]Train | Loss : 0.143745 | ACC : 3359/3360 (99.970%)
[2025-02-22 15:08:09;INFO]Valid | Loss : 0.647872 | ACC : 1273/1440 (88.403%)
[2025-02-22 15:08:09;INFO]      | Loss didn't drop!

[2025-02-22 15:08:09;INFO]best epoch: 41, best loss: 0.138518
[2025-02-22 15:08:09;INFO]----------------------------------------------------------------------------------------------------

[2025-02-22 15:08:09;INFO]Current Epoch: 47 / 500 | Learning Rate : 0.0009755282581477
[2025-02-22 15:08:28;INFO]Train | Loss : 0.149673 | ACC : 3359/3360 (99.970%)
[2025-02-22 15:08:31;INFO]Valid | Loss : 0.206164 | ACC : 1433/1440 (99.514%)
[2025-02-22 15:08:31;INFO]      | Loss didn't drop!

[2025-02-22 15:08:31;INFO]best epoch: 41, best loss: 0.138518
[2025-02-22 15:08:31;INFO]----------------------------------------------------------------------------------------------------

[2025-02-22 15:08:31;INFO]Current Epoch: 48 / 500 | Learning Rate : 0.0004217827674799015
[2025-02-22 15:08:50;INFO]Train | Loss : 0.147032 | ACC : 3359/3360 (99.970%)
[2025-02-22 15:08:52;INFO]Valid | Loss : 0.124120 | ACC : 1440/1440 (100.000%)
[2025-02-22 15:08:52;INFO]      | Loss dropped from 0.138518 to 0.124120, model has been saved!

[2025-02-22 15:08:52;INFO]best epoch: 48, best loss: 0.124120
[2025-02-22 15:08:52;INFO]----------------------------------------------------------------------------------------------------

[2025-02-22 15:08:52;INFO]Current Epoch: 49 / 500 | Learning Rate : 9.549150281253623e-05
[2025-02-22 15:09:11;INFO]Train | Loss : 0.125826 | ACC : 3360/3360 (100.000%)
[2025-02-22 15:09:14;INFO]Valid | Loss : 0.426717 | ACC : 1344/1440 (93.333%)
[2025-02-22 15:09:14;INFO]      | Loss didn't drop!

[2025-02-22 15:09:14;INFO]best epoch: 48, best loss: 0.124120
[2025-02-22 15:09:14;INFO]----------------------------------------------------------------------------------------------------

[2025-02-22 15:09:14;INFO]Current Epoch: 50 / 500 | Learning Rate : 0.0009455032620941462
[2025-02-22 15:09:33;INFO]Train | Loss : 0.123083 | ACC : 3360/3360 (100.000%)
[2025-02-22 15:09:36;INFO]Valid | Loss : 0.319321 | ACC : 1341/1440 (93.125%)
[2025-02-22 15:09:36;INFO]      | Loss didn't drop!

[2025-02-22 15:09:36;INFO]best epoch: 48, best loss: 0.124120
[2025-02-22 15:09:36;INFO]----------------------------------------------------------------------------------------------------

[2025-02-22 15:09:36;INFO]Current Epoch: 51 / 500 | Learning Rate : 0.0004999999999999381
[2025-02-22 15:09:55;INFO]Train | Loss : 0.133718 | ACC : 3358/3360 (99.940%)
[2025-02-22 15:09:57;INFO]Valid | Loss : 0.175412 | ACC : 1407/1440 (97.708%)
[2025-02-22 15:09:57;INFO]      | Loss didn't drop!

[2025-02-22 15:09:57;INFO]best epoch: 48, best loss: 0.124120
[2025-02-22 15:09:57;INFO]----------------------------------------------------------------------------------------------------

[2025-02-22 15:09:57;INFO]Current Epoch: 52 / 500 | Learning Rate : 5.4496737905805545e-05
[2025-02-22 15:10:17;INFO]Train | Loss : 0.115011 | ACC : 3360/3360 (100.000%)
[2025-02-22 15:10:19;INFO]Valid | Loss : 1.118927 | ACC : 1074/1440 (74.583%)
[2025-02-22 15:10:19;INFO]      | Loss didn't drop!

[2025-02-22 15:10:19;INFO]best epoch: 48, best loss: 0.124120
[2025-02-22 15:10:19;INFO]----------------------------------------------------------------------------------------------------

[2025-02-22 15:10:19;INFO]Current Epoch: 53 / 500 | Learning Rate : 0.0009045084971875998
[2025-02-22 15:10:38;INFO]Train | Loss : 0.117444 | ACC : 3360/3360 (100.000%)
[2025-02-22 15:10:41;INFO]Valid | Loss : 1.038697 | ACC : 1124/1440 (78.056%)
[2025-02-22 15:10:41;INFO]      | Loss didn't drop!

[2025-02-22 15:10:41;INFO]best epoch: 48, best loss: 0.124120
[2025-02-22 15:10:41;INFO]----------------------------------------------------------------------------------------------------

[2025-02-22 15:10:41;INFO]Current Epoch: 54 / 500 | Learning Rate : 0.000578217232520142
[2025-02-22 15:11:00;INFO]Train | Loss : 0.114739 | ACC : 3360/3360 (100.000%)
[2025-02-22 15:11:03;INFO]Valid | Loss : 0.395715 | ACC : 1336/1440 (92.778%)
[2025-02-22 15:11:03;INFO]      | Loss didn't drop!

[2025-02-22 15:11:03;INFO]best epoch: 48, best loss: 0.124120
[2025-02-22 15:11:03;INFO]----------------------------------------------------------------------------------------------------

[2025-02-22 15:11:03;INFO]Current Epoch: 55 / 500 | Learning Rate : 2.4471741852430055e-05
[2025-02-22 15:11:22;INFO]Train | Loss : 0.115178 | ACC : 3360/3360 (100.000%)
[2025-02-22 15:11:24;INFO]Valid | Loss : 0.805981 | ACC : 1096/1440 (76.111%)
[2025-02-22 15:11:24;INFO]      | Loss didn't drop!

[2025-02-22 15:11:24;INFO]best epoch: 48, best loss: 0.124120
[2025-02-22 15:11:24;INFO]----------------------------------------------------------------------------------------------------

[2025-02-22 15:11:24;INFO]Current Epoch: 56 / 500 | Learning Rate : 0.0008535533905935419
[2025-02-22 15:11:43;INFO]Train | Loss : 0.127529 | ACC : 3359/3360 (99.970%)
[2025-02-22 15:11:46;INFO]Valid | Loss : 2.192716 | ACC : 617/1440 (42.847%)
[2025-02-22 15:11:46;INFO]      | Loss didn't drop!

[2025-02-22 15:11:46;INFO]best epoch: 48, best loss: 0.124120
[2025-02-22 15:11:46;INFO]----------------------------------------------------------------------------------------------------

[2025-02-22 15:11:46;INFO]Current Epoch: 57 / 500 | Learning Rate : 0.00065450849718739
[2025-02-22 15:12:05;INFO]Train | Loss : 0.137729 | ACC : 3359/3360 (99.970%)
[2025-02-22 15:12:08;INFO]Valid | Loss : 0.792382 | ACC : 1181/1440 (82.014%)
[2025-02-22 15:12:08;INFO]      | Loss didn't drop!

[2025-02-22 15:12:08;INFO]best epoch: 48, best loss: 0.124120
[2025-02-22 15:12:08;INFO]----------------------------------------------------------------------------------------------------

[2025-02-22 15:12:08;INFO]Current Epoch: 58 / 500 | Learning Rate : 6.155829702430338e-06
[2025-02-22 15:12:27;INFO]Train | Loss : 0.121541 | ACC : 3358/3360 (99.940%)
[2025-02-22 15:12:30;INFO]Valid | Loss : 1.118122 | ACC : 1110/1440 (77.083%)
[2025-02-22 15:12:30;INFO]      | Loss didn't drop!

[2025-02-22 15:12:30;INFO]best epoch: 48, best loss: 0.124120
[2025-02-22 15:12:30;INFO]----------------------------------------------------------------------------------------------------

[2025-02-22 15:12:30;INFO]Current Epoch: 59 / 500 | Learning Rate : 0.0007938926261463684
[2025-02-22 15:12:49;INFO]Train | Loss : 0.110507 | ACC : 3360/3360 (100.000%)
[2025-02-22 15:12:51;INFO]Valid | Loss : 2.100507 | ACC : 595/1440 (41.319%)
[2025-02-22 15:12:51;INFO]      | Loss didn't drop!

[2025-02-22 15:12:51;INFO]best epoch: 48, best loss: 0.124120
[2025-02-22 15:12:51;INFO]----------------------------------------------------------------------------------------------------

[2025-02-22 15:12:51;INFO]Current Epoch: 60 / 500 | Learning Rate : 0.0007269952498698092
[2025-02-22 15:13:10;INFO]Train | Loss : 0.117579 | ACC : 3359/3360 (99.970%)
[2025-02-22 15:13:13;INFO]Valid | Loss : 0.219505 | ACC : 1376/1440 (95.556%)
[2025-02-22 15:13:13;INFO]      | Loss didn't drop!

[2025-02-22 15:13:13;INFO]best epoch: 48, best loss: 0.124120
[2025-02-22 15:13:13;INFO]----------------------------------------------------------------------------------------------------

[2025-02-22 15:13:13;INFO]Current Epoch: 61 / 500 | Learning Rate : 0.0
[2025-02-22 15:13:32;INFO]Train | Loss : 0.104798 | ACC : 3360/3360 (100.000%)
[2025-02-22 15:13:35;INFO]Valid | Loss : 0.680501 | ACC : 1153/1440 (80.069%)
[2025-02-22 15:13:35;INFO]      | Loss didn't drop!

[2025-02-22 15:13:35;INFO]best epoch: 48, best loss: 0.124120
[2025-02-22 15:13:35;INFO]----------------------------------------------------------------------------------------------------

[2025-02-22 15:13:35;INFO]Current Epoch: 62 / 500 | Learning Rate : 0.0007269952498700238
[2025-02-22 15:13:54;INFO]Train | Loss : 0.105281 | ACC : 3359/3360 (99.970%)
[2025-02-22 15:13:56;INFO]Valid | Loss : 0.390148 | ACC : 1342/1440 (93.194%)
[2025-02-22 15:13:56;INFO]      | Loss didn't drop!

[2025-02-22 15:13:56;INFO]best epoch: 48, best loss: 0.124120
[2025-02-22 15:13:56;INFO]----------------------------------------------------------------------------------------------------

[2025-02-22 15:13:56;INFO]Current Epoch: 63 / 500 | Learning Rate : 0.0007938926261461445
[2025-02-22 15:14:15;INFO]Train | Loss : 0.111910 | ACC : 3358/3360 (99.940%)
[2025-02-22 15:14:18;INFO]Valid | Loss : 0.083891 | ACC : 1437/1440 (99.792%)
[2025-02-22 15:14:18;INFO]      | Loss dropped from 0.124120 to 0.083891, model has been saved!

[2025-02-22 15:14:18;INFO]best epoch: 63, best loss: 0.083891
[2025-02-22 15:14:18;INFO]----------------------------------------------------------------------------------------------------

[2025-02-22 15:14:18;INFO]Current Epoch: 64 / 500 | Learning Rate : 6.155829702431115e-06
[2025-02-22 15:14:37;INFO]Train | Loss : 0.097659 | ACC : 3360/3360 (100.000%)
[2025-02-22 15:14:40;INFO]Valid | Loss : 0.397445 | ACC : 1278/1440 (88.750%)
[2025-02-22 15:14:40;INFO]      | Loss didn't drop!

[2025-02-22 15:14:40;INFO]best epoch: 63, best loss: 0.083891
[2025-02-22 15:14:40;INFO]----------------------------------------------------------------------------------------------------

[2025-02-22 15:14:40;INFO]Current Epoch: 65 / 500 | Learning Rate : 0.0006545084971875851
[2025-02-22 15:14:59;INFO]Train | Loss : 0.093832 | ACC : 3360/3360 (100.000%)
[2025-02-22 15:15:02;INFO]Valid | Loss : 0.322720 | ACC : 1306/1440 (90.694%)
[2025-02-22 15:15:02;INFO]      | Loss didn't drop!

[2025-02-22 15:15:02;INFO]best epoch: 63, best loss: 0.083891
[2025-02-22 15:15:02;INFO]----------------------------------------------------------------------------------------------------

[2025-02-22 15:15:02;INFO]Current Epoch: 66 / 500 | Learning Rate : 0.0008535533905930243
[2025-02-22 15:15:21;INFO]Train | Loss : 0.095263 | ACC : 3358/3360 (99.940%)
[2025-02-22 15:15:23;INFO]Valid | Loss : 0.067420 | ACC : 1440/1440 (100.000%)
[2025-02-22 15:15:23;INFO]      | Loss dropped from 0.083891 to 0.067420, model has been saved!

[2025-02-22 15:15:23;INFO]best epoch: 66, best loss: 0.067420
[2025-02-22 15:15:23;INFO]----------------------------------------------------------------------------------------------------

[2025-02-22 15:15:23;INFO]Current Epoch: 67 / 500 | Learning Rate : 2.4471741852422127e-05
[2025-02-22 15:15:42;INFO]Train | Loss : 0.101440 | ACC : 3358/3360 (99.940%)
[2025-02-22 15:15:45;INFO]Valid | Loss : 1.520608 | ACC : 728/1440 (50.556%)
[2025-02-22 15:15:45;INFO]      | Loss didn't drop!

[2025-02-22 15:15:45;INFO]best epoch: 66, best loss: 0.067420
[2025-02-22 15:15:45;INFO]----------------------------------------------------------------------------------------------------

[2025-02-22 15:15:45;INFO]Current Epoch: 68 / 500 | Learning Rate : 0.0005782172325201116
[2025-02-22 15:16:04;INFO]Train | Loss : 0.102673 | ACC : 3360/3360 (100.000%)
[2025-02-22 15:16:07;INFO]Valid | Loss : 0.816874 | ACC : 1144/1440 (79.444%)
[2025-02-22 15:16:07;INFO]      | Loss didn't drop!

[2025-02-22 15:16:07;INFO]best epoch: 66, best loss: 0.067420
[2025-02-22 15:16:07;INFO]----------------------------------------------------------------------------------------------------

[2025-02-22 15:16:07;INFO]Current Epoch: 69 / 500 | Learning Rate : 0.00090450849718771
[2025-02-22 15:16:26;INFO]Train | Loss : 0.094743 | ACC : 3360/3360 (100.000%)
[2025-02-22 15:16:28;INFO]Valid | Loss : 0.071524 | ACC : 1440/1440 (100.000%)
[2025-02-22 15:16:28;INFO]      | Loss didn't drop!

[2025-02-22 15:16:28;INFO]best epoch: 66, best loss: 0.067420
[2025-02-22 15:16:28;INFO]----------------------------------------------------------------------------------------------------

[2025-02-22 15:16:28;INFO]Current Epoch: 70 / 500 | Learning Rate : 5.4496737905806176e-05
[2025-02-22 15:16:47;INFO]Train | Loss : 0.089702 | ACC : 3360/3360 (100.000%)
[2025-02-22 15:16:50;INFO]Valid | Loss : 0.234365 | ACC : 1349/1440 (93.681%)
[2025-02-22 15:16:50;INFO]      | Loss didn't drop!

[2025-02-22 15:16:50;INFO]best epoch: 66, best loss: 0.067420
[2025-02-22 15:16:50;INFO]----------------------------------------------------------------------------------------------------

[2025-02-22 15:16:50;INFO]Current Epoch: 71 / 500 | Learning Rate : 0.0004999999999999316
[2025-02-22 15:17:09;INFO]Train | Loss : 0.084871 | ACC : 3360/3360 (100.000%)
[2025-02-22 15:17:12;INFO]Valid | Loss : 0.438818 | ACC : 1222/1440 (84.861%)
[2025-02-22 15:17:12;INFO]      | Loss didn't drop!

[2025-02-22 15:17:12;INFO]best epoch: 66, best loss: 0.067420
[2025-02-22 15:17:12;INFO]----------------------------------------------------------------------------------------------------

[2025-02-22 15:17:12;INFO]Current Epoch: 72 / 500 | Learning Rate : 0.0009455032620942705
[2025-02-22 15:17:31;INFO]Train | Loss : 0.106069 | ACC : 3358/3360 (99.940%)
[2025-02-22 15:17:34;INFO]Valid | Loss : 0.101088 | ACC : 1440/1440 (100.000%)
[2025-02-22 15:17:34;INFO]      | Loss didn't drop!

[2025-02-22 15:17:34;INFO]best epoch: 66, best loss: 0.067420
[2025-02-22 15:17:34;INFO]----------------------------------------------------------------------------------------------------

[2025-02-22 15:17:34;INFO]Current Epoch: 73 / 500 | Learning Rate : 9.54915028125635e-05
[2025-02-22 15:17:53;INFO]Train | Loss : 0.084088 | ACC : 3360/3360 (100.000%)
[2025-02-22 15:17:55;INFO]Valid | Loss : 0.234782 | ACC : 1366/1440 (94.861%)
[2025-02-22 15:17:55;INFO]      | Loss didn't drop!

[2025-02-22 15:17:55;INFO]best epoch: 66, best loss: 0.067420
[2025-02-22 15:17:55;INFO]----------------------------------------------------------------------------------------------------

[2025-02-22 15:17:55;INFO]Current Epoch: 74 / 500 | Learning Rate : 0.00042178276748003097
[2025-02-22 15:18:14;INFO]Train | Loss : 0.082969 | ACC : 3359/3360 (99.970%)
[2025-02-22 15:18:17;INFO]Valid | Loss : 0.373448 | ACC : 1294/1440 (89.861%)
[2025-02-22 15:18:17;INFO]      | Loss didn't drop!

[2025-02-22 15:18:17;INFO]best epoch: 66, best loss: 0.067420
[2025-02-22 15:18:17;INFO]----------------------------------------------------------------------------------------------------

[2025-02-22 15:18:17;INFO]Current Epoch: 75 / 500 | Learning Rate : 0.0009755282581481951
[2025-02-22 15:18:36;INFO]Train | Loss : 0.100182 | ACC : 3356/3360 (99.881%)
[2025-02-22 15:18:39;INFO]Valid | Loss : 0.077650 | ACC : 1433/1440 (99.514%)
[2025-02-22 15:18:39;INFO]      | Loss didn't drop!

[2025-02-22 15:18:39;INFO]best epoch: 66, best loss: 0.067420
[2025-02-22 15:18:39;INFO]----------------------------------------------------------------------------------------------------

[2025-02-22 15:18:39;INFO]Current Epoch: 76 / 500 | Learning Rate : 0.00014644660940673983
[2025-02-22 15:18:58;INFO]Train | Loss : 0.091305 | ACC : 3358/3360 (99.940%)
[2025-02-22 15:19:00;INFO]Valid | Loss : 1.114063 | ACC : 1049/1440 (72.847%)
[2025-02-22 15:19:00;INFO]      | Loss didn't drop!

[2025-02-22 15:19:00;INFO]best epoch: 66, best loss: 0.067420
[2025-02-22 15:19:00;INFO]----------------------------------------------------------------------------------------------------

[2025-02-22 15:19:00;INFO]Current Epoch: 77 / 500 | Learning Rate : 0.00034549150281258255
[2025-02-22 15:19:19;INFO]Train | Loss : 0.080970 | ACC : 3360/3360 (100.000%)
[2025-02-22 15:19:22;INFO]Valid | Loss : 0.622883 | ACC : 1225/1440 (85.069%)
[2025-02-22 15:19:22;INFO]      | Loss didn't drop!

[2025-02-22 15:19:22;INFO]best epoch: 66, best loss: 0.067420
[2025-02-22 15:19:22;INFO]----------------------------------------------------------------------------------------------------

[2025-02-22 15:19:22;INFO]Current Epoch: 78 / 500 | Learning Rate : 0.0009938441702980277
[2025-02-22 15:19:41;INFO]Train | Loss : 0.086583 | ACC : 3359/3360 (99.970%)
[2025-02-22 15:19:44;INFO]Valid | Loss : 0.109424 | ACC : 1405/1440 (97.569%)
[2025-02-22 15:19:44;INFO]      | Loss didn't drop!

[2025-02-22 15:19:44;INFO]best epoch: 66, best loss: 0.067420
[2025-02-22 15:19:44;INFO]----------------------------------------------------------------------------------------------------

[2025-02-22 15:19:44;INFO]Current Epoch: 79 / 500 | Learning Rate : 0.00020610737385375218
[2025-02-22 15:20:03;INFO]Train | Loss : 0.086275 | ACC : 3360/3360 (100.000%)
[2025-02-22 15:20:05;INFO]Valid | Loss : 0.227267 | ACC : 1386/1440 (96.250%)
[2025-02-22 15:20:05;INFO]      | Loss didn't drop!

[2025-02-22 15:20:05;INFO]best epoch: 66, best loss: 0.067420
[2025-02-22 15:20:05;INFO]----------------------------------------------------------------------------------------------------

[2025-02-22 15:20:05;INFO]Current Epoch: 80 / 500 | Learning Rate : 0.00027300475013024235
[2025-02-22 15:20:24;INFO]Train | Loss : 0.071540 | ACC : 3360/3360 (100.000%)
[2025-02-22 15:20:27;INFO]Valid | Loss : 0.755551 | ACC : 1033/1440 (71.736%)
[2025-02-22 15:20:27;INFO]      | Loss didn't drop!

[2025-02-22 15:20:27;INFO]best epoch: 66, best loss: 0.067420
[2025-02-22 15:20:27;INFO]----------------------------------------------------------------------------------------------------

[2025-02-22 15:20:27;INFO]Current Epoch: 81 / 500 | Learning Rate : 0.0010000000000002884
[2025-02-22 15:20:46;INFO]Train | Loss : 0.086483 | ACC : 3359/3360 (99.970%)
[2025-02-22 15:20:49;INFO]Valid | Loss : 0.136859 | ACC : 1410/1440 (97.917%)
[2025-02-22 15:20:49;INFO]      | Loss didn't drop!

[2025-02-22 15:20:49;INFO]best epoch: 66, best loss: 0.067420
[2025-02-22 15:20:49;INFO]----------------------------------------------------------------------------------------------------

[2025-02-22 15:20:49;INFO]Current Epoch: 82 / 500 | Learning Rate : 0.00027300475013019654
[2025-02-22 15:21:08;INFO]Train | Loss : 0.081518 | ACC : 3359/3360 (99.970%)
[2025-02-22 15:21:11;INFO]Valid | Loss : 0.560875 | ACC : 1258/1440 (87.361%)
[2025-02-22 15:21:11;INFO]      | Loss didn't drop!

[2025-02-22 15:21:11;INFO]best epoch: 66, best loss: 0.067420
[2025-02-22 15:21:11;INFO]----------------------------------------------------------------------------------------------------

[2025-02-22 15:21:11;INFO]Current Epoch: 83 / 500 | Learning Rate : 0.0002061073738537392
[2025-02-22 15:21:30;INFO]Train | Loss : 0.077531 | ACC : 3360/3360 (100.000%)
[2025-02-22 15:21:32;INFO]Valid | Loss : 1.420147 | ACC : 988/1440 (68.611%)
[2025-02-22 15:21:32;INFO]      | Loss didn't drop!

[2025-02-22 15:21:32;INFO]best epoch: 66, best loss: 0.067420
[2025-02-22 15:21:32;INFO]----------------------------------------------------------------------------------------------------

[2025-02-22 15:21:32;INFO]Current Epoch: 84 / 500 | Learning Rate : 0.000993844170297687
[2025-02-22 15:21:51;INFO]Train | Loss : 0.083693 | ACC : 3360/3360 (100.000%)
[2025-02-22 15:21:54;INFO]Valid | Loss : 0.319178 | ACC : 1343/1440 (93.264%)
[2025-02-22 15:21:54;INFO]      | Loss didn't drop!

[2025-02-22 15:21:54;INFO]best epoch: 66, best loss: 0.067420
[2025-02-22 15:21:54;INFO]----------------------------------------------------------------------------------------------------

[2025-02-22 15:21:54;INFO]Current Epoch: 85 / 500 | Learning Rate : 0.00034549150281240273
[2025-02-22 15:22:13;INFO]Train | Loss : 0.089495 | ACC : 3352/3360 (99.762%)
[2025-02-22 15:22:16;INFO]Valid | Loss : 0.240819 | ACC : 1366/1440 (94.861%)
[2025-02-22 15:22:16;INFO]      | Loss didn't drop!

[2025-02-22 15:22:16;INFO]best epoch: 66, best loss: 0.067420
[2025-02-22 15:22:16;INFO]----------------------------------------------------------------------------------------------------

[2025-02-22 15:22:16;INFO]Current Epoch: 86 / 500 | Learning Rate : 0.00014644660940668278
[2025-02-22 15:22:35;INFO]Train | Loss : 0.078416 | ACC : 3357/3360 (99.911%)
[2025-02-22 15:22:37;INFO]Valid | Loss : 1.322797 | ACC : 809/1440 (56.181%)
[2025-02-22 15:22:37;INFO]      | Loss didn't drop!

[2025-02-22 15:22:37;INFO]best epoch: 66, best loss: 0.067420
[2025-02-22 15:22:37;INFO]----------------------------------------------------------------------------------------------------

[2025-02-22 15:22:37;INFO]Current Epoch: 87 / 500 | Learning Rate : 0.0009755282581475176
[2025-02-22 15:22:56;INFO]Train | Loss : 0.140309 | ACC : 3337/3360 (99.315%)
[2025-02-22 15:22:59;INFO]Valid | Loss : 0.257235 | ACC : 1393/1440 (96.736%)
[2025-02-22 15:22:59;INFO]      | Loss didn't drop!

[2025-02-22 15:22:59;INFO]best epoch: 66, best loss: 0.067420
[2025-02-22 15:22:59;INFO]----------------------------------------------------------------------------------------------------

[2025-02-22 15:22:59;INFO]Current Epoch: 88 / 500 | Learning Rate : 0.00042178276747997106
[2025-02-22 15:23:18;INFO]Train | Loss : 0.083335 | ACC : 3360/3360 (100.000%)
[2025-02-22 15:23:21;INFO]Valid | Loss : 0.104531 | ACC : 1440/1440 (100.000%)
[2025-02-22 15:23:21;INFO]      | Loss didn't drop!

[2025-02-22 15:23:21;INFO]best epoch: 66, best loss: 0.067420
[2025-02-22 15:23:21;INFO]----------------------------------------------------------------------------------------------------

[2025-02-22 15:23:21;INFO]Current Epoch: 89 / 500 | Learning Rate : 9.549150281254918e-05
[2025-02-22 15:23:40;INFO]Train | Loss : 0.069880 | ACC : 3360/3360 (100.000%)
[2025-02-22 15:23:43;INFO]Valid | Loss : 0.545590 | ACC : 1174/1440 (81.528%)
[2025-02-22 15:23:43;INFO]      | Loss didn't drop!

[2025-02-22 15:23:43;INFO]best epoch: 66, best loss: 0.067420
[2025-02-22 15:23:43;INFO]----------------------------------------------------------------------------------------------------

[2025-02-22 15:23:43;INFO]Current Epoch: 90 / 500 | Learning Rate : 0.0009455032620946457
[2025-02-22 15:24:02;INFO]Train | Loss : 0.071394 | ACC : 3360/3360 (100.000%)
[2025-02-22 15:24:04;INFO]Valid | Loss : 0.364354 | ACC : 1323/1440 (91.875%)
[2025-02-22 15:24:04;INFO]      | Loss didn't drop!

[2025-02-22 15:24:04;INFO]best epoch: 66, best loss: 0.067420
[2025-02-22 15:24:04;INFO]----------------------------------------------------------------------------------------------------

[2025-02-22 15:24:04;INFO]Current Epoch: 91 / 500 | Learning Rate : 0.0005000000000003774
[2025-02-22 15:24:23;INFO]Train | Loss : 0.061704 | ACC : 3360/3360 (100.000%)
[2025-02-22 15:24:26;INFO]Valid | Loss : 0.087901 | ACC : 1439/1440 (99.931%)
[2025-02-22 15:24:26;INFO]      | Loss didn't drop!

[2025-02-22 15:24:26;INFO]best epoch: 66, best loss: 0.067420
[2025-02-22 15:24:26;INFO]----------------------------------------------------------------------------------------------------

[2025-02-22 15:24:26;INFO]Current Epoch: 92 / 500 | Learning Rate : 5.449673790587026e-05
[2025-02-22 15:24:45;INFO]Train | Loss : 0.053109 | ACC : 3360/3360 (100.000%)
[2025-02-22 15:24:48;INFO]Valid | Loss : 0.292261 | ACC : 1335/1440 (92.708%)
[2025-02-22 15:24:48;INFO]      | Loss didn't drop!

[2025-02-22 15:24:48;INFO]best epoch: 66, best loss: 0.067420
[2025-02-22 15:24:48;INFO]----------------------------------------------------------------------------------------------------

[2025-02-22 15:24:48;INFO]Current Epoch: 93 / 500 | Learning Rate : 0.0009045084971877587
[2025-02-22 15:25:07;INFO]Train | Loss : 0.056838 | ACC : 3360/3360 (100.000%)
[2025-02-22 15:25:09;INFO]Valid | Loss : 0.076130 | ACC : 1439/1440 (99.931%)
[2025-02-22 15:25:09;INFO]      | Loss didn't drop!

[2025-02-22 15:25:09;INFO]best epoch: 66, best loss: 0.067420
[2025-02-22 15:25:09;INFO]----------------------------------------------------------------------------------------------------

[2025-02-22 15:25:09;INFO]Current Epoch: 94 / 500 | Learning Rate : 0.0005782172325204569
[2025-02-22 15:25:28;INFO]Train | Loss : 0.053828 | ACC : 3360/3360 (100.000%)
[2025-02-22 15:25:31;INFO]Valid | Loss : 0.082700 | ACC : 1431/1440 (99.375%)
[2025-02-22 15:25:31;INFO]      | Loss didn't drop!

[2025-02-22 15:25:31;INFO]best epoch: 66, best loss: 0.067420
[2025-02-22 15:25:31;INFO]----------------------------------------------------------------------------------------------------

[2025-02-22 15:25:31;INFO]Current Epoch: 95 / 500 | Learning Rate : 2.4471741852436408e-05
[2025-02-22 15:25:50;INFO]Train | Loss : 0.051467 | ACC : 3360/3360 (100.000%)
[2025-02-22 15:25:53;INFO]Valid | Loss : 0.184021 | ACC : 1361/1440 (94.514%)
[2025-02-22 15:25:53;INFO]      | Loss didn't drop!

[2025-02-22 15:25:53;INFO]best epoch: 66, best loss: 0.067420
[2025-02-22 15:25:53;INFO]----------------------------------------------------------------------------------------------------

[2025-02-22 15:25:53;INFO]Current Epoch: 96 / 500 | Learning Rate : 0.0008535533905934059
[2025-02-22 15:26:12;INFO]Train | Loss : 0.052052 | ACC : 3360/3360 (100.000%)
[2025-02-22 15:26:15;INFO]Valid | Loss : 0.579710 | ACC : 1179/1440 (81.875%)
[2025-02-22 15:26:15;INFO]      | Loss didn't drop!

[2025-02-22 15:26:15;INFO]best epoch: 66, best loss: 0.067420
[2025-02-22 15:26:15;INFO]----------------------------------------------------------------------------------------------------

[2025-02-22 15:26:15;INFO]Current Epoch: 97 / 500 | Learning Rate : 0.0006545084971877242
[2025-02-22 15:26:34;INFO]Train | Loss : 0.052844 | ACC : 3360/3360 (100.000%)
[2025-02-22 15:26:36;INFO]Valid | Loss : 0.049533 | ACC : 1439/1440 (99.931%)
[2025-02-22 15:26:36;INFO]      | Loss dropped from 0.067420 to 0.049533, model has been saved!

[2025-02-22 15:26:36;INFO]best epoch: 97, best loss: 0.049533
[2025-02-22 15:26:36;INFO]----------------------------------------------------------------------------------------------------

[2025-02-22 15:26:36;INFO]Current Epoch: 98 / 500 | Learning Rate : 6.155829702436945e-06
[2025-02-22 15:26:55;INFO]Train | Loss : 0.046657 | ACC : 3360/3360 (100.000%)
[2025-02-22 15:26:58;INFO]Valid | Loss : 0.131669 | ACC : 1430/1440 (99.306%)
[2025-02-22 15:26:58;INFO]      | Loss didn't drop!

[2025-02-22 15:26:58;INFO]best epoch: 97, best loss: 0.049533
[2025-02-22 15:26:58;INFO]----------------------------------------------------------------------------------------------------

[2025-02-22 15:26:58;INFO]Current Epoch: 99 / 500 | Learning Rate : 0.000793892626146224
[2025-02-22 15:27:17;INFO]Train | Loss : 0.047496 | ACC : 3360/3360 (100.000%)
[2025-02-22 15:27:20;INFO]Valid | Loss : 0.372582 | ACC : 1339/1440 (92.986%)
[2025-02-22 15:27:20;INFO]      | Loss didn't drop!

[2025-02-22 15:27:20;INFO]best epoch: 97, best loss: 0.049533
[2025-02-22 15:27:20;INFO]----------------------------------------------------------------------------------------------------

[2025-02-22 15:27:20;INFO]Current Epoch: 100 / 500 | Learning Rate : 0.0007269952498694025
[2025-02-22 15:27:39;INFO]Train | Loss : 0.047972 | ACC : 3360/3360 (100.000%)
[2025-02-22 15:27:41;INFO]Valid | Loss : 0.147291 | ACC : 1375/1440 (95.486%)
[2025-02-22 15:27:41;INFO]      | Loss didn't drop!

[2025-02-22 15:27:41;INFO]best epoch: 97, best loss: 0.049533
[2025-02-22 15:27:41;INFO]----------------------------------------------------------------------------------------------------

[2025-02-22 15:27:41;INFO]Current Epoch: 101 / 500 | Learning Rate : 0.0
[2025-02-22 15:28:00;INFO]Train | Loss : 0.044384 | ACC : 3360/3360 (100.000%)
[2025-02-22 15:28:03;INFO]Valid | Loss : 0.245770 | ACC : 1353/1440 (93.958%)
[2025-02-22 15:28:03;INFO]      | Loss didn't drop!

[2025-02-22 15:28:03;INFO]best epoch: 97, best loss: 0.049533
[2025-02-22 15:28:03;INFO]----------------------------------------------------------------------------------------------------

[2025-02-22 15:28:03;INFO]Current Epoch: 102 / 500 | Learning Rate : 0.0007269952498701357
[2025-02-22 15:28:22;INFO]Train | Loss : 0.046887 | ACC : 3360/3360 (100.000%)
[2025-02-22 15:28:25;INFO]Valid | Loss : 0.328589 | ACC : 1284/1440 (89.167%)
[2025-02-22 15:28:25;INFO]      | Loss didn't drop!

[2025-02-22 15:28:25;INFO]best epoch: 97, best loss: 0.049533
[2025-02-22 15:28:25;INFO]----------------------------------------------------------------------------------------------------

[2025-02-22 15:28:25;INFO]Current Epoch: 103 / 500 | Learning Rate : 0.0007938926261462978
[2025-02-22 15:28:44;INFO]Train | Loss : 0.048845 | ACC : 3359/3360 (99.970%)
[2025-02-22 15:28:47;INFO]Valid | Loss : 0.040189 | ACC : 1440/1440 (100.000%)
[2025-02-22 15:28:47;INFO]      | Loss dropped from 0.049533 to 0.040189, model has been saved!

[2025-02-22 15:28:47;INFO]best epoch: 103, best loss: 0.040189
[2025-02-22 15:28:47;INFO]----------------------------------------------------------------------------------------------------

[2025-02-22 15:28:47;INFO]Current Epoch: 104 / 500 | Learning Rate : 6.155829702431115e-06
[2025-02-22 15:29:06;INFO]Train | Loss : 0.047579 | ACC : 3360/3360 (100.000%)
[2025-02-22 15:29:08;INFO]Valid | Loss : 0.384256 | ACC : 1231/1440 (85.486%)
[2025-02-22 15:29:08;INFO]      | Loss didn't drop!

[2025-02-22 15:29:08;INFO]best epoch: 103, best loss: 0.040189
[2025-02-22 15:29:08;INFO]----------------------------------------------------------------------------------------------------

[2025-02-22 15:29:08;INFO]Current Epoch: 105 / 500 | Learning Rate : 0.0006545084971877033
[2025-02-22 15:29:27;INFO]Train | Loss : 0.046482 | ACC : 3359/3360 (99.970%)
[2025-02-22 15:29:30;INFO]Valid | Loss : 0.299195 | ACC : 1298/1440 (90.139%)
[2025-02-22 15:29:30;INFO]      | Loss didn't drop!

[2025-02-22 15:29:30;INFO]best epoch: 103, best loss: 0.040189
[2025-02-22 15:29:30;INFO]----------------------------------------------------------------------------------------------------

[2025-02-22 15:29:30;INFO]Current Epoch: 106 / 500 | Learning Rate : 0.0008535533905931735
[2025-02-22 15:29:49;INFO]Train | Loss : 0.050727 | ACC : 3360/3360 (100.000%)
[2025-02-22 15:29:52;INFO]Valid | Loss : 0.059758 | ACC : 1434/1440 (99.583%)
[2025-02-22 15:29:52;INFO]      | Loss didn't drop!

[2025-02-22 15:29:52;INFO]best epoch: 103, best loss: 0.040189
[2025-02-22 15:29:52;INFO]----------------------------------------------------------------------------------------------------

[2025-02-22 15:29:52;INFO]Current Epoch: 107 / 500 | Learning Rate : 2.4471741852441866e-05
[2025-02-22 15:30:11;INFO]Train | Loss : 0.050187 | ACC : 3360/3360 (100.000%)
[2025-02-22 15:30:13;INFO]Valid | Loss : 0.313490 | ACC : 1287/1440 (89.375%)
[2025-02-22 15:30:13;INFO]      | Loss didn't drop!

[2025-02-22 15:30:13;INFO]best epoch: 103, best loss: 0.040189
[2025-02-22 15:30:13;INFO]----------------------------------------------------------------------------------------------------

[2025-02-22 15:30:13;INFO]Current Epoch: 108 / 500 | Learning Rate : 0.0005782172325206346
[2025-02-22 15:30:32;INFO]Train | Loss : 0.050789 | ACC : 3359/3360 (99.970%)
[2025-02-22 15:30:35;INFO]Valid | Loss : 1.386364 | ACC : 853/1440 (59.236%)
[2025-02-22 15:30:35;INFO]      | Loss didn't drop!

[2025-02-22 15:30:35;INFO]best epoch: 103, best loss: 0.040189
[2025-02-22 15:30:35;INFO]----------------------------------------------------------------------------------------------------

[2025-02-22 15:30:35;INFO]Current Epoch: 109 / 500 | Learning Rate : 0.0009045084971878445
[2025-02-22 15:30:54;INFO]Train | Loss : 0.068829 | ACC : 3359/3360 (99.970%)
[2025-02-22 15:30:57;INFO]Valid | Loss : 0.215811 | ACC : 1350/1440 (93.750%)
[2025-02-22 15:30:57;INFO]      | Loss didn't drop!

[2025-02-22 15:30:57;INFO]best epoch: 103, best loss: 0.040189
[2025-02-22 15:30:57;INFO]----------------------------------------------------------------------------------------------------

[2025-02-22 15:30:57;INFO]Current Epoch: 110 / 500 | Learning Rate : 5.4496737905800016e-05
[2025-02-22 15:31:16;INFO]Train | Loss : 0.055934 | ACC : 3360/3360 (100.000%)
[2025-02-22 15:31:19;INFO]Valid | Loss : 1.318024 | ACC : 873/1440 (60.625%)
[2025-02-22 15:31:19;INFO]      | Loss didn't drop!

[2025-02-22 15:31:19;INFO]best epoch: 103, best loss: 0.040189
[2025-02-22 15:31:19;INFO]----------------------------------------------------------------------------------------------------

[2025-02-22 15:31:19;INFO]Current Epoch: 111 / 500 | Learning Rate : 0.0004999999999999717
[2025-02-22 15:31:38;INFO]Train | Loss : 0.046367 | ACC : 3360/3360 (100.000%)
[2025-02-22 15:31:40;INFO]Valid | Loss : 2.037090 | ACC : 810/1440 (56.250%)
[2025-02-22 15:31:40;INFO]      | Loss didn't drop!

[2025-02-22 15:31:40;INFO]best epoch: 103, best loss: 0.040189
[2025-02-22 15:31:40;INFO]----------------------------------------------------------------------------------------------------

[2025-02-22 15:31:40;INFO]Current Epoch: 112 / 500 | Learning Rate : 0.0009455032620937474
[2025-02-22 15:31:59;INFO]Train | Loss : 0.043434 | ACC : 3360/3360 (100.000%)
[2025-02-22 15:32:02;INFO]Valid | Loss : 0.051732 | ACC : 1437/1440 (99.792%)
[2025-02-22 15:32:02;INFO]      | Loss didn't drop!

[2025-02-22 15:32:02;INFO]best epoch: 103, best loss: 0.040189
[2025-02-22 15:32:02;INFO]----------------------------------------------------------------------------------------------------

[2025-02-22 15:32:02;INFO]Current Epoch: 113 / 500 | Learning Rate : 9.54915028125758e-05
[2025-02-22 15:32:21;INFO]Train | Loss : 0.046695 | ACC : 3360/3360 (100.000%)
[2025-02-22 15:32:24;INFO]Valid | Loss : 0.181463 | ACC : 1417/1440 (98.403%)
[2025-02-22 15:32:24;INFO]      | Loss didn't drop!

[2025-02-22 15:32:24;INFO]best epoch: 103, best loss: 0.040189
[2025-02-22 15:32:24;INFO]----------------------------------------------------------------------------------------------------

[2025-02-22 15:32:24;INFO]Current Epoch: 114 / 500 | Learning Rate : 0.0004217827674801098
[2025-02-22 15:32:43;INFO]Train | Loss : 0.068431 | ACC : 3353/3360 (99.792%)
[2025-02-22 15:32:45;INFO]Valid | Loss : 0.970905 | ACC : 982/1440 (68.194%)
[2025-02-22 15:32:45;INFO]      | Loss didn't drop!

[2025-02-22 15:32:45;INFO]best epoch: 103, best loss: 0.040189
[2025-02-22 15:32:45;INFO]----------------------------------------------------------------------------------------------------

[2025-02-22 15:32:45;INFO]Current Epoch: 115 / 500 | Learning Rate : 0.0009755282581476647
[2025-02-22 15:33:04;INFO]Train | Loss : 0.064264 | ACC : 3359/3360 (99.970%)
[2025-02-22 15:33:07;INFO]Valid | Loss : 0.049776 | ACC : 1440/1440 (100.000%)
[2025-02-22 15:33:07;INFO]      | Loss didn't drop!

[2025-02-22 15:33:07;INFO]best epoch: 103, best loss: 0.040189
[2025-02-22 15:33:07;INFO]----------------------------------------------------------------------------------------------------

[2025-02-22 15:33:07;INFO]Current Epoch: 116 / 500 | Learning Rate : 0.00014644660940667456
[2025-02-22 15:33:26;INFO]Train | Loss : 0.044349 | ACC : 3360/3360 (100.000%)
[2025-02-22 15:33:29;INFO]Valid | Loss : 0.146454 | ACC : 1426/1440 (99.028%)
[2025-02-22 15:33:29;INFO]      | Loss didn't drop!

[2025-02-22 15:33:29;INFO]best epoch: 103, best loss: 0.040189
[2025-02-22 15:33:29;INFO]----------------------------------------------------------------------------------------------------

[2025-02-22 15:33:29;INFO]Current Epoch: 117 / 500 | Learning Rate : 0.0003454915028124259
[2025-02-22 15:33:48;INFO]Train | Loss : 0.051800 | ACC : 3359/3360 (99.970%)
[2025-02-22 15:33:50;INFO]Valid | Loss : 3.435463 | ACC : 644/1440 (44.722%)
[2025-02-22 15:33:50;INFO]      | Loss didn't drop!

[2025-02-22 15:33:50;INFO]best epoch: 103, best loss: 0.040189
[2025-02-22 15:33:50;INFO]----------------------------------------------------------------------------------------------------

[2025-02-22 15:33:50;INFO]Current Epoch: 118 / 500 | Learning Rate : 0.000993844170298202
[2025-02-22 15:34:09;INFO]Train | Loss : 0.124574 | ACC : 3343/3360 (99.494%)
[2025-02-22 15:34:12;INFO]Valid | Loss : 0.378573 | ACC : 1327/1440 (92.153%)
[2025-02-22 15:34:12;INFO]      | Loss didn't drop!

[2025-02-22 15:34:12;INFO]best epoch: 103, best loss: 0.040189
[2025-02-22 15:34:12;INFO]----------------------------------------------------------------------------------------------------

[2025-02-22 15:34:12;INFO]Current Epoch: 119 / 500 | Learning Rate : 0.00020610737385378378
[2025-02-22 15:34:31;INFO]Train | Loss : 0.084715 | ACC : 3350/3360 (99.702%)
[2025-02-22 15:34:34;INFO]Valid | Loss : 1.352298 | ACC : 1045/1440 (72.569%)
[2025-02-22 15:34:34;INFO]      | Loss didn't drop!

[2025-02-22 15:34:34;INFO]best epoch: 103, best loss: 0.040189
[2025-02-22 15:34:34;INFO]----------------------------------------------------------------------------------------------------

[2025-02-22 15:34:34;INFO]Current Epoch: 120 / 500 | Learning Rate : 0.0002730047501302978
[2025-02-22 15:34:53;INFO]Train | Loss : 0.068949 | ACC : 3359/3360 (99.970%)
[2025-02-22 15:34:56;INFO]Valid | Loss : 3.678526 | ACC : 366/1440 (25.417%)
[2025-02-22 15:34:56;INFO]      | Loss didn't drop!

[2025-02-22 15:34:56;INFO]best epoch: 103, best loss: 0.040189
[2025-02-22 15:34:56;INFO]----------------------------------------------------------------------------------------------------

[2025-02-22 15:34:56;INFO]Current Epoch: 121 / 500 | Learning Rate : 0.0010000000000004597
[2025-02-22 15:35:15;INFO]Train | Loss : 0.054347 | ACC : 3357/3360 (99.911%)
[2025-02-22 15:35:17;INFO]Valid | Loss : 0.042517 | ACC : 1440/1440 (100.000%)
[2025-02-22 15:35:17;INFO]      | Loss didn't drop!

[2025-02-22 15:35:17;INFO]best epoch: 103, best loss: 0.040189
[2025-02-22 15:35:17;INFO]----------------------------------------------------------------------------------------------------

[2025-02-22 15:35:17;INFO]Current Epoch: 122 / 500 | Learning Rate : 0.0002730047501300402
[2025-02-22 15:35:36;INFO]Train | Loss : 0.045084 | ACC : 3359/3360 (99.970%)
[2025-02-22 15:35:39;INFO]Valid | Loss : 0.049460 | ACC : 1440/1440 (100.000%)
[2025-02-22 15:35:39;INFO]      | Loss didn't drop!

[2025-02-22 15:35:39;INFO]best epoch: 103, best loss: 0.040189
[2025-02-22 15:35:39;INFO]----------------------------------------------------------------------------------------------------

[2025-02-22 15:35:39;INFO]Current Epoch: 123 / 500 | Learning Rate : 0.00020610737385363126
[2025-02-22 15:35:58;INFO]Train | Loss : 0.043811 | ACC : 3356/3360 (99.881%)
[2025-02-22 15:36:01;INFO]Valid | Loss : 1.545039 | ACC : 1046/1440 (72.639%)
[2025-02-22 15:36:01;INFO]      | Loss didn't drop!

[2025-02-22 15:36:01;INFO]best epoch: 103, best loss: 0.040189
[2025-02-22 15:36:01;INFO]----------------------------------------------------------------------------------------------------

[2025-02-22 15:36:01;INFO]Current Epoch: 124 / 500 | Learning Rate : 0.000993844170298571
[2025-02-22 15:36:20;INFO]Train | Loss : 0.077790 | ACC : 3345/3360 (99.554%)
[2025-02-22 15:36:22;INFO]Valid | Loss : 0.039491 | ACC : 1439/1440 (99.931%)
[2025-02-22 15:36:22;INFO]      | Loss dropped from 0.040189 to 0.039491, model has been saved!

[2025-02-22 15:36:22;INFO]best epoch: 124, best loss: 0.039491
[2025-02-22 15:36:22;INFO]----------------------------------------------------------------------------------------------------

[2025-02-22 15:36:22;INFO]Current Epoch: 125 / 500 | Learning Rate : 0.00034549150281245553
[2025-02-22 15:36:41;INFO]Train | Loss : 0.052678 | ACC : 3360/3360 (100.000%)
[2025-02-22 15:36:44;INFO]Valid | Loss : 0.250081 | ACC : 1346/1440 (93.472%)
[2025-02-22 15:36:44;INFO]      | Loss didn't drop!

[2025-02-22 15:36:44;INFO]best epoch: 124, best loss: 0.039491
[2025-02-22 15:36:44;INFO]----------------------------------------------------------------------------------------------------

[2025-02-22 15:36:44;INFO]Current Epoch: 126 / 500 | Learning Rate : 0.00014644660940669254
[2025-02-22 15:37:03;INFO]Train | Loss : 0.038094 | ACC : 3360/3360 (100.000%)
[2025-02-22 15:37:06;INFO]Valid | Loss : 0.452567 | ACC : 1213/1440 (84.236%)
[2025-02-22 15:37:06;INFO]      | Loss didn't drop!

[2025-02-22 15:37:06;INFO]best epoch: 124, best loss: 0.039491
[2025-02-22 15:37:06;INFO]----------------------------------------------------------------------------------------------------

[2025-02-22 15:37:06;INFO]Current Epoch: 127 / 500 | Learning Rate : 0.000975528258147695
[2025-02-22 15:37:25;INFO]Train | Loss : 0.034269 | ACC : 3360/3360 (100.000%)
[2025-02-22 15:37:28;INFO]Valid | Loss : 0.057294 | ACC : 1437/1440 (99.792%)
[2025-02-22 15:37:28;INFO]      | Loss didn't drop!

[2025-02-22 15:37:28;INFO]best epoch: 124, best loss: 0.039491
[2025-02-22 15:37:28;INFO]----------------------------------------------------------------------------------------------------

[2025-02-22 15:37:28;INFO]Current Epoch: 128 / 500 | Learning Rate : 0.00042178276748000825
[2025-02-22 15:37:47;INFO]Train | Loss : 0.034584 | ACC : 3360/3360 (100.000%)
[2025-02-22 15:37:49;INFO]Valid | Loss : 0.043814 | ACC : 1440/1440 (100.000%)
[2025-02-22 15:37:49;INFO]      | Loss didn't drop!

[2025-02-22 15:37:49;INFO]best epoch: 124, best loss: 0.039491
[2025-02-22 15:37:49;INFO]----------------------------------------------------------------------------------------------------

[2025-02-22 15:37:49;INFO]Current Epoch: 129 / 500 | Learning Rate : 9.549150281256952e-05
[2025-02-22 15:38:08;INFO]Train | Loss : 0.036417 | ACC : 3359/3360 (99.970%)
[2025-02-22 15:38:11;INFO]Valid | Loss : 2.385507 | ACC : 967/1440 (67.153%)
[2025-02-22 15:38:11;INFO]      | Loss didn't drop!

[2025-02-22 15:38:11;INFO]best epoch: 124, best loss: 0.039491
[2025-02-22 15:38:11;INFO]----------------------------------------------------------------------------------------------------

[2025-02-22 15:38:11;INFO]Current Epoch: 130 / 500 | Learning Rate : 0.0009455032620948236
[2025-02-22 15:38:30;INFO]Train | Loss : 0.050150 | ACC : 3354/3360 (99.821%)
[2025-02-22 15:38:33;INFO]Valid | Loss : 0.607184 | ACC : 1257/1440 (87.292%)
[2025-02-22 15:38:33;INFO]      | Loss didn't drop!

[2025-02-22 15:38:33;INFO]best epoch: 124, best loss: 0.039491
[2025-02-22 15:38:33;INFO]----------------------------------------------------------------------------------------------------

[2025-02-22 15:38:33;INFO]Current Epoch: 131 / 500 | Learning Rate : 0.0005000000000004608
[2025-02-22 15:38:52;INFO]Train | Loss : 0.045061 | ACC : 3359/3360 (99.970%)
[2025-02-22 15:38:54;INFO]Valid | Loss : 0.220554 | ACC : 1344/1440 (93.333%)
[2025-02-22 15:38:54;INFO]      | Loss didn't drop!

[2025-02-22 15:38:54;INFO]best epoch: 124, best loss: 0.039491
[2025-02-22 15:38:54;INFO]----------------------------------------------------------------------------------------------------

[2025-02-22 15:38:54;INFO]Current Epoch: 132 / 500 | Learning Rate : 5.449673790585737e-05
[2025-02-22 15:39:13;INFO]Train | Loss : 0.042796 | ACC : 3359/3360 (99.970%)
[2025-02-22 15:39:16;INFO]Valid | Loss : 0.321306 | ACC : 1299/1440 (90.208%)
[2025-02-22 15:39:16;INFO]      | Loss didn't drop!

[2025-02-22 15:39:16;INFO]best epoch: 124, best loss: 0.039491
[2025-02-22 15:39:16;INFO]----------------------------------------------------------------------------------------------------

[2025-02-22 15:39:16;INFO]Current Epoch: 133 / 500 | Learning Rate : 0.0009045084971872654
[2025-02-22 15:39:35;INFO]Train | Loss : 0.059374 | ACC : 3358/3360 (99.940%)
[2025-02-22 15:39:38;INFO]Valid | Loss : 0.377377 | ACC : 1310/1440 (90.972%)
[2025-02-22 15:39:38;INFO]      | Loss didn't drop!

[2025-02-22 15:39:38;INFO]best epoch: 124, best loss: 0.039491
[2025-02-22 15:39:38;INFO]----------------------------------------------------------------------------------------------------

[2025-02-22 15:39:38;INFO]Current Epoch: 134 / 500 | Learning Rate : 0.0005782172325201601
[2025-02-22 15:39:57;INFO]Train | Loss : 0.046220 | ACC : 3360/3360 (100.000%)
[2025-02-22 15:39:59;INFO]Valid | Loss : 0.057056 | ACC : 1430/1440 (99.306%)
[2025-02-22 15:39:59;INFO]      | Loss didn't drop!

[2025-02-22 15:39:59;INFO]best epoch: 124, best loss: 0.039491
[2025-02-22 15:39:59;INFO]----------------------------------------------------------------------------------------------------

[2025-02-22 15:39:59;INFO]Current Epoch: 135 / 500 | Learning Rate : 2.447174185242506e-05
[2025-02-22 15:40:18;INFO]Train | Loss : 0.033422 | ACC : 3359/3360 (99.970%)
[2025-02-22 15:40:21;INFO]Valid | Loss : 0.497552 | ACC : 1243/1440 (86.319%)
[2025-02-22 15:40:21;INFO]      | Loss didn't drop!

[2025-02-22 15:40:21;INFO]best epoch: 124, best loss: 0.039491
[2025-02-22 15:40:21;INFO]----------------------------------------------------------------------------------------------------

[2025-02-22 15:40:21;INFO]Current Epoch: 136 / 500 | Learning Rate : 0.0008535533905935647
[2025-02-22 15:40:40;INFO]Train | Loss : 0.032673 | ACC : 3360/3360 (100.000%)
[2025-02-22 15:40:43;INFO]Valid | Loss : 0.356268 | ACC : 1317/1440 (91.458%)
[2025-02-22 15:40:43;INFO]      | Loss didn't drop!

[2025-02-22 15:40:43;INFO]best epoch: 124, best loss: 0.039491
[2025-02-22 15:40:43;INFO]----------------------------------------------------------------------------------------------------

[2025-02-22 15:40:43;INFO]Current Epoch: 137 / 500 | Learning Rate : 0.0006545084971878571
[2025-02-22 15:41:02;INFO]Train | Loss : 0.037392 | ACC : 3359/3360 (99.970%)
[2025-02-22 15:41:05;INFO]Valid | Loss : 0.089755 | ACC : 1410/1440 (97.917%)
[2025-02-22 15:41:05;INFO]      | Loss didn't drop!

[2025-02-22 15:41:05;INFO]best epoch: 124, best loss: 0.039491
[2025-02-22 15:41:05;INFO]----------------------------------------------------------------------------------------------------

[2025-02-22 15:41:05;INFO]Current Epoch: 138 / 500 | Learning Rate : 6.1558297024391145e-06
[2025-02-22 15:41:24;INFO]Train | Loss : 0.031187 | ACC : 3360/3360 (100.000%)
[2025-02-22 15:41:26;INFO]Valid | Loss : 0.394201 | ACC : 1254/1440 (87.083%)
[2025-02-22 15:41:26;INFO]      | Loss didn't drop!

[2025-02-22 15:41:26;INFO]best epoch: 124, best loss: 0.039491
[2025-02-22 15:41:26;INFO]----------------------------------------------------------------------------------------------------

[2025-02-22 15:41:26;INFO]Current Epoch: 139 / 500 | Learning Rate : 0.0007938926261457697
[2025-02-22 15:41:45;INFO]Train | Loss : 0.029145 | ACC : 3360/3360 (100.000%)
[2025-02-22 15:41:48;INFO]Valid | Loss : 0.462720 | ACC : 1254/1440 (87.083%)
[2025-02-22 15:41:48;INFO]      | Loss didn't drop!

[2025-02-22 15:41:48;INFO]best epoch: 124, best loss: 0.039491
[2025-02-22 15:41:48;INFO]----------------------------------------------------------------------------------------------------

[2025-02-22 15:41:48;INFO]Current Epoch: 140 / 500 | Learning Rate : 0.0007269952498705774
[2025-02-22 15:42:07;INFO]Train | Loss : 0.031441 | ACC : 3360/3360 (100.000%)
[2025-02-22 15:42:10;INFO]Valid | Loss : 0.024585 | ACC : 1440/1440 (100.000%)
[2025-02-22 15:42:10;INFO]      | Loss dropped from 0.039491 to 0.024585, model has been saved!

[2025-02-22 15:42:10;INFO]best epoch: 140, best loss: 0.024585
[2025-02-22 15:42:10;INFO]----------------------------------------------------------------------------------------------------

[2025-02-22 15:42:10;INFO]Current Epoch: 141 / 500 | Learning Rate : 0.0
[2025-02-22 15:42:29;INFO]Train | Loss : 0.026687 | ACC : 3360/3360 (100.000%)
[2025-02-22 15:42:31;INFO]Valid | Loss : 2.017848 | ACC : 892/1440 (61.944%)
[2025-02-22 15:42:31;INFO]      | Loss didn't drop!

[2025-02-22 15:42:31;INFO]best epoch: 140, best loss: 0.024585
[2025-02-22 15:42:31;INFO]----------------------------------------------------------------------------------------------------

[2025-02-22 15:42:31;INFO]Current Epoch: 142 / 500 | Learning Rate : 0.0007269952498697674
[2025-02-22 15:42:50;INFO]Train | Loss : 0.027115 | ACC : 3360/3360 (100.000%)
[2025-02-22 15:42:53;INFO]Valid | Loss : 0.347611 | ACC : 1324/1440 (91.944%)
[2025-02-22 15:42:53;INFO]      | Loss didn't drop!

[2025-02-22 15:42:53;INFO]best epoch: 140, best loss: 0.024585
[2025-02-22 15:42:53;INFO]----------------------------------------------------------------------------------------------------

[2025-02-22 15:42:53;INFO]Current Epoch: 143 / 500 | Learning Rate : 0.0007938926261464284
[2025-02-22 15:43:12;INFO]Train | Loss : 0.025475 | ACC : 3360/3360 (100.000%)
[2025-02-22 15:43:15;INFO]Valid | Loss : 0.034375 | ACC : 1437/1440 (99.792%)
[2025-02-22 15:43:15;INFO]      | Loss didn't drop!

[2025-02-22 15:43:15;INFO]best epoch: 140, best loss: 0.024585
[2025-02-22 15:43:15;INFO]----------------------------------------------------------------------------------------------------

[2025-02-22 15:43:15;INFO]Current Epoch: 144 / 500 | Learning Rate : 6.155829702431115e-06
[2025-02-22 15:43:34;INFO]Train | Loss : 0.025107 | ACC : 3360/3360 (100.000%)
[2025-02-22 15:43:37;INFO]Valid | Loss : 0.637065 | ACC : 1115/1440 (77.431%)
[2025-02-22 15:43:37;INFO]      | Loss didn't drop!

[2025-02-22 15:43:37;INFO]best epoch: 140, best loss: 0.024585
[2025-02-22 15:43:37;INFO]----------------------------------------------------------------------------------------------------

[2025-02-22 15:43:37;INFO]Current Epoch: 145 / 500 | Learning Rate : 0.0006545084971878013
[2025-02-22 15:43:56;INFO]Train | Loss : 0.026431 | ACC : 3360/3360 (100.000%)
[2025-02-22 15:43:58;INFO]Valid | Loss : 0.074299 | ACC : 1416/1440 (98.333%)
[2025-02-22 15:43:58;INFO]      | Loss didn't drop!

[2025-02-22 15:43:58;INFO]best epoch: 140, best loss: 0.024585
[2025-02-22 15:43:58;INFO]----------------------------------------------------------------------------------------------------

[2025-02-22 15:43:58;INFO]Current Epoch: 146 / 500 | Learning Rate : 0.0008535533905939307
[2025-02-22 15:44:17;INFO]Train | Loss : 0.027534 | ACC : 3360/3360 (100.000%)
[2025-02-22 15:44:20;INFO]Valid | Loss : 0.022440 | ACC : 1440/1440 (100.000%)
[2025-02-22 15:44:20;INFO]      | Loss dropped from 0.024585 to 0.022440, model has been saved!

[2025-02-22 15:44:20;INFO]best epoch: 146, best loss: 0.022440
[2025-02-22 15:44:20;INFO]----------------------------------------------------------------------------------------------------

[2025-02-22 15:44:20;INFO]Current Epoch: 147 / 500 | Learning Rate : 2.447174185245272e-05
[2025-02-22 15:44:39;INFO]Train | Loss : 0.024330 | ACC : 3360/3360 (100.000%)
[2025-02-22 15:44:42;INFO]Valid | Loss : 0.344322 | ACC : 1292/1440 (89.722%)
[2025-02-22 15:44:42;INFO]      | Loss didn't drop!

[2025-02-22 15:44:42;INFO]best epoch: 146, best loss: 0.022440
[2025-02-22 15:44:42;INFO]----------------------------------------------------------------------------------------------------

[2025-02-22 15:44:42;INFO]Current Epoch: 148 / 500 | Learning Rate : 0.0005782172325207405
[2025-02-22 15:45:01;INFO]Train | Loss : 0.032699 | ACC : 3357/3360 (99.911%)
[2025-02-22 15:45:03;INFO]Valid | Loss : 2.088903 | ACC : 824/1440 (57.222%)
[2025-02-22 15:45:03;INFO]      | Loss didn't drop!

[2025-02-22 15:45:03;INFO]best epoch: 146, best loss: 0.022440
[2025-02-22 15:45:03;INFO]----------------------------------------------------------------------------------------------------

[2025-02-22 15:45:03;INFO]Current Epoch: 149 / 500 | Learning Rate : 0.0009045084971873508
[2025-02-22 15:45:22;INFO]Train | Loss : 0.128253 | ACC : 3328/3360 (99.048%)
[2025-02-22 15:45:25;INFO]Valid | Loss : 0.249725 | ACC : 1264/1440 (87.778%)
[2025-02-22 15:45:25;INFO]      | Loss didn't drop!

[2025-02-22 15:45:25;INFO]best epoch: 146, best loss: 0.022440
[2025-02-22 15:45:25;INFO]----------------------------------------------------------------------------------------------------

[2025-02-22 15:45:25;INFO]Current Epoch: 150 / 500 | Learning Rate : 5.449673790581913e-05
[2025-02-22 15:45:44;INFO]Train | Loss : 0.061191 | ACC : 3356/3360 (99.881%)
[2025-02-22 15:45:47;INFO]Valid | Loss : 1.082818 | ACC : 955/1440 (66.319%)
[2025-02-22 15:45:47;INFO]      | Loss didn't drop!

[2025-02-22 15:45:47;INFO]best epoch: 146, best loss: 0.022440
[2025-02-22 15:45:47;INFO]----------------------------------------------------------------------------------------------------

[2025-02-22 15:45:47;INFO]Current Epoch: 151 / 500 | Learning Rate : 0.0005000000000001212
[2025-02-22 15:46:06;INFO]Train | Loss : 0.042087 | ACC : 3360/3360 (100.000%)
[2025-02-22 15:46:08;INFO]Valid | Loss : 1.875827 | ACC : 870/1440 (60.417%)
[2025-02-22 15:46:08;INFO]      | Loss didn't drop!

[2025-02-22 15:46:08;INFO]best epoch: 146, best loss: 0.022440
[2025-02-22 15:46:08;INFO]----------------------------------------------------------------------------------------------------

[2025-02-22 15:46:08;INFO]Current Epoch: 152 / 500 | Learning Rate : 0.0009455032620945883
[2025-02-22 15:46:27;INFO]Train | Loss : 0.043762 | ACC : 3358/3360 (99.940%)
[2025-02-22 15:46:30;INFO]Valid | Loss : 0.068406 | ACC : 1417/1440 (98.403%)
[2025-02-22 15:46:30;INFO]      | Loss didn't drop!

[2025-02-22 15:46:30;INFO]best epoch: 146, best loss: 0.022440
[2025-02-22 15:46:30;INFO]----------------------------------------------------------------------------------------------------

[2025-02-22 15:46:30;INFO]Current Epoch: 153 / 500 | Learning Rate : 9.549150281260574e-05
[2025-02-22 15:46:49;INFO]Train | Loss : 0.045975 | ACC : 3358/3360 (99.940%)
[2025-02-22 15:46:52;INFO]Valid | Loss : 0.072395 | ACC : 1437/1440 (99.792%)
[2025-02-22 15:46:52;INFO]      | Loss didn't drop!

[2025-02-22 15:46:52;INFO]best epoch: 146, best loss: 0.022440
[2025-02-22 15:46:52;INFO]----------------------------------------------------------------------------------------------------

[2025-02-22 15:46:52;INFO]Current Epoch: 154 / 500 | Learning Rate : 0.0004217827674801928
[2025-02-22 15:47:11;INFO]Train | Loss : 0.049683 | ACC : 3354/3360 (99.821%)
[2025-02-22 15:47:14;INFO]Valid | Loss : 3.788235 | ACC : 843/1440 (58.542%)
[2025-02-22 15:47:14;INFO]      | Loss didn't drop!

[2025-02-22 15:47:14;INFO]best epoch: 146, best loss: 0.022440
[2025-02-22 15:47:14;INFO]----------------------------------------------------------------------------------------------------

[2025-02-22 15:47:14;INFO]Current Epoch: 155 / 500 | Learning Rate : 0.0009755282581471347
[2025-02-22 15:47:33;INFO]Train | Loss : 0.048026 | ACC : 3358/3360 (99.940%)
[2025-02-22 15:47:35;INFO]Valid | Loss : 0.071581 | ACC : 1407/1440 (97.708%)
[2025-02-22 15:47:35;INFO]      | Loss didn't drop!

[2025-02-22 15:47:35;INFO]best epoch: 146, best loss: 0.022440
[2025-02-22 15:47:35;INFO]----------------------------------------------------------------------------------------------------

[2025-02-22 15:47:35;INFO]Current Epoch: 156 / 500 | Learning Rate : 0.00014644660940669478
[2025-02-22 15:47:54;INFO]Train | Loss : 0.037550 | ACC : 3359/3360 (99.970%)
[2025-02-22 15:47:57;INFO]Valid | Loss : 0.120035 | ACC : 1408/1440 (97.778%)
[2025-02-22 15:47:57;INFO]      | Loss didn't drop!

[2025-02-22 15:47:57;INFO]best epoch: 146, best loss: 0.022440
[2025-02-22 15:47:57;INFO]----------------------------------------------------------------------------------------------------

[2025-02-22 15:47:57;INFO]Current Epoch: 157 / 500 | Learning Rate : 0.00034549150281249175
[2025-02-22 15:48:16;INFO]Train | Loss : 0.028501 | ACC : 3360/3360 (100.000%)
[2025-02-22 15:48:19;INFO]Valid | Loss : 0.092739 | ACC : 1419/1440 (98.542%)
[2025-02-22 15:48:19;INFO]      | Loss didn't drop!

[2025-02-22 15:48:19;INFO]best epoch: 146, best loss: 0.022440
[2025-02-22 15:48:19;INFO]----------------------------------------------------------------------------------------------------

[2025-02-22 15:48:19;INFO]Current Epoch: 158 / 500 | Learning Rate : 0.0009938441702976582
[2025-02-22 15:48:38;INFO]Train | Loss : 0.044080 | ACC : 3354/3360 (99.821%)
[2025-02-22 15:48:40;INFO]Valid | Loss : 0.039351 | ACC : 1434/1440 (99.583%)
[2025-02-22 15:48:40;INFO]      | Loss didn't drop!

[2025-02-22 15:48:40;INFO]best epoch: 146, best loss: 0.022440
[2025-02-22 15:48:40;INFO]----------------------------------------------------------------------------------------------------

[2025-02-22 15:48:40;INFO]Current Epoch: 159 / 500 | Learning Rate : 0.00020610737385381357
[2025-02-22 15:48:59;INFO]Train | Loss : 0.033727 | ACC : 3360/3360 (100.000%)
[2025-02-22 15:49:02;INFO]Valid | Loss : 0.252027 | ACC : 1316/1440 (91.389%)
[2025-02-22 15:49:02;INFO]      | Loss didn't drop!

[2025-02-22 15:49:02;INFO]best epoch: 146, best loss: 0.022440
[2025-02-22 15:49:02;INFO]----------------------------------------------------------------------------------------------------

[2025-02-22 15:49:02;INFO]Current Epoch: 160 / 500 | Learning Rate : 0.00027300475013032535
[2025-02-22 15:49:21;INFO]Train | Loss : 0.025941 | ACC : 3360/3360 (100.000%)
[2025-02-22 15:49:24;INFO]Valid | Loss : 0.450748 | ACC : 1172/1440 (81.389%)
[2025-02-22 15:49:24;INFO]      | Loss didn't drop!

[2025-02-22 15:49:24;INFO]best epoch: 146, best loss: 0.022440
[2025-02-22 15:49:24;INFO]----------------------------------------------------------------------------------------------------

[2025-02-22 15:49:24;INFO]Current Epoch: 161 / 500 | Learning Rate : 0.0010000000000006401
[2025-02-22 15:49:43;INFO]Train | Loss : 0.026546 | ACC : 3360/3360 (100.000%)
[2025-02-22 15:49:46;INFO]Valid | Loss : 0.019413 | ACC : 1439/1440 (99.931%)
[2025-02-22 15:49:46;INFO]      | Loss dropped from 0.022440 to 0.019413, model has been saved!

[2025-02-22 15:49:46;INFO]best epoch: 161, best loss: 0.019413
[2025-02-22 15:49:46;INFO]----------------------------------------------------------------------------------------------------

[2025-02-22 15:49:46;INFO]Current Epoch: 162 / 500 | Learning Rate : 0.00027300475013042656
[2025-02-22 15:50:05;INFO]Train | Loss : 0.027476 | ACC : 3360/3360 (100.000%)
[2025-02-22 15:50:07;INFO]Valid | Loss : 0.059227 | ACC : 1437/1440 (99.792%)
[2025-02-22 15:50:07;INFO]      | Loss didn't drop!

[2025-02-22 15:50:07;INFO]best epoch: 161, best loss: 0.019413
[2025-02-22 15:50:07;INFO]----------------------------------------------------------------------------------------------------

[2025-02-22 15:50:07;INFO]Current Epoch: 163 / 500 | Learning Rate : 0.0002061073738539253
[2025-02-22 15:50:26;INFO]Train | Loss : 0.023409 | ACC : 3359/3360 (99.970%)
[2025-02-22 15:50:29;INFO]Valid | Loss : 0.349904 | ACC : 1259/1440 (87.431%)
[2025-02-22 15:50:29;INFO]      | Loss didn't drop!

[2025-02-22 15:50:29;INFO]best epoch: 161, best loss: 0.019413
[2025-02-22 15:50:29;INFO]----------------------------------------------------------------------------------------------------

[2025-02-22 15:50:29;INFO]Current Epoch: 164 / 500 | Learning Rate : 0.0009938441702987417
[2025-02-22 15:50:48;INFO]Train | Loss : 0.037401 | ACC : 3357/3360 (99.911%)
[2025-02-22 15:50:51;INFO]Valid | Loss : 0.401283 | ACC : 1277/1440 (88.681%)
[2025-02-22 15:50:51;INFO]      | Loss didn't drop!

[2025-02-22 15:50:51;INFO]best epoch: 161, best loss: 0.019413
[2025-02-22 15:50:51;INFO]----------------------------------------------------------------------------------------------------

[2025-02-22 15:50:51;INFO]Current Epoch: 165 / 500 | Learning Rate : 0.0003454915028125081
[2025-02-22 15:51:10;INFO]Train | Loss : 0.030589 | ACC : 3360/3360 (100.000%)
[2025-02-22 15:51:12;INFO]Valid | Loss : 0.099654 | ACC : 1410/1440 (97.917%)
[2025-02-22 15:51:12;INFO]      | Loss didn't drop!

[2025-02-22 15:51:12;INFO]best epoch: 161, best loss: 0.019413
[2025-02-22 15:51:12;INFO]----------------------------------------------------------------------------------------------------

[2025-02-22 15:51:12;INFO]Current Epoch: 166 / 500 | Learning Rate : 0.00014644660940672246
[2025-02-22 15:51:31;INFO]Train | Loss : 0.020804 | ACC : 3360/3360 (100.000%)
[2025-02-22 15:51:34;INFO]Valid | Loss : 0.086213 | ACC : 1414/1440 (98.194%)
[2025-02-22 15:51:34;INFO]      | Loss didn't drop!

[2025-02-22 15:51:34;INFO]best epoch: 161, best loss: 0.019413
[2025-02-22 15:51:34;INFO]----------------------------------------------------------------------------------------------------

[2025-02-22 15:51:34;INFO]Current Epoch: 167 / 500 | Learning Rate : 0.0009755282581478643
[2025-02-22 15:51:53;INFO]Train | Loss : 0.023614 | ACC : 3360/3360 (100.000%)
[2025-02-22 15:51:56;INFO]Valid | Loss : 0.015263 | ACC : 1440/1440 (100.000%)
[2025-02-22 15:51:56;INFO]      | Loss dropped from 0.019413 to 0.015263, model has been saved!

[2025-02-22 15:51:56;INFO]best epoch: 167, best loss: 0.015263
[2025-02-22 15:51:56;INFO]----------------------------------------------------------------------------------------------------

[2025-02-22 15:51:56;INFO]Current Epoch: 168 / 500 | Learning Rate : 0.00042178276748013
[2025-02-22 15:52:15;INFO]Train | Loss : 0.026147 | ACC : 3360/3360 (100.000%)
[2025-02-22 15:52:18;INFO]Valid | Loss : 0.018305 | ACC : 1440/1440 (100.000%)
[2025-02-22 15:52:18;INFO]      | Loss didn't drop!

[2025-02-22 15:52:18;INFO]best epoch: 167, best loss: 0.015263
[2025-02-22 15:52:18;INFO]----------------------------------------------------------------------------------------------------

[2025-02-22 15:52:18;INFO]Current Epoch: 169 / 500 | Learning Rate : 9.549150281258998e-05
[2025-02-22 15:52:37;INFO]Train | Loss : 0.022724 | ACC : 3360/3360 (100.000%)
[2025-02-22 15:52:39;INFO]Valid | Loss : 0.105574 | ACC : 1420/1440 (98.611%)
[2025-02-22 15:52:39;INFO]      | Loss didn't drop!

[2025-02-22 15:52:39;INFO]best epoch: 167, best loss: 0.015263
[2025-02-22 15:52:39;INFO]----------------------------------------------------------------------------------------------------

[2025-02-22 15:52:39;INFO]Current Epoch: 170 / 500 | Learning Rate : 0.0009455032620949967
[2025-02-22 15:52:58;INFO]Train | Loss : 0.026822 | ACC : 3359/3360 (99.970%)
[2025-02-22 15:53:01;INFO]Valid | Loss : 0.353343 | ACC : 1350/1440 (93.750%)
[2025-02-22 15:53:01;INFO]      | Loss didn't drop!

[2025-02-22 15:53:01;INFO]best epoch: 167, best loss: 0.015263
[2025-02-22 15:53:01;INFO]----------------------------------------------------------------------------------------------------

[2025-02-22 15:53:01;INFO]Current Epoch: 171 / 500 | Learning Rate : 0.0004999999999998183
[2025-02-22 15:53:20;INFO]Train | Loss : 0.026115 | ACC : 3360/3360 (100.000%)
[2025-02-22 15:53:23;INFO]Valid | Loss : 0.100542 | ACC : 1390/1440 (96.528%)
[2025-02-22 15:53:23;INFO]      | Loss didn't drop!

[2025-02-22 15:53:23;INFO]best epoch: 167, best loss: 0.015263
[2025-02-22 15:53:23;INFO]----------------------------------------------------------------------------------------------------

[2025-02-22 15:53:23;INFO]Current Epoch: 172 / 500 | Learning Rate : 5.449673790581702e-05
[2025-02-22 15:53:42;INFO]Train | Loss : 0.021496 | ACC : 3360/3360 (100.000%)
[2025-02-22 15:53:44;INFO]Valid | Loss : 0.255490 | ACC : 1325/1440 (92.014%)
[2025-02-22 15:53:44;INFO]      | Loss didn't drop!

[2025-02-22 15:53:44;INFO]best epoch: 167, best loss: 0.015263
[2025-02-22 15:53:44;INFO]----------------------------------------------------------------------------------------------------

[2025-02-22 15:53:44;INFO]Current Epoch: 173 / 500 | Learning Rate : 0.000904508497187424
[2025-02-22 15:54:03;INFO]Train | Loss : 0.023803 | ACC : 3360/3360 (100.000%)
[2025-02-22 15:54:06;INFO]Valid | Loss : 0.031995 | ACC : 1437/1440 (99.792%)
[2025-02-22 15:54:06;INFO]      | Loss didn't drop!

[2025-02-22 15:54:06;INFO]best epoch: 167, best loss: 0.015263
[2025-02-22 15:54:06;INFO]----------------------------------------------------------------------------------------------------

[2025-02-22 15:54:06;INFO]Current Epoch: 174 / 500 | Learning Rate : 0.0005782172325202576
[2025-02-22 15:54:25;INFO]Train | Loss : 0.027542 | ACC : 3360/3360 (100.000%)
[2025-02-22 15:54:28;INFO]Valid | Loss : 0.102501 | ACC : 1413/1440 (98.125%)
[2025-02-22 15:54:28;INFO]      | Loss didn't drop!

[2025-02-22 15:54:28;INFO]best epoch: 167, best loss: 0.015263
[2025-02-22 15:54:28;INFO]----------------------------------------------------------------------------------------------------

[2025-02-22 15:54:28;INFO]Current Epoch: 175 / 500 | Learning Rate : 2.4471741852431573e-05
[2025-02-22 15:54:47;INFO]Train | Loss : 0.019985 | ACC : 3359/3360 (99.970%)
[2025-02-22 15:54:49;INFO]Valid | Loss : 0.611350 | ACC : 1070/1440 (74.306%)
[2025-02-22 15:54:49;INFO]      | Loss didn't drop!

[2025-02-22 15:54:49;INFO]best epoch: 167, best loss: 0.015263
[2025-02-22 15:54:49;INFO]----------------------------------------------------------------------------------------------------

[2025-02-22 15:54:49;INFO]Current Epoch: 176 / 500 | Learning Rate : 0.0008535533905936753
[2025-02-22 15:55:08;INFO]Train | Loss : 0.021698 | ACC : 3360/3360 (100.000%)
[2025-02-22 15:55:11;INFO]Valid | Loss : 0.135154 | ACC : 1401/1440 (97.292%)
[2025-02-22 15:55:11;INFO]      | Loss didn't drop!

[2025-02-22 15:55:11;INFO]best epoch: 167, best loss: 0.015263
[2025-02-22 15:55:11;INFO]----------------------------------------------------------------------------------------------------

[2025-02-22 15:55:11;INFO]Current Epoch: 177 / 500 | Learning Rate : 0.0006545084971879622
[2025-02-22 15:55:30;INFO]Train | Loss : 0.019551 | ACC : 3360/3360 (100.000%)
[2025-02-22 15:55:33;INFO]Valid | Loss : 0.017503 | ACC : 1440/1440 (100.000%)
[2025-02-22 15:55:33;INFO]      | Loss didn't drop!

[2025-02-22 15:55:33;INFO]best epoch: 167, best loss: 0.015263
[2025-02-22 15:55:33;INFO]----------------------------------------------------------------------------------------------------

[2025-02-22 15:55:33;INFO]Current Epoch: 178 / 500 | Learning Rate : 6.155829702441218e-06
[2025-02-22 15:55:52;INFO]Train | Loss : 0.020990 | ACC : 3359/3360 (99.970%)
[2025-02-22 15:55:55;INFO]Valid | Loss : 0.527208 | ACC : 1126/1440 (78.194%)
[2025-02-22 15:55:55;INFO]      | Loss didn't drop!

[2025-02-22 15:55:55;INFO]best epoch: 167, best loss: 0.015263
[2025-02-22 15:55:55;INFO]----------------------------------------------------------------------------------------------------

[2025-02-22 15:55:55;INFO]Current Epoch: 179 / 500 | Learning Rate : 0.0007938926261459186
[2025-02-22 15:56:14;INFO]Train | Loss : 0.030541 | ACC : 3360/3360 (100.000%)
[2025-02-22 15:56:16;INFO]Valid | Loss : 0.278174 | ACC : 1296/1440 (90.000%)
[2025-02-22 15:56:16;INFO]      | Loss didn't drop!

[2025-02-22 15:56:16;INFO]best epoch: 167, best loss: 0.015263
[2025-02-22 15:56:16;INFO]----------------------------------------------------------------------------------------------------

[2025-02-22 15:56:16;INFO]Current Epoch: 180 / 500 | Learning Rate : 0.0007269952498706956
[2025-02-22 15:56:35;INFO]Train | Loss : 0.029705 | ACC : 3359/3360 (99.970%)
[2025-02-22 15:56:38;INFO]Valid | Loss : 0.020308 | ACC : 1440/1440 (100.000%)
[2025-02-22 15:56:38;INFO]      | Loss didn't drop!

[2025-02-22 15:56:38;INFO]best epoch: 167, best loss: 0.015263
[2025-02-22 15:56:38;INFO]----------------------------------------------------------------------------------------------------

[2025-02-22 15:56:38;INFO]Current Epoch: 181 / 500 | Learning Rate : 0.0
[2025-02-22 15:56:57;INFO]Train | Loss : 0.027047 | ACC : 3358/3360 (99.940%)
[2025-02-22 15:57:00;INFO]Valid | Loss : 0.453571 | ACC : 1224/1440 (85.000%)
[2025-02-22 15:57:00;INFO]      | Loss didn't drop!

[2025-02-22 15:57:00;INFO]best epoch: 167, best loss: 0.015263
[2025-02-22 15:57:00;INFO]----------------------------------------------------------------------------------------------------

[2025-02-22 15:57:00;INFO]Current Epoch: 182 / 500 | Learning Rate : 0.0007269952498698979
[2025-02-22 15:57:19;INFO]Train | Loss : 0.030694 | ACC : 3359/3360 (99.970%)
[2025-02-22 15:57:21;INFO]Valid | Loss : 1.181254 | ACC : 1135/1440 (78.819%)
[2025-02-22 15:57:21;INFO]      | Loss didn't drop!

[2025-02-22 15:57:21;INFO]best epoch: 167, best loss: 0.015263
[2025-02-22 15:57:21;INFO]----------------------------------------------------------------------------------------------------

[2025-02-22 15:57:21;INFO]Current Epoch: 183 / 500 | Learning Rate : 0.0007938926261465201
[2025-02-22 15:57:40;INFO]Train | Loss : 0.050939 | ACC : 3354/3360 (99.821%)
[2025-02-22 15:57:43;INFO]Valid | Loss : 0.268353 | ACC : 1355/1440 (94.097%)
[2025-02-22 15:57:43;INFO]      | Loss didn't drop!

[2025-02-22 15:57:43;INFO]best epoch: 167, best loss: 0.015263
[2025-02-22 15:57:43;INFO]----------------------------------------------------------------------------------------------------

[2025-02-22 15:57:43;INFO]Current Epoch: 184 / 500 | Learning Rate : 6.155829702431115e-06
[2025-02-22 15:58:02;INFO]Train | Loss : 0.025826 | ACC : 3360/3360 (100.000%)
[2025-02-22 15:58:05;INFO]Valid | Loss : 0.482751 | ACC : 1200/1440 (83.333%)
[2025-02-22 15:58:05;INFO]      | Loss didn't drop!

[2025-02-22 15:58:05;INFO]best epoch: 167, best loss: 0.015263
[2025-02-22 15:58:05;INFO]----------------------------------------------------------------------------------------------------

[2025-02-22 15:58:05;INFO]Current Epoch: 185 / 500 | Learning Rate : 0.0006545084971869753
[2025-02-22 15:58:24;INFO]Train | Loss : 0.021458 | ACC : 3360/3360 (100.000%)
[2025-02-22 15:58:26;INFO]Valid | Loss : 0.992220 | ACC : 1067/1440 (74.097%)
[2025-02-22 15:58:26;INFO]      | Loss didn't drop!

[2025-02-22 15:58:26;INFO]best epoch: 167, best loss: 0.015263
[2025-02-22 15:58:26;INFO]----------------------------------------------------------------------------------------------------

[2025-02-22 15:58:26;INFO]Current Epoch: 186 / 500 | Learning Rate : 0.0008535533905940724
[2025-02-22 15:58:45;INFO]Train | Loss : 0.025085 | ACC : 3357/3360 (99.911%)
[2025-02-22 15:58:48;INFO]Valid | Loss : 0.053528 | ACC : 1434/1440 (99.583%)
[2025-02-22 15:58:48;INFO]      | Loss didn't drop!

[2025-02-22 15:58:48;INFO]best epoch: 167, best loss: 0.015263
[2025-02-22 15:58:48;INFO]----------------------------------------------------------------------------------------------------

[2025-02-22 15:58:48;INFO]Current Epoch: 187 / 500 | Learning Rate : 2.4471741852419715e-05
[2025-02-22 15:59:07;INFO]Train | Loss : 0.020902 | ACC : 3359/3360 (99.970%)
[2025-02-22 15:59:10;INFO]Valid | Loss : 0.044398 | ACC : 1430/1440 (99.306%)
[2025-02-22 15:59:10;INFO]      | Loss didn't drop!

[2025-02-22 15:59:10;INFO]best epoch: 167, best loss: 0.015263
[2025-02-22 15:59:10;INFO]----------------------------------------------------------------------------------------------------

[2025-02-22 15:59:10;INFO]Current Epoch: 188 / 500 | Learning Rate : 0.0005782172325200174
[2025-02-22 15:59:29;INFO]Train | Loss : 0.021578 | ACC : 3359/3360 (99.970%)
[2025-02-22 15:59:32;INFO]Valid | Loss : 0.363665 | ACC : 1305/1440 (90.625%)
[2025-02-22 15:59:32;INFO]      | Loss didn't drop!

[2025-02-22 15:59:32;INFO]best epoch: 167, best loss: 0.015263
[2025-02-22 15:59:32;INFO]----------------------------------------------------------------------------------------------------

[2025-02-22 15:59:32;INFO]Current Epoch: 189 / 500 | Learning Rate : 0.0009045084971875351
[2025-02-22 15:59:51;INFO]Train | Loss : 0.023028 | ACC : 3359/3360 (99.970%)
[2025-02-22 15:59:53;INFO]Valid | Loss : 0.015888 | ACC : 1440/1440 (100.000%)
[2025-02-22 15:59:53;INFO]      | Loss didn't drop!

[2025-02-22 15:59:53;INFO]best epoch: 167, best loss: 0.015263
[2025-02-22 15:59:53;INFO]----------------------------------------------------------------------------------------------------

[2025-02-22 15:59:53;INFO]Current Epoch: 190 / 500 | Learning Rate : 5.449673790582536e-05
[2025-02-22 16:00:12;INFO]Train | Loss : 0.019979 | ACC : 3360/3360 (100.000%)
[2025-02-22 16:00:15;INFO]Valid | Loss : 0.016948 | ACC : 1440/1440 (100.000%)
[2025-02-22 16:00:15;INFO]      | Loss didn't drop!

[2025-02-22 16:00:15;INFO]best epoch: 167, best loss: 0.015263
[2025-02-22 16:00:15;INFO]----------------------------------------------------------------------------------------------------

[2025-02-22 16:00:15;INFO]Current Epoch: 191 / 500 | Learning Rate : 0.0005000000000002137
[2025-02-22 16:00:34;INFO]Train | Loss : 0.017622 | ACC : 3360/3360 (100.000%)
[2025-02-22 16:00:37;INFO]Valid | Loss : 0.787436 | ACC : 1181/1440 (82.014%)
[2025-02-22 16:00:37;INFO]      | Loss didn't drop!

[2025-02-22 16:00:37;INFO]best epoch: 167, best loss: 0.015263
[2025-02-22 16:00:37;INFO]----------------------------------------------------------------------------------------------------

[2025-02-22 16:00:37;INFO]Current Epoch: 192 / 500 | Learning Rate : 0.0009455032620947557
[2025-02-22 16:00:56;INFO]Train | Loss : 0.035622 | ACC : 3350/3360 (99.702%)
[2025-02-22 16:00:58;INFO]Valid | Loss : 0.030188 | ACC : 1440/1440 (100.000%)
[2025-02-22 16:00:58;INFO]      | Loss didn't drop!

[2025-02-22 16:00:58;INFO]best epoch: 167, best loss: 0.015263
[2025-02-22 16:00:58;INFO]----------------------------------------------------------------------------------------------------

[2025-02-22 16:00:58;INFO]Current Epoch: 193 / 500 | Learning Rate : 9.549150281258463e-05
[2025-02-22 16:01:17;INFO]Train | Loss : 0.023334 | ACC : 3360/3360 (100.000%)
[2025-02-22 16:01:20;INFO]Valid | Loss : 0.121570 | ACC : 1398/1440 (97.083%)
[2025-02-22 16:01:20;INFO]      | Loss didn't drop!

[2025-02-22 16:01:20;INFO]best epoch: 167, best loss: 0.015263
[2025-02-22 16:01:20;INFO]----------------------------------------------------------------------------------------------------

[2025-02-22 16:01:20;INFO]Current Epoch: 194 / 500 | Learning Rate : 0.0004217827674802716
[2025-02-22 16:01:39;INFO]Train | Loss : 0.018105 | ACC : 3360/3360 (100.000%)
[2025-02-22 16:01:42;INFO]Valid | Loss : 0.502497 | ACC : 1147/1440 (79.653%)
[2025-02-22 16:01:42;INFO]      | Loss didn't drop!

[2025-02-22 16:01:42;INFO]best epoch: 167, best loss: 0.015263
[2025-02-22 16:01:42;INFO]----------------------------------------------------------------------------------------------------

[2025-02-22 16:01:42;INFO]Current Epoch: 195 / 500 | Learning Rate : 0.0009755282581486905
[2025-02-22 16:02:01;INFO]Train | Loss : 0.016985 | ACC : 3360/3360 (100.000%)
[2025-02-22 16:02:03;INFO]Valid | Loss : 0.014484 | ACC : 1440/1440 (100.000%)
[2025-02-22 16:02:03;INFO]      | Loss dropped from 0.015263 to 0.014484, model has been saved!

[2025-02-22 16:02:03;INFO]best epoch: 195, best loss: 0.014484
[2025-02-22 16:02:03;INFO]----------------------------------------------------------------------------------------------------

[2025-02-22 16:02:03;INFO]Current Epoch: 196 / 500 | Learning Rate : 0.0001464466094066762
[2025-02-22 16:02:22;INFO]Train | Loss : 0.020344 | ACC : 3359/3360 (99.970%)
[2025-02-22 16:02:25;INFO]Valid | Loss : 0.179563 | ACC : 1339/1440 (92.986%)
[2025-02-22 16:02:25;INFO]      | Loss didn't drop!

[2025-02-22 16:02:25;INFO]best epoch: 195, best loss: 0.014484
[2025-02-22 16:02:25;INFO]----------------------------------------------------------------------------------------------------

[2025-02-22 16:02:25;INFO]Current Epoch: 197 / 500 | Learning Rate : 0.0003454915028125608
[2025-02-22 16:02:44;INFO]Train | Loss : 0.018387 | ACC : 3360/3360 (100.000%)
[2025-02-22 16:02:47;INFO]Valid | Loss : 0.088682 | ACC : 1435/1440 (99.653%)
[2025-02-22 16:02:47;INFO]      | Loss didn't drop!

[2025-02-22 16:02:47;INFO]best epoch: 195, best loss: 0.014484
[2025-02-22 16:02:47;INFO]----------------------------------------------------------------------------------------------------

[2025-02-22 16:02:47;INFO]Current Epoch: 198 / 500 | Learning Rate : 0.0009938441702978186
[2025-02-22 16:03:06;INFO]Train | Loss : 0.018399 | ACC : 3360/3360 (100.000%)
[2025-02-22 16:03:09;INFO]Valid | Loss : 0.014205 | ACC : 1440/1440 (100.000%)
[2025-02-22 16:03:09;INFO]      | Loss dropped from 0.014484 to 0.014205, model has been saved!

[2025-02-22 16:03:09;INFO]best epoch: 198, best loss: 0.014205
[2025-02-22 16:03:09;INFO]----------------------------------------------------------------------------------------------------

[2025-02-22 16:03:09;INFO]Current Epoch: 199 / 500 | Learning Rate : 0.00020610737385414257
[2025-02-22 16:03:28;INFO]Train | Loss : 0.016149 | ACC : 3360/3360 (100.000%)
[2025-02-22 16:03:30;INFO]Valid | Loss : 2.689740 | ACC : 1003/1440 (69.653%)
[2025-02-22 16:03:30;INFO]      | Loss didn't drop!

[2025-02-22 16:03:30;INFO]best epoch: 198, best loss: 0.014205
[2025-02-22 16:03:30;INFO]----------------------------------------------------------------------------------------------------

[2025-02-22 16:03:30;INFO]Current Epoch: 200 / 500 | Learning Rate : 0.00027300475013072406
[2025-02-22 16:03:49;INFO]Train | Loss : 0.012907 | ACC : 3360/3360 (100.000%)
[2025-02-22 16:03:52;INFO]Valid | Loss : 0.223838 | ACC : 1359/1440 (94.375%)
[2025-02-22 16:03:52;INFO]      | Loss didn't drop!

[2025-02-22 16:03:52;INFO]best epoch: 198, best loss: 0.014205
[2025-02-22 16:03:52;INFO]----------------------------------------------------------------------------------------------------

[2025-02-22 16:03:52;INFO]Current Epoch: 201 / 500 | Learning Rate : 0.0009999999999993686
[2025-02-22 16:04:11;INFO]Train | Loss : 0.014545 | ACC : 3360/3360 (100.000%)
[2025-02-22 16:04:14;INFO]Valid | Loss : 0.009441 | ACC : 1440/1440 (100.000%)
[2025-02-22 16:04:14;INFO]      | Loss dropped from 0.014205 to 0.009441, model has been saved!

[2025-02-22 16:04:14;INFO]best epoch: 201, best loss: 0.009441
[2025-02-22 16:04:14;INFO]----------------------------------------------------------------------------------------------------

[2025-02-22 16:04:14;INFO]Current Epoch: 202 / 500 | Learning Rate : 0.00027300475013051806
[2025-02-22 16:04:33;INFO]Train | Loss : 0.013930 | ACC : 3360/3360 (100.000%)
[2025-02-22 16:04:35;INFO]Valid | Loss : 0.016437 | ACC : 1440/1440 (100.000%)
[2025-02-22 16:04:35;INFO]      | Loss didn't drop!

[2025-02-22 16:04:35;INFO]best epoch: 201, best loss: 0.009441
[2025-02-22 16:04:35;INFO]----------------------------------------------------------------------------------------------------

[2025-02-22 16:04:35;INFO]Current Epoch: 203 / 500 | Learning Rate : 0.00020610737385396623
[2025-02-22 16:04:54;INFO]Train | Loss : 0.014464 | ACC : 3360/3360 (100.000%)
[2025-02-22 16:04:57;INFO]Valid | Loss : 0.021820 | ACC : 1439/1440 (99.931%)
[2025-02-22 16:04:57;INFO]      | Loss didn't drop!

[2025-02-22 16:04:57;INFO]best epoch: 201, best loss: 0.009441
[2025-02-22 16:04:57;INFO]----------------------------------------------------------------------------------------------------

[2025-02-22 16:04:57;INFO]Current Epoch: 204 / 500 | Learning Rate : 0.00099384417029748
[2025-02-22 16:05:16;INFO]Train | Loss : 0.012782 | ACC : 3360/3360 (100.000%)
[2025-02-22 16:05:19;INFO]Valid | Loss : 0.010699 | ACC : 1440/1440 (100.000%)
[2025-02-22 16:05:19;INFO]      | Loss didn't drop!

[2025-02-22 16:05:19;INFO]best epoch: 201, best loss: 0.009441
[2025-02-22 16:05:19;INFO]----------------------------------------------------------------------------------------------------

[2025-02-22 16:05:19;INFO]Current Epoch: 205 / 500 | Learning Rate : 0.00034549150281261795
[2025-02-22 16:05:38;INFO]Train | Loss : 0.015211 | ACC : 3359/3360 (99.970%)
[2025-02-22 16:05:41;INFO]Valid | Loss : 0.018217 | ACC : 1440/1440 (100.000%)
[2025-02-22 16:05:41;INFO]      | Loss didn't drop!

[2025-02-22 16:05:41;INFO]best epoch: 201, best loss: 0.009441
[2025-02-22 16:05:41;INFO]----------------------------------------------------------------------------------------------------

[2025-02-22 16:05:41;INFO]Current Epoch: 206 / 500 | Learning Rate : 0.00014644660940675382
[2025-02-22 16:06:00;INFO]Train | Loss : 0.013226 | ACC : 3360/3360 (100.000%)
[2025-02-22 16:06:02;INFO]Valid | Loss : 0.059953 | ACC : 1414/1440 (98.194%)
[2025-02-22 16:06:02;INFO]      | Loss didn't drop!

[2025-02-22 16:06:02;INFO]best epoch: 201, best loss: 0.009441
[2025-02-22 16:06:02;INFO]----------------------------------------------------------------------------------------------------

[2025-02-22 16:06:02;INFO]Current Epoch: 207 / 500 | Learning Rate : 0.0009755282581480336
[2025-02-22 16:06:21;INFO]Train | Loss : 0.017257 | ACC : 3359/3360 (99.970%)
[2025-02-22 16:06:24;INFO]Valid | Loss : 0.037501 | ACC : 1431/1440 (99.375%)
[2025-02-22 16:06:24;INFO]      | Loss didn't drop!

[2025-02-22 16:06:24;INFO]best epoch: 201, best loss: 0.009441
[2025-02-22 16:06:24;INFO]----------------------------------------------------------------------------------------------------

[2025-02-22 16:06:24;INFO]Current Epoch: 208 / 500 | Learning Rate : 0.00042178276747958704
[2025-02-22 16:06:43;INFO]Train | Loss : 0.024039 | ACC : 3359/3360 (99.970%)
[2025-02-22 16:06:46;INFO]Valid | Loss : 0.376351 | ACC : 1279/1440 (88.819%)
[2025-02-22 16:06:46;INFO]      | Loss didn't drop!

[2025-02-22 16:06:46;INFO]best epoch: 201, best loss: 0.009441
[2025-02-22 16:06:46;INFO]----------------------------------------------------------------------------------------------------

[2025-02-22 16:06:46;INFO]Current Epoch: 209 / 500 | Learning Rate : 9.549150281247256e-05
[2025-02-22 16:07:05;INFO]Train | Loss : 0.015693 | ACC : 3360/3360 (100.000%)
[2025-02-22 16:07:07;INFO]Valid | Loss : 2.086830 | ACC : 899/1440 (62.431%)
[2025-02-22 16:07:07;INFO]      | Loss didn't drop!

[2025-02-22 16:07:07;INFO]best epoch: 201, best loss: 0.009441
[2025-02-22 16:07:07;INFO]----------------------------------------------------------------------------------------------------

[2025-02-22 16:07:07;INFO]Current Epoch: 210 / 500 | Learning Rate : 0.0009455032620951367
[2025-02-22 16:07:26;INFO]Train | Loss : 0.041981 | ACC : 3344/3360 (99.524%)
[2025-02-22 16:07:29;INFO]Valid | Loss : 0.315845 | ACC : 1319/1440 (91.597%)
[2025-02-22 16:07:29;INFO]      | Loss didn't drop!

[2025-02-22 16:07:29;INFO]best epoch: 201, best loss: 0.009441
[2025-02-22 16:07:29;INFO]----------------------------------------------------------------------------------------------------

[2025-02-22 16:07:29;INFO]Current Epoch: 211 / 500 | Learning Rate : 0.0005000000000006184
[2025-02-22 16:07:48;INFO]Train | Loss : 0.026041 | ACC : 3358/3360 (99.940%)
[2025-02-22 16:07:51;INFO]Valid | Loss : 0.465364 | ACC : 1328/1440 (92.222%)
[2025-02-22 16:07:51;INFO]      | Loss didn't drop!

[2025-02-22 16:07:51;INFO]best epoch: 201, best loss: 0.009441
[2025-02-22 16:07:51;INFO]----------------------------------------------------------------------------------------------------

[2025-02-22 16:07:51;INFO]Current Epoch: 212 / 500 | Learning Rate : 5.449673790590808e-05
[2025-02-22 16:08:10;INFO]Train | Loss : 0.016673 | ACC : 3360/3360 (100.000%)
[2025-02-22 16:08:12;INFO]Valid | Loss : 1.672360 | ACC : 697/1440 (48.403%)
[2025-02-22 16:08:12;INFO]      | Loss didn't drop!

[2025-02-22 16:08:12;INFO]best epoch: 201, best loss: 0.009441
[2025-02-22 16:08:12;INFO]----------------------------------------------------------------------------------------------------

[2025-02-22 16:08:12;INFO]Current Epoch: 213 / 500 | Learning Rate : 0.0009045084971875828
[2025-02-22 16:08:31;INFO]Train | Loss : 0.015049 | ACC : 3360/3360 (100.000%)
[2025-02-22 16:08:34;INFO]Valid | Loss : 0.121999 | ACC : 1379/1440 (95.764%)
[2025-02-22 16:08:34;INFO]      | Loss didn't drop!

[2025-02-22 16:08:34;INFO]best epoch: 201, best loss: 0.009441
[2025-02-22 16:08:34;INFO]----------------------------------------------------------------------------------------------------

[2025-02-22 16:08:34;INFO]Current Epoch: 214 / 500 | Learning Rate : 0.0005782172325202936
[2025-02-22 16:08:53;INFO]Train | Loss : 0.016371 | ACC : 3360/3360 (100.000%)
[2025-02-22 16:08:56;INFO]Valid | Loss : 0.024777 | ACC : 1440/1440 (100.000%)
[2025-02-22 16:08:56;INFO]      | Loss didn't drop!

[2025-02-22 16:08:56;INFO]best epoch: 201, best loss: 0.009441
[2025-02-22 16:08:56;INFO]----------------------------------------------------------------------------------------------------

[2025-02-22 16:08:56;INFO]Current Epoch: 215 / 500 | Learning Rate : 2.4471741852437895e-05
[2025-02-22 16:09:15;INFO]Train | Loss : 0.017256 | ACC : 3360/3360 (100.000%)
[2025-02-22 16:09:18;INFO]Valid | Loss : 1.408852 | ACC : 1032/1440 (71.667%)
[2025-02-22 16:09:18;INFO]      | Loss didn't drop!

[2025-02-22 16:09:18;INFO]best epoch: 201, best loss: 0.009441
[2025-02-22 16:09:18;INFO]----------------------------------------------------------------------------------------------------

[2025-02-22 16:09:18;INFO]Current Epoch: 216 / 500 | Learning Rate : 0.0008535533905950977
[2025-02-22 16:09:37;INFO]Train | Loss : 0.022544 | ACC : 3360/3360 (100.000%)
[2025-02-22 16:09:39;INFO]Valid | Loss : 0.373587 | ACC : 1274/1440 (88.472%)
[2025-02-22 16:09:39;INFO]      | Loss didn't drop!

[2025-02-22 16:09:39;INFO]best epoch: 201, best loss: 0.009441
[2025-02-22 16:09:39;INFO]----------------------------------------------------------------------------------------------------

[2025-02-22 16:09:39;INFO]Current Epoch: 217 / 500 | Learning Rate : 0.0006545084971870694
[2025-02-22 16:09:58;INFO]Train | Loss : 0.022630 | ACC : 3360/3360 (100.000%)
[2025-02-22 16:10:01;INFO]Valid | Loss : 0.215444 | ACC : 1326/1440 (92.083%)
[2025-02-22 16:10:01;INFO]      | Loss didn't drop!

[2025-02-22 16:10:01;INFO]best epoch: 201, best loss: 0.009441
[2025-02-22 16:10:01;INFO]----------------------------------------------------------------------------------------------------

[2025-02-22 16:10:01;INFO]Current Epoch: 218 / 500 | Learning Rate : 6.155829702434443e-06
[2025-02-22 16:10:20;INFO]Train | Loss : 0.016461 | ACC : 3360/3360 (100.000%)
[2025-02-22 16:10:23;INFO]Valid | Loss : 0.411859 | ACC : 1314/1440 (91.250%)
[2025-02-22 16:10:23;INFO]      | Loss didn't drop!

[2025-02-22 16:10:23;INFO]best epoch: 201, best loss: 0.009441
[2025-02-22 16:10:23;INFO]----------------------------------------------------------------------------------------------------

[2025-02-22 16:10:23;INFO]Current Epoch: 219 / 500 | Learning Rate : 0.0007938926261472515
[2025-02-22 16:10:42;INFO]Train | Loss : 0.014037 | ACC : 3360/3360 (100.000%)
[2025-02-22 16:10:44;INFO]Valid | Loss : 0.509874 | ACC : 1266/1440 (87.917%)
[2025-02-22 16:10:44;INFO]      | Loss didn't drop!

[2025-02-22 16:10:44;INFO]best epoch: 201, best loss: 0.009441
[2025-02-22 16:10:44;INFO]----------------------------------------------------------------------------------------------------

[2025-02-22 16:10:44;INFO]Current Epoch: 220 / 500 | Learning Rate : 0.0007269952498697653
[2025-02-22 16:11:03;INFO]Train | Loss : 0.015546 | ACC : 3360/3360 (100.000%)
[2025-02-22 16:11:06;INFO]Valid | Loss : 0.013648 | ACC : 1440/1440 (100.000%)
[2025-02-22 16:11:06;INFO]      | Loss didn't drop!

[2025-02-22 16:11:06;INFO]best epoch: 201, best loss: 0.009441
[2025-02-22 16:11:06;INFO]----------------------------------------------------------------------------------------------------

[2025-02-22 16:11:06;INFO]Current Epoch: 221 / 500 | Learning Rate : 0.0
[2025-02-22 16:11:25;INFO]Train | Loss : 0.013331 | ACC : 3360/3360 (100.000%)
[2025-02-22 16:11:28;INFO]Valid | Loss : 0.663126 | ACC : 1249/1440 (86.736%)
[2025-02-22 16:11:28;INFO]      | Loss didn't drop!

[2025-02-22 16:11:28;INFO]best epoch: 201, best loss: 0.009441
[2025-02-22 16:11:28;INFO]----------------------------------------------------------------------------------------------------

[2025-02-22 16:11:28;INFO]Current Epoch: 222 / 500 | Learning Rate : 0.0007269952498699845
[2025-02-22 16:11:47;INFO]Train | Loss : 0.015056 | ACC : 3360/3360 (100.000%)
[2025-02-22 16:11:49;INFO]Valid | Loss : 0.036023 | ACC : 1429/1440 (99.236%)
[2025-02-22 16:11:49;INFO]      | Loss didn't drop!

[2025-02-22 16:11:49;INFO]best epoch: 201, best loss: 0.009441
[2025-02-22 16:11:49;INFO]----------------------------------------------------------------------------------------------------

[2025-02-22 16:11:49;INFO]Current Epoch: 223 / 500 | Learning Rate : 0.0007938926261466967
[2025-02-22 16:12:08;INFO]Train | Loss : 0.014917 | ACC : 3360/3360 (100.000%)
[2025-02-22 16:12:11;INFO]Valid | Loss : 0.022234 | ACC : 1440/1440 (100.000%)
[2025-02-22 16:12:11;INFO]      | Loss didn't drop!

[2025-02-22 16:12:11;INFO]best epoch: 201, best loss: 0.009441
[2025-02-22 16:12:11;INFO]----------------------------------------------------------------------------------------------------

[2025-02-22 16:12:11;INFO]Current Epoch: 224 / 500 | Learning Rate : 6.155829702431115e-06
[2025-02-22 16:12:30;INFO]Train | Loss : 0.011769 | ACC : 3360/3360 (100.000%)
[2025-02-22 16:12:33;INFO]Valid | Loss : 0.086976 | ACC : 1393/1440 (96.736%)
[2025-02-22 16:12:33;INFO]      | Loss didn't drop!

[2025-02-22 16:12:33;INFO]best epoch: 201, best loss: 0.009441
[2025-02-22 16:12:33;INFO]----------------------------------------------------------------------------------------------------

[2025-02-22 16:12:33;INFO]Current Epoch: 225 / 500 | Learning Rate : 0.000654508497187094
[2025-02-22 16:12:52;INFO]Train | Loss : 0.011966 | ACC : 3360/3360 (100.000%)
[2025-02-22 16:12:54;INFO]Valid | Loss : 0.224647 | ACC : 1293/1440 (89.792%)
[2025-02-22 16:12:54;INFO]      | Loss didn't drop!

[2025-02-22 16:12:54;INFO]best epoch: 201, best loss: 0.009441
[2025-02-22 16:12:54;INFO]----------------------------------------------------------------------------------------------------

[2025-02-22 16:12:54;INFO]Current Epoch: 226 / 500 | Learning Rate : 0.0008535533905942619
[2025-02-22 16:13:13;INFO]Train | Loss : 0.016052 | ACC : 3360/3360 (100.000%)
[2025-02-22 16:13:16;INFO]Valid | Loss : 0.050765 | ACC : 1427/1440 (99.097%)
[2025-02-22 16:13:16;INFO]      | Loss didn't drop!

[2025-02-22 16:13:16;INFO]best epoch: 201, best loss: 0.009441
[2025-02-22 16:13:16;INFO]----------------------------------------------------------------------------------------------------

[2025-02-22 16:13:16;INFO]Current Epoch: 227 / 500 | Learning Rate : 2.4471741852457106e-05
[2025-02-22 16:13:35;INFO]Train | Loss : 0.012300 | ACC : 3360/3360 (100.000%)
[2025-02-22 16:13:38;INFO]Valid | Loss : 0.746636 | ACC : 1230/1440 (85.417%)
[2025-02-22 16:13:38;INFO]      | Loss didn't drop!

[2025-02-22 16:13:38;INFO]best epoch: 201, best loss: 0.009441
[2025-02-22 16:13:38;INFO]----------------------------------------------------------------------------------------------------

[2025-02-22 16:13:38;INFO]Current Epoch: 228 / 500 | Learning Rate : 0.0005782172325209576
[2025-02-22 16:13:57;INFO]Train | Loss : 0.011286 | ACC : 3360/3360 (100.000%)
[2025-02-22 16:14:00;INFO]Valid | Loss : 0.232753 | ACC : 1362/1440 (94.583%)
[2025-02-22 16:14:00;INFO]      | Loss didn't drop!

[2025-02-22 16:14:00;INFO]best epoch: 201, best loss: 0.009441
[2025-02-22 16:14:00;INFO]----------------------------------------------------------------------------------------------------

[2025-02-22 16:14:00;INFO]Current Epoch: 229 / 500 | Learning Rate : 0.0009045084971876861
[2025-02-22 16:14:19;INFO]Train | Loss : 0.018875 | ACC : 3356/3360 (99.881%)
[2025-02-22 16:14:21;INFO]Valid | Loss : 0.035192 | ACC : 1439/1440 (99.931%)
[2025-02-22 16:14:21;INFO]      | Loss didn't drop!

[2025-02-22 16:14:21;INFO]best epoch: 201, best loss: 0.009441
[2025-02-22 16:14:21;INFO]----------------------------------------------------------------------------------------------------

[2025-02-22 16:14:21;INFO]Current Epoch: 230 / 500 | Learning Rate : 5.4496737905832074e-05
[2025-02-22 16:14:40;INFO]Train | Loss : 0.012119 | ACC : 3360/3360 (100.000%)
[2025-02-22 16:14:43;INFO]Valid | Loss : 0.124785 | ACC : 1381/1440 (95.903%)
[2025-02-22 16:14:43;INFO]      | Loss didn't drop!

[2025-02-22 16:14:43;INFO]best epoch: 201, best loss: 0.009441
[2025-02-22 16:14:43;INFO]----------------------------------------------------------------------------------------------------

[2025-02-22 16:14:43;INFO]Current Epoch: 231 / 500 | Learning Rate : 0.000500000000000254
[2025-02-22 16:15:02;INFO]Train | Loss : 0.010326 | ACC : 3360/3360 (100.000%)
[2025-02-22 16:15:05;INFO]Valid | Loss : 0.147456 | ACC : 1360/1440 (94.444%)
[2025-02-22 16:15:05;INFO]      | Loss didn't drop!

[2025-02-22 16:15:05;INFO]best epoch: 201, best loss: 0.009441
[2025-02-22 16:15:05;INFO]----------------------------------------------------------------------------------------------------

[2025-02-22 16:15:05;INFO]Current Epoch: 232 / 500 | Learning Rate : 0.0009455032620935505
[2025-02-22 16:15:24;INFO]Train | Loss : 0.013313 | ACC : 3360/3360 (100.000%)
[2025-02-22 16:15:26;INFO]Valid | Loss : 0.024141 | ACC : 1439/1440 (99.931%)
[2025-02-22 16:15:26;INFO]      | Loss didn't drop!

[2025-02-22 16:15:26;INFO]best epoch: 201, best loss: 0.009441
[2025-02-22 16:15:26;INFO]----------------------------------------------------------------------------------------------------

[2025-02-22 16:15:26;INFO]Current Epoch: 233 / 500 | Learning Rate : 9.549150281245923e-05
[2025-02-22 16:15:45;INFO]Train | Loss : 0.012004 | ACC : 3360/3360 (100.000%)
[2025-02-22 16:15:48;INFO]Valid | Loss : 0.012390 | ACC : 1440/1440 (100.000%)
[2025-02-22 16:15:48;INFO]      | Loss didn't drop!

[2025-02-22 16:15:48;INFO]best epoch: 201, best loss: 0.009441
[2025-02-22 16:15:48;INFO]----------------------------------------------------------------------------------------------------

[2025-02-22 16:15:48;INFO]Current Epoch: 234 / 500 | Learning Rate : 0.0004217827674797421
[2025-02-22 16:16:07;INFO]Train | Loss : 0.014970 | ACC : 3359/3360 (99.970%)
[2025-02-22 16:16:10;INFO]Valid | Loss : 3.294028 | ACC : 575/1440 (39.931%)
[2025-02-22 16:16:10;INFO]      | Loss didn't drop!

[2025-02-22 16:16:10;INFO]best epoch: 201, best loss: 0.009441
[2025-02-22 16:16:10;INFO]----------------------------------------------------------------------------------------------------

[2025-02-22 16:16:10;INFO]Current Epoch: 235 / 500 | Learning Rate : 0.0009755282581488636
[2025-02-22 16:16:29;INFO]Train | Loss : 0.146028 | ACC : 3300/3360 (98.214%)
[2025-02-22 16:16:31;INFO]Valid | Loss : 0.225560 | ACC : 1286/1440 (89.306%)
[2025-02-22 16:16:31;INFO]      | Loss didn't drop!

[2025-02-22 16:16:31;INFO]best epoch: 201, best loss: 0.009441
[2025-02-22 16:16:31;INFO]----------------------------------------------------------------------------------------------------

[2025-02-22 16:16:31;INFO]Current Epoch: 236 / 500 | Learning Rate : 0.00014644660940673664
[2025-02-22 16:16:50;INFO]Train | Loss : 0.047355 | ACC : 3355/3360 (99.851%)
[2025-02-22 16:16:53;INFO]Valid | Loss : 2.747843 | ACC : 1086/1440 (75.417%)
[2025-02-22 16:16:53;INFO]      | Loss didn't drop!

[2025-02-22 16:16:53;INFO]best epoch: 201, best loss: 0.009441
[2025-02-22 16:16:53;INFO]----------------------------------------------------------------------------------------------------

[2025-02-22 16:16:53;INFO]Current Epoch: 237 / 500 | Learning Rate : 0.0003454915028126264
[2025-02-22 16:17:12;INFO]Train | Loss : 0.023823 | ACC : 3360/3360 (100.000%)
[2025-02-22 16:17:15;INFO]Valid | Loss : 1.788207 | ACC : 988/1440 (68.611%)
[2025-02-22 16:17:15;INFO]      | Loss didn't drop!

[2025-02-22 16:17:15;INFO]best epoch: 201, best loss: 0.009441
[2025-02-22 16:17:15;INFO]----------------------------------------------------------------------------------------------------

[2025-02-22 16:17:15;INFO]Current Epoch: 238 / 500 | Learning Rate : 0.0009938441702979875
[2025-02-22 16:17:34;INFO]Train | Loss : 0.036320 | ACC : 3353/3360 (99.792%)
[2025-02-22 16:17:36;INFO]Valid | Loss : 0.020777 | ACC : 1440/1440 (100.000%)
[2025-02-22 16:17:36;INFO]      | Loss didn't drop!

[2025-02-22 16:17:36;INFO]best epoch: 201, best loss: 0.009441
[2025-02-22 16:17:36;INFO]----------------------------------------------------------------------------------------------------

[2025-02-22 16:17:36;INFO]Current Epoch: 239 / 500 | Learning Rate : 0.0002061073738538749
[2025-02-22 16:17:55;INFO]Train | Loss : 0.020869 | ACC : 3359/3360 (99.970%)
[2025-02-22 16:17:58;INFO]Valid | Loss : 0.207924 | ACC : 1330/1440 (92.361%)
[2025-02-22 16:17:58;INFO]      | Loss didn't drop!

[2025-02-22 16:17:58;INFO]best epoch: 201, best loss: 0.009441
[2025-02-22 16:17:58;INFO]----------------------------------------------------------------------------------------------------

[2025-02-22 16:17:58;INFO]Current Epoch: 240 / 500 | Learning Rate : 0.0002730047501304841
[2025-02-22 16:18:17;INFO]Train | Loss : 0.012800 | ACC : 3360/3360 (100.000%)
[2025-02-22 16:18:20;INFO]Valid | Loss : 0.025302 | ACC : 1440/1440 (100.000%)
[2025-02-22 16:18:20;INFO]      | Loss didn't drop!

[2025-02-22 16:18:20;INFO]best epoch: 201, best loss: 0.009441
[2025-02-22 16:18:20;INFO]----------------------------------------------------------------------------------------------------

[2025-02-22 16:18:20;INFO]Current Epoch: 241 / 500 | Learning Rate : 0.0009999999999995403
[2025-02-22 16:18:39;INFO]Train | Loss : 0.011787 | ACC : 3360/3360 (100.000%)
[2025-02-22 16:18:42;INFO]Valid | Loss : 0.007877 | ACC : 1440/1440 (100.000%)
[2025-02-22 16:18:42;INFO]      | Loss dropped from 0.009441 to 0.007877, model has been saved!

[2025-02-22 16:18:42;INFO]best epoch: 241, best loss: 0.007877
[2025-02-22 16:18:42;INFO]----------------------------------------------------------------------------------------------------

[2025-02-22 16:18:42;INFO]Current Epoch: 242 / 500 | Learning Rate : 0.00027300475013061174
[2025-02-22 16:19:01;INFO]Train | Loss : 0.013149 | ACC : 3359/3360 (99.970%)
[2025-02-22 16:19:03;INFO]Valid | Loss : 0.013049 | ACC : 1440/1440 (100.000%)
[2025-02-22 16:19:03;INFO]      | Loss didn't drop!

[2025-02-22 16:19:03;INFO]best epoch: 241, best loss: 0.007877
[2025-02-22 16:19:03;INFO]----------------------------------------------------------------------------------------------------

[2025-02-22 16:19:03;INFO]Current Epoch: 243 / 500 | Learning Rate : 0.00020610737385400895
[2025-02-22 16:19:22;INFO]Train | Loss : 0.010624 | ACC : 3360/3360 (100.000%)
[2025-02-22 16:19:25;INFO]Valid | Loss : 0.076769 | ACC : 1391/1440 (96.597%)
[2025-02-22 16:19:25;INFO]      | Loss didn't drop!

[2025-02-22 16:19:25;INFO]best epoch: 241, best loss: 0.007877
[2025-02-22 16:19:25;INFO]----------------------------------------------------------------------------------------------------

[2025-02-22 16:19:25;INFO]Current Epoch: 244 / 500 | Learning Rate : 0.0009938441702990939
[2025-02-22 16:19:44;INFO]Train | Loss : 0.011709 | ACC : 3360/3360 (100.000%)
[2025-02-22 16:19:47;INFO]Valid | Loss : 0.007344 | ACC : 1440/1440 (100.000%)
[2025-02-22 16:19:47;INFO]      | Loss dropped from 0.007877 to 0.007344, model has been saved!

[2025-02-22 16:19:47;INFO]best epoch: 244, best loss: 0.007344
[2025-02-22 16:19:47;INFO]----------------------------------------------------------------------------------------------------

[2025-02-22 16:19:47;INFO]Current Epoch: 245 / 500 | Learning Rate : 0.00034549150281211813
[2025-02-22 16:20:06;INFO]Train | Loss : 0.014274 | ACC : 3360/3360 (100.000%)
[2025-02-22 16:20:08;INFO]Valid | Loss : 0.029646 | ACC : 1440/1440 (100.000%)
[2025-02-22 16:20:08;INFO]      | Loss didn't drop!

[2025-02-22 16:20:08;INFO]best epoch: 244, best loss: 0.007344
[2025-02-22 16:20:08;INFO]----------------------------------------------------------------------------------------------------

[2025-02-22 16:20:08;INFO]Current Epoch: 246 / 500 | Learning Rate : 0.00014644660940653218
[2025-02-22 16:20:27;INFO]Train | Loss : 0.012452 | ACC : 3360/3360 (100.000%)
[2025-02-22 16:20:30;INFO]Valid | Loss : 0.094610 | ACC : 1387/1440 (96.319%)
[2025-02-22 16:20:30;INFO]      | Loss didn't drop!

[2025-02-22 16:20:30;INFO]best epoch: 244, best loss: 0.007344
[2025-02-22 16:20:30;INFO]----------------------------------------------------------------------------------------------------

[2025-02-22 16:20:30;INFO]Current Epoch: 247 / 500 | Learning Rate : 0.0009755282581496018
[2025-02-22 16:20:49;INFO]Train | Loss : 0.011727 | ACC : 3360/3360 (100.000%)
[2025-02-22 16:20:52;INFO]Valid | Loss : 0.006525 | ACC : 1440/1440 (100.000%)
[2025-02-22 16:20:52;INFO]      | Loss dropped from 0.007344 to 0.006525, model has been saved!

[2025-02-22 16:20:52;INFO]best epoch: 247, best loss: 0.006525
[2025-02-22 16:20:52;INFO]----------------------------------------------------------------------------------------------------

[2025-02-22 16:20:52;INFO]Current Epoch: 248 / 500 | Learning Rate : 0.0004217827674796564
[2025-02-22 16:21:11;INFO]Train | Loss : 0.011208 | ACC : 3360/3360 (100.000%)
[2025-02-22 16:21:13;INFO]Valid | Loss : 0.013263 | ACC : 1440/1440 (100.000%)
[2025-02-22 16:21:13;INFO]      | Loss didn't drop!

[2025-02-22 16:21:13;INFO]best epoch: 247, best loss: 0.006525
[2025-02-22 16:21:13;INFO]----------------------------------------------------------------------------------------------------

[2025-02-22 16:21:13;INFO]Current Epoch: 249 / 500 | Learning Rate : 9.549150281249383e-05
[2025-02-22 16:21:32;INFO]Train | Loss : 0.012159 | ACC : 3360/3360 (100.000%)
[2025-02-22 16:21:35;INFO]Valid | Loss : 0.070636 | ACC : 1414/1440 (98.194%)
[2025-02-22 16:21:35;INFO]      | Loss didn't drop!

[2025-02-22 16:21:35;INFO]best epoch: 247, best loss: 0.006525
[2025-02-22 16:21:35;INFO]----------------------------------------------------------------------------------------------------

[2025-02-22 16:21:35;INFO]Current Epoch: 250 / 500 | Learning Rate : 0.0009455032620939634
[2025-02-22 16:21:54;INFO]Train | Loss : 0.022697 | ACC : 3357/3360 (99.911%)
[2025-02-22 16:21:57;INFO]Valid | Loss : 0.071080 | ACC : 1430/1440 (99.306%)
[2025-02-22 16:21:57;INFO]      | Loss didn't drop!

[2025-02-22 16:21:57;INFO]best epoch: 247, best loss: 0.006525
[2025-02-22 16:21:57;INFO]----------------------------------------------------------------------------------------------------

[2025-02-22 16:21:57;INFO]Current Epoch: 251 / 500 | Learning Rate : 0.0005000000000000328
[2025-02-22 16:22:16;INFO]Train | Loss : 0.013005 | ACC : 3360/3360 (100.000%)
[2025-02-22 16:22:19;INFO]Valid | Loss : 0.192488 | ACC : 1324/1440 (91.944%)
[2025-02-22 16:22:19;INFO]      | Loss didn't drop!

[2025-02-22 16:22:19;INFO]best epoch: 247, best loss: 0.006525
[2025-02-22 16:22:19;INFO]----------------------------------------------------------------------------------------------------

[2025-02-22 16:22:19;INFO]Current Epoch: 252 / 500 | Learning Rate : 5.4496737905816116e-05
[2025-02-22 16:22:37;INFO]Train | Loss : 0.009621 | ACC : 3360/3360 (100.000%)
[2025-02-22 16:22:40;INFO]Valid | Loss : 0.054429 | ACC : 1408/1440 (97.778%)
[2025-02-22 16:22:40;INFO]      | Loss didn't drop!

[2025-02-22 16:22:40;INFO]best epoch: 247, best loss: 0.006525
[2025-02-22 16:22:40;INFO]----------------------------------------------------------------------------------------------------

[2025-02-22 16:22:40;INFO]Current Epoch: 253 / 500 | Learning Rate : 0.0009045084971877499
[2025-02-22 16:22:59;INFO]Train | Loss : 0.007237 | ACC : 3360/3360 (100.000%)
[2025-02-22 16:23:02;INFO]Valid | Loss : 0.006009 | ACC : 1440/1440 (100.000%)
[2025-02-22 16:23:02;INFO]      | Loss dropped from 0.006525 to 0.006009, model has been saved!

[2025-02-22 16:23:02;INFO]best epoch: 253, best loss: 0.006009
[2025-02-22 16:23:02;INFO]----------------------------------------------------------------------------------------------------

[2025-02-22 16:23:02;INFO]Current Epoch: 254 / 500 | Learning Rate : 0.0005782172325203861
[2025-02-22 16:23:21;INFO]Train | Loss : 0.062485 | ACC : 3333/3360 (99.196%)
[2025-02-22 16:23:24;INFO]Valid | Loss : 0.739883 | ACC : 1031/1440 (71.597%)
[2025-02-22 16:23:24;INFO]      | Loss didn't drop!

[2025-02-22 16:23:24;INFO]best epoch: 253, best loss: 0.006009
[2025-02-22 16:23:24;INFO]----------------------------------------------------------------------------------------------------

[2025-02-22 16:23:24;INFO]Current Epoch: 255 / 500 | Learning Rate : 2.4471741852461778e-05
[2025-02-22 16:23:43;INFO]Train | Loss : 0.036551 | ACC : 3359/3360 (99.970%)
[2025-02-22 16:23:45;INFO]Valid | Loss : 1.180213 | ACC : 819/1440 (56.875%)
[2025-02-22 16:23:45;INFO]      | Loss didn't drop!

[2025-02-22 16:23:45;INFO]best epoch: 253, best loss: 0.006009
[2025-02-22 16:23:45;INFO]----------------------------------------------------------------------------------------------------

[2025-02-22 16:23:45;INFO]Current Epoch: 256 / 500 | Learning Rate : 0.0008535533905939854
[2025-02-22 16:24:04;INFO]Train | Loss : 0.019548 | ACC : 3360/3360 (100.000%)
[2025-02-22 16:24:07;INFO]Valid | Loss : 0.745658 | ACC : 1243/1440 (86.319%)
[2025-02-22 16:24:07;INFO]      | Loss didn't drop!

[2025-02-22 16:24:07;INFO]best epoch: 253, best loss: 0.006009
[2025-02-22 16:24:07;INFO]----------------------------------------------------------------------------------------------------

[2025-02-22 16:24:07;INFO]Current Epoch: 257 / 500 | Learning Rate : 0.0006545084971881796
[2025-02-22 16:24:26;INFO]Train | Loss : 0.013897 | ACC : 3360/3360 (100.000%)
[2025-02-22 16:24:29;INFO]Valid | Loss : 0.016523 | ACC : 1437/1440 (99.792%)
[2025-02-22 16:24:29;INFO]      | Loss didn't drop!

[2025-02-22 16:24:29;INFO]best epoch: 253, best loss: 0.006009
[2025-02-22 16:24:29;INFO]----------------------------------------------------------------------------------------------------

[2025-02-22 16:24:29;INFO]Current Epoch: 258 / 500 | Learning Rate : 6.155829702445545e-06
[2025-02-22 16:24:48;INFO]Train | Loss : 0.011035 | ACC : 3360/3360 (100.000%)
[2025-02-22 16:24:50;INFO]Valid | Loss : 0.075849 | ACC : 1403/1440 (97.431%)
[2025-02-22 16:24:50;INFO]      | Loss didn't drop!

[2025-02-22 16:24:50;INFO]best epoch: 253, best loss: 0.006009
[2025-02-22 16:24:50;INFO]----------------------------------------------------------------------------------------------------

[2025-02-22 16:24:50;INFO]Current Epoch: 259 / 500 | Learning Rate : 0.0007938926261473928
[2025-02-22 16:25:09;INFO]Train | Loss : 0.017863 | ACC : 3358/3360 (99.940%)
[2025-02-22 16:25:12;INFO]Valid | Loss : 0.179426 | ACC : 1352/1440 (93.889%)
[2025-02-22 16:25:12;INFO]      | Loss didn't drop!

[2025-02-22 16:25:12;INFO]best epoch: 253, best loss: 0.006009
[2025-02-22 16:25:12;INFO]----------------------------------------------------------------------------------------------------

[2025-02-22 16:25:12;INFO]Current Epoch: 260 / 500 | Learning Rate : 0.0007269952498708882
[2025-02-22 16:25:31;INFO]Train | Loss : 0.038660 | ACC : 3356/3360 (99.881%)
[2025-02-22 16:25:34;INFO]Valid | Loss : 0.038540 | ACC : 1438/1440 (99.861%)
[2025-02-22 16:25:34;INFO]      | Loss didn't drop!

[2025-02-22 16:25:34;INFO]best epoch: 253, best loss: 0.006009
[2025-02-22 16:25:34;INFO]----------------------------------------------------------------------------------------------------

[2025-02-22 16:25:34;INFO]Current Epoch: 261 / 500 | Learning Rate : 0.0
[2025-02-22 16:25:53;INFO]Train | Loss : 0.015771 | ACC : 3360/3360 (100.000%)
[2025-02-22 16:25:56;INFO]Valid | Loss : 0.363148 | ACC : 1282/1440 (89.028%)
[2025-02-22 16:25:56;INFO]      | Loss didn't drop!

[2025-02-22 16:25:56;INFO]best epoch: 253, best loss: 0.006009
[2025-02-22 16:25:56;INFO]----------------------------------------------------------------------------------------------------

[2025-02-22 16:25:56;INFO]Current Epoch: 262 / 500 | Learning Rate : 0.0007269952498691171
[2025-02-22 16:26:15;INFO]Train | Loss : 0.012029 | ACC : 3360/3360 (100.000%)
[2025-02-22 16:26:17;INFO]Valid | Loss : 0.293647 | ACC : 1342/1440 (93.194%)
[2025-02-22 16:26:17;INFO]      | Loss didn't drop!

[2025-02-22 16:26:17;INFO]best epoch: 253, best loss: 0.006009
[2025-02-22 16:26:17;INFO]----------------------------------------------------------------------------------------------------

[2025-02-22 16:26:17;INFO]Current Epoch: 263 / 500 | Learning Rate : 0.0007938926261480181
[2025-02-22 16:26:36;INFO]Train | Loss : 0.009794 | ACC : 3360/3360 (100.000%)
[2025-02-22 16:26:39;INFO]Valid | Loss : 0.006586 | ACC : 1440/1440 (100.000%)
[2025-02-22 16:26:39;INFO]      | Loss didn't drop!

[2025-02-22 16:26:39;INFO]best epoch: 253, best loss: 0.006009
[2025-02-22 16:26:39;INFO]----------------------------------------------------------------------------------------------------

[2025-02-22 16:26:39;INFO]Current Epoch: 264 / 500 | Learning Rate : 6.155829702431115e-06
[2025-02-22 16:26:58;INFO]Train | Loss : 0.009418 | ACC : 3360/3360 (100.000%)
[2025-02-22 16:27:01;INFO]Valid | Loss : 0.038009 | ACC : 1431/1440 (99.375%)
[2025-02-22 16:27:01;INFO]      | Loss didn't drop!

[2025-02-22 16:27:01;INFO]best epoch: 253, best loss: 0.006009
[2025-02-22 16:27:01;INFO]----------------------------------------------------------------------------------------------------

[2025-02-22 16:27:01;INFO]Current Epoch: 265 / 500 | Learning Rate : 0.0006545084971872127
[2025-02-22 16:27:20;INFO]Train | Loss : 0.010920 | ACC : 3360/3360 (100.000%)
[2025-02-22 16:27:22;INFO]Valid | Loss : 0.128710 | ACC : 1358/1440 (94.306%)
[2025-02-22 16:27:22;INFO]      | Loss didn't drop!

[2025-02-22 16:27:22;INFO]best epoch: 253, best loss: 0.006009
[2025-02-22 16:27:22;INFO]----------------------------------------------------------------------------------------------------

[2025-02-22 16:27:22;INFO]Current Epoch: 266 / 500 | Learning Rate : 0.0008535533905931309
[2025-02-22 16:27:41;INFO]Train | Loss : 0.015332 | ACC : 3360/3360 (100.000%)
[2025-02-22 16:27:44;INFO]Valid | Loss : 0.012423 | ACC : 1439/1440 (99.931%)
[2025-02-22 16:27:44;INFO]      | Loss didn't drop!

[2025-02-22 16:27:44;INFO]best epoch: 253, best loss: 0.006009
[2025-02-22 16:27:44;INFO]----------------------------------------------------------------------------------------------------

[2025-02-22 16:27:44;INFO]Current Epoch: 267 / 500 | Learning Rate : 2.4471741852441422e-05
[2025-02-22 16:28:03;INFO]Train | Loss : 0.011522 | ACC : 3360/3360 (100.000%)
[2025-02-22 16:28:06;INFO]Valid | Loss : 0.315216 | ACC : 1250/1440 (86.806%)
[2025-02-22 16:28:06;INFO]      | Loss didn't drop!

[2025-02-22 16:28:06;INFO]best epoch: 253, best loss: 0.006009
[2025-02-22 16:28:06;INFO]----------------------------------------------------------------------------------------------------

[2025-02-22 16:28:06;INFO]Current Epoch: 268 / 500 | Learning Rate : 0.0005782172325201734
[2025-02-22 16:28:25;INFO]Train | Loss : 0.011919 | ACC : 3359/3360 (99.970%)
[2025-02-22 16:28:27;INFO]Valid | Loss : 0.614654 | ACC : 1280/1440 (88.889%)
[2025-02-22 16:28:27;INFO]      | Loss didn't drop!

[2025-02-22 16:28:27;INFO]best epoch: 253, best loss: 0.006009
[2025-02-22 16:28:27;INFO]----------------------------------------------------------------------------------------------------

[2025-02-22 16:28:27;INFO]Current Epoch: 269 / 500 | Learning Rate : 0.0009045084971878449
[2025-02-22 16:28:46;INFO]Train | Loss : 0.022573 | ACC : 3353/3360 (99.792%)
[2025-02-22 16:28:49;INFO]Valid | Loss : 0.029769 | ACC : 1430/1440 (99.306%)
[2025-02-22 16:28:49;INFO]      | Loss didn't drop!

[2025-02-22 16:28:49;INFO]best epoch: 253, best loss: 0.006009
[2025-02-22 16:28:49;INFO]----------------------------------------------------------------------------------------------------

[2025-02-22 16:28:49;INFO]Current Epoch: 270 / 500 | Learning Rate : 5.44967379058383e-05
[2025-02-22 16:29:08;INFO]Train | Loss : 0.012188 | ACC : 3359/3360 (99.970%)
[2025-02-22 16:29:11;INFO]Valid | Loss : 0.239697 | ACC : 1313/1440 (91.181%)
[2025-02-22 16:29:11;INFO]      | Loss didn't drop!

[2025-02-22 16:29:11;INFO]best epoch: 253, best loss: 0.006009
[2025-02-22 16:29:11;INFO]----------------------------------------------------------------------------------------------------

[2025-02-22 16:29:11;INFO]Current Epoch: 271 / 500 | Learning Rate : 0.0005000000000004031
[2025-02-22 16:29:30;INFO]Train | Loss : 0.009679 | ACC : 3360/3360 (100.000%)
[2025-02-22 16:29:32;INFO]Valid | Loss : 0.019687 | ACC : 1440/1440 (100.000%)
[2025-02-22 16:29:32;INFO]      | Loss didn't drop!

[2025-02-22 16:29:32;INFO]best epoch: 253, best loss: 0.006009
[2025-02-22 16:29:32;INFO]----------------------------------------------------------------------------------------------------

[2025-02-22 16:29:32;INFO]Current Epoch: 272 / 500 | Learning Rate : 0.0009455032620950994
[2025-02-22 16:29:51;INFO]Train | Loss : 0.013267 | ACC : 3359/3360 (99.970%)
[2025-02-22 16:29:54;INFO]Valid | Loss : 0.005178 | ACC : 1440/1440 (100.000%)
[2025-02-22 16:29:54;INFO]      | Loss dropped from 0.006009 to 0.005178, model has been saved!

[2025-02-22 16:29:54;INFO]best epoch: 272, best loss: 0.005178
[2025-02-22 16:29:54;INFO]----------------------------------------------------------------------------------------------------

[2025-02-22 16:29:54;INFO]Current Epoch: 273 / 500 | Learning Rate : 9.549150281264358e-05
[2025-02-22 16:30:13;INFO]Train | Loss : 0.018040 | ACC : 3360/3360 (100.000%)
[2025-02-22 16:30:16;INFO]Valid | Loss : 0.062901 | ACC : 1432/1440 (99.444%)
[2025-02-22 16:30:16;INFO]      | Loss didn't drop!

[2025-02-22 16:30:16;INFO]best epoch: 272, best loss: 0.005178
[2025-02-22 16:30:16;INFO]----------------------------------------------------------------------------------------------------

[2025-02-22 16:30:16;INFO]Current Epoch: 274 / 500 | Learning Rate : 0.00042178276748043353
[2025-02-22 16:30:35;INFO]Train | Loss : 0.013374 | ACC : 3360/3360 (100.000%)
[2025-02-22 16:30:38;INFO]Valid | Loss : 0.072187 | ACC : 1415/1440 (98.264%)
[2025-02-22 16:30:38;INFO]      | Loss didn't drop!

[2025-02-22 16:30:38;INFO]best epoch: 272, best loss: 0.005178
[2025-02-22 16:30:38;INFO]----------------------------------------------------------------------------------------------------

[2025-02-22 16:30:38;INFO]Current Epoch: 275 / 500 | Learning Rate : 0.0009755282581490291
[2025-02-22 16:30:57;INFO]Train | Loss : 0.019704 | ACC : 3355/3360 (99.851%)
[2025-02-22 16:30:59;INFO]Valid | Loss : 0.011535 | ACC : 1440/1440 (100.000%)
[2025-02-22 16:30:59;INFO]      | Loss didn't drop!

[2025-02-22 16:30:59;INFO]best epoch: 272, best loss: 0.005178
[2025-02-22 16:30:59;INFO]----------------------------------------------------------------------------------------------------

[2025-02-22 16:30:59;INFO]Current Epoch: 276 / 500 | Learning Rate : 0.00014644660940650532
[2025-02-22 16:31:18;INFO]Train | Loss : 0.011668 | ACC : 3360/3360 (100.000%)
[2025-02-22 16:31:21;INFO]Valid | Loss : 0.091730 | ACC : 1389/1440 (96.458%)
[2025-02-22 16:31:21;INFO]      | Loss didn't drop!

[2025-02-22 16:31:21;INFO]best epoch: 272, best loss: 0.005178
[2025-02-22 16:31:21;INFO]----------------------------------------------------------------------------------------------------

[2025-02-22 16:31:21;INFO]Current Epoch: 277 / 500 | Learning Rate : 0.0003454915028121395
[2025-02-22 16:31:40;INFO]Train | Loss : 0.010122 | ACC : 3360/3360 (100.000%)
[2025-02-22 16:31:43;INFO]Valid | Loss : 0.010476 | ACC : 1440/1440 (100.000%)
[2025-02-22 16:31:43;INFO]      | Loss didn't drop!

[2025-02-22 16:31:43;INFO]best epoch: 272, best loss: 0.005178
[2025-02-22 16:31:43;INFO]----------------------------------------------------------------------------------------------------

[2025-02-22 16:31:43;INFO]Current Epoch: 278 / 500 | Learning Rate : 0.0009938441702967405
[2025-02-22 16:32:02;INFO]Train | Loss : 0.013890 | ACC : 3360/3360 (100.000%)
[2025-02-22 16:32:04;INFO]Valid | Loss : 0.021455 | ACC : 1439/1440 (99.931%)
[2025-02-22 16:32:04;INFO]      | Loss didn't drop!

[2025-02-22 16:32:04;INFO]best epoch: 272, best loss: 0.005178
[2025-02-22 16:32:04;INFO]----------------------------------------------------------------------------------------------------

[2025-02-22 16:32:04;INFO]Current Epoch: 279 / 500 | Learning Rate : 0.0002061073738542021
[2025-02-22 16:32:23;INFO]Train | Loss : 0.012701 | ACC : 3360/3360 (100.000%)
[2025-02-22 16:32:26;INFO]Valid | Loss : 0.125993 | ACC : 1384/1440 (96.111%)
[2025-02-22 16:32:26;INFO]      | Loss didn't drop!

[2025-02-22 16:32:26;INFO]best epoch: 272, best loss: 0.005178
[2025-02-22 16:32:26;INFO]----------------------------------------------------------------------------------------------------

[2025-02-22 16:32:26;INFO]Current Epoch: 280 / 500 | Learning Rate : 0.00027300475013093114
[2025-02-22 16:32:45;INFO]Train | Loss : 0.007746 | ACC : 3360/3360 (100.000%)
[2025-02-22 16:32:48;INFO]Valid | Loss : 0.004742 | ACC : 1440/1440 (100.000%)
[2025-02-22 16:32:48;INFO]      | Loss dropped from 0.005178 to 0.004742, model has been saved!

[2025-02-22 16:32:48;INFO]best epoch: 280, best loss: 0.004742
[2025-02-22 16:32:48;INFO]----------------------------------------------------------------------------------------------------

[2025-02-22 16:32:48;INFO]Current Epoch: 281 / 500 | Learning Rate : 0.0009999999999997112
[2025-02-22 16:33:07;INFO]Train | Loss : 0.014619 | ACC : 3358/3360 (99.940%)
[2025-02-22 16:33:09;INFO]Valid | Loss : 0.006706 | ACC : 1440/1440 (100.000%)
[2025-02-22 16:33:09;INFO]      | Loss didn't drop!

[2025-02-22 16:33:09;INFO]best epoch: 280, best loss: 0.004742
[2025-02-22 16:33:09;INFO]----------------------------------------------------------------------------------------------------

[2025-02-22 16:33:09;INFO]Current Epoch: 282 / 500 | Learning Rate : 0.0002730047501302078
[2025-02-22 16:33:28;INFO]Train | Loss : 0.009388 | ACC : 3360/3360 (100.000%)
[2025-02-22 16:33:31;INFO]Valid | Loss : 0.095363 | ACC : 1379/1440 (95.764%)
[2025-02-22 16:33:31;INFO]      | Loss didn't drop!

[2025-02-22 16:33:31;INFO]best epoch: 280, best loss: 0.004742
[2025-02-22 16:33:31;INFO]----------------------------------------------------------------------------------------------------

[2025-02-22 16:33:31;INFO]Current Epoch: 283 / 500 | Learning Rate : 0.00020610737385379842
[2025-02-22 16:33:50;INFO]Train | Loss : 0.008894 | ACC : 3360/3360 (100.000%)
[2025-02-22 16:33:53;INFO]Valid | Loss : 0.066924 | ACC : 1424/1440 (98.889%)
[2025-02-22 16:33:53;INFO]      | Loss didn't drop!

[2025-02-22 16:33:53;INFO]best epoch: 280, best loss: 0.004742
[2025-02-22 16:33:53;INFO]----------------------------------------------------------------------------------------------------

[2025-02-22 16:33:53;INFO]Current Epoch: 284 / 500 | Learning Rate : 0.0009938441702978227
[2025-02-22 16:34:12;INFO]Train | Loss : 0.032337 | ACC : 3343/3360 (99.494%)
[2025-02-22 16:34:15;INFO]Valid | Loss : 0.274938 | ACC : 1322/1440 (91.806%)
[2025-02-22 16:34:15;INFO]      | Loss didn't drop!

[2025-02-22 16:34:15;INFO]best epoch: 280, best loss: 0.004742
[2025-02-22 16:34:15;INFO]----------------------------------------------------------------------------------------------------

[2025-02-22 16:34:15;INFO]Current Epoch: 285 / 500 | Learning Rate : 0.00034549150281272333
[2025-02-22 16:34:34;INFO]Train | Loss : 0.012838 | ACC : 3360/3360 (100.000%)
[2025-02-22 16:34:36;INFO]Valid | Loss : 0.064656 | ACC : 1410/1440 (97.917%)
[2025-02-22 16:34:36;INFO]      | Loss didn't drop!

[2025-02-22 16:34:36;INFO]best epoch: 280, best loss: 0.004742
[2025-02-22 16:34:36;INFO]----------------------------------------------------------------------------------------------------

[2025-02-22 16:34:36;INFO]Current Epoch: 286 / 500 | Learning Rate : 0.00014644660940681361
[2025-02-22 16:34:55;INFO]Train | Loss : 0.007175 | ACC : 3360/3360 (100.000%)
[2025-02-22 16:34:58;INFO]Valid | Loss : 0.011208 | ACC : 1440/1440 (100.000%)
[2025-02-22 16:34:58;INFO]      | Loss didn't drop!

[2025-02-22 16:34:58;INFO]best epoch: 280, best loss: 0.004742
[2025-02-22 16:34:58;INFO]----------------------------------------------------------------------------------------------------

[2025-02-22 16:34:58;INFO]Current Epoch: 287 / 500 | Learning Rate : 0.0009755282581483808
[2025-02-22 16:35:17;INFO]Train | Loss : 0.006945 | ACC : 3360/3360 (100.000%)
[2025-02-22 16:35:20;INFO]Valid | Loss : 0.004356 | ACC : 1440/1440 (100.000%)
[2025-02-22 16:35:20;INFO]      | Loss dropped from 0.004742 to 0.004356, model has been saved!

[2025-02-22 16:35:20;INFO]best epoch: 287, best loss: 0.004356
[2025-02-22 16:35:20;INFO]----------------------------------------------------------------------------------------------------

[2025-02-22 16:35:20;INFO]Current Epoch: 288 / 500 | Learning Rate : 0.00042178276748038637
[2025-02-22 16:35:39;INFO]Train | Loss : 0.006499 | ACC : 3360/3360 (100.000%)
[2025-02-22 16:35:41;INFO]Valid | Loss : 0.005024 | ACC : 1440/1440 (100.000%)
[2025-02-22 16:35:41;INFO]      | Loss didn't drop!

[2025-02-22 16:35:41;INFO]best epoch: 287, best loss: 0.004356
[2025-02-22 16:35:41;INFO]----------------------------------------------------------------------------------------------------

[2025-02-22 16:35:41;INFO]Current Epoch: 289 / 500 | Learning Rate : 9.549150281261854e-05
[2025-02-22 16:36:00;INFO]Train | Loss : 0.005987 | ACC : 3360/3360 (100.000%)
[2025-02-22 16:36:03;INFO]Valid | Loss : 0.009140 | ACC : 1439/1440 (99.931%)
[2025-02-22 16:36:03;INFO]      | Loss didn't drop!

[2025-02-22 16:36:03;INFO]best epoch: 287, best loss: 0.004356
[2025-02-22 16:36:03;INFO]----------------------------------------------------------------------------------------------------

[2025-02-22 16:36:03;INFO]Current Epoch: 290 / 500 | Learning Rate : 0.0009455032620954754
[2025-02-22 16:36:22;INFO]Train | Loss : 0.007122 | ACC : 3360/3360 (100.000%)
[2025-02-22 16:36:25;INFO]Valid | Loss : 0.005302 | ACC : 1440/1440 (100.000%)
[2025-02-22 16:36:25;INFO]      | Loss didn't drop!

[2025-02-22 16:36:25;INFO]best epoch: 287, best loss: 0.004356
[2025-02-22 16:36:25;INFO]----------------------------------------------------------------------------------------------------

[2025-02-22 16:36:25;INFO]Current Epoch: 291 / 500 | Learning Rate : 0.0005000000000007807
[2025-02-22 16:36:44;INFO]Train | Loss : 0.006610 | ACC : 3360/3360 (100.000%)
[2025-02-22 16:36:46;INFO]Valid | Loss : 0.005689 | ACC : 1440/1440 (100.000%)
[2025-02-22 16:36:46;INFO]      | Loss didn't drop!

[2025-02-22 16:36:46;INFO]best epoch: 287, best loss: 0.004356
[2025-02-22 16:36:46;INFO]----------------------------------------------------------------------------------------------------

[2025-02-22 16:36:46;INFO]Current Epoch: 292 / 500 | Learning Rate : 5.449673790593347e-05
[2025-02-22 16:37:05;INFO]Train | Loss : 0.006130 | ACC : 3360/3360 (100.000%)
[2025-02-22 16:37:08;INFO]Valid | Loss : 0.006480 | ACC : 1439/1440 (99.931%)
[2025-02-22 16:37:08;INFO]      | Loss didn't drop!

[2025-02-22 16:37:08;INFO]best epoch: 287, best loss: 0.004356
[2025-02-22 16:37:08;INFO]----------------------------------------------------------------------------------------------------

[2025-02-22 16:37:08;INFO]Current Epoch: 293 / 500 | Learning Rate : 0.0009045084971865707
[2025-02-22 16:37:27;INFO]Train | Loss : 0.007434 | ACC : 3360/3360 (100.000%)
[2025-02-22 16:37:30;INFO]Valid | Loss : 0.008870 | ACC : 1439/1440 (99.931%)
[2025-02-22 16:37:30;INFO]      | Loss didn't drop!

[2025-02-22 16:37:30;INFO]best epoch: 287, best loss: 0.004356
[2025-02-22 16:37:30;INFO]----------------------------------------------------------------------------------------------------

[2025-02-22 16:37:30;INFO]Current Epoch: 294 / 500 | Learning Rate : 0.0005782172325197002
[2025-02-22 16:37:49;INFO]Train | Loss : 0.011259 | ACC : 3358/3360 (99.940%)
[2025-02-22 16:37:51;INFO]Valid | Loss : 0.453563 | ACC : 1268/1440 (88.056%)
[2025-02-22 16:37:51;INFO]      | Loss didn't drop!

[2025-02-22 16:37:51;INFO]best epoch: 287, best loss: 0.004356
[2025-02-22 16:37:51;INFO]----------------------------------------------------------------------------------------------------

[2025-02-22 16:37:51;INFO]Current Epoch: 295 / 500 | Learning Rate : 2.4471741852415246e-05
[2025-02-22 16:38:10;INFO]Train | Loss : 0.007078 | ACC : 3360/3360 (100.000%)
[2025-02-22 16:38:13;INFO]Valid | Loss : 0.333921 | ACC : 1304/1440 (90.556%)
[2025-02-22 16:38:13;INFO]      | Loss didn't drop!

[2025-02-22 16:38:13;INFO]best epoch: 287, best loss: 0.004356
[2025-02-22 16:38:13;INFO]----------------------------------------------------------------------------------------------------

[2025-02-22 16:38:13;INFO]Current Epoch: 296 / 500 | Learning Rate : 0.0008535533905954085
[2025-02-22 16:38:32;INFO]Train | Loss : 0.005571 | ACC : 3360/3360 (100.000%)
[2025-02-22 16:38:35;INFO]Valid | Loss : 0.003988 | ACC : 1440/1440 (100.000%)
[2025-02-22 16:38:35;INFO]      | Loss dropped from 0.004356 to 0.003988, model has been saved!

[2025-02-22 16:38:35;INFO]best epoch: 296, best loss: 0.003988
[2025-02-22 16:38:35;INFO]----------------------------------------------------------------------------------------------------

[2025-02-22 16:38:35;INFO]Current Epoch: 297 / 500 | Learning Rate : 0.0006545084971872869
[2025-02-22 16:38:54;INFO]Train | Loss : 0.005669 | ACC : 3360/3360 (100.000%)
[2025-02-22 16:38:57;INFO]Valid | Loss : 0.004368 | ACC : 1440/1440 (100.000%)
[2025-02-22 16:38:57;INFO]      | Loss didn't drop!

[2025-02-22 16:38:57;INFO]best epoch: 296, best loss: 0.003988
[2025-02-22 16:38:57;INFO]----------------------------------------------------------------------------------------------------

[2025-02-22 16:38:57;INFO]Current Epoch: 298 / 500 | Learning Rate : 6.155829702429897e-06
[2025-02-22 16:39:16;INFO]Train | Loss : 0.005613 | ACC : 3360/3360 (100.000%)
[2025-02-22 16:39:18;INFO]Valid | Loss : 0.013057 | ACC : 1434/1440 (99.583%)
[2025-02-22 16:39:18;INFO]      | Loss didn't drop!

[2025-02-22 16:39:18;INFO]best epoch: 296, best loss: 0.003988
[2025-02-22 16:39:18;INFO]----------------------------------------------------------------------------------------------------

[2025-02-22 16:39:18;INFO]Current Epoch: 299 / 500 | Learning Rate : 0.0007938926261463435
[2025-02-22 16:39:37;INFO]Train | Loss : 0.005869 | ACC : 3360/3360 (100.000%)
[2025-02-22 16:39:40;INFO]Valid | Loss : 0.004062 | ACC : 1440/1440 (100.000%)
[2025-02-22 16:39:40;INFO]      | Loss didn't drop!

[2025-02-22 16:39:40;INFO]best epoch: 296, best loss: 0.003988
[2025-02-22 16:39:40;INFO]----------------------------------------------------------------------------------------------------

[2025-02-22 16:39:40;INFO]Current Epoch: 300 / 500 | Learning Rate : 0.0007269952498700084
[2025-02-22 16:39:59;INFO]Train | Loss : 0.005598 | ACC : 3360/3360 (100.000%)
[2025-02-22 16:40:02;INFO]Valid | Loss : 0.006055 | ACC : 1440/1440 (100.000%)
[2025-02-22 16:40:02;INFO]      | Loss didn't drop!

[2025-02-22 16:40:02;INFO]best epoch: 296, best loss: 0.003988
[2025-02-22 16:40:02;INFO]----------------------------------------------------------------------------------------------------

[2025-02-22 16:40:02;INFO]Current Epoch: 301 / 500 | Learning Rate : 0.0
[2025-02-22 16:40:21;INFO]Train | Loss : 0.004861 | ACC : 3360/3360 (100.000%)
[2025-02-22 16:40:24;INFO]Valid | Loss : 0.010586 | ACC : 1439/1440 (99.931%)
[2025-02-22 16:40:24;INFO]      | Loss didn't drop!

[2025-02-22 16:40:24;INFO]best epoch: 296, best loss: 0.003988
[2025-02-22 16:40:24;INFO]----------------------------------------------------------------------------------------------------

[2025-02-22 16:40:24;INFO]Current Epoch: 302 / 500 | Learning Rate : 0.0007269952498703469
[2025-02-22 16:40:43;INFO]Train | Loss : 0.008019 | ACC : 3360/3360 (100.000%)
[2025-02-22 16:40:45;INFO]Valid | Loss : 0.549253 | ACC : 1203/1440 (83.542%)
[2025-02-22 16:40:45;INFO]      | Loss didn't drop!

[2025-02-22 16:40:45;INFO]best epoch: 296, best loss: 0.003988
[2025-02-22 16:40:45;INFO]----------------------------------------------------------------------------------------------------

[2025-02-22 16:40:45;INFO]Current Epoch: 303 / 500 | Learning Rate : 0.0007938926261469649
[2025-02-22 16:41:04;INFO]Train | Loss : 0.136435 | ACC : 3293/3360 (98.006%)
[2025-02-22 16:41:07;INFO]Valid | Loss : 1.024412 | ACC : 1046/1440 (72.639%)
[2025-02-22 16:41:07;INFO]      | Loss didn't drop!

[2025-02-22 16:41:07;INFO]best epoch: 296, best loss: 0.003988
[2025-02-22 16:41:07;INFO]----------------------------------------------------------------------------------------------------

[2025-02-22 16:41:07;INFO]Current Epoch: 304 / 500 | Learning Rate : 6.155829702431115e-06
[2025-02-22 16:41:26;INFO]Train | Loss : 0.027092 | ACC : 3360/3360 (100.000%)
[2025-02-22 16:41:29;INFO]Valid | Loss : 1.174721 | ACC : 1098/1440 (76.250%)
[2025-02-22 16:41:29;INFO]      | Loss didn't drop!

[2025-02-22 16:41:29;INFO]best epoch: 296, best loss: 0.003988
[2025-02-22 16:41:29;INFO]----------------------------------------------------------------------------------------------------

[2025-02-22 16:41:29;INFO]Current Epoch: 305 / 500 | Learning Rate : 0.0006545084971882279
[2025-02-22 16:41:48;INFO]Train | Loss : 0.012963 | ACC : 3360/3360 (100.000%)
[2025-02-22 16:41:50;INFO]Valid | Loss : 0.301948 | ACC : 1339/1440 (92.986%)
[2025-02-22 16:41:50;INFO]      | Loss didn't drop!

[2025-02-22 16:41:50;INFO]best epoch: 296, best loss: 0.003988
[2025-02-22 16:41:50;INFO]----------------------------------------------------------------------------------------------------

[2025-02-22 16:41:50;INFO]Current Epoch: 306 / 500 | Learning Rate : 0.0008535533905945444
[2025-02-22 16:42:09;INFO]Train | Loss : 0.010826 | ACC : 3360/3360 (100.000%)
[2025-02-22 16:42:12;INFO]Valid | Loss : 0.013015 | ACC : 1440/1440 (100.000%)
[2025-02-22 16:42:12;INFO]      | Loss didn't drop!

[2025-02-22 16:42:12;INFO]best epoch: 296, best loss: 0.003988
[2025-02-22 16:42:12;INFO]----------------------------------------------------------------------------------------------------

[2025-02-22 16:42:12;INFO]Current Epoch: 307 / 500 | Learning Rate : 2.447174185246144e-05
[2025-02-22 16:42:31;INFO]Train | Loss : 0.010553 | ACC : 3360/3360 (100.000%)
[2025-02-22 16:42:34;INFO]Valid | Loss : 0.398837 | ACC : 1342/1440 (93.194%)
[2025-02-22 16:42:34;INFO]      | Loss didn't drop!

[2025-02-22 16:42:34;INFO]best epoch: 296, best loss: 0.003988
[2025-02-22 16:42:34;INFO]----------------------------------------------------------------------------------------------------

[2025-02-22 16:42:34;INFO]Current Epoch: 308 / 500 | Learning Rate : 0.000578217232521175
[2025-02-22 16:42:53;INFO]Train | Loss : 0.013355 | ACC : 3360/3360 (100.000%)
[2025-02-22 16:42:56;INFO]Valid | Loss : 0.014019 | ACC : 1439/1440 (99.931%)
[2025-02-22 16:42:56;INFO]      | Loss didn't drop!

[2025-02-22 16:42:56;INFO]best epoch: 296, best loss: 0.003988
[2025-02-22 16:42:56;INFO]----------------------------------------------------------------------------------------------------

[2025-02-22 16:42:56;INFO]Current Epoch: 309 / 500 | Learning Rate : 0.0009045084971867245
[2025-02-22 16:43:15;INFO]Train | Loss : 0.018552 | ACC : 3359/3360 (99.970%)
[2025-02-22 16:43:17;INFO]Valid | Loss : 0.053495 | ACC : 1408/1440 (97.778%)
[2025-02-22 16:43:17;INFO]      | Loss didn't drop!

[2025-02-22 16:43:17;INFO]best epoch: 296, best loss: 0.003988
[2025-02-22 16:43:17;INFO]----------------------------------------------------------------------------------------------------

[2025-02-22 16:43:17;INFO]Current Epoch: 310 / 500 | Learning Rate : 5.449673790579166e-05
[2025-02-22 16:43:36;INFO]Train | Loss : 0.014458 | ACC : 3360/3360 (100.000%)
[2025-02-22 16:43:39;INFO]Valid | Loss : 0.073421 | ACC : 1400/1440 (97.222%)
[2025-02-22 16:43:39;INFO]      | Loss didn't drop!

[2025-02-22 16:43:39;INFO]best epoch: 296, best loss: 0.003988
[2025-02-22 16:43:39;INFO]----------------------------------------------------------------------------------------------------

[2025-02-22 16:43:39;INFO]Current Epoch: 311 / 500 | Learning Rate : 0.0004999999999997174
[2025-02-22 16:43:58;INFO]Train | Loss : 0.009742 | ACC : 3360/3360 (100.000%)
[2025-02-22 16:44:01;INFO]Valid | Loss : 0.335279 | ACC : 1222/1440 (84.861%)
[2025-02-22 16:44:01;INFO]      | Loss didn't drop!

[2025-02-22 16:44:01;INFO]best epoch: 296, best loss: 0.003988
[2025-02-22 16:44:01;INFO]----------------------------------------------------------------------------------------------------

[2025-02-22 16:44:01;INFO]Current Epoch: 312 / 500 | Learning Rate : 0.0009455032620966055
[2025-02-22 16:44:20;INFO]Train | Loss : 0.009022 | ACC : 3359/3360 (99.970%)
[2025-02-22 16:44:22;INFO]Valid | Loss : 0.005806 | ACC : 1440/1440 (100.000%)
[2025-02-22 16:44:22;INFO]      | Loss didn't drop!

[2025-02-22 16:44:22;INFO]best epoch: 296, best loss: 0.003988
[2025-02-22 16:44:22;INFO]----------------------------------------------------------------------------------------------------

[2025-02-22 16:44:22;INFO]Current Epoch: 313 / 500 | Learning Rate : 9.54915028124847e-05
[2025-02-22 16:44:41;INFO]Train | Loss : 0.007972 | ACC : 3360/3360 (100.000%)
[2025-02-22 16:44:44;INFO]Valid | Loss : 0.087430 | ACC : 1392/1440 (96.667%)
[2025-02-22 16:44:44;INFO]      | Loss didn't drop!

[2025-02-22 16:44:44;INFO]best epoch: 296, best loss: 0.003988
[2025-02-22 16:44:44;INFO]----------------------------------------------------------------------------------------------------

[2025-02-22 16:44:44;INFO]Current Epoch: 314 / 500 | Learning Rate : 0.00042178276747984795
[2025-02-22 16:45:03;INFO]Train | Loss : 0.008763 | ACC : 3359/3360 (99.970%)
[2025-02-22 16:45:06;INFO]Valid | Loss : 1.978322 | ACC : 1115/1440 (77.431%)
[2025-02-22 16:45:06;INFO]      | Loss didn't drop!

[2025-02-22 16:45:06;INFO]best epoch: 296, best loss: 0.003988
[2025-02-22 16:45:06;INFO]----------------------------------------------------------------------------------------------------

[2025-02-22 16:45:06;INFO]Current Epoch: 315 / 500 | Learning Rate : 0.0009755282581478039
[2025-02-22 16:45:25;INFO]Train | Loss : 0.021881 | ACC : 3355/3360 (99.851%)
[2025-02-22 16:45:27;INFO]Valid | Loss : 0.019706 | ACC : 1435/1440 (99.653%)
[2025-02-22 16:45:27;INFO]      | Loss didn't drop!

[2025-02-22 16:45:27;INFO]best epoch: 296, best loss: 0.003988
[2025-02-22 16:45:27;INFO]----------------------------------------------------------------------------------------------------

[2025-02-22 16:45:27;INFO]Current Epoch: 316 / 500 | Learning Rate : 0.00014644660940677838
[2025-02-22 16:45:46;INFO]Train | Loss : 0.029517 | ACC : 3352/3360 (99.762%)
[2025-02-22 16:45:49;INFO]Valid | Loss : 1.420263 | ACC : 1021/1440 (70.903%)
[2025-02-22 16:45:49;INFO]      | Loss didn't drop!

[2025-02-22 16:45:49;INFO]best epoch: 296, best loss: 0.003988
[2025-02-22 16:45:49;INFO]----------------------------------------------------------------------------------------------------

[2025-02-22 16:45:49;INFO]Current Epoch: 317 / 500 | Learning Rate : 0.00034549150281276074
[2025-02-22 16:46:08;INFO]Train | Loss : 0.015384 | ACC : 3360/3360 (100.000%)
[2025-02-22 16:46:11;INFO]Valid | Loss : 0.945584 | ACC : 1056/1440 (73.333%)
[2025-02-22 16:46:11;INFO]      | Loss didn't drop!

[2025-02-22 16:46:11;INFO]best epoch: 296, best loss: 0.003988
[2025-02-22 16:46:11;INFO]----------------------------------------------------------------------------------------------------

[2025-02-22 16:46:11;INFO]Current Epoch: 318 / 500 | Learning Rate : 0.000993844170298335
[2025-02-22 16:46:30;INFO]Train | Loss : 0.007839 | ACC : 3360/3360 (100.000%)
[2025-02-22 16:46:32;INFO]Valid | Loss : 0.005210 | ACC : 1440/1440 (100.000%)
[2025-02-22 16:46:32;INFO]      | Loss didn't drop!

[2025-02-22 16:46:32;INFO]best epoch: 296, best loss: 0.003988
[2025-02-22 16:46:32;INFO]----------------------------------------------------------------------------------------------------

[2025-02-22 16:46:32;INFO]Current Epoch: 319 / 500 | Learning Rate : 0.00020610737385398043
[2025-02-22 16:46:51;INFO]Train | Loss : 0.006996 | ACC : 3360/3360 (100.000%)
[2025-02-22 16:46:54;INFO]Valid | Loss : 0.003858 | ACC : 1440/1440 (100.000%)
[2025-02-22 16:46:54;INFO]      | Loss dropped from 0.003988 to 0.003858, model has been saved!

[2025-02-22 16:46:54;INFO]best epoch: 319, best loss: 0.003858
[2025-02-22 16:46:54;INFO]----------------------------------------------------------------------------------------------------

[2025-02-22 16:46:54;INFO]Current Epoch: 320 / 500 | Learning Rate : 0.00027300475013053926
[2025-02-22 16:47:13;INFO]Train | Loss : 0.006710 | ACC : 3360/3360 (100.000%)
[2025-02-22 16:47:16;INFO]Valid | Loss : 0.003991 | ACC : 1440/1440 (100.000%)
[2025-02-22 16:47:16;INFO]      | Loss didn't drop!

[2025-02-22 16:47:16;INFO]best epoch: 319, best loss: 0.003858
[2025-02-22 16:47:16;INFO]----------------------------------------------------------------------------------------------------

[2025-02-22 16:47:16;INFO]Current Epoch: 321 / 500 | Learning Rate : 0.0009999999999984399
[2025-02-22 16:47:35;INFO]Train | Loss : 0.007538 | ACC : 3360/3360 (100.000%)
[2025-02-22 16:47:37;INFO]Valid | Loss : 0.004094 | ACC : 1440/1440 (100.000%)
[2025-02-22 16:47:37;INFO]      | Loss didn't drop!

[2025-02-22 16:47:37;INFO]best epoch: 319, best loss: 0.003858
[2025-02-22 16:47:37;INFO]----------------------------------------------------------------------------------------------------

[2025-02-22 16:47:37;INFO]Current Epoch: 322 / 500 | Learning Rate : 0.0002730047501305917
[2025-02-22 16:47:56;INFO]Train | Loss : 0.010738 | ACC : 3357/3360 (99.911%)
[2025-02-22 16:47:59;INFO]Valid | Loss : 0.041131 | ACC : 1433/1440 (99.514%)
[2025-02-22 16:47:59;INFO]      | Loss didn't drop!

[2025-02-22 16:47:59;INFO]best epoch: 319, best loss: 0.003858
[2025-02-22 16:47:59;INFO]----------------------------------------------------------------------------------------------------

[2025-02-22 16:47:59;INFO]Current Epoch: 323 / 500 | Learning Rate : 0.00020610737385418266
[2025-02-22 16:48:18;INFO]Train | Loss : 0.006938 | ACC : 3360/3360 (100.000%)
[2025-02-22 16:48:21;INFO]Valid | Loss : 0.011802 | ACC : 1440/1440 (100.000%)
[2025-02-22 16:48:21;INFO]      | Loss didn't drop!

[2025-02-22 16:48:21;INFO]best epoch: 319, best loss: 0.003858
[2025-02-22 16:48:21;INFO]----------------------------------------------------------------------------------------------------

[2025-02-22 16:48:21;INFO]Current Epoch: 324 / 500 | Learning Rate : 0.0009938441702994451
[2025-02-22 16:48:40;INFO]Train | Loss : 0.006527 | ACC : 3360/3360 (100.000%)
[2025-02-22 16:48:42;INFO]Valid | Loss : 0.002811 | ACC : 1440/1440 (100.000%)
[2025-02-22 16:48:43;INFO]      | Loss dropped from 0.003858 to 0.002811, model has been saved!

[2025-02-22 16:48:43;INFO]best epoch: 324, best loss: 0.002811
[2025-02-22 16:48:43;INFO]----------------------------------------------------------------------------------------------------

[2025-02-22 16:48:43;INFO]Current Epoch: 325 / 500 | Learning Rate : 0.0003454915028123347
[2025-02-22 16:49:02;INFO]Train | Loss : 0.005632 | ACC : 3360/3360 (100.000%)
[2025-02-22 16:49:04;INFO]Valid | Loss : 0.003670 | ACC : 1440/1440 (100.000%)
[2025-02-22 16:49:04;INFO]      | Loss didn't drop!

[2025-02-22 16:49:04;INFO]best epoch: 324, best loss: 0.002811
[2025-02-22 16:49:04;INFO]----------------------------------------------------------------------------------------------------

[2025-02-22 16:49:04;INFO]Current Epoch: 326 / 500 | Learning Rate : 0.0001464466094065933
[2025-02-22 16:49:23;INFO]Train | Loss : 0.005251 | ACC : 3360/3360 (100.000%)
[2025-02-22 16:49:26;INFO]Valid | Loss : 0.018303 | ACC : 1438/1440 (99.861%)
[2025-02-22 16:49:26;INFO]      | Loss didn't drop!

[2025-02-22 16:49:26;INFO]best epoch: 324, best loss: 0.002811
[2025-02-22 16:49:26;INFO]----------------------------------------------------------------------------------------------------

[2025-02-22 16:49:26;INFO]Current Epoch: 327 / 500 | Learning Rate : 0.0009755282581471252
[2025-02-22 16:49:45;INFO]Train | Loss : 0.006472 | ACC : 3360/3360 (100.000%)
[2025-02-22 16:49:48;INFO]Valid | Loss : 0.002938 | ACC : 1440/1440 (100.000%)
[2025-02-22 16:49:48;INFO]      | Loss didn't drop!

[2025-02-22 16:49:48;INFO]best epoch: 324, best loss: 0.002811
[2025-02-22 16:49:48;INFO]----------------------------------------------------------------------------------------------------

[2025-02-22 16:49:48;INFO]Current Epoch: 328 / 500 | Learning Rate : 0.0004217827674810081
[2025-02-22 16:50:07;INFO]Train | Loss : 0.006338 | ACC : 3360/3360 (100.000%)
[2025-02-22 16:50:09;INFO]Valid | Loss : 0.004725 | ACC : 1440/1440 (100.000%)
[2025-02-22 16:50:09;INFO]      | Loss didn't drop!

[2025-02-22 16:50:09;INFO]best epoch: 324, best loss: 0.002811
[2025-02-22 16:50:09;INFO]----------------------------------------------------------------------------------------------------

[2025-02-22 16:50:09;INFO]Current Epoch: 329 / 500 | Learning Rate : 9.549150281281098e-05
[2025-02-22 16:50:28;INFO]Train | Loss : 0.006467 | ACC : 3360/3360 (100.000%)
[2025-02-22 16:50:31;INFO]Valid | Loss : 0.018749 | ACC : 1432/1440 (99.444%)
[2025-02-22 16:50:31;INFO]      | Loss didn't drop!

[2025-02-22 16:50:31;INFO]best epoch: 324, best loss: 0.002811
[2025-02-22 16:50:31;INFO]----------------------------------------------------------------------------------------------------

[2025-02-22 16:50:31;INFO]Current Epoch: 330 / 500 | Learning Rate : 0.0009455032620942504
[2025-02-22 16:50:50;INFO]Train | Loss : 0.010995 | ACC : 3357/3360 (99.911%)
[2025-02-22 16:50:53;INFO]Valid | Loss : 0.006575 | ACC : 1440/1440 (100.000%)
[2025-02-22 16:50:53;INFO]      | Loss didn't drop!

[2025-02-22 16:50:53;INFO]best epoch: 324, best loss: 0.002811
[2025-02-22 16:50:53;INFO]----------------------------------------------------------------------------------------------------

[2025-02-22 16:50:53;INFO]Current Epoch: 331 / 500 | Learning Rate : 0.0005000000000001946
[2025-02-22 16:51:12;INFO]Train | Loss : 0.010100 | ACC : 3358/3360 (99.940%)
[2025-02-22 16:51:14;INFO]Valid | Loss : 0.010589 | ACC : 1439/1440 (99.931%)
[2025-02-22 16:51:14;INFO]      | Loss didn't drop!

[2025-02-22 16:51:14;INFO]best epoch: 324, best loss: 0.002811
[2025-02-22 16:51:14;INFO]----------------------------------------------------------------------------------------------------

[2025-02-22 16:51:14;INFO]Current Epoch: 332 / 500 | Learning Rate : 5.449673790584149e-05
[2025-02-22 16:51:33;INFO]Train | Loss : 0.006546 | ACC : 3360/3360 (100.000%)
[2025-02-22 16:51:36;INFO]Valid | Loss : 0.188984 | ACC : 1340/1440 (93.056%)
[2025-02-22 16:51:36;INFO]      | Loss didn't drop!

[2025-02-22 16:51:36;INFO]best epoch: 324, best loss: 0.002811
[2025-02-22 16:51:36;INFO]----------------------------------------------------------------------------------------------------

[2025-02-22 16:51:36;INFO]Current Epoch: 333 / 500 | Learning Rate : 0.0009045084971880677
[2025-02-22 16:51:55;INFO]Train | Loss : 0.005332 | ACC : 3360/3360 (100.000%)
[2025-02-22 16:51:58;INFO]Valid | Loss : 0.002949 | ACC : 1440/1440 (100.000%)
[2025-02-22 16:51:58;INFO]      | Loss didn't drop!

[2025-02-22 16:51:58;INFO]best epoch: 324, best loss: 0.002811
[2025-02-22 16:51:58;INFO]----------------------------------------------------------------------------------------------------

[2025-02-22 16:51:58;INFO]Current Epoch: 334 / 500 | Learning Rate : 0.0005782172325205757
[2025-02-22 16:52:17;INFO]Train | Loss : 0.004654 | ACC : 3360/3360 (100.000%)
[2025-02-22 16:52:19;INFO]Valid | Loss : 0.003507 | ACC : 1440/1440 (100.000%)
[2025-02-22 16:52:19;INFO]      | Loss didn't drop!

[2025-02-22 16:52:19;INFO]best epoch: 324, best loss: 0.002811
[2025-02-22 16:52:19;INFO]----------------------------------------------------------------------------------------------------

[2025-02-22 16:52:19;INFO]Current Epoch: 335 / 500 | Learning Rate : 2.4471741852439454e-05
[2025-02-22 16:52:38;INFO]Train | Loss : 0.004631 | ACC : 3360/3360 (100.000%)
[2025-02-22 16:52:41;INFO]Valid | Loss : 0.003073 | ACC : 1440/1440 (100.000%)
[2025-02-22 16:52:41;INFO]      | Loss didn't drop!

[2025-02-22 16:52:41;INFO]best epoch: 324, best loss: 0.002811
[2025-02-22 16:52:41;INFO]----------------------------------------------------------------------------------------------------

[2025-02-22 16:52:41;INFO]Current Epoch: 336 / 500 | Learning Rate : 0.0008535533905942871
[2025-02-22 16:53:00;INFO]Train | Loss : 0.004651 | ACC : 3360/3360 (100.000%)
[2025-02-22 16:53:03;INFO]Valid | Loss : 0.003472 | ACC : 1440/1440 (100.000%)
[2025-02-22 16:53:03;INFO]      | Loss didn't drop!

[2025-02-22 16:53:03;INFO]best epoch: 324, best loss: 0.002811
[2025-02-22 16:53:03;INFO]----------------------------------------------------------------------------------------------------

[2025-02-22 16:53:03;INFO]Current Epoch: 337 / 500 | Learning Rate : 0.0006545084971865021
[2025-02-22 16:53:22;INFO]Train | Loss : 0.004177 | ACC : 3360/3360 (100.000%)
[2025-02-22 16:53:24;INFO]Valid | Loss : 0.002470 | ACC : 1440/1440 (100.000%)
[2025-02-22 16:53:24;INFO]      | Loss dropped from 0.002811 to 0.002470, model has been saved!

[2025-02-22 16:53:24;INFO]best epoch: 337, best loss: 0.002470
[2025-02-22 16:53:24;INFO]----------------------------------------------------------------------------------------------------

[2025-02-22 16:53:24;INFO]Current Epoch: 338 / 500 | Learning Rate : 6.1558297024320045e-06
[2025-02-22 16:53:43;INFO]Train | Loss : 0.003648 | ACC : 3360/3360 (100.000%)
[2025-02-22 16:53:46;INFO]Valid | Loss : 0.004599 | ACC : 1440/1440 (100.000%)
[2025-02-22 16:53:46;INFO]      | Loss didn't drop!

[2025-02-22 16:53:46;INFO]best epoch: 337, best loss: 0.002470
[2025-02-22 16:53:46;INFO]----------------------------------------------------------------------------------------------------

[2025-02-22 16:53:46;INFO]Current Epoch: 339 / 500 | Learning Rate : 0.0007938926261476838
[2025-02-22 16:54:05;INFO]Train | Loss : 0.004177 | ACC : 3360/3360 (100.000%)
[2025-02-22 16:54:08;INFO]Valid | Loss : 0.002691 | ACC : 1440/1440 (100.000%)
[2025-02-22 16:54:08;INFO]      | Loss didn't drop!

[2025-02-22 16:54:08;INFO]best epoch: 337, best loss: 0.002470
[2025-02-22 16:54:08;INFO]----------------------------------------------------------------------------------------------------

[2025-02-22 16:54:08;INFO]Current Epoch: 340 / 500 | Learning Rate : 0.0007269952498712262
[2025-02-22 16:54:27;INFO]Train | Loss : 0.006067 | ACC : 3360/3360 (100.000%)
[2025-02-22 16:54:29;INFO]Valid | Loss : 0.005145 | ACC : 1440/1440 (100.000%)
[2025-02-22 16:54:29;INFO]      | Loss didn't drop!

[2025-02-22 16:54:29;INFO]best epoch: 337, best loss: 0.002470
[2025-02-22 16:54:29;INFO]----------------------------------------------------------------------------------------------------

[2025-02-22 16:54:29;INFO]Current Epoch: 341 / 500 | Learning Rate : 0.0
[2025-02-22 16:54:48;INFO]Train | Loss : 0.007516 | ACC : 3357/3360 (99.911%)
[2025-02-22 16:54:51;INFO]Valid | Loss : 0.569089 | ACC : 1218/1440 (84.583%)
[2025-02-22 16:54:51;INFO]      | Loss didn't drop!

[2025-02-22 16:54:51;INFO]best epoch: 337, best loss: 0.002470
[2025-02-22 16:54:51;INFO]----------------------------------------------------------------------------------------------------

[2025-02-22 16:54:51;INFO]Current Epoch: 342 / 500 | Learning Rate : 0.0007269952498693784
[2025-02-22 16:55:10;INFO]Train | Loss : 0.044634 | ACC : 3336/3360 (99.286%)
[2025-02-22 16:55:13;INFO]Valid | Loss : 1.726215 | ACC : 795/1440 (55.208%)
[2025-02-22 16:55:13;INFO]      | Loss didn't drop!

[2025-02-22 16:55:13;INFO]best epoch: 337, best loss: 0.002470
[2025-02-22 16:55:13;INFO]----------------------------------------------------------------------------------------------------

[2025-02-22 16:55:13;INFO]Current Epoch: 343 / 500 | Learning Rate : 0.0007938926261459035
[2025-02-22 16:55:32;INFO]Train | Loss : 0.041407 | ACC : 3343/3360 (99.494%)
[2025-02-22 16:55:35;INFO]Valid | Loss : 0.148201 | ACC : 1361/1440 (94.514%)
[2025-02-22 16:55:35;INFO]      | Loss didn't drop!

[2025-02-22 16:55:35;INFO]best epoch: 337, best loss: 0.002470
[2025-02-22 16:55:35;INFO]----------------------------------------------------------------------------------------------------

[2025-02-22 16:55:35;INFO]Current Epoch: 344 / 500 | Learning Rate : 6.155829702431115e-06
[2025-02-22 16:55:54;INFO]Train | Loss : 0.015954 | ACC : 3360/3360 (100.000%)
[2025-02-22 16:55:56;INFO]Valid | Loss : 0.663376 | ACC : 1104/1440 (76.667%)
[2025-02-22 16:55:56;INFO]      | Loss didn't drop!

[2025-02-22 16:55:56;INFO]best epoch: 337, best loss: 0.002470
[2025-02-22 16:55:56;INFO]----------------------------------------------------------------------------------------------------

[2025-02-22 16:55:56;INFO]Current Epoch: 345 / 500 | Learning Rate : 0.0006545084971893504
[2025-02-22 16:56:15;INFO]Train | Loss : 0.008911 | ACC : 3360/3360 (100.000%)
[2025-02-22 16:56:18;INFO]Valid | Loss : 0.011727 | ACC : 1440/1440 (100.000%)
[2025-02-22 16:56:18;INFO]      | Loss didn't drop!

[2025-02-22 16:56:18;INFO]best epoch: 337, best loss: 0.002470
[2025-02-22 16:56:18;INFO]----------------------------------------------------------------------------------------------------

[2025-02-22 16:56:18;INFO]Current Epoch: 346 / 500 | Learning Rate : 0.0008535533905935023
[2025-02-22 16:56:37;INFO]Train | Loss : 0.011169 | ACC : 3358/3360 (99.940%)
[2025-02-22 16:56:40;INFO]Valid | Loss : 0.004513 | ACC : 1440/1440 (100.000%)
[2025-02-22 16:56:40;INFO]      | Loss didn't drop!

[2025-02-22 16:56:40;INFO]best epoch: 337, best loss: 0.002470
[2025-02-22 16:56:40;INFO]----------------------------------------------------------------------------------------------------

[2025-02-22 16:56:40;INFO]Current Epoch: 347 / 500 | Learning Rate : 2.4471741852445756e-05
[2025-02-22 16:56:59;INFO]Train | Loss : 0.009477 | ACC : 3359/3360 (99.970%)
[2025-02-22 16:57:01;INFO]Valid | Loss : 0.013125 | ACC : 1440/1440 (100.000%)
[2025-02-22 16:57:01;INFO]      | Loss didn't drop!

[2025-02-22 16:57:01;INFO]best epoch: 337, best loss: 0.002470
[2025-02-22 16:57:01;INFO]----------------------------------------------------------------------------------------------------

[2025-02-22 16:57:01;INFO]Current Epoch: 348 / 500 | Learning Rate : 0.0005782172325203901
[2025-02-22 16:57:20;INFO]Train | Loss : 0.011327 | ACC : 3356/3360 (99.881%)
[2025-02-22 16:57:23;INFO]Valid | Loss : 0.025836 | ACC : 1436/1440 (99.722%)
[2025-02-22 16:57:23;INFO]      | Loss didn't drop!

[2025-02-22 16:57:23;INFO]best epoch: 337, best loss: 0.002470
[2025-02-22 16:57:23;INFO]----------------------------------------------------------------------------------------------------

[2025-02-22 16:57:23;INFO]Current Epoch: 349 / 500 | Learning Rate : 0.0009045084971881466
[2025-02-22 16:57:42;INFO]Train | Loss : 0.009105 | ACC : 3360/3360 (100.000%)
[2025-02-22 16:57:45;INFO]Valid | Loss : 0.006224 | ACC : 1440/1440 (100.000%)
[2025-02-22 16:57:45;INFO]      | Loss didn't drop!

[2025-02-22 16:57:45;INFO]best epoch: 337, best loss: 0.002470
[2025-02-22 16:57:45;INFO]----------------------------------------------------------------------------------------------------

[2025-02-22 16:57:45;INFO]Current Epoch: 350 / 500 | Learning Rate : 5.449673790585119e-05
[2025-02-22 16:58:04;INFO]Train | Loss : 0.026350 | ACC : 3358/3360 (99.940%)
[2025-02-22 16:58:07;INFO]Valid | Loss : 0.207832 | ACC : 1356/1440 (94.167%)
[2025-02-22 16:58:07;INFO]      | Loss didn't drop!

[2025-02-22 16:58:07;INFO]best epoch: 337, best loss: 0.002470
[2025-02-22 16:58:07;INFO]----------------------------------------------------------------------------------------------------

[2025-02-22 16:58:07;INFO]Current Epoch: 351 / 500 | Learning Rate : 0.0005000000000004788
[2025-02-22 16:58:26;INFO]Train | Loss : 0.018512 | ACC : 3355/3360 (99.851%)
[2025-02-22 16:58:28;INFO]Valid | Loss : 1.179959 | ACC : 921/1440 (63.958%)
[2025-02-22 16:58:28;INFO]      | Loss didn't drop!

[2025-02-22 16:58:28;INFO]best epoch: 337, best loss: 0.002470
[2025-02-22 16:58:28;INFO]----------------------------------------------------------------------------------------------------

[2025-02-22 16:58:28;INFO]Current Epoch: 352 / 500 | Learning Rate : 0.0009455032620954253
[2025-02-22 16:58:47;INFO]Train | Loss : 0.013685 | ACC : 3360/3360 (100.000%)
[2025-02-22 16:58:50;INFO]Valid | Loss : 0.008598 | ACC : 1440/1440 (100.000%)
[2025-02-22 16:58:50;INFO]      | Loss didn't drop!

[2025-02-22 16:58:50;INFO]best epoch: 337, best loss: 0.002470
[2025-02-22 16:58:50;INFO]----------------------------------------------------------------------------------------------------

[2025-02-22 16:58:50;INFO]Current Epoch: 353 / 500 | Learning Rate : 9.54915028123927e-05
[2025-02-22 16:59:09;INFO]Train | Loss : 0.010602 | ACC : 3359/3360 (99.970%)
[2025-02-22 16:59:12;INFO]Valid | Loss : 0.045453 | ACC : 1415/1440 (98.264%)
[2025-02-22 16:59:12;INFO]      | Loss didn't drop!

[2025-02-22 16:59:12;INFO]best epoch: 337, best loss: 0.002470
[2025-02-22 16:59:12;INFO]----------------------------------------------------------------------------------------------------

[2025-02-22 16:59:12;INFO]Current Epoch: 354 / 500 | Learning Rate : 0.0004217827674793744
[2025-02-22 16:59:31;INFO]Train | Loss : 0.021639 | ACC : 3343/3360 (99.494%)
[2025-02-22 16:59:33;INFO]Valid | Loss : 1.815608 | ACC : 734/1440 (50.972%)
[2025-02-22 16:59:33;INFO]      | Loss didn't drop!

[2025-02-22 16:59:33;INFO]best epoch: 337, best loss: 0.002470
[2025-02-22 16:59:33;INFO]----------------------------------------------------------------------------------------------------

[2025-02-22 16:59:33;INFO]Current Epoch: 355 / 500 | Learning Rate : 0.0009755282581493679
[2025-02-22 16:59:52;INFO]Train | Loss : 0.022844 | ACC : 3351/3360 (99.732%)
[2025-02-22 16:59:55;INFO]Valid | Loss : 0.008841 | ACC : 1440/1440 (100.000%)
[2025-02-22 16:59:55;INFO]      | Loss didn't drop!

[2025-02-22 16:59:55;INFO]best epoch: 337, best loss: 0.002470
[2025-02-22 16:59:55;INFO]----------------------------------------------------------------------------------------------------

[2025-02-22 16:59:55;INFO]Current Epoch: 356 / 500 | Learning Rate : 0.00014644660940705013
[2025-02-22 17:00:14;INFO]Train | Loss : 0.008747 | ACC : 3360/3360 (100.000%)
[2025-02-22 17:00:17;INFO]Valid | Loss : 0.017077 | ACC : 1439/1440 (99.931%)
[2025-02-22 17:00:17;INFO]      | Loss didn't drop!

[2025-02-22 17:00:17;INFO]best epoch: 337, best loss: 0.002470
[2025-02-22 17:00:17;INFO]----------------------------------------------------------------------------------------------------

[2025-02-22 17:00:17;INFO]Current Epoch: 357 / 500 | Learning Rate : 0.00034549150281327096
[2025-02-22 17:00:36;INFO]Train | Loss : 0.005074 | ACC : 3360/3360 (100.000%)
[2025-02-22 17:00:39;INFO]Valid | Loss : 0.056509 | ACC : 1405/1440 (97.569%)
[2025-02-22 17:00:39;INFO]      | Loss didn't drop!

[2025-02-22 17:00:39;INFO]best epoch: 337, best loss: 0.002470
[2025-02-22 17:00:39;INFO]----------------------------------------------------------------------------------------------------

[2025-02-22 17:00:39;INFO]Current Epoch: 358 / 500 | Learning Rate : 0.0009938441702970792
[2025-02-22 17:00:58;INFO]Train | Loss : 0.004474 | ACC : 3360/3360 (100.000%)
[2025-02-22 17:01:00;INFO]Valid | Loss : 0.002344 | ACC : 1440/1440 (100.000%)
[2025-02-22 17:01:00;INFO]      | Loss dropped from 0.002470 to 0.002344, model has been saved!

[2025-02-22 17:01:00;INFO]best epoch: 358, best loss: 0.002344
[2025-02-22 17:01:00;INFO]----------------------------------------------------------------------------------------------------

[2025-02-22 17:01:00;INFO]Current Epoch: 359 / 500 | Learning Rate : 0.00020610737385366875
[2025-02-22 17:01:19;INFO]Train | Loss : 0.008556 | ACC : 3359/3360 (99.970%)
[2025-02-22 17:01:22;INFO]Valid | Loss : 0.056161 | ACC : 1411/1440 (97.986%)
[2025-02-22 17:01:22;INFO]      | Loss didn't drop!

[2025-02-22 17:01:22;INFO]best epoch: 358, best loss: 0.002344
[2025-02-22 17:01:22;INFO]----------------------------------------------------------------------------------------------------

[2025-02-22 17:01:22;INFO]Current Epoch: 360 / 500 | Learning Rate : 0.00027300475013025135
[2025-02-22 17:01:41;INFO]Train | Loss : 0.006288 | ACC : 3360/3360 (100.000%)
[2025-02-22 17:01:44;INFO]Valid | Loss : 0.011262 | ACC : 1439/1440 (99.931%)
[2025-02-22 17:01:44;INFO]      | Loss didn't drop!

[2025-02-22 17:01:44;INFO]best epoch: 358, best loss: 0.002344
[2025-02-22 17:01:44;INFO]----------------------------------------------------------------------------------------------------

[2025-02-22 17:01:44;INFO]Current Epoch: 361 / 500 | Learning Rate : 0.001000000000002949
[2025-02-22 17:02:03;INFO]Train | Loss : 0.006834 | ACC : 3360/3360 (100.000%)
[2025-02-22 17:02:05;INFO]Valid | Loss : 0.002989 | ACC : 1440/1440 (100.000%)
[2025-02-22 17:02:05;INFO]      | Loss didn't drop!

[2025-02-22 17:02:05;INFO]best epoch: 358, best loss: 0.002344
[2025-02-22 17:02:05;INFO]----------------------------------------------------------------------------------------------------

[2025-02-22 17:02:05;INFO]Current Epoch: 362 / 500 | Learning Rate : 0.0002730047501302892
[2025-02-22 17:02:24;INFO]Train | Loss : 0.005641 | ACC : 3360/3360 (100.000%)
[2025-02-22 17:02:27;INFO]Valid | Loss : 0.014924 | ACC : 1437/1440 (99.792%)
[2025-02-22 17:02:27;INFO]      | Loss didn't drop!

[2025-02-22 17:02:27;INFO]best epoch: 358, best loss: 0.002344
[2025-02-22 17:02:27;INFO]----------------------------------------------------------------------------------------------------

[2025-02-22 17:02:27;INFO]Current Epoch: 363 / 500 | Learning Rate : 0.0002061073738538801
[2025-02-22 17:02:46;INFO]Train | Loss : 0.004518 | ACC : 3360/3360 (100.000%)
[2025-02-22 17:02:49;INFO]Valid | Loss : 0.005652 | ACC : 1440/1440 (100.000%)
[2025-02-22 17:02:49;INFO]      | Loss didn't drop!

[2025-02-22 17:02:49;INFO]best epoch: 358, best loss: 0.002344
[2025-02-22 17:02:49;INFO]----------------------------------------------------------------------------------------------------

[2025-02-22 17:02:49;INFO]Current Epoch: 364 / 500 | Learning Rate : 0.000993844170298191
[2025-02-22 17:03:08;INFO]Train | Loss : 0.006858 | ACC : 3359/3360 (99.970%)
[2025-02-22 17:03:10;INFO]Valid | Loss : 0.002799 | ACC : 1440/1440 (100.000%)
[2025-02-22 17:03:10;INFO]      | Loss didn't drop!

[2025-02-22 17:03:10;INFO]best epoch: 358, best loss: 0.002344
[2025-02-22 17:03:10;INFO]----------------------------------------------------------------------------------------------------

[2025-02-22 17:03:10;INFO]Current Epoch: 365 / 500 | Learning Rate : 0.00034549150281272355
[2025-02-22 17:03:29;INFO]Train | Loss : 0.008787 | ACC : 3360/3360 (100.000%)
[2025-02-22 17:03:32;INFO]Valid | Loss : 0.002674 | ACC : 1440/1440 (100.000%)
[2025-02-22 17:03:32;INFO]      | Loss didn't drop!

[2025-02-22 17:03:32;INFO]best epoch: 358, best loss: 0.002344
[2025-02-22 17:03:32;INFO]----------------------------------------------------------------------------------------------------

[2025-02-22 17:03:32;INFO]Current Epoch: 366 / 500 | Learning Rate : 0.00014644660940687482
[2025-02-22 17:03:51;INFO]Train | Loss : 0.004405 | ACC : 3360/3360 (100.000%)
[2025-02-22 17:03:54;INFO]Valid | Loss : 0.003193 | ACC : 1440/1440 (100.000%)
[2025-02-22 17:03:54;INFO]      | Loss didn't drop!

[2025-02-22 17:03:54;INFO]best epoch: 358, best loss: 0.002344
[2025-02-22 17:03:54;INFO]----------------------------------------------------------------------------------------------------

[2025-02-22 17:03:54;INFO]Current Epoch: 367 / 500 | Learning Rate : 0.0009755282581486852
[2025-02-22 17:04:13;INFO]Train | Loss : 0.007934 | ACC : 3360/3360 (100.000%)
[2025-02-22 17:04:16;INFO]Valid | Loss : 0.239912 | ACC : 1352/1440 (93.889%)
[2025-02-22 17:04:16;INFO]      | Loss didn't drop!

[2025-02-22 17:04:16;INFO]best epoch: 358, best loss: 0.002344
[2025-02-22 17:04:16;INFO]----------------------------------------------------------------------------------------------------

[2025-02-22 17:04:16;INFO]Current Epoch: 368 / 500 | Learning Rate : 0.00042178276748052135
[2025-02-22 17:04:35;INFO]Train | Loss : 0.009356 | ACC : 3358/3360 (99.940%)
[2025-02-22 17:04:37;INFO]Valid | Loss : 0.627157 | ACC : 1295/1440 (89.931%)
[2025-02-22 17:04:37;INFO]      | Loss didn't drop!

[2025-02-22 17:04:37;INFO]best epoch: 358, best loss: 0.002344
[2025-02-22 17:04:37;INFO]----------------------------------------------------------------------------------------------------

[2025-02-22 17:04:37;INFO]Current Epoch: 369 / 500 | Learning Rate : 9.549150281266023e-05
[2025-02-22 17:04:56;INFO]Train | Loss : 0.005749 | ACC : 3360/3360 (100.000%)
[2025-02-22 17:04:59;INFO]Valid | Loss : 0.138375 | ACC : 1364/1440 (94.722%)
[2025-02-22 17:04:59;INFO]      | Loss didn't drop!

[2025-02-22 17:04:59;INFO]best epoch: 358, best loss: 0.002344
[2025-02-22 17:04:59;INFO]----------------------------------------------------------------------------------------------------

[2025-02-22 17:04:59;INFO]Current Epoch: 370 / 500 | Learning Rate : 0.0009455032620930766
[2025-02-22 17:05:18;INFO]Train | Loss : 0.003633 | ACC : 3360/3360 (100.000%)
[2025-02-22 17:05:21;INFO]Valid | Loss : 0.003616 | ACC : 1440/1440 (100.000%)
[2025-02-22 17:05:21;INFO]      | Loss didn't drop!

[2025-02-22 17:05:21;INFO]best epoch: 358, best loss: 0.002344
[2025-02-22 17:05:21;INFO]----------------------------------------------------------------------------------------------------

[2025-02-22 17:05:21;INFO]Current Epoch: 371 / 500 | Learning Rate : 0.0005000000000009428
[2025-02-22 17:05:40;INFO]Train | Loss : 0.004428 | ACC : 3360/3360 (100.000%)
[2025-02-22 17:05:42;INFO]Valid | Loss : 0.036076 | ACC : 1416/1440 (98.333%)
[2025-02-22 17:05:42;INFO]      | Loss didn't drop!

[2025-02-22 17:05:42;INFO]best epoch: 358, best loss: 0.002344
[2025-02-22 17:05:42;INFO]----------------------------------------------------------------------------------------------------

[2025-02-22 17:05:42;INFO]Current Epoch: 372 / 500 | Learning Rate : 5.4496737905907264e-05
[2025-02-22 17:06:01;INFO]Train | Loss : 0.003983 | ACC : 3360/3360 (100.000%)
[2025-02-22 17:06:04;INFO]Valid | Loss : 0.002258 | ACC : 1440/1440 (100.000%)
[2025-02-22 17:06:04;INFO]      | Loss dropped from 0.002344 to 0.002258, model has been saved!

[2025-02-22 17:06:04;INFO]best epoch: 372, best loss: 0.002258
[2025-02-22 17:06:04;INFO]----------------------------------------------------------------------------------------------------

[2025-02-22 17:06:04;INFO]Current Epoch: 373 / 500 | Learning Rate : 0.000904508497189507
[2025-02-22 17:06:23;INFO]Train | Loss : 0.003460 | ACC : 3360/3360 (100.000%)
[2025-02-22 17:06:26;INFO]Valid | Loss : 0.001832 | ACC : 1440/1440 (100.000%)
[2025-02-22 17:06:26;INFO]      | Loss dropped from 0.002258 to 0.001832, model has been saved!

[2025-02-22 17:06:26;INFO]best epoch: 373, best loss: 0.001832
[2025-02-22 17:06:26;INFO]----------------------------------------------------------------------------------------------------

[2025-02-22 17:06:26;INFO]Current Epoch: 374 / 500 | Learning Rate : 0.0005782172325198901
[2025-02-22 17:06:45;INFO]Train | Loss : 0.003805 | ACC : 3360/3360 (100.000%)
[2025-02-22 17:06:48;INFO]Valid | Loss : 0.001862 | ACC : 1440/1440 (100.000%)
[2025-02-22 17:06:48;INFO]      | Loss didn't drop!

[2025-02-22 17:06:48;INFO]best epoch: 373, best loss: 0.001832
[2025-02-22 17:06:48;INFO]----------------------------------------------------------------------------------------------------

[2025-02-22 17:06:48;INFO]Current Epoch: 375 / 500 | Learning Rate : 2.4471741852428063e-05
[2025-02-22 17:07:07;INFO]Train | Loss : 0.008698 | ACC : 3358/3360 (99.940%)
[2025-02-22 17:07:09;INFO]Valid | Loss : 0.843396 | ACC : 1230/1440 (85.417%)
[2025-02-22 17:07:09;INFO]      | Loss didn't drop!

[2025-02-22 17:07:09;INFO]best epoch: 373, best loss: 0.001832
[2025-02-22 17:07:09;INFO]----------------------------------------------------------------------------------------------------

[2025-02-22 17:07:09;INFO]Current Epoch: 376 / 500 | Learning Rate : 0.000853553390593247
[2025-02-22 17:07:28;INFO]Train | Loss : 0.026434 | ACC : 3350/3360 (99.702%)
[2025-02-22 17:07:31;INFO]Valid | Loss : 0.209394 | ACC : 1296/1440 (90.000%)
[2025-02-22 17:07:31;INFO]      | Loss didn't drop!

[2025-02-22 17:07:31;INFO]best epoch: 373, best loss: 0.001832
[2025-02-22 17:07:31;INFO]----------------------------------------------------------------------------------------------------

[2025-02-22 17:07:31;INFO]Current Epoch: 377 / 500 | Learning Rate : 0.0006545084971895008
[2025-02-22 17:07:50;INFO]Train | Loss : 0.008260 | ACC : 3360/3360 (100.000%)
[2025-02-22 17:07:53;INFO]Valid | Loss : 0.024230 | ACC : 1437/1440 (99.792%)
[2025-02-22 17:07:53;INFO]      | Loss didn't drop!

[2025-02-22 17:07:53;INFO]best epoch: 373, best loss: 0.001832
[2025-02-22 17:07:53;INFO]----------------------------------------------------------------------------------------------------

[2025-02-22 17:07:53;INFO]Current Epoch: 378 / 500 | Learning Rate : 6.1558297024519335e-06
[2025-02-22 17:08:12;INFO]Train | Loss : 0.005595 | ACC : 3360/3360 (100.000%)
[2025-02-22 17:08:15;INFO]Valid | Loss : 0.076114 | ACC : 1392/1440 (96.667%)
[2025-02-22 17:08:15;INFO]      | Loss didn't drop!

[2025-02-22 17:08:15;INFO]best epoch: 373, best loss: 0.001832
[2025-02-22 17:08:15;INFO]----------------------------------------------------------------------------------------------------

[2025-02-22 17:08:15;INFO]Current Epoch: 379 / 500 | Learning Rate : 0.0007938926261466338
[2025-02-22 17:08:34;INFO]Train | Loss : 0.005271 | ACC : 3360/3360 (100.000%)
[2025-02-22 17:08:36;INFO]Valid | Loss : 0.003097 | ACC : 1440/1440 (100.000%)
[2025-02-22 17:08:36;INFO]      | Loss didn't drop!

[2025-02-22 17:08:36;INFO]best epoch: 373, best loss: 0.001832
[2025-02-22 17:08:36;INFO]----------------------------------------------------------------------------------------------------

[2025-02-22 17:08:36;INFO]Current Epoch: 380 / 500 | Learning Rate : 0.0007269952498702517
[2025-02-22 17:08:55;INFO]Train | Loss : 0.006771 | ACC : 3359/3360 (99.970%)
[2025-02-22 17:08:58;INFO]Valid | Loss : 0.002419 | ACC : 1440/1440 (100.000%)
[2025-02-22 17:08:58;INFO]      | Loss didn't drop!

[2025-02-22 17:08:58;INFO]best epoch: 373, best loss: 0.001832
[2025-02-22 17:08:58;INFO]----------------------------------------------------------------------------------------------------

[2025-02-22 17:08:58;INFO]Current Epoch: 381 / 500 | Learning Rate : 0.0
[2025-02-22 17:09:17;INFO]Train | Loss : 0.004714 | ACC : 3360/3360 (100.000%)
[2025-02-22 17:09:20;INFO]Valid | Loss : 0.095198 | ACC : 1390/1440 (96.528%)
[2025-02-22 17:09:20;INFO]      | Loss didn't drop!

[2025-02-22 17:09:20;INFO]best epoch: 373, best loss: 0.001832
[2025-02-22 17:09:20;INFO]----------------------------------------------------------------------------------------------------

[2025-02-22 17:09:20;INFO]Current Epoch: 382 / 500 | Learning Rate : 0.000726995249870514
[2025-02-22 17:09:39;INFO]Train | Loss : 0.006704 | ACC : 3360/3360 (100.000%)
[2025-02-22 17:09:41;INFO]Valid | Loss : 0.023736 | ACC : 1433/1440 (99.514%)
[2025-02-22 17:09:41;INFO]      | Loss didn't drop!

[2025-02-22 17:09:41;INFO]best epoch: 373, best loss: 0.001832
[2025-02-22 17:09:41;INFO]----------------------------------------------------------------------------------------------------

[2025-02-22 17:09:41;INFO]Current Epoch: 383 / 500 | Learning Rate : 0.0007938926261472255
[2025-02-22 17:10:00;INFO]Train | Loss : 0.003585 | ACC : 3360/3360 (100.000%)
[2025-02-22 17:10:03;INFO]Valid | Loss : 0.005726 | ACC : 1439/1440 (99.931%)
[2025-02-22 17:10:03;INFO]      | Loss didn't drop!

[2025-02-22 17:10:03;INFO]best epoch: 373, best loss: 0.001832
[2025-02-22 17:10:03;INFO]----------------------------------------------------------------------------------------------------

[2025-02-22 17:10:03;INFO]Current Epoch: 384 / 500 | Learning Rate : 6.155829702431115e-06
[2025-02-22 17:10:22;INFO]Train | Loss : 0.002870 | ACC : 3360/3360 (100.000%)
[2025-02-22 17:10:25;INFO]Valid | Loss : 0.003040 | ACC : 1440/1440 (100.000%)
[2025-02-22 17:10:25;INFO]      | Loss didn't drop!

[2025-02-22 17:10:25;INFO]best epoch: 373, best loss: 0.001832
[2025-02-22 17:10:25;INFO]----------------------------------------------------------------------------------------------------

[2025-02-22 17:10:25;INFO]Current Epoch: 385 / 500 | Learning Rate : 0.0006545084971885788
[2025-02-22 17:10:44;INFO]Train | Loss : 0.003183 | ACC : 3360/3360 (100.000%)
[2025-02-22 17:10:46;INFO]Valid | Loss : 0.001677 | ACC : 1440/1440 (100.000%)
[2025-02-22 17:10:46;INFO]      | Loss dropped from 0.001832 to 0.001677, model has been saved!

[2025-02-22 17:10:46;INFO]best epoch: 385, best loss: 0.001677
[2025-02-22 17:10:46;INFO]----------------------------------------------------------------------------------------------------

[2025-02-22 17:10:46;INFO]Current Epoch: 386 / 500 | Learning Rate : 0.000853553390592291
[2025-02-22 17:11:05;INFO]Train | Loss : 0.003244 | ACC : 3360/3360 (100.000%)
[2025-02-22 17:11:08;INFO]Valid | Loss : 0.001904 | ACC : 1440/1440 (100.000%)
[2025-02-22 17:11:08;INFO]      | Loss didn't drop!

[2025-02-22 17:11:08;INFO]best epoch: 385, best loss: 0.001677
[2025-02-22 17:11:08;INFO]----------------------------------------------------------------------------------------------------

[2025-02-22 17:11:08;INFO]Current Epoch: 387 / 500 | Learning Rate : 2.4471741852465603e-05
[2025-02-22 17:11:27;INFO]Train | Loss : 0.003037 | ACC : 3360/3360 (100.000%)
[2025-02-22 17:11:30;INFO]Valid | Loss : 0.002463 | ACC : 1440/1440 (100.000%)
[2025-02-22 17:11:30;INFO]      | Loss didn't drop!

[2025-02-22 17:11:30;INFO]best epoch: 385, best loss: 0.001677
[2025-02-22 17:11:30;INFO]----------------------------------------------------------------------------------------------------

[2025-02-22 17:11:30;INFO]Current Epoch: 388 / 500 | Learning Rate : 0.0005782172325213858
[2025-02-22 17:11:49;INFO]Train | Loss : 0.003302 | ACC : 3360/3360 (100.000%)
[2025-02-22 17:11:52;INFO]Valid | Loss : 0.003905 | ACC : 1440/1440 (100.000%)
[2025-02-22 17:11:52;INFO]      | Loss didn't drop!

[2025-02-22 17:11:52;INFO]best epoch: 385, best loss: 0.001677
[2025-02-22 17:11:52;INFO]----------------------------------------------------------------------------------------------------

[2025-02-22 17:11:52;INFO]Current Epoch: 389 / 500 | Learning Rate : 0.0009045084971869596
[2025-02-22 17:12:11;INFO]Train | Loss : 0.003397 | ACC : 3360/3360 (100.000%)
[2025-02-22 17:12:13;INFO]Valid | Loss : 0.001685 | ACC : 1440/1440 (100.000%)
[2025-02-22 17:12:13;INFO]      | Loss didn't drop!

[2025-02-22 17:12:13;INFO]best epoch: 385, best loss: 0.001677
[2025-02-22 17:12:13;INFO]----------------------------------------------------------------------------------------------------

[2025-02-22 17:12:13;INFO]Current Epoch: 390 / 500 | Learning Rate : 5.4496737905752975e-05
[2025-02-22 17:12:32;INFO]Train | Loss : 0.002556 | ACC : 3360/3360 (100.000%)
[2025-02-22 17:12:35;INFO]Valid | Loss : 0.001795 | ACC : 1440/1440 (100.000%)
[2025-02-22 17:12:35;INFO]      | Loss didn't drop!

[2025-02-22 17:12:35;INFO]best epoch: 385, best loss: 0.001677
[2025-02-22 17:12:35;INFO]----------------------------------------------------------------------------------------------------

[2025-02-22 17:12:35;INFO]Current Epoch: 391 / 500 | Learning Rate : 0.0005000000000000205
[2025-02-22 17:12:54;INFO]Train | Loss : 0.003296 | ACC : 3360/3360 (100.000%)
[2025-02-22 17:12:57;INFO]Valid | Loss : 0.001663 | ACC : 1440/1440 (100.000%)
[2025-02-22 17:12:57;INFO]      | Loss dropped from 0.001677 to 0.001663, model has been saved!

[2025-02-22 17:12:57;INFO]best epoch: 391, best loss: 0.001663
[2025-02-22 17:12:57;INFO]----------------------------------------------------------------------------------------------------

[2025-02-22 17:12:57;INFO]Current Epoch: 392 / 500 | Learning Rate : 0.0009455032620941946
[2025-02-22 17:13:16;INFO]Train | Loss : 0.002726 | ACC : 3360/3360 (100.000%)
[2025-02-22 17:13:18;INFO]Valid | Loss : 0.001559 | ACC : 1440/1440 (100.000%)
[2025-02-22 17:13:18;INFO]      | Loss dropped from 0.001663 to 0.001559, model has been saved!

[2025-02-22 17:13:18;INFO]best epoch: 392, best loss: 0.001559
[2025-02-22 17:13:18;INFO]----------------------------------------------------------------------------------------------------

[2025-02-22 17:13:18;INFO]Current Epoch: 393 / 500 | Learning Rate : 9.549150281278579e-05
[2025-02-22 17:13:37;INFO]Train | Loss : 0.002497 | ACC : 3360/3360 (100.000%)
[2025-02-22 17:13:40;INFO]Valid | Loss : 0.001978 | ACC : 1440/1440 (100.000%)
[2025-02-22 17:13:40;INFO]      | Loss didn't drop!

[2025-02-22 17:13:40;INFO]best epoch: 392, best loss: 0.001559
[2025-02-22 17:13:40;INFO]----------------------------------------------------------------------------------------------------

[2025-02-22 17:13:40;INFO]Current Epoch: 394 / 500 | Learning Rate : 0.00042178276748133906
[2025-02-22 17:13:59;INFO]Train | Loss : 0.002927 | ACC : 3360/3360 (100.000%)
[2025-02-22 17:14:02;INFO]Valid | Loss : 0.002337 | ACC : 1440/1440 (100.000%)
[2025-02-22 17:14:02;INFO]      | Loss didn't drop!

[2025-02-22 17:14:02;INFO]best epoch: 392, best loss: 0.001559
[2025-02-22 17:14:02;INFO]----------------------------------------------------------------------------------------------------

[2025-02-22 17:14:02;INFO]Current Epoch: 395 / 500 | Learning Rate : 0.000975528258150922
[2025-02-22 17:14:21;INFO]Train | Loss : 0.003677 | ACC : 3360/3360 (100.000%)
[2025-02-22 17:14:23;INFO]Valid | Loss : 0.001660 | ACC : 1440/1440 (100.000%)
[2025-02-22 17:14:23;INFO]      | Loss didn't drop!

[2025-02-22 17:14:23;INFO]best epoch: 392, best loss: 0.001559
[2025-02-22 17:14:23;INFO]----------------------------------------------------------------------------------------------------

[2025-02-22 17:14:23;INFO]Current Epoch: 396 / 500 | Learning Rate : 0.0001464466094063159
[2025-02-22 17:14:42;INFO]Train | Loss : 0.003082 | ACC : 3360/3360 (100.000%)
[2025-02-22 17:14:45;INFO]Valid | Loss : 0.003242 | ACC : 1440/1440 (100.000%)
[2025-02-22 17:14:45;INFO]      | Loss didn't drop!

[2025-02-22 17:14:45;INFO]best epoch: 392, best loss: 0.001559
[2025-02-22 17:14:45;INFO]----------------------------------------------------------------------------------------------------

[2025-02-22 17:14:45;INFO]Current Epoch: 397 / 500 | Learning Rate : 0.0003454915028118952
[2025-02-22 17:15:04;INFO]Train | Loss : 0.003534 | ACC : 3360/3360 (100.000%)
[2025-02-22 17:15:07;INFO]Valid | Loss : 0.042123 | ACC : 1417/1440 (98.403%)
[2025-02-22 17:15:07;INFO]      | Loss didn't drop!

[2025-02-22 17:15:07;INFO]best epoch: 392, best loss: 0.001559
[2025-02-22 17:15:07;INFO]----------------------------------------------------------------------------------------------------

[2025-02-22 17:15:07;INFO]Current Epoch: 398 / 500 | Learning Rate : 0.0009938441702986827
[2025-02-22 17:15:26;INFO]Train | Loss : 0.005240 | ACC : 3360/3360 (100.000%)
[2025-02-22 17:15:29;INFO]Valid | Loss : 0.023035 | ACC : 1431/1440 (99.375%)
[2025-02-22 17:15:29;INFO]      | Loss didn't drop!

[2025-02-22 17:15:29;INFO]best epoch: 392, best loss: 0.001559
[2025-02-22 17:15:29;INFO]----------------------------------------------------------------------------------------------------

[2025-02-22 17:15:29;INFO]Current Epoch: 399 / 500 | Learning Rate : 0.00020610737385413385
[2025-02-22 17:15:48;INFO]Train | Loss : 0.003769 | ACC : 3360/3360 (100.000%)
[2025-02-22 17:15:50;INFO]Valid | Loss : 0.010780 | ACC : 1440/1440 (100.000%)
[2025-02-22 17:15:50;INFO]      | Loss didn't drop!

[2025-02-22 17:15:50;INFO]best epoch: 392, best loss: 0.001559
[2025-02-22 17:15:50;INFO]----------------------------------------------------------------------------------------------------

[2025-02-22 17:15:50;INFO]Current Epoch: 400 / 500 | Learning Rate : 0.00027300475013054625
[2025-02-22 17:16:09;INFO]Train | Loss : 0.003549 | ACC : 3360/3360 (100.000%)
[2025-02-22 17:16:12;INFO]Valid | Loss : 0.066229 | ACC : 1402/1440 (97.361%)
[2025-02-22 17:16:12;INFO]      | Loss didn't drop!

[2025-02-22 17:16:12;INFO]best epoch: 392, best loss: 0.001559
[2025-02-22 17:16:12;INFO]----------------------------------------------------------------------------------------------------

[2025-02-22 17:16:12;INFO]Current Epoch: 401 / 500 | Learning Rate : 0.0010000000000016773
[2025-02-22 17:16:31;INFO]Train | Loss : 0.003940 | ACC : 3360/3360 (100.000%)
[2025-02-22 17:16:34;INFO]Valid | Loss : 0.002465 | ACC : 1440/1440 (100.000%)
[2025-02-22 17:16:34;INFO]      | Loss didn't drop!

[2025-02-22 17:16:34;INFO]best epoch: 392, best loss: 0.001559
[2025-02-22 17:16:34;INFO]----------------------------------------------------------------------------------------------------

[2025-02-22 17:16:34;INFO]Current Epoch: 402 / 500 | Learning Rate : 0.0002730047501307768
[2025-02-22 17:16:53;INFO]Train | Loss : 0.003515 | ACC : 3360/3360 (100.000%)
[2025-02-22 17:16:55;INFO]Valid | Loss : 0.002170 | ACC : 1440/1440 (100.000%)
[2025-02-22 17:16:55;INFO]      | Loss didn't drop!

[2025-02-22 17:16:55;INFO]best epoch: 392, best loss: 0.001559
[2025-02-22 17:16:55;INFO]----------------------------------------------------------------------------------------------------

[2025-02-22 17:16:55;INFO]Current Epoch: 403 / 500 | Learning Rate : 0.00020610737385417434
[2025-02-22 17:17:14;INFO]Train | Loss : 0.003420 | ACC : 3360/3360 (100.000%)
[2025-02-22 17:17:17;INFO]Valid | Loss : 0.037239 | ACC : 1419/1440 (98.542%)
[2025-02-22 17:17:17;INFO]      | Loss didn't drop!

[2025-02-22 17:17:17;INFO]best epoch: 392, best loss: 0.001559
[2025-02-22 17:17:17;INFO]----------------------------------------------------------------------------------------------------

[2025-02-22 17:17:17;INFO]Current Epoch: 404 / 500 | Learning Rate : 0.0009938441702969027
[2025-02-22 17:17:36;INFO]Train | Loss : 0.003956 | ACC : 3360/3360 (100.000%)
[2025-02-22 17:17:39;INFO]Valid | Loss : 0.002077 | ACC : 1440/1440 (100.000%)
[2025-02-22 17:17:39;INFO]      | Loss didn't drop!

[2025-02-22 17:17:39;INFO]best epoch: 392, best loss: 0.001559
[2025-02-22 17:17:39;INFO]----------------------------------------------------------------------------------------------------

[2025-02-22 17:17:39;INFO]Current Epoch: 405 / 500 | Learning Rate : 0.00034549150281243987
[2025-02-22 17:17:58;INFO]Train | Loss : 0.003700 | ACC : 3360/3360 (100.000%)
[2025-02-22 17:18:00;INFO]Valid | Loss : 0.002801 | ACC : 1440/1440 (100.000%)
[2025-02-22 17:18:00;INFO]      | Loss didn't drop!

[2025-02-22 17:18:00;INFO]best epoch: 392, best loss: 0.001559
[2025-02-22 17:18:00;INFO]----------------------------------------------------------------------------------------------------

[2025-02-22 17:18:00;INFO]Current Epoch: 406 / 500 | Learning Rate : 0.00014644660940665323
[2025-02-22 17:18:19;INFO]Train | Loss : 0.005173 | ACC : 3359/3360 (99.970%)
[2025-02-22 17:18:22;INFO]Valid | Loss : 0.018498 | ACC : 1439/1440 (99.931%)
[2025-02-22 17:18:22;INFO]      | Loss didn't drop!

[2025-02-22 17:18:22;INFO]best epoch: 392, best loss: 0.001559
[2025-02-22 17:18:22;INFO]----------------------------------------------------------------------------------------------------

[2025-02-22 17:18:22;INFO]Current Epoch: 407 / 500 | Learning Rate : 0.0009755282581474723
[2025-02-22 17:18:41;INFO]Train | Loss : 0.011241 | ACC : 3357/3360 (99.911%)
[2025-02-22 17:18:44;INFO]Valid | Loss : 0.005161 | ACC : 1440/1440 (100.000%)
[2025-02-22 17:18:44;INFO]      | Loss didn't drop!

[2025-02-22 17:18:44;INFO]best epoch: 392, best loss: 0.001559
[2025-02-22 17:18:44;INFO]----------------------------------------------------------------------------------------------------

[2025-02-22 17:18:44;INFO]Current Epoch: 408 / 500 | Learning Rate : 0.00042178276747992206
[2025-02-22 17:19:03;INFO]Train | Loss : 0.007647 | ACC : 3359/3360 (99.970%)
[2025-02-22 17:19:06;INFO]Valid | Loss : 0.281766 | ACC : 1262/1440 (87.639%)
[2025-02-22 17:19:06;INFO]      | Loss didn't drop!

[2025-02-22 17:19:06;INFO]best epoch: 392, best loss: 0.001559
[2025-02-22 17:19:06;INFO]----------------------------------------------------------------------------------------------------

[2025-02-22 17:19:06;INFO]Current Epoch: 409 / 500 | Learning Rate : 9.549150281250943e-05
[2025-02-22 17:19:24;INFO]Train | Loss : 0.003554 | ACC : 3360/3360 (100.000%)
[2025-02-22 17:19:27;INFO]Valid | Loss : 0.025813 | ACC : 1437/1440 (99.792%)
[2025-02-22 17:19:27;INFO]      | Loss didn't drop!

[2025-02-22 17:19:27;INFO]best epoch: 392, best loss: 0.001559
[2025-02-22 17:19:27;INFO]----------------------------------------------------------------------------------------------------

[2025-02-22 17:19:27;INFO]Current Epoch: 410 / 500 | Learning Rate : 0.0009455032620973177
[2025-02-22 17:19:46;INFO]Train | Loss : 0.004621 | ACC : 3360/3360 (100.000%)
[2025-02-22 17:19:49;INFO]Valid | Loss : 0.003123 | ACC : 1440/1440 (100.000%)
[2025-02-22 17:19:49;INFO]      | Loss didn't drop!

[2025-02-22 17:19:49;INFO]best epoch: 392, best loss: 0.001559
[2025-02-22 17:19:49;INFO]----------------------------------------------------------------------------------------------------

[2025-02-22 17:19:49;INFO]Current Epoch: 411 / 500 | Learning Rate : 0.0005000000000017998
[2025-02-22 17:20:08;INFO]Train | Loss : 0.008264 | ACC : 3359/3360 (99.970%)
[2025-02-22 17:20:11;INFO]Valid | Loss : 0.114685 | ACC : 1376/1440 (95.556%)
[2025-02-22 17:20:11;INFO]      | Loss didn't drop!

[2025-02-22 17:20:11;INFO]best epoch: 392, best loss: 0.001559
[2025-02-22 17:20:11;INFO]----------------------------------------------------------------------------------------------------

[2025-02-22 17:20:11;INFO]Current Epoch: 412 / 500 | Learning Rate : 5.4496737906024134e-05
[2025-02-22 17:20:30;INFO]Train | Loss : 0.007333 | ACC : 3359/3360 (99.970%)
[2025-02-22 17:20:32;INFO]Valid | Loss : 0.943344 | ACC : 1328/1440 (92.222%)
[2025-02-22 17:20:32;INFO]      | Loss didn't drop!

[2025-02-22 17:20:32;INFO]best epoch: 392, best loss: 0.001559
[2025-02-22 17:20:32;INFO]----------------------------------------------------------------------------------------------------

[2025-02-22 17:20:32;INFO]Current Epoch: 413 / 500 | Learning Rate : 0.000904508497185784
[2025-02-22 17:20:51;INFO]Train | Loss : 0.017832 | ACC : 3356/3360 (99.881%)
[2025-02-22 17:20:54;INFO]Valid | Loss : 1.826400 | ACC : 971/1440 (67.431%)
[2025-02-22 17:20:54;INFO]      | Loss didn't drop!

[2025-02-22 17:20:54;INFO]best epoch: 392, best loss: 0.001559
[2025-02-22 17:20:54;INFO]----------------------------------------------------------------------------------------------------

[2025-02-22 17:20:54;INFO]Current Epoch: 414 / 500 | Learning Rate : 0.0005782172325208781
[2025-02-22 17:21:13;INFO]Train | Loss : 0.012900 | ACC : 3358/3360 (99.940%)
[2025-02-22 17:21:16;INFO]Valid | Loss : 0.059395 | ACC : 1408/1440 (97.778%)
[2025-02-22 17:21:16;INFO]      | Loss didn't drop!

[2025-02-22 17:21:16;INFO]best epoch: 392, best loss: 0.001559
[2025-02-22 17:21:16;INFO]----------------------------------------------------------------------------------------------------

[2025-02-22 17:21:16;INFO]Current Epoch: 415 / 500 | Learning Rate : 2.4471741852452366e-05
[2025-02-22 17:21:35;INFO]Train | Loss : 0.005198 | ACC : 3360/3360 (100.000%)
[2025-02-22 17:21:37;INFO]Valid | Loss : 0.941128 | ACC : 1112/1440 (77.222%)
[2025-02-22 17:21:37;INFO]      | Loss didn't drop!

[2025-02-22 17:21:37;INFO]best epoch: 392, best loss: 0.001559
[2025-02-22 17:21:37;INFO]----------------------------------------------------------------------------------------------------

[2025-02-22 17:21:37;INFO]Current Epoch: 416 / 500 | Learning Rate : 0.0008535533905945972
[2025-02-22 17:21:56;INFO]Train | Loss : 0.004626 | ACC : 3360/3360 (100.000%)
[2025-02-22 17:21:59;INFO]Valid | Loss : 0.002432 | ACC : 1440/1440 (100.000%)
[2025-02-22 17:21:59;INFO]      | Loss didn't drop!

[2025-02-22 17:21:59;INFO]best epoch: 392, best loss: 0.001559
[2025-02-22 17:21:59;INFO]----------------------------------------------------------------------------------------------------

[2025-02-22 17:21:59;INFO]Current Epoch: 417 / 500 | Learning Rate : 0.0006545084971886078
[2025-02-22 17:22:18;INFO]Train | Loss : 0.025205 | ACC : 3343/3360 (99.494%)
[2025-02-22 17:22:21;INFO]Valid | Loss : 0.120669 | ACC : 1362/1440 (94.583%)
[2025-02-22 17:22:21;INFO]      | Loss didn't drop!

[2025-02-22 17:22:21;INFO]best epoch: 392, best loss: 0.001559
[2025-02-22 17:22:21;INFO]----------------------------------------------------------------------------------------------------

[2025-02-22 17:22:21;INFO]Current Epoch: 418 / 500 | Learning Rate : 6.155829702454096e-06
[2025-02-22 17:22:40;INFO]Train | Loss : 0.009489 | ACC : 3360/3360 (100.000%)
[2025-02-22 17:22:42;INFO]Valid | Loss : 0.016975 | ACC : 1440/1440 (100.000%)
[2025-02-22 17:22:42;INFO]      | Loss didn't drop!

[2025-02-22 17:22:42;INFO]best epoch: 392, best loss: 0.001559
[2025-02-22 17:22:42;INFO]----------------------------------------------------------------------------------------------------

[2025-02-22 17:22:42;INFO]Current Epoch: 419 / 500 | Learning Rate : 0.0007938926261478818
[2025-02-22 17:23:01;INFO]Train | Loss : 0.005602 | ACC : 3360/3360 (100.000%)
[2025-02-22 17:23:04;INFO]Valid | Loss : 0.053500 | ACC : 1414/1440 (98.194%)
[2025-02-22 17:23:04;INFO]      | Loss didn't drop!

[2025-02-22 17:23:04;INFO]best epoch: 392, best loss: 0.001559
[2025-02-22 17:23:04;INFO]----------------------------------------------------------------------------------------------------

[2025-02-22 17:23:04;INFO]Current Epoch: 420 / 500 | Learning Rate : 0.0007269952498693723
[2025-02-22 17:23:23;INFO]Train | Loss : 0.014801 | ACC : 3354/3360 (99.821%)
[2025-02-22 17:23:26;INFO]Valid | Loss : 0.028932 | ACC : 1429/1440 (99.236%)
[2025-02-22 17:23:26;INFO]      | Loss didn't drop!

[2025-02-22 17:23:26;INFO]best epoch: 392, best loss: 0.001559
[2025-02-22 17:23:26;INFO]----------------------------------------------------------------------------------------------------

[2025-02-22 17:23:26;INFO]Current Epoch: 421 / 500 | Learning Rate : 0.0
[2025-02-22 17:23:45;INFO]Train | Loss : 0.007612 | ACC : 3360/3360 (100.000%)
[2025-02-22 17:23:48;INFO]Valid | Loss : 0.391018 | ACC : 1244/1440 (86.389%)
[2025-02-22 17:23:48;INFO]      | Loss didn't drop!

[2025-02-22 17:23:48;INFO]best epoch: 392, best loss: 0.001559
[2025-02-22 17:23:48;INFO]----------------------------------------------------------------------------------------------------

[2025-02-22 17:23:48;INFO]Current Epoch: 422 / 500 | Learning Rate : 0.0007269952498696464
[2025-02-22 17:24:07;INFO]Train | Loss : 0.004920 | ACC : 3360/3360 (100.000%)
[2025-02-22 17:24:09;INFO]Valid | Loss : 0.003555 | ACC : 1440/1440 (100.000%)
[2025-02-22 17:24:09;INFO]      | Loss didn't drop!

[2025-02-22 17:24:09;INFO]best epoch: 392, best loss: 0.001559
[2025-02-22 17:24:09;INFO]----------------------------------------------------------------------------------------------------

[2025-02-22 17:24:09;INFO]Current Epoch: 423 / 500 | Learning Rate : 0.0007938926261461641
[2025-02-22 17:24:28;INFO]Train | Loss : 0.005035 | ACC : 3360/3360 (100.000%)
[2025-02-22 17:24:31;INFO]Valid | Loss : 0.002645 | ACC : 1440/1440 (100.000%)
[2025-02-22 17:24:31;INFO]      | Loss didn't drop!

[2025-02-22 17:24:31;INFO]best epoch: 392, best loss: 0.001559
[2025-02-22 17:24:31;INFO]----------------------------------------------------------------------------------------------------

[2025-02-22 17:24:31;INFO]Current Epoch: 424 / 500 | Learning Rate : 6.155829702431115e-06
[2025-02-22 17:24:50;INFO]Train | Loss : 0.004713 | ACC : 3360/3360 (100.000%)
[2025-02-22 17:24:53;INFO]Valid | Loss : 0.055598 | ACC : 1406/1440 (97.639%)
[2025-02-22 17:24:53;INFO]      | Loss didn't drop!

[2025-02-22 17:24:53;INFO]best epoch: 392, best loss: 0.001559
[2025-02-22 17:24:53;INFO]----------------------------------------------------------------------------------------------------

[2025-02-22 17:24:53;INFO]Current Epoch: 425 / 500 | Learning Rate : 0.0006545084971876988
[2025-02-22 17:25:12;INFO]Train | Loss : 0.003655 | ACC : 3360/3360 (100.000%)
[2025-02-22 17:25:14;INFO]Valid | Loss : 0.002915 | ACC : 1440/1440 (100.000%)
[2025-02-22 17:25:14;INFO]      | Loss didn't drop!

[2025-02-22 17:25:14;INFO]best epoch: 392, best loss: 0.001559
[2025-02-22 17:25:14;INFO]----------------------------------------------------------------------------------------------------

[2025-02-22 17:25:14;INFO]Current Epoch: 426 / 500 | Learning Rate : 0.0008535533905961748
[2025-02-22 17:25:33;INFO]Train | Loss : 0.002637 | ACC : 3360/3360 (100.000%)
[2025-02-22 17:25:36;INFO]Valid | Loss : 0.001471 | ACC : 1440/1440 (100.000%)
[2025-02-22 17:25:36;INFO]      | Loss dropped from 0.001559 to 0.001471, model has been saved!

[2025-02-22 17:25:36;INFO]best epoch: 426, best loss: 0.001471
[2025-02-22 17:25:36;INFO]----------------------------------------------------------------------------------------------------

[2025-02-22 17:25:36;INFO]Current Epoch: 427 / 500 | Learning Rate : 2.447174185248562e-05
[2025-02-22 17:25:55;INFO]Train | Loss : 0.002711 | ACC : 3360/3360 (100.000%)
[2025-02-22 17:25:58;INFO]Valid | Loss : 0.013249 | ACC : 1440/1440 (100.000%)
[2025-02-22 17:25:58;INFO]      | Loss didn't drop!

[2025-02-22 17:25:58;INFO]best epoch: 426, best loss: 0.001471
[2025-02-22 17:25:58;INFO]----------------------------------------------------------------------------------------------------

[2025-02-22 17:25:58;INFO]Current Epoch: 428 / 500 | Learning Rate : 0.0005782172325223874
[2025-02-22 17:26:17;INFO]Train | Loss : 0.003490 | ACC : 3360/3360 (100.000%)
[2025-02-22 17:26:20;INFO]Valid | Loss : 0.031565 | ACC : 1422/1440 (98.750%)
[2025-02-22 17:26:20;INFO]      | Loss didn't drop!

[2025-02-22 17:26:20;INFO]best epoch: 426, best loss: 0.001471
[2025-02-22 17:26:20;INFO]----------------------------------------------------------------------------------------------------

[2025-02-22 17:26:20;INFO]Current Epoch: 429 / 500 | Learning Rate : 0.0009045084971858473
[2025-02-22 17:26:39;INFO]Train | Loss : 0.003026 | ACC : 3360/3360 (100.000%)
[2025-02-22 17:26:41;INFO]Valid | Loss : 0.001721 | ACC : 1440/1440 (100.000%)
[2025-02-22 17:26:41;INFO]      | Loss didn't drop!

[2025-02-22 17:26:41;INFO]best epoch: 426, best loss: 0.001471
[2025-02-22 17:26:41;INFO]----------------------------------------------------------------------------------------------------

[2025-02-22 17:26:41;INFO]Current Epoch: 430 / 500 | Learning Rate : 5.449673790586366e-05
[2025-02-22 17:27:00;INFO]Train | Loss : 0.003915 | ACC : 3360/3360 (100.000%)
[2025-02-22 17:27:03;INFO]Valid | Loss : 0.146620 | ACC : 1350/1440 (93.750%)
[2025-02-22 17:27:03;INFO]      | Loss didn't drop!

[2025-02-22 17:27:03;INFO]best epoch: 426, best loss: 0.001471
[2025-02-22 17:27:03;INFO]----------------------------------------------------------------------------------------------------

[2025-02-22 17:27:03;INFO]Current Epoch: 431 / 500 | Learning Rate : 0.0005000000000007779
[2025-02-22 17:27:22;INFO]Train | Loss : 0.008453 | ACC : 3355/3360 (99.851%)
[2025-02-22 17:27:25;INFO]Valid | Loss : 1.980025 | ACC : 898/1440 (62.361%)
[2025-02-22 17:27:25;INFO]      | Loss didn't drop!

[2025-02-22 17:27:25;INFO]best epoch: 426, best loss: 0.001471
[2025-02-22 17:27:25;INFO]----------------------------------------------------------------------------------------------------

[2025-02-22 17:27:25;INFO]Current Epoch: 432 / 500 | Learning Rate : 0.000945503262095701
[2025-02-22 17:27:44;INFO]Train | Loss : 0.006312 | ACC : 3360/3360 (100.000%)
[2025-02-22 17:27:46;INFO]Valid | Loss : 0.024224 | ACC : 1432/1440 (99.444%)
[2025-02-22 17:27:46;INFO]      | Loss didn't drop!

[2025-02-22 17:27:46;INFO]best epoch: 426, best loss: 0.001471
[2025-02-22 17:27:46;INFO]----------------------------------------------------------------------------------------------------

[2025-02-22 17:27:46;INFO]Current Epoch: 433 / 500 | Learning Rate : 9.549150281262695e-05
[2025-02-22 17:28:05;INFO]Train | Loss : 0.003546 | ACC : 3360/3360 (100.000%)
[2025-02-22 17:28:08;INFO]Valid | Loss : 0.114650 | ACC : 1363/1440 (94.653%)
[2025-02-22 17:28:08;INFO]      | Loss didn't drop!

[2025-02-22 17:28:08;INFO]best epoch: 426, best loss: 0.001471
[2025-02-22 17:28:08;INFO]----------------------------------------------------------------------------------------------------

[2025-02-22 17:28:08;INFO]Current Epoch: 434 / 500 | Learning Rate : 0.0004217827674807535
[2025-02-22 17:28:27;INFO]Train | Loss : 0.005480 | ACC : 3359/3360 (99.970%)
[2025-02-22 17:28:30;INFO]Valid | Loss : 0.788817 | ACC : 1250/1440 (86.806%)
[2025-02-22 17:28:30;INFO]      | Loss didn't drop!

[2025-02-22 17:28:30;INFO]best epoch: 426, best loss: 0.001471
[2025-02-22 17:28:30;INFO]----------------------------------------------------------------------------------------------------

[2025-02-22 17:28:30;INFO]Current Epoch: 435 / 500 | Learning Rate : 0.0009755282581496974
[2025-02-22 17:28:49;INFO]Train | Loss : 0.027642 | ACC : 3342/3360 (99.464%)
[2025-02-22 17:28:52;INFO]Valid | Loss : 0.051441 | ACC : 1418/1440 (98.472%)
[2025-02-22 17:28:52;INFO]      | Loss didn't drop!

[2025-02-22 17:28:52;INFO]best epoch: 426, best loss: 0.001471
[2025-02-22 17:28:52;INFO]----------------------------------------------------------------------------------------------------

[2025-02-22 17:28:52;INFO]Current Epoch: 436 / 500 | Learning Rate : 0.00014644660940658767
[2025-02-22 17:29:11;INFO]Train | Loss : 0.007328 | ACC : 3360/3360 (100.000%)
[2025-02-22 17:29:13;INFO]Valid | Loss : 0.273076 | ACC : 1286/1440 (89.306%)
[2025-02-22 17:29:13;INFO]      | Loss didn't drop!

[2025-02-22 17:29:13;INFO]best epoch: 426, best loss: 0.001471
[2025-02-22 17:29:13;INFO]----------------------------------------------------------------------------------------------------

[2025-02-22 17:29:13;INFO]Current Epoch: 437 / 500 | Learning Rate : 0.00034549150281251376
[2025-02-22 17:29:32;INFO]Train | Loss : 0.004787 | ACC : 3360/3360 (100.000%)
[2025-02-22 17:29:35;INFO]Valid | Loss : 0.052778 | ACC : 1410/1440 (97.917%)
[2025-02-22 17:29:35;INFO]      | Loss didn't drop!

[2025-02-22 17:29:35;INFO]best epoch: 426, best loss: 0.001471
[2025-02-22 17:29:35;INFO]----------------------------------------------------------------------------------------------------

[2025-02-22 17:29:35;INFO]Current Epoch: 438 / 500 | Learning Rate : 0.0009938441702974088
[2025-02-22 17:29:54;INFO]Train | Loss : 0.006129 | ACC : 3358/3360 (99.940%)
[2025-02-22 17:29:57;INFO]Valid | Loss : 0.002398 | ACC : 1440/1440 (100.000%)
[2025-02-22 17:29:57;INFO]      | Loss didn't drop!

[2025-02-22 17:29:57;INFO]best epoch: 426, best loss: 0.001471
[2025-02-22 17:29:57;INFO]----------------------------------------------------------------------------------------------------

[2025-02-22 17:29:57;INFO]Current Epoch: 439 / 500 | Learning Rate : 0.00020610737385372822
[2025-02-22 17:30:16;INFO]Train | Loss : 0.019626 | ACC : 3352/3360 (99.762%)
[2025-02-22 17:30:18;INFO]Valid | Loss : 1.368986 | ACC : 1039/1440 (72.153%)
[2025-02-22 17:30:18;INFO]      | Loss didn't drop!

[2025-02-22 17:30:18;INFO]best epoch: 426, best loss: 0.001471
[2025-02-22 17:30:18;INFO]----------------------------------------------------------------------------------------------------

[2025-02-22 17:30:18;INFO]Current Epoch: 440 / 500 | Learning Rate : 0.0002730047501302558
[2025-02-22 17:30:37;INFO]Train | Loss : 0.013498 | ACC : 3358/3360 (99.940%)
[2025-02-22 17:30:40;INFO]Valid | Loss : 2.628869 | ACC : 684/1440 (47.500%)
[2025-02-22 17:30:40;INFO]      | Loss didn't drop!

[2025-02-22 17:30:40;INFO]best epoch: 426, best loss: 0.001471
[2025-02-22 17:30:40;INFO]----------------------------------------------------------------------------------------------------

[2025-02-22 17:30:40;INFO]Current Epoch: 441 / 500 | Learning Rate : 0.0010000000000004144
[2025-02-22 17:30:59;INFO]Train | Loss : 0.008535 | ACC : 3360/3360 (100.000%)
[2025-02-22 17:31:02;INFO]Valid | Loss : 0.003790 | ACC : 1440/1440 (100.000%)
[2025-02-22 17:31:02;INFO]      | Loss didn't drop!

[2025-02-22 17:31:02;INFO]best epoch: 426, best loss: 0.001471
[2025-02-22 17:31:02;INFO]----------------------------------------------------------------------------------------------------

[2025-02-22 17:31:02;INFO]Current Epoch: 442 / 500 | Learning Rate : 0.0002730047501312621
[2025-02-22 17:31:21;INFO]Train | Loss : 0.005084 | ACC : 3360/3360 (100.000%)
[2025-02-22 17:31:23;INFO]Valid | Loss : 0.010070 | ACC : 1440/1440 (100.000%)
[2025-02-22 17:31:23;INFO]      | Loss didn't drop!

[2025-02-22 17:31:23;INFO]best epoch: 426, best loss: 0.001471
[2025-02-22 17:31:23;INFO]----------------------------------------------------------------------------------------------------

[2025-02-22 17:31:23;INFO]Current Epoch: 443 / 500 | Learning Rate : 0.00020610737385446645
[2025-02-22 17:31:42;INFO]Train | Loss : 0.004071 | ACC : 3360/3360 (100.000%)
[2025-02-22 17:31:45;INFO]Valid | Loss : 0.002151 | ACC : 1440/1440 (100.000%)
[2025-02-22 17:31:45;INFO]      | Loss didn't drop!

[2025-02-22 17:31:45;INFO]best epoch: 426, best loss: 0.001471
[2025-02-22 17:31:45;INFO]----------------------------------------------------------------------------------------------------

[2025-02-22 17:31:45;INFO]Current Epoch: 444 / 500 | Learning Rate : 0.0009938441702956485
[2025-02-22 17:32:04;INFO]Train | Loss : 0.004755 | ACC : 3360/3360 (100.000%)
[2025-02-22 17:32:07;INFO]Valid | Loss : 0.001956 | ACC : 1440/1440 (100.000%)
[2025-02-22 17:32:07;INFO]      | Loss didn't drop!

[2025-02-22 17:32:07;INFO]best epoch: 426, best loss: 0.001471
[2025-02-22 17:32:07;INFO]----------------------------------------------------------------------------------------------------

[2025-02-22 17:32:07;INFO]Current Epoch: 445 / 500 | Learning Rate : 0.00034549150281194005
[2025-02-22 17:32:26;INFO]Train | Loss : 0.006377 | ACC : 3359/3360 (99.970%)
[2025-02-22 17:32:28;INFO]Valid | Loss : 0.213167 | ACC : 1307/1440 (90.764%)
[2025-02-22 17:32:28;INFO]      | Loss didn't drop!

[2025-02-22 17:32:28;INFO]best epoch: 426, best loss: 0.001471
[2025-02-22 17:32:28;INFO]----------------------------------------------------------------------------------------------------

[2025-02-22 17:32:28;INFO]Current Epoch: 446 / 500 | Learning Rate : 0.00014644660940643168
[2025-02-22 17:32:47;INFO]Train | Loss : 0.003893 | ACC : 3360/3360 (100.000%)
[2025-02-22 17:32:50;INFO]Valid | Loss : 0.012771 | ACC : 1439/1440 (99.931%)
[2025-02-22 17:32:50;INFO]      | Loss didn't drop!

[2025-02-22 17:32:50;INFO]best epoch: 426, best loss: 0.001471
[2025-02-22 17:32:50;INFO]----------------------------------------------------------------------------------------------------

[2025-02-22 17:32:50;INFO]Current Epoch: 447 / 500 | Learning Rate : 0.0009755282581490317
[2025-02-22 17:33:09;INFO]Train | Loss : 0.007492 | ACC : 3358/3360 (99.940%)
[2025-02-22 17:33:12;INFO]Valid | Loss : 0.006043 | ACC : 1440/1440 (100.000%)
[2025-02-22 17:33:12;INFO]      | Loss didn't drop!

[2025-02-22 17:33:12;INFO]best epoch: 426, best loss: 0.001471
[2025-02-22 17:33:12;INFO]----------------------------------------------------------------------------------------------------

[2025-02-22 17:33:12;INFO]Current Epoch: 448 / 500 | Learning Rate : 0.00042178276748065617
[2025-02-22 17:33:31;INFO]Train | Loss : 0.004752 | ACC : 3360/3360 (100.000%)
[2025-02-22 17:33:33;INFO]Valid | Loss : 0.007568 | ACC : 1440/1440 (100.000%)
[2025-02-22 17:33:33;INFO]      | Loss didn't drop!

[2025-02-22 17:33:33;INFO]best epoch: 426, best loss: 0.001471
[2025-02-22 17:33:33;INFO]----------------------------------------------------------------------------------------------------

[2025-02-22 17:33:33;INFO]Current Epoch: 449 / 500 | Learning Rate : 9.549150281270193e-05
[2025-02-22 17:33:52;INFO]Train | Loss : 0.003000 | ACC : 3360/3360 (100.000%)
[2025-02-22 17:33:55;INFO]Valid | Loss : 0.002369 | ACC : 1440/1440 (100.000%)
[2025-02-22 17:33:55;INFO]      | Loss didn't drop!

[2025-02-22 17:33:55;INFO]best epoch: 426, best loss: 0.001471
[2025-02-22 17:33:55;INFO]----------------------------------------------------------------------------------------------------

[2025-02-22 17:33:55;INFO]Current Epoch: 450 / 500 | Learning Rate : 0.0009455032620961439
[2025-02-22 17:34:14;INFO]Train | Loss : 0.002721 | ACC : 3360/3360 (100.000%)
[2025-02-22 17:34:17;INFO]Valid | Loss : 0.001291 | ACC : 1440/1440 (100.000%)
[2025-02-22 17:34:17;INFO]      | Loss dropped from 0.001471 to 0.001291, model has been saved!

[2025-02-22 17:34:17;INFO]best epoch: 450, best loss: 0.001291
[2025-02-22 17:34:17;INFO]----------------------------------------------------------------------------------------------------

[2025-02-22 17:34:17;INFO]Current Epoch: 451 / 500 | Learning Rate : 0.0005000000000012141
[2025-02-22 17:34:36;INFO]Train | Loss : 0.002562 | ACC : 3360/3360 (100.000%)
[2025-02-22 17:34:39;INFO]Valid | Loss : 0.001208 | ACC : 1440/1440 (100.000%)
[2025-02-22 17:34:39;INFO]      | Loss dropped from 0.001291 to 0.001208, model has been saved!

[2025-02-22 17:34:39;INFO]best epoch: 451, best loss: 0.001208
[2025-02-22 17:34:39;INFO]----------------------------------------------------------------------------------------------------

[2025-02-22 17:34:39;INFO]Current Epoch: 452 / 500 | Learning Rate : 5.449673790593218e-05
[2025-02-22 17:34:57;INFO]Train | Loss : 0.002085 | ACC : 3360/3360 (100.000%)
[2025-02-22 17:35:00;INFO]Valid | Loss : 0.001861 | ACC : 1440/1440 (100.000%)
[2025-02-22 17:35:00;INFO]      | Loss didn't drop!

[2025-02-22 17:35:00;INFO]best epoch: 451, best loss: 0.001208
[2025-02-22 17:35:00;INFO]----------------------------------------------------------------------------------------------------

[2025-02-22 17:35:00;INFO]Current Epoch: 453 / 500 | Learning Rate : 0.0009045084971872147
[2025-02-22 17:35:19;INFO]Train | Loss : 0.002740 | ACC : 3360/3360 (100.000%)
[2025-02-22 17:35:22;INFO]Valid | Loss : 0.000985 | ACC : 1440/1440 (100.000%)
[2025-02-22 17:35:22;INFO]      | Loss dropped from 0.001208 to 0.000985, model has been saved!

[2025-02-22 17:35:22;INFO]best epoch: 453, best loss: 0.000985
[2025-02-22 17:35:22;INFO]----------------------------------------------------------------------------------------------------

[2025-02-22 17:35:22;INFO]Current Epoch: 454 / 500 | Learning Rate : 0.0005782172325200799
[2025-02-22 17:35:41;INFO]Train | Loss : 0.001962 | ACC : 3360/3360 (100.000%)
[2025-02-22 17:35:44;INFO]Valid | Loss : 0.001085 | ACC : 1440/1440 (100.000%)
[2025-02-22 17:35:44;INFO]      | Loss didn't drop!

[2025-02-22 17:35:44;INFO]best epoch: 453, best loss: 0.000985
[2025-02-22 17:35:44;INFO]----------------------------------------------------------------------------------------------------

[2025-02-22 17:35:44;INFO]Current Epoch: 455 / 500 | Learning Rate : 2.4471741852440887e-05
[2025-02-22 17:36:03;INFO]Train | Loss : 0.001917 | ACC : 3360/3360 (100.000%)
[2025-02-22 17:36:05;INFO]Valid | Loss : 0.001164 | ACC : 1440/1440 (100.000%)
[2025-02-22 17:36:05;INFO]      | Loss didn't drop!

[2025-02-22 17:36:05;INFO]best epoch: 453, best loss: 0.000985
[2025-02-22 17:36:05;INFO]----------------------------------------------------------------------------------------------------

[2025-02-22 17:36:05;INFO]Current Epoch: 456 / 500 | Learning Rate : 0.0008535533905934766
[2025-02-22 17:36:24;INFO]Train | Loss : 0.006083 | ACC : 3359/3360 (99.970%)
[2025-02-22 17:36:27;INFO]Valid | Loss : 0.007601 | ACC : 1439/1440 (99.931%)
[2025-02-22 17:36:27;INFO]      | Loss didn't drop!

[2025-02-22 17:36:27;INFO]best epoch: 453, best loss: 0.000985
[2025-02-22 17:36:27;INFO]----------------------------------------------------------------------------------------------------

[2025-02-22 17:36:27;INFO]Current Epoch: 457 / 500 | Learning Rate : 0.0006545084971878235
[2025-02-22 17:36:46;INFO]Train | Loss : 0.019332 | ACC : 3356/3360 (99.881%)
[2025-02-22 17:36:49;INFO]Valid | Loss : 0.261989 | ACC : 1321/1440 (91.736%)
[2025-02-22 17:36:49;INFO]      | Loss didn't drop!

[2025-02-22 17:36:49;INFO]best epoch: 453, best loss: 0.000985
[2025-02-22 17:36:49;INFO]----------------------------------------------------------------------------------------------------

[2025-02-22 17:36:49;INFO]Current Epoch: 458 / 500 | Learning Rate : 6.155829702438447e-06
[2025-02-22 17:37:08;INFO]Train | Loss : 0.008945 | ACC : 3359/3360 (99.970%)
[2025-02-22 17:37:10;INFO]Valid | Loss : 0.533873 | ACC : 1186/1440 (82.361%)
[2025-02-22 17:37:10;INFO]      | Loss didn't drop!

[2025-02-22 17:37:10;INFO]best epoch: 453, best loss: 0.000985
[2025-02-22 17:37:10;INFO]----------------------------------------------------------------------------------------------------

[2025-02-22 17:37:10;INFO]Current Epoch: 459 / 500 | Learning Rate : 0.0007938926261492144
[2025-02-22 17:37:29;INFO]Train | Loss : 0.014017 | ACC : 3353/3360 (99.792%)
[2025-02-22 17:37:32;INFO]Valid | Loss : 0.077211 | ACC : 1395/1440 (96.875%)
[2025-02-22 17:37:32;INFO]      | Loss didn't drop!

[2025-02-22 17:37:32;INFO]best epoch: 453, best loss: 0.000985
[2025-02-22 17:37:32;INFO]----------------------------------------------------------------------------------------------------

[2025-02-22 17:37:32;INFO]Current Epoch: 460 / 500 | Learning Rate : 0.0007269952498683909
[2025-02-22 17:37:51;INFO]Train | Loss : 0.022309 | ACC : 3348/3360 (99.643%)
[2025-02-22 17:37:54;INFO]Valid | Loss : 0.758795 | ACC : 1153/1440 (80.069%)
[2025-02-22 17:37:54;INFO]      | Loss didn't drop!

[2025-02-22 17:37:54;INFO]best epoch: 453, best loss: 0.000985
[2025-02-22 17:37:54;INFO]----------------------------------------------------------------------------------------------------

[2025-02-22 17:37:54;INFO]Current Epoch: 461 / 500 | Learning Rate : 0.0
[2025-02-22 17:38:13;INFO]Train | Loss : 0.008874 | ACC : 3358/3360 (99.940%)
[2025-02-22 17:38:15;INFO]Valid | Loss : 2.169602 | ACC : 771/1440 (53.542%)
[2025-02-22 17:38:15;INFO]      | Loss didn't drop!

[2025-02-22 17:38:15;INFO]best epoch: 453, best loss: 0.000985
[2025-02-22 17:38:15;INFO]----------------------------------------------------------------------------------------------------

[2025-02-22 17:38:15;INFO]Current Epoch: 462 / 500 | Learning Rate : 0.0007269952498686775
[2025-02-22 17:38:34;INFO]Train | Loss : 0.005871 | ACC : 3359/3360 (99.970%)
[2025-02-22 17:38:37;INFO]Valid | Loss : 0.009453 | ACC : 1439/1440 (99.931%)
[2025-02-22 17:38:37;INFO]      | Loss didn't drop!

[2025-02-22 17:38:37;INFO]best epoch: 453, best loss: 0.000985
[2025-02-22 17:38:37;INFO]----------------------------------------------------------------------------------------------------

[2025-02-22 17:38:37;INFO]Current Epoch: 463 / 500 | Learning Rate : 0.0007938926261474937
[2025-02-22 17:38:56;INFO]Train | Loss : 0.006485 | ACC : 3358/3360 (99.940%)
[2025-02-22 17:38:59;INFO]Valid | Loss : 0.004490 | ACC : 1440/1440 (100.000%)
[2025-02-22 17:38:59;INFO]      | Loss didn't drop!

[2025-02-22 17:38:59;INFO]best epoch: 453, best loss: 0.000985
[2025-02-22 17:38:59;INFO]----------------------------------------------------------------------------------------------------

[2025-02-22 17:38:59;INFO]Current Epoch: 464 / 500 | Learning Rate : 6.155829702431115e-06
[2025-02-22 17:39:18;INFO]Train | Loss : 0.005387 | ACC : 3360/3360 (100.000%)
[2025-02-22 17:39:20;INFO]Valid | Loss : 0.009205 | ACC : 1438/1440 (99.861%)
[2025-02-22 17:39:20;INFO]      | Loss didn't drop!

[2025-02-22 17:39:20;INFO]best epoch: 453, best loss: 0.000985
[2025-02-22 17:39:20;INFO]----------------------------------------------------------------------------------------------------

[2025-02-22 17:39:20;INFO]Current Epoch: 465 / 500 | Learning Rate : 0.0006545084971888161
[2025-02-22 17:39:39;INFO]Train | Loss : 0.005939 | ACC : 3359/3360 (99.970%)
[2025-02-22 17:39:42;INFO]Valid | Loss : 0.040921 | ACC : 1416/1440 (98.333%)
[2025-02-22 17:39:42;INFO]      | Loss didn't drop!

[2025-02-22 17:39:42;INFO]best epoch: 453, best loss: 0.000985
[2025-02-22 17:39:42;INFO]----------------------------------------------------------------------------------------------------

[2025-02-22 17:39:42;INFO]Current Epoch: 466 / 500 | Learning Rate : 0.0008535533905951254
[2025-02-22 17:40:01;INFO]Train | Loss : 0.008880 | ACC : 3358/3360 (99.940%)
[2025-02-22 17:40:04;INFO]Valid | Loss : 0.004156 | ACC : 1440/1440 (100.000%)
[2025-02-22 17:40:04;INFO]      | Loss didn't drop!

[2025-02-22 17:40:04;INFO]best epoch: 453, best loss: 0.000985
[2025-02-22 17:40:04;INFO]----------------------------------------------------------------------------------------------------

[2025-02-22 17:40:04;INFO]Current Epoch: 467 / 500 | Learning Rate : 2.4471741852469937e-05
[2025-02-22 17:40:23;INFO]Train | Loss : 0.009507 | ACC : 3355/3360 (99.851%)
[2025-02-22 17:40:25;INFO]Valid | Loss : 0.111463 | ACC : 1369/1440 (95.069%)
[2025-02-22 17:40:25;INFO]      | Loss didn't drop!

[2025-02-22 17:40:25;INFO]best epoch: 453, best loss: 0.000985
[2025-02-22 17:40:25;INFO]----------------------------------------------------------------------------------------------------

[2025-02-22 17:40:25;INFO]Current Epoch: 468 / 500 | Learning Rate : 0.000578217232521603
[2025-02-22 17:40:44;INFO]Train | Loss : 0.007428 | ACC : 3358/3360 (99.940%)
[2025-02-22 17:40:47;INFO]Valid | Loss : 0.483698 | ACC : 1278/1440 (88.750%)
[2025-02-22 17:40:47;INFO]      | Loss didn't drop!

[2025-02-22 17:40:47;INFO]best epoch: 453, best loss: 0.000985
[2025-02-22 17:40:47;INFO]----------------------------------------------------------------------------------------------------

[2025-02-22 17:40:47;INFO]Current Epoch: 469 / 500 | Learning Rate : 0.0009045084971872698
[2025-02-22 17:41:06;INFO]Train | Loss : 0.013397 | ACC : 3353/3360 (99.792%)
[2025-02-22 17:41:09;INFO]Valid | Loss : 0.008445 | ACC : 1440/1440 (100.000%)
[2025-02-22 17:41:09;INFO]      | Loss didn't drop!

[2025-02-22 17:41:09;INFO]best epoch: 453, best loss: 0.000985
[2025-02-22 17:41:09;INFO]----------------------------------------------------------------------------------------------------

[2025-02-22 17:41:09;INFO]Current Epoch: 470 / 500 | Learning Rate : 5.449673790576544e-05
[2025-02-22 17:41:28;INFO]Train | Loss : 0.004897 | ACC : 3360/3360 (100.000%)
[2025-02-22 17:41:30;INFO]Valid | Loss : 0.280606 | ACC : 1345/1440 (93.403%)
[2025-02-22 17:41:30;INFO]      | Loss didn't drop!

[2025-02-22 17:41:30;INFO]best epoch: 453, best loss: 0.000985
[2025-02-22 17:41:30;INFO]----------------------------------------------------------------------------------------------------

[2025-02-22 17:41:30;INFO]Current Epoch: 471 / 500 | Learning Rate : 0.0005000000000000921
[2025-02-22 17:41:49;INFO]Train | Loss : 0.003438 | ACC : 3360/3360 (100.000%)
[2025-02-22 17:41:52;INFO]Valid | Loss : 0.008720 | ACC : 1440/1440 (100.000%)
[2025-02-22 17:41:52;INFO]      | Loss didn't drop!

[2025-02-22 17:41:52;INFO]best epoch: 453, best loss: 0.000985
[2025-02-22 17:41:52;INFO]----------------------------------------------------------------------------------------------------

[2025-02-22 17:41:52;INFO]Current Epoch: 472 / 500 | Learning Rate : 0.000945503262094521
[2025-02-22 17:42:11;INFO]Train | Loss : 0.002649 | ACC : 3360/3360 (100.000%)
[2025-02-22 17:42:14;INFO]Valid | Loss : 0.001423 | ACC : 1440/1440 (100.000%)
[2025-02-22 17:42:14;INFO]      | Loss didn't drop!

[2025-02-22 17:42:14;INFO]best epoch: 453, best loss: 0.000985
[2025-02-22 17:42:14;INFO]----------------------------------------------------------------------------------------------------

[2025-02-22 17:42:14;INFO]Current Epoch: 473 / 500 | Learning Rate : 9.54915028125349e-05
[2025-02-22 17:42:33;INFO]Train | Loss : 0.003176 | ACC : 3360/3360 (100.000%)
[2025-02-22 17:42:35;INFO]Valid | Loss : 0.002059 | ACC : 1440/1440 (100.000%)
[2025-02-22 17:42:35;INFO]      | Loss didn't drop!

[2025-02-22 17:42:35;INFO]best epoch: 453, best loss: 0.000985
[2025-02-22 17:42:35;INFO]----------------------------------------------------------------------------------------------------

[2025-02-22 17:42:35;INFO]Current Epoch: 474 / 500 | Learning Rate : 0.00042178276748028006
[2025-02-22 17:42:54;INFO]Train | Loss : 0.002423 | ACC : 3360/3360 (100.000%)
[2025-02-22 17:42:57;INFO]Valid | Loss : 0.001437 | ACC : 1440/1440 (100.000%)
[2025-02-22 17:42:57;INFO]      | Loss didn't drop!

[2025-02-22 17:42:57;INFO]best epoch: 453, best loss: 0.000985
[2025-02-22 17:42:57;INFO]----------------------------------------------------------------------------------------------------

[2025-02-22 17:42:57;INFO]Current Epoch: 475 / 500 | Learning Rate : 0.0009755282581512614
[2025-02-22 17:43:16;INFO]Train | Loss : 0.005078 | ACC : 3358/3360 (99.940%)
[2025-02-22 17:43:19;INFO]Valid | Loss : 0.001608 | ACC : 1440/1440 (100.000%)
[2025-02-22 17:43:19;INFO]      | Loss didn't drop!

[2025-02-22 17:43:19;INFO]best epoch: 453, best loss: 0.000985
[2025-02-22 17:43:19;INFO]----------------------------------------------------------------------------------------------------

[2025-02-22 17:43:19;INFO]Current Epoch: 476 / 500 | Learning Rate : 0.00014644660940643807
[2025-02-22 17:43:38;INFO]Train | Loss : 0.004274 | ACC : 3359/3360 (99.970%)
[2025-02-22 17:43:41;INFO]Valid | Loss : 0.002748 | ACC : 1440/1440 (100.000%)
[2025-02-22 17:43:41;INFO]      | Loss didn't drop!

[2025-02-22 17:43:41;INFO]best epoch: 453, best loss: 0.000985
[2025-02-22 17:43:41;INFO]----------------------------------------------------------------------------------------------------

[2025-02-22 17:43:41;INFO]Current Epoch: 477 / 500 | Learning Rate : 0.0003454915028120299
[2025-02-22 17:44:00;INFO]Train | Loss : 0.004176 | ACC : 3360/3360 (100.000%)
[2025-02-22 17:44:02;INFO]Valid | Loss : 0.001425 | ACC : 1440/1440 (100.000%)
[2025-02-22 17:44:02;INFO]      | Loss didn't drop!

[2025-02-22 17:44:02;INFO]best epoch: 453, best loss: 0.000985
[2025-02-22 17:44:02;INFO]----------------------------------------------------------------------------------------------------

[2025-02-22 17:44:02;INFO]Current Epoch: 478 / 500 | Learning Rate : 0.000993844170296153
[2025-02-22 17:44:21;INFO]Train | Loss : 0.004117 | ACC : 3360/3360 (100.000%)
[2025-02-22 17:44:24;INFO]Valid | Loss : 0.001687 | ACC : 1440/1440 (100.000%)
[2025-02-22 17:44:24;INFO]      | Loss didn't drop!

[2025-02-22 17:44:24;INFO]best epoch: 453, best loss: 0.000985
[2025-02-22 17:44:24;INFO]----------------------------------------------------------------------------------------------------

[2025-02-22 17:44:24;INFO]Current Epoch: 479 / 500 | Learning Rate : 0.00020610737385401133
[2025-02-22 17:44:43;INFO]Train | Loss : 0.002200 | ACC : 3360/3360 (100.000%)
[2025-02-22 17:44:46;INFO]Valid | Loss : 0.001146 | ACC : 1440/1440 (100.000%)
[2025-02-22 17:44:46;INFO]      | Loss didn't drop!

[2025-02-22 17:44:46;INFO]best epoch: 453, best loss: 0.000985
[2025-02-22 17:44:46;INFO]----------------------------------------------------------------------------------------------------

[2025-02-22 17:44:46;INFO]Current Epoch: 480 / 500 | Learning Rate : 0.00027300475013085715
[2025-02-22 17:45:05;INFO]Train | Loss : 0.001829 | ACC : 3360/3360 (100.000%)
[2025-02-22 17:45:07;INFO]Valid | Loss : 0.001469 | ACC : 1440/1440 (100.000%)
[2025-02-22 17:45:07;INFO]      | Loss didn't drop!

[2025-02-22 17:45:07;INFO]best epoch: 453, best loss: 0.000985
[2025-02-22 17:45:07;INFO]----------------------------------------------------------------------------------------------------

[2025-02-22 17:45:07;INFO]Current Epoch: 481 / 500 | Learning Rate : 0.0010000000000020288
[2025-02-22 17:45:26;INFO]Train | Loss : 0.002424 | ACC : 3360/3360 (100.000%)
[2025-02-22 17:45:29;INFO]Valid | Loss : 0.000883 | ACC : 1440/1440 (100.000%)
[2025-02-22 17:45:29;INFO]      | Loss dropped from 0.000985 to 0.000883, model has been saved!

[2025-02-22 17:45:29;INFO]best epoch: 481, best loss: 0.000883
[2025-02-22 17:45:29;INFO]----------------------------------------------------------------------------------------------------

[2025-02-22 17:45:29;INFO]Current Epoch: 482 / 500 | Learning Rate : 0.00027300475013086056
[2025-02-22 17:45:48;INFO]Train | Loss : 0.002506 | ACC : 3360/3360 (100.000%)
[2025-02-22 17:45:51;INFO]Valid | Loss : 0.000951 | ACC : 1440/1440 (100.000%)
[2025-02-22 17:45:51;INFO]      | Loss didn't drop!

[2025-02-22 17:45:51;INFO]best epoch: 481, best loss: 0.000883
[2025-02-22 17:45:51;INFO]----------------------------------------------------------------------------------------------------

[2025-02-22 17:45:51;INFO]Current Epoch: 483 / 500 | Learning Rate : 0.00020610737385416575
[2025-02-22 17:46:10;INFO]Train | Loss : 0.002397 | ACC : 3360/3360 (100.000%)
[2025-02-22 17:46:12;INFO]Valid | Loss : 0.001023 | ACC : 1440/1440 (100.000%)
[2025-02-22 17:46:12;INFO]      | Loss didn't drop!

[2025-02-22 17:46:12;INFO]best epoch: 481, best loss: 0.000883
[2025-02-22 17:46:12;INFO]----------------------------------------------------------------------------------------------------

[2025-02-22 17:46:12;INFO]Current Epoch: 484 / 500 | Learning Rate : 0.0009938441703001397
[2025-02-22 17:46:31;INFO]Train | Loss : 0.004811 | ACC : 3360/3360 (100.000%)
[2025-02-22 17:46:34;INFO]Valid | Loss : 0.001211 | ACC : 1440/1440 (100.000%)
[2025-02-22 17:46:34;INFO]      | Loss didn't drop!

[2025-02-22 17:46:34;INFO]best epoch: 481, best loss: 0.000883
[2025-02-22 17:46:34;INFO]----------------------------------------------------------------------------------------------------

[2025-02-22 17:46:34;INFO]Current Epoch: 485 / 500 | Learning Rate : 0.0003454915028115515
[2025-02-22 17:46:53;INFO]Train | Loss : 0.005545 | ACC : 3360/3360 (100.000%)
[2025-02-22 17:46:56;INFO]Valid | Loss : 0.057279 | ACC : 1408/1440 (97.778%)
[2025-02-22 17:46:56;INFO]      | Loss didn't drop!

[2025-02-22 17:46:56;INFO]best epoch: 481, best loss: 0.000883
[2025-02-22 17:46:56;INFO]----------------------------------------------------------------------------------------------------

[2025-02-22 17:46:56;INFO]Current Epoch: 486 / 500 | Learning Rate : 0.00014644660940621142
[2025-02-22 17:47:15;INFO]Train | Loss : 0.003675 | ACC : 3360/3360 (100.000%)
[2025-02-22 17:47:17;INFO]Valid | Loss : 0.017987 | ACC : 1432/1440 (99.444%)
[2025-02-22 17:47:17;INFO]      | Loss didn't drop!

[2025-02-22 17:47:17;INFO]best epoch: 481, best loss: 0.000883
[2025-02-22 17:47:17;INFO]----------------------------------------------------------------------------------------------------

[2025-02-22 17:47:17;INFO]Current Epoch: 487 / 500 | Learning Rate : 0.0009755282581478109
[2025-02-22 17:47:36;INFO]Train | Loss : 0.009188 | ACC : 3356/3360 (99.881%)
[2025-02-22 17:47:39;INFO]Valid | Loss : 0.005028 | ACC : 1440/1440 (100.000%)
[2025-02-22 17:47:39;INFO]      | Loss didn't drop!

[2025-02-22 17:47:39;INFO]best epoch: 481, best loss: 0.000883
[2025-02-22 17:47:39;INFO]----------------------------------------------------------------------------------------------------

[2025-02-22 17:47:39;INFO]Current Epoch: 488 / 500 | Learning Rate : 0.00042178276748138627
[2025-02-22 17:47:58;INFO]Train | Loss : 0.018638 | ACC : 3352/3360 (99.762%)
[2025-02-22 17:48:01;INFO]Valid | Loss : 0.932426 | ACC : 1150/1440 (79.861%)
[2025-02-22 17:48:01;INFO]      | Loss didn't drop!

[2025-02-22 17:48:01;INFO]best epoch: 481, best loss: 0.000883
[2025-02-22 17:48:01;INFO]----------------------------------------------------------------------------------------------------

[2025-02-22 17:48:01;INFO]Current Epoch: 489 / 500 | Learning Rate : 9.549150281289342e-05
[2025-02-22 17:48:20;INFO]Train | Loss : 0.005639 | ACC : 3360/3360 (100.000%)
[2025-02-22 17:48:23;INFO]Valid | Loss : 0.841624 | ACC : 1209/1440 (83.958%)
[2025-02-22 17:48:23;INFO]      | Loss didn't drop!

[2025-02-22 17:48:23;INFO]best epoch: 481, best loss: 0.000883
[2025-02-22 17:48:23;INFO]----------------------------------------------------------------------------------------------------

[2025-02-22 17:48:23;INFO]Current Epoch: 490 / 500 | Learning Rate : 0.0009455032620949193
[2025-02-22 17:48:42;INFO]Train | Loss : 0.004012 | ACC : 3360/3360 (100.000%)
[2025-02-22 17:48:44;INFO]Valid | Loss : 0.001584 | ACC : 1440/1440 (100.000%)
[2025-02-22 17:48:44;INFO]      | Loss didn't drop!

[2025-02-22 17:48:44;INFO]best epoch: 481, best loss: 0.000883
[2025-02-22 17:48:44;INFO]----------------------------------------------------------------------------------------------------

[2025-02-22 17:48:44;INFO]Current Epoch: 491 / 500 | Learning Rate : 0.0005000000000020757
[2025-02-22 17:49:03;INFO]Train | Loss : 0.003379 | ACC : 3360/3360 (100.000%)
[2025-02-22 17:49:06;INFO]Valid | Loss : 0.006043 | ACC : 1440/1440 (100.000%)
[2025-02-22 17:49:06;INFO]      | Loss didn't drop!

[2025-02-22 17:49:06;INFO]best epoch: 481, best loss: 0.000883
[2025-02-22 17:49:06;INFO]----------------------------------------------------------------------------------------------------

[2025-02-22 17:49:06;INFO]Current Epoch: 492 / 500 | Learning Rate : 5.4496737906049565e-05
[2025-02-22 17:49:25;INFO]Train | Loss : 0.009720 | ACC : 3360/3360 (100.000%)
[2025-02-22 17:49:28;INFO]Valid | Loss : 0.160321 | ACC : 1360/1440 (94.444%)
[2025-02-22 17:49:28;INFO]      | Loss didn't drop!

[2025-02-22 17:49:28;INFO]best epoch: 481, best loss: 0.000883
[2025-02-22 17:49:28;INFO]----------------------------------------------------------------------------------------------------

[2025-02-22 17:49:28;INFO]Current Epoch: 493 / 500 | Learning Rate : 0.000904508497188653
[2025-02-22 17:49:47;INFO]Train | Loss : 0.017519 | ACC : 3352/3360 (99.762%)
[2025-02-22 17:49:49;INFO]Valid | Loss : 0.194473 | ACC : 1346/1440 (93.472%)
[2025-02-22 17:49:49;INFO]      | Loss didn't drop!

[2025-02-22 17:49:49;INFO]best epoch: 481, best loss: 0.000883
[2025-02-22 17:49:49;INFO]----------------------------------------------------------------------------------------------------

[2025-02-22 17:49:49;INFO]Current Epoch: 494 / 500 | Learning Rate : 0.0005782172325192819
[2025-02-22 17:50:08;INFO]Train | Loss : 0.006151 | ACC : 3360/3360 (100.000%)
[2025-02-22 17:50:11;INFO]Valid | Loss : 0.041593 | ACC : 1430/1440 (99.306%)
[2025-02-22 17:50:11;INFO]      | Loss didn't drop!

[2025-02-22 17:50:11;INFO]best epoch: 481, best loss: 0.000883
[2025-02-22 17:50:11;INFO]----------------------------------------------------------------------------------------------------

[2025-02-22 17:50:11;INFO]Current Epoch: 495 / 500 | Learning Rate : 2.4471741852394327e-05
[2025-02-22 17:50:30;INFO]Train | Loss : 0.002952 | ACC : 3360/3360 (100.000%)
[2025-02-22 17:50:33;INFO]Valid | Loss : 0.001328 | ACC : 1440/1440 (100.000%)
[2025-02-22 17:50:33;INFO]      | Loss didn't drop!

[2025-02-22 17:50:33;INFO]best epoch: 481, best loss: 0.000883
[2025-02-22 17:50:33;INFO]----------------------------------------------------------------------------------------------------

[2025-02-22 17:50:33;INFO]Current Epoch: 496 / 500 | Learning Rate : 0.000853553390594827
[2025-02-22 17:50:52;INFO]Train | Loss : 0.004042 | ACC : 3360/3360 (100.000%)
[2025-02-22 17:50:54;INFO]Valid | Loss : 0.003516 | ACC : 1440/1440 (100.000%)
[2025-02-22 17:50:54;INFO]      | Loss didn't drop!

[2025-02-22 17:50:54;INFO]best epoch: 481, best loss: 0.000883
[2025-02-22 17:50:54;INFO]----------------------------------------------------------------------------------------------------

[2025-02-22 17:50:54;INFO]Current Epoch: 497 / 500 | Learning Rate : 0.0006545084971869364
[2025-02-22 17:51:13;INFO]Train | Loss : 0.010691 | ACC : 3358/3360 (99.940%)
[2025-02-22 17:51:16;INFO]Valid | Loss : 0.013086 | ACC : 1436/1440 (99.722%)
[2025-02-22 17:51:16;INFO]      | Loss didn't drop!

[2025-02-22 17:51:16;INFO]best epoch: 481, best loss: 0.000883
[2025-02-22 17:51:16;INFO]----------------------------------------------------------------------------------------------------

[2025-02-22 17:51:16;INFO]Current Epoch: 498 / 500 | Learning Rate : 6.155829702422844e-06
[2025-02-22 17:51:35;INFO]Train | Loss : 0.004930 | ACC : 3360/3360 (100.000%)
[2025-02-22 17:51:38;INFO]Valid | Loss : 0.092702 | ACC : 1402/1440 (97.361%)
[2025-02-22 17:51:38;INFO]      | Loss didn't drop!

[2025-02-22 17:51:38;INFO]best epoch: 481, best loss: 0.000883
[2025-02-22 17:51:38;INFO]----------------------------------------------------------------------------------------------------

[2025-02-22 17:51:38;INFO]Current Epoch: 499 / 500 | Learning Rate : 0.0007938926261482571
[2025-02-22 17:51:52;INFO]Train | Loss : 0.004566 | ACC : 3359/3360 (99.970%)
[2025-02-22 17:51:53;INFO]Valid | Loss : 0.004149 | ACC : 1440/1440 (100.000%)
[2025-02-22 17:51:53;INFO]      | Loss didn't drop!

[2025-02-22 17:51:53;INFO]best epoch: 481, best loss: 0.000883
[2025-02-22 17:51:53;INFO]----------------------------------------------------------------------------------------------------

[2025-02-22 17:51:53;INFO]Current Epoch: 500 / 500 | Learning Rate : 0.0007269952498738114
[2025-02-22 17:52:02;INFO]Train | Loss : 0.003874 | ACC : 3360/3360 (100.000%)
[2025-02-22 17:52:03;INFO]Valid | Loss : 0.001703 | ACC : 1440/1440 (100.000%)
[2025-02-22 17:52:03;INFO]      | Loss didn't drop!

[2025-02-22 17:52:03;INFO]best epoch: 481, best loss: 0.000883
[2025-02-22 17:52:03;INFO]----------------------------------------------------------------------------------------------------

[2025-02-22 17:52:03;INFO]Training finished! Best Epoch : 481 | Best Loss : 0.000883


