[2025-02-21 08:48:04;INFO]====================================================================================================
[2025-02-21 08:48:04;INFO]Config
[2025-02-21 08:48:04;INFO]----------------------------------------------------------------------------------------------------
[2025-02-21 08:48:04;INFO]seed : 2025
[2025-02-21 08:48:04;INFO]mode : train
[2025-02-21 08:48:04;INFO]device : cuda
[2025-02-21 08:48:04;INFO]dataset_path : ../../../Datasets
[2025-02-21 08:48:04;INFO]dataset_name : wisigeq
[2025-02-21 08:48:04;INFO]source : {'d': 1}
[2025-02-21 08:48:04;INFO]num_classes : 6
[2025-02-21 08:48:04;INFO]backbone : scnn
[2025-02-21 08:48:04;INFO]lr : 0.001
[2025-02-21 08:48:04;INFO]batch_size : 128
[2025-02-21 08:48:04;INFO]train_epochs : 500
[2025-02-21 08:48:04;INFO]root_dir : ./result/wisigeq_scnn
[2025-02-21 08:48:04;INFO]work_dir : ./result/wisigeq_scnn/train/day1
[2025-02-21 08:48:04;INFO]logger : <Logger Logger_train (INFO)>
[2025-02-21 08:48:04;INFO]====================================================================================================


[2025-02-21 08:48:07;INFO]Start training ...
[2025-02-21 08:48:07;INFO]No. train samples: 3150
[2025-02-21 08:48:07;INFO]No. valid samples: 1350
[2025-02-21 08:48:07;INFO]----------------------------------------------------------------------------------------------------

[2025-02-21 08:48:07;INFO]Current Epoch: 1 / 500 | Learning Rate : 0.001
[2025-02-21 08:48:09;INFO]Train | Loss : 0.836101 | ACC : 2704/3150 (85.841%)
[2025-02-21 08:48:09;INFO]Valid | Loss : 0.769766 | ACC : 1273/1350 (94.296%)
[2025-02-21 08:48:09;INFO]      | Loss dropped from inf to 0.769766, model has been saved!

[2025-02-21 08:48:09;INFO]best epoch: 1, best loss: 0.769766
[2025-02-21 08:48:09;INFO]----------------------------------------------------------------------------------------------------

[2025-02-21 08:48:09;INFO]Current Epoch: 2 / 500 | Learning Rate : 0.00014644660940672617
[2025-02-21 08:48:09;INFO]Train | Loss : 0.538679 | ACC : 3013/3150 (95.651%)
[2025-02-21 08:48:09;INFO]Valid | Loss : 1.088698 | ACC : 735/1350 (54.444%)
[2025-02-21 08:48:09;INFO]      | Loss didn't drop!

[2025-02-21 08:48:09;INFO]best epoch: 1, best loss: 0.769766
[2025-02-21 08:48:09;INFO]----------------------------------------------------------------------------------------------------

[2025-02-21 08:48:09;INFO]Current Epoch: 3 / 500 | Learning Rate : 0.0004999999999999998
[2025-02-21 08:48:10;INFO]Train | Loss : 0.407346 | ACC : 3057/3150 (97.048%)
[2025-02-21 08:48:10;INFO]Valid | Loss : 0.556456 | ACC : 1272/1350 (94.222%)
[2025-02-21 08:48:10;INFO]      | Loss dropped from 0.769766 to 0.556456, model has been saved!

[2025-02-21 08:48:10;INFO]best epoch: 3, best loss: 0.556456
[2025-02-21 08:48:10;INFO]----------------------------------------------------------------------------------------------------

[2025-02-21 08:48:10;INFO]Current Epoch: 4 / 500 | Learning Rate : 0.0008535533905932656
[2025-02-21 08:48:10;INFO]Train | Loss : 0.372095 | ACC : 3113/3150 (98.825%)
[2025-02-21 08:48:10;INFO]Valid | Loss : 0.416553 | ACC : 1272/1350 (94.222%)
[2025-02-21 08:48:10;INFO]      | Loss dropped from 0.556456 to 0.416553, model has been saved!

[2025-02-21 08:48:10;INFO]best epoch: 4, best loss: 0.416553
[2025-02-21 08:48:10;INFO]----------------------------------------------------------------------------------------------------

[2025-02-21 08:48:10;INFO]Current Epoch: 5 / 500 | Learning Rate : 0.0
[2025-02-21 08:48:11;INFO]Train | Loss : 0.342653 | ACC : 3131/3150 (99.397%)
[2025-02-21 08:48:11;INFO]Valid | Loss : 0.619158 | ACC : 1131/1350 (83.778%)
[2025-02-21 08:48:11;INFO]      | Loss didn't drop!

[2025-02-21 08:48:11;INFO]best epoch: 4, best loss: 0.416553
[2025-02-21 08:48:11;INFO]----------------------------------------------------------------------------------------------------

[2025-02-21 08:48:11;INFO]Current Epoch: 6 / 500 | Learning Rate : 0.0008535533905932675
[2025-02-21 08:48:11;INFO]Train | Loss : 0.306352 | ACC : 3144/3150 (99.810%)
[2025-02-21 08:48:11;INFO]Valid | Loss : 0.397117 | ACC : 1296/1350 (96.000%)
[2025-02-21 08:48:12;INFO]      | Loss dropped from 0.416553 to 0.397117, model has been saved!

[2025-02-21 08:48:12;INFO]best epoch: 6, best loss: 0.397117
[2025-02-21 08:48:12;INFO]----------------------------------------------------------------------------------------------------

[2025-02-21 08:48:12;INFO]Current Epoch: 7 / 500 | Learning Rate : 0.0005000000000000214
[2025-02-21 08:48:12;INFO]Train | Loss : 0.305732 | ACC : 3143/3150 (99.778%)
[2025-02-21 08:48:12;INFO]Valid | Loss : 0.410047 | ACC : 1208/1350 (89.481%)
[2025-02-21 08:48:12;INFO]      | Loss didn't drop!

[2025-02-21 08:48:12;INFO]best epoch: 6, best loss: 0.397117
[2025-02-21 08:48:12;INFO]----------------------------------------------------------------------------------------------------

[2025-02-21 08:48:12;INFO]Current Epoch: 8 / 500 | Learning Rate : 0.00014644660940673355
[2025-02-21 08:48:13;INFO]Train | Loss : 0.300188 | ACC : 3143/3150 (99.778%)
[2025-02-21 08:48:13;INFO]Valid | Loss : 1.240532 | ACC : 813/1350 (60.222%)
[2025-02-21 08:48:13;INFO]      | Loss didn't drop!

[2025-02-21 08:48:13;INFO]best epoch: 6, best loss: 0.397117
[2025-02-21 08:48:13;INFO]----------------------------------------------------------------------------------------------------

[2025-02-21 08:48:13;INFO]Current Epoch: 9 / 500 | Learning Rate : 0.001
[2025-02-21 08:48:13;INFO]Train | Loss : 0.295353 | ACC : 3140/3150 (99.683%)
[2025-02-21 08:48:13;INFO]Valid | Loss : 0.273285 | ACC : 1349/1350 (99.926%)
[2025-02-21 08:48:13;INFO]      | Loss dropped from 0.397117 to 0.273285, model has been saved!

[2025-02-21 08:48:13;INFO]best epoch: 9, best loss: 0.273285
[2025-02-21 08:48:13;INFO]----------------------------------------------------------------------------------------------------

[2025-02-21 08:48:13;INFO]Current Epoch: 10 / 500 | Learning Rate : 0.00014644660940671945
[2025-02-21 08:48:14;INFO]Train | Loss : 0.273183 | ACC : 3145/3150 (99.841%)
[2025-02-21 08:48:14;INFO]Valid | Loss : 0.275771 | ACC : 1349/1350 (99.926%)
[2025-02-21 08:48:14;INFO]      | Loss didn't drop!

[2025-02-21 08:48:14;INFO]best epoch: 9, best loss: 0.273285
[2025-02-21 08:48:14;INFO]----------------------------------------------------------------------------------------------------

[2025-02-21 08:48:14;INFO]Current Epoch: 11 / 500 | Learning Rate : 0.000499999999999981
[2025-02-21 08:48:14;INFO]Train | Loss : 0.253607 | ACC : 3146/3150 (99.873%)
[2025-02-21 08:48:14;INFO]Valid | Loss : 0.251597 | ACC : 1349/1350 (99.926%)
[2025-02-21 08:48:14;INFO]      | Loss dropped from 0.273285 to 0.251597, model has been saved!

[2025-02-21 08:48:14;INFO]best epoch: 11, best loss: 0.251597
[2025-02-21 08:48:14;INFO]----------------------------------------------------------------------------------------------------

[2025-02-21 08:48:14;INFO]Current Epoch: 12 / 500 | Learning Rate : 0.0008535533905933208
[2025-02-21 08:48:15;INFO]Train | Loss : 0.254273 | ACC : 3147/3150 (99.905%)
[2025-02-21 08:48:15;INFO]Valid | Loss : 0.226357 | ACC : 1349/1350 (99.926%)
[2025-02-21 08:48:15;INFO]      | Loss dropped from 0.251597 to 0.226357, model has been saved!

[2025-02-21 08:48:15;INFO]best epoch: 12, best loss: 0.226357
[2025-02-21 08:48:15;INFO]----------------------------------------------------------------------------------------------------

[2025-02-21 08:48:15;INFO]Current Epoch: 13 / 500 | Learning Rate : 0.0
[2025-02-21 08:48:15;INFO]Train | Loss : 0.240935 | ACC : 3147/3150 (99.905%)
[2025-02-21 08:48:15;INFO]Valid | Loss : 0.278535 | ACC : 1349/1350 (99.926%)
[2025-02-21 08:48:15;INFO]      | Loss didn't drop!

[2025-02-21 08:48:15;INFO]best epoch: 12, best loss: 0.226357
[2025-02-21 08:48:15;INFO]----------------------------------------------------------------------------------------------------

[2025-02-21 08:48:15;INFO]Current Epoch: 14 / 500 | Learning Rate : 0.0008535533905933215
[2025-02-21 08:48:16;INFO]Train | Loss : 0.232479 | ACC : 3147/3150 (99.905%)
[2025-02-21 08:48:16;INFO]Valid | Loss : 0.250847 | ACC : 1349/1350 (99.926%)
[2025-02-21 08:48:16;INFO]      | Loss didn't drop!

[2025-02-21 08:48:16;INFO]best epoch: 12, best loss: 0.226357
[2025-02-21 08:48:16;INFO]----------------------------------------------------------------------------------------------------

[2025-02-21 08:48:16;INFO]Current Epoch: 15 / 500 | Learning Rate : 0.0005000000000000251
[2025-02-21 08:48:16;INFO]Train | Loss : 0.226048 | ACC : 3147/3150 (99.905%)
[2025-02-21 08:48:16;INFO]Valid | Loss : 0.260294 | ACC : 1338/1350 (99.111%)
[2025-02-21 08:48:16;INFO]      | Loss didn't drop!

[2025-02-21 08:48:16;INFO]best epoch: 12, best loss: 0.226357
[2025-02-21 08:48:16;INFO]----------------------------------------------------------------------------------------------------

[2025-02-21 08:48:16;INFO]Current Epoch: 16 / 500 | Learning Rate : 0.0001464466094067354
[2025-02-21 08:48:17;INFO]Train | Loss : 0.223468 | ACC : 3147/3150 (99.905%)
[2025-02-21 08:48:17;INFO]Valid | Loss : 0.256275 | ACC : 1347/1350 (99.778%)
[2025-02-21 08:48:17;INFO]      | Loss didn't drop!

[2025-02-21 08:48:17;INFO]best epoch: 12, best loss: 0.226357
[2025-02-21 08:48:17;INFO]----------------------------------------------------------------------------------------------------

[2025-02-21 08:48:17;INFO]Current Epoch: 17 / 500 | Learning Rate : 0.0010000000000000633
[2025-02-21 08:48:17;INFO]Train | Loss : 0.213276 | ACC : 3147/3150 (99.905%)
[2025-02-21 08:48:18;INFO]Valid | Loss : 0.201367 | ACC : 1349/1350 (99.926%)
[2025-02-21 08:48:18;INFO]      | Loss dropped from 0.226357 to 0.201367, model has been saved!

[2025-02-21 08:48:18;INFO]best epoch: 17, best loss: 0.201367
[2025-02-21 08:48:18;INFO]----------------------------------------------------------------------------------------------------

[2025-02-21 08:48:18;INFO]Current Epoch: 18 / 500 | Learning Rate : 0.0001464466094067349
[2025-02-21 08:48:18;INFO]Train | Loss : 0.210923 | ACC : 3147/3150 (99.905%)
[2025-02-21 08:48:18;INFO]Valid | Loss : 0.374595 | ACC : 1245/1350 (92.222%)
[2025-02-21 08:48:18;INFO]      | Loss didn't drop!

[2025-02-21 08:48:18;INFO]best epoch: 17, best loss: 0.201367
[2025-02-21 08:48:18;INFO]----------------------------------------------------------------------------------------------------

[2025-02-21 08:48:18;INFO]Current Epoch: 19 / 500 | Learning Rate : 0.0005000000000000322
[2025-02-21 08:48:19;INFO]Train | Loss : 0.204981 | ACC : 3147/3150 (99.905%)
[2025-02-21 08:48:19;INFO]Valid | Loss : 0.200441 | ACC : 1349/1350 (99.926%)
[2025-02-21 08:48:19;INFO]      | Loss dropped from 0.201367 to 0.200441, model has been saved!

[2025-02-21 08:48:19;INFO]best epoch: 19, best loss: 0.200441
[2025-02-21 08:48:19;INFO]----------------------------------------------------------------------------------------------------

[2025-02-21 08:48:19;INFO]Current Epoch: 20 / 500 | Learning Rate : 0.0008535533905932506
[2025-02-21 08:48:19;INFO]Train | Loss : 0.206999 | ACC : 3148/3150 (99.937%)
[2025-02-21 08:48:19;INFO]Valid | Loss : 0.203147 | ACC : 1349/1350 (99.926%)
[2025-02-21 08:48:19;INFO]      | Loss didn't drop!

[2025-02-21 08:48:19;INFO]best epoch: 19, best loss: 0.200441
[2025-02-21 08:48:19;INFO]----------------------------------------------------------------------------------------------------

[2025-02-21 08:48:19;INFO]Current Epoch: 21 / 500 | Learning Rate : 0.0
[2025-02-21 08:48:20;INFO]Train | Loss : 0.200062 | ACC : 3147/3150 (99.905%)
[2025-02-21 08:48:20;INFO]Valid | Loss : 0.290624 | ACC : 1346/1350 (99.704%)
[2025-02-21 08:48:20;INFO]      | Loss didn't drop!

[2025-02-21 08:48:20;INFO]best epoch: 19, best loss: 0.200441
[2025-02-21 08:48:20;INFO]----------------------------------------------------------------------------------------------------

[2025-02-21 08:48:20;INFO]Current Epoch: 22 / 500 | Learning Rate : 0.000853553390593335
[2025-02-21 08:48:20;INFO]Train | Loss : 0.192613 | ACC : 3147/3150 (99.905%)
[2025-02-21 08:48:20;INFO]Valid | Loss : 0.217671 | ACC : 1348/1350 (99.852%)
[2025-02-21 08:48:20;INFO]      | Loss didn't drop!

[2025-02-21 08:48:20;INFO]best epoch: 19, best loss: 0.200441
[2025-02-21 08:48:20;INFO]----------------------------------------------------------------------------------------------------

[2025-02-21 08:48:20;INFO]Current Epoch: 23 / 500 | Learning Rate : 0.000499999999999992
[2025-02-21 08:48:21;INFO]Train | Loss : 0.186637 | ACC : 3149/3150 (99.968%)
[2025-02-21 08:48:21;INFO]Valid | Loss : 0.187834 | ACC : 1349/1350 (99.926%)
[2025-02-21 08:48:21;INFO]      | Loss dropped from 0.200441 to 0.187834, model has been saved!

[2025-02-21 08:48:21;INFO]best epoch: 23, best loss: 0.187834
[2025-02-21 08:48:21;INFO]----------------------------------------------------------------------------------------------------

[2025-02-21 08:48:21;INFO]Current Epoch: 24 / 500 | Learning Rate : 0.0001464466094067277
[2025-02-21 08:48:21;INFO]Train | Loss : 0.179543 | ACC : 3148/3150 (99.937%)
[2025-02-21 08:48:21;INFO]Valid | Loss : 0.242480 | ACC : 1349/1350 (99.926%)
[2025-02-21 08:48:21;INFO]      | Loss didn't drop!

[2025-02-21 08:48:21;INFO]best epoch: 23, best loss: 0.187834
[2025-02-21 08:48:21;INFO]----------------------------------------------------------------------------------------------------

[2025-02-21 08:48:21;INFO]Current Epoch: 25 / 500 | Learning Rate : 0.0010000000000000722
[2025-02-21 08:48:22;INFO]Train | Loss : 0.177590 | ACC : 3149/3150 (99.968%)
[2025-02-21 08:48:22;INFO]Valid | Loss : 0.166247 | ACC : 1349/1350 (99.926%)
[2025-02-21 08:48:22;INFO]      | Loss dropped from 0.187834 to 0.166247, model has been saved!

[2025-02-21 08:48:22;INFO]best epoch: 25, best loss: 0.166247
[2025-02-21 08:48:22;INFO]----------------------------------------------------------------------------------------------------

[2025-02-21 08:48:22;INFO]Current Epoch: 26 / 500 | Learning Rate : 0.00014644660940672642
[2025-02-21 08:48:23;INFO]Train | Loss : 0.173640 | ACC : 3148/3150 (99.937%)
[2025-02-21 08:48:23;INFO]Valid | Loss : 0.167904 | ACC : 1349/1350 (99.926%)
[2025-02-21 08:48:23;INFO]      | Loss didn't drop!

[2025-02-21 08:48:23;INFO]best epoch: 25, best loss: 0.166247
[2025-02-21 08:48:23;INFO]----------------------------------------------------------------------------------------------------

[2025-02-21 08:48:23;INFO]Current Epoch: 27 / 500 | Learning Rate : 0.0005000000000000001
[2025-02-21 08:48:23;INFO]Train | Loss : 0.169863 | ACC : 3149/3150 (99.968%)
[2025-02-21 08:48:23;INFO]Valid | Loss : 0.362982 | ACC : 1165/1350 (86.296%)
[2025-02-21 08:48:23;INFO]      | Loss didn't drop!

[2025-02-21 08:48:23;INFO]best epoch: 25, best loss: 0.166247
[2025-02-21 08:48:23;INFO]----------------------------------------------------------------------------------------------------

[2025-02-21 08:48:23;INFO]Current Epoch: 28 / 500 | Learning Rate : 0.0008535533905931913
[2025-02-21 08:48:24;INFO]Train | Loss : 0.184803 | ACC : 3143/3150 (99.778%)
[2025-02-21 08:48:24;INFO]Valid | Loss : 0.128970 | ACC : 1349/1350 (99.926%)
[2025-02-21 08:48:24;INFO]      | Loss dropped from 0.166247 to 0.128970, model has been saved!

[2025-02-21 08:48:24;INFO]best epoch: 28, best loss: 0.128970
[2025-02-21 08:48:24;INFO]----------------------------------------------------------------------------------------------------

[2025-02-21 08:48:24;INFO]Current Epoch: 29 / 500 | Learning Rate : 0.0
[2025-02-21 08:48:24;INFO]Train | Loss : 0.171065 | ACC : 3148/3150 (99.937%)
[2025-02-21 08:48:24;INFO]Valid | Loss : 0.310877 | ACC : 1347/1350 (99.778%)
[2025-02-21 08:48:24;INFO]      | Loss didn't drop!

[2025-02-21 08:48:24;INFO]best epoch: 28, best loss: 0.128970
[2025-02-21 08:48:24;INFO]----------------------------------------------------------------------------------------------------

[2025-02-21 08:48:24;INFO]Current Epoch: 30 / 500 | Learning Rate : 0.0008535533905932689
[2025-02-21 08:48:25;INFO]Train | Loss : 0.160896 | ACC : 3148/3150 (99.937%)
[2025-02-21 08:48:25;INFO]Valid | Loss : 0.186532 | ACC : 1349/1350 (99.926%)
[2025-02-21 08:48:25;INFO]      | Loss didn't drop!

[2025-02-21 08:48:25;INFO]best epoch: 28, best loss: 0.128970
[2025-02-21 08:48:25;INFO]----------------------------------------------------------------------------------------------------

[2025-02-21 08:48:25;INFO]Current Epoch: 31 / 500 | Learning Rate : 0.0004999999999999518
[2025-02-21 08:48:25;INFO]Train | Loss : 0.160331 | ACC : 3149/3150 (99.968%)
[2025-02-21 08:48:26;INFO]Valid | Loss : 0.169823 | ACC : 1349/1350 (99.926%)
[2025-02-21 08:48:26;INFO]      | Loss didn't drop!

[2025-02-21 08:48:26;INFO]best epoch: 28, best loss: 0.128970
[2025-02-21 08:48:26;INFO]----------------------------------------------------------------------------------------------------

[2025-02-21 08:48:26;INFO]Current Epoch: 32 / 500 | Learning Rate : 0.0001464466094067151
[2025-02-21 08:48:26;INFO]Train | Loss : 0.157172 | ACC : 3147/3150 (99.905%)
[2025-02-21 08:48:27;INFO]Valid | Loss : 0.191283 | ACC : 1349/1350 (99.926%)
[2025-02-21 08:48:27;INFO]      | Loss didn't drop!

[2025-02-21 08:48:27;INFO]best epoch: 28, best loss: 0.128970
[2025-02-21 08:48:27;INFO]----------------------------------------------------------------------------------------------------

[2025-02-21 08:48:27;INFO]Current Epoch: 33 / 500 | Learning Rate : 0.0010000000000000002
[2025-02-21 08:48:27;INFO]Train | Loss : 0.156172 | ACC : 3148/3150 (99.937%)
[2025-02-21 08:48:28;INFO]Valid | Loss : 0.136023 | ACC : 1349/1350 (99.926%)
[2025-02-21 08:48:28;INFO]      | Loss didn't drop!

[2025-02-21 08:48:28;INFO]best epoch: 28, best loss: 0.128970
[2025-02-21 08:48:28;INFO]----------------------------------------------------------------------------------------------------

[2025-02-21 08:48:28;INFO]Current Epoch: 34 / 500 | Learning Rate : 0.0001464466094067694
[2025-02-21 08:48:28;INFO]Train | Loss : 0.144954 | ACC : 3149/3150 (99.968%)
[2025-02-21 08:48:29;INFO]Valid | Loss : 0.160933 | ACC : 1349/1350 (99.926%)
[2025-02-21 08:48:29;INFO]      | Loss didn't drop!

[2025-02-21 08:48:29;INFO]best epoch: 28, best loss: 0.128970
[2025-02-21 08:48:29;INFO]----------------------------------------------------------------------------------------------------

[2025-02-21 08:48:29;INFO]Current Epoch: 35 / 500 | Learning Rate : 0.000500000000000137
[2025-02-21 08:48:29;INFO]Train | Loss : 0.142805 | ACC : 3149/3150 (99.968%)
[2025-02-21 08:48:30;INFO]Valid | Loss : 0.187241 | ACC : 1349/1350 (99.926%)
[2025-02-21 08:48:30;INFO]      | Loss didn't drop!

[2025-02-21 08:48:30;INFO]best epoch: 28, best loss: 0.128970
[2025-02-21 08:48:30;INFO]----------------------------------------------------------------------------------------------------

[2025-02-21 08:48:30;INFO]Current Epoch: 36 / 500 | Learning Rate : 0.0008535533905934294
[2025-02-21 08:48:31;INFO]Train | Loss : 0.140105 | ACC : 3150/3150 (100.000%)
[2025-02-21 08:48:31;INFO]Valid | Loss : 0.134234 | ACC : 1349/1350 (99.926%)
[2025-02-21 08:48:31;INFO]      | Loss didn't drop!

[2025-02-21 08:48:31;INFO]best epoch: 28, best loss: 0.128970
[2025-02-21 08:48:31;INFO]----------------------------------------------------------------------------------------------------

[2025-02-21 08:48:31;INFO]Current Epoch: 37 / 500 | Learning Rate : 0.0
[2025-02-21 08:48:32;INFO]Train | Loss : 0.134573 | ACC : 3150/3150 (100.000%)
[2025-02-21 08:48:32;INFO]Valid | Loss : 0.136858 | ACC : 1349/1350 (99.926%)
[2025-02-21 08:48:32;INFO]      | Loss didn't drop!

[2025-02-21 08:48:32;INFO]best epoch: 28, best loss: 0.128970
[2025-02-21 08:48:32;INFO]----------------------------------------------------------------------------------------------------

[2025-02-21 08:48:32;INFO]Current Epoch: 38 / 500 | Learning Rate : 0.000853553390593364
[2025-02-21 08:48:33;INFO]Train | Loss : 0.130454 | ACC : 3150/3150 (100.000%)
[2025-02-21 08:48:33;INFO]Valid | Loss : 0.127181 | ACC : 1349/1350 (99.926%)
[2025-02-21 08:48:33;INFO]      | Loss dropped from 0.128970 to 0.127181, model has been saved!

[2025-02-21 08:48:33;INFO]best epoch: 38, best loss: 0.127181
[2025-02-21 08:48:33;INFO]----------------------------------------------------------------------------------------------------

[2025-02-21 08:48:33;INFO]Current Epoch: 39 / 500 | Learning Rate : 0.0005000000000000043
[2025-02-21 08:48:34;INFO]Train | Loss : 0.128580 | ACC : 3150/3150 (100.000%)
[2025-02-21 08:48:34;INFO]Valid | Loss : 0.134493 | ACC : 1349/1350 (99.926%)
[2025-02-21 08:48:34;INFO]      | Loss didn't drop!

[2025-02-21 08:48:34;INFO]best epoch: 38, best loss: 0.127181
[2025-02-21 08:48:34;INFO]----------------------------------------------------------------------------------------------------

[2025-02-21 08:48:34;INFO]Current Epoch: 40 / 500 | Learning Rate : 0.00014644660940672243
[2025-02-21 08:48:35;INFO]Train | Loss : 0.126182 | ACC : 3150/3150 (100.000%)
[2025-02-21 08:48:35;INFO]Valid | Loss : 0.159958 | ACC : 1349/1350 (99.926%)
[2025-02-21 08:48:35;INFO]      | Loss didn't drop!

[2025-02-21 08:48:35;INFO]best epoch: 38, best loss: 0.127181
[2025-02-21 08:48:35;INFO]----------------------------------------------------------------------------------------------------

[2025-02-21 08:48:35;INFO]Current Epoch: 41 / 500 | Learning Rate : 0.0010000000000002884
[2025-02-21 08:48:36;INFO]Train | Loss : 0.121674 | ACC : 3150/3150 (100.000%)
[2025-02-21 08:48:36;INFO]Valid | Loss : 0.112461 | ACC : 1349/1350 (99.926%)
[2025-02-21 08:48:36;INFO]      | Loss dropped from 0.127181 to 0.112461, model has been saved!

[2025-02-21 08:48:36;INFO]best epoch: 41, best loss: 0.112461
[2025-02-21 08:48:36;INFO]----------------------------------------------------------------------------------------------------

[2025-02-21 08:48:36;INFO]Current Epoch: 42 / 500 | Learning Rate : 0.0001464466094067509
[2025-02-21 08:48:37;INFO]Train | Loss : 0.120349 | ACC : 3150/3150 (100.000%)
[2025-02-21 08:48:37;INFO]Valid | Loss : 0.149731 | ACC : 1349/1350 (99.926%)
[2025-02-21 08:48:37;INFO]      | Loss didn't drop!

[2025-02-21 08:48:37;INFO]best epoch: 41, best loss: 0.112461
[2025-02-21 08:48:37;INFO]----------------------------------------------------------------------------------------------------

[2025-02-21 08:48:37;INFO]Current Epoch: 43 / 500 | Learning Rate : 0.0005000000000000981
[2025-02-21 08:48:38;INFO]Train | Loss : 0.118102 | ACC : 3150/3150 (100.000%)
[2025-02-21 08:48:38;INFO]Valid | Loss : 0.126667 | ACC : 1349/1350 (99.926%)
[2025-02-21 08:48:38;INFO]      | Loss didn't drop!

[2025-02-21 08:48:38;INFO]best epoch: 41, best loss: 0.112461
[2025-02-21 08:48:38;INFO]----------------------------------------------------------------------------------------------------

[2025-02-21 08:48:38;INFO]Current Epoch: 44 / 500 | Learning Rate : 0.00085355339059337
[2025-02-21 08:48:39;INFO]Train | Loss : 0.114983 | ACC : 3150/3150 (100.000%)
[2025-02-21 08:48:39;INFO]Valid | Loss : 0.112055 | ACC : 1349/1350 (99.926%)
[2025-02-21 08:48:39;INFO]      | Loss dropped from 0.112461 to 0.112055, model has been saved!

[2025-02-21 08:48:39;INFO]best epoch: 44, best loss: 0.112055
[2025-02-21 08:48:39;INFO]----------------------------------------------------------------------------------------------------

[2025-02-21 08:48:39;INFO]Current Epoch: 45 / 500 | Learning Rate : 0.0
[2025-02-21 08:48:40;INFO]Train | Loss : 0.114129 | ACC : 3150/3150 (100.000%)
[2025-02-21 08:48:40;INFO]Valid | Loss : 0.121942 | ACC : 1349/1350 (99.926%)
[2025-02-21 08:48:40;INFO]      | Loss didn't drop!

[2025-02-21 08:48:40;INFO]best epoch: 44, best loss: 0.112055
[2025-02-21 08:48:40;INFO]----------------------------------------------------------------------------------------------------

[2025-02-21 08:48:40;INFO]Current Epoch: 46 / 500 | Learning Rate : 0.0008535533905933007
[2025-02-21 08:48:41;INFO]Train | Loss : 0.110228 | ACC : 3150/3150 (100.000%)
[2025-02-21 08:48:41;INFO]Valid | Loss : 0.112845 | ACC : 1349/1350 (99.926%)
[2025-02-21 08:48:41;INFO]      | Loss didn't drop!

[2025-02-21 08:48:41;INFO]best epoch: 44, best loss: 0.112055
[2025-02-21 08:48:41;INFO]----------------------------------------------------------------------------------------------------

[2025-02-21 08:48:41;INFO]Current Epoch: 47 / 500 | Learning Rate : 0.000499999999999957
[2025-02-21 08:48:42;INFO]Train | Loss : 0.112682 | ACC : 3150/3150 (100.000%)
[2025-02-21 08:48:42;INFO]Valid | Loss : 0.129365 | ACC : 1349/1350 (99.926%)
[2025-02-21 08:48:42;INFO]      | Loss didn't drop!

[2025-02-21 08:48:42;INFO]best epoch: 44, best loss: 0.112055
[2025-02-21 08:48:42;INFO]----------------------------------------------------------------------------------------------------

[2025-02-21 08:48:42;INFO]Current Epoch: 48 / 500 | Learning Rate : 0.0001464466094067199
[2025-02-21 08:48:43;INFO]Train | Loss : 0.108223 | ACC : 3150/3150 (100.000%)
[2025-02-21 08:48:44;INFO]Valid | Loss : 0.107582 | ACC : 1349/1350 (99.926%)
[2025-02-21 08:48:44;INFO]      | Loss dropped from 0.112055 to 0.107582, model has been saved!

[2025-02-21 08:48:44;INFO]best epoch: 48, best loss: 0.107582
[2025-02-21 08:48:44;INFO]----------------------------------------------------------------------------------------------------

[2025-02-21 08:48:44;INFO]Current Epoch: 49 / 500 | Learning Rate : 0.0010000000000002162
[2025-02-21 08:48:44;INFO]Train | Loss : 0.105273 | ACC : 3150/3150 (100.000%)
[2025-02-21 08:48:45;INFO]Valid | Loss : 0.100973 | ACC : 1349/1350 (99.926%)
[2025-02-21 08:48:45;INFO]      | Loss dropped from 0.107582 to 0.100973, model has been saved!

[2025-02-21 08:48:45;INFO]best epoch: 49, best loss: 0.100973
[2025-02-21 08:48:45;INFO]----------------------------------------------------------------------------------------------------

[2025-02-21 08:48:45;INFO]Current Epoch: 50 / 500 | Learning Rate : 0.00014644660940674238
[2025-02-21 08:48:45;INFO]Train | Loss : 0.104113 | ACC : 3150/3150 (100.000%)
[2025-02-21 08:48:46;INFO]Valid | Loss : 0.096065 | ACC : 1349/1350 (99.926%)
[2025-02-21 08:48:46;INFO]      | Loss dropped from 0.100973 to 0.096065, model has been saved!

[2025-02-21 08:48:46;INFO]best epoch: 50, best loss: 0.096065
[2025-02-21 08:48:46;INFO]----------------------------------------------------------------------------------------------------

[2025-02-21 08:48:46;INFO]Current Epoch: 51 / 500 | Learning Rate : 0.0005000000000000591
[2025-02-21 08:48:47;INFO]Train | Loss : 0.100678 | ACC : 3150/3150 (100.000%)
[2025-02-21 08:48:47;INFO]Valid | Loss : 0.144020 | ACC : 1349/1350 (99.926%)
[2025-02-21 08:48:47;INFO]      | Loss didn't drop!

[2025-02-21 08:48:47;INFO]best epoch: 50, best loss: 0.096065
[2025-02-21 08:48:47;INFO]----------------------------------------------------------------------------------------------------

[2025-02-21 08:48:47;INFO]Current Epoch: 52 / 500 | Learning Rate : 0.0008535533905933027
[2025-02-21 08:48:48;INFO]Train | Loss : 0.099942 | ACC : 3150/3150 (100.000%)
[2025-02-21 08:48:48;INFO]Valid | Loss : 0.095130 | ACC : 1349/1350 (99.926%)
[2025-02-21 08:48:48;INFO]      | Loss dropped from 0.096065 to 0.095130, model has been saved!

[2025-02-21 08:48:48;INFO]best epoch: 52, best loss: 0.095130
[2025-02-21 08:48:48;INFO]----------------------------------------------------------------------------------------------------

[2025-02-21 08:48:48;INFO]Current Epoch: 53 / 500 | Learning Rate : 0.0
[2025-02-21 08:48:49;INFO]Train | Loss : 0.099373 | ACC : 3150/3150 (100.000%)
[2025-02-21 08:48:49;INFO]Valid | Loss : 0.122971 | ACC : 1349/1350 (99.926%)
[2025-02-21 08:48:49;INFO]      | Loss didn't drop!

[2025-02-21 08:48:49;INFO]best epoch: 52, best loss: 0.095130
[2025-02-21 08:48:49;INFO]----------------------------------------------------------------------------------------------------

[2025-02-21 08:48:49;INFO]Current Epoch: 54 / 500 | Learning Rate : 0.0008535533905932371
[2025-02-21 08:48:50;INFO]Train | Loss : 0.097250 | ACC : 3150/3150 (100.000%)
[2025-02-21 08:48:50;INFO]Valid | Loss : 0.096841 | ACC : 1349/1350 (99.926%)
[2025-02-21 08:48:50;INFO]      | Loss didn't drop!

[2025-02-21 08:48:50;INFO]best epoch: 52, best loss: 0.095130
[2025-02-21 08:48:50;INFO]----------------------------------------------------------------------------------------------------

[2025-02-21 08:48:50;INFO]Current Epoch: 55 / 500 | Learning Rate : 0.0004999999999999381
[2025-02-21 08:48:51;INFO]Train | Loss : 0.096154 | ACC : 3150/3150 (100.000%)
[2025-02-21 08:48:51;INFO]Valid | Loss : 0.085582 | ACC : 1349/1350 (99.926%)
[2025-02-21 08:48:51;INFO]      | Loss dropped from 0.095130 to 0.085582, model has been saved!

[2025-02-21 08:48:51;INFO]best epoch: 55, best loss: 0.085582
[2025-02-21 08:48:51;INFO]----------------------------------------------------------------------------------------------------

[2025-02-21 08:48:51;INFO]Current Epoch: 56 / 500 | Learning Rate : 0.00014644660940671717
[2025-02-21 08:48:52;INFO]Train | Loss : 0.092432 | ACC : 3150/3150 (100.000%)
[2025-02-21 08:48:52;INFO]Valid | Loss : 0.137455 | ACC : 1349/1350 (99.926%)
[2025-02-21 08:48:52;INFO]      | Loss didn't drop!

[2025-02-21 08:48:52;INFO]best epoch: 55, best loss: 0.085582
[2025-02-21 08:48:52;INFO]----------------------------------------------------------------------------------------------------

[2025-02-21 08:48:52;INFO]Current Epoch: 57 / 500 | Learning Rate : 0.0010000000000001355
[2025-02-21 08:48:53;INFO]Train | Loss : 0.091061 | ACC : 3150/3150 (100.000%)
[2025-02-21 08:48:53;INFO]Valid | Loss : 0.085109 | ACC : 1349/1350 (99.926%)
[2025-02-21 08:48:53;INFO]      | Loss dropped from 0.085582 to 0.085109, model has been saved!

[2025-02-21 08:48:53;INFO]best epoch: 57, best loss: 0.085109
[2025-02-21 08:48:53;INFO]----------------------------------------------------------------------------------------------------

[2025-02-21 08:48:53;INFO]Current Epoch: 58 / 500 | Learning Rate : 0.00014644660940672387
[2025-02-21 08:48:54;INFO]Train | Loss : 0.089973 | ACC : 3150/3150 (100.000%)
[2025-02-21 08:48:54;INFO]Valid | Loss : 0.093592 | ACC : 1349/1350 (99.926%)
[2025-02-21 08:48:54;INFO]      | Loss didn't drop!

[2025-02-21 08:48:54;INFO]best epoch: 57, best loss: 0.085109
[2025-02-21 08:48:54;INFO]----------------------------------------------------------------------------------------------------

[2025-02-21 08:48:54;INFO]Current Epoch: 59 / 500 | Learning Rate : 0.0005000000000000343
[2025-02-21 08:48:55;INFO]Train | Loss : 0.086366 | ACC : 3150/3150 (100.000%)
[2025-02-21 08:48:55;INFO]Valid | Loss : 0.080332 | ACC : 1349/1350 (99.926%)
[2025-02-21 08:48:55;INFO]      | Loss dropped from 0.085109 to 0.080332, model has been saved!

[2025-02-21 08:48:55;INFO]best epoch: 59, best loss: 0.080332
[2025-02-21 08:48:55;INFO]----------------------------------------------------------------------------------------------------

[2025-02-21 08:48:55;INFO]Current Epoch: 60 / 500 | Learning Rate : 0.0008535533905935409
[2025-02-21 08:48:56;INFO]Train | Loss : 0.086391 | ACC : 3150/3150 (100.000%)
[2025-02-21 08:48:56;INFO]Valid | Loss : 0.081761 | ACC : 1349/1350 (99.926%)
[2025-02-21 08:48:56;INFO]      | Loss didn't drop!

[2025-02-21 08:48:56;INFO]best epoch: 59, best loss: 0.080332
[2025-02-21 08:48:56;INFO]----------------------------------------------------------------------------------------------------

[2025-02-21 08:48:56;INFO]Current Epoch: 61 / 500 | Learning Rate : 0.0
[2025-02-21 08:48:57;INFO]Train | Loss : 0.085473 | ACC : 3150/3150 (100.000%)
[2025-02-21 08:48:57;INFO]Valid | Loss : 0.078853 | ACC : 1349/1350 (99.926%)
[2025-02-21 08:48:57;INFO]      | Loss dropped from 0.080332 to 0.078853, model has been saved!

[2025-02-21 08:48:57;INFO]best epoch: 61, best loss: 0.078853
[2025-02-21 08:48:57;INFO]----------------------------------------------------------------------------------------------------

[2025-02-21 08:48:57;INFO]Current Epoch: 62 / 500 | Learning Rate : 0.000853553390593165
[2025-02-21 08:48:58;INFO]Train | Loss : 0.082978 | ACC : 3150/3150 (100.000%)
[2025-02-21 08:48:58;INFO]Valid | Loss : 0.095993 | ACC : 1349/1350 (99.926%)
[2025-02-21 08:48:58;INFO]      | Loss didn't drop!

[2025-02-21 08:48:58;INFO]best epoch: 61, best loss: 0.078853
[2025-02-21 08:48:58;INFO]----------------------------------------------------------------------------------------------------

[2025-02-21 08:48:58;INFO]Current Epoch: 63 / 500 | Learning Rate : 0.000500000000000071
[2025-02-21 08:48:59;INFO]Train | Loss : 0.081037 | ACC : 3150/3150 (100.000%)
[2025-02-21 08:48:59;INFO]Valid | Loss : 0.081498 | ACC : 1349/1350 (99.926%)
[2025-02-21 08:48:59;INFO]      | Loss didn't drop!

[2025-02-21 08:48:59;INFO]best epoch: 61, best loss: 0.078853
[2025-02-21 08:48:59;INFO]----------------------------------------------------------------------------------------------------

[2025-02-21 08:48:59;INFO]Current Epoch: 64 / 500 | Learning Rate : 0.00014644660940674731
[2025-02-21 08:49:00;INFO]Train | Loss : 0.080181 | ACC : 3150/3150 (100.000%)
[2025-02-21 08:49:00;INFO]Valid | Loss : 0.110271 | ACC : 1349/1350 (99.926%)
[2025-02-21 08:49:00;INFO]      | Loss didn't drop!

[2025-02-21 08:49:00;INFO]best epoch: 61, best loss: 0.078853
[2025-02-21 08:49:00;INFO]----------------------------------------------------------------------------------------------------

[2025-02-21 08:49:00;INFO]Current Epoch: 65 / 500 | Learning Rate : 0.0010000000000000636
[2025-02-21 08:49:01;INFO]Train | Loss : 0.079160 | ACC : 3150/3150 (100.000%)
[2025-02-21 08:49:02;INFO]Valid | Loss : 0.073096 | ACC : 1349/1350 (99.926%)
[2025-02-21 08:49:02;INFO]      | Loss dropped from 0.078853 to 0.073096, model has been saved!

[2025-02-21 08:49:02;INFO]best epoch: 65, best loss: 0.073096
[2025-02-21 08:49:02;INFO]----------------------------------------------------------------------------------------------------

[2025-02-21 08:49:02;INFO]Current Epoch: 66 / 500 | Learning Rate : 0.0001464466094067769
[2025-02-21 08:49:02;INFO]Train | Loss : 0.080374 | ACC : 3150/3150 (100.000%)
[2025-02-21 08:49:03;INFO]Valid | Loss : 0.177427 | ACC : 1347/1350 (99.778%)
[2025-02-21 08:49:03;INFO]      | Loss didn't drop!

[2025-02-21 08:49:03;INFO]best epoch: 65, best loss: 0.073096
[2025-02-21 08:49:03;INFO]----------------------------------------------------------------------------------------------------

[2025-02-21 08:49:03;INFO]Current Epoch: 67 / 500 | Learning Rate : 0.0005000000000001566
[2025-02-21 08:49:03;INFO]Train | Loss : 0.078625 | ACC : 3150/3150 (100.000%)
[2025-02-21 08:49:04;INFO]Valid | Loss : 0.115204 | ACC : 1349/1350 (99.926%)
[2025-02-21 08:49:04;INFO]      | Loss didn't drop!

[2025-02-21 08:49:04;INFO]best epoch: 65, best loss: 0.073096
[2025-02-21 08:49:04;INFO]----------------------------------------------------------------------------------------------------

[2025-02-21 08:49:04;INFO]Current Epoch: 68 / 500 | Learning Rate : 0.000853553390593194
[2025-02-21 08:49:05;INFO]Train | Loss : 0.076269 | ACC : 3150/3150 (100.000%)
[2025-02-21 08:49:05;INFO]Valid | Loss : 0.071475 | ACC : 1349/1350 (99.926%)
[2025-02-21 08:49:05;INFO]      | Loss dropped from 0.073096 to 0.071475, model has been saved!

[2025-02-21 08:49:05;INFO]best epoch: 68, best loss: 0.071475
[2025-02-21 08:49:05;INFO]----------------------------------------------------------------------------------------------------

[2025-02-21 08:49:05;INFO]Current Epoch: 69 / 500 | Learning Rate : 0.0
[2025-02-21 08:49:06;INFO]Train | Loss : 0.073904 | ACC : 3150/3150 (100.000%)
[2025-02-21 08:49:06;INFO]Valid | Loss : 0.070481 | ACC : 1349/1350 (99.926%)
[2025-02-21 08:49:06;INFO]      | Loss dropped from 0.071475 to 0.070481, model has been saved!

[2025-02-21 08:49:06;INFO]best epoch: 69, best loss: 0.070481
[2025-02-21 08:49:06;INFO]----------------------------------------------------------------------------------------------------

[2025-02-21 08:49:06;INFO]Current Epoch: 70 / 500 | Learning Rate : 0.0008535533905934297
[2025-02-21 08:49:07;INFO]Train | Loss : 0.073096 | ACC : 3150/3150 (100.000%)
[2025-02-21 08:49:07;INFO]Valid | Loss : 0.074150 | ACC : 1349/1350 (99.926%)
[2025-02-21 08:49:07;INFO]      | Loss didn't drop!

[2025-02-21 08:49:07;INFO]best epoch: 69, best loss: 0.070481
[2025-02-21 08:49:07;INFO]----------------------------------------------------------------------------------------------------

[2025-02-21 08:49:07;INFO]Current Epoch: 71 / 500 | Learning Rate : 0.0004999999999998388
[2025-02-21 08:49:08;INFO]Train | Loss : 0.072874 | ACC : 3150/3150 (100.000%)
[2025-02-21 08:49:08;INFO]Valid | Loss : 0.074277 | ACC : 1349/1350 (99.926%)
[2025-02-21 08:49:08;INFO]      | Loss didn't drop!

[2025-02-21 08:49:08;INFO]best epoch: 69, best loss: 0.070481
[2025-02-21 08:49:08;INFO]----------------------------------------------------------------------------------------------------

[2025-02-21 08:49:08;INFO]Current Epoch: 72 / 500 | Learning Rate : 0.00014644660940669072
[2025-02-21 08:49:09;INFO]Train | Loss : 0.070727 | ACC : 3150/3150 (100.000%)
[2025-02-21 08:49:09;INFO]Valid | Loss : 0.064377 | ACC : 1349/1350 (99.926%)
[2025-02-21 08:49:09;INFO]      | Loss dropped from 0.070481 to 0.064377, model has been saved!

[2025-02-21 08:49:09;INFO]best epoch: 72, best loss: 0.064377
[2025-02-21 08:49:09;INFO]----------------------------------------------------------------------------------------------------

[2025-02-21 08:49:09;INFO]Current Epoch: 73 / 500 | Learning Rate : 0.0009999999999999907
[2025-02-21 08:49:10;INFO]Train | Loss : 0.067895 | ACC : 3150/3150 (100.000%)
[2025-02-21 08:49:10;INFO]Valid | Loss : 0.066240 | ACC : 1349/1350 (99.926%)
[2025-02-21 08:49:10;INFO]      | Loss didn't drop!

[2025-02-21 08:49:10;INFO]best epoch: 72, best loss: 0.064377
[2025-02-21 08:49:10;INFO]----------------------------------------------------------------------------------------------------

[2025-02-21 08:49:10;INFO]Current Epoch: 74 / 500 | Learning Rate : 0.00014644660940676846
[2025-02-21 08:49:11;INFO]Train | Loss : 0.067562 | ACC : 3150/3150 (100.000%)
[2025-02-21 08:49:11;INFO]Valid | Loss : 0.068917 | ACC : 1349/1350 (99.926%)
[2025-02-21 08:49:11;INFO]      | Loss didn't drop!

[2025-02-21 08:49:11;INFO]best epoch: 72, best loss: 0.064377
[2025-02-21 08:49:11;INFO]----------------------------------------------------------------------------------------------------

[2025-02-21 08:49:11;INFO]Current Epoch: 75 / 500 | Learning Rate : 0.000500000000000146
[2025-02-21 08:49:12;INFO]Train | Loss : 0.067638 | ACC : 3150/3150 (100.000%)
[2025-02-21 08:49:12;INFO]Valid | Loss : 0.073295 | ACC : 1349/1350 (99.926%)
[2025-02-21 08:49:12;INFO]      | Loss didn't drop!

[2025-02-21 08:49:12;INFO]best epoch: 72, best loss: 0.064377
[2025-02-21 08:49:12;INFO]----------------------------------------------------------------------------------------------------

[2025-02-21 08:49:12;INFO]Current Epoch: 76 / 500 | Learning Rate : 0.0008535533905931065
[2025-02-21 08:49:13;INFO]Train | Loss : 0.066092 | ACC : 3150/3150 (100.000%)
[2025-02-21 08:49:13;INFO]Valid | Loss : 0.060563 | ACC : 1349/1350 (99.926%)
[2025-02-21 08:49:13;INFO]      | Loss dropped from 0.064377 to 0.060563, model has been saved!

[2025-02-21 08:49:13;INFO]best epoch: 76, best loss: 0.060563
[2025-02-21 08:49:13;INFO]----------------------------------------------------------------------------------------------------

[2025-02-21 08:49:13;INFO]Current Epoch: 77 / 500 | Learning Rate : 0.0
[2025-02-21 08:49:14;INFO]Train | Loss : 0.063679 | ACC : 3150/3150 (100.000%)
[2025-02-21 08:49:14;INFO]Valid | Loss : 0.066632 | ACC : 1349/1350 (99.926%)
[2025-02-21 08:49:14;INFO]      | Loss didn't drop!

[2025-02-21 08:49:14;INFO]best epoch: 76, best loss: 0.060563
[2025-02-21 08:49:14;INFO]----------------------------------------------------------------------------------------------------

[2025-02-21 08:49:14;INFO]Current Epoch: 78 / 500 | Learning Rate : 0.0008535533905933459
[2025-02-21 08:49:15;INFO]Train | Loss : 0.061750 | ACC : 3150/3150 (100.000%)
[2025-02-21 08:49:15;INFO]Valid | Loss : 0.063278 | ACC : 1349/1350 (99.926%)
[2025-02-21 08:49:15;INFO]      | Loss didn't drop!

[2025-02-21 08:49:15;INFO]best epoch: 76, best loss: 0.060563
[2025-02-21 08:49:15;INFO]----------------------------------------------------------------------------------------------------

[2025-02-21 08:49:15;INFO]Current Epoch: 79 / 500 | Learning Rate : 0.0005000000000001948
[2025-02-21 08:49:16;INFO]Train | Loss : 0.062119 | ACC : 3150/3150 (100.000%)
[2025-02-21 08:49:16;INFO]Valid | Loss : 0.060519 | ACC : 1349/1350 (99.926%)
[2025-02-21 08:49:16;INFO]      | Loss dropped from 0.060563 to 0.060519, model has been saved!

[2025-02-21 08:49:16;INFO]best epoch: 79, best loss: 0.060519
[2025-02-21 08:49:16;INFO]----------------------------------------------------------------------------------------------------

[2025-02-21 08:49:16;INFO]Current Epoch: 80 / 500 | Learning Rate : 0.00014644660940678372
[2025-02-21 08:49:17;INFO]Train | Loss : 0.062206 | ACC : 3150/3150 (100.000%)
[2025-02-21 08:49:17;INFO]Valid | Loss : 0.085350 | ACC : 1349/1350 (99.926%)
[2025-02-21 08:49:17;INFO]      | Loss didn't drop!

[2025-02-21 08:49:17;INFO]best epoch: 79, best loss: 0.060519
[2025-02-21 08:49:17;INFO]----------------------------------------------------------------------------------------------------

[2025-02-21 08:49:17;INFO]Current Epoch: 81 / 500 | Learning Rate : 0.0010000000000006406
[2025-02-21 08:49:18;INFO]Train | Loss : 0.060908 | ACC : 3150/3150 (100.000%)
[2025-02-21 08:49:18;INFO]Valid | Loss : 0.055766 | ACC : 1349/1350 (99.926%)
[2025-02-21 08:49:18;INFO]      | Loss dropped from 0.060519 to 0.055766, model has been saved!

[2025-02-21 08:49:18;INFO]best epoch: 81, best loss: 0.055766
[2025-02-21 08:49:18;INFO]----------------------------------------------------------------------------------------------------

[2025-02-21 08:49:18;INFO]Current Epoch: 82 / 500 | Learning Rate : 0.00014644660940673983
[2025-02-21 08:49:19;INFO]Train | Loss : 0.060067 | ACC : 3150/3150 (100.000%)
[2025-02-21 08:49:19;INFO]Valid | Loss : 0.088238 | ACC : 1349/1350 (99.926%)
[2025-02-21 08:49:19;INFO]      | Loss didn't drop!

[2025-02-21 08:49:19;INFO]best epoch: 81, best loss: 0.055766
[2025-02-21 08:49:19;INFO]----------------------------------------------------------------------------------------------------

[2025-02-21 08:49:19;INFO]Current Epoch: 83 / 500 | Learning Rate : 0.0005000000000001073
[2025-02-21 08:49:20;INFO]Train | Loss : 0.056808 | ACC : 3150/3150 (100.000%)
[2025-02-21 08:49:20;INFO]Valid | Loss : 0.056624 | ACC : 1349/1350 (99.926%)
[2025-02-21 08:49:20;INFO]      | Loss didn't drop!

[2025-02-21 08:49:20;INFO]best epoch: 81, best loss: 0.055766
[2025-02-21 08:49:20;INFO]----------------------------------------------------------------------------------------------------

[2025-02-21 08:49:20;INFO]Current Epoch: 84 / 500 | Learning Rate : 0.0008535533905936628
[2025-02-21 08:49:21;INFO]Train | Loss : 0.057582 | ACC : 3150/3150 (100.000%)
[2025-02-21 08:49:22;INFO]Valid | Loss : 0.055563 | ACC : 1349/1350 (99.926%)
[2025-02-21 08:49:22;INFO]      | Loss dropped from 0.055766 to 0.055563, model has been saved!

[2025-02-21 08:49:22;INFO]best epoch: 84, best loss: 0.055563
[2025-02-21 08:49:22;INFO]----------------------------------------------------------------------------------------------------

[2025-02-21 08:49:22;INFO]Current Epoch: 85 / 500 | Learning Rate : 0.0
[2025-02-21 08:49:22;INFO]Train | Loss : 0.056829 | ACC : 3150/3150 (100.000%)
[2025-02-21 08:49:23;INFO]Valid | Loss : 0.068876 | ACC : 1349/1350 (99.926%)
[2025-02-21 08:49:23;INFO]      | Loss didn't drop!

[2025-02-21 08:49:23;INFO]best epoch: 84, best loss: 0.055563
[2025-02-21 08:49:23;INFO]----------------------------------------------------------------------------------------------------

[2025-02-21 08:49:23;INFO]Current Epoch: 86 / 500 | Learning Rate : 0.0008535533905932943
[2025-02-21 08:49:23;INFO]Train | Loss : 0.056075 | ACC : 3150/3150 (100.000%)
[2025-02-21 08:49:24;INFO]Valid | Loss : 0.091221 | ACC : 1348/1350 (99.852%)
[2025-02-21 08:49:24;INFO]      | Loss didn't drop!

[2025-02-21 08:49:24;INFO]best epoch: 84, best loss: 0.055563
[2025-02-21 08:49:24;INFO]----------------------------------------------------------------------------------------------------

[2025-02-21 08:49:24;INFO]Current Epoch: 87 / 500 | Learning Rate : 0.0005000000000001333
[2025-02-21 08:49:25;INFO]Train | Loss : 0.055834 | ACC : 3150/3150 (100.000%)
[2025-02-21 08:49:25;INFO]Valid | Loss : 0.057325 | ACC : 1349/1350 (99.926%)
[2025-02-21 08:49:25;INFO]      | Loss didn't drop!

[2025-02-21 08:49:25;INFO]best epoch: 84, best loss: 0.055563
[2025-02-21 08:49:25;INFO]----------------------------------------------------------------------------------------------------

[2025-02-21 08:49:25;INFO]Current Epoch: 88 / 500 | Learning Rate : 0.00014644660940677106
[2025-02-21 08:49:26;INFO]Train | Loss : 0.054701 | ACC : 3150/3150 (100.000%)
[2025-02-21 08:49:26;INFO]Valid | Loss : 0.062746 | ACC : 1349/1350 (99.926%)
[2025-02-21 08:49:26;INFO]      | Loss didn't drop!

[2025-02-21 08:49:26;INFO]best epoch: 84, best loss: 0.055563
[2025-02-21 08:49:26;INFO]----------------------------------------------------------------------------------------------------

[2025-02-21 08:49:26;INFO]Current Epoch: 89 / 500 | Learning Rate : 0.000999999999999838
[2025-02-21 08:49:27;INFO]Train | Loss : 0.052086 | ACC : 3150/3150 (100.000%)
[2025-02-21 08:49:27;INFO]Valid | Loss : 0.050540 | ACC : 1349/1350 (99.926%)
[2025-02-21 08:49:27;INFO]      | Loss dropped from 0.055563 to 0.050540, model has been saved!

[2025-02-21 08:49:27;INFO]best epoch: 89, best loss: 0.050540
[2025-02-21 08:49:27;INFO]----------------------------------------------------------------------------------------------------

[2025-02-21 08:49:27;INFO]Current Epoch: 90 / 500 | Learning Rate : 0.0001464466094067515
[2025-02-21 08:49:28;INFO]Train | Loss : 0.052217 | ACC : 3150/3150 (100.000%)
[2025-02-21 08:49:28;INFO]Valid | Loss : 0.046919 | ACC : 1349/1350 (99.926%)
[2025-02-21 08:49:28;INFO]      | Loss dropped from 0.050540 to 0.046919, model has been saved!

[2025-02-21 08:49:28;INFO]best epoch: 90, best loss: 0.046919
[2025-02-21 08:49:28;INFO]----------------------------------------------------------------------------------------------------

[2025-02-21 08:49:28;INFO]Current Epoch: 91 / 500 | Learning Rate : 0.0005000000000000683
[2025-02-21 08:49:29;INFO]Train | Loss : 0.051164 | ACC : 3150/3150 (100.000%)
[2025-02-21 08:49:29;INFO]Valid | Loss : 0.068532 | ACC : 1349/1350 (99.926%)
[2025-02-21 08:49:29;INFO]      | Loss didn't drop!

[2025-02-21 08:49:29;INFO]best epoch: 90, best loss: 0.046919
[2025-02-21 08:49:29;INFO]----------------------------------------------------------------------------------------------------

[2025-02-21 08:49:29;INFO]Current Epoch: 92 / 500 | Learning Rate : 0.0008535533905929878
[2025-02-21 08:49:30;INFO]Train | Loss : 0.052273 | ACC : 3150/3150 (100.000%)
[2025-02-21 08:49:30;INFO]Valid | Loss : 0.048688 | ACC : 1349/1350 (99.926%)
[2025-02-21 08:49:30;INFO]      | Loss didn't drop!

[2025-02-21 08:49:30;INFO]best epoch: 90, best loss: 0.046919
[2025-02-21 08:49:30;INFO]----------------------------------------------------------------------------------------------------

[2025-02-21 08:49:30;INFO]Current Epoch: 93 / 500 | Learning Rate : 0.0
[2025-02-21 08:49:31;INFO]Train | Loss : 0.048793 | ACC : 3150/3150 (100.000%)
[2025-02-21 08:49:31;INFO]Valid | Loss : 0.051616 | ACC : 1349/1350 (99.926%)
[2025-02-21 08:49:31;INFO]      | Loss didn't drop!

[2025-02-21 08:49:31;INFO]best epoch: 90, best loss: 0.046919
[2025-02-21 08:49:31;INFO]----------------------------------------------------------------------------------------------------

[2025-02-21 08:49:31;INFO]Current Epoch: 94 / 500 | Learning Rate : 0.0008535533905932314
[2025-02-21 08:49:32;INFO]Train | Loss : 0.051608 | ACC : 3149/3150 (99.968%)
[2025-02-21 08:49:32;INFO]Valid | Loss : 0.136356 | ACC : 1347/1350 (99.778%)
[2025-02-21 08:49:32;INFO]      | Loss didn't drop!

[2025-02-21 08:49:32;INFO]best epoch: 90, best loss: 0.046919
[2025-02-21 08:49:32;INFO]----------------------------------------------------------------------------------------------------

[2025-02-21 08:49:32;INFO]Current Epoch: 95 / 500 | Learning Rate : 0.0005000000000001003
[2025-02-21 08:49:33;INFO]Train | Loss : 0.052239 | ACC : 3150/3150 (100.000%)
[2025-02-21 08:49:33;INFO]Valid | Loss : 0.142323 | ACC : 1348/1350 (99.852%)
[2025-02-21 08:49:33;INFO]      | Loss didn't drop!

[2025-02-21 08:49:33;INFO]best epoch: 90, best loss: 0.046919
[2025-02-21 08:49:33;INFO]----------------------------------------------------------------------------------------------------

[2025-02-21 08:49:33;INFO]Current Epoch: 96 / 500 | Learning Rate : 0.00014644660940675837
[2025-02-21 08:49:34;INFO]Train | Loss : 0.050251 | ACC : 3150/3150 (100.000%)
[2025-02-21 08:49:34;INFO]Valid | Loss : 0.726805 | ACC : 1036/1350 (76.741%)
[2025-02-21 08:49:34;INFO]      | Loss didn't drop!

[2025-02-21 08:49:34;INFO]best epoch: 90, best loss: 0.046919
[2025-02-21 08:49:34;INFO]----------------------------------------------------------------------------------------------------

[2025-02-21 08:49:34;INFO]Current Epoch: 97 / 500 | Learning Rate : 0.0010000000000004873
[2025-02-21 08:49:35;INFO]Train | Loss : 0.055609 | ACC : 3144/3150 (99.810%)
[2025-02-21 08:49:35;INFO]Valid | Loss : 0.058788 | ACC : 1349/1350 (99.926%)
[2025-02-21 08:49:35;INFO]      | Loss didn't drop!

[2025-02-21 08:49:35;INFO]best epoch: 90, best loss: 0.046919
[2025-02-21 08:49:35;INFO]----------------------------------------------------------------------------------------------------

[2025-02-21 08:49:35;INFO]Current Epoch: 98 / 500 | Learning Rate : 0.00014644660940682722
[2025-02-21 08:49:36;INFO]Train | Loss : 0.105121 | ACC : 3128/3150 (99.302%)
[2025-02-21 08:49:36;INFO]Valid | Loss : 6.930185 | ACC : 469/1350 (34.741%)
[2025-02-21 08:49:36;INFO]      | Loss didn't drop!

[2025-02-21 08:49:36;INFO]best epoch: 90, best loss: 0.046919
[2025-02-21 08:49:36;INFO]----------------------------------------------------------------------------------------------------

[2025-02-21 08:49:36;INFO]Current Epoch: 99 / 500 | Learning Rate : 0.0005000000000003854
[2025-02-21 08:49:37;INFO]Train | Loss : 0.084539 | ACC : 3140/3150 (99.683%)
[2025-02-21 08:49:38;INFO]Valid | Loss : 1.659379 | ACC : 897/1350 (66.444%)
[2025-02-21 08:49:38;INFO]      | Loss didn't drop!

[2025-02-21 08:49:38;INFO]best epoch: 90, best loss: 0.046919
[2025-02-21 08:49:38;INFO]----------------------------------------------------------------------------------------------------

[2025-02-21 08:49:38;INFO]Current Epoch: 100 / 500 | Learning Rate : 0.000853553390593544
[2025-02-21 08:49:38;INFO]Train | Loss : 0.068612 | ACC : 3141/3150 (99.714%)
[2025-02-21 08:49:39;INFO]Valid | Loss : 0.075350 | ACC : 1348/1350 (99.852%)
[2025-02-21 08:49:39;INFO]      | Loss didn't drop!

[2025-02-21 08:49:39;INFO]best epoch: 90, best loss: 0.046919
[2025-02-21 08:49:39;INFO]----------------------------------------------------------------------------------------------------

[2025-02-21 08:49:39;INFO]Current Epoch: 101 / 500 | Learning Rate : 0.0
[2025-02-21 08:49:40;INFO]Train | Loss : 0.062536 | ACC : 3145/3150 (99.841%)
[2025-02-21 08:49:40;INFO]Valid | Loss : 0.326823 | ACC : 1137/1350 (84.222%)
[2025-02-21 08:49:40;INFO]      | Loss didn't drop!

[2025-02-21 08:49:40;INFO]best epoch: 90, best loss: 0.046919
[2025-02-21 08:49:40;INFO]----------------------------------------------------------------------------------------------------

[2025-02-21 08:49:40;INFO]Current Epoch: 102 / 500 | Learning Rate : 0.000853553390593783
[2025-02-21 08:49:41;INFO]Train | Loss : 0.054656 | ACC : 3148/3150 (99.937%)
[2025-02-21 08:49:41;INFO]Valid | Loss : 0.080414 | ACC : 1349/1350 (99.926%)
[2025-02-21 08:49:41;INFO]      | Loss didn't drop!

[2025-02-21 08:49:41;INFO]best epoch: 90, best loss: 0.046919
[2025-02-21 08:49:41;INFO]----------------------------------------------------------------------------------------------------

[2025-02-21 08:49:41;INFO]Current Epoch: 103 / 500 | Learning Rate : 0.0005000000000000626
[2025-02-21 08:49:42;INFO]Train | Loss : 0.047889 | ACC : 3149/3150 (99.968%)
[2025-02-21 08:49:42;INFO]Valid | Loss : 0.068927 | ACC : 1349/1350 (99.926%)
[2025-02-21 08:49:42;INFO]      | Loss didn't drop!

[2025-02-21 08:49:42;INFO]best epoch: 90, best loss: 0.046919
[2025-02-21 08:49:42;INFO]----------------------------------------------------------------------------------------------------

[2025-02-21 08:49:42;INFO]Current Epoch: 104 / 500 | Learning Rate : 0.00014644660940674444
[2025-02-21 08:49:43;INFO]Train | Loss : 0.047241 | ACC : 3149/3150 (99.968%)
[2025-02-21 08:49:43;INFO]Valid | Loss : 0.063641 | ACC : 1349/1350 (99.926%)
[2025-02-21 08:49:43;INFO]      | Loss didn't drop!

[2025-02-21 08:49:43;INFO]best epoch: 90, best loss: 0.046919
[2025-02-21 08:49:43;INFO]----------------------------------------------------------------------------------------------------

[2025-02-21 08:49:43;INFO]Current Epoch: 105 / 500 | Learning Rate : 0.001000000000000415
[2025-02-21 08:49:44;INFO]Train | Loss : 0.044783 | ACC : 3150/3150 (100.000%)
[2025-02-21 08:49:44;INFO]Valid | Loss : 0.045041 | ACC : 1349/1350 (99.926%)
[2025-02-21 08:49:44;INFO]      | Loss dropped from 0.046919 to 0.045041, model has been saved!

[2025-02-21 08:49:44;INFO]best epoch: 105, best loss: 0.045041
[2025-02-21 08:49:44;INFO]----------------------------------------------------------------------------------------------------

[2025-02-21 08:49:44;INFO]Current Epoch: 106 / 500 | Learning Rate : 0.00014644660940671305
[2025-02-21 08:49:45;INFO]Train | Loss : 0.044861 | ACC : 3150/3150 (100.000%)
[2025-02-21 08:49:46;INFO]Valid | Loss : 0.070353 | ACC : 1349/1350 (99.926%)
[2025-02-21 08:49:46;INFO]      | Loss didn't drop!

[2025-02-21 08:49:46;INFO]best epoch: 105, best loss: 0.045041
[2025-02-21 08:49:46;INFO]----------------------------------------------------------------------------------------------------

[2025-02-21 08:49:46;INFO]Current Epoch: 107 / 500 | Learning Rate : 0.0004999999999999858
[2025-02-21 08:49:47;INFO]Train | Loss : 0.043884 | ACC : 3150/3150 (100.000%)
[2025-02-21 08:49:47;INFO]Valid | Loss : 0.042981 | ACC : 1349/1350 (99.926%)
[2025-02-21 08:49:47;INFO]      | Loss dropped from 0.045041 to 0.042981, model has been saved!

[2025-02-21 08:49:47;INFO]best epoch: 107, best loss: 0.042981
[2025-02-21 08:49:47;INFO]----------------------------------------------------------------------------------------------------

[2025-02-21 08:49:47;INFO]Current Epoch: 108 / 500 | Learning Rate : 0.0008535533905928404
[2025-02-21 08:49:49;INFO]Train | Loss : 0.042285 | ACC : 3150/3150 (100.000%)
[2025-02-21 08:49:49;INFO]Valid | Loss : 0.041912 | ACC : 1349/1350 (99.926%)
[2025-02-21 08:49:49;INFO]      | Loss dropped from 0.042981 to 0.041912, model has been saved!

[2025-02-21 08:49:49;INFO]best epoch: 108, best loss: 0.041912
[2025-02-21 08:49:49;INFO]----------------------------------------------------------------------------------------------------

[2025-02-21 08:49:49;INFO]Current Epoch: 109 / 500 | Learning Rate : 0.0
[2025-02-21 08:49:50;INFO]Train | Loss : 0.041211 | ACC : 3150/3150 (100.000%)
[2025-02-21 08:49:51;INFO]Valid | Loss : 0.058427 | ACC : 1349/1350 (99.926%)
[2025-02-21 08:49:51;INFO]      | Loss didn't drop!

[2025-02-21 08:49:51;INFO]best epoch: 108, best loss: 0.041912
[2025-02-21 08:49:51;INFO]----------------------------------------------------------------------------------------------------

[2025-02-21 08:49:51;INFO]Current Epoch: 110 / 500 | Learning Rate : 0.000853553390593719
[2025-02-21 08:49:52;INFO]Train | Loss : 0.040941 | ACC : 3150/3150 (100.000%)
[2025-02-21 08:49:52;INFO]Valid | Loss : 0.042961 | ACC : 1349/1350 (99.926%)
[2025-02-21 08:49:52;INFO]      | Loss didn't drop!

[2025-02-21 08:49:52;INFO]best epoch: 108, best loss: 0.041912
[2025-02-21 08:49:52;INFO]----------------------------------------------------------------------------------------------------

[2025-02-21 08:49:52;INFO]Current Epoch: 111 / 500 | Learning Rate : 0.0005000000000000009
[2025-02-21 08:49:54;INFO]Train | Loss : 0.041975 | ACC : 3150/3150 (100.000%)
[2025-02-21 08:49:54;INFO]Valid | Loss : 0.043060 | ACC : 1349/1350 (99.926%)
[2025-02-21 08:49:54;INFO]      | Loss didn't drop!

[2025-02-21 08:49:54;INFO]best epoch: 108, best loss: 0.041912
[2025-02-21 08:49:54;INFO]----------------------------------------------------------------------------------------------------

[2025-02-21 08:49:54;INFO]Current Epoch: 112 / 500 | Learning Rate : 0.0001464466094067317
[2025-02-21 08:49:55;INFO]Train | Loss : 0.039217 | ACC : 3150/3150 (100.000%)
[2025-02-21 08:49:55;INFO]Valid | Loss : 0.062619 | ACC : 1349/1350 (99.926%)
[2025-02-21 08:49:55;INFO]      | Loss didn't drop!

[2025-02-21 08:49:55;INFO]best epoch: 108, best loss: 0.041912
[2025-02-21 08:49:55;INFO]----------------------------------------------------------------------------------------------------

[2025-02-21 08:49:55;INFO]Current Epoch: 113 / 500 | Learning Rate : 0.0010000000000003333
[2025-02-21 08:49:57;INFO]Train | Loss : 0.039155 | ACC : 3150/3150 (100.000%)
[2025-02-21 08:49:57;INFO]Valid | Loss : 0.037452 | ACC : 1349/1350 (99.926%)
[2025-02-21 08:49:57;INFO]      | Loss dropped from 0.041912 to 0.037452, model has been saved!

[2025-02-21 08:49:57;INFO]best epoch: 113, best loss: 0.037452
[2025-02-21 08:49:57;INFO]----------------------------------------------------------------------------------------------------

[2025-02-21 08:49:57;INFO]Current Epoch: 114 / 500 | Learning Rate : 0.0001464466094067046
[2025-02-21 08:49:59;INFO]Train | Loss : 0.039558 | ACC : 3150/3150 (100.000%)
[2025-02-21 08:49:59;INFO]Valid | Loss : 0.042031 | ACC : 1349/1350 (99.926%)
[2025-02-21 08:49:59;INFO]      | Loss didn't drop!

[2025-02-21 08:49:59;INFO]best epoch: 113, best loss: 0.037452
[2025-02-21 08:49:59;INFO]----------------------------------------------------------------------------------------------------

[2025-02-21 08:49:59;INFO]Current Epoch: 115 / 500 | Learning Rate : 0.0004999999999999749
[2025-02-21 08:50:01;INFO]Train | Loss : 0.036763 | ACC : 3150/3150 (100.000%)
[2025-02-21 08:50:01;INFO]Valid | Loss : 0.050229 | ACC : 1349/1350 (99.926%)
[2025-02-21 08:50:01;INFO]      | Loss didn't drop!

[2025-02-21 08:50:01;INFO]best epoch: 113, best loss: 0.037452
[2025-02-21 08:50:01;INFO]----------------------------------------------------------------------------------------------------

[2025-02-21 08:50:01;INFO]Current Epoch: 116 / 500 | Learning Rate : 0.0008535533905940328
[2025-02-21 08:50:03;INFO]Train | Loss : 0.036816 | ACC : 3150/3150 (100.000%)
[2025-02-21 08:50:03;INFO]Valid | Loss : 0.037791 | ACC : 1349/1350 (99.926%)
[2025-02-21 08:50:03;INFO]      | Loss didn't drop!

[2025-02-21 08:50:03;INFO]best epoch: 113, best loss: 0.037452
[2025-02-21 08:50:03;INFO]----------------------------------------------------------------------------------------------------

[2025-02-21 08:50:03;INFO]Current Epoch: 117 / 500 | Learning Rate : 0.0
[2025-02-21 08:50:05;INFO]Train | Loss : 0.037535 | ACC : 3150/3150 (100.000%)
[2025-02-21 08:50:05;INFO]Valid | Loss : 0.040225 | ACC : 1349/1350 (99.926%)
[2025-02-21 08:50:05;INFO]      | Loss didn't drop!

[2025-02-21 08:50:05;INFO]best epoch: 113, best loss: 0.037452
[2025-02-21 08:50:05;INFO]----------------------------------------------------------------------------------------------------

[2025-02-21 08:50:05;INFO]Current Epoch: 118 / 500 | Learning Rate : 0.0008535533905936482
[2025-02-21 08:50:07;INFO]Train | Loss : 0.034848 | ACC : 3150/3150 (100.000%)
[2025-02-21 08:50:07;INFO]Valid | Loss : 0.036050 | ACC : 1349/1350 (99.926%)
[2025-02-21 08:50:07;INFO]      | Loss dropped from 0.037452 to 0.036050, model has been saved!

[2025-02-21 08:50:07;INFO]best epoch: 118, best loss: 0.036050
[2025-02-21 08:50:07;INFO]----------------------------------------------------------------------------------------------------

[2025-02-21 08:50:07;INFO]Current Epoch: 119 / 500 | Learning Rate : 0.0004999999999999676
[2025-02-21 08:50:09;INFO]Train | Loss : 0.036070 | ACC : 3150/3150 (100.000%)
[2025-02-21 08:50:10;INFO]Valid | Loss : 0.034837 | ACC : 1349/1350 (99.926%)
[2025-02-21 08:50:10;INFO]      | Loss dropped from 0.036050 to 0.034837, model has been saved!

[2025-02-21 08:50:10;INFO]best epoch: 119, best loss: 0.034837
[2025-02-21 08:50:10;INFO]----------------------------------------------------------------------------------------------------

[2025-02-21 08:50:10;INFO]Current Epoch: 120 / 500 | Learning Rate : 0.00014644660940671913
[2025-02-21 08:50:11;INFO]Train | Loss : 0.034080 | ACC : 3150/3150 (100.000%)
[2025-02-21 08:50:12;INFO]Valid | Loss : 0.034276 | ACC : 1349/1350 (99.926%)
[2025-02-21 08:50:12;INFO]      | Loss dropped from 0.034837 to 0.034276, model has been saved!

[2025-02-21 08:50:12;INFO]best epoch: 120, best loss: 0.034276
[2025-02-21 08:50:12;INFO]----------------------------------------------------------------------------------------------------

[2025-02-21 08:50:12;INFO]Current Epoch: 121 / 500 | Learning Rate : 0.00099999999999954
[2025-02-21 08:50:14;INFO]Train | Loss : 0.034047 | ACC : 3150/3150 (100.000%)
[2025-02-21 08:50:14;INFO]Valid | Loss : 0.032653 | ACC : 1349/1350 (99.926%)
[2025-02-21 08:50:14;INFO]      | Loss dropped from 0.034276 to 0.032653, model has been saved!

[2025-02-21 08:50:14;INFO]best epoch: 121, best loss: 0.032653
[2025-02-21 08:50:14;INFO]----------------------------------------------------------------------------------------------------

[2025-02-21 08:50:14;INFO]Current Epoch: 122 / 500 | Learning Rate : 0.0001464466094068205
[2025-02-21 08:50:16;INFO]Train | Loss : 0.034259 | ACC : 3150/3150 (100.000%)
[2025-02-21 08:50:16;INFO]Valid | Loss : 0.038017 | ACC : 1349/1350 (99.926%)
[2025-02-21 08:50:16;INFO]      | Loss didn't drop!

[2025-02-21 08:50:16;INFO]best epoch: 121, best loss: 0.032653
[2025-02-21 08:50:16;INFO]----------------------------------------------------------------------------------------------------

[2025-02-21 08:50:16;INFO]Current Epoch: 123 / 500 | Learning Rate : 0.0005000000000002637
[2025-02-21 08:50:18;INFO]Train | Loss : 0.033152 | ACC : 3150/3150 (100.000%)
[2025-02-21 08:50:18;INFO]Valid | Loss : 0.033564 | ACC : 1349/1350 (99.926%)
[2025-02-21 08:50:18;INFO]      | Loss didn't drop!

[2025-02-21 08:50:18;INFO]best epoch: 121, best loss: 0.032653
[2025-02-21 08:50:18;INFO]----------------------------------------------------------------------------------------------------

[2025-02-21 08:50:18;INFO]Current Epoch: 124 / 500 | Learning Rate : 0.0008535533905933374
[2025-02-21 08:50:20;INFO]Train | Loss : 0.032041 | ACC : 3150/3150 (100.000%)
[2025-02-21 08:50:20;INFO]Valid | Loss : 0.031327 | ACC : 1349/1350 (99.926%)
[2025-02-21 08:50:20;INFO]      | Loss dropped from 0.032653 to 0.031327, model has been saved!

[2025-02-21 08:50:20;INFO]best epoch: 124, best loss: 0.031327
[2025-02-21 08:50:20;INFO]----------------------------------------------------------------------------------------------------

[2025-02-21 08:50:20;INFO]Current Epoch: 125 / 500 | Learning Rate : 0.0
[2025-02-21 08:50:22;INFO]Train | Loss : 0.033090 | ACC : 3150/3150 (100.000%)
[2025-02-21 08:50:22;INFO]Valid | Loss : 0.036388 | ACC : 1349/1350 (99.926%)
[2025-02-21 08:50:22;INFO]      | Loss didn't drop!

[2025-02-21 08:50:22;INFO]best epoch: 124, best loss: 0.031327
[2025-02-21 08:50:22;INFO]----------------------------------------------------------------------------------------------------

[2025-02-21 08:50:22;INFO]Current Epoch: 126 / 500 | Learning Rate : 0.0008535533905929886
[2025-02-21 08:50:24;INFO]Train | Loss : 0.031322 | ACC : 3150/3150 (100.000%)
[2025-02-21 08:50:25;INFO]Valid | Loss : 0.030955 | ACC : 1349/1350 (99.926%)
[2025-02-21 08:50:25;INFO]      | Loss dropped from 0.031327 to 0.030955, model has been saved!

[2025-02-21 08:50:25;INFO]best epoch: 126, best loss: 0.030955
[2025-02-21 08:50:25;INFO]----------------------------------------------------------------------------------------------------

[2025-02-21 08:50:25;INFO]Current Epoch: 127 / 500 | Learning Rate : 0.000500000000000324
[2025-02-21 08:50:26;INFO]Train | Loss : 0.032405 | ACC : 3150/3150 (100.000%)
[2025-02-21 08:50:27;INFO]Valid | Loss : 0.033822 | ACC : 1349/1350 (99.926%)
[2025-02-21 08:50:27;INFO]      | Loss didn't drop!

[2025-02-21 08:50:27;INFO]best epoch: 126, best loss: 0.030955
[2025-02-21 08:50:27;INFO]----------------------------------------------------------------------------------------------------

[2025-02-21 08:50:27;INFO]Current Epoch: 128 / 500 | Learning Rate : 0.0001464466094068323
[2025-02-21 08:50:29;INFO]Train | Loss : 0.031221 | ACC : 3150/3150 (100.000%)
[2025-02-21 08:50:29;INFO]Valid | Loss : 0.035944 | ACC : 1349/1350 (99.926%)
[2025-02-21 08:50:29;INFO]      | Loss didn't drop!

[2025-02-21 08:50:29;INFO]best epoch: 126, best loss: 0.030955
[2025-02-21 08:50:29;INFO]----------------------------------------------------------------------------------------------------

[2025-02-21 08:50:29;INFO]Current Epoch: 129 / 500 | Learning Rate : 0.0010000000000001893
[2025-02-21 08:50:31;INFO]Train | Loss : 0.029853 | ACC : 3150/3150 (100.000%)
[2025-02-21 08:50:31;INFO]Valid | Loss : 0.030146 | ACC : 1349/1350 (99.926%)
[2025-02-21 08:50:31;INFO]      | Loss dropped from 0.030955 to 0.030146, model has been saved!

[2025-02-21 08:50:31;INFO]best epoch: 129, best loss: 0.030146
[2025-02-21 08:50:31;INFO]----------------------------------------------------------------------------------------------------

[2025-02-21 08:50:31;INFO]Current Epoch: 130 / 500 | Learning Rate : 0.00014644660940677187
[2025-02-21 08:50:33;INFO]Train | Loss : 0.028648 | ACC : 3150/3150 (100.000%)
[2025-02-21 08:50:33;INFO]Valid | Loss : 0.032410 | ACC : 1349/1350 (99.926%)
[2025-02-21 08:50:33;INFO]      | Loss didn't drop!

[2025-02-21 08:50:33;INFO]best epoch: 129, best loss: 0.030146
[2025-02-21 08:50:33;INFO]----------------------------------------------------------------------------------------------------

[2025-02-21 08:50:33;INFO]Current Epoch: 131 / 500 | Learning Rate : 0.0005000000000002247
[2025-02-21 08:50:35;INFO]Train | Loss : 0.031240 | ACC : 3150/3150 (100.000%)
[2025-02-21 08:50:35;INFO]Valid | Loss : 0.070370 | ACC : 1349/1350 (99.926%)
[2025-02-21 08:50:35;INFO]      | Loss didn't drop!

[2025-02-21 08:50:35;INFO]best epoch: 129, best loss: 0.030146
[2025-02-21 08:50:35;INFO]----------------------------------------------------------------------------------------------------

[2025-02-21 08:50:35;INFO]Current Epoch: 132 / 500 | Learning Rate : 0.0008535533905926543
[2025-02-21 08:50:37;INFO]Train | Loss : 0.029888 | ACC : 3150/3150 (100.000%)
[2025-02-21 08:50:37;INFO]Valid | Loss : 0.031704 | ACC : 1349/1350 (99.926%)
[2025-02-21 08:50:37;INFO]      | Loss didn't drop!

[2025-02-21 08:50:37;INFO]best epoch: 129, best loss: 0.030146
[2025-02-21 08:50:37;INFO]----------------------------------------------------------------------------------------------------

[2025-02-21 08:50:37;INFO]Current Epoch: 133 / 500 | Learning Rate : 0.0
[2025-02-21 08:50:39;INFO]Train | Loss : 0.028984 | ACC : 3150/3150 (100.000%)
[2025-02-21 08:50:40;INFO]Valid | Loss : 0.033718 | ACC : 1349/1350 (99.926%)
[2025-02-21 08:50:40;INFO]      | Loss didn't drop!

[2025-02-21 08:50:40;INFO]best epoch: 129, best loss: 0.030146
[2025-02-21 08:50:40;INFO]----------------------------------------------------------------------------------------------------

[2025-02-21 08:50:40;INFO]Current Epoch: 134 / 500 | Learning Rate : 0.0008535533905941366
[2025-02-21 08:50:41;INFO]Train | Loss : 0.028855 | ACC : 3150/3150 (100.000%)
[2025-02-21 08:50:42;INFO]Valid | Loss : 0.031624 | ACC : 1349/1350 (99.926%)
[2025-02-21 08:50:42;INFO]      | Loss didn't drop!

[2025-02-21 08:50:42;INFO]best epoch: 129, best loss: 0.030146
[2025-02-21 08:50:42;INFO]----------------------------------------------------------------------------------------------------

[2025-02-21 08:50:42;INFO]Current Epoch: 135 / 500 | Learning Rate : 0.000499999999999954
[2025-02-21 08:50:43;INFO]Train | Loss : 0.027404 | ACC : 3150/3150 (100.000%)
[2025-02-21 08:50:44;INFO]Valid | Loss : 0.028243 | ACC : 1349/1350 (99.926%)
[2025-02-21 08:50:44;INFO]      | Loss dropped from 0.030146 to 0.028243, model has been saved!

[2025-02-21 08:50:44;INFO]best epoch: 135, best loss: 0.028243
[2025-02-21 08:50:44;INFO]----------------------------------------------------------------------------------------------------

[2025-02-21 08:50:44;INFO]Current Epoch: 136 / 500 | Learning Rate : 0.00014644660940669254
[2025-02-21 08:50:46;INFO]Train | Loss : 0.027540 | ACC : 3150/3150 (100.000%)
[2025-02-21 08:50:46;INFO]Valid | Loss : 0.031904 | ACC : 1349/1350 (99.926%)
[2025-02-21 08:50:46;INFO]      | Loss didn't drop!

[2025-02-21 08:50:46;INFO]best epoch: 135, best loss: 0.028243
[2025-02-21 08:50:46;INFO]----------------------------------------------------------------------------------------------------

[2025-02-21 08:50:46;INFO]Current Epoch: 137 / 500 | Learning Rate : 0.0010000000000001171
[2025-02-21 08:50:48;INFO]Train | Loss : 0.026807 | ACC : 3150/3150 (100.000%)
[2025-02-21 08:50:48;INFO]Valid | Loss : 0.028159 | ACC : 1349/1350 (99.926%)
[2025-02-21 08:50:48;INFO]      | Loss dropped from 0.028243 to 0.028159, model has been saved!

[2025-02-21 08:50:48;INFO]best epoch: 137, best loss: 0.028159
[2025-02-21 08:50:48;INFO]----------------------------------------------------------------------------------------------------

[2025-02-21 08:50:48;INFO]Current Epoch: 138 / 500 | Learning Rate : 0.00014644660940676333
[2025-02-21 08:50:50;INFO]Train | Loss : 0.026166 | ACC : 3150/3150 (100.000%)
[2025-02-21 08:50:50;INFO]Valid | Loss : 0.027914 | ACC : 1349/1350 (99.926%)
[2025-02-21 08:50:50;INFO]      | Loss dropped from 0.028159 to 0.027914, model has been saved!

[2025-02-21 08:50:50;INFO]best epoch: 138, best loss: 0.027914
[2025-02-21 08:50:50;INFO]----------------------------------------------------------------------------------------------------

[2025-02-21 08:50:50;INFO]Current Epoch: 139 / 500 | Learning Rate : 0.0005000000000002425
[2025-02-21 08:50:52;INFO]Train | Loss : 0.026687 | ACC : 3150/3150 (100.000%)
[2025-02-21 08:50:52;INFO]Valid | Loss : 0.029030 | ACC : 1349/1350 (99.926%)
[2025-02-21 08:50:52;INFO]      | Loss didn't drop!

[2025-02-21 08:50:52;INFO]best epoch: 138, best loss: 0.027914
[2025-02-21 08:50:52;INFO]----------------------------------------------------------------------------------------------------

[2025-02-21 08:50:52;INFO]Current Epoch: 140 / 500 | Learning Rate : 0.0008535533905938267
[2025-02-21 08:50:54;INFO]Train | Loss : 0.025625 | ACC : 3150/3150 (100.000%)
[2025-02-21 08:50:54;INFO]Valid | Loss : 0.027176 | ACC : 1349/1350 (99.926%)
[2025-02-21 08:50:55;INFO]      | Loss dropped from 0.027914 to 0.027176, model has been saved!

[2025-02-21 08:50:55;INFO]best epoch: 140, best loss: 0.027176
[2025-02-21 08:50:55;INFO]----------------------------------------------------------------------------------------------------

[2025-02-21 08:50:55;INFO]Current Epoch: 141 / 500 | Learning Rate : 0.0
[2025-02-21 08:50:56;INFO]Train | Loss : 0.025057 | ACC : 3150/3150 (100.000%)
[2025-02-21 08:50:57;INFO]Valid | Loss : 0.050860 | ACC : 1349/1350 (99.926%)
[2025-02-21 08:50:57;INFO]      | Loss didn't drop!

[2025-02-21 08:50:57;INFO]best epoch: 140, best loss: 0.027176
[2025-02-21 08:50:57;INFO]----------------------------------------------------------------------------------------------------

[2025-02-21 08:50:57;INFO]Current Epoch: 142 / 500 | Learning Rate : 0.0008535533905940727
[2025-02-21 08:50:58;INFO]Train | Loss : 0.025111 | ACC : 3150/3150 (100.000%)
[2025-02-21 08:50:59;INFO]Valid | Loss : 0.024941 | ACC : 1349/1350 (99.926%)
[2025-02-21 08:50:59;INFO]      | Loss dropped from 0.027176 to 0.024941, model has been saved!

[2025-02-21 08:50:59;INFO]best epoch: 142, best loss: 0.024941
[2025-02-21 08:50:59;INFO]----------------------------------------------------------------------------------------------------

[2025-02-21 08:50:59;INFO]Current Epoch: 143 / 500 | Learning Rate : 0.000499999999999864
[2025-02-21 08:51:01;INFO]Train | Loss : 0.024923 | ACC : 3150/3150 (100.000%)
[2025-02-21 08:51:01;INFO]Valid | Loss : 0.026597 | ACC : 1349/1350 (99.926%)
[2025-02-21 08:51:01;INFO]      | Loss didn't drop!

[2025-02-21 08:51:01;INFO]best epoch: 142, best loss: 0.024941
[2025-02-21 08:51:01;INFO]----------------------------------------------------------------------------------------------------

[2025-02-21 08:51:01;INFO]Current Epoch: 144 / 500 | Learning Rate : 0.00014644660940667988
[2025-02-21 08:51:03;INFO]Train | Loss : 0.024735 | ACC : 3150/3150 (100.000%)
[2025-02-21 08:51:03;INFO]Valid | Loss : 0.027218 | ACC : 1349/1350 (99.926%)
[2025-02-21 08:51:03;INFO]      | Loss didn't drop!

[2025-02-21 08:51:03;INFO]best epoch: 142, best loss: 0.024941
[2025-02-21 08:51:03;INFO]----------------------------------------------------------------------------------------------------

[2025-02-21 08:51:03;INFO]Current Epoch: 145 / 500 | Learning Rate : 0.0010000000000000362
[2025-02-21 08:51:05;INFO]Train | Loss : 0.024009 | ACC : 3150/3150 (100.000%)
[2025-02-21 08:51:05;INFO]Valid | Loss : 0.028845 | ACC : 1349/1350 (99.926%)
[2025-02-21 08:51:05;INFO]      | Loss didn't drop!

[2025-02-21 08:51:05;INFO]best epoch: 142, best loss: 0.024941
[2025-02-21 08:51:05;INFO]----------------------------------------------------------------------------------------------------

[2025-02-21 08:51:05;INFO]Current Epoch: 146 / 500 | Learning Rate : 0.0001464466094067951
[2025-02-21 08:51:07;INFO]Train | Loss : 0.023978 | ACC : 3150/3150 (100.000%)
[2025-02-21 08:51:07;INFO]Valid | Loss : 0.025979 | ACC : 1349/1350 (99.926%)
[2025-02-21 08:51:07;INFO]      | Loss didn't drop!

[2025-02-21 08:51:07;INFO]best epoch: 142, best loss: 0.024941
[2025-02-21 08:51:07;INFO]----------------------------------------------------------------------------------------------------

[2025-02-21 08:51:07;INFO]Current Epoch: 147 / 500 | Learning Rate : 0.0005000000000001469
[2025-02-21 08:51:09;INFO]Train | Loss : 0.023517 | ACC : 3150/3150 (100.000%)
[2025-02-21 08:51:09;INFO]Valid | Loss : 0.028248 | ACC : 1349/1350 (99.926%)
[2025-02-21 08:51:09;INFO]      | Loss didn't drop!

[2025-02-21 08:51:09;INFO]best epoch: 142, best loss: 0.024941
[2025-02-21 08:51:09;INFO]----------------------------------------------------------------------------------------------------

[2025-02-21 08:51:09;INFO]Current Epoch: 148 / 500 | Learning Rate : 0.0008535533905937675
[2025-02-21 08:51:11;INFO]Train | Loss : 0.023601 | ACC : 3150/3150 (100.000%)
[2025-02-21 08:51:12;INFO]Valid | Loss : 0.024126 | ACC : 1349/1350 (99.926%)
[2025-02-21 08:51:12;INFO]      | Loss dropped from 0.024941 to 0.024126, model has been saved!

[2025-02-21 08:51:12;INFO]best epoch: 148, best loss: 0.024126
[2025-02-21 08:51:12;INFO]----------------------------------------------------------------------------------------------------

[2025-02-21 08:51:12;INFO]Current Epoch: 149 / 500 | Learning Rate : 0.0
[2025-02-21 08:51:13;INFO]Train | Loss : 0.022415 | ACC : 3150/3150 (100.000%)
[2025-02-21 08:51:14;INFO]Valid | Loss : 0.025501 | ACC : 1349/1350 (99.926%)
[2025-02-21 08:51:14;INFO]      | Loss didn't drop!

[2025-02-21 08:51:14;INFO]best epoch: 148, best loss: 0.024126
[2025-02-21 08:51:14;INFO]----------------------------------------------------------------------------------------------------

[2025-02-21 08:51:14;INFO]Current Epoch: 150 / 500 | Learning Rate : 0.0008535533905928101
[2025-02-21 08:51:16;INFO]Train | Loss : 0.022314 | ACC : 3150/3150 (100.000%)
[2025-02-21 08:51:16;INFO]Valid | Loss : 0.023986 | ACC : 1349/1350 (99.926%)
[2025-02-21 08:51:16;INFO]      | Loss dropped from 0.024126 to 0.023986, model has been saved!

[2025-02-21 08:51:16;INFO]best epoch: 150, best loss: 0.023986
[2025-02-21 08:51:16;INFO]----------------------------------------------------------------------------------------------------

[2025-02-21 08:51:16;INFO]Current Epoch: 151 / 500 | Learning Rate : 0.0005000000000005524
[2025-02-21 08:51:18;INFO]Train | Loss : 0.022655 | ACC : 3150/3150 (100.000%)
[2025-02-21 08:51:18;INFO]Valid | Loss : 0.024222 | ACC : 1349/1350 (99.926%)
[2025-02-21 08:51:18;INFO]      | Loss didn't drop!

[2025-02-21 08:51:18;INFO]best epoch: 150, best loss: 0.023986
[2025-02-21 08:51:18;INFO]----------------------------------------------------------------------------------------------------

[2025-02-21 08:51:18;INFO]Current Epoch: 152 / 500 | Learning Rate : 0.00014644660940691886
[2025-02-21 08:51:20;INFO]Train | Loss : 0.021700 | ACC : 3150/3150 (100.000%)
[2025-02-21 08:51:20;INFO]Valid | Loss : 0.023312 | ACC : 1349/1350 (99.926%)
[2025-02-21 08:51:20;INFO]      | Loss dropped from 0.023986 to 0.023312, model has been saved!

[2025-02-21 08:51:20;INFO]best epoch: 152, best loss: 0.023312
[2025-02-21 08:51:20;INFO]----------------------------------------------------------------------------------------------------

[2025-02-21 08:51:20;INFO]Current Epoch: 153 / 500 | Learning Rate : 0.000999999999999964
[2025-02-21 08:51:22;INFO]Train | Loss : 0.022016 | ACC : 3150/3150 (100.000%)
[2025-02-21 08:51:22;INFO]Valid | Loss : 0.024194 | ACC : 1349/1350 (99.926%)
[2025-02-21 08:51:22;INFO]      | Loss didn't drop!

[2025-02-21 08:51:22;INFO]best epoch: 152, best loss: 0.023312
[2025-02-21 08:51:22;INFO]----------------------------------------------------------------------------------------------------

[2025-02-21 08:51:22;INFO]Current Epoch: 154 / 500 | Learning Rate : 0.00014644660940674504
[2025-02-21 08:51:24;INFO]Train | Loss : 0.021659 | ACC : 3150/3150 (100.000%)
[2025-02-21 08:51:25;INFO]Valid | Loss : 0.024135 | ACC : 1349/1350 (99.926%)
[2025-02-21 08:51:25;INFO]      | Loss didn't drop!

[2025-02-21 08:51:25;INFO]best epoch: 152, best loss: 0.023312
[2025-02-21 08:51:25;INFO]----------------------------------------------------------------------------------------------------

[2025-02-21 08:51:25;INFO]Current Epoch: 155 / 500 | Learning Rate : 0.0005000000000001031
[2025-02-21 08:51:26;INFO]Train | Loss : 0.020820 | ACC : 3150/3150 (100.000%)
[2025-02-21 08:51:27;INFO]Valid | Loss : 0.025924 | ACC : 1349/1350 (99.926%)
[2025-02-21 08:51:27;INFO]      | Loss didn't drop!

[2025-02-21 08:51:27;INFO]best epoch: 152, best loss: 0.023312
[2025-02-21 08:51:27;INFO]----------------------------------------------------------------------------------------------------

[2025-02-21 08:51:27;INFO]Current Epoch: 156 / 500 | Learning Rate : 0.0008535533905937077
[2025-02-21 08:51:28;INFO]Train | Loss : 0.021053 | ACC : 3150/3150 (100.000%)
[2025-02-21 08:51:29;INFO]Valid | Loss : 0.023839 | ACC : 1349/1350 (99.926%)
[2025-02-21 08:51:29;INFO]      | Loss didn't drop!

[2025-02-21 08:51:29;INFO]best epoch: 152, best loss: 0.023312
[2025-02-21 08:51:29;INFO]----------------------------------------------------------------------------------------------------

[2025-02-21 08:51:29;INFO]Current Epoch: 157 / 500 | Learning Rate : 0.0
[2025-02-21 08:51:31;INFO]Train | Loss : 0.020524 | ACC : 3150/3150 (100.000%)
[2025-02-21 08:51:31;INFO]Valid | Loss : 0.020784 | ACC : 1349/1350 (99.926%)
[2025-02-21 08:51:31;INFO]      | Loss dropped from 0.023312 to 0.020784, model has been saved!

[2025-02-21 08:51:31;INFO]best epoch: 157, best loss: 0.020784
[2025-02-21 08:51:31;INFO]----------------------------------------------------------------------------------------------------

[2025-02-21 08:51:31;INFO]Current Epoch: 158 / 500 | Learning Rate : 0.0008535533905939376
[2025-02-21 08:51:33;INFO]Train | Loss : 0.020935 | ACC : 3150/3150 (100.000%)
[2025-02-21 08:51:33;INFO]Valid | Loss : 0.023739 | ACC : 1349/1350 (99.926%)
[2025-02-21 08:51:33;INFO]      | Loss didn't drop!

[2025-02-21 08:51:33;INFO]best epoch: 157, best loss: 0.020784
[2025-02-21 08:51:33;INFO]----------------------------------------------------------------------------------------------------

[2025-02-21 08:51:33;INFO]Current Epoch: 159 / 500 | Learning Rate : 0.0005000000000005147
[2025-02-21 08:51:35;INFO]Train | Loss : 0.021052 | ACC : 3150/3150 (100.000%)
[2025-02-21 08:51:35;INFO]Valid | Loss : 0.021212 | ACC : 1349/1350 (99.926%)
[2025-02-21 08:51:35;INFO]      | Loss didn't drop!

[2025-02-21 08:51:35;INFO]best epoch: 157, best loss: 0.020784
[2025-02-21 08:51:35;INFO]----------------------------------------------------------------------------------------------------

[2025-02-21 08:51:35;INFO]Current Epoch: 160 / 500 | Learning Rate : 0.0001464466094069048
[2025-02-21 08:51:37;INFO]Train | Loss : 0.020168 | ACC : 3150/3150 (100.000%)
[2025-02-21 08:51:37;INFO]Valid | Loss : 0.023898 | ACC : 1349/1350 (99.926%)
[2025-02-21 08:51:37;INFO]      | Loss didn't drop!

[2025-02-21 08:51:37;INFO]best epoch: 157, best loss: 0.020784
[2025-02-21 08:51:37;INFO]----------------------------------------------------------------------------------------------------

[2025-02-21 08:51:37;INFO]Current Epoch: 161 / 500 | Learning Rate : 0.0009999999999998918
[2025-02-21 08:51:39;INFO]Train | Loss : 0.019604 | ACC : 3150/3150 (100.000%)
[2025-02-21 08:51:40;INFO]Valid | Loss : 0.020800 | ACC : 1349/1350 (99.926%)
[2025-02-21 08:51:40;INFO]      | Loss didn't drop!

[2025-02-21 08:51:40;INFO]best epoch: 157, best loss: 0.020784
[2025-02-21 08:51:40;INFO]----------------------------------------------------------------------------------------------------

[2025-02-21 08:51:40;INFO]Current Epoch: 162 / 500 | Learning Rate : 0.00014644660940673664
[2025-02-21 08:51:41;INFO]Train | Loss : 0.019629 | ACC : 3150/3150 (100.000%)
[2025-02-21 08:51:42;INFO]Valid | Loss : 0.023765 | ACC : 1349/1350 (99.926%)
[2025-02-21 08:51:42;INFO]      | Loss didn't drop!

[2025-02-21 08:51:42;INFO]best epoch: 157, best loss: 0.020784
[2025-02-21 08:51:42;INFO]----------------------------------------------------------------------------------------------------

[2025-02-21 08:51:42;INFO]Current Epoch: 163 / 500 | Learning Rate : 0.0005000000000001212
[2025-02-21 08:51:43;INFO]Train | Loss : 0.019299 | ACC : 3150/3150 (100.000%)
[2025-02-21 08:51:44;INFO]Valid | Loss : 0.022311 | ACC : 1349/1350 (99.926%)
[2025-02-21 08:51:44;INFO]      | Loss didn't drop!

[2025-02-21 08:51:44;INFO]best epoch: 157, best loss: 0.020784
[2025-02-21 08:51:44;INFO]----------------------------------------------------------------------------------------------------

[2025-02-21 08:51:44;INFO]Current Epoch: 164 / 500 | Learning Rate : 0.0008535533905936401
[2025-02-21 08:51:46;INFO]Train | Loss : 0.019450 | ACC : 3150/3150 (100.000%)
[2025-02-21 08:51:46;INFO]Valid | Loss : 0.020549 | ACC : 1349/1350 (99.926%)
[2025-02-21 08:51:46;INFO]      | Loss dropped from 0.020784 to 0.020549, model has been saved!

[2025-02-21 08:51:46;INFO]best epoch: 164, best loss: 0.020549
[2025-02-21 08:51:46;INFO]----------------------------------------------------------------------------------------------------

[2025-02-21 08:51:46;INFO]Current Epoch: 165 / 500 | Learning Rate : 0.0
[2025-02-21 08:51:48;INFO]Train | Loss : 0.019046 | ACC : 3150/3150 (100.000%)
[2025-02-21 08:51:48;INFO]Valid | Loss : 0.022233 | ACC : 1349/1350 (99.926%)
[2025-02-21 08:51:48;INFO]      | Loss didn't drop!

[2025-02-21 08:51:48;INFO]best epoch: 164, best loss: 0.020549
[2025-02-21 08:51:48;INFO]----------------------------------------------------------------------------------------------------

[2025-02-21 08:51:48;INFO]Current Epoch: 166 / 500 | Learning Rate : 0.0008535533905938744
[2025-02-21 08:51:50;INFO]Train | Loss : 0.018476 | ACC : 3150/3150 (100.000%)
[2025-02-21 08:51:50;INFO]Valid | Loss : 0.021654 | ACC : 1349/1350 (99.926%)
[2025-02-21 08:51:50;INFO]      | Loss didn't drop!

[2025-02-21 08:51:50;INFO]best epoch: 164, best loss: 0.020549
[2025-02-21 08:51:50;INFO]----------------------------------------------------------------------------------------------------

[2025-02-21 08:51:50;INFO]Current Epoch: 167 / 500 | Learning Rate : 0.0004999999999997599
[2025-02-21 08:51:52;INFO]Train | Loss : 0.018195 | ACC : 3150/3150 (100.000%)
[2025-02-21 08:51:52;INFO]Valid | Loss : 0.019786 | ACC : 1349/1350 (99.926%)
[2025-02-21 08:51:52;INFO]      | Loss dropped from 0.020549 to 0.019786, model has been saved!

[2025-02-21 08:51:52;INFO]best epoch: 167, best loss: 0.019786
[2025-02-21 08:51:52;INFO]----------------------------------------------------------------------------------------------------

[2025-02-21 08:51:52;INFO]Current Epoch: 168 / 500 | Learning Rate : 0.0001464466094066406
[2025-02-21 08:51:54;INFO]Train | Loss : 0.017941 | ACC : 3150/3150 (100.000%)
[2025-02-21 08:51:55;INFO]Valid | Loss : 0.020490 | ACC : 1349/1350 (99.926%)
[2025-02-21 08:51:55;INFO]      | Loss didn't drop!

[2025-02-21 08:51:55;INFO]best epoch: 167, best loss: 0.019786
[2025-02-21 08:51:55;INFO]----------------------------------------------------------------------------------------------------

[2025-02-21 08:51:55;INFO]Current Epoch: 169 / 500 | Learning Rate : 0.0009999999999998107
[2025-02-21 08:51:56;INFO]Train | Loss : 0.018328 | ACC : 3150/3150 (100.000%)
[2025-02-21 08:51:57;INFO]Valid | Loss : 0.019405 | ACC : 1349/1350 (99.926%)
[2025-02-21 08:51:57;INFO]      | Loss dropped from 0.019786 to 0.019405, model has been saved!

[2025-02-21 08:51:57;INFO]best epoch: 169, best loss: 0.019405
[2025-02-21 08:51:57;INFO]----------------------------------------------------------------------------------------------------

[2025-02-21 08:51:57;INFO]Current Epoch: 170 / 500 | Learning Rate : 0.0001464466094067281
[2025-02-21 08:51:59;INFO]Train | Loss : 0.017751 | ACC : 3150/3150 (100.000%)
[2025-02-21 08:51:59;INFO]Valid | Loss : 0.022367 | ACC : 1349/1350 (99.926%)
[2025-02-21 08:51:59;INFO]      | Loss didn't drop!

[2025-02-21 08:51:59;INFO]best epoch: 169, best loss: 0.019405
[2025-02-21 08:51:59;INFO]----------------------------------------------------------------------------------------------------

[2025-02-21 08:51:59;INFO]Current Epoch: 171 / 500 | Learning Rate : 0.0005000000000000823
[2025-02-21 08:52:01;INFO]Train | Loss : 0.017610 | ACC : 3150/3150 (100.000%)
[2025-02-21 08:52:01;INFO]Valid | Loss : 0.023297 | ACC : 1349/1350 (99.926%)
[2025-02-21 08:52:01;INFO]      | Loss didn't drop!

[2025-02-21 08:52:01;INFO]best epoch: 169, best loss: 0.019405
[2025-02-21 08:52:01;INFO]----------------------------------------------------------------------------------------------------

[2025-02-21 08:52:01;INFO]Current Epoch: 172 / 500 | Learning Rate : 0.0008535533905935405
[2025-02-21 08:52:03;INFO]Train | Loss : 0.017180 | ACC : 3150/3150 (100.000%)
[2025-02-21 08:52:03;INFO]Valid | Loss : 0.020227 | ACC : 1349/1350 (99.926%)
[2025-02-21 08:52:03;INFO]      | Loss didn't drop!

[2025-02-21 08:52:03;INFO]best epoch: 169, best loss: 0.019405
[2025-02-21 08:52:03;INFO]----------------------------------------------------------------------------------------------------

[2025-02-21 08:52:03;INFO]Current Epoch: 173 / 500 | Learning Rate : 0.0
[2025-02-21 08:52:05;INFO]Train | Loss : 0.017055 | ACC : 3150/3150 (100.000%)
[2025-02-21 08:52:05;INFO]Valid | Loss : 0.019730 | ACC : 1349/1350 (99.926%)
[2025-02-21 08:52:05;INFO]      | Loss didn't drop!

[2025-02-21 08:52:05;INFO]best epoch: 169, best loss: 0.019405
[2025-02-21 08:52:05;INFO]----------------------------------------------------------------------------------------------------

[2025-02-21 08:52:05;INFO]Current Epoch: 174 / 500 | Learning Rate : 0.0008535533905938505
[2025-02-21 08:52:07;INFO]Train | Loss : 0.016668 | ACC : 3150/3150 (100.000%)
[2025-02-21 08:52:07;INFO]Valid | Loss : 0.018210 | ACC : 1349/1350 (99.926%)
[2025-02-21 08:52:07;INFO]      | Loss dropped from 0.019405 to 0.018210, model has been saved!

[2025-02-21 08:52:07;INFO]best epoch: 174, best loss: 0.018210
[2025-02-21 08:52:07;INFO]----------------------------------------------------------------------------------------------------

[2025-02-21 08:52:07;INFO]Current Epoch: 175 / 500 | Learning Rate : 0.0005000000000004482
[2025-02-21 08:52:09;INFO]Train | Loss : 0.016931 | ACC : 3150/3150 (100.000%)
[2025-02-21 08:52:10;INFO]Valid | Loss : 0.021146 | ACC : 1349/1350 (99.926%)
[2025-02-21 08:52:10;INFO]      | Loss didn't drop!

[2025-02-21 08:52:10;INFO]best epoch: 174, best loss: 0.018210
[2025-02-21 08:52:10;INFO]----------------------------------------------------------------------------------------------------

[2025-02-21 08:52:10;INFO]Current Epoch: 176 / 500 | Learning Rate : 0.00014644660940687945
[2025-02-21 08:52:11;INFO]Train | Loss : 0.016849 | ACC : 3150/3150 (100.000%)
[2025-02-21 08:52:12;INFO]Valid | Loss : 0.017241 | ACC : 1349/1350 (99.926%)
[2025-02-21 08:52:12;INFO]      | Loss dropped from 0.018210 to 0.017241, model has been saved!

[2025-02-21 08:52:12;INFO]best epoch: 176, best loss: 0.017241
[2025-02-21 08:52:12;INFO]----------------------------------------------------------------------------------------------------

[2025-02-21 08:52:12;INFO]Current Epoch: 177 / 500 | Learning Rate : 0.001000000000001181
[2025-02-21 08:52:14;INFO]Train | Loss : 0.020688 | ACC : 3146/3150 (99.873%)
[2025-02-21 08:52:14;INFO]Valid | Loss : 0.403563 | ACC : 1137/1350 (84.222%)
[2025-02-21 08:52:14;INFO]      | Loss didn't drop!

[2025-02-21 08:52:14;INFO]best epoch: 176, best loss: 0.017241
[2025-02-21 08:52:14;INFO]----------------------------------------------------------------------------------------------------

[2025-02-21 08:52:14;INFO]Current Epoch: 178 / 500 | Learning Rate : 0.00014644660940671834
[2025-02-21 08:52:16;INFO]Train | Loss : 0.108815 | ACC : 3096/3150 (98.286%)
[2025-02-21 08:52:16;INFO]Valid | Loss : 20.085865 | ACC : 356/1350 (26.370%)
[2025-02-21 08:52:16;INFO]      | Loss didn't drop!

[2025-02-21 08:52:16;INFO]best epoch: 176, best loss: 0.017241
[2025-02-21 08:52:16;INFO]----------------------------------------------------------------------------------------------------

[2025-02-21 08:52:16;INFO]Current Epoch: 179 / 500 | Learning Rate : 0.0004999999999999818
[2025-02-21 08:52:18;INFO]Train | Loss : 0.090226 | ACC : 3136/3150 (99.556%)
[2025-02-21 08:52:18;INFO]Valid | Loss : 1.301133 | ACC : 881/1350 (65.259%)
[2025-02-21 08:52:18;INFO]      | Loss didn't drop!

[2025-02-21 08:52:18;INFO]best epoch: 176, best loss: 0.017241
[2025-02-21 08:52:18;INFO]----------------------------------------------------------------------------------------------------

[2025-02-21 08:52:18;INFO]Current Epoch: 180 / 500 | Learning Rate : 0.0008535533905935213
[2025-02-21 08:52:20;INFO]Train | Loss : 0.042213 | ACC : 3144/3150 (99.810%)
[2025-02-21 08:52:20;INFO]Valid | Loss : 0.035873 | ACC : 1347/1350 (99.778%)
[2025-02-21 08:52:20;INFO]      | Loss didn't drop!

[2025-02-21 08:52:20;INFO]best epoch: 176, best loss: 0.017241
[2025-02-21 08:52:20;INFO]----------------------------------------------------------------------------------------------------

[2025-02-21 08:52:20;INFO]Current Epoch: 181 / 500 | Learning Rate : 0.0
[2025-02-21 08:52:22;INFO]Train | Loss : 0.030552 | ACC : 3147/3150 (99.905%)
[2025-02-21 08:52:22;INFO]Valid | Loss : 0.136855 | ACC : 1274/1350 (94.370%)
[2025-02-21 08:52:22;INFO]      | Loss didn't drop!

[2025-02-21 08:52:22;INFO]best epoch: 176, best loss: 0.017241
[2025-02-21 08:52:22;INFO]----------------------------------------------------------------------------------------------------

[2025-02-21 08:52:22;INFO]Current Epoch: 182 / 500 | Learning Rate : 0.0008535533905937797
[2025-02-21 08:52:24;INFO]Train | Loss : 0.027369 | ACC : 3148/3150 (99.937%)
[2025-02-21 08:52:25;INFO]Valid | Loss : 0.095513 | ACC : 1328/1350 (98.370%)
[2025-02-21 08:52:25;INFO]      | Loss didn't drop!

[2025-02-21 08:52:25;INFO]best epoch: 176, best loss: 0.017241
[2025-02-21 08:52:25;INFO]----------------------------------------------------------------------------------------------------

[2025-02-21 08:52:25;INFO]Current Epoch: 183 / 500 | Learning Rate : 0.000500000000000415
[2025-02-21 08:52:26;INFO]Train | Loss : 0.023839 | ACC : 3147/3150 (99.905%)
[2025-02-21 08:52:27;INFO]Valid | Loss : 0.025549 | ACC : 1349/1350 (99.926%)
[2025-02-21 08:52:27;INFO]      | Loss didn't drop!

[2025-02-21 08:52:27;INFO]best epoch: 176, best loss: 0.017241
[2025-02-21 08:52:27;INFO]----------------------------------------------------------------------------------------------------

[2025-02-21 08:52:27;INFO]Current Epoch: 184 / 500 | Learning Rate : 0.00014644660940686682
[2025-02-21 08:52:29;INFO]Train | Loss : 0.020521 | ACC : 3149/3150 (99.968%)
[2025-02-21 08:52:29;INFO]Valid | Loss : 0.090358 | ACC : 1347/1350 (99.778%)
[2025-02-21 08:52:29;INFO]      | Loss didn't drop!

[2025-02-21 08:52:29;INFO]best epoch: 176, best loss: 0.017241
[2025-02-21 08:52:29;INFO]----------------------------------------------------------------------------------------------------

[2025-02-21 08:52:29;INFO]Current Epoch: 185 / 500 | Learning Rate : 0.0009999999999996665
[2025-02-21 08:52:31;INFO]Train | Loss : 0.021261 | ACC : 3148/3150 (99.937%)
[2025-02-21 08:52:31;INFO]Valid | Loss : 0.021816 | ACC : 1349/1350 (99.926%)
[2025-02-21 08:52:31;INFO]      | Loss didn't drop!

[2025-02-21 08:52:31;INFO]best epoch: 176, best loss: 0.017241
[2025-02-21 08:52:31;INFO]----------------------------------------------------------------------------------------------------

[2025-02-21 08:52:31;INFO]Current Epoch: 186 / 500 | Learning Rate : 0.0001464466094067098
[2025-02-21 08:52:33;INFO]Train | Loss : 0.019913 | ACC : 3150/3150 (100.000%)
[2025-02-21 08:52:33;INFO]Valid | Loss : 0.021050 | ACC : 1349/1350 (99.926%)
[2025-02-21 08:52:33;INFO]      | Loss didn't drop!

[2025-02-21 08:52:33;INFO]best epoch: 176, best loss: 0.017241
[2025-02-21 08:52:33;INFO]----------------------------------------------------------------------------------------------------

[2025-02-21 08:52:33;INFO]Current Epoch: 187 / 500 | Learning Rate : 0.0004999999999999995
[2025-02-21 08:52:35;INFO]Train | Loss : 0.019570 | ACC : 3148/3150 (99.937%)
[2025-02-21 08:52:35;INFO]Valid | Loss : 0.058540 | ACC : 1344/1350 (99.556%)
[2025-02-21 08:52:35;INFO]      | Loss didn't drop!

[2025-02-21 08:52:35;INFO]best epoch: 176, best loss: 0.017241
[2025-02-21 08:52:35;INFO]----------------------------------------------------------------------------------------------------

[2025-02-21 08:52:35;INFO]Current Epoch: 188 / 500 | Learning Rate : 0.0008535533905934617
[2025-02-21 08:52:37;INFO]Train | Loss : 0.018983 | ACC : 3150/3150 (100.000%)
[2025-02-21 08:52:37;INFO]Valid | Loss : 0.022377 | ACC : 1349/1350 (99.926%)
[2025-02-21 08:52:37;INFO]      | Loss didn't drop!

[2025-02-21 08:52:37;INFO]best epoch: 176, best loss: 0.017241
[2025-02-21 08:52:37;INFO]----------------------------------------------------------------------------------------------------

[2025-02-21 08:52:37;INFO]Current Epoch: 189 / 500 | Learning Rate : 0.0
[2025-02-21 08:52:39;INFO]Train | Loss : 0.017125 | ACC : 3150/3150 (100.000%)
[2025-02-21 08:52:40;INFO]Valid | Loss : 0.027814 | ACC : 1349/1350 (99.926%)
[2025-02-21 08:52:40;INFO]      | Loss didn't drop!

[2025-02-21 08:52:40;INFO]best epoch: 176, best loss: 0.017241
[2025-02-21 08:52:40;INFO]----------------------------------------------------------------------------------------------------

[2025-02-21 08:52:40;INFO]Current Epoch: 190 / 500 | Learning Rate : 0.0008535533905936753
[2025-02-21 08:52:41;INFO]Train | Loss : 0.016186 | ACC : 3150/3150 (100.000%)
[2025-02-21 08:52:42;INFO]Valid | Loss : 0.032468 | ACC : 1349/1350 (99.926%)
[2025-02-21 08:52:42;INFO]      | Loss didn't drop!

[2025-02-21 08:52:42;INFO]best epoch: 176, best loss: 0.017241
[2025-02-21 08:52:42;INFO]----------------------------------------------------------------------------------------------------

[2025-02-21 08:52:42;INFO]Current Epoch: 191 / 500 | Learning Rate : 0.0005000000000003773
[2025-02-21 08:52:44;INFO]Train | Loss : 0.017709 | ACC : 3150/3150 (100.000%)
[2025-02-21 08:52:44;INFO]Valid | Loss : 0.026963 | ACC : 1349/1350 (99.926%)
[2025-02-21 08:52:44;INFO]      | Loss didn't drop!

[2025-02-21 08:52:44;INFO]best epoch: 176, best loss: 0.017241
[2025-02-21 08:52:44;INFO]----------------------------------------------------------------------------------------------------

[2025-02-21 08:52:44;INFO]Current Epoch: 192 / 500 | Learning Rate : 0.00014644660940685286
[2025-02-21 08:52:46;INFO]Train | Loss : 0.015156 | ACC : 3150/3150 (100.000%)
[2025-02-21 08:52:46;INFO]Valid | Loss : 0.021573 | ACC : 1349/1350 (99.926%)
[2025-02-21 08:52:46;INFO]      | Loss didn't drop!

[2025-02-21 08:52:46;INFO]best epoch: 176, best loss: 0.017241
[2025-02-21 08:52:46;INFO]----------------------------------------------------------------------------------------------------

[2025-02-21 08:52:46;INFO]Current Epoch: 193 / 500 | Learning Rate : 0.0009999999999995943
[2025-02-21 08:52:48;INFO]Train | Loss : 0.015660 | ACC : 3150/3150 (100.000%)
[2025-02-21 08:52:48;INFO]Valid | Loss : 0.018060 | ACC : 1349/1350 (99.926%)
[2025-02-21 08:52:48;INFO]      | Loss didn't drop!

[2025-02-21 08:52:48;INFO]best epoch: 176, best loss: 0.017241
[2025-02-21 08:52:48;INFO]----------------------------------------------------------------------------------------------------

[2025-02-21 08:52:48;INFO]Current Epoch: 194 / 500 | Learning Rate : 0.00014644660940691263
[2025-02-21 08:52:50;INFO]Train | Loss : 0.015664 | ACC : 3150/3150 (100.000%)
[2025-02-21 08:52:50;INFO]Valid | Loss : 0.018020 | ACC : 1349/1350 (99.926%)
[2025-02-21 08:52:50;INFO]      | Loss didn't drop!

[2025-02-21 08:52:50;INFO]best epoch: 176, best loss: 0.017241
[2025-02-21 08:52:50;INFO]----------------------------------------------------------------------------------------------------

[2025-02-21 08:52:50;INFO]Current Epoch: 195 / 500 | Learning Rate : 0.0005000000000006822
[2025-02-21 08:52:52;INFO]Train | Loss : 0.015234 | ACC : 3150/3150 (100.000%)
[2025-02-21 08:52:53;INFO]Valid | Loss : 0.022415 | ACC : 1349/1350 (99.926%)
[2025-02-21 08:52:53;INFO]      | Loss didn't drop!

[2025-02-21 08:52:53;INFO]best epoch: 176, best loss: 0.017241
[2025-02-21 08:52:53;INFO]----------------------------------------------------------------------------------------------------

[2025-02-21 08:52:53;INFO]Current Epoch: 196 / 500 | Learning Rate : 0.0008535533905933947
[2025-02-21 08:52:54;INFO]Train | Loss : 0.014792 | ACC : 3150/3150 (100.000%)
[2025-02-21 08:52:55;INFO]Valid | Loss : 0.017651 | ACC : 1349/1350 (99.926%)
[2025-02-21 08:52:55;INFO]      | Loss didn't drop!

[2025-02-21 08:52:55;INFO]best epoch: 176, best loss: 0.017241
[2025-02-21 08:52:55;INFO]----------------------------------------------------------------------------------------------------

[2025-02-21 08:52:55;INFO]Current Epoch: 197 / 500 | Learning Rate : 0.0
[2025-02-21 08:52:56;INFO]Train | Loss : 0.014322 | ACC : 3150/3150 (100.000%)
[2025-02-21 08:52:57;INFO]Valid | Loss : 0.043737 | ACC : 1348/1350 (99.852%)
[2025-02-21 08:52:57;INFO]      | Loss didn't drop!

[2025-02-21 08:52:57;INFO]best epoch: 176, best loss: 0.017241
[2025-02-21 08:52:57;INFO]----------------------------------------------------------------------------------------------------

[2025-02-21 08:52:57;INFO]Current Epoch: 198 / 500 | Learning Rate : 0.0008535533905936523
[2025-02-21 08:52:59;INFO]Train | Loss : 0.014786 | ACC : 3150/3150 (100.000%)
[2025-02-21 08:52:59;INFO]Valid | Loss : 0.017837 | ACC : 1349/1350 (99.926%)
[2025-02-21 08:52:59;INFO]      | Loss didn't drop!

[2025-02-21 08:52:59;INFO]best epoch: 176, best loss: 0.017241
[2025-02-21 08:52:59;INFO]----------------------------------------------------------------------------------------------------

[2025-02-21 08:52:59;INFO]Current Epoch: 199 / 500 | Learning Rate : 0.0004999999999996229
[2025-02-21 08:53:01;INFO]Train | Loss : 0.014769 | ACC : 3150/3150 (100.000%)
[2025-02-21 08:53:01;INFO]Valid | Loss : 0.021189 | ACC : 1349/1350 (99.926%)
[2025-02-21 08:53:01;INFO]      | Loss didn't drop!

[2025-02-21 08:53:01;INFO]best epoch: 176, best loss: 0.017241
[2025-02-21 08:53:01;INFO]----------------------------------------------------------------------------------------------------

[2025-02-21 08:53:01;INFO]Current Epoch: 200 / 500 | Learning Rate : 0.0001464466094066288
[2025-02-21 08:53:03;INFO]Train | Loss : 0.013893 | ACC : 3150/3150 (100.000%)
[2025-02-21 08:53:03;INFO]Valid | Loss : 0.026463 | ACC : 1349/1350 (99.926%)
[2025-02-21 08:53:03;INFO]      | Loss didn't drop!

[2025-02-21 08:53:03;INFO]best epoch: 176, best loss: 0.017241
[2025-02-21 08:53:03;INFO]----------------------------------------------------------------------------------------------------

[2025-02-21 08:53:03;INFO]Current Epoch: 201 / 500 | Learning Rate : 0.001000000000000956
[2025-02-21 08:53:05;INFO]Train | Loss : 0.015142 | ACC : 3150/3150 (100.000%)
[2025-02-21 08:53:05;INFO]Valid | Loss : 0.016537 | ACC : 1349/1350 (99.926%)
[2025-02-21 08:53:05;INFO]      | Loss dropped from 0.017241 to 0.016537, model has been saved!

[2025-02-21 08:53:05;INFO]best epoch: 201, best loss: 0.016537
[2025-02-21 08:53:05;INFO]----------------------------------------------------------------------------------------------------

[2025-02-21 08:53:05;INFO]Current Epoch: 202 / 500 | Learning Rate : 0.00014644660940669286
[2025-02-21 08:53:07;INFO]Train | Loss : 0.013503 | ACC : 3150/3150 (100.000%)
[2025-02-21 08:53:08;INFO]Valid | Loss : 0.020974 | ACC : 1349/1350 (99.926%)
[2025-02-21 08:53:08;INFO]      | Loss didn't drop!

[2025-02-21 08:53:08;INFO]best epoch: 201, best loss: 0.016537
[2025-02-21 08:53:08;INFO]----------------------------------------------------------------------------------------------------

[2025-02-21 08:53:08;INFO]Current Epoch: 203 / 500 | Learning Rate : 0.0004999999999999215
[2025-02-21 08:53:09;INFO]Train | Loss : 0.013005 | ACC : 3150/3150 (100.000%)
[2025-02-21 08:53:10;INFO]Valid | Loss : 0.016852 | ACC : 1349/1350 (99.926%)
[2025-02-21 08:53:10;INFO]      | Loss didn't drop!

[2025-02-21 08:53:10;INFO]best epoch: 201, best loss: 0.016537
[2025-02-21 08:53:10;INFO]----------------------------------------------------------------------------------------------------

[2025-02-21 08:53:10;INFO]Current Epoch: 204 / 500 | Learning Rate : 0.0008535533905932949
[2025-02-21 08:53:11;INFO]Train | Loss : 0.012597 | ACC : 3150/3150 (100.000%)
[2025-02-21 08:53:12;INFO]Valid | Loss : 0.016720 | ACC : 1349/1350 (99.926%)
[2025-02-21 08:53:12;INFO]      | Loss didn't drop!

[2025-02-21 08:53:12;INFO]best epoch: 201, best loss: 0.016537
[2025-02-21 08:53:12;INFO]----------------------------------------------------------------------------------------------------

[2025-02-21 08:53:12;INFO]Current Epoch: 205 / 500 | Learning Rate : 0.0
[2025-02-21 08:53:14;INFO]Train | Loss : 0.012427 | ACC : 3150/3150 (100.000%)
[2025-02-21 08:53:14;INFO]Valid | Loss : 0.017393 | ACC : 1349/1350 (99.926%)
[2025-02-21 08:53:14;INFO]      | Loss didn't drop!

[2025-02-21 08:53:14;INFO]best epoch: 201, best loss: 0.016537
[2025-02-21 08:53:14;INFO]----------------------------------------------------------------------------------------------------

[2025-02-21 08:53:14;INFO]Current Epoch: 206 / 500 | Learning Rate : 0.0008535533905935807
[2025-02-21 08:53:16;INFO]Train | Loss : 0.012706 | ACC : 3150/3150 (100.000%)
[2025-02-21 08:53:16;INFO]Valid | Loss : 0.015741 | ACC : 1349/1350 (99.926%)
[2025-02-21 08:53:16;INFO]      | Loss dropped from 0.016537 to 0.015741, model has been saved!

[2025-02-21 08:53:16;INFO]best epoch: 206, best loss: 0.015741
[2025-02-21 08:53:16;INFO]----------------------------------------------------------------------------------------------------

[2025-02-21 08:53:16;INFO]Current Epoch: 207 / 500 | Learning Rate : 0.0005000000000003113
[2025-02-21 08:53:18;INFO]Train | Loss : 0.012322 | ACC : 3150/3150 (100.000%)
[2025-02-21 08:53:18;INFO]Valid | Loss : 0.016577 | ACC : 1349/1350 (99.926%)
[2025-02-21 08:53:18;INFO]      | Loss didn't drop!

[2025-02-21 08:53:18;INFO]best epoch: 206, best loss: 0.015741
[2025-02-21 08:53:18;INFO]----------------------------------------------------------------------------------------------------

[2025-02-21 08:53:18;INFO]Current Epoch: 208 / 500 | Learning Rate : 0.00014644660940682755
[2025-02-21 08:53:20;INFO]Train | Loss : 0.011976 | ACC : 3150/3150 (100.000%)
[2025-02-21 08:53:20;INFO]Valid | Loss : 0.020983 | ACC : 1349/1350 (99.926%)
[2025-02-21 08:53:20;INFO]      | Loss didn't drop!

[2025-02-21 08:53:20;INFO]best epoch: 206, best loss: 0.015741
[2025-02-21 08:53:20;INFO]----------------------------------------------------------------------------------------------------

[2025-02-21 08:53:20;INFO]Current Epoch: 209 / 500 | Learning Rate : 0.0010000000000008834
[2025-02-21 08:53:22;INFO]Train | Loss : 0.011849 | ACC : 3150/3150 (100.000%)
[2025-02-21 08:53:23;INFO]Valid | Loss : 0.015385 | ACC : 1349/1350 (99.926%)
[2025-02-21 08:53:23;INFO]      | Loss dropped from 0.015741 to 0.015385, model has been saved!

[2025-02-21 08:53:23;INFO]best epoch: 209, best loss: 0.015385
[2025-02-21 08:53:23;INFO]----------------------------------------------------------------------------------------------------

[2025-02-21 08:53:23;INFO]Current Epoch: 210 / 500 | Learning Rate : 0.00014644660940689433
[2025-02-21 08:53:24;INFO]Train | Loss : 0.011197 | ACC : 3150/3150 (100.000%)
[2025-02-21 08:53:25;INFO]Valid | Loss : 0.016325 | ACC : 1349/1350 (99.926%)
[2025-02-21 08:53:25;INFO]      | Loss didn't drop!

[2025-02-21 08:53:25;INFO]best epoch: 209, best loss: 0.015385
[2025-02-21 08:53:25;INFO]----------------------------------------------------------------------------------------------------

[2025-02-21 08:53:25;INFO]Current Epoch: 211 / 500 | Learning Rate : 0.0005000000000006001
[2025-02-21 08:53:27;INFO]Train | Loss : 0.011497 | ACC : 3150/3150 (100.000%)
[2025-02-21 08:53:27;INFO]Valid | Loss : 0.016678 | ACC : 1349/1350 (99.926%)
[2025-02-21 08:53:27;INFO]      | Loss didn't drop!

[2025-02-21 08:53:27;INFO]best epoch: 209, best loss: 0.015385
[2025-02-21 08:53:27;INFO]----------------------------------------------------------------------------------------------------

[2025-02-21 08:53:27;INFO]Current Epoch: 212 / 500 | Learning Rate : 0.0008535533905932359
[2025-02-21 08:53:29;INFO]Train | Loss : 0.011273 | ACC : 3150/3150 (100.000%)
[2025-02-21 08:53:29;INFO]Valid | Loss : 0.015800 | ACC : 1349/1350 (99.926%)
[2025-02-21 08:53:29;INFO]      | Loss didn't drop!

[2025-02-21 08:53:29;INFO]best epoch: 209, best loss: 0.015385
[2025-02-21 08:53:29;INFO]----------------------------------------------------------------------------------------------------

[2025-02-21 08:53:29;INFO]Current Epoch: 213 / 500 | Learning Rate : 0.0
[2025-02-21 08:53:31;INFO]Train | Loss : 0.011773 | ACC : 3150/3150 (100.000%)
[2025-02-21 08:53:31;INFO]Valid | Loss : 0.015709 | ACC : 1349/1350 (99.926%)
[2025-02-21 08:53:31;INFO]      | Loss didn't drop!

[2025-02-21 08:53:31;INFO]best epoch: 209, best loss: 0.015385
[2025-02-21 08:53:31;INFO]----------------------------------------------------------------------------------------------------

[2025-02-21 08:53:31;INFO]Current Epoch: 214 / 500 | Learning Rate : 0.0008535533905935171
[2025-02-21 08:53:33;INFO]Train | Loss : 0.011180 | ACC : 3150/3150 (100.000%)
[2025-02-21 08:53:33;INFO]Valid | Loss : 0.014559 | ACC : 1349/1350 (99.926%)
[2025-02-21 08:53:33;INFO]      | Loss dropped from 0.015385 to 0.014559, model has been saved!

[2025-02-21 08:53:33;INFO]best epoch: 214, best loss: 0.014559
[2025-02-21 08:53:33;INFO]----------------------------------------------------------------------------------------------------

[2025-02-21 08:53:33;INFO]Current Epoch: 215 / 500 | Learning Rate : 0.0005000000000009427
[2025-02-21 08:53:35;INFO]Train | Loss : 0.011439 | ACC : 3150/3150 (100.000%)
[2025-02-21 08:53:35;INFO]Valid | Loss : 0.015029 | ACC : 1349/1350 (99.926%)
[2025-02-21 08:53:35;INFO]      | Loss didn't drop!

[2025-02-21 08:53:35;INFO]best epoch: 214, best loss: 0.014559
[2025-02-21 08:53:35;INFO]----------------------------------------------------------------------------------------------------

[2025-02-21 08:53:35;INFO]Current Epoch: 216 / 500 | Learning Rate : 0.0001464466094070665
[2025-02-21 08:53:37;INFO]Train | Loss : 0.011296 | ACC : 3150/3150 (100.000%)
[2025-02-21 08:53:38;INFO]Valid | Loss : 0.016723 | ACC : 1349/1350 (99.926%)
[2025-02-21 08:53:38;INFO]      | Loss didn't drop!

[2025-02-21 08:53:38;INFO]best epoch: 214, best loss: 0.014559
[2025-02-21 08:53:38;INFO]----------------------------------------------------------------------------------------------------

[2025-02-21 08:53:38;INFO]Current Epoch: 217 / 500 | Learning Rate : 0.0009999999999993686
[2025-02-21 08:53:39;INFO]Train | Loss : 0.011194 | ACC : 3150/3150 (100.000%)
[2025-02-21 08:53:40;INFO]Valid | Loss : 0.014872 | ACC : 1349/1350 (99.926%)
[2025-02-21 08:53:40;INFO]      | Loss didn't drop!

[2025-02-21 08:53:40;INFO]best epoch: 214, best loss: 0.014559
[2025-02-21 08:53:40;INFO]----------------------------------------------------------------------------------------------------

[2025-02-21 08:53:40;INFO]Current Epoch: 218 / 500 | Learning Rate : 0.0001464466094068859
[2025-02-21 08:53:42;INFO]Train | Loss : 0.010788 | ACC : 3150/3150 (100.000%)
[2025-02-21 08:53:42;INFO]Valid | Loss : 0.016013 | ACC : 1349/1350 (99.926%)
[2025-02-21 08:53:42;INFO]      | Loss didn't drop!

[2025-02-21 08:53:42;INFO]best epoch: 214, best loss: 0.014559
[2025-02-21 08:53:42;INFO]----------------------------------------------------------------------------------------------------

[2025-02-21 08:53:42;INFO]Current Epoch: 219 / 500 | Learning Rate : 0.0005000000000005604
[2025-02-21 08:53:44;INFO]Train | Loss : 0.010637 | ACC : 3150/3150 (100.000%)
[2025-02-21 08:53:44;INFO]Valid | Loss : 0.013195 | ACC : 1349/1350 (99.926%)
[2025-02-21 08:53:44;INFO]      | Loss dropped from 0.014559 to 0.013195, model has been saved!

[2025-02-21 08:53:44;INFO]best epoch: 219, best loss: 0.013195
[2025-02-21 08:53:44;INFO]----------------------------------------------------------------------------------------------------

[2025-02-21 08:53:44;INFO]Current Epoch: 220 / 500 | Learning Rate : 0.0008535533905931687
[2025-02-21 08:53:46;INFO]Train | Loss : 0.010079 | ACC : 3150/3150 (100.000%)
[2025-02-21 08:53:46;INFO]Valid | Loss : 0.014932 | ACC : 1349/1350 (99.926%)
[2025-02-21 08:53:46;INFO]      | Loss didn't drop!

[2025-02-21 08:53:46;INFO]best epoch: 219, best loss: 0.013195
[2025-02-21 08:53:46;INFO]----------------------------------------------------------------------------------------------------

[2025-02-21 08:53:46;INFO]Current Epoch: 221 / 500 | Learning Rate : 0.0
[2025-02-21 08:53:48;INFO]Train | Loss : 0.010187 | ACC : 3150/3150 (100.000%)
[2025-02-21 08:53:48;INFO]Valid | Loss : 0.014638 | ACC : 1349/1350 (99.926%)
[2025-02-21 08:53:48;INFO]      | Loss didn't drop!

[2025-02-21 08:53:48;INFO]best epoch: 219, best loss: 0.013195
[2025-02-21 08:53:48;INFO]----------------------------------------------------------------------------------------------------

[2025-02-21 08:53:48;INFO]Current Epoch: 222 / 500 | Learning Rate : 0.0008535533905934136
[2025-02-21 08:53:50;INFO]Train | Loss : 0.009874 | ACC : 3150/3150 (100.000%)
[2025-02-21 08:53:51;INFO]Valid | Loss : 0.014266 | ACC : 1349/1350 (99.926%)
[2025-02-21 08:53:51;INFO]      | Loss didn't drop!

[2025-02-21 08:53:51;INFO]best epoch: 219, best loss: 0.013195
[2025-02-21 08:53:51;INFO]----------------------------------------------------------------------------------------------------

[2025-02-21 08:53:51;INFO]Current Epoch: 223 / 500 | Learning Rate : 0.0005000000000002405
[2025-02-21 08:53:52;INFO]Train | Loss : 0.010039 | ACC : 3150/3150 (100.000%)
[2025-02-21 08:53:53;INFO]Valid | Loss : 0.014282 | ACC : 1349/1350 (99.926%)
[2025-02-21 08:53:53;INFO]      | Loss didn't drop!

[2025-02-21 08:53:53;INFO]best epoch: 219, best loss: 0.013195
[2025-02-21 08:53:53;INFO]----------------------------------------------------------------------------------------------------

[2025-02-21 08:53:53;INFO]Current Epoch: 224 / 500 | Learning Rate : 0.00014644660940680096
[2025-02-21 08:53:54;INFO]Train | Loss : 0.009716 | ACC : 3150/3150 (100.000%)
[2025-02-21 08:53:55;INFO]Valid | Loss : 0.014916 | ACC : 1349/1350 (99.926%)
[2025-02-21 08:53:55;INFO]      | Loss didn't drop!

[2025-02-21 08:53:55;INFO]best epoch: 219, best loss: 0.013195
[2025-02-21 08:53:55;INFO]----------------------------------------------------------------------------------------------------

[2025-02-21 08:53:55;INFO]Current Epoch: 225 / 500 | Learning Rate : 0.0009999999999992875
[2025-02-21 08:53:57;INFO]Train | Loss : 0.009602 | ACC : 3150/3150 (100.000%)
[2025-02-21 08:53:57;INFO]Valid | Loss : 0.013396 | ACC : 1349/1350 (99.926%)
[2025-02-21 08:53:57;INFO]      | Loss didn't drop!

[2025-02-21 08:53:57;INFO]best epoch: 219, best loss: 0.013195
[2025-02-21 08:53:57;INFO]----------------------------------------------------------------------------------------------------

[2025-02-21 08:53:57;INFO]Current Epoch: 226 / 500 | Learning Rate : 0.00014644660940687736
[2025-02-21 08:53:59;INFO]Train | Loss : 0.009503 | ACC : 3150/3150 (100.000%)
[2025-02-21 08:53:59;INFO]Valid | Loss : 0.053636 | ACC : 1349/1350 (99.926%)
[2025-02-21 08:53:59;INFO]      | Loss didn't drop!

[2025-02-21 08:53:59;INFO]best epoch: 219, best loss: 0.013195
[2025-02-21 08:53:59;INFO]----------------------------------------------------------------------------------------------------

[2025-02-21 08:53:59;INFO]Current Epoch: 227 / 500 | Learning Rate : 0.0005000000000005216
[2025-02-21 08:54:01;INFO]Train | Loss : 0.010085 | ACC : 3150/3150 (100.000%)
[2025-02-21 08:54:01;INFO]Valid | Loss : 0.013727 | ACC : 1349/1350 (99.926%)
[2025-02-21 08:54:01;INFO]      | Loss didn't drop!

[2025-02-21 08:54:01;INFO]best epoch: 219, best loss: 0.013195
[2025-02-21 08:54:01;INFO]----------------------------------------------------------------------------------------------------

[2025-02-21 08:54:01;INFO]Current Epoch: 228 / 500 | Learning Rate : 0.0008535533905943401
[2025-02-21 08:54:03;INFO]Train | Loss : 0.009386 | ACC : 3150/3150 (100.000%)
[2025-02-21 08:54:03;INFO]Valid | Loss : 0.014037 | ACC : 1349/1350 (99.926%)
[2025-02-21 08:54:03;INFO]      | Loss didn't drop!

[2025-02-21 08:54:03;INFO]best epoch: 219, best loss: 0.013195
[2025-02-21 08:54:03;INFO]----------------------------------------------------------------------------------------------------

[2025-02-21 08:54:03;INFO]Current Epoch: 229 / 500 | Learning Rate : 0.0
[2025-02-21 08:54:05;INFO]Train | Loss : 0.008705 | ACC : 3150/3150 (100.000%)
[2025-02-21 08:54:06;INFO]Valid | Loss : 0.015341 | ACC : 1349/1350 (99.926%)
[2025-02-21 08:54:06;INFO]      | Loss didn't drop!

[2025-02-21 08:54:06;INFO]best epoch: 219, best loss: 0.013195
[2025-02-21 08:54:06;INFO]----------------------------------------------------------------------------------------------------

[2025-02-21 08:54:06;INFO]Current Epoch: 230 / 500 | Learning Rate : 0.0008535533905933417
[2025-02-21 08:54:07;INFO]Train | Loss : 0.008936 | ACC : 3150/3150 (100.000%)
[2025-02-21 08:54:08;INFO]Valid | Loss : 0.013777 | ACC : 1349/1350 (99.926%)
[2025-02-21 08:54:08;INFO]      | Loss didn't drop!

[2025-02-21 08:54:08;INFO]best epoch: 219, best loss: 0.013195
[2025-02-21 08:54:08;INFO]----------------------------------------------------------------------------------------------------

[2025-02-21 08:54:08;INFO]Current Epoch: 231 / 500 | Learning Rate : 0.0005000000000002072
[2025-02-21 08:54:10;INFO]Train | Loss : 0.008742 | ACC : 3150/3150 (100.000%)
[2025-02-21 08:54:10;INFO]Valid | Loss : 0.013680 | ACC : 1349/1350 (99.926%)
[2025-02-21 08:54:10;INFO]      | Loss didn't drop!

[2025-02-21 08:54:10;INFO]best epoch: 219, best loss: 0.013195
[2025-02-21 08:54:10;INFO]----------------------------------------------------------------------------------------------------

[2025-02-21 08:54:10;INFO]Current Epoch: 232 / 500 | Learning Rate : 0.00014644660940678838
[2025-02-21 08:54:12;INFO]Train | Loss : 0.008487 | ACC : 3150/3150 (100.000%)
[2025-02-21 08:54:12;INFO]Valid | Loss : 0.012985 | ACC : 1349/1350 (99.926%)
[2025-02-21 08:54:12;INFO]      | Loss dropped from 0.013195 to 0.012985, model has been saved!

[2025-02-21 08:54:12;INFO]best epoch: 232, best loss: 0.012985
[2025-02-21 08:54:12;INFO]----------------------------------------------------------------------------------------------------

[2025-02-21 08:54:12;INFO]Current Epoch: 233 / 500 | Learning Rate : 0.0010000000000021006
[2025-02-21 08:54:14;INFO]Train | Loss : 0.008717 | ACC : 3150/3150 (100.000%)
[2025-02-21 08:54:14;INFO]Valid | Loss : 0.013238 | ACC : 1349/1350 (99.926%)
[2025-02-21 08:54:14;INFO]      | Loss didn't drop!

[2025-02-21 08:54:14;INFO]best epoch: 232, best loss: 0.012985
[2025-02-21 08:54:14;INFO]----------------------------------------------------------------------------------------------------

[2025-02-21 08:54:14;INFO]Current Epoch: 234 / 500 | Learning Rate : 0.00014644660940661607
[2025-02-21 08:54:16;INFO]Train | Loss : 0.008597 | ACC : 3150/3150 (100.000%)
[2025-02-21 08:54:16;INFO]Valid | Loss : 0.013228 | ACC : 1349/1350 (99.926%)
[2025-02-21 08:54:16;INFO]      | Loss didn't drop!

[2025-02-21 08:54:16;INFO]best epoch: 232, best loss: 0.012985
[2025-02-21 08:54:16;INFO]----------------------------------------------------------------------------------------------------

[2025-02-21 08:54:16;INFO]Current Epoch: 235 / 500 | Learning Rate : 0.0004999999999997563
[2025-02-21 08:54:18;INFO]Train | Loss : 0.008177 | ACC : 3150/3150 (100.000%)
[2025-02-21 08:54:18;INFO]Valid | Loss : 0.012895 | ACC : 1349/1350 (99.926%)
[2025-02-21 08:54:18;INFO]      | Loss dropped from 0.012985 to 0.012895, model has been saved!

[2025-02-21 08:54:18;INFO]best epoch: 235, best loss: 0.012895
[2025-02-21 08:54:18;INFO]----------------------------------------------------------------------------------------------------

[2025-02-21 08:54:18;INFO]Current Epoch: 236 / 500 | Learning Rate : 0.0008535533905942809
[2025-02-21 08:54:20;INFO]Train | Loss : 0.008416 | ACC : 3150/3150 (100.000%)
[2025-02-21 08:54:21;INFO]Valid | Loss : 0.012664 | ACC : 1349/1350 (99.926%)
[2025-02-21 08:54:21;INFO]      | Loss dropped from 0.012895 to 0.012664, model has been saved!

[2025-02-21 08:54:21;INFO]best epoch: 236, best loss: 0.012664
[2025-02-21 08:54:21;INFO]----------------------------------------------------------------------------------------------------

[2025-02-21 08:54:21;INFO]Current Epoch: 237 / 500 | Learning Rate : 0.0
[2025-02-21 08:54:22;INFO]Train | Loss : 0.008504 | ACC : 3150/3150 (100.000%)
[2025-02-21 08:54:23;INFO]Valid | Loss : 0.012786 | ACC : 1349/1350 (99.926%)
[2025-02-21 08:54:23;INFO]      | Loss didn't drop!

[2025-02-21 08:54:23;INFO]best epoch: 236, best loss: 0.012664
[2025-02-21 08:54:23;INFO]----------------------------------------------------------------------------------------------------

[2025-02-21 08:54:23;INFO]Current Epoch: 238 / 500 | Learning Rate : 0.0008535533905933593
[2025-02-21 08:54:25;INFO]Train | Loss : 0.007958 | ACC : 3150/3150 (100.000%)
[2025-02-21 08:54:25;INFO]Valid | Loss : 0.013228 | ACC : 1349/1350 (99.926%)
[2025-02-21 08:54:25;INFO]      | Loss didn't drop!

[2025-02-21 08:54:25;INFO]best epoch: 236, best loss: 0.012664
[2025-02-21 08:54:25;INFO]----------------------------------------------------------------------------------------------------

[2025-02-21 08:54:25;INFO]Current Epoch: 239 / 500 | Learning Rate : 0.0005000000000001742
[2025-02-21 08:54:27;INFO]Train | Loss : 0.008032 | ACC : 3150/3150 (100.000%)
[2025-02-21 08:54:27;INFO]Valid | Loss : 0.012588 | ACC : 1349/1350 (99.926%)
[2025-02-21 08:54:27;INFO]      | Loss dropped from 0.012664 to 0.012588, model has been saved!

[2025-02-21 08:54:27;INFO]best epoch: 239, best loss: 0.012588
[2025-02-21 08:54:27;INFO]----------------------------------------------------------------------------------------------------

[2025-02-21 08:54:27;INFO]Current Epoch: 240 / 500 | Learning Rate : 0.0001464466094067756
[2025-02-21 08:54:29;INFO]Train | Loss : 0.008027 | ACC : 3150/3150 (100.000%)
[2025-02-21 08:54:29;INFO]Valid | Loss : 0.016370 | ACC : 1349/1350 (99.926%)
[2025-02-21 08:54:29;INFO]      | Loss didn't drop!

[2025-02-21 08:54:29;INFO]best epoch: 239, best loss: 0.012588
[2025-02-21 08:54:29;INFO]----------------------------------------------------------------------------------------------------

[2025-02-21 08:54:29;INFO]Current Epoch: 241 / 500 | Learning Rate : 0.001000000000000586
[2025-02-21 08:54:31;INFO]Train | Loss : 0.007998 | ACC : 3150/3150 (100.000%)
[2025-02-21 08:54:31;INFO]Valid | Loss : 0.012126 | ACC : 1349/1350 (99.926%)
[2025-02-21 08:54:31;INFO]      | Loss dropped from 0.012588 to 0.012126, model has been saved!

[2025-02-21 08:54:31;INFO]best epoch: 241, best loss: 0.012126
[2025-02-21 08:54:31;INFO]----------------------------------------------------------------------------------------------------

[2025-02-21 08:54:31;INFO]Current Epoch: 242 / 500 | Learning Rate : 0.0001464466094066076
[2025-02-21 08:54:33;INFO]Train | Loss : 0.007835 | ACC : 3150/3150 (100.000%)
[2025-02-21 08:54:33;INFO]Valid | Loss : 0.015662 | ACC : 1349/1350 (99.926%)
[2025-02-21 08:54:33;INFO]      | Loss didn't drop!

[2025-02-21 08:54:33;INFO]best epoch: 241, best loss: 0.012126
[2025-02-21 08:54:33;INFO]----------------------------------------------------------------------------------------------------

[2025-02-21 08:54:33;INFO]Current Epoch: 243 / 500 | Learning Rate : 0.0004999999999996604
[2025-02-21 08:54:35;INFO]Train | Loss : 0.007861 | ACC : 3150/3150 (100.000%)
[2025-02-21 08:54:36;INFO]Valid | Loss : 0.012251 | ACC : 1349/1350 (99.926%)
[2025-02-21 08:54:36;INFO]      | Loss didn't drop!

[2025-02-21 08:54:36;INFO]best epoch: 241, best loss: 0.012126
[2025-02-21 08:54:36;INFO]----------------------------------------------------------------------------------------------------

[2025-02-21 08:54:36;INFO]Current Epoch: 244 / 500 | Learning Rate : 0.0008535533905942619
[2025-02-21 08:54:37;INFO]Train | Loss : 0.008151 | ACC : 3150/3150 (100.000%)
[2025-02-21 08:54:38;INFO]Valid | Loss : 0.012232 | ACC : 1349/1350 (99.926%)
[2025-02-21 08:54:38;INFO]      | Loss didn't drop!

[2025-02-21 08:54:38;INFO]best epoch: 241, best loss: 0.012126
[2025-02-21 08:54:38;INFO]----------------------------------------------------------------------------------------------------

[2025-02-21 08:54:38;INFO]Current Epoch: 245 / 500 | Learning Rate : 0.0
[2025-02-21 08:54:40;INFO]Train | Loss : 0.007333 | ACC : 3150/3150 (100.000%)
[2025-02-21 08:54:40;INFO]Valid | Loss : 0.012785 | ACC : 1349/1350 (99.926%)
[2025-02-21 08:54:40;INFO]      | Loss didn't drop!

[2025-02-21 08:54:40;INFO]best epoch: 241, best loss: 0.012126
[2025-02-21 08:54:40;INFO]----------------------------------------------------------------------------------------------------

[2025-02-21 08:54:40;INFO]Current Epoch: 246 / 500 | Learning Rate : 0.0008535533905944864
[2025-02-21 08:54:42;INFO]Train | Loss : 0.007514 | ACC : 3150/3150 (100.000%)
[2025-02-21 08:54:42;INFO]Valid | Loss : 0.013601 | ACC : 1349/1350 (99.926%)
[2025-02-21 08:54:42;INFO]      | Loss didn't drop!

[2025-02-21 08:54:42;INFO]best epoch: 241, best loss: 0.012126
[2025-02-21 08:54:42;INFO]----------------------------------------------------------------------------------------------------

[2025-02-21 08:54:42;INFO]Current Epoch: 247 / 500 | Learning Rate : 0.0005000000000000798
[2025-02-21 08:54:44;INFO]Train | Loss : 0.007456 | ACC : 3150/3150 (100.000%)
[2025-02-21 08:54:44;INFO]Valid | Loss : 0.017907 | ACC : 1349/1350 (99.926%)
[2025-02-21 08:54:44;INFO]      | Loss didn't drop!

[2025-02-21 08:54:44;INFO]best epoch: 241, best loss: 0.012126
[2025-02-21 08:54:44;INFO]----------------------------------------------------------------------------------------------------

[2025-02-21 08:54:44;INFO]Current Epoch: 248 / 500 | Learning Rate : 0.00014644660940676173
[2025-02-21 08:54:46;INFO]Train | Loss : 0.007065 | ACC : 3150/3150 (100.000%)
[2025-02-21 08:54:46;INFO]Valid | Loss : 0.019388 | ACC : 1349/1350 (99.926%)
[2025-02-21 08:54:46;INFO]      | Loss didn't drop!

[2025-02-21 08:54:46;INFO]best epoch: 241, best loss: 0.012126
[2025-02-21 08:54:46;INFO]----------------------------------------------------------------------------------------------------

[2025-02-21 08:54:46;INFO]Current Epoch: 249 / 500 | Learning Rate : 0.0010000000000005141
[2025-02-21 08:54:48;INFO]Train | Loss : 0.007158 | ACC : 3150/3150 (100.000%)
[2025-02-21 08:54:49;INFO]Valid | Loss : 0.012052 | ACC : 1349/1350 (99.926%)
[2025-02-21 08:54:49;INFO]      | Loss dropped from 0.012126 to 0.012052, model has been saved!

[2025-02-21 08:54:49;INFO]best epoch: 249, best loss: 0.012052
[2025-02-21 08:54:49;INFO]----------------------------------------------------------------------------------------------------

[2025-02-21 08:54:49;INFO]Current Epoch: 250 / 500 | Learning Rate : 0.00014644660940659913
[2025-02-21 08:54:50;INFO]Train | Loss : 0.007028 | ACC : 3150/3150 (100.000%)
[2025-02-21 08:54:51;INFO]Valid | Loss : 0.012858 | ACC : 1349/1350 (99.926%)
[2025-02-21 08:54:51;INFO]      | Loss didn't drop!

[2025-02-21 08:54:51;INFO]best epoch: 249, best loss: 0.012052
[2025-02-21 08:54:51;INFO]----------------------------------------------------------------------------------------------------

[2025-02-21 08:54:51;INFO]Current Epoch: 251 / 500 | Learning Rate : 0.0004999999999997352
[2025-02-21 08:54:52;INFO]Train | Loss : 0.007093 | ACC : 3150/3150 (100.000%)
[2025-02-21 08:54:53;INFO]Valid | Loss : 0.012207 | ACC : 1349/1350 (99.926%)
[2025-02-21 08:54:53;INFO]      | Loss didn't drop!

[2025-02-21 08:54:53;INFO]best epoch: 249, best loss: 0.012052
[2025-02-21 08:54:53;INFO]----------------------------------------------------------------------------------------------------

[2025-02-21 08:54:53;INFO]Current Epoch: 252 / 500 | Learning Rate : 0.0008535533905929625
[2025-02-21 08:54:55;INFO]Train | Loss : 0.007086 | ACC : 3150/3150 (100.000%)
[2025-02-21 08:54:55;INFO]Valid | Loss : 0.012075 | ACC : 1349/1350 (99.926%)
[2025-02-21 08:54:55;INFO]      | Loss didn't drop!

[2025-02-21 08:54:55;INFO]best epoch: 249, best loss: 0.012052
[2025-02-21 08:54:55;INFO]----------------------------------------------------------------------------------------------------

[2025-02-21 08:54:55;INFO]Current Epoch: 253 / 500 | Learning Rate : 0.0
[2025-02-21 08:54:57;INFO]Train | Loss : 0.006679 | ACC : 3150/3150 (100.000%)
[2025-02-21 08:54:57;INFO]Valid | Loss : 0.012324 | ACC : 1349/1350 (99.926%)
[2025-02-21 08:54:57;INFO]      | Loss didn't drop!

[2025-02-21 08:54:57;INFO]best epoch: 249, best loss: 0.012052
[2025-02-21 08:54:57;INFO]----------------------------------------------------------------------------------------------------

[2025-02-21 08:54:57;INFO]Current Epoch: 254 / 500 | Learning Rate : 0.0008535533905944226
[2025-02-21 08:54:59;INFO]Train | Loss : 0.006730 | ACC : 3150/3150 (100.000%)
[2025-02-21 08:54:59;INFO]Valid | Loss : 0.012645 | ACC : 1349/1350 (99.926%)
[2025-02-21 08:54:59;INFO]      | Loss didn't drop!

[2025-02-21 08:54:59;INFO]best epoch: 249, best loss: 0.012052
[2025-02-21 08:54:59;INFO]----------------------------------------------------------------------------------------------------

[2025-02-21 08:54:59;INFO]Current Epoch: 255 / 500 | Learning Rate : 0.0005000000000000467
[2025-02-21 08:55:01;INFO]Train | Loss : 0.006395 | ACC : 3150/3150 (100.000%)
[2025-02-21 08:55:01;INFO]Valid | Loss : 0.011412 | ACC : 1349/1350 (99.926%)
[2025-02-21 08:55:01;INFO]      | Loss dropped from 0.012052 to 0.011412, model has been saved!

[2025-02-21 08:55:01;INFO]best epoch: 255, best loss: 0.011412
[2025-02-21 08:55:01;INFO]----------------------------------------------------------------------------------------------------

[2025-02-21 08:55:01;INFO]Current Epoch: 256 / 500 | Learning Rate : 0.00014644660940674908
[2025-02-21 08:55:03;INFO]Train | Loss : 0.006623 | ACC : 3150/3150 (100.000%)
[2025-02-21 08:55:04;INFO]Valid | Loss : 0.011439 | ACC : 1349/1350 (99.926%)
[2025-02-21 08:55:04;INFO]      | Loss didn't drop!

[2025-02-21 08:55:04;INFO]best epoch: 255, best loss: 0.011412
[2025-02-21 08:55:04;INFO]----------------------------------------------------------------------------------------------------

[2025-02-21 08:55:04;INFO]Current Epoch: 257 / 500 | Learning Rate : 0.0010000000000004328
[2025-02-21 08:55:05;INFO]Train | Loss : 0.006560 | ACC : 3150/3150 (100.000%)
[2025-02-21 08:55:06;INFO]Valid | Loss : 0.011913 | ACC : 1349/1350 (99.926%)
[2025-02-21 08:55:06;INFO]      | Loss didn't drop!

[2025-02-21 08:55:06;INFO]best epoch: 255, best loss: 0.011412
[2025-02-21 08:55:06;INFO]----------------------------------------------------------------------------------------------------

[2025-02-21 08:55:06;INFO]Current Epoch: 258 / 500 | Learning Rate : 0.00014644660940680188
[2025-02-21 08:55:08;INFO]Train | Loss : 0.006727 | ACC : 3150/3150 (100.000%)
[2025-02-21 08:55:08;INFO]Valid | Loss : 0.011779 | ACC : 1349/1350 (99.926%)
[2025-02-21 08:55:08;INFO]      | Loss didn't drop!

[2025-02-21 08:55:08;INFO]best epoch: 255, best loss: 0.011412
[2025-02-21 08:55:08;INFO]----------------------------------------------------------------------------------------------------

[2025-02-21 08:55:08;INFO]Current Epoch: 259 / 500 | Learning Rate : 0.0005000000000004176
[2025-02-21 08:55:10;INFO]Train | Loss : 0.006384 | ACC : 3150/3150 (100.000%)
[2025-02-21 08:55:10;INFO]Valid | Loss : 0.012576 | ACC : 1349/1350 (99.926%)
[2025-02-21 08:55:10;INFO]      | Loss didn't drop!

[2025-02-21 08:55:10;INFO]best epoch: 255, best loss: 0.011412
[2025-02-21 08:55:10;INFO]----------------------------------------------------------------------------------------------------

[2025-02-21 08:55:10;INFO]Current Epoch: 260 / 500 | Learning Rate : 0.000853553390592823
[2025-02-21 08:55:12;INFO]Train | Loss : 0.006540 | ACC : 3150/3150 (100.000%)
[2025-02-21 08:55:12;INFO]Valid | Loss : 0.011432 | ACC : 1349/1350 (99.926%)
[2025-02-21 08:55:12;INFO]      | Loss didn't drop!

[2025-02-21 08:55:12;INFO]best epoch: 255, best loss: 0.011412
[2025-02-21 08:55:12;INFO]----------------------------------------------------------------------------------------------------

[2025-02-21 08:55:12;INFO]Current Epoch: 261 / 500 | Learning Rate : 0.0
[2025-02-21 08:55:14;INFO]Train | Loss : 0.006083 | ACC : 3150/3150 (100.000%)
[2025-02-21 08:55:14;INFO]Valid | Loss : 0.012948 | ACC : 1349/1350 (99.926%)
[2025-02-21 08:55:14;INFO]      | Loss didn't drop!

[2025-02-21 08:55:14;INFO]best epoch: 255, best loss: 0.011412
[2025-02-21 08:55:14;INFO]----------------------------------------------------------------------------------------------------

[2025-02-21 08:55:14;INFO]Current Epoch: 262 / 500 | Learning Rate : 0.0008535533905943588
[2025-02-21 08:55:16;INFO]Train | Loss : 0.006641 | ACC : 3150/3150 (100.000%)
[2025-02-21 08:55:16;INFO]Valid | Loss : 0.011600 | ACC : 1349/1350 (99.926%)
[2025-02-21 08:55:16;INFO]      | Loss didn't drop!

[2025-02-21 08:55:16;INFO]best epoch: 255, best loss: 0.011412
[2025-02-21 08:55:16;INFO]----------------------------------------------------------------------------------------------------

[2025-02-21 08:55:16;INFO]Current Epoch: 263 / 500 | Learning Rate : 0.0005000000000007349
[2025-02-21 08:55:18;INFO]Train | Loss : 0.006235 | ACC : 3150/3150 (100.000%)
[2025-02-21 08:55:19;INFO]Valid | Loss : 0.011842 | ACC : 1349/1350 (99.926%)
[2025-02-21 08:55:19;INFO]      | Loss didn't drop!

[2025-02-21 08:55:19;INFO]best epoch: 255, best loss: 0.011412
[2025-02-21 08:55:19;INFO]----------------------------------------------------------------------------------------------------

[2025-02-21 08:55:19;INFO]Current Epoch: 264 / 500 | Learning Rate : 0.00014644660940698795
[2025-02-21 08:55:20;INFO]Train | Loss : 0.005952 | ACC : 3150/3150 (100.000%)
[2025-02-21 08:55:21;INFO]Valid | Loss : 0.011403 | ACC : 1349/1350 (99.926%)
[2025-02-21 08:55:21;INFO]      | Loss dropped from 0.011412 to 0.011403, model has been saved!

[2025-02-21 08:55:21;INFO]best epoch: 264, best loss: 0.011403
[2025-02-21 08:55:21;INFO]----------------------------------------------------------------------------------------------------

[2025-02-21 08:55:21;INFO]Current Epoch: 265 / 500 | Learning Rate : 0.0009999999999989182
[2025-02-21 08:55:23;INFO]Train | Loss : 0.006094 | ACC : 3150/3150 (100.000%)
[2025-02-21 08:55:23;INFO]Valid | Loss : 0.011163 | ACC : 1349/1350 (99.926%)
[2025-02-21 08:55:23;INFO]      | Loss dropped from 0.011403 to 0.011163, model has been saved!

[2025-02-21 08:55:23;INFO]best epoch: 265, best loss: 0.011163
[2025-02-21 08:55:23;INFO]----------------------------------------------------------------------------------------------------

[2025-02-21 08:55:23;INFO]Current Epoch: 266 / 500 | Learning Rate : 0.0001464466094070449
[2025-02-21 08:55:25;INFO]Train | Loss : 0.006143 | ACC : 3150/3150 (100.000%)
[2025-02-21 08:55:25;INFO]Valid | Loss : 0.013362 | ACC : 1349/1350 (99.926%)
[2025-02-21 08:55:25;INFO]      | Loss didn't drop!

[2025-02-21 08:55:25;INFO]best epoch: 265, best loss: 0.011163
[2025-02-21 08:55:25;INFO]----------------------------------------------------------------------------------------------------

[2025-02-21 08:55:25;INFO]Current Epoch: 267 / 500 | Learning Rate : 0.0005000000000010433
[2025-02-21 08:55:27;INFO]Train | Loss : 0.005924 | ACC : 3150/3150 (100.000%)
[2025-02-21 08:55:27;INFO]Valid | Loss : 0.013015 | ACC : 1349/1350 (99.926%)
[2025-02-21 08:55:27;INFO]      | Loss didn't drop!

[2025-02-21 08:55:27;INFO]best epoch: 265, best loss: 0.011163
[2025-02-21 08:55:27;INFO]----------------------------------------------------------------------------------------------------

[2025-02-21 08:55:27;INFO]Current Epoch: 268 / 500 | Learning Rate : 0.000853553390592804
[2025-02-21 08:55:29;INFO]Train | Loss : 0.005699 | ACC : 3150/3150 (100.000%)
[2025-02-21 08:55:29;INFO]Valid | Loss : 0.011077 | ACC : 1349/1350 (99.926%)
[2025-02-21 08:55:29;INFO]      | Loss dropped from 0.011163 to 0.011077, model has been saved!

[2025-02-21 08:55:29;INFO]best epoch: 268, best loss: 0.011077
[2025-02-21 08:55:29;INFO]----------------------------------------------------------------------------------------------------

[2025-02-21 08:55:29;INFO]Current Epoch: 269 / 500 | Learning Rate : 0.0
[2025-02-21 08:55:31;INFO]Train | Loss : 0.005692 | ACC : 3150/3150 (100.000%)
[2025-02-21 08:55:31;INFO]Valid | Loss : 0.012120 | ACC : 1349/1350 (99.926%)
[2025-02-21 08:55:31;INFO]      | Loss didn't drop!

[2025-02-21 08:55:31;INFO]best epoch: 268, best loss: 0.011077
[2025-02-21 08:55:31;INFO]----------------------------------------------------------------------------------------------------

[2025-02-21 08:55:31;INFO]Current Epoch: 270 / 500 | Learning Rate : 0.000853553390593016
[2025-02-21 08:55:33;INFO]Train | Loss : 0.005605 | ACC : 3150/3150 (100.000%)
[2025-02-21 08:55:34;INFO]Valid | Loss : 0.015722 | ACC : 1349/1350 (99.926%)
[2025-02-21 08:55:34;INFO]      | Loss didn't drop!

[2025-02-21 08:55:34;INFO]best epoch: 268, best loss: 0.011077
[2025-02-21 08:55:34;INFO]----------------------------------------------------------------------------------------------------

[2025-02-21 08:55:34;INFO]Current Epoch: 271 / 500 | Learning Rate : 0.0005000000000000328
[2025-02-21 08:55:35;INFO]Train | Loss : 0.005784 | ACC : 3150/3150 (100.000%)
[2025-02-21 08:55:36;INFO]Valid | Loss : 0.011296 | ACC : 1349/1350 (99.926%)
[2025-02-21 08:55:36;INFO]      | Loss didn't drop!

[2025-02-21 08:55:36;INFO]best epoch: 268, best loss: 0.011077
[2025-02-21 08:55:36;INFO]----------------------------------------------------------------------------------------------------

[2025-02-21 08:55:36;INFO]Current Epoch: 272 / 500 | Learning Rate : 0.00014644660940672246
[2025-02-21 08:55:38;INFO]Train | Loss : 0.005782 | ACC : 3150/3150 (100.000%)
[2025-02-21 08:55:38;INFO]Valid | Loss : 0.011992 | ACC : 1349/1350 (99.926%)
[2025-02-21 08:55:38;INFO]      | Loss didn't drop!

[2025-02-21 08:55:38;INFO]best epoch: 268, best loss: 0.011077
[2025-02-21 08:55:38;INFO]----------------------------------------------------------------------------------------------------

[2025-02-21 08:55:38;INFO]Current Epoch: 273 / 500 | Learning Rate : 0.0010000000000002884
[2025-02-21 08:55:40;INFO]Train | Loss : 0.005437 | ACC : 3150/3150 (100.000%)
[2025-02-21 08:55:40;INFO]Valid | Loss : 0.010874 | ACC : 1349/1350 (99.926%)
[2025-02-21 08:55:40;INFO]      | Loss dropped from 0.011077 to 0.010874, model has been saved!

[2025-02-21 08:55:40;INFO]best epoch: 273, best loss: 0.010874
[2025-02-21 08:55:40;INFO]----------------------------------------------------------------------------------------------------

[2025-02-21 08:55:40;INFO]Current Epoch: 274 / 500 | Learning Rate : 0.00014644660940678358
[2025-02-21 08:55:42;INFO]Train | Loss : 0.005480 | ACC : 3150/3150 (100.000%)
[2025-02-21 08:55:42;INFO]Valid | Loss : 0.010378 | ACC : 1349/1350 (99.926%)
[2025-02-21 08:55:42;INFO]      | Loss dropped from 0.010874 to 0.010378, model has been saved!

[2025-02-21 08:55:42;INFO]best epoch: 274, best loss: 0.010378
[2025-02-21 08:55:42;INFO]----------------------------------------------------------------------------------------------------

[2025-02-21 08:55:42;INFO]Current Epoch: 275 / 500 | Learning Rate : 0.0005000000000003351
[2025-02-21 08:55:44;INFO]Train | Loss : 0.005511 | ACC : 3150/3150 (100.000%)
[2025-02-21 08:55:44;INFO]Valid | Loss : 0.010904 | ACC : 1349/1350 (99.926%)
[2025-02-21 08:55:44;INFO]      | Loss didn't drop!

[2025-02-21 08:55:44;INFO]best epoch: 274, best loss: 0.010378
[2025-02-21 08:55:44;INFO]----------------------------------------------------------------------------------------------------

[2025-02-21 08:55:44;INFO]Current Epoch: 276 / 500 | Learning Rate : 0.0008535533905939354
[2025-02-21 08:55:46;INFO]Train | Loss : 0.005677 | ACC : 3150/3150 (100.000%)
[2025-02-21 08:55:47;INFO]Valid | Loss : 0.010414 | ACC : 1349/1350 (99.926%)
[2025-02-21 08:55:47;INFO]      | Loss didn't drop!

[2025-02-21 08:55:47;INFO]best epoch: 274, best loss: 0.010378
[2025-02-21 08:55:47;INFO]----------------------------------------------------------------------------------------------------

[2025-02-21 08:55:47;INFO]Current Epoch: 277 / 500 | Learning Rate : 0.0
[2025-02-21 08:55:48;INFO]Train | Loss : 0.005299 | ACC : 3150/3150 (100.000%)
[2025-02-21 08:55:49;INFO]Valid | Loss : 0.010603 | ACC : 1349/1350 (99.926%)
[2025-02-21 08:55:49;INFO]      | Loss didn't drop!

[2025-02-21 08:55:49;INFO]best epoch: 274, best loss: 0.010378
[2025-02-21 08:55:49;INFO]----------------------------------------------------------------------------------------------------

[2025-02-21 08:55:49;INFO]Current Epoch: 278 / 500 | Learning Rate : 0.0008535533905942238
[2025-02-21 08:55:51;INFO]Train | Loss : 0.005282 | ACC : 3150/3150 (100.000%)
[2025-02-21 08:55:51;INFO]Valid | Loss : 0.017319 | ACC : 1349/1350 (99.926%)
[2025-02-21 08:55:51;INFO]      | Loss didn't drop!

[2025-02-21 08:55:51;INFO]best epoch: 274, best loss: 0.010378
[2025-02-21 08:55:51;INFO]----------------------------------------------------------------------------------------------------

[2025-02-21 08:55:51;INFO]Current Epoch: 279 / 500 | Learning Rate : 0.0005000000000006641
[2025-02-21 08:55:53;INFO]Train | Loss : 0.005472 | ACC : 3150/3150 (100.000%)
[2025-02-21 08:55:53;INFO]Valid | Loss : 0.011229 | ACC : 1349/1350 (99.926%)
[2025-02-21 08:55:53;INFO]      | Loss didn't drop!

[2025-02-21 08:55:53;INFO]best epoch: 274, best loss: 0.010378
[2025-02-21 08:55:53;INFO]----------------------------------------------------------------------------------------------------

[2025-02-21 08:55:53;INFO]Current Epoch: 280 / 500 | Learning Rate : 0.00014644660940696125
[2025-02-21 08:55:55;INFO]Train | Loss : 0.005096 | ACC : 3150/3150 (100.000%)
[2025-02-21 08:55:55;INFO]Valid | Loss : 0.010469 | ACC : 1349/1350 (99.926%)
[2025-02-21 08:55:55;INFO]      | Loss didn't drop!

[2025-02-21 08:55:55;INFO]best epoch: 274, best loss: 0.010378
[2025-02-21 08:55:55;INFO]----------------------------------------------------------------------------------------------------

[2025-02-21 08:55:55;INFO]Current Epoch: 281 / 500 | Learning Rate : 0.0010000000000016593
[2025-02-21 08:55:57;INFO]Train | Loss : 0.005002 | ACC : 3150/3150 (100.000%)
[2025-02-21 08:55:57;INFO]Valid | Loss : 0.010597 | ACC : 1349/1350 (99.926%)
[2025-02-21 08:55:57;INFO]      | Loss didn't drop!

[2025-02-21 08:55:57;INFO]best epoch: 274, best loss: 0.010378
[2025-02-21 08:55:57;INFO]----------------------------------------------------------------------------------------------------

[2025-02-21 08:55:57;INFO]Current Epoch: 282 / 500 | Learning Rate : 0.00014644660940652362
[2025-02-21 08:55:59;INFO]Train | Loss : 0.004928 | ACC : 3150/3150 (100.000%)
[2025-02-21 08:55:59;INFO]Valid | Loss : 0.010559 | ACC : 1349/1350 (99.926%)
[2025-02-21 08:55:59;INFO]      | Loss didn't drop!

[2025-02-21 08:55:59;INFO]best epoch: 274, best loss: 0.010378
[2025-02-21 08:55:59;INFO]----------------------------------------------------------------------------------------------------

[2025-02-21 08:55:59;INFO]Current Epoch: 283 / 500 | Learning Rate : 0.000499999999999518
[2025-02-21 08:56:01;INFO]Train | Loss : 0.004780 | ACC : 3150/3150 (100.000%)
[2025-02-21 08:56:02;INFO]Valid | Loss : 0.010401 | ACC : 1349/1350 (99.926%)
[2025-02-21 08:56:02;INFO]      | Loss didn't drop!

[2025-02-21 08:56:02;INFO]best epoch: 274, best loss: 0.010378
[2025-02-21 08:56:02;INFO]----------------------------------------------------------------------------------------------------

[2025-02-21 08:56:02;INFO]Current Epoch: 284 / 500 | Learning Rate : 0.0008535533905951398
[2025-02-21 08:56:03;INFO]Train | Loss : 0.005194 | ACC : 3150/3150 (100.000%)
[2025-02-21 08:56:04;INFO]Valid | Loss : 0.011078 | ACC : 1349/1350 (99.926%)
[2025-02-21 08:56:04;INFO]      | Loss didn't drop!

[2025-02-21 08:56:04;INFO]best epoch: 274, best loss: 0.010378
[2025-02-21 08:56:04;INFO]----------------------------------------------------------------------------------------------------

[2025-02-21 08:56:04;INFO]Current Epoch: 285 / 500 | Learning Rate : 0.0
[2025-02-21 08:56:06;INFO]Train | Loss : 0.005318 | ACC : 3150/3150 (100.000%)
[2025-02-21 08:56:06;INFO]Valid | Loss : 0.010119 | ACC : 1349/1350 (99.926%)
[2025-02-21 08:56:06;INFO]      | Loss dropped from 0.010378 to 0.010119, model has been saved!

[2025-02-21 08:56:06;INFO]best epoch: 285, best loss: 0.010119
[2025-02-21 08:56:06;INFO]----------------------------------------------------------------------------------------------------

[2025-02-21 08:56:06;INFO]Current Epoch: 286 / 500 | Learning Rate : 0.000853553390592961
[2025-02-21 08:56:08;INFO]Train | Loss : 0.004797 | ACC : 3150/3150 (100.000%)
[2025-02-21 08:56:08;INFO]Valid | Loss : 0.009884 | ACC : 1349/1350 (99.926%)
[2025-02-21 08:56:08;INFO]      | Loss dropped from 0.010119 to 0.009884, model has been saved!

[2025-02-21 08:56:08;INFO]best epoch: 286, best loss: 0.009884
[2025-02-21 08:56:08;INFO]----------------------------------------------------------------------------------------------------

[2025-02-21 08:56:08;INFO]Current Epoch: 287 / 500 | Learning Rate : 0.0004999999999999664
[2025-02-21 08:56:10;INFO]Train | Loss : 0.004840 | ACC : 3150/3150 (100.000%)
[2025-02-21 08:56:10;INFO]Valid | Loss : 0.010425 | ACC : 1349/1350 (99.926%)
[2025-02-21 08:56:10;INFO]      | Loss didn't drop!

[2025-02-21 08:56:10;INFO]best epoch: 286, best loss: 0.009884
[2025-02-21 08:56:10;INFO]----------------------------------------------------------------------------------------------------

[2025-02-21 08:56:10;INFO]Current Epoch: 288 / 500 | Learning Rate : 0.00014644660940669714
[2025-02-21 08:56:12;INFO]Train | Loss : 0.004650 | ACC : 3150/3150 (100.000%)
[2025-02-21 08:56:12;INFO]Valid | Loss : 0.010363 | ACC : 1349/1350 (99.926%)
[2025-02-21 08:56:12;INFO]      | Loss didn't drop!

[2025-02-21 08:56:12;INFO]best epoch: 286, best loss: 0.009884
[2025-02-21 08:56:12;INFO]----------------------------------------------------------------------------------------------------

[2025-02-21 08:56:12;INFO]Current Epoch: 289 / 500 | Learning Rate : 0.0010000000000001358
[2025-02-21 08:56:14;INFO]Train | Loss : 0.004530 | ACC : 3150/3150 (100.000%)
[2025-02-21 08:56:14;INFO]Valid | Loss : 0.009859 | ACC : 1349/1350 (99.926%)
[2025-02-21 08:56:14;INFO]      | Loss dropped from 0.009884 to 0.009859, model has been saved!

[2025-02-21 08:56:14;INFO]best epoch: 289, best loss: 0.009859
[2025-02-21 08:56:14;INFO]----------------------------------------------------------------------------------------------------

[2025-02-21 08:56:14;INFO]Current Epoch: 290 / 500 | Learning Rate : 0.00014644660940676664
[2025-02-21 08:56:16;INFO]Train | Loss : 0.004835 | ACC : 3150/3150 (100.000%)
[2025-02-21 08:56:17;INFO]Valid | Loss : 0.012687 | ACC : 1349/1350 (99.926%)
[2025-02-21 08:56:17;INFO]      | Loss didn't drop!

[2025-02-21 08:56:17;INFO]best epoch: 289, best loss: 0.009859
[2025-02-21 08:56:17;INFO]----------------------------------------------------------------------------------------------------

[2025-02-21 08:56:17;INFO]Current Epoch: 291 / 500 | Learning Rate : 0.0005000000000001432
[2025-02-21 08:56:18;INFO]Train | Loss : 0.004550 | ACC : 3150/3150 (100.000%)
[2025-02-21 08:56:19;INFO]Valid | Loss : 0.009765 | ACC : 1349/1350 (99.926%)
[2025-02-21 08:56:19;INFO]      | Loss dropped from 0.009859 to 0.009765, model has been saved!

[2025-02-21 08:56:19;INFO]best epoch: 291, best loss: 0.009765
[2025-02-21 08:56:19;INFO]----------------------------------------------------------------------------------------------------

[2025-02-21 08:56:19;INFO]Current Epoch: 292 / 500 | Learning Rate : 0.0008535533905938892
[2025-02-21 08:56:21;INFO]Train | Loss : 0.004436 | ACC : 3150/3150 (100.000%)
[2025-02-21 08:56:21;INFO]Valid | Loss : 0.009881 | ACC : 1349/1350 (99.926%)
[2025-02-21 08:56:21;INFO]      | Loss didn't drop!

[2025-02-21 08:56:21;INFO]best epoch: 291, best loss: 0.009765
[2025-02-21 08:56:21;INFO]----------------------------------------------------------------------------------------------------

[2025-02-21 08:56:21;INFO]Current Epoch: 293 / 500 | Learning Rate : 0.0
[2025-02-21 08:56:23;INFO]Train | Loss : 0.004257 | ACC : 3150/3150 (100.000%)
[2025-02-21 08:56:23;INFO]Valid | Loss : 0.010482 | ACC : 1349/1350 (99.926%)
[2025-02-21 08:56:23;INFO]      | Loss didn't drop!

[2025-02-21 08:56:23;INFO]best epoch: 291, best loss: 0.009765
[2025-02-21 08:56:23;INFO]----------------------------------------------------------------------------------------------------

[2025-02-21 08:56:23;INFO]Current Epoch: 294 / 500 | Learning Rate : 0.0008535533905940888
[2025-02-21 08:56:25;INFO]Train | Loss : 0.004346 | ACC : 3150/3150 (100.000%)
[2025-02-21 08:56:25;INFO]Valid | Loss : 0.009762 | ACC : 1349/1350 (99.926%)
[2025-02-21 08:56:25;INFO]      | Loss dropped from 0.009765 to 0.009762, model has been saved!

[2025-02-21 08:56:25;INFO]best epoch: 294, best loss: 0.009762
[2025-02-21 08:56:25;INFO]----------------------------------------------------------------------------------------------------

[2025-02-21 08:56:25;INFO]Current Epoch: 295 / 500 | Learning Rate : 0.0005000000000005978
[2025-02-21 08:56:27;INFO]Train | Loss : 0.004200 | ACC : 3150/3150 (100.000%)
[2025-02-21 08:56:27;INFO]Valid | Loss : 0.010075 | ACC : 1349/1350 (99.926%)
[2025-02-21 08:56:27;INFO]      | Loss didn't drop!

[2025-02-21 08:56:27;INFO]best epoch: 294, best loss: 0.009762
[2025-02-21 08:56:27;INFO]----------------------------------------------------------------------------------------------------

[2025-02-21 08:56:27;INFO]Current Epoch: 296 / 500 | Learning Rate : 0.000146446609406936
[2025-02-21 08:56:29;INFO]Train | Loss : 0.003976 | ACC : 3150/3150 (100.000%)
[2025-02-21 08:56:30;INFO]Valid | Loss : 0.010012 | ACC : 1349/1350 (99.926%)
[2025-02-21 08:56:30;INFO]      | Loss didn't drop!

[2025-02-21 08:56:30;INFO]best epoch: 294, best loss: 0.009762
[2025-02-21 08:56:30;INFO]----------------------------------------------------------------------------------------------------

[2025-02-21 08:56:30;INFO]Current Epoch: 297 / 500 | Learning Rate : 0.0010000000000015066
[2025-02-21 08:56:31;INFO]Train | Loss : 0.004073 | ACC : 3150/3150 (100.000%)
[2025-02-21 08:56:32;INFO]Valid | Loss : 0.009673 | ACC : 1349/1350 (99.926%)
[2025-02-21 08:56:32;INFO]      | Loss dropped from 0.009762 to 0.009673, model has been saved!

[2025-02-21 08:56:32;INFO]best epoch: 297, best loss: 0.009673
[2025-02-21 08:56:32;INFO]----------------------------------------------------------------------------------------------------

[2025-02-21 08:56:32;INFO]Current Epoch: 298 / 500 | Learning Rate : 0.00014644660940650532
[2025-02-21 08:56:34;INFO]Train | Loss : 0.004580 | ACC : 3150/3150 (100.000%)
[2025-02-21 08:56:34;INFO]Valid | Loss : 0.010589 | ACC : 1349/1350 (99.926%)
[2025-02-21 08:56:34;INFO]      | Loss didn't drop!

[2025-02-21 08:56:34;INFO]best epoch: 297, best loss: 0.009673
[2025-02-21 08:56:34;INFO]----------------------------------------------------------------------------------------------------

[2025-02-21 08:56:34;INFO]Current Epoch: 299 / 500 | Learning Rate : 0.0004999999999995491
[2025-02-21 08:56:36;INFO]Train | Loss : 0.004207 | ACC : 3150/3150 (100.000%)
[2025-02-21 08:56:36;INFO]Valid | Loss : 0.009927 | ACC : 1349/1350 (99.926%)
[2025-02-21 08:56:36;INFO]      | Loss didn't drop!

[2025-02-21 08:56:36;INFO]best epoch: 297, best loss: 0.009673
[2025-02-21 08:56:36;INFO]----------------------------------------------------------------------------------------------------

[2025-02-21 08:56:36;INFO]Current Epoch: 300 / 500 | Learning Rate : 0.0008535533905925578
[2025-02-21 08:56:38;INFO]Train | Loss : 0.004086 | ACC : 3150/3150 (100.000%)
[2025-02-21 08:56:38;INFO]Valid | Loss : 0.010193 | ACC : 1349/1350 (99.926%)
[2025-02-21 08:56:38;INFO]      | Loss didn't drop!

[2025-02-21 08:56:38;INFO]best epoch: 297, best loss: 0.009673
[2025-02-21 08:56:38;INFO]----------------------------------------------------------------------------------------------------

[2025-02-21 08:56:38;INFO]Current Epoch: 301 / 500 | Learning Rate : 0.0
[2025-02-21 08:56:40;INFO]Train | Loss : 0.004122 | ACC : 3150/3150 (100.000%)
[2025-02-21 08:56:40;INFO]Valid | Loss : 0.009998 | ACC : 1349/1350 (99.926%)
[2025-02-21 08:56:40;INFO]      | Loss didn't drop!

[2025-02-21 08:56:40;INFO]best epoch: 297, best loss: 0.009673
[2025-02-21 08:56:40;INFO]----------------------------------------------------------------------------------------------------

[2025-02-21 08:56:40;INFO]Current Epoch: 302 / 500 | Learning Rate : 0.0008535533905952973
[2025-02-21 08:56:42;INFO]Train | Loss : 0.003964 | ACC : 3150/3150 (100.000%)
[2025-02-21 08:56:42;INFO]Valid | Loss : 0.010005 | ACC : 1349/1350 (99.926%)
[2025-02-21 08:56:42;INFO]      | Loss didn't drop!

[2025-02-21 08:56:42;INFO]best epoch: 297, best loss: 0.009673
[2025-02-21 08:56:42;INFO]----------------------------------------------------------------------------------------------------

[2025-02-21 08:56:42;INFO]Current Epoch: 303 / 500 | Learning Rate : 0.0004999999999997821
[2025-02-21 08:56:44;INFO]Train | Loss : 0.003890 | ACC : 3150/3150 (100.000%)
[2025-02-21 08:56:45;INFO]Valid | Loss : 0.009814 | ACC : 1349/1350 (99.926%)
[2025-02-21 08:56:45;INFO]      | Loss didn't drop!

[2025-02-21 08:56:45;INFO]best epoch: 297, best loss: 0.009673
[2025-02-21 08:56:45;INFO]----------------------------------------------------------------------------------------------------

[2025-02-21 08:56:45;INFO]Current Epoch: 304 / 500 | Learning Rate : 0.0001464466094066705
[2025-02-21 08:56:46;INFO]Train | Loss : 0.003822 | ACC : 3150/3150 (100.000%)
[2025-02-21 08:56:47;INFO]Valid | Loss : 0.009807 | ACC : 1349/1350 (99.926%)
[2025-02-21 08:56:47;INFO]      | Loss didn't drop!

[2025-02-21 08:56:47;INFO]best epoch: 297, best loss: 0.009673
[2025-02-21 08:56:47;INFO]----------------------------------------------------------------------------------------------------

[2025-02-21 08:56:47;INFO]Current Epoch: 305 / 500 | Learning Rate : 0.0009999999999999913
[2025-02-21 08:56:49;INFO]Train | Loss : 0.003767 | ACC : 3150/3150 (100.000%)
[2025-02-21 08:56:49;INFO]Valid | Loss : 0.009575 | ACC : 1349/1350 (99.926%)
[2025-02-21 08:56:49;INFO]      | Loss dropped from 0.009673 to 0.009575, model has been saved!

[2025-02-21 08:56:49;INFO]best epoch: 305, best loss: 0.009575
[2025-02-21 08:56:49;INFO]----------------------------------------------------------------------------------------------------

[2025-02-21 08:56:49;INFO]Current Epoch: 306 / 500 | Learning Rate : 0.00014644660940674837
[2025-02-21 08:56:51;INFO]Train | Loss : 0.003671 | ACC : 3150/3150 (100.000%)
[2025-02-21 08:56:51;INFO]Valid | Loss : 0.010041 | ACC : 1349/1350 (99.926%)
[2025-02-21 08:56:51;INFO]      | Loss didn't drop!

[2025-02-21 08:56:51;INFO]best epoch: 305, best loss: 0.009575
[2025-02-21 08:56:51;INFO]----------------------------------------------------------------------------------------------------

[2025-02-21 08:56:51;INFO]Current Epoch: 307 / 500 | Learning Rate : 0.0005000000000001748
[2025-02-21 08:56:53;INFO]Train | Loss : 0.003745 | ACC : 3150/3150 (100.000%)
[2025-02-21 08:56:53;INFO]Valid | Loss : 0.010396 | ACC : 1349/1350 (99.926%)
[2025-02-21 08:56:53;INFO]      | Loss didn't drop!

[2025-02-21 08:56:53;INFO]best epoch: 305, best loss: 0.009575
[2025-02-21 08:56:53;INFO]----------------------------------------------------------------------------------------------------

[2025-02-21 08:56:53;INFO]Current Epoch: 308 / 500 | Learning Rate : 0.0008535533905936823
[2025-02-21 08:56:55;INFO]Train | Loss : 0.003861 | ACC : 3150/3150 (100.000%)
[2025-02-21 08:56:55;INFO]Valid | Loss : 0.010135 | ACC : 1349/1350 (99.926%)
[2025-02-21 08:56:55;INFO]      | Loss didn't drop!

[2025-02-21 08:56:55;INFO]best epoch: 305, best loss: 0.009575
[2025-02-21 08:56:55;INFO]----------------------------------------------------------------------------------------------------

[2025-02-21 08:56:55;INFO]Current Epoch: 309 / 500 | Learning Rate : 0.0
[2025-02-21 08:56:57;INFO]Train | Loss : 0.003710 | ACC : 3150/3150 (100.000%)
[2025-02-21 08:56:57;INFO]Valid | Loss : 0.012558 | ACC : 1349/1350 (99.926%)
[2025-02-21 08:56:57;INFO]      | Loss didn't drop!

[2025-02-21 08:56:57;INFO]best epoch: 305, best loss: 0.009575
[2025-02-21 08:56:57;INFO]----------------------------------------------------------------------------------------------------

[2025-02-21 08:56:57;INFO]Current Epoch: 310 / 500 | Learning Rate : 0.0008535533905939615
[2025-02-21 08:56:59;INFO]Train | Loss : 0.003683 | ACC : 3150/3150 (100.000%)
[2025-02-21 08:57:00;INFO]Valid | Loss : 0.009444 | ACC : 1349/1350 (99.926%)
[2025-02-21 08:57:00;INFO]      | Loss dropped from 0.009575 to 0.009444, model has been saved!

[2025-02-21 08:57:00;INFO]best epoch: 310, best loss: 0.009444
[2025-02-21 08:57:00;INFO]----------------------------------------------------------------------------------------------------

[2025-02-21 08:57:00;INFO]Current Epoch: 311 / 500 | Learning Rate : 0.0005000000000005271
[2025-02-21 08:57:02;INFO]Train | Loss : 0.003666 | ACC : 3150/3150 (100.000%)
[2025-02-21 08:57:02;INFO]Valid | Loss : 0.009897 | ACC : 1349/1350 (99.926%)
[2025-02-21 08:57:02;INFO]      | Loss didn't drop!

[2025-02-21 08:57:02;INFO]best epoch: 310, best loss: 0.009444
[2025-02-21 08:57:02;INFO]----------------------------------------------------------------------------------------------------

[2025-02-21 08:57:02;INFO]Current Epoch: 312 / 500 | Learning Rate : 0.00014644660940690935
[2025-02-21 08:57:04;INFO]Train | Loss : 0.003665 | ACC : 3150/3150 (100.000%)
[2025-02-21 08:57:04;INFO]Valid | Loss : 0.009638 | ACC : 1349/1350 (99.926%)
[2025-02-21 08:57:04;INFO]      | Loss didn't drop!

[2025-02-21 08:57:04;INFO]best epoch: 310, best loss: 0.009444
[2025-02-21 08:57:04;INFO]----------------------------------------------------------------------------------------------------

[2025-02-21 08:57:04;INFO]Current Epoch: 313 / 500 | Learning Rate : 0.001000000000001362
[2025-02-21 08:57:06;INFO]Train | Loss : 0.003555 | ACC : 3150/3150 (100.000%)
[2025-02-21 08:57:06;INFO]Valid | Loss : 0.009610 | ACC : 1349/1350 (99.926%)
[2025-02-21 08:57:06;INFO]      | Loss didn't drop!

[2025-02-21 08:57:06;INFO]best epoch: 310, best loss: 0.009444
[2025-02-21 08:57:06;INFO]----------------------------------------------------------------------------------------------------

[2025-02-21 08:57:06;INFO]Current Epoch: 314 / 500 | Learning Rate : 0.00014644660940699134
[2025-02-21 08:57:08;INFO]Train | Loss : 0.003483 | ACC : 3150/3150 (100.000%)
[2025-02-21 08:57:08;INFO]Valid | Loss : 0.009143 | ACC : 1349/1350 (99.926%)
[2025-02-21 08:57:08;INFO]      | Loss dropped from 0.009444 to 0.009143, model has been saved!

[2025-02-21 08:57:08;INFO]best epoch: 314, best loss: 0.009143
[2025-02-21 08:57:08;INFO]----------------------------------------------------------------------------------------------------

[2025-02-21 08:57:08;INFO]Current Epoch: 315 / 500 | Learning Rate : 0.0005000000000008003
[2025-02-21 08:57:10;INFO]Train | Loss : 0.003321 | ACC : 3150/3150 (100.000%)
[2025-02-21 08:57:10;INFO]Valid | Loss : 0.009697 | ACC : 1349/1350 (99.926%)
[2025-02-21 08:57:10;INFO]      | Loss didn't drop!

[2025-02-21 08:57:10;INFO]best epoch: 314, best loss: 0.009143
[2025-02-21 08:57:10;INFO]----------------------------------------------------------------------------------------------------

[2025-02-21 08:57:10;INFO]Current Epoch: 316 / 500 | Learning Rate : 0.0008535533905924312
[2025-02-21 08:57:12;INFO]Train | Loss : 0.003593 | ACC : 3150/3150 (100.000%)
[2025-02-21 08:57:13;INFO]Valid | Loss : 0.009267 | ACC : 1349/1350 (99.926%)
[2025-02-21 08:57:13;INFO]      | Loss didn't drop!

[2025-02-21 08:57:13;INFO]best epoch: 314, best loss: 0.009143
[2025-02-21 08:57:13;INFO]----------------------------------------------------------------------------------------------------

[2025-02-21 08:57:13;INFO]Current Epoch: 317 / 500 | Learning Rate : 0.0
[2025-02-21 08:57:14;INFO]Train | Loss : 0.003331 | ACC : 3150/3150 (100.000%)
[2025-02-21 08:57:15;INFO]Valid | Loss : 0.009501 | ACC : 1349/1350 (99.926%)
[2025-02-21 08:57:15;INFO]      | Loss didn't drop!

[2025-02-21 08:57:15;INFO]best epoch: 314, best loss: 0.009143
[2025-02-21 08:57:15;INFO]----------------------------------------------------------------------------------------------------

[2025-02-21 08:57:15;INFO]Current Epoch: 318 / 500 | Learning Rate : 0.000853553390592699
[2025-02-21 08:57:17;INFO]Train | Loss : 0.003308 | ACC : 3150/3150 (100.000%)
[2025-02-21 08:57:17;INFO]Valid | Loss : 0.009715 | ACC : 1349/1350 (99.926%)
[2025-02-21 08:57:17;INFO]      | Loss didn't drop!

[2025-02-21 08:57:17;INFO]best epoch: 314, best loss: 0.009143
[2025-02-21 08:57:17;INFO]----------------------------------------------------------------------------------------------------

[2025-02-21 08:57:17;INFO]Current Epoch: 319 / 500 | Learning Rate : 0.0005000000000011587
[2025-02-21 08:57:19;INFO]Train | Loss : 0.003285 | ACC : 3150/3150 (100.000%)
[2025-02-21 08:57:19;INFO]Valid | Loss : 0.014134 | ACC : 1349/1350 (99.926%)
[2025-02-21 08:57:19;INFO]      | Loss didn't drop!

[2025-02-21 08:57:19;INFO]best epoch: 314, best loss: 0.009143
[2025-02-21 08:57:19;INFO]----------------------------------------------------------------------------------------------------

[2025-02-21 08:57:19;INFO]Current Epoch: 320 / 500 | Learning Rate : 0.00014644660940714836
[2025-02-21 08:57:21;INFO]Train | Loss : 0.003256 | ACC : 3150/3150 (100.000%)
[2025-02-21 08:57:21;INFO]Valid | Loss : 0.009667 | ACC : 1349/1350 (99.926%)
[2025-02-21 08:57:21;INFO]      | Loss didn't drop!

[2025-02-21 08:57:21;INFO]best epoch: 314, best loss: 0.009143
[2025-02-21 08:57:21;INFO]----------------------------------------------------------------------------------------------------

[2025-02-21 08:57:21;INFO]Current Epoch: 321 / 500 | Learning Rate : 0.0009999999999998378
[2025-02-21 08:57:23;INFO]Train | Loss : 0.003260 | ACC : 3150/3150 (100.000%)
[2025-02-21 08:57:23;INFO]Valid | Loss : 0.009305 | ACC : 1349/1350 (99.926%)
[2025-02-21 08:57:23;INFO]      | Loss didn't drop!

[2025-02-21 08:57:23;INFO]best epoch: 314, best loss: 0.009143
[2025-02-21 08:57:23;INFO]----------------------------------------------------------------------------------------------------

[2025-02-21 08:57:23;INFO]Current Epoch: 322 / 500 | Learning Rate : 0.0001464466094067301
[2025-02-21 08:57:25;INFO]Train | Loss : 0.003049 | ACC : 3150/3150 (100.000%)
[2025-02-21 08:57:25;INFO]Valid | Loss : 0.009766 | ACC : 1349/1350 (99.926%)
[2025-02-21 08:57:25;INFO]      | Loss didn't drop!

[2025-02-21 08:57:25;INFO]best epoch: 314, best loss: 0.009143
[2025-02-21 08:57:25;INFO]----------------------------------------------------------------------------------------------------

[2025-02-21 08:57:25;INFO]Current Epoch: 323 / 500 | Learning Rate : 0.0005000000000000924
[2025-02-21 08:57:27;INFO]Train | Loss : 0.003144 | ACC : 3150/3150 (100.000%)
[2025-02-21 08:57:28;INFO]Valid | Loss : 0.009653 | ACC : 1349/1350 (99.926%)
[2025-02-21 08:57:28;INFO]      | Loss didn't drop!

[2025-02-21 08:57:28;INFO]best epoch: 314, best loss: 0.009143
[2025-02-21 08:57:28;INFO]----------------------------------------------------------------------------------------------------

[2025-02-21 08:57:28;INFO]Current Epoch: 324 / 500 | Learning Rate : 0.0008535533905935632
[2025-02-21 08:57:29;INFO]Train | Loss : 0.003312 | ACC : 3150/3150 (100.000%)
[2025-02-21 08:57:30;INFO]Valid | Loss : 0.009307 | ACC : 1349/1350 (99.926%)
[2025-02-21 08:57:30;INFO]      | Loss didn't drop!

[2025-02-21 08:57:30;INFO]best epoch: 314, best loss: 0.009143
[2025-02-21 08:57:30;INFO]----------------------------------------------------------------------------------------------------

[2025-02-21 08:57:30;INFO]Current Epoch: 325 / 500 | Learning Rate : 0.0
[2025-02-21 08:57:32;INFO]Train | Loss : 0.003006 | ACC : 3150/3150 (100.000%)
[2025-02-21 08:57:32;INFO]Valid | Loss : 0.008709 | ACC : 1349/1350 (99.926%)
[2025-02-21 08:57:32;INFO]      | Loss dropped from 0.009143 to 0.008709, model has been saved!

[2025-02-21 08:57:32;INFO]best epoch: 325, best loss: 0.008709
[2025-02-21 08:57:32;INFO]----------------------------------------------------------------------------------------------------

[2025-02-21 08:57:32;INFO]Current Epoch: 326 / 500 | Learning Rate : 0.000853553390593826
[2025-02-21 08:57:34;INFO]Train | Loss : 0.002972 | ACC : 3150/3150 (100.000%)
[2025-02-21 08:57:34;INFO]Valid | Loss : 0.009217 | ACC : 1349/1350 (99.926%)
[2025-02-21 08:57:34;INFO]      | Loss didn't drop!

[2025-02-21 08:57:34;INFO]best epoch: 325, best loss: 0.008709
[2025-02-21 08:57:34;INFO]----------------------------------------------------------------------------------------------------

[2025-02-21 08:57:34;INFO]Current Epoch: 327 / 500 | Learning Rate : 0.000500000000000461
[2025-02-21 08:57:36;INFO]Train | Loss : 0.002906 | ACC : 3150/3150 (100.000%)
[2025-02-21 08:57:36;INFO]Valid | Loss : 0.009186 | ACC : 1349/1350 (99.926%)
[2025-02-21 08:57:36;INFO]      | Loss didn't drop!

[2025-02-21 08:57:36;INFO]best epoch: 325, best loss: 0.008709
[2025-02-21 08:57:36;INFO]----------------------------------------------------------------------------------------------------

[2025-02-21 08:57:36;INFO]Current Epoch: 328 / 500 | Learning Rate : 0.00014644660940688414
[2025-02-21 08:57:38;INFO]Train | Loss : 0.003076 | ACC : 3150/3150 (100.000%)
[2025-02-21 08:57:38;INFO]Valid | Loss : 0.009273 | ACC : 1349/1350 (99.926%)
[2025-02-21 08:57:38;INFO]      | Loss didn't drop!

[2025-02-21 08:57:38;INFO]best epoch: 325, best loss: 0.008709
[2025-02-21 08:57:38;INFO]----------------------------------------------------------------------------------------------------

[2025-02-21 08:57:38;INFO]Current Epoch: 329 / 500 | Learning Rate : 0.0010000000000012087
[2025-02-21 08:57:40;INFO]Train | Loss : 0.002918 | ACC : 3150/3150 (100.000%)
[2025-02-21 08:57:40;INFO]Valid | Loss : 0.009443 | ACC : 1349/1350 (99.926%)
[2025-02-21 08:57:40;INFO]      | Loss didn't drop!

[2025-02-21 08:57:40;INFO]best epoch: 325, best loss: 0.008709
[2025-02-21 08:57:40;INFO]----------------------------------------------------------------------------------------------------

[2025-02-21 08:57:40;INFO]Current Epoch: 330 / 500 | Learning Rate : 0.00014644660940697307
[2025-02-21 08:57:42;INFO]Train | Loss : 0.002834 | ACC : 3150/3150 (100.000%)
[2025-02-21 08:57:43;INFO]Valid | Loss : 0.009432 | ACC : 1349/1350 (99.926%)
[2025-02-21 08:57:43;INFO]      | Loss didn't drop!

[2025-02-21 08:57:43;INFO]best epoch: 325, best loss: 0.008709
[2025-02-21 08:57:43;INFO]----------------------------------------------------------------------------------------------------

[2025-02-21 08:57:43;INFO]Current Epoch: 331 / 500 | Learning Rate : 0.0005000000000007178
[2025-02-21 08:57:44;INFO]Train | Loss : 0.002745 | ACC : 3150/3150 (100.000%)
[2025-02-21 08:57:45;INFO]Valid | Loss : 0.008778 | ACC : 1349/1350 (99.926%)
[2025-02-21 08:57:45;INFO]      | Loss didn't drop!

[2025-02-21 08:57:45;INFO]best epoch: 325, best loss: 0.008709
[2025-02-21 08:57:45;INFO]----------------------------------------------------------------------------------------------------

[2025-02-21 08:57:45;INFO]Current Epoch: 332 / 500 | Learning Rate : 0.0008535533905947759
[2025-02-21 08:57:47;INFO]Train | Loss : 0.002787 | ACC : 3150/3150 (100.000%)
[2025-02-21 08:57:47;INFO]Valid | Loss : 0.008986 | ACC : 1349/1350 (99.926%)
[2025-02-21 08:57:47;INFO]      | Loss didn't drop!

[2025-02-21 08:57:47;INFO]best epoch: 325, best loss: 0.008709
[2025-02-21 08:57:47;INFO]----------------------------------------------------------------------------------------------------

[2025-02-21 08:57:47;INFO]Current Epoch: 333 / 500 | Learning Rate : 0.0
[2025-02-21 08:57:49;INFO]Train | Loss : 0.002785 | ACC : 3150/3150 (100.000%)
[2025-02-21 08:57:49;INFO]Valid | Loss : 0.009197 | ACC : 1349/1350 (99.926%)
[2025-02-21 08:57:49;INFO]      | Loss didn't drop!

[2025-02-21 08:57:49;INFO]best epoch: 325, best loss: 0.008709
[2025-02-21 08:57:49;INFO]----------------------------------------------------------------------------------------------------

[2025-02-21 08:57:49;INFO]Current Epoch: 334 / 500 | Learning Rate : 0.0008535533905925715
[2025-02-21 08:57:51;INFO]Train | Loss : 0.002800 | ACC : 3150/3150 (100.000%)
[2025-02-21 08:57:51;INFO]Valid | Loss : 0.009112 | ACC : 1349/1350 (99.926%)
[2025-02-21 08:57:51;INFO]      | Loss didn't drop!

[2025-02-21 08:57:51;INFO]best epoch: 325, best loss: 0.008709
[2025-02-21 08:57:51;INFO]----------------------------------------------------------------------------------------------------

[2025-02-21 08:57:51;INFO]Current Epoch: 335 / 500 | Learning Rate : 0.0004999999999997587
[2025-02-21 08:57:53;INFO]Train | Loss : 0.002893 | ACC : 3150/3150 (100.000%)
[2025-02-21 08:57:53;INFO]Valid | Loss : 0.009373 | ACC : 1349/1350 (99.926%)
[2025-02-21 08:57:53;INFO]      | Loss didn't drop!

[2025-02-21 08:57:53;INFO]best epoch: 325, best loss: 0.008709
[2025-02-21 08:57:53;INFO]----------------------------------------------------------------------------------------------------

[2025-02-21 08:57:53;INFO]Current Epoch: 336 / 500 | Learning Rate : 0.00014644660940661865
[2025-02-21 08:57:55;INFO]Train | Loss : 0.002753 | ACC : 3150/3150 (100.000%)
[2025-02-21 08:57:56;INFO]Valid | Loss : 0.009023 | ACC : 1349/1350 (99.926%)
[2025-02-21 08:57:56;INFO]      | Loss didn't drop!

[2025-02-21 08:57:56;INFO]best epoch: 325, best loss: 0.008709
[2025-02-21 08:57:56;INFO]----------------------------------------------------------------------------------------------------

[2025-02-21 08:57:56;INFO]Current Epoch: 337 / 500 | Learning Rate : 0.0010000000000025793
[2025-02-21 08:57:57;INFO]Train | Loss : 0.002636 | ACC : 3150/3150 (100.000%)
[2025-02-21 08:57:58;INFO]Valid | Loss : 0.008967 | ACC : 1349/1350 (99.926%)
[2025-02-21 08:57:58;INFO]      | Loss didn't drop!

[2025-02-21 08:57:58;INFO]best epoch: 325, best loss: 0.008709
[2025-02-21 08:57:58;INFO]----------------------------------------------------------------------------------------------------

[2025-02-21 08:57:58;INFO]Current Epoch: 338 / 500 | Learning Rate : 0.0001464466094067131
[2025-02-21 08:58:00;INFO]Train | Loss : 0.002712 | ACC : 3150/3150 (100.000%)
[2025-02-21 08:58:00;INFO]Valid | Loss : 0.009430 | ACC : 1349/1350 (99.926%)
[2025-02-21 08:58:00;INFO]      | Loss didn't drop!

[2025-02-21 08:58:00;INFO]best epoch: 325, best loss: 0.008709
[2025-02-21 08:58:00;INFO]----------------------------------------------------------------------------------------------------

[2025-02-21 08:58:00;INFO]Current Epoch: 339 / 500 | Learning Rate : 0.000500000000000014
[2025-02-21 08:58:02;INFO]Train | Loss : 0.002630 | ACC : 3150/3150 (100.000%)
[2025-02-21 08:58:02;INFO]Valid | Loss : 0.009139 | ACC : 1349/1350 (99.926%)
[2025-02-21 08:58:02;INFO]      | Loss didn't drop!

[2025-02-21 08:58:02;INFO]best epoch: 325, best loss: 0.008709
[2025-02-21 08:58:02;INFO]----------------------------------------------------------------------------------------------------

[2025-02-21 08:58:02;INFO]Current Epoch: 340 / 500 | Learning Rate : 0.0008535533905934365
[2025-02-21 08:58:04;INFO]Train | Loss : 0.002483 | ACC : 3150/3150 (100.000%)
[2025-02-21 08:58:04;INFO]Valid | Loss : 0.009089 | ACC : 1349/1350 (99.926%)
[2025-02-21 08:58:04;INFO]      | Loss didn't drop!

[2025-02-21 08:58:04;INFO]best epoch: 325, best loss: 0.008709
[2025-02-21 08:58:04;INFO]----------------------------------------------------------------------------------------------------

[2025-02-21 08:58:04;INFO]Current Epoch: 341 / 500 | Learning Rate : 0.0
[2025-02-21 08:58:06;INFO]Train | Loss : 0.002516 | ACC : 3150/3150 (100.000%)
[2025-02-21 08:58:06;INFO]Valid | Loss : 0.009324 | ACC : 1349/1350 (99.926%)
[2025-02-21 08:58:06;INFO]      | Loss didn't drop!

[2025-02-21 08:58:06;INFO]best epoch: 325, best loss: 0.008709
[2025-02-21 08:58:06;INFO]----------------------------------------------------------------------------------------------------

[2025-02-21 08:58:06;INFO]Current Epoch: 342 / 500 | Learning Rate : 0.0008535533905937795
[2025-02-21 08:58:08;INFO]Train | Loss : 0.002547 | ACC : 3150/3150 (100.000%)
[2025-02-21 08:58:08;INFO]Valid | Loss : 0.008779 | ACC : 1349/1350 (99.926%)
[2025-02-21 08:58:08;INFO]      | Loss didn't drop!

[2025-02-21 08:58:08;INFO]best epoch: 325, best loss: 0.008709
[2025-02-21 08:58:08;INFO]----------------------------------------------------------------------------------------------------

[2025-02-21 08:58:08;INFO]Current Epoch: 343 / 500 | Learning Rate : 0.0005000000000002764
[2025-02-21 08:58:10;INFO]Train | Loss : 0.002770 | ACC : 3150/3150 (100.000%)
[2025-02-21 08:58:11;INFO]Valid | Loss : 0.010328 | ACC : 1349/1350 (99.926%)
[2025-02-21 08:58:11;INFO]      | Loss didn't drop!

[2025-02-21 08:58:11;INFO]best epoch: 325, best loss: 0.008709
[2025-02-21 08:58:11;INFO]----------------------------------------------------------------------------------------------------

[2025-02-21 08:58:11;INFO]Current Epoch: 344 / 500 | Learning Rate : 0.00014644660940685742
[2025-02-21 08:58:12;INFO]Train | Loss : 0.002499 | ACC : 3150/3150 (100.000%)
[2025-02-21 08:58:13;INFO]Valid | Loss : 0.009753 | ACC : 1349/1350 (99.926%)
[2025-02-21 08:58:13;INFO]      | Loss didn't drop!

[2025-02-21 08:58:13;INFO]best epoch: 325, best loss: 0.008709
[2025-02-21 08:58:13;INFO]----------------------------------------------------------------------------------------------------

[2025-02-21 08:58:13;INFO]Current Epoch: 345 / 500 | Learning Rate : 0.001000000000001055
[2025-02-21 08:58:15;INFO]Train | Loss : 0.002506 | ACC : 3150/3150 (100.000%)
[2025-02-21 08:58:15;INFO]Valid | Loss : 0.008614 | ACC : 1349/1350 (99.926%)
[2025-02-21 08:58:15;INFO]      | Loss dropped from 0.008709 to 0.008614, model has been saved!

[2025-02-21 08:58:15;INFO]best epoch: 345, best loss: 0.008614
[2025-02-21 08:58:15;INFO]----------------------------------------------------------------------------------------------------

[2025-02-21 08:58:15;INFO]Current Epoch: 346 / 500 | Learning Rate : 0.0001464466094064518
[2025-02-21 08:58:17;INFO]Train | Loss : 0.002412 | ACC : 3150/3150 (100.000%)
[2025-02-21 08:58:17;INFO]Valid | Loss : 0.009122 | ACC : 1349/1350 (99.926%)
[2025-02-21 08:58:17;INFO]      | Loss didn't drop!

[2025-02-21 08:58:17;INFO]best epoch: 345, best loss: 0.008614
[2025-02-21 08:58:17;INFO]----------------------------------------------------------------------------------------------------

[2025-02-21 08:58:17;INFO]Current Epoch: 347 / 500 | Learning Rate : 0.000499999999999306
[2025-02-21 08:58:19;INFO]Train | Loss : 0.002487 | ACC : 3150/3150 (100.000%)
[2025-02-21 08:58:19;INFO]Valid | Loss : 0.008473 | ACC : 1349/1350 (99.926%)
[2025-02-21 08:58:19;INFO]      | Loss dropped from 0.008614 to 0.008473, model has been saved!

[2025-02-21 08:58:19;INFO]best epoch: 347, best loss: 0.008473
[2025-02-21 08:58:19;INFO]----------------------------------------------------------------------------------------------------

[2025-02-21 08:58:19;INFO]Current Epoch: 348 / 500 | Learning Rate : 0.0008535533905946488
[2025-02-21 08:58:21;INFO]Train | Loss : 0.002417 | ACC : 3150/3150 (100.000%)
[2025-02-21 08:58:21;INFO]Valid | Loss : 0.008913 | ACC : 1349/1350 (99.926%)
[2025-02-21 08:58:21;INFO]      | Loss didn't drop!

[2025-02-21 08:58:21;INFO]best epoch: 347, best loss: 0.008473
[2025-02-21 08:58:21;INFO]----------------------------------------------------------------------------------------------------

[2025-02-21 08:58:21;INFO]Current Epoch: 349 / 500 | Learning Rate : 0.0
[2025-02-21 08:58:23;INFO]Train | Loss : 0.002267 | ACC : 3150/3150 (100.000%)
[2025-02-21 08:58:23;INFO]Valid | Loss : 0.008849 | ACC : 1349/1350 (99.926%)
[2025-02-21 08:58:23;INFO]      | Loss didn't drop!

[2025-02-21 08:58:23;INFO]best epoch: 347, best loss: 0.008473
[2025-02-21 08:58:23;INFO]----------------------------------------------------------------------------------------------------

[2025-02-21 08:58:23;INFO]Current Epoch: 350 / 500 | Learning Rate : 0.000853553390594907
[2025-02-21 08:58:25;INFO]Train | Loss : 0.002672 | ACC : 3150/3150 (100.000%)
[2025-02-21 08:58:26;INFO]Valid | Loss : 0.008681 | ACC : 1349/1350 (99.926%)
[2025-02-21 08:58:26;INFO]      | Loss didn't drop!

[2025-02-21 08:58:26;INFO]best epoch: 347, best loss: 0.008473
[2025-02-21 08:58:26;INFO]----------------------------------------------------------------------------------------------------

[2025-02-21 08:58:26;INFO]Current Epoch: 351 / 500 | Learning Rate : 0.0004999999999995787
[2025-02-21 08:58:28;INFO]Train | Loss : 0.002470 | ACC : 3150/3150 (100.000%)
[2025-02-21 08:58:28;INFO]Valid | Loss : 0.009412 | ACC : 1349/1350 (99.926%)
[2025-02-21 08:58:28;INFO]      | Loss didn't drop!

[2025-02-21 08:58:28;INFO]best epoch: 347, best loss: 0.008473
[2025-02-21 08:58:28;INFO]----------------------------------------------------------------------------------------------------

[2025-02-21 08:58:28;INFO]Current Epoch: 352 / 500 | Learning Rate : 0.0001464466094065933
[2025-02-21 08:58:30;INFO]Train | Loss : 0.002191 | ACC : 3150/3150 (100.000%)
[2025-02-21 08:58:30;INFO]Valid | Loss : 0.008348 | ACC : 1349/1350 (99.926%)
[2025-02-21 08:58:30;INFO]      | Loss dropped from 0.008473 to 0.008348, model has been saved!

[2025-02-21 08:58:30;INFO]best epoch: 352, best loss: 0.008348
[2025-02-21 08:58:30;INFO]----------------------------------------------------------------------------------------------------

[2025-02-21 08:58:30;INFO]Current Epoch: 353 / 500 | Learning Rate : 0.00099999999999954
[2025-02-21 08:58:32;INFO]Train | Loss : 0.002198 | ACC : 3150/3150 (100.000%)
[2025-02-21 08:58:32;INFO]Valid | Loss : 0.013979 | ACC : 1349/1350 (99.926%)
[2025-02-21 08:58:32;INFO]      | Loss didn't drop!

[2025-02-21 08:58:32;INFO]best epoch: 352, best loss: 0.008348
[2025-02-21 08:58:32;INFO]----------------------------------------------------------------------------------------------------

[2025-02-21 08:58:32;INFO]Current Epoch: 354 / 500 | Learning Rate : 0.00014644660940711868
[2025-02-21 08:58:34;INFO]Train | Loss : 0.002293 | ACC : 3150/3150 (100.000%)
[2025-02-21 08:58:34;INFO]Valid | Loss : 0.008077 | ACC : 1349/1350 (99.926%)
[2025-02-21 08:58:34;INFO]      | Loss dropped from 0.008348 to 0.008077, model has been saved!

[2025-02-21 08:58:34;INFO]best epoch: 354, best loss: 0.008077
[2025-02-21 08:58:34;INFO]----------------------------------------------------------------------------------------------------

[2025-02-21 08:58:34;INFO]Current Epoch: 355 / 500 | Learning Rate : 0.0005000000000013789
[2025-02-21 08:58:36;INFO]Train | Loss : 0.002210 | ACC : 3150/3150 (100.000%)
[2025-02-21 08:58:36;INFO]Valid | Loss : 0.008206 | ACC : 1349/1350 (99.926%)
[2025-02-21 08:58:36;INFO]      | Loss didn't drop!

[2025-02-21 08:58:36;INFO]best epoch: 354, best loss: 0.008077
[2025-02-21 08:58:36;INFO]----------------------------------------------------------------------------------------------------

[2025-02-21 08:58:36;INFO]Current Epoch: 356 / 500 | Learning Rate : 0.0008535533905933174
[2025-02-21 08:58:38;INFO]Train | Loss : 0.002214 | ACC : 3150/3150 (100.000%)
[2025-02-21 08:58:39;INFO]Valid | Loss : 0.008911 | ACC : 1349/1350 (99.926%)
[2025-02-21 08:58:39;INFO]      | Loss didn't drop!

[2025-02-21 08:58:39;INFO]best epoch: 354, best loss: 0.008077
[2025-02-21 08:58:39;INFO]----------------------------------------------------------------------------------------------------

[2025-02-21 08:58:39;INFO]Current Epoch: 357 / 500 | Learning Rate : 0.0
[2025-02-21 08:58:40;INFO]Train | Loss : 0.002213 | ACC : 3150/3150 (100.000%)
[2025-02-21 08:58:41;INFO]Valid | Loss : 0.009514 | ACC : 1349/1350 (99.926%)
[2025-02-21 08:58:41;INFO]      | Loss didn't drop!

[2025-02-21 08:58:41;INFO]best epoch: 354, best loss: 0.008077
[2025-02-21 08:58:41;INFO]----------------------------------------------------------------------------------------------------

[2025-02-21 08:58:41;INFO]Current Epoch: 358 / 500 | Learning Rate : 0.0008535533905935641
[2025-02-21 08:58:43;INFO]Train | Loss : 0.002048 | ACC : 3150/3150 (100.000%)
[2025-02-21 08:58:43;INFO]Valid | Loss : 0.008660 | ACC : 1349/1350 (99.926%)
[2025-02-21 08:58:43;INFO]      | Loss didn't drop!

[2025-02-21 08:58:43;INFO]best epoch: 354, best loss: 0.008077
[2025-02-21 08:58:43;INFO]----------------------------------------------------------------------------------------------------

[2025-02-21 08:58:43;INFO]Current Epoch: 359 / 500 | Learning Rate : 0.0005000000000003191
[2025-02-21 08:58:45;INFO]Train | Loss : 0.002067 | ACC : 3150/3150 (100.000%)
[2025-02-21 08:58:45;INFO]Valid | Loss : 0.008581 | ACC : 1349/1350 (99.926%)
[2025-02-21 08:58:45;INFO]      | Loss didn't drop!

[2025-02-21 08:58:45;INFO]best epoch: 354, best loss: 0.008077
[2025-02-21 08:58:45;INFO]----------------------------------------------------------------------------------------------------

[2025-02-21 08:58:45;INFO]Current Epoch: 360 / 500 | Learning Rate : 0.00014644660940683077
[2025-02-21 08:58:47;INFO]Train | Loss : 0.002036 | ACC : 3150/3150 (100.000%)
[2025-02-21 08:58:47;INFO]Valid | Loss : 0.008522 | ACC : 1349/1350 (99.926%)
[2025-02-21 08:58:47;INFO]      | Loss didn't drop!

[2025-02-21 08:58:47;INFO]best epoch: 354, best loss: 0.008077
[2025-02-21 08:58:47;INFO]----------------------------------------------------------------------------------------------------

[2025-02-21 08:58:47;INFO]Current Epoch: 361 / 500 | Learning Rate : 0.0010000000000009103
[2025-02-21 08:58:49;INFO]Train | Loss : 0.002131 | ACC : 3150/3150 (100.000%)
[2025-02-21 08:58:49;INFO]Valid | Loss : 0.008656 | ACC : 1349/1350 (99.926%)
[2025-02-21 08:58:49;INFO]      | Loss didn't drop!

[2025-02-21 08:58:49;INFO]best epoch: 354, best loss: 0.008077
[2025-02-21 08:58:49;INFO]----------------------------------------------------------------------------------------------------

[2025-02-21 08:58:49;INFO]Current Epoch: 362 / 500 | Learning Rate : 0.00014644660940685742
[2025-02-21 08:58:51;INFO]Train | Loss : 0.002101 | ACC : 3150/3150 (100.000%)
[2025-02-21 08:58:51;INFO]Valid | Loss : 0.009666 | ACC : 1349/1350 (99.926%)
[2025-02-21 08:58:51;INFO]      | Loss didn't drop!

[2025-02-21 08:58:51;INFO]best epoch: 354, best loss: 0.008077
[2025-02-21 08:58:51;INFO]----------------------------------------------------------------------------------------------------

[2025-02-21 08:58:51;INFO]Current Epoch: 363 / 500 | Learning Rate : 0.0005000000000006705
[2025-02-21 08:58:53;INFO]Train | Loss : 0.002064 | ACC : 3150/3150 (100.000%)
[2025-02-21 08:58:54;INFO]Valid | Loss : 0.008556 | ACC : 1349/1350 (99.926%)
[2025-02-21 08:58:54;INFO]      | Loss didn't drop!

[2025-02-21 08:58:54;INFO]best epoch: 354, best loss: 0.008077
[2025-02-21 08:58:54;INFO]----------------------------------------------------------------------------------------------------

[2025-02-21 08:58:54;INFO]Current Epoch: 364 / 500 | Learning Rate : 0.0008535533905919786
[2025-02-21 08:58:55;INFO]Train | Loss : 0.001944 | ACC : 3150/3150 (100.000%)
[2025-02-21 08:58:56;INFO]Valid | Loss : 0.008347 | ACC : 1349/1350 (99.926%)
[2025-02-21 08:58:56;INFO]      | Loss didn't drop!

[2025-02-21 08:58:56;INFO]best epoch: 354, best loss: 0.008077
[2025-02-21 08:58:56;INFO]----------------------------------------------------------------------------------------------------

[2025-02-21 08:58:56;INFO]Current Epoch: 365 / 500 | Learning Rate : 0.0
[2025-02-21 08:58:58;INFO]Train | Loss : 0.001902 | ACC : 3150/3150 (100.000%)
[2025-02-21 08:58:58;INFO]Valid | Loss : 0.008244 | ACC : 1349/1350 (99.926%)
[2025-02-21 08:58:58;INFO]      | Loss didn't drop!

[2025-02-21 08:58:58;INFO]best epoch: 354, best loss: 0.008077
[2025-02-21 08:58:58;INFO]----------------------------------------------------------------------------------------------------

[2025-02-21 08:58:58;INFO]Current Epoch: 366 / 500 | Learning Rate : 0.0008535533905947727
[2025-02-21 08:59:00;INFO]Train | Loss : 0.002000 | ACC : 3150/3150 (100.000%)
[2025-02-21 08:59:00;INFO]Valid | Loss : 0.008134 | ACC : 1349/1350 (99.926%)
[2025-02-21 08:59:00;INFO]      | Loss didn't drop!

[2025-02-21 08:59:00;INFO]best epoch: 354, best loss: 0.008077
[2025-02-21 08:59:00;INFO]----------------------------------------------------------------------------------------------------

[2025-02-21 08:59:00;INFO]Current Epoch: 367 / 500 | Learning Rate : 0.0005000000000009507
[2025-02-21 08:59:02;INFO]Train | Loss : 0.001938 | ACC : 3150/3150 (100.000%)
[2025-02-21 08:59:02;INFO]Valid | Loss : 0.009886 | ACC : 1349/1350 (99.926%)
[2025-02-21 08:59:02;INFO]      | Loss didn't drop!

[2025-02-21 08:59:02;INFO]best epoch: 354, best loss: 0.008077
[2025-02-21 08:59:02;INFO]----------------------------------------------------------------------------------------------------

[2025-02-21 08:59:02;INFO]Current Epoch: 368 / 500 | Learning Rate : 0.0001464466094070698
[2025-02-21 08:59:04;INFO]Train | Loss : 0.001910 | ACC : 3150/3150 (100.000%)
[2025-02-21 08:59:04;INFO]Valid | Loss : 0.008578 | ACC : 1349/1350 (99.926%)
[2025-02-21 08:59:04;INFO]      | Loss didn't drop!

[2025-02-21 08:59:04;INFO]best epoch: 354, best loss: 0.008077
[2025-02-21 08:59:04;INFO]----------------------------------------------------------------------------------------------------

[2025-02-21 08:59:04;INFO]Current Epoch: 369 / 500 | Learning Rate : 0.000999999999999387
[2025-02-21 08:59:06;INFO]Train | Loss : 0.001841 | ACC : 3150/3150 (100.000%)
[2025-02-21 08:59:07;INFO]Valid | Loss : 0.008235 | ACC : 1349/1350 (99.926%)
[2025-02-21 08:59:07;INFO]      | Loss didn't drop!

[2025-02-21 08:59:07;INFO]best epoch: 354, best loss: 0.008077
[2025-02-21 08:59:07;INFO]----------------------------------------------------------------------------------------------------

[2025-02-21 08:59:07;INFO]Current Epoch: 370 / 500 | Learning Rate : 0.00014644660940667776
[2025-02-21 08:59:08;INFO]Train | Loss : 0.001893 | ACC : 3150/3150 (100.000%)
[2025-02-21 08:59:09;INFO]Valid | Loss : 0.008381 | ACC : 1349/1350 (99.926%)
[2025-02-21 08:59:09;INFO]      | Loss didn't drop!

[2025-02-21 08:59:09;INFO]best epoch: 354, best loss: 0.008077
[2025-02-21 08:59:09;INFO]----------------------------------------------------------------------------------------------------

[2025-02-21 08:59:09;INFO]Current Epoch: 371 / 500 | Learning Rate : 0.0004999999999998535
[2025-02-21 08:59:11;INFO]Train | Loss : 0.001783 | ACC : 3150/3150 (100.000%)
[2025-02-21 08:59:11;INFO]Valid | Loss : 0.007964 | ACC : 1349/1350 (99.926%)
[2025-02-21 08:59:11;INFO]      | Loss dropped from 0.008077 to 0.007964, model has been saved!

[2025-02-21 08:59:11;INFO]best epoch: 371, best loss: 0.007964
[2025-02-21 08:59:11;INFO]----------------------------------------------------------------------------------------------------

[2025-02-21 08:59:11;INFO]Current Epoch: 372 / 500 | Learning Rate : 0.0008535533905956612
[2025-02-21 08:59:13;INFO]Train | Loss : 0.001788 | ACC : 3150/3150 (100.000%)
[2025-02-21 08:59:13;INFO]Valid | Loss : 0.008086 | ACC : 1349/1350 (99.926%)
[2025-02-21 08:59:13;INFO]      | Loss didn't drop!

[2025-02-21 08:59:13;INFO]best epoch: 371, best loss: 0.007964
[2025-02-21 08:59:13;INFO]----------------------------------------------------------------------------------------------------

[2025-02-21 08:59:13;INFO]Current Epoch: 373 / 500 | Learning Rate : 0.0
[2025-02-21 08:59:15;INFO]Train | Loss : 0.001834 | ACC : 3150/3150 (100.000%)
[2025-02-21 08:59:15;INFO]Valid | Loss : 0.007925 | ACC : 1349/1350 (99.926%)
[2025-02-21 08:59:15;INFO]      | Loss dropped from 0.007964 to 0.007925, model has been saved!

[2025-02-21 08:59:15;INFO]best epoch: 373, best loss: 0.007925
[2025-02-21 08:59:15;INFO]----------------------------------------------------------------------------------------------------

[2025-02-21 08:59:15;INFO]Current Epoch: 374 / 500 | Learning Rate : 0.000853553390593437
[2025-02-21 08:59:17;INFO]Train | Loss : 0.001828 | ACC : 3150/3150 (100.000%)
[2025-02-21 08:59:17;INFO]Valid | Loss : 0.008234 | ACC : 1349/1350 (99.926%)
[2025-02-21 08:59:17;INFO]      | Loss didn't drop!

[2025-02-21 08:59:17;INFO]best epoch: 373, best loss: 0.007925
[2025-02-21 08:59:17;INFO]----------------------------------------------------------------------------------------------------

[2025-02-21 08:59:17;INFO]Current Epoch: 375 / 500 | Learning Rate : 0.0005000000000002532
[2025-02-21 08:59:19;INFO]Train | Loss : 0.001795 | ACC : 3150/3150 (100.000%)
[2025-02-21 08:59:19;INFO]Valid | Loss : 0.008504 | ACC : 1349/1350 (99.926%)
[2025-02-21 08:59:19;INFO]      | Loss didn't drop!

[2025-02-21 08:59:19;INFO]best epoch: 373, best loss: 0.007925
[2025-02-21 08:59:19;INFO]----------------------------------------------------------------------------------------------------

[2025-02-21 08:59:19;INFO]Current Epoch: 376 / 500 | Learning Rate : 0.00014644660940680564
[2025-02-21 08:59:21;INFO]Train | Loss : 0.001762 | ACC : 3150/3150 (100.000%)
[2025-02-21 08:59:22;INFO]Valid | Loss : 0.008119 | ACC : 1349/1350 (99.926%)
[2025-02-21 08:59:22;INFO]      | Loss didn't drop!

[2025-02-21 08:59:22;INFO]best epoch: 373, best loss: 0.007925
[2025-02-21 08:59:22;INFO]----------------------------------------------------------------------------------------------------

[2025-02-21 08:59:22;INFO]Current Epoch: 377 / 500 | Learning Rate : 0.0010000000000007566
[2025-02-21 08:59:23;INFO]Train | Loss : 0.001749 | ACC : 3150/3150 (100.000%)
[2025-02-21 08:59:24;INFO]Valid | Loss : 0.008213 | ACC : 1349/1350 (99.926%)
[2025-02-21 08:59:24;INFO]      | Loss didn't drop!

[2025-02-21 08:59:24;INFO]best epoch: 373, best loss: 0.007925
[2025-02-21 08:59:24;INFO]----------------------------------------------------------------------------------------------------

[2025-02-21 08:59:24;INFO]Current Epoch: 378 / 500 | Learning Rate : 0.00014644660940692084
[2025-02-21 08:59:26;INFO]Train | Loss : 0.001739 | ACC : 3150/3150 (100.000%)
[2025-02-21 08:59:26;INFO]Valid | Loss : 0.008072 | ACC : 1349/1350 (99.926%)
[2025-02-21 08:59:26;INFO]      | Loss didn't drop!

[2025-02-21 08:59:26;INFO]best epoch: 373, best loss: 0.007925
[2025-02-21 08:59:26;INFO]----------------------------------------------------------------------------------------------------

[2025-02-21 08:59:26;INFO]Current Epoch: 379 / 500 | Learning Rate : 0.0005000000000004788
[2025-02-21 08:59:28;INFO]Train | Loss : 0.001745 | ACC : 3150/3150 (100.000%)
[2025-02-21 08:59:28;INFO]Valid | Loss : 0.008618 | ACC : 1349/1350 (99.926%)
[2025-02-21 08:59:28;INFO]      | Loss didn't drop!

[2025-02-21 08:59:28;INFO]best epoch: 373, best loss: 0.007925
[2025-02-21 08:59:28;INFO]----------------------------------------------------------------------------------------------------

[2025-02-21 08:59:28;INFO]Current Epoch: 380 / 500 | Learning Rate : 0.0008535533905944025
[2025-02-21 08:59:30;INFO]Train | Loss : 0.001883 | ACC : 3150/3150 (100.000%)
[2025-02-21 08:59:30;INFO]Valid | Loss : 0.007974 | ACC : 1349/1350 (99.926%)
[2025-02-21 08:59:30;INFO]      | Loss didn't drop!

[2025-02-21 08:59:30;INFO]best epoch: 373, best loss: 0.007925
[2025-02-21 08:59:30;INFO]----------------------------------------------------------------------------------------------------

[2025-02-21 08:59:30;INFO]Current Epoch: 381 / 500 | Learning Rate : 0.0
[2025-02-21 08:59:32;INFO]Train | Loss : 0.001728 | ACC : 3150/3150 (100.000%)
[2025-02-21 08:59:32;INFO]Valid | Loss : 0.014065 | ACC : 1349/1350 (99.926%)
[2025-02-21 08:59:32;INFO]      | Loss didn't drop!

[2025-02-21 08:59:32;INFO]best epoch: 373, best loss: 0.007925
[2025-02-21 08:59:32;INFO]----------------------------------------------------------------------------------------------------

[2025-02-21 08:59:32;INFO]Current Epoch: 382 / 500 | Learning Rate : 0.000853553390592174
[2025-02-21 08:59:34;INFO]Train | Loss : 0.001688 | ACC : 3150/3150 (100.000%)
[2025-02-21 08:59:34;INFO]Valid | Loss : 0.007736 | ACC : 1349/1350 (99.926%)
[2025-02-21 08:59:35;INFO]      | Loss dropped from 0.007925 to 0.007736, model has been saved!

[2025-02-21 08:59:35;INFO]best epoch: 382, best loss: 0.007736
[2025-02-21 08:59:35;INFO]----------------------------------------------------------------------------------------------------

[2025-02-21 08:59:35;INFO]Current Epoch: 383 / 500 | Learning Rate : 0.0005000000000008845
[2025-02-21 08:59:36;INFO]Train | Loss : 0.001616 | ACC : 3150/3150 (100.000%)
[2025-02-21 08:59:37;INFO]Valid | Loss : 0.007564 | ACC : 1349/1350 (99.926%)
[2025-02-21 08:59:37;INFO]      | Loss dropped from 0.007736 to 0.007564, model has been saved!

[2025-02-21 08:59:37;INFO]best epoch: 383, best loss: 0.007564
[2025-02-21 08:59:37;INFO]----------------------------------------------------------------------------------------------------

[2025-02-21 08:59:37;INFO]Current Epoch: 384 / 500 | Learning Rate : 0.00014644660940704447
[2025-02-21 08:59:39;INFO]Train | Loss : 0.001637 | ACC : 3150/3150 (100.000%)
[2025-02-21 08:59:39;INFO]Valid | Loss : 0.008079 | ACC : 1349/1350 (99.926%)
[2025-02-21 08:59:39;INFO]      | Loss didn't drop!

[2025-02-21 08:59:39;INFO]best epoch: 383, best loss: 0.007564
[2025-02-21 08:59:39;INFO]----------------------------------------------------------------------------------------------------

[2025-02-21 08:59:39;INFO]Current Epoch: 385 / 500 | Learning Rate : 0.0010000000000021283
[2025-02-21 08:59:41;INFO]Train | Loss : 0.001627 | ACC : 3150/3150 (100.000%)
[2025-02-21 08:59:41;INFO]Valid | Loss : 0.008020 | ACC : 1349/1350 (99.926%)
[2025-02-21 08:59:41;INFO]      | Loss didn't drop!

[2025-02-21 08:59:41;INFO]best epoch: 383, best loss: 0.007564
[2025-02-21 08:59:41;INFO]----------------------------------------------------------------------------------------------------

[2025-02-21 08:59:41;INFO]Current Epoch: 386 / 500 | Learning Rate : 0.00014644660940657915
[2025-02-21 08:59:43;INFO]Train | Loss : 0.001676 | ACC : 3150/3150 (100.000%)
[2025-02-21 08:59:43;INFO]Valid | Loss : 0.008457 | ACC : 1349/1350 (99.926%)
[2025-02-21 08:59:43;INFO]      | Loss didn't drop!

[2025-02-21 08:59:43;INFO]best epoch: 383, best loss: 0.007564
[2025-02-21 08:59:43;INFO]----------------------------------------------------------------------------------------------------

[2025-02-21 08:59:43;INFO]Current Epoch: 387 / 500 | Learning Rate : 0.0004999999999997709
[2025-02-21 08:59:45;INFO]Train | Loss : 0.001548 | ACC : 3150/3150 (100.000%)
[2025-02-21 08:59:45;INFO]Valid | Loss : 0.007656 | ACC : 1349/1350 (99.926%)
[2025-02-21 08:59:45;INFO]      | Loss didn't drop!

[2025-02-21 08:59:45;INFO]best epoch: 383, best loss: 0.007564
[2025-02-21 08:59:45;INFO]----------------------------------------------------------------------------------------------------

[2025-02-21 08:59:45;INFO]Current Epoch: 388 / 500 | Learning Rate : 0.0008535533905930715
[2025-02-21 08:59:47;INFO]Train | Loss : 0.001494 | ACC : 3150/3150 (100.000%)
[2025-02-21 08:59:47;INFO]Valid | Loss : 0.007877 | ACC : 1349/1350 (99.926%)
[2025-02-21 08:59:47;INFO]      | Loss didn't drop!

[2025-02-21 08:59:47;INFO]best epoch: 383, best loss: 0.007564
[2025-02-21 08:59:47;INFO]----------------------------------------------------------------------------------------------------

[2025-02-21 08:59:47;INFO]Current Epoch: 389 / 500 | Learning Rate : 0.0
[2025-02-21 08:59:49;INFO]Train | Loss : 0.001444 | ACC : 3150/3150 (100.000%)
[2025-02-21 08:59:50;INFO]Valid | Loss : 0.007651 | ACC : 1349/1350 (99.926%)
[2025-02-21 08:59:50;INFO]      | Loss didn't drop!

[2025-02-21 08:59:50;INFO]best epoch: 383, best loss: 0.007564
[2025-02-21 08:59:50;INFO]----------------------------------------------------------------------------------------------------

[2025-02-21 08:59:50;INFO]Current Epoch: 390 / 500 | Learning Rate : 0.0008535533905958454
[2025-02-21 08:59:51;INFO]Train | Loss : 0.001509 | ACC : 3150/3150 (100.000%)
[2025-02-21 08:59:52;INFO]Valid | Loss : 0.007500 | ACC : 1349/1350 (99.926%)
[2025-02-21 08:59:52;INFO]      | Loss dropped from 0.007564 to 0.007500, model has been saved!

[2025-02-21 08:59:52;INFO]best epoch: 390, best loss: 0.007500
[2025-02-21 08:59:52;INFO]----------------------------------------------------------------------------------------------------

[2025-02-21 08:59:52;INFO]Current Epoch: 391 / 500 | Learning Rate : 0.0005000000000001823
[2025-02-21 08:59:54;INFO]Train | Loss : 0.001529 | ACC : 3150/3150 (100.000%)
[2025-02-21 08:59:54;INFO]Valid | Loss : 0.008190 | ACC : 1349/1350 (99.926%)
[2025-02-21 08:59:54;INFO]      | Loss didn't drop!

[2025-02-21 08:59:54;INFO]best epoch: 390, best loss: 0.007500
[2025-02-21 08:59:54;INFO]----------------------------------------------------------------------------------------------------

[2025-02-21 08:59:54;INFO]Current Epoch: 392 / 500 | Learning Rate : 0.000146446609406779
[2025-02-21 08:59:56;INFO]Train | Loss : 0.001452 | ACC : 3150/3150 (100.000%)
[2025-02-21 08:59:56;INFO]Valid | Loss : 0.007926 | ACC : 1349/1350 (99.926%)
[2025-02-21 08:59:56;INFO]      | Loss didn't drop!

[2025-02-21 08:59:56;INFO]best epoch: 390, best loss: 0.007500
[2025-02-21 08:59:56;INFO]----------------------------------------------------------------------------------------------------

[2025-02-21 08:59:56;INFO]Current Epoch: 393 / 500 | Learning Rate : 0.0010000000000006124
[2025-02-21 08:59:58;INFO]Train | Loss : 0.001443 | ACC : 3150/3150 (100.000%)
[2025-02-21 08:59:58;INFO]Valid | Loss : 0.007728 | ACC : 1349/1350 (99.926%)
[2025-02-21 08:59:58;INFO]      | Loss didn't drop!

[2025-02-21 08:59:58;INFO]best epoch: 390, best loss: 0.007500
[2025-02-21 08:59:58;INFO]----------------------------------------------------------------------------------------------------

[2025-02-21 08:59:58;INFO]Current Epoch: 394 / 500 | Learning Rate : 0.00014644660940682215
[2025-02-21 09:00:00;INFO]Train | Loss : 0.001454 | ACC : 3150/3150 (100.000%)
[2025-02-21 09:00:00;INFO]Valid | Loss : 0.007734 | ACC : 1349/1350 (99.926%)
[2025-02-21 09:00:00;INFO]      | Loss didn't drop!

[2025-02-21 09:00:00;INFO]best epoch: 390, best loss: 0.007500
[2025-02-21 09:00:00;INFO]----------------------------------------------------------------------------------------------------

[2025-02-21 09:00:00;INFO]Current Epoch: 395 / 500 | Learning Rate : 0.0005000000000005102
[2025-02-21 09:00:02;INFO]Train | Loss : 0.001377 | ACC : 3150/3150 (100.000%)
[2025-02-21 09:00:02;INFO]Valid | Loss : 0.007765 | ACC : 1349/1350 (99.926%)
[2025-02-21 09:00:02;INFO]      | Loss didn't drop!

[2025-02-21 09:00:02;INFO]best epoch: 390, best loss: 0.007500
[2025-02-21 09:00:02;INFO]----------------------------------------------------------------------------------------------------

[2025-02-21 09:00:02;INFO]Current Epoch: 396 / 500 | Learning Rate : 0.0008535533905942766
[2025-02-21 09:00:04;INFO]Train | Loss : 0.001355 | ACC : 3150/3150 (100.000%)
[2025-02-21 09:00:05;INFO]Valid | Loss : 0.007788 | ACC : 1349/1350 (99.926%)
[2025-02-21 09:00:05;INFO]      | Loss didn't drop!

[2025-02-21 09:00:05;INFO]best epoch: 390, best loss: 0.007500
[2025-02-21 09:00:05;INFO]----------------------------------------------------------------------------------------------------

[2025-02-21 09:00:05;INFO]Current Epoch: 397 / 500 | Learning Rate : 0.0
[2025-02-21 09:00:06;INFO]Train | Loss : 0.001408 | ACC : 3150/3150 (100.000%)
[2025-02-21 09:00:07;INFO]Valid | Loss : 0.008147 | ACC : 1349/1350 (99.926%)
[2025-02-21 09:00:07;INFO]      | Loss didn't drop!

[2025-02-21 09:00:07;INFO]best epoch: 390, best loss: 0.007500
[2025-02-21 09:00:07;INFO]----------------------------------------------------------------------------------------------------

[2025-02-21 09:00:07;INFO]Current Epoch: 398 / 500 | Learning Rate : 0.0008535533905945106
[2025-02-21 09:00:09;INFO]Train | Loss : 0.001364 | ACC : 3150/3150 (100.000%)
[2025-02-21 09:00:09;INFO]Valid | Loss : 0.007710 | ACC : 1349/1350 (99.926%)
[2025-02-21 09:00:09;INFO]      | Loss didn't drop!

[2025-02-21 09:00:09;INFO]best epoch: 390, best loss: 0.007500
[2025-02-21 09:00:09;INFO]----------------------------------------------------------------------------------------------------

[2025-02-21 09:00:09;INFO]Current Epoch: 399 / 500 | Learning Rate : 0.0004999999999993707
[2025-02-21 09:00:11;INFO]Train | Loss : 0.001387 | ACC : 3150/3150 (100.000%)
[2025-02-21 09:00:11;INFO]Valid | Loss : 0.007541 | ACC : 1349/1350 (99.926%)
[2025-02-21 09:00:11;INFO]      | Loss didn't drop!

[2025-02-21 09:00:11;INFO]best epoch: 390, best loss: 0.007500
[2025-02-21 09:00:11;INFO]----------------------------------------------------------------------------------------------------

[2025-02-21 09:00:11;INFO]Current Epoch: 400 / 500 | Learning Rate : 0.00014644660940651475
[2025-02-21 09:00:13;INFO]Train | Loss : 0.001372 | ACC : 3150/3150 (100.000%)
[2025-02-21 09:00:13;INFO]Valid | Loss : 0.008156 | ACC : 1349/1350 (99.926%)
[2025-02-21 09:00:13;INFO]      | Loss didn't drop!

[2025-02-21 09:00:13;INFO]best epoch: 390, best loss: 0.007500
[2025-02-21 09:00:13;INFO]----------------------------------------------------------------------------------------------------

[2025-02-21 09:00:13;INFO]Current Epoch: 401 / 500 | Learning Rate : 0.001000000000001984
[2025-02-21 09:00:15;INFO]Train | Loss : 0.001344 | ACC : 3150/3150 (100.000%)
[2025-02-21 09:00:15;INFO]Valid | Loss : 0.007742 | ACC : 1349/1350 (99.926%)
[2025-02-21 09:00:15;INFO]      | Loss didn't drop!

[2025-02-21 09:00:15;INFO]best epoch: 390, best loss: 0.007500
[2025-02-21 09:00:15;INFO]----------------------------------------------------------------------------------------------------

[2025-02-21 09:00:15;INFO]Current Epoch: 402 / 500 | Learning Rate : 0.00014644660940706515
[2025-02-21 09:00:17;INFO]Train | Loss : 0.001274 | ACC : 3150/3150 (100.000%)
[2025-02-21 09:00:18;INFO]Valid | Loss : 0.007520 | ACC : 1349/1350 (99.926%)
[2025-02-21 09:00:18;INFO]      | Loss didn't drop!

[2025-02-21 09:00:18;INFO]best epoch: 390, best loss: 0.007500
[2025-02-21 09:00:18;INFO]----------------------------------------------------------------------------------------------------

[2025-02-21 09:00:18;INFO]Current Epoch: 403 / 500 | Learning Rate : 0.0005000000000011358
[2025-02-21 09:00:19;INFO]Train | Loss : 0.001350 | ACC : 3150/3150 (100.000%)
[2025-02-21 09:00:20;INFO]Valid | Loss : 0.007894 | ACC : 1349/1350 (99.926%)
[2025-02-21 09:00:20;INFO]      | Loss didn't drop!

[2025-02-21 09:00:20;INFO]best epoch: 390, best loss: 0.007500
[2025-02-21 09:00:20;INFO]----------------------------------------------------------------------------------------------------

[2025-02-21 09:00:20;INFO]Current Epoch: 404 / 500 | Learning Rate : 0.000853553390592945
[2025-02-21 09:00:21;INFO]Train | Loss : 0.001262 | ACC : 3150/3150 (100.000%)
[2025-02-21 09:00:22;INFO]Valid | Loss : 0.007724 | ACC : 1349/1350 (99.926%)
[2025-02-21 09:00:22;INFO]      | Loss didn't drop!

[2025-02-21 09:00:22;INFO]best epoch: 390, best loss: 0.007500
[2025-02-21 09:00:22;INFO]----------------------------------------------------------------------------------------------------

[2025-02-21 09:00:22;INFO]Current Epoch: 405 / 500 | Learning Rate : 0.0
[2025-02-21 09:00:24;INFO]Train | Loss : 0.001271 | ACC : 3150/3150 (100.000%)
[2025-02-21 09:00:24;INFO]Valid | Loss : 0.010218 | ACC : 1349/1350 (99.926%)
[2025-02-21 09:00:24;INFO]      | Loss didn't drop!

[2025-02-21 09:00:24;INFO]best epoch: 390, best loss: 0.007500
[2025-02-21 09:00:24;INFO]----------------------------------------------------------------------------------------------------

[2025-02-21 09:00:24;INFO]Current Epoch: 406 / 500 | Learning Rate : 0.000853553390593247
[2025-02-21 09:00:26;INFO]Train | Loss : 0.001360 | ACC : 3150/3150 (100.000%)
[2025-02-21 09:00:26;INFO]Valid | Loss : 0.008141 | ACC : 1349/1350 (99.926%)
[2025-02-21 09:00:26;INFO]      | Loss didn't drop!

[2025-02-21 09:00:26;INFO]best epoch: 390, best loss: 0.007500
[2025-02-21 09:00:26;INFO]----------------------------------------------------------------------------------------------------

[2025-02-21 09:00:26;INFO]Current Epoch: 407 / 500 | Learning Rate : 0.0005000000000014453
[2025-02-21 09:00:28;INFO]Train | Loss : 0.001266 | ACC : 3150/3150 (100.000%)
[2025-02-21 09:00:28;INFO]Valid | Loss : 0.007972 | ACC : 1349/1350 (99.926%)
[2025-02-21 09:00:28;INFO]      | Loss didn't drop!

[2025-02-21 09:00:28;INFO]best epoch: 390, best loss: 0.007500
[2025-02-21 09:00:28;INFO]----------------------------------------------------------------------------------------------------

[2025-02-21 09:00:28;INFO]Current Epoch: 408 / 500 | Learning Rate : 0.00014644660940725673
[2025-02-21 09:00:30;INFO]Train | Loss : 0.001243 | ACC : 3150/3150 (100.000%)
[2025-02-21 09:00:30;INFO]Valid | Loss : 0.008021 | ACC : 1349/1350 (99.926%)
[2025-02-21 09:00:30;INFO]      | Loss didn't drop!

[2025-02-21 09:00:30;INFO]best epoch: 390, best loss: 0.007500
[2025-02-21 09:00:30;INFO]----------------------------------------------------------------------------------------------------

[2025-02-21 09:00:30;INFO]Current Epoch: 409 / 500 | Learning Rate : 0.0010000000000004602
[2025-02-21 09:00:32;INFO]Train | Loss : 0.001246 | ACC : 3150/3150 (100.000%)
[2025-02-21 09:00:33;INFO]Valid | Loss : 0.007645 | ACC : 1349/1350 (99.926%)
[2025-02-21 09:00:33;INFO]      | Loss didn't drop!

[2025-02-21 09:00:33;INFO]best epoch: 390, best loss: 0.007500
[2025-02-21 09:00:33;INFO]----------------------------------------------------------------------------------------------------

[2025-02-21 09:00:33;INFO]Current Epoch: 410 / 500 | Learning Rate : 0.00014644660940680518
[2025-02-21 09:00:34;INFO]Train | Loss : 0.001246 | ACC : 3150/3150 (100.000%)
[2025-02-21 09:00:35;INFO]Valid | Loss : 0.007470 | ACC : 1349/1350 (99.926%)
[2025-02-21 09:00:35;INFO]      | Loss dropped from 0.007500 to 0.007470, model has been saved!

[2025-02-21 09:00:35;INFO]best epoch: 410, best loss: 0.007470
[2025-02-21 09:00:35;INFO]----------------------------------------------------------------------------------------------------

[2025-02-21 09:00:35;INFO]Current Epoch: 411 / 500 | Learning Rate : 0.0005000000000004322
[2025-02-21 09:00:37;INFO]Train | Loss : 0.001166 | ACC : 3150/3150 (100.000%)
[2025-02-21 09:00:37;INFO]Valid | Loss : 0.013285 | ACC : 1349/1350 (99.926%)
[2025-02-21 09:00:37;INFO]      | Loss didn't drop!

[2025-02-21 09:00:37;INFO]best epoch: 410, best loss: 0.007470
[2025-02-21 09:00:37;INFO]----------------------------------------------------------------------------------------------------

[2025-02-21 09:00:37;INFO]Current Epoch: 412 / 500 | Learning Rate : 0.0008535533905940766
[2025-02-21 09:00:39;INFO]Train | Loss : 0.001272 | ACC : 3150/3150 (100.000%)
[2025-02-21 09:00:39;INFO]Valid | Loss : 0.007554 | ACC : 1349/1350 (99.926%)
[2025-02-21 09:00:39;INFO]      | Loss didn't drop!

[2025-02-21 09:00:39;INFO]best epoch: 410, best loss: 0.007470
[2025-02-21 09:00:39;INFO]----------------------------------------------------------------------------------------------------

[2025-02-21 09:00:39;INFO]Current Epoch: 413 / 500 | Learning Rate : 0.0
[2025-02-21 09:00:41;INFO]Train | Loss : 0.001162 | ACC : 3150/3150 (100.000%)
[2025-02-21 09:00:41;INFO]Valid | Loss : 0.007738 | ACC : 1349/1350 (99.926%)
[2025-02-21 09:00:41;INFO]      | Loss didn't drop!

[2025-02-21 09:00:41;INFO]best epoch: 410, best loss: 0.007470
[2025-02-21 09:00:41;INFO]----------------------------------------------------------------------------------------------------

[2025-02-21 09:00:41;INFO]Current Epoch: 414 / 500 | Learning Rate : 0.000853553390594375
[2025-02-21 09:00:43;INFO]Train | Loss : 0.001138 | ACC : 3150/3150 (100.000%)
[2025-02-21 09:00:43;INFO]Valid | Loss : 0.007452 | ACC : 1349/1350 (99.926%)
[2025-02-21 09:00:43;INFO]      | Loss dropped from 0.007470 to 0.007452, model has been saved!

[2025-02-21 09:00:43;INFO]best epoch: 414, best loss: 0.007452
[2025-02-21 09:00:43;INFO]----------------------------------------------------------------------------------------------------

[2025-02-21 09:00:43;INFO]Current Epoch: 415 / 500 | Learning Rate : 0.0005000000000007472
[2025-02-21 09:00:45;INFO]Train | Loss : 0.001196 | ACC : 3150/3150 (100.000%)
[2025-02-21 09:00:45;INFO]Valid | Loss : 0.007832 | ACC : 1349/1350 (99.926%)
[2025-02-21 09:00:45;INFO]      | Loss didn't drop!

[2025-02-21 09:00:45;INFO]best epoch: 414, best loss: 0.007452
[2025-02-21 09:00:45;INFO]----------------------------------------------------------------------------------------------------

[2025-02-21 09:00:45;INFO]Current Epoch: 416 / 500 | Learning Rate : 0.00014644660940699248
[2025-02-21 09:00:47;INFO]Train | Loss : 0.001181 | ACC : 3150/3150 (100.000%)
[2025-02-21 09:00:48;INFO]Valid | Loss : 0.007371 | ACC : 1349/1350 (99.926%)
[2025-02-21 09:00:48;INFO]      | Loss dropped from 0.007452 to 0.007371, model has been saved!

[2025-02-21 09:00:48;INFO]best epoch: 416, best loss: 0.007371
[2025-02-21 09:00:48;INFO]----------------------------------------------------------------------------------------------------

[2025-02-21 09:00:48;INFO]Current Epoch: 417 / 500 | Learning Rate : 0.0009999999999989444
[2025-02-21 09:00:49;INFO]Train | Loss : 0.001067 | ACC : 3150/3150 (100.000%)
[2025-02-21 09:00:50;INFO]Valid | Loss : 0.007104 | ACC : 1349/1350 (99.926%)
[2025-02-21 09:00:50;INFO]      | Loss dropped from 0.007371 to 0.007104, model has been saved!

[2025-02-21 09:00:50;INFO]best epoch: 417, best loss: 0.007104
[2025-02-21 09:00:50;INFO]----------------------------------------------------------------------------------------------------

[2025-02-21 09:00:50;INFO]Current Epoch: 418 / 500 | Learning Rate : 0.00014644660940704685
[2025-02-21 09:00:52;INFO]Train | Loss : 0.001113 | ACC : 3150/3150 (100.000%)
[2025-02-21 09:00:52;INFO]Valid | Loss : 0.006986 | ACC : 1349/1350 (99.926%)
[2025-02-21 09:00:52;INFO]      | Loss dropped from 0.007104 to 0.006986, model has been saved!

[2025-02-21 09:00:52;INFO]best epoch: 418, best loss: 0.006986
[2025-02-21 09:00:52;INFO]----------------------------------------------------------------------------------------------------

[2025-02-21 09:00:52;INFO]Current Epoch: 419 / 500 | Learning Rate : 0.0005000000000010531
[2025-02-21 09:00:54;INFO]Train | Loss : 0.001069 | ACC : 3150/3150 (100.000%)
[2025-02-21 09:00:54;INFO]Valid | Loss : 0.007462 | ACC : 1349/1350 (99.926%)
[2025-02-21 09:00:54;INFO]      | Loss didn't drop!

[2025-02-21 09:00:54;INFO]best epoch: 418, best loss: 0.006986
[2025-02-21 09:00:54;INFO]----------------------------------------------------------------------------------------------------

[2025-02-21 09:00:54;INFO]Current Epoch: 420 / 500 | Learning Rate : 0.0008535533905928986
[2025-02-21 09:00:56;INFO]Train | Loss : 0.001057 | ACC : 3150/3150 (100.000%)
[2025-02-21 09:00:56;INFO]Valid | Loss : 0.007317 | ACC : 1349/1350 (99.926%)
[2025-02-21 09:00:56;INFO]      | Loss didn't drop!

[2025-02-21 09:00:56;INFO]best epoch: 418, best loss: 0.006986
[2025-02-21 09:00:56;INFO]----------------------------------------------------------------------------------------------------

[2025-02-21 09:00:56;INFO]Current Epoch: 421 / 500 | Learning Rate : 0.0
[2025-02-21 09:00:58;INFO]Train | Loss : 0.001128 | ACC : 3150/3150 (100.000%)
[2025-02-21 09:00:58;INFO]Valid | Loss : 0.009633 | ACC : 1349/1350 (99.926%)
[2025-02-21 09:00:58;INFO]      | Loss didn't drop!

[2025-02-21 09:00:58;INFO]best epoch: 418, best loss: 0.006986
[2025-02-21 09:00:58;INFO]----------------------------------------------------------------------------------------------------

[2025-02-21 09:00:58;INFO]Current Epoch: 422 / 500 | Learning Rate : 0.0008535533905930394
[2025-02-21 09:01:00;INFO]Train | Loss : 0.001146 | ACC : 3150/3150 (100.000%)
[2025-02-21 09:01:01;INFO]Valid | Loss : 0.006816 | ACC : 1349/1350 (99.926%)
[2025-02-21 09:01:01;INFO]      | Loss dropped from 0.006986 to 0.006816, model has been saved!

[2025-02-21 09:01:01;INFO]best epoch: 422, best loss: 0.006816
[2025-02-21 09:01:01;INFO]----------------------------------------------------------------------------------------------------

[2025-02-21 09:01:01;INFO]Current Epoch: 423 / 500 | Learning Rate : 0.0004999999999999315
[2025-02-21 09:01:02;INFO]Train | Loss : 0.001100 | ACC : 3150/3150 (100.000%)
[2025-02-21 09:01:03;INFO]Valid | Loss : 0.007977 | ACC : 1349/1350 (99.926%)
[2025-02-21 09:01:03;INFO]      | Loss didn't drop!

[2025-02-21 09:01:03;INFO]best epoch: 422, best loss: 0.006816
[2025-02-21 09:01:03;INFO]----------------------------------------------------------------------------------------------------

[2025-02-21 09:01:03;INFO]Current Epoch: 424 / 500 | Learning Rate : 0.00014644660940672712
[2025-02-21 09:01:05;INFO]Train | Loss : 0.001089 | ACC : 3150/3150 (100.000%)
[2025-02-21 09:01:05;INFO]Valid | Loss : 0.007536 | ACC : 1349/1350 (99.926%)
[2025-02-21 09:01:05;INFO]      | Loss didn't drop!

[2025-02-21 09:01:05;INFO]best epoch: 422, best loss: 0.006816
[2025-02-21 09:01:05;INFO]----------------------------------------------------------------------------------------------------

[2025-02-21 09:01:05;INFO]Current Epoch: 425 / 500 | Learning Rate : 0.001000000000003201
[2025-02-21 09:01:07;INFO]Train | Loss : 0.001019 | ACC : 3150/3150 (100.000%)
[2025-02-21 09:01:07;INFO]Valid | Loss : 0.012621 | ACC : 1349/1350 (99.926%)
[2025-02-21 09:01:07;INFO]      | Loss didn't drop!

[2025-02-21 09:01:07;INFO]best epoch: 422, best loss: 0.006816
[2025-02-21 09:01:07;INFO]----------------------------------------------------------------------------------------------------

[2025-02-21 09:01:07;INFO]Current Epoch: 426 / 500 | Learning Rate : 0.00014644660940720943
[2025-02-21 09:01:09;INFO]Train | Loss : 0.001035 | ACC : 3150/3150 (100.000%)
[2025-02-21 09:01:09;INFO]Valid | Loss : 0.007116 | ACC : 1349/1350 (99.926%)
[2025-02-21 09:01:09;INFO]      | Loss didn't drop!

[2025-02-21 09:01:09;INFO]best epoch: 422, best loss: 0.006816
[2025-02-21 09:01:09;INFO]----------------------------------------------------------------------------------------------------

[2025-02-21 09:01:09;INFO]Current Epoch: 427 / 500 | Learning Rate : 0.0005000000000017921
[2025-02-21 09:01:11;INFO]Train | Loss : 0.000964 | ACC : 3150/3150 (100.000%)
[2025-02-21 09:01:11;INFO]Valid | Loss : 0.006934 | ACC : 1349/1350 (99.926%)
[2025-02-21 09:01:11;INFO]      | Loss didn't drop!

[2025-02-21 09:01:11;INFO]best epoch: 422, best loss: 0.006816
[2025-02-21 09:01:11;INFO]----------------------------------------------------------------------------------------------------

[2025-02-21 09:01:11;INFO]Current Epoch: 428 / 500 | Learning Rate : 0.0008535533905914868
[2025-02-21 09:01:13;INFO]Train | Loss : 0.000977 | ACC : 3150/3150 (100.000%)
[2025-02-21 09:01:13;INFO]Valid | Loss : 0.007145 | ACC : 1349/1350 (99.926%)
[2025-02-21 09:01:13;INFO]      | Loss didn't drop!

[2025-02-21 09:01:13;INFO]best epoch: 422, best loss: 0.006816
[2025-02-21 09:01:13;INFO]----------------------------------------------------------------------------------------------------

[2025-02-21 09:01:13;INFO]Current Epoch: 429 / 500 | Learning Rate : 0.0
[2025-02-21 09:01:15;INFO]Train | Loss : 0.001001 | ACC : 3150/3150 (100.000%)
[2025-02-21 09:01:16;INFO]Valid | Loss : 0.012643 | ACC : 1349/1350 (99.926%)
[2025-02-21 09:01:16;INFO]      | Loss didn't drop!

[2025-02-21 09:01:16;INFO]best epoch: 422, best loss: 0.006816
[2025-02-21 09:01:16;INFO]----------------------------------------------------------------------------------------------------

[2025-02-21 09:01:16;INFO]Current Epoch: 430 / 500 | Learning Rate : 0.000853553390594248
[2025-02-21 09:01:17;INFO]Train | Loss : 0.001012 | ACC : 3150/3150 (100.000%)
[2025-02-21 09:01:18;INFO]Valid | Loss : 0.007530 | ACC : 1349/1350 (99.926%)
[2025-02-21 09:01:18;INFO]      | Loss didn't drop!

[2025-02-21 09:01:18;INFO]best epoch: 422, best loss: 0.006816
[2025-02-21 09:01:18;INFO]----------------------------------------------------------------------------------------------------

[2025-02-21 09:01:18;INFO]Current Epoch: 431 / 500 | Learning Rate : 0.000500000000000563
[2025-02-21 09:01:20;INFO]Train | Loss : 0.000994 | ACC : 3150/3150 (100.000%)
[2025-02-21 09:01:20;INFO]Valid | Loss : 0.008019 | ACC : 1349/1350 (99.926%)
[2025-02-21 09:01:20;INFO]      | Loss didn't drop!

[2025-02-21 09:01:20;INFO]best epoch: 422, best loss: 0.006816
[2025-02-21 09:01:20;INFO]----------------------------------------------------------------------------------------------------

[2025-02-21 09:01:20;INFO]Current Epoch: 432 / 500 | Learning Rate : 0.0001464466094069659
[2025-02-21 09:01:22;INFO]Train | Loss : 0.000948 | ACC : 3150/3150 (100.000%)
[2025-02-21 09:01:22;INFO]Valid | Loss : 0.007725 | ACC : 1349/1350 (99.926%)
[2025-02-21 09:01:22;INFO]      | Loss didn't drop!

[2025-02-21 09:01:22;INFO]best epoch: 422, best loss: 0.006816
[2025-02-21 09:01:22;INFO]----------------------------------------------------------------------------------------------------

[2025-02-21 09:01:22;INFO]Current Epoch: 433 / 500 | Learning Rate : 0.0010000000000016773
[2025-02-21 09:01:24;INFO]Train | Loss : 0.000918 | ACC : 3150/3150 (100.000%)
[2025-02-21 09:01:24;INFO]Valid | Loss : 0.006800 | ACC : 1349/1350 (99.926%)
[2025-02-21 09:01:24;INFO]      | Loss dropped from 0.006816 to 0.006800, model has been saved!

[2025-02-21 09:01:24;INFO]best epoch: 433, best loss: 0.006800
[2025-02-21 09:01:24;INFO]----------------------------------------------------------------------------------------------------

[2025-02-21 09:01:24;INFO]Current Epoch: 434 / 500 | Learning Rate : 0.00014644660940694952
[2025-02-21 09:01:26;INFO]Train | Loss : 0.001007 | ACC : 3150/3150 (100.000%)
[2025-02-21 09:01:26;INFO]Valid | Loss : 0.007944 | ACC : 1349/1350 (99.926%)
[2025-02-21 09:01:26;INFO]      | Loss didn't drop!

[2025-02-21 09:01:26;INFO]best epoch: 433, best loss: 0.006800
[2025-02-21 09:01:26;INFO]----------------------------------------------------------------------------------------------------

[2025-02-21 09:01:26;INFO]Current Epoch: 435 / 500 | Learning Rate : 0.0005000000000009754
[2025-02-21 09:01:28;INFO]Train | Loss : 0.000925 | ACC : 3150/3150 (100.000%)
[2025-02-21 09:01:29;INFO]Valid | Loss : 0.007796 | ACC : 1349/1350 (99.926%)
[2025-02-21 09:01:29;INFO]      | Loss didn't drop!

[2025-02-21 09:01:29;INFO]best epoch: 433, best loss: 0.006800
[2025-02-21 09:01:29;INFO]----------------------------------------------------------------------------------------------------

[2025-02-21 09:01:29;INFO]Current Epoch: 436 / 500 | Learning Rate : 0.000853553390592619
[2025-02-21 09:01:30;INFO]Train | Loss : 0.000975 | ACC : 3150/3150 (100.000%)
[2025-02-21 09:01:31;INFO]Valid | Loss : 0.007262 | ACC : 1349/1350 (99.926%)
[2025-02-21 09:01:31;INFO]      | Loss didn't drop!

[2025-02-21 09:01:31;INFO]best epoch: 433, best loss: 0.006800
[2025-02-21 09:01:31;INFO]----------------------------------------------------------------------------------------------------

[2025-02-21 09:01:31;INFO]Current Epoch: 437 / 500 | Learning Rate : 0.0
[2025-02-21 09:01:33;INFO]Train | Loss : 0.000906 | ACC : 3150/3150 (100.000%)
[2025-02-21 09:01:33;INFO]Valid | Loss : 0.007293 | ACC : 1349/1350 (99.926%)
[2025-02-21 09:01:33;INFO]      | Loss didn't drop!

[2025-02-21 09:01:33;INFO]best epoch: 433, best loss: 0.006800
[2025-02-21 09:01:33;INFO]----------------------------------------------------------------------------------------------------

[2025-02-21 09:01:33;INFO]Current Epoch: 438 / 500 | Learning Rate : 0.0008535533905929044
[2025-02-21 09:01:35;INFO]Train | Loss : 0.000886 | ACC : 3150/3150 (100.000%)
[2025-02-21 09:01:35;INFO]Valid | Loss : 0.007546 | ACC : 1349/1350 (99.926%)
[2025-02-21 09:01:35;INFO]      | Loss didn't drop!

[2025-02-21 09:01:35;INFO]best epoch: 433, best loss: 0.006800
[2025-02-21 09:01:35;INFO]----------------------------------------------------------------------------------------------------

[2025-02-21 09:01:35;INFO]Current Epoch: 439 / 500 | Learning Rate : 0.0004999999999998652
[2025-02-21 09:01:37;INFO]Train | Loss : 0.000926 | ACC : 3150/3150 (100.000%)
[2025-02-21 09:01:37;INFO]Valid | Loss : 0.007008 | ACC : 1349/1350 (99.926%)
[2025-02-21 09:01:37;INFO]      | Loss didn't drop!

[2025-02-21 09:01:37;INFO]best epoch: 433, best loss: 0.006800
[2025-02-21 09:01:37;INFO]----------------------------------------------------------------------------------------------------

[2025-02-21 09:01:37;INFO]Current Epoch: 440 / 500 | Learning Rate : 0.00014644660940670175
[2025-02-21 09:01:39;INFO]Train | Loss : 0.000856 | ACC : 3150/3150 (100.000%)
[2025-02-21 09:01:39;INFO]Valid | Loss : 0.007260 | ACC : 1349/1350 (99.926%)
[2025-02-21 09:01:39;INFO]      | Loss didn't drop!

[2025-02-21 09:01:39;INFO]best epoch: 433, best loss: 0.006800
[2025-02-21 09:01:39;INFO]----------------------------------------------------------------------------------------------------

[2025-02-21 09:01:39;INFO]Current Epoch: 441 / 500 | Learning Rate : 0.0010000000000001624
[2025-02-21 09:01:41;INFO]Train | Loss : 0.000879 | ACC : 3150/3150 (100.000%)
[2025-02-21 09:01:41;INFO]Valid | Loss : 0.007187 | ACC : 1349/1350 (99.926%)
[2025-02-21 09:01:41;INFO]      | Loss didn't drop!

[2025-02-21 09:01:41;INFO]best epoch: 433, best loss: 0.006800
[2025-02-21 09:01:41;INFO]----------------------------------------------------------------------------------------------------

[2025-02-21 09:01:41;INFO]Current Epoch: 442 / 500 | Learning Rate : 0.0001464466094071925
[2025-02-21 09:01:43;INFO]Train | Loss : 0.118266 | ACC : 3021/3150 (95.905%)
[2025-02-21 09:01:44;INFO]Valid | Loss : 51.214430 | ACC : 507/1350 (37.556%)
[2025-02-21 09:01:44;INFO]      | Loss didn't drop!

[2025-02-21 09:01:44;INFO]best epoch: 433, best loss: 0.006800
[2025-02-21 09:01:44;INFO]----------------------------------------------------------------------------------------------------

[2025-02-21 09:01:44;INFO]Current Epoch: 443 / 500 | Learning Rate : 0.0005000000000016008
[2025-02-21 09:01:45;INFO]Train | Loss : 0.134951 | ACC : 3030/3150 (96.190%)
[2025-02-21 09:01:46;INFO]Valid | Loss : 4.907630 | ACC : 681/1350 (50.444%)
[2025-02-21 09:01:46;INFO]      | Loss didn't drop!

[2025-02-21 09:01:46;INFO]best epoch: 433, best loss: 0.006800
[2025-02-21 09:01:46;INFO]----------------------------------------------------------------------------------------------------

[2025-02-21 09:01:46;INFO]Current Epoch: 444 / 500 | Learning Rate : 0.0008535533905962943
[2025-02-21 09:01:48;INFO]Train | Loss : 0.041090 | ACC : 3126/3150 (99.238%)
[2025-02-21 09:01:48;INFO]Valid | Loss : 0.114887 | ACC : 1322/1350 (97.926%)
[2025-02-21 09:01:48;INFO]      | Loss didn't drop!

[2025-02-21 09:01:48;INFO]best epoch: 433, best loss: 0.006800
[2025-02-21 09:01:48;INFO]----------------------------------------------------------------------------------------------------

[2025-02-21 09:01:48;INFO]Current Epoch: 445 / 500 | Learning Rate : 0.0
[2025-02-21 09:01:50;INFO]Train | Loss : 0.024814 | ACC : 3139/3150 (99.651%)
[2025-02-21 09:01:50;INFO]Valid | Loss : 0.119539 | ACC : 1282/1350 (94.963%)
[2025-02-21 09:01:50;INFO]      | Loss didn't drop!

[2025-02-21 09:01:50;INFO]best epoch: 433, best loss: 0.006800
[2025-02-21 09:01:50;INFO]----------------------------------------------------------------------------------------------------

[2025-02-21 09:01:50;INFO]Current Epoch: 446 / 500 | Learning Rate : 0.0008535533905916495
[2025-02-21 09:01:52;INFO]Train | Loss : 0.016407 | ACC : 3141/3150 (99.714%)
[2025-02-21 09:01:52;INFO]Valid | Loss : 0.013798 | ACC : 1348/1350 (99.852%)
[2025-02-21 09:01:52;INFO]      | Loss didn't drop!

[2025-02-21 09:01:52;INFO]best epoch: 433, best loss: 0.006800
[2025-02-21 09:01:52;INFO]----------------------------------------------------------------------------------------------------

[2025-02-21 09:01:52;INFO]Current Epoch: 447 / 500 | Learning Rate : 0.0005000000000006105
[2025-02-21 09:01:54;INFO]Train | Loss : 0.009436 | ACC : 3146/3150 (99.873%)
[2025-02-21 09:01:54;INFO]Valid | Loss : 0.010621 | ACC : 1348/1350 (99.852%)
[2025-02-21 09:01:54;INFO]      | Loss didn't drop!

[2025-02-21 09:01:54;INFO]best epoch: 433, best loss: 0.006800
[2025-02-21 09:01:54;INFO]----------------------------------------------------------------------------------------------------

[2025-02-21 09:01:54;INFO]Current Epoch: 448 / 500 | Learning Rate : 0.0001464466094069407
[2025-02-21 09:01:56;INFO]Train | Loss : 0.007697 | ACC : 3147/3150 (99.905%)
[2025-02-21 09:01:56;INFO]Valid | Loss : 0.018445 | ACC : 1348/1350 (99.852%)
[2025-02-21 09:01:56;INFO]      | Loss didn't drop!

[2025-02-21 09:01:56;INFO]best epoch: 433, best loss: 0.006800
[2025-02-21 09:01:56;INFO]----------------------------------------------------------------------------------------------------

[2025-02-21 09:01:56;INFO]Current Epoch: 449 / 500 | Learning Rate : 0.0010000000000015329
[2025-02-21 09:01:58;INFO]Train | Loss : 0.007901 | ACC : 3148/3150 (99.937%)
[2025-02-21 09:01:59;INFO]Valid | Loss : 0.008723 | ACC : 1348/1350 (99.852%)
[2025-02-21 09:01:59;INFO]      | Loss didn't drop!

[2025-02-21 09:01:59;INFO]best epoch: 433, best loss: 0.006800
[2025-02-21 09:01:59;INFO]----------------------------------------------------------------------------------------------------

[2025-02-21 09:01:59;INFO]Current Epoch: 450 / 500 | Learning Rate : 0.00014644660940693122
[2025-02-21 09:02:00;INFO]Train | Loss : 0.005852 | ACC : 3148/3150 (99.937%)
[2025-02-21 09:02:01;INFO]Valid | Loss : 0.031229 | ACC : 1347/1350 (99.778%)
[2025-02-21 09:02:01;INFO]      | Loss didn't drop!

[2025-02-21 09:02:01;INFO]best epoch: 433, best loss: 0.006800
[2025-02-21 09:02:01;INFO]----------------------------------------------------------------------------------------------------

[2025-02-21 09:02:01;INFO]Current Epoch: 451 / 500 | Learning Rate : 0.0005000000000008926
[2025-02-21 09:02:03;INFO]Train | Loss : 0.005741 | ACC : 3149/3150 (99.968%)
[2025-02-21 09:02:03;INFO]Valid | Loss : 0.008269 | ACC : 1349/1350 (99.926%)
[2025-02-21 09:02:03;INFO]      | Loss didn't drop!

[2025-02-21 09:02:03;INFO]best epoch: 433, best loss: 0.006800
[2025-02-21 09:02:03;INFO]----------------------------------------------------------------------------------------------------

[2025-02-21 09:02:03;INFO]Current Epoch: 452 / 500 | Learning Rate : 0.0008535533905949631
[2025-02-21 09:02:05;INFO]Train | Loss : 0.006123 | ACC : 3148/3150 (99.937%)
[2025-02-21 09:02:05;INFO]Valid | Loss : 0.011263 | ACC : 1348/1350 (99.852%)
[2025-02-21 09:02:05;INFO]      | Loss didn't drop!

[2025-02-21 09:02:05;INFO]best epoch: 433, best loss: 0.006800
[2025-02-21 09:02:05;INFO]----------------------------------------------------------------------------------------------------

[2025-02-21 09:02:05;INFO]Current Epoch: 453 / 500 | Learning Rate : 0.0
[2025-02-21 09:02:07;INFO]Train | Loss : 0.004522 | ACC : 3149/3150 (99.968%)
[2025-02-21 09:02:07;INFO]Valid | Loss : 0.011931 | ACC : 1348/1350 (99.852%)
[2025-02-21 09:02:07;INFO]      | Loss didn't drop!

[2025-02-21 09:02:07;INFO]best epoch: 433, best loss: 0.006800
[2025-02-21 09:02:07;INFO]----------------------------------------------------------------------------------------------------

[2025-02-21 09:02:07;INFO]Current Epoch: 454 / 500 | Learning Rate : 0.0008535533905929385
[2025-02-21 09:02:09;INFO]Train | Loss : 0.004397 | ACC : 3149/3150 (99.968%)
[2025-02-21 09:02:09;INFO]Valid | Loss : 0.009805 | ACC : 1349/1350 (99.926%)
[2025-02-21 09:02:09;INFO]      | Loss didn't drop!

[2025-02-21 09:02:09;INFO]best epoch: 433, best loss: 0.006800
[2025-02-21 09:02:09;INFO]----------------------------------------------------------------------------------------------------

[2025-02-21 09:02:09;INFO]Current Epoch: 455 / 500 | Learning Rate : 0.0004999999999997947
[2025-02-21 09:02:11;INFO]Train | Loss : 0.004366 | ACC : 3149/3150 (99.968%)
[2025-02-21 09:02:12;INFO]Valid | Loss : 0.015010 | ACC : 1348/1350 (99.852%)
[2025-02-21 09:02:12;INFO]      | Loss didn't drop!

[2025-02-21 09:02:12;INFO]best epoch: 433, best loss: 0.006800
[2025-02-21 09:02:12;INFO]----------------------------------------------------------------------------------------------------

[2025-02-21 09:02:12;INFO]Current Epoch: 456 / 500 | Learning Rate : 0.0001464466094066752
[2025-02-21 09:02:13;INFO]Train | Loss : 0.004308 | ACC : 3148/3150 (99.937%)
[2025-02-21 09:02:14;INFO]Valid | Loss : 0.010129 | ACC : 1349/1350 (99.926%)
[2025-02-21 09:02:14;INFO]      | Loss didn't drop!

[2025-02-21 09:02:14;INFO]best epoch: 433, best loss: 0.006800
[2025-02-21 09:02:14;INFO]----------------------------------------------------------------------------------------------------

[2025-02-21 09:02:14;INFO]Current Epoch: 457 / 500 | Learning Rate : 0.0010000000000000087
[2025-02-21 09:02:15;INFO]Train | Loss : 0.003789 | ACC : 3149/3150 (99.968%)
[2025-02-21 09:02:16;INFO]Valid | Loss : 0.007595 | ACC : 1349/1350 (99.926%)
[2025-02-21 09:02:16;INFO]      | Loss didn't drop!

[2025-02-21 09:02:16;INFO]best epoch: 433, best loss: 0.006800
[2025-02-21 09:02:16;INFO]----------------------------------------------------------------------------------------------------

[2025-02-21 09:02:16;INFO]Current Epoch: 458 / 500 | Learning Rate : 0.00014644660940675157
[2025-02-21 09:02:18;INFO]Train | Loss : 0.003338 | ACC : 3149/3150 (99.968%)
[2025-02-21 09:02:18;INFO]Valid | Loss : 0.015956 | ACC : 1348/1350 (99.852%)
[2025-02-21 09:02:18;INFO]      | Loss didn't drop!

[2025-02-21 09:02:18;INFO]best epoch: 433, best loss: 0.006800
[2025-02-21 09:02:18;INFO]----------------------------------------------------------------------------------------------------

[2025-02-21 09:02:18;INFO]Current Epoch: 459 / 500 | Learning Rate : 0.0005000000000000751
[2025-02-21 09:02:20;INFO]Train | Loss : 0.003277 | ACC : 3149/3150 (99.968%)
[2025-02-21 09:02:20;INFO]Valid | Loss : 0.009686 | ACC : 1349/1350 (99.926%)
[2025-02-21 09:02:20;INFO]      | Loss didn't drop!

[2025-02-21 09:02:20;INFO]best epoch: 433, best loss: 0.006800
[2025-02-21 09:02:20;INFO]----------------------------------------------------------------------------------------------------

[2025-02-21 09:02:20;INFO]Current Epoch: 460 / 500 | Learning Rate : 0.0008535533905961748
[2025-02-21 09:02:22;INFO]Train | Loss : 0.003007 | ACC : 3149/3150 (99.968%)
[2025-02-21 09:02:22;INFO]Valid | Loss : 0.007943 | ACC : 1349/1350 (99.926%)
[2025-02-21 09:02:22;INFO]      | Loss didn't drop!

[2025-02-21 09:02:22;INFO]best epoch: 433, best loss: 0.006800
[2025-02-21 09:02:22;INFO]----------------------------------------------------------------------------------------------------

[2025-02-21 09:02:22;INFO]Current Epoch: 461 / 500 | Learning Rate : 0.0
[2025-02-21 09:02:24;INFO]Train | Loss : 0.002926 | ACC : 3149/3150 (99.968%)
[2025-02-21 09:02:24;INFO]Valid | Loss : 0.011009 | ACC : 1348/1350 (99.852%)
[2025-02-21 09:02:24;INFO]      | Loss didn't drop!

[2025-02-21 09:02:24;INFO]best epoch: 433, best loss: 0.006800
[2025-02-21 09:02:24;INFO]----------------------------------------------------------------------------------------------------

[2025-02-21 09:02:24;INFO]Current Epoch: 462 / 500 | Learning Rate : 0.0008535533905965286
[2025-02-21 09:02:26;INFO]Train | Loss : 0.002691 | ACC : 3149/3150 (99.968%)
[2025-02-21 09:02:27;INFO]Valid | Loss : 0.007161 | ACC : 1349/1350 (99.926%)
[2025-02-21 09:02:27;INFO]      | Loss didn't drop!

[2025-02-21 09:02:27;INFO]best epoch: 433, best loss: 0.006800
[2025-02-21 09:02:27;INFO]----------------------------------------------------------------------------------------------------

[2025-02-21 09:02:27;INFO]Current Epoch: 463 / 500 | Learning Rate : 0.000499999999999097
[2025-02-21 09:02:28;INFO]Train | Loss : 0.002349 | ACC : 3150/3150 (100.000%)
[2025-02-21 09:02:29;INFO]Valid | Loss : 0.008349 | ACC : 1348/1350 (99.852%)
[2025-02-21 09:02:29;INFO]      | Loss didn't drop!

[2025-02-21 09:02:29;INFO]best epoch: 433, best loss: 0.006800
[2025-02-21 09:02:29;INFO]----------------------------------------------------------------------------------------------------

[2025-02-21 09:02:29;INFO]Current Epoch: 464 / 500 | Learning Rate : 0.00014644660940641105
[2025-02-21 09:02:31;INFO]Train | Loss : 0.002278 | ACC : 3150/3150 (100.000%)
[2025-02-21 09:02:31;INFO]Valid | Loss : 0.013514 | ACC : 1349/1350 (99.926%)
[2025-02-21 09:02:31;INFO]      | Loss didn't drop!

[2025-02-21 09:02:31;INFO]best epoch: 433, best loss: 0.006800
[2025-02-21 09:02:31;INFO]----------------------------------------------------------------------------------------------------

[2025-02-21 09:02:31;INFO]Current Epoch: 465 / 500 | Learning Rate : 0.00100000000000138
[2025-02-21 09:02:33;INFO]Train | Loss : 0.002513 | ACC : 3150/3150 (100.000%)
[2025-02-21 09:02:33;INFO]Valid | Loss : 0.007845 | ACC : 1349/1350 (99.926%)
[2025-02-21 09:02:33;INFO]      | Loss didn't drop!

[2025-02-21 09:02:33;INFO]best epoch: 433, best loss: 0.006800
[2025-02-21 09:02:33;INFO]----------------------------------------------------------------------------------------------------

[2025-02-21 09:02:33;INFO]Current Epoch: 466 / 500 | Learning Rate : 0.00014644660940699465
[2025-02-21 09:02:35;INFO]Train | Loss : 0.002097 | ACC : 3150/3150 (100.000%)
[2025-02-21 09:02:35;INFO]Valid | Loss : 0.009225 | ACC : 1349/1350 (99.926%)
[2025-02-21 09:02:35;INFO]      | Loss didn't drop!

[2025-02-21 09:02:35;INFO]best epoch: 433, best loss: 0.006800
[2025-02-21 09:02:35;INFO]----------------------------------------------------------------------------------------------------

[2025-02-21 09:02:35;INFO]Current Epoch: 467 / 500 | Learning Rate : 0.0005000000000009285
[2025-02-21 09:02:37;INFO]Train | Loss : 0.002193 | ACC : 3150/3150 (100.000%)
[2025-02-21 09:02:37;INFO]Valid | Loss : 0.010325 | ACC : 1348/1350 (99.852%)
[2025-02-21 09:02:37;INFO]      | Loss didn't drop!

[2025-02-21 09:02:37;INFO]best epoch: 433, best loss: 0.006800
[2025-02-21 09:02:37;INFO]----------------------------------------------------------------------------------------------------

[2025-02-21 09:02:37;INFO]Current Epoch: 468 / 500 | Learning Rate : 0.0008535533905949166
[2025-02-21 09:02:39;INFO]Train | Loss : 0.002130 | ACC : 3150/3150 (100.000%)
[2025-02-21 09:02:39;INFO]Valid | Loss : 0.007282 | ACC : 1349/1350 (99.926%)
[2025-02-21 09:02:39;INFO]      | Loss didn't drop!

[2025-02-21 09:02:39;INFO]best epoch: 433, best loss: 0.006800
[2025-02-21 09:02:39;INFO]----------------------------------------------------------------------------------------------------

[2025-02-21 09:02:39;INFO]Current Epoch: 469 / 500 | Learning Rate : 0.0
[2025-02-21 09:02:41;INFO]Train | Loss : 0.002308 | ACC : 3150/3150 (100.000%)
[2025-02-21 09:02:42;INFO]Valid | Loss : 0.041515 | ACC : 1339/1350 (99.185%)
[2025-02-21 09:02:42;INFO]      | Loss didn't drop!

[2025-02-21 09:02:42;INFO]best epoch: 433, best loss: 0.006800
[2025-02-21 09:02:42;INFO]----------------------------------------------------------------------------------------------------

[2025-02-21 09:02:42;INFO]Current Epoch: 470 / 500 | Learning Rate : 0.0008535533905951854
[2025-02-21 09:02:43;INFO]Train | Loss : 0.001717 | ACC : 3150/3150 (100.000%)
[2025-02-21 09:02:44;INFO]Valid | Loss : 0.008221 | ACC : 1349/1350 (99.926%)
[2025-02-21 09:02:44;INFO]      | Loss didn't drop!

[2025-02-21 09:02:44;INFO]best epoch: 433, best loss: 0.006800
[2025-02-21 09:02:44;INFO]----------------------------------------------------------------------------------------------------

[2025-02-21 09:02:44;INFO]Current Epoch: 471 / 500 | Learning Rate : 0.000499999999999724
[2025-02-21 09:02:46;INFO]Train | Loss : 0.001825 | ACC : 3150/3150 (100.000%)
[2025-02-21 09:02:46;INFO]Valid | Loss : 0.013942 | ACC : 1348/1350 (99.852%)
[2025-02-21 09:02:46;INFO]      | Loss didn't drop!

[2025-02-21 09:02:46;INFO]best epoch: 433, best loss: 0.006800
[2025-02-21 09:02:46;INFO]----------------------------------------------------------------------------------------------------

[2025-02-21 09:02:46;INFO]Current Epoch: 472 / 500 | Learning Rate : 0.00014644660940664868
[2025-02-21 09:02:48;INFO]Train | Loss : 0.001384 | ACC : 3150/3150 (100.000%)
[2025-02-21 09:02:48;INFO]Valid | Loss : 0.008071 | ACC : 1349/1350 (99.926%)
[2025-02-21 09:02:48;INFO]      | Loss didn't drop!

[2025-02-21 09:02:48;INFO]best epoch: 433, best loss: 0.006800
[2025-02-21 09:02:48;INFO]----------------------------------------------------------------------------------------------------

[2025-02-21 09:02:48;INFO]Current Epoch: 473 / 500 | Learning Rate : 0.0009999999999998647
[2025-02-21 09:02:50;INFO]Train | Loss : 0.001572 | ACC : 3150/3150 (100.000%)
[2025-02-21 09:02:50;INFO]Valid | Loss : 0.008560 | ACC : 1349/1350 (99.926%)
[2025-02-21 09:02:50;INFO]      | Loss didn't drop!

[2025-02-21 09:02:50;INFO]best epoch: 433, best loss: 0.006800
[2025-02-21 09:02:50;INFO]----------------------------------------------------------------------------------------------------

[2025-02-21 09:02:50;INFO]Current Epoch: 474 / 500 | Learning Rate : 0.0001464466094067333
[2025-02-21 09:02:52;INFO]Train | Loss : 0.001419 | ACC : 3150/3150 (100.000%)
[2025-02-21 09:02:52;INFO]Valid | Loss : 0.008528 | ACC : 1349/1350 (99.926%)
[2025-02-21 09:02:52;INFO]      | Loss didn't drop!

[2025-02-21 09:02:52;INFO]best epoch: 433, best loss: 0.006800
[2025-02-21 09:02:52;INFO]----------------------------------------------------------------------------------------------------

[2025-02-21 09:02:52;INFO]Current Epoch: 475 / 500 | Learning Rate : 0.0005000000000002201
[2025-02-21 09:02:54;INFO]Train | Loss : 0.001531 | ACC : 3150/3150 (100.000%)
[2025-02-21 09:02:55;INFO]Valid | Loss : 0.008297 | ACC : 1349/1350 (99.926%)
[2025-02-21 09:02:55;INFO]      | Loss didn't drop!

[2025-02-21 09:02:55;INFO]best epoch: 433, best loss: 0.006800
[2025-02-21 09:02:55;INFO]----------------------------------------------------------------------------------------------------

[2025-02-21 09:02:55;INFO]Current Epoch: 476 / 500 | Learning Rate : 0.0008535533905935852
[2025-02-21 09:02:56;INFO]Train | Loss : 0.001710 | ACC : 3150/3150 (100.000%)
[2025-02-21 09:02:57;INFO]Valid | Loss : 0.008432 | ACC : 1349/1350 (99.926%)
[2025-02-21 09:02:57;INFO]      | Loss didn't drop!

[2025-02-21 09:02:57;INFO]best epoch: 433, best loss: 0.006800
[2025-02-21 09:02:57;INFO]----------------------------------------------------------------------------------------------------

[2025-02-21 09:02:57;INFO]Current Epoch: 477 / 500 | Learning Rate : 0.0
[2025-02-21 09:02:59;INFO]Train | Loss : 0.001533 | ACC : 3150/3150 (100.000%)
[2025-02-21 09:02:59;INFO]Valid | Loss : 0.009119 | ACC : 1349/1350 (99.926%)
[2025-02-21 09:02:59;INFO]      | Loss didn't drop!

[2025-02-21 09:02:59;INFO]best epoch: 433, best loss: 0.006800
[2025-02-21 09:02:59;INFO]----------------------------------------------------------------------------------------------------

[2025-02-21 09:02:59;INFO]Current Epoch: 478 / 500 | Learning Rate : 0.0008535533905963937
[2025-02-21 09:03:01;INFO]Train | Loss : 0.001503 | ACC : 3150/3150 (100.000%)
[2025-02-21 09:03:01;INFO]Valid | Loss : 0.009375 | ACC : 1349/1350 (99.926%)
[2025-02-21 09:03:01;INFO]      | Loss didn't drop!

[2025-02-21 09:03:01;INFO]best epoch: 433, best loss: 0.006800
[2025-02-21 09:03:01;INFO]----------------------------------------------------------------------------------------------------

[2025-02-21 09:03:01;INFO]Current Epoch: 479 / 500 | Learning Rate : 0.000499999999999026
[2025-02-21 09:03:03;INFO]Train | Loss : 0.001369 | ACC : 3150/3150 (100.000%)
[2025-02-21 09:03:03;INFO]Valid | Loss : 0.009098 | ACC : 1349/1350 (99.926%)
[2025-02-21 09:03:03;INFO]      | Loss didn't drop!

[2025-02-21 09:03:03;INFO]best epoch: 433, best loss: 0.006800
[2025-02-21 09:03:03;INFO]----------------------------------------------------------------------------------------------------

[2025-02-21 09:03:03;INFO]Current Epoch: 480 / 500 | Learning Rate : 0.0001464466094065452
[2025-02-21 09:03:05;INFO]Train | Loss : 0.001385 | ACC : 3150/3150 (100.000%)
[2025-02-21 09:03:05;INFO]Valid | Loss : 0.025162 | ACC : 1344/1350 (99.556%)
[2025-02-21 09:03:05;INFO]      | Loss didn't drop!

[2025-02-21 09:03:05;INFO]best epoch: 433, best loss: 0.006800
[2025-02-21 09:03:05;INFO]----------------------------------------------------------------------------------------------------

[2025-02-21 09:03:05;INFO]Current Epoch: 481 / 500 | Learning Rate : 0.0009999999999983408
[2025-02-21 09:03:07;INFO]Train | Loss : 0.001206 | ACC : 3150/3150 (100.000%)
[2025-02-21 09:03:07;INFO]Valid | Loss : 0.008309 | ACC : 1349/1350 (99.926%)
[2025-02-21 09:03:07;INFO]      | Loss didn't drop!

[2025-02-21 09:03:07;INFO]best epoch: 433, best loss: 0.006800
[2025-02-21 09:03:07;INFO]----------------------------------------------------------------------------------------------------

[2025-02-21 09:03:07;INFO]Current Epoch: 482 / 500 | Learning Rate : 0.00014644660940697635
[2025-02-21 09:03:09;INFO]Train | Loss : 0.001509 | ACC : 3150/3150 (100.000%)
[2025-02-21 09:03:10;INFO]Valid | Loss : 0.031980 | ACC : 1347/1350 (99.778%)
[2025-02-21 09:03:10;INFO]      | Loss didn't drop!

[2025-02-21 09:03:10;INFO]best epoch: 433, best loss: 0.006800
[2025-02-21 09:03:10;INFO]----------------------------------------------------------------------------------------------------

[2025-02-21 09:03:10;INFO]Current Epoch: 483 / 500 | Learning Rate : 0.0005000000000008458
[2025-02-21 09:03:11;INFO]Train | Loss : 0.001298 | ACC : 3150/3150 (100.000%)
[2025-02-21 09:03:12;INFO]Valid | Loss : 0.094777 | ACC : 1291/1350 (95.630%)
[2025-02-21 09:03:12;INFO]      | Loss didn't drop!

[2025-02-21 09:03:12;INFO]best epoch: 433, best loss: 0.006800
[2025-02-21 09:03:12;INFO]----------------------------------------------------------------------------------------------------

[2025-02-21 09:03:12;INFO]Current Epoch: 484 / 500 | Learning Rate : 0.0008535533905947983
[2025-02-21 09:03:14;INFO]Train | Loss : 0.001213 | ACC : 3150/3150 (100.000%)
[2025-02-21 09:03:14;INFO]Valid | Loss : 0.008173 | ACC : 1349/1350 (99.926%)
[2025-02-21 09:03:14;INFO]      | Loss didn't drop!

[2025-02-21 09:03:14;INFO]best epoch: 433, best loss: 0.006800
[2025-02-21 09:03:14;INFO]----------------------------------------------------------------------------------------------------

[2025-02-21 09:03:14;INFO]Current Epoch: 485 / 500 | Learning Rate : 0.0
[2025-02-21 09:03:16;INFO]Train | Loss : 0.001400 | ACC : 3150/3150 (100.000%)
[2025-02-21 09:03:16;INFO]Valid | Loss : 0.010193 | ACC : 1349/1350 (99.926%)
[2025-02-21 09:03:16;INFO]      | Loss didn't drop!

[2025-02-21 09:03:16;INFO]best epoch: 433, best loss: 0.006800
[2025-02-21 09:03:16;INFO]----------------------------------------------------------------------------------------------------

[2025-02-21 09:03:16;INFO]Current Epoch: 486 / 500 | Learning Rate : 0.0008535533905950582
[2025-02-21 09:03:18;INFO]Train | Loss : 0.001137 | ACC : 3150/3150 (100.000%)
[2025-02-21 09:03:18;INFO]Valid | Loss : 0.008289 | ACC : 1349/1350 (99.926%)
[2025-02-21 09:03:18;INFO]      | Loss didn't drop!

[2025-02-21 09:03:18;INFO]best epoch: 433, best loss: 0.006800
[2025-02-21 09:03:18;INFO]----------------------------------------------------------------------------------------------------

[2025-02-21 09:03:18;INFO]Current Epoch: 487 / 500 | Learning Rate : 0.0005000000000012141
[2025-02-21 09:03:20;INFO]Train | Loss : 0.001442 | ACC : 3150/3150 (100.000%)
[2025-02-21 09:03:20;INFO]Valid | Loss : 0.007946 | ACC : 1349/1350 (99.926%)
[2025-02-21 09:03:20;INFO]      | Loss didn't drop!

[2025-02-21 09:03:20;INFO]best epoch: 433, best loss: 0.006800
[2025-02-21 09:03:20;INFO]----------------------------------------------------------------------------------------------------

[2025-02-21 09:03:20;INFO]Current Epoch: 488 / 500 | Learning Rate : 0.00014644660940712627
[2025-02-21 09:03:22;INFO]Train | Loss : 0.001214 | ACC : 3150/3150 (100.000%)
[2025-02-21 09:03:22;INFO]Valid | Loss : 0.008301 | ACC : 1349/1350 (99.926%)
[2025-02-21 09:03:22;INFO]      | Loss didn't drop!

[2025-02-21 09:03:22;INFO]best epoch: 433, best loss: 0.006800
[2025-02-21 09:03:22;INFO]----------------------------------------------------------------------------------------------------

[2025-02-21 09:03:22;INFO]Current Epoch: 489 / 500 | Learning Rate : 0.0009999999999997112
[2025-02-21 09:03:24;INFO]Train | Loss : 0.001189 | ACC : 3150/3150 (100.000%)
[2025-02-21 09:03:25;INFO]Valid | Loss : 0.008584 | ACC : 1349/1350 (99.926%)
[2025-02-21 09:03:25;INFO]      | Loss didn't drop!

[2025-02-21 09:03:25;INFO]best epoch: 433, best loss: 0.006800
[2025-02-21 09:03:25;INFO]----------------------------------------------------------------------------------------------------

[2025-02-21 09:03:25;INFO]Current Epoch: 490 / 500 | Learning Rate : 0.00014644660940671633
[2025-02-21 09:03:26;INFO]Train | Loss : 0.001254 | ACC : 3150/3150 (100.000%)
[2025-02-21 09:03:27;INFO]Valid | Loss : 0.008430 | ACC : 1349/1350 (99.926%)
[2025-02-21 09:03:27;INFO]      | Loss didn't drop!

[2025-02-21 09:03:27;INFO]best epoch: 433, best loss: 0.006800
[2025-02-21 09:03:27;INFO]----------------------------------------------------------------------------------------------------

[2025-02-21 09:03:27;INFO]Current Epoch: 491 / 500 | Learning Rate : 0.0005000000000000286
[2025-02-21 09:03:29;INFO]Train | Loss : 0.001236 | ACC : 3150/3150 (100.000%)
[2025-02-21 09:03:29;INFO]Valid | Loss : 0.008630 | ACC : 1349/1350 (99.926%)
[2025-02-21 09:03:29;INFO]      | Loss didn't drop!

[2025-02-21 09:03:29;INFO]best epoch: 433, best loss: 0.006800
[2025-02-21 09:03:29;INFO]----------------------------------------------------------------------------------------------------

[2025-02-21 09:03:29;INFO]Current Epoch: 492 / 500 | Learning Rate : 0.0008535533905934587
[2025-02-21 09:03:31;INFO]Train | Loss : 0.001124 | ACC : 3150/3150 (100.000%)
[2025-02-21 09:03:31;INFO]Valid | Loss : 0.008169 | ACC : 1349/1350 (99.926%)
[2025-02-21 09:03:31;INFO]      | Loss didn't drop!

[2025-02-21 09:03:31;INFO]best epoch: 433, best loss: 0.006800
[2025-02-21 09:03:31;INFO]----------------------------------------------------------------------------------------------------

[2025-02-21 09:03:31;INFO]Current Epoch: 493 / 500 | Learning Rate : 0.0
[2025-02-21 09:03:33;INFO]Train | Loss : 0.001088 | ACC : 3150/3150 (100.000%)
[2025-02-21 09:03:33;INFO]Valid | Loss : 0.009684 | ACC : 1349/1350 (99.926%)
[2025-02-21 09:03:33;INFO]      | Loss didn't drop!

[2025-02-21 09:03:33;INFO]best epoch: 433, best loss: 0.006800
[2025-02-21 09:03:33;INFO]----------------------------------------------------------------------------------------------------

[2025-02-21 09:03:33;INFO]Current Epoch: 494 / 500 | Learning Rate : 0.0008535533905937962
[2025-02-21 09:03:35;INFO]Train | Loss : 0.001101 | ACC : 3150/3150 (100.000%)
[2025-02-21 09:03:35;INFO]Valid | Loss : 0.009293 | ACC : 1349/1350 (99.926%)
[2025-02-21 09:03:35;INFO]      | Loss didn't drop!

[2025-02-21 09:03:35;INFO]best epoch: 433, best loss: 0.006800
[2025-02-21 09:03:35;INFO]----------------------------------------------------------------------------------------------------

[2025-02-21 09:03:35;INFO]Current Epoch: 495 / 500 | Learning Rate : 0.0005000000000018454
[2025-02-21 09:03:37;INFO]Train | Loss : 0.001142 | ACC : 3150/3150 (100.000%)
[2025-02-21 09:03:38;INFO]Valid | Loss : 0.009030 | ACC : 1349/1350 (99.926%)
[2025-02-21 09:03:38;INFO]      | Loss didn't drop!

[2025-02-21 09:03:38;INFO]best epoch: 433, best loss: 0.006800
[2025-02-21 09:03:38;INFO]----------------------------------------------------------------------------------------------------

[2025-02-21 09:03:38;INFO]Current Epoch: 496 / 500 | Learning Rate : 0.0001464466094073651
[2025-02-21 09:03:39;INFO]Train | Loss : 0.001038 | ACC : 3150/3150 (100.000%)
[2025-02-21 09:03:40;INFO]Valid | Loss : 0.008118 | ACC : 1349/1350 (99.926%)
[2025-02-21 09:03:40;INFO]      | Loss didn't drop!

[2025-02-21 09:03:40;INFO]best epoch: 433, best loss: 0.006800
[2025-02-21 09:03:40;INFO]----------------------------------------------------------------------------------------------------

[2025-02-21 09:03:40;INFO]Current Epoch: 497 / 500 | Learning Rate : 0.0009999999999981966
[2025-02-21 09:03:42;INFO]Train | Loss : 0.001103 | ACC : 3150/3150 (100.000%)
[2025-02-21 09:03:42;INFO]Valid | Loss : 0.008508 | ACC : 1349/1350 (99.926%)
[2025-02-21 09:03:42;INFO]      | Loss didn't drop!

[2025-02-21 09:03:42;INFO]best epoch: 433, best loss: 0.006800
[2025-02-21 09:03:42;INFO]----------------------------------------------------------------------------------------------------

[2025-02-21 09:03:42;INFO]Current Epoch: 498 / 500 | Learning Rate : 0.0001464466094065355
[2025-02-21 09:03:44;INFO]Train | Loss : 0.001050 | ACC : 3150/3150 (100.000%)
[2025-02-21 09:03:44;INFO]Valid | Loss : 0.008632 | ACC : 1349/1350 (99.926%)
[2025-02-21 09:03:44;INFO]      | Loss didn't drop!

[2025-02-21 09:03:44;INFO]best epoch: 433, best loss: 0.006800
[2025-02-21 09:03:44;INFO]----------------------------------------------------------------------------------------------------

[2025-02-21 09:03:44;INFO]Current Epoch: 499 / 500 | Learning Rate : 0.0004999999999993205
[2025-02-21 09:03:46;INFO]Train | Loss : 0.000984 | ACC : 3150/3150 (100.000%)
[2025-02-21 09:03:46;INFO]Valid | Loss : 0.014872 | ACC : 1349/1350 (99.926%)
[2025-02-21 09:03:46;INFO]      | Loss didn't drop!

[2025-02-21 09:03:46;INFO]best epoch: 433, best loss: 0.006800
[2025-02-21 09:03:46;INFO]----------------------------------------------------------------------------------------------------

[2025-02-21 09:03:46;INFO]Current Epoch: 500 / 500 | Learning Rate : 0.000853553390594671
[2025-02-21 09:03:48;INFO]Train | Loss : 0.001043 | ACC : 3150/3150 (100.000%)
[2025-02-21 09:03:48;INFO]Valid | Loss : 0.008050 | ACC : 1349/1350 (99.926%)
[2025-02-21 09:03:48;INFO]      | Loss didn't drop!

[2025-02-21 09:03:48;INFO]best epoch: 433, best loss: 0.006800
[2025-02-21 09:03:48;INFO]----------------------------------------------------------------------------------------------------

[2025-02-21 09:03:48;INFO]Training finished! Best Epoch : 433 | Best Loss : 0.006800


[2025-02-25 03:06:07;INFO]====================================================================================================
[2025-02-25 03:06:07;INFO]Config
[2025-02-25 03:06:07;INFO]----------------------------------------------------------------------------------------------------
[2025-02-25 03:06:07;INFO]seed : 2025
[2025-02-25 03:06:07;INFO]mode : train
[2025-02-25 03:06:07;INFO]device : cuda
[2025-02-25 03:06:07;INFO]dataset_path : ../../../Datasets
[2025-02-25 03:06:07;INFO]dataset_name : wisigeq
[2025-02-25 03:06:07;INFO]source : {'d': 1}
[2025-02-25 03:06:07;INFO]num_classes : 6
[2025-02-25 03:06:07;INFO]backbone : scnn
[2025-02-25 03:06:07;INFO]lr : 0.001
[2025-02-25 03:06:07;INFO]batch_size : 128
[2025-02-25 03:06:07;INFO]train_epochs : 500
[2025-02-25 03:06:07;INFO]root_dir : ./result/wisigeq_scnn
[2025-02-25 03:06:07;INFO]work_dir : ./result/wisigeq_scnn/train/day1
[2025-02-25 03:06:07;INFO]logger : <Logger Logger_train (INFO)>
[2025-02-25 03:06:07;INFO]====================================================================================================


[2025-02-25 03:06:11;INFO]Start training ...
[2025-02-25 03:06:11;INFO]No. train samples: 3150
[2025-02-25 03:06:11;INFO]No. valid samples: 1350
[2025-02-25 03:06:11;INFO]----------------------------------------------------------------------------------------------------

[2025-02-25 03:06:11;INFO]Current Epoch: 1 / 500 | Learning Rate : 0.001
[2025-02-25 03:06:15;INFO]Train | Loss : 0.836072 | ACC : 2705/3150 (85.873%)
[2025-02-25 03:06:15;INFO]Valid | Loss : 0.769954 | ACC : 1273/1350 (94.296%)
[2025-02-25 03:06:15;INFO]      | Loss dropped from inf to 0.769954, model has been saved!

[2025-02-25 03:06:15;INFO]best epoch: 1, best loss: 0.769954
[2025-02-25 03:06:15;INFO]----------------------------------------------------------------------------------------------------

[2025-02-25 03:06:15;INFO]Current Epoch: 2 / 500 | Learning Rate : 0.00014644660940672617
[2025-02-25 03:06:16;INFO]Train | Loss : 0.539349 | ACC : 3013/3150 (95.651%)
[2025-02-25 03:06:17;INFO]Valid | Loss : 1.012441 | ACC : 760/1350 (56.296%)
[2025-02-25 03:06:17;INFO]      | Loss didn't drop!

[2025-02-25 03:06:17;INFO]best epoch: 1, best loss: 0.769954
[2025-02-25 03:06:17;INFO]----------------------------------------------------------------------------------------------------

[2025-02-25 03:06:17;INFO]Current Epoch: 3 / 500 | Learning Rate : 0.0004999999999999998
[2025-02-25 03:06:18;INFO]Train | Loss : 0.408169 | ACC : 3058/3150 (97.079%)
[2025-02-25 03:06:18;INFO]Valid | Loss : 0.561109 | ACC : 1249/1350 (92.519%)
[2025-02-25 03:06:18;INFO]      | Loss dropped from 0.769954 to 0.561109, model has been saved!

[2025-02-25 03:06:18;INFO]best epoch: 3, best loss: 0.561109
[2025-02-25 03:06:18;INFO]----------------------------------------------------------------------------------------------------

[2025-02-25 03:06:18;INFO]Current Epoch: 4 / 500 | Learning Rate : 0.0008535533905932656
[2025-02-25 03:06:19;INFO]Train | Loss : 0.373374 | ACC : 3112/3150 (98.794%)
[2025-02-25 03:06:19;INFO]Valid | Loss : 0.380240 | ACC : 1314/1350 (97.333%)
[2025-02-25 03:06:19;INFO]      | Loss dropped from 0.561109 to 0.380240, model has been saved!

[2025-02-25 03:06:19;INFO]best epoch: 4, best loss: 0.380240
[2025-02-25 03:06:19;INFO]----------------------------------------------------------------------------------------------------

[2025-02-25 03:06:19;INFO]Current Epoch: 5 / 500 | Learning Rate : 0.0
[2025-02-25 03:06:21;INFO]Train | Loss : 0.342756 | ACC : 3130/3150 (99.365%)
[2025-02-25 03:06:21;INFO]Valid | Loss : 0.682388 | ACC : 1117/1350 (82.741%)
[2025-02-25 03:06:21;INFO]      | Loss didn't drop!

[2025-02-25 03:06:21;INFO]best epoch: 4, best loss: 0.380240
[2025-02-25 03:06:21;INFO]----------------------------------------------------------------------------------------------------

[2025-02-25 03:06:21;INFO]Current Epoch: 6 / 500 | Learning Rate : 0.0008535533905932675
[2025-02-25 03:06:22;INFO]Train | Loss : 0.306877 | ACC : 3144/3150 (99.810%)
[2025-02-25 03:06:22;INFO]Valid | Loss : 0.319169 | ACC : 1348/1350 (99.852%)
[2025-02-25 03:06:22;INFO]      | Loss dropped from 0.380240 to 0.319169, model has been saved!

[2025-02-25 03:06:22;INFO]best epoch: 6, best loss: 0.319169
[2025-02-25 03:06:22;INFO]----------------------------------------------------------------------------------------------------

[2025-02-25 03:06:22;INFO]Current Epoch: 7 / 500 | Learning Rate : 0.0005000000000000214
[2025-02-25 03:06:23;INFO]Train | Loss : 0.301201 | ACC : 3143/3150 (99.778%)
[2025-02-25 03:06:23;INFO]Valid | Loss : 0.587608 | ACC : 1130/1350 (83.704%)
[2025-02-25 03:06:23;INFO]      | Loss didn't drop!

[2025-02-25 03:06:23;INFO]best epoch: 6, best loss: 0.319169
[2025-02-25 03:06:23;INFO]----------------------------------------------------------------------------------------------------

[2025-02-25 03:06:23;INFO]Current Epoch: 8 / 500 | Learning Rate : 0.00014644660940673355
[2025-02-25 03:06:25;INFO]Train | Loss : 0.296631 | ACC : 3144/3150 (99.810%)
[2025-02-25 03:06:25;INFO]Valid | Loss : 0.801499 | ACC : 986/1350 (73.037%)
[2025-02-25 03:06:25;INFO]      | Loss didn't drop!

[2025-02-25 03:06:25;INFO]best epoch: 6, best loss: 0.319169
[2025-02-25 03:06:25;INFO]----------------------------------------------------------------------------------------------------

[2025-02-25 03:06:25;INFO]Current Epoch: 9 / 500 | Learning Rate : 0.001
[2025-02-25 03:06:26;INFO]Train | Loss : 0.301469 | ACC : 3142/3150 (99.746%)
[2025-02-25 03:06:26;INFO]Valid | Loss : 0.250976 | ACC : 1349/1350 (99.926%)
[2025-02-25 03:06:26;INFO]      | Loss dropped from 0.319169 to 0.250976, model has been saved!

[2025-02-25 03:06:26;INFO]best epoch: 9, best loss: 0.250976
[2025-02-25 03:06:26;INFO]----------------------------------------------------------------------------------------------------

[2025-02-25 03:06:26;INFO]Current Epoch: 10 / 500 | Learning Rate : 0.00014644660940671945
[2025-02-25 03:06:27;INFO]Train | Loss : 0.282615 | ACC : 3144/3150 (99.810%)
[2025-02-25 03:06:28;INFO]Valid | Loss : 0.332205 | ACC : 1346/1350 (99.704%)
[2025-02-25 03:06:28;INFO]      | Loss didn't drop!

[2025-02-25 03:06:28;INFO]best epoch: 9, best loss: 0.250976
[2025-02-25 03:06:28;INFO]----------------------------------------------------------------------------------------------------

[2025-02-25 03:06:28;INFO]Current Epoch: 11 / 500 | Learning Rate : 0.000499999999999981
[2025-02-25 03:06:29;INFO]Train | Loss : 0.257259 | ACC : 3146/3150 (99.873%)
[2025-02-25 03:06:29;INFO]Valid | Loss : 0.284791 | ACC : 1349/1350 (99.926%)
[2025-02-25 03:06:29;INFO]      | Loss didn't drop!

[2025-02-25 03:06:29;INFO]best epoch: 9, best loss: 0.250976
[2025-02-25 03:06:29;INFO]----------------------------------------------------------------------------------------------------

[2025-02-25 03:06:29;INFO]Current Epoch: 12 / 500 | Learning Rate : 0.0008535533905933208
[2025-02-25 03:06:30;INFO]Train | Loss : 0.258254 | ACC : 3145/3150 (99.841%)
[2025-02-25 03:06:30;INFO]Valid | Loss : 0.230401 | ACC : 1349/1350 (99.926%)
[2025-02-25 03:06:30;INFO]      | Loss dropped from 0.250976 to 0.230401, model has been saved!

[2025-02-25 03:06:30;INFO]best epoch: 12, best loss: 0.230401
[2025-02-25 03:06:30;INFO]----------------------------------------------------------------------------------------------------

[2025-02-25 03:06:30;INFO]Current Epoch: 13 / 500 | Learning Rate : 0.0
[2025-02-25 03:06:31;INFO]Train | Loss : 0.242914 | ACC : 3146/3150 (99.873%)
[2025-02-25 03:06:32;INFO]Valid | Loss : 0.274790 | ACC : 1349/1350 (99.926%)
[2025-02-25 03:06:32;INFO]      | Loss didn't drop!

[2025-02-25 03:06:32;INFO]best epoch: 12, best loss: 0.230401
[2025-02-25 03:06:32;INFO]----------------------------------------------------------------------------------------------------

[2025-02-25 03:06:32;INFO]Current Epoch: 14 / 500 | Learning Rate : 0.0008535533905933215
[2025-02-25 03:06:33;INFO]Train | Loss : 0.233984 | ACC : 3147/3150 (99.905%)
[2025-02-25 03:06:33;INFO]Valid | Loss : 0.269291 | ACC : 1349/1350 (99.926%)
[2025-02-25 03:06:33;INFO]      | Loss didn't drop!

[2025-02-25 03:06:33;INFO]best epoch: 12, best loss: 0.230401
[2025-02-25 03:06:33;INFO]----------------------------------------------------------------------------------------------------

[2025-02-25 03:06:33;INFO]Current Epoch: 15 / 500 | Learning Rate : 0.0005000000000000251
[2025-02-25 03:06:34;INFO]Train | Loss : 0.226413 | ACC : 3146/3150 (99.873%)
[2025-02-25 03:06:34;INFO]Valid | Loss : 0.283089 | ACC : 1327/1350 (98.296%)
[2025-02-25 03:06:34;INFO]      | Loss didn't drop!

[2025-02-25 03:06:34;INFO]best epoch: 12, best loss: 0.230401
[2025-02-25 03:06:34;INFO]----------------------------------------------------------------------------------------------------

[2025-02-25 03:06:34;INFO]Current Epoch: 16 / 500 | Learning Rate : 0.0001464466094067354
[2025-02-25 03:06:35;INFO]Train | Loss : 0.224296 | ACC : 3147/3150 (99.905%)
[2025-02-25 03:06:36;INFO]Valid | Loss : 0.245397 | ACC : 1349/1350 (99.926%)
[2025-02-25 03:06:36;INFO]      | Loss didn't drop!

[2025-02-25 03:06:36;INFO]best epoch: 12, best loss: 0.230401
[2025-02-25 03:06:36;INFO]----------------------------------------------------------------------------------------------------

[2025-02-25 03:06:36;INFO]Current Epoch: 17 / 500 | Learning Rate : 0.0010000000000000633
[2025-02-25 03:06:37;INFO]Train | Loss : 0.213412 | ACC : 3147/3150 (99.905%)
[2025-02-25 03:06:37;INFO]Valid | Loss : 0.195637 | ACC : 1349/1350 (99.926%)
[2025-02-25 03:06:37;INFO]      | Loss dropped from 0.230401 to 0.195637, model has been saved!

[2025-02-25 03:06:37;INFO]best epoch: 17, best loss: 0.195637
[2025-02-25 03:06:37;INFO]----------------------------------------------------------------------------------------------------

[2025-02-25 03:06:37;INFO]Current Epoch: 18 / 500 | Learning Rate : 0.0001464466094067349
[2025-02-25 03:06:38;INFO]Train | Loss : 0.211280 | ACC : 3147/3150 (99.905%)
[2025-02-25 03:06:38;INFO]Valid | Loss : 0.342537 | ACC : 1250/1350 (92.593%)
[2025-02-25 03:06:38;INFO]      | Loss didn't drop!

[2025-02-25 03:06:38;INFO]best epoch: 17, best loss: 0.195637
[2025-02-25 03:06:38;INFO]----------------------------------------------------------------------------------------------------

[2025-02-25 03:06:38;INFO]Current Epoch: 19 / 500 | Learning Rate : 0.0005000000000000322
[2025-02-25 03:06:39;INFO]Train | Loss : 0.205053 | ACC : 3147/3150 (99.905%)
[2025-02-25 03:06:40;INFO]Valid | Loss : 0.225642 | ACC : 1349/1350 (99.926%)
[2025-02-25 03:06:40;INFO]      | Loss didn't drop!

[2025-02-25 03:06:40;INFO]best epoch: 17, best loss: 0.195637
[2025-02-25 03:06:40;INFO]----------------------------------------------------------------------------------------------------

[2025-02-25 03:06:40;INFO]Current Epoch: 20 / 500 | Learning Rate : 0.0008535533905932506
[2025-02-25 03:06:41;INFO]Train | Loss : 0.203135 | ACC : 3148/3150 (99.937%)
[2025-02-25 03:06:41;INFO]Valid | Loss : 0.200419 | ACC : 1349/1350 (99.926%)
[2025-02-25 03:06:41;INFO]      | Loss didn't drop!

[2025-02-25 03:06:41;INFO]best epoch: 17, best loss: 0.195637
[2025-02-25 03:06:41;INFO]----------------------------------------------------------------------------------------------------

[2025-02-25 03:06:41;INFO]Current Epoch: 21 / 500 | Learning Rate : 0.0
[2025-02-25 03:06:42;INFO]Train | Loss : 0.198960 | ACC : 3147/3150 (99.905%)
[2025-02-25 03:06:42;INFO]Valid | Loss : 0.206386 | ACC : 1348/1350 (99.852%)
[2025-02-25 03:06:42;INFO]      | Loss didn't drop!

[2025-02-25 03:06:42;INFO]best epoch: 17, best loss: 0.195637
[2025-02-25 03:06:42;INFO]----------------------------------------------------------------------------------------------------

[2025-02-25 03:06:42;INFO]Current Epoch: 22 / 500 | Learning Rate : 0.000853553390593335
[2025-02-25 03:06:44;INFO]Train | Loss : 0.193260 | ACC : 3148/3150 (99.937%)
[2025-02-25 03:06:44;INFO]Valid | Loss : 0.236006 | ACC : 1339/1350 (99.185%)
[2025-02-25 03:06:44;INFO]      | Loss didn't drop!

[2025-02-25 03:06:44;INFO]best epoch: 17, best loss: 0.195637
[2025-02-25 03:06:44;INFO]----------------------------------------------------------------------------------------------------

[2025-02-25 03:06:44;INFO]Current Epoch: 23 / 500 | Learning Rate : 0.000499999999999992
[2025-02-25 03:06:45;INFO]Train | Loss : 0.187462 | ACC : 3148/3150 (99.937%)
[2025-02-25 03:06:45;INFO]Valid | Loss : 0.174787 | ACC : 1349/1350 (99.926%)
[2025-02-25 03:06:45;INFO]      | Loss dropped from 0.195637 to 0.174787, model has been saved!

[2025-02-25 03:06:45;INFO]best epoch: 23, best loss: 0.174787
[2025-02-25 03:06:45;INFO]----------------------------------------------------------------------------------------------------

[2025-02-25 03:06:45;INFO]Current Epoch: 24 / 500 | Learning Rate : 0.0001464466094067277
[2025-02-25 03:06:46;INFO]Train | Loss : 0.179890 | ACC : 3147/3150 (99.905%)
[2025-02-25 03:06:47;INFO]Valid | Loss : 0.328777 | ACC : 1349/1350 (99.926%)
[2025-02-25 03:06:47;INFO]      | Loss didn't drop!

[2025-02-25 03:06:47;INFO]best epoch: 23, best loss: 0.174787
[2025-02-25 03:06:47;INFO]----------------------------------------------------------------------------------------------------

[2025-02-25 03:06:47;INFO]Current Epoch: 25 / 500 | Learning Rate : 0.0010000000000000722
[2025-02-25 03:06:48;INFO]Train | Loss : 0.178097 | ACC : 3149/3150 (99.968%)
[2025-02-25 03:06:48;INFO]Valid | Loss : 0.164417 | ACC : 1349/1350 (99.926%)
[2025-02-25 03:06:48;INFO]      | Loss dropped from 0.174787 to 0.164417, model has been saved!

[2025-02-25 03:06:48;INFO]best epoch: 25, best loss: 0.164417
[2025-02-25 03:06:48;INFO]----------------------------------------------------------------------------------------------------

[2025-02-25 03:06:48;INFO]Current Epoch: 26 / 500 | Learning Rate : 0.00014644660940672642
[2025-02-25 03:06:49;INFO]Train | Loss : 0.171950 | ACC : 3147/3150 (99.905%)
[2025-02-25 03:06:49;INFO]Valid | Loss : 0.166008 | ACC : 1349/1350 (99.926%)
[2025-02-25 03:06:49;INFO]      | Loss didn't drop!

[2025-02-25 03:06:49;INFO]best epoch: 25, best loss: 0.164417
[2025-02-25 03:06:49;INFO]----------------------------------------------------------------------------------------------------

[2025-02-25 03:06:49;INFO]Current Epoch: 27 / 500 | Learning Rate : 0.0005000000000000001
[2025-02-25 03:06:50;INFO]Train | Loss : 0.168248 | ACC : 3149/3150 (99.968%)
[2025-02-25 03:06:51;INFO]Valid | Loss : 0.366521 | ACC : 1339/1350 (99.185%)
[2025-02-25 03:06:51;INFO]      | Loss didn't drop!

[2025-02-25 03:06:51;INFO]best epoch: 25, best loss: 0.164417
[2025-02-25 03:06:51;INFO]----------------------------------------------------------------------------------------------------

[2025-02-25 03:06:51;INFO]Current Epoch: 28 / 500 | Learning Rate : 0.0008535533905931913
[2025-02-25 03:06:52;INFO]Train | Loss : 0.169644 | ACC : 3148/3150 (99.937%)
[2025-02-25 03:06:52;INFO]Valid | Loss : 0.149172 | ACC : 1349/1350 (99.926%)
[2025-02-25 03:06:52;INFO]      | Loss dropped from 0.164417 to 0.149172, model has been saved!

[2025-02-25 03:06:52;INFO]best epoch: 28, best loss: 0.149172
[2025-02-25 03:06:52;INFO]----------------------------------------------------------------------------------------------------

[2025-02-25 03:06:52;INFO]Current Epoch: 29 / 500 | Learning Rate : 0.0
[2025-02-25 03:06:53;INFO]Train | Loss : 0.162878 | ACC : 3149/3150 (99.968%)
[2025-02-25 03:06:53;INFO]Valid | Loss : 0.151639 | ACC : 1349/1350 (99.926%)
[2025-02-25 03:06:53;INFO]      | Loss didn't drop!

[2025-02-25 03:06:53;INFO]best epoch: 28, best loss: 0.149172
[2025-02-25 03:06:53;INFO]----------------------------------------------------------------------------------------------------

[2025-02-25 03:06:53;INFO]Current Epoch: 30 / 500 | Learning Rate : 0.0008535533905932689
[2025-02-25 03:06:54;INFO]Train | Loss : 0.156729 | ACC : 3149/3150 (99.968%)
[2025-02-25 03:06:55;INFO]Valid | Loss : 0.169791 | ACC : 1349/1350 (99.926%)
[2025-02-25 03:06:55;INFO]      | Loss didn't drop!

[2025-02-25 03:06:55;INFO]best epoch: 28, best loss: 0.149172
[2025-02-25 03:06:55;INFO]----------------------------------------------------------------------------------------------------

[2025-02-25 03:06:55;INFO]Current Epoch: 31 / 500 | Learning Rate : 0.0004999999999999518
[2025-02-25 03:06:56;INFO]Train | Loss : 0.156547 | ACC : 3149/3150 (99.968%)
[2025-02-25 03:06:56;INFO]Valid | Loss : 0.146253 | ACC : 1349/1350 (99.926%)
[2025-02-25 03:06:56;INFO]      | Loss dropped from 0.149172 to 0.146253, model has been saved!

[2025-02-25 03:06:56;INFO]best epoch: 31, best loss: 0.146253
[2025-02-25 03:06:56;INFO]----------------------------------------------------------------------------------------------------

[2025-02-25 03:06:56;INFO]Current Epoch: 32 / 500 | Learning Rate : 0.0001464466094067151
[2025-02-25 03:06:57;INFO]Train | Loss : 0.152958 | ACC : 3149/3150 (99.968%)
[2025-02-25 03:06:57;INFO]Valid | Loss : 0.157677 | ACC : 1349/1350 (99.926%)
[2025-02-25 03:06:57;INFO]      | Loss didn't drop!

[2025-02-25 03:06:57;INFO]best epoch: 31, best loss: 0.146253
[2025-02-25 03:06:57;INFO]----------------------------------------------------------------------------------------------------

[2025-02-25 03:06:57;INFO]Current Epoch: 33 / 500 | Learning Rate : 0.0010000000000000002
[2025-02-25 03:06:59;INFO]Train | Loss : 0.149208 | ACC : 3149/3150 (99.968%)
[2025-02-25 03:06:59;INFO]Valid | Loss : 0.135255 | ACC : 1349/1350 (99.926%)
[2025-02-25 03:06:59;INFO]      | Loss dropped from 0.146253 to 0.135255, model has been saved!

[2025-02-25 03:06:59;INFO]best epoch: 33, best loss: 0.135255
[2025-02-25 03:06:59;INFO]----------------------------------------------------------------------------------------------------

[2025-02-25 03:06:59;INFO]Current Epoch: 34 / 500 | Learning Rate : 0.0001464466094067694
[2025-02-25 03:07:00;INFO]Train | Loss : 0.143443 | ACC : 3149/3150 (99.968%)
[2025-02-25 03:07:00;INFO]Valid | Loss : 0.183014 | ACC : 1349/1350 (99.926%)
[2025-02-25 03:07:00;INFO]      | Loss didn't drop!

[2025-02-25 03:07:00;INFO]best epoch: 33, best loss: 0.135255
[2025-02-25 03:07:00;INFO]----------------------------------------------------------------------------------------------------

[2025-02-25 03:07:00;INFO]Current Epoch: 35 / 500 | Learning Rate : 0.000500000000000137
[2025-02-25 03:07:01;INFO]Train | Loss : 0.142171 | ACC : 3150/3150 (100.000%)
[2025-02-25 03:07:02;INFO]Valid | Loss : 0.151906 | ACC : 1349/1350 (99.926%)
[2025-02-25 03:07:02;INFO]      | Loss didn't drop!

[2025-02-25 03:07:02;INFO]best epoch: 33, best loss: 0.135255
[2025-02-25 03:07:02;INFO]----------------------------------------------------------------------------------------------------

[2025-02-25 03:07:02;INFO]Current Epoch: 36 / 500 | Learning Rate : 0.0008535533905934294
[2025-02-25 03:07:03;INFO]Train | Loss : 0.140074 | ACC : 3150/3150 (100.000%)
[2025-02-25 03:07:03;INFO]Valid | Loss : 0.128688 | ACC : 1349/1350 (99.926%)
[2025-02-25 03:07:03;INFO]      | Loss dropped from 0.135255 to 0.128688, model has been saved!

[2025-02-25 03:07:03;INFO]best epoch: 36, best loss: 0.128688
[2025-02-25 03:07:03;INFO]----------------------------------------------------------------------------------------------------

[2025-02-25 03:07:03;INFO]Current Epoch: 37 / 500 | Learning Rate : 0.0
[2025-02-25 03:07:04;INFO]Train | Loss : 0.134364 | ACC : 3150/3150 (100.000%)
[2025-02-25 03:07:04;INFO]Valid | Loss : 0.164744 | ACC : 1349/1350 (99.926%)
[2025-02-25 03:07:04;INFO]      | Loss didn't drop!

[2025-02-25 03:07:04;INFO]best epoch: 36, best loss: 0.128688
[2025-02-25 03:07:04;INFO]----------------------------------------------------------------------------------------------------

[2025-02-25 03:07:04;INFO]Current Epoch: 38 / 500 | Learning Rate : 0.000853553390593364
[2025-02-25 03:07:05;INFO]Train | Loss : 0.130424 | ACC : 3150/3150 (100.000%)
[2025-02-25 03:07:06;INFO]Valid | Loss : 0.137492 | ACC : 1349/1350 (99.926%)
[2025-02-25 03:07:06;INFO]      | Loss didn't drop!

[2025-02-25 03:07:06;INFO]best epoch: 36, best loss: 0.128688
[2025-02-25 03:07:06;INFO]----------------------------------------------------------------------------------------------------

[2025-02-25 03:07:06;INFO]Current Epoch: 39 / 500 | Learning Rate : 0.0005000000000000043
[2025-02-25 03:07:07;INFO]Train | Loss : 0.128370 | ACC : 3150/3150 (100.000%)
[2025-02-25 03:07:07;INFO]Valid | Loss : 0.170394 | ACC : 1339/1350 (99.185%)
[2025-02-25 03:07:07;INFO]      | Loss didn't drop!

[2025-02-25 03:07:07;INFO]best epoch: 36, best loss: 0.128688
[2025-02-25 03:07:07;INFO]----------------------------------------------------------------------------------------------------

[2025-02-25 03:07:07;INFO]Current Epoch: 40 / 500 | Learning Rate : 0.00014644660940672243
[2025-02-25 03:07:08;INFO]Train | Loss : 0.126227 | ACC : 3150/3150 (100.000%)
[2025-02-25 03:07:08;INFO]Valid | Loss : 0.163034 | ACC : 1349/1350 (99.926%)
[2025-02-25 03:07:08;INFO]      | Loss didn't drop!

[2025-02-25 03:07:08;INFO]best epoch: 36, best loss: 0.128688
[2025-02-25 03:07:08;INFO]----------------------------------------------------------------------------------------------------

[2025-02-25 03:07:08;INFO]Current Epoch: 41 / 500 | Learning Rate : 0.0010000000000002884
[2025-02-25 03:07:09;INFO]Train | Loss : 0.121509 | ACC : 3150/3150 (100.000%)
[2025-02-25 03:07:10;INFO]Valid | Loss : 0.111161 | ACC : 1349/1350 (99.926%)
[2025-02-25 03:07:10;INFO]      | Loss dropped from 0.128688 to 0.111161, model has been saved!

[2025-02-25 03:07:10;INFO]best epoch: 41, best loss: 0.111161
[2025-02-25 03:07:10;INFO]----------------------------------------------------------------------------------------------------

[2025-02-25 03:07:10;INFO]Current Epoch: 42 / 500 | Learning Rate : 0.0001464466094067509
[2025-02-25 03:07:11;INFO]Train | Loss : 0.120112 | ACC : 3150/3150 (100.000%)
[2025-02-25 03:07:11;INFO]Valid | Loss : 0.157394 | ACC : 1349/1350 (99.926%)
[2025-02-25 03:07:11;INFO]      | Loss didn't drop!

[2025-02-25 03:07:11;INFO]best epoch: 41, best loss: 0.111161
[2025-02-25 03:07:11;INFO]----------------------------------------------------------------------------------------------------

[2025-02-25 03:07:11;INFO]Current Epoch: 43 / 500 | Learning Rate : 0.0005000000000000981
[2025-02-25 03:07:12;INFO]Train | Loss : 0.118113 | ACC : 3150/3150 (100.000%)
[2025-02-25 03:07:12;INFO]Valid | Loss : 0.154324 | ACC : 1348/1350 (99.852%)
[2025-02-25 03:07:12;INFO]      | Loss didn't drop!

[2025-02-25 03:07:12;INFO]best epoch: 41, best loss: 0.111161
[2025-02-25 03:07:12;INFO]----------------------------------------------------------------------------------------------------

[2025-02-25 03:07:12;INFO]Current Epoch: 44 / 500 | Learning Rate : 0.00085355339059337
[2025-02-25 03:07:14;INFO]Train | Loss : 0.115376 | ACC : 3150/3150 (100.000%)
[2025-02-25 03:07:14;INFO]Valid | Loss : 0.117554 | ACC : 1349/1350 (99.926%)
[2025-02-25 03:07:14;INFO]      | Loss didn't drop!

[2025-02-25 03:07:14;INFO]best epoch: 41, best loss: 0.111161
[2025-02-25 03:07:14;INFO]----------------------------------------------------------------------------------------------------

[2025-02-25 03:07:14;INFO]Current Epoch: 45 / 500 | Learning Rate : 0.0
[2025-02-25 03:07:15;INFO]Train | Loss : 0.113762 | ACC : 3150/3150 (100.000%)
[2025-02-25 03:07:15;INFO]Valid | Loss : 0.107974 | ACC : 1349/1350 (99.926%)
[2025-02-25 03:07:15;INFO]      | Loss dropped from 0.111161 to 0.107974, model has been saved!

[2025-02-25 03:07:15;INFO]best epoch: 45, best loss: 0.107974
[2025-02-25 03:07:15;INFO]----------------------------------------------------------------------------------------------------

[2025-02-25 03:07:15;INFO]Current Epoch: 46 / 500 | Learning Rate : 0.0008535533905933007
[2025-02-25 03:07:16;INFO]Train | Loss : 0.109992 | ACC : 3150/3150 (100.000%)
[2025-02-25 03:07:16;INFO]Valid | Loss : 0.113955 | ACC : 1349/1350 (99.926%)
[2025-02-25 03:07:16;INFO]      | Loss didn't drop!

[2025-02-25 03:07:16;INFO]best epoch: 45, best loss: 0.107974
[2025-02-25 03:07:16;INFO]----------------------------------------------------------------------------------------------------

[2025-02-25 03:07:16;INFO]Current Epoch: 47 / 500 | Learning Rate : 0.000499999999999957
[2025-02-25 03:07:18;INFO]Train | Loss : 0.119177 | ACC : 3150/3150 (100.000%)
[2025-02-25 03:07:18;INFO]Valid | Loss : 0.118349 | ACC : 1349/1350 (99.926%)
[2025-02-25 03:07:18;INFO]      | Loss didn't drop!

[2025-02-25 03:07:18;INFO]best epoch: 45, best loss: 0.107974
[2025-02-25 03:07:18;INFO]----------------------------------------------------------------------------------------------------

[2025-02-25 03:07:18;INFO]Current Epoch: 48 / 500 | Learning Rate : 0.0001464466094067199
[2025-02-25 03:07:19;INFO]Train | Loss : 0.113526 | ACC : 3149/3150 (99.968%)
[2025-02-25 03:07:19;INFO]Valid | Loss : 0.202270 | ACC : 1347/1350 (99.778%)
[2025-02-25 03:07:19;INFO]      | Loss didn't drop!

[2025-02-25 03:07:19;INFO]best epoch: 45, best loss: 0.107974
[2025-02-25 03:07:19;INFO]----------------------------------------------------------------------------------------------------

[2025-02-25 03:07:19;INFO]Current Epoch: 49 / 500 | Learning Rate : 0.0010000000000002162
[2025-02-25 03:07:20;INFO]Train | Loss : 0.109420 | ACC : 3148/3150 (99.937%)
[2025-02-25 03:07:21;INFO]Valid | Loss : 0.104096 | ACC : 1349/1350 (99.926%)
[2025-02-25 03:07:21;INFO]      | Loss dropped from 0.107974 to 0.104096, model has been saved!

[2025-02-25 03:07:21;INFO]best epoch: 49, best loss: 0.104096
[2025-02-25 03:07:21;INFO]----------------------------------------------------------------------------------------------------

[2025-02-25 03:07:21;INFO]Current Epoch: 50 / 500 | Learning Rate : 0.00014644660940674238
[2025-02-25 03:07:22;INFO]Train | Loss : 0.105421 | ACC : 3150/3150 (100.000%)
[2025-02-25 03:07:22;INFO]Valid | Loss : 0.124963 | ACC : 1349/1350 (99.926%)
[2025-02-25 03:07:22;INFO]      | Loss didn't drop!

[2025-02-25 03:07:22;INFO]best epoch: 49, best loss: 0.104096
[2025-02-25 03:07:22;INFO]----------------------------------------------------------------------------------------------------

[2025-02-25 03:07:22;INFO]Current Epoch: 51 / 500 | Learning Rate : 0.0005000000000000591
[2025-02-25 03:07:23;INFO]Train | Loss : 0.101964 | ACC : 3149/3150 (99.968%)
[2025-02-25 03:07:23;INFO]Valid | Loss : 0.138464 | ACC : 1349/1350 (99.926%)
[2025-02-25 03:07:23;INFO]      | Loss didn't drop!

[2025-02-25 03:07:23;INFO]best epoch: 49, best loss: 0.104096
[2025-02-25 03:07:23;INFO]----------------------------------------------------------------------------------------------------

[2025-02-25 03:07:23;INFO]Current Epoch: 52 / 500 | Learning Rate : 0.0008535533905933027
[2025-02-25 03:07:24;INFO]Train | Loss : 0.102056 | ACC : 3149/3150 (99.968%)
[2025-02-25 03:07:25;INFO]Valid | Loss : 0.107306 | ACC : 1348/1350 (99.852%)
[2025-02-25 03:07:25;INFO]      | Loss didn't drop!

[2025-02-25 03:07:25;INFO]best epoch: 49, best loss: 0.104096
[2025-02-25 03:07:25;INFO]----------------------------------------------------------------------------------------------------

[2025-02-25 03:07:25;INFO]Current Epoch: 53 / 500 | Learning Rate : 0.0
[2025-02-25 03:07:26;INFO]Train | Loss : 0.100746 | ACC : 3150/3150 (100.000%)
[2025-02-25 03:07:26;INFO]Valid | Loss : 0.331747 | ACC : 1244/1350 (92.148%)
[2025-02-25 03:07:26;INFO]      | Loss didn't drop!

[2025-02-25 03:07:26;INFO]best epoch: 49, best loss: 0.104096
[2025-02-25 03:07:26;INFO]----------------------------------------------------------------------------------------------------

[2025-02-25 03:07:26;INFO]Current Epoch: 54 / 500 | Learning Rate : 0.0008535533905932371
[2025-02-25 03:07:27;INFO]Train | Loss : 0.098339 | ACC : 3150/3150 (100.000%)
[2025-02-25 03:07:27;INFO]Valid | Loss : 0.092551 | ACC : 1349/1350 (99.926%)
[2025-02-25 03:07:27;INFO]      | Loss dropped from 0.104096 to 0.092551, model has been saved!

[2025-02-25 03:07:27;INFO]best epoch: 54, best loss: 0.092551
[2025-02-25 03:07:27;INFO]----------------------------------------------------------------------------------------------------

[2025-02-25 03:07:27;INFO]Current Epoch: 55 / 500 | Learning Rate : 0.0004999999999999381
[2025-02-25 03:07:29;INFO]Train | Loss : 0.096720 | ACC : 3150/3150 (100.000%)
[2025-02-25 03:07:29;INFO]Valid | Loss : 0.082156 | ACC : 1349/1350 (99.926%)
[2025-02-25 03:07:29;INFO]      | Loss dropped from 0.092551 to 0.082156, model has been saved!

[2025-02-25 03:07:29;INFO]best epoch: 55, best loss: 0.082156
[2025-02-25 03:07:29;INFO]----------------------------------------------------------------------------------------------------

[2025-02-25 03:07:29;INFO]Current Epoch: 56 / 500 | Learning Rate : 0.00014644660940671717
[2025-02-25 03:07:30;INFO]Train | Loss : 0.092559 | ACC : 3150/3150 (100.000%)
[2025-02-25 03:07:30;INFO]Valid | Loss : 0.110908 | ACC : 1349/1350 (99.926%)
[2025-02-25 03:07:30;INFO]      | Loss didn't drop!

[2025-02-25 03:07:30;INFO]best epoch: 55, best loss: 0.082156
[2025-02-25 03:07:30;INFO]----------------------------------------------------------------------------------------------------

[2025-02-25 03:07:30;INFO]Current Epoch: 57 / 500 | Learning Rate : 0.0010000000000001355
[2025-02-25 03:07:31;INFO]Train | Loss : 0.091181 | ACC : 3150/3150 (100.000%)
[2025-02-25 03:07:32;INFO]Valid | Loss : 0.084175 | ACC : 1349/1350 (99.926%)
[2025-02-25 03:07:32;INFO]      | Loss didn't drop!

[2025-02-25 03:07:32;INFO]best epoch: 55, best loss: 0.082156
[2025-02-25 03:07:32;INFO]----------------------------------------------------------------------------------------------------

[2025-02-25 03:07:32;INFO]Current Epoch: 58 / 500 | Learning Rate : 0.00014644660940672387
[2025-02-25 03:07:33;INFO]Train | Loss : 0.089968 | ACC : 3150/3150 (100.000%)
[2025-02-25 03:07:33;INFO]Valid | Loss : 0.089900 | ACC : 1349/1350 (99.926%)
[2025-02-25 03:07:33;INFO]      | Loss didn't drop!

[2025-02-25 03:07:33;INFO]best epoch: 55, best loss: 0.082156
[2025-02-25 03:07:33;INFO]----------------------------------------------------------------------------------------------------

[2025-02-25 03:07:33;INFO]Current Epoch: 59 / 500 | Learning Rate : 0.0005000000000000343
[2025-02-25 03:07:34;INFO]Train | Loss : 0.086388 | ACC : 3150/3150 (100.000%)
[2025-02-25 03:07:34;INFO]Valid | Loss : 0.078763 | ACC : 1349/1350 (99.926%)
[2025-02-25 03:07:34;INFO]      | Loss dropped from 0.082156 to 0.078763, model has been saved!

[2025-02-25 03:07:34;INFO]best epoch: 59, best loss: 0.078763
[2025-02-25 03:07:34;INFO]----------------------------------------------------------------------------------------------------

[2025-02-25 03:07:34;INFO]Current Epoch: 60 / 500 | Learning Rate : 0.0008535533905935409
[2025-02-25 03:07:35;INFO]Train | Loss : 0.086484 | ACC : 3150/3150 (100.000%)
[2025-02-25 03:07:36;INFO]Valid | Loss : 0.081259 | ACC : 1349/1350 (99.926%)
[2025-02-25 03:07:36;INFO]      | Loss didn't drop!

[2025-02-25 03:07:36;INFO]best epoch: 59, best loss: 0.078763
[2025-02-25 03:07:36;INFO]----------------------------------------------------------------------------------------------------

[2025-02-25 03:07:36;INFO]Current Epoch: 61 / 500 | Learning Rate : 0.0
[2025-02-25 03:07:37;INFO]Train | Loss : 0.085627 | ACC : 3150/3150 (100.000%)
[2025-02-25 03:07:37;INFO]Valid | Loss : 0.099284 | ACC : 1349/1350 (99.926%)
[2025-02-25 03:07:37;INFO]      | Loss didn't drop!

[2025-02-25 03:07:37;INFO]best epoch: 59, best loss: 0.078763
[2025-02-25 03:07:37;INFO]----------------------------------------------------------------------------------------------------

[2025-02-25 03:07:37;INFO]Current Epoch: 62 / 500 | Learning Rate : 0.000853553390593165
[2025-02-25 03:07:38;INFO]Train | Loss : 0.083152 | ACC : 3150/3150 (100.000%)
[2025-02-25 03:07:38;INFO]Valid | Loss : 0.085613 | ACC : 1349/1350 (99.926%)
[2025-02-25 03:07:38;INFO]      | Loss didn't drop!

[2025-02-25 03:07:38;INFO]best epoch: 59, best loss: 0.078763
[2025-02-25 03:07:38;INFO]----------------------------------------------------------------------------------------------------

[2025-02-25 03:07:38;INFO]Current Epoch: 63 / 500 | Learning Rate : 0.000500000000000071
[2025-02-25 03:07:40;INFO]Train | Loss : 0.081145 | ACC : 3150/3150 (100.000%)
[2025-02-25 03:07:40;INFO]Valid | Loss : 0.081488 | ACC : 1349/1350 (99.926%)
[2025-02-25 03:07:40;INFO]      | Loss didn't drop!

[2025-02-25 03:07:40;INFO]best epoch: 59, best loss: 0.078763
[2025-02-25 03:07:40;INFO]----------------------------------------------------------------------------------------------------

[2025-02-25 03:07:40;INFO]Current Epoch: 64 / 500 | Learning Rate : 0.00014644660940674731
[2025-02-25 03:07:41;INFO]Train | Loss : 0.080232 | ACC : 3150/3150 (100.000%)
[2025-02-25 03:07:41;INFO]Valid | Loss : 0.085895 | ACC : 1349/1350 (99.926%)
[2025-02-25 03:07:41;INFO]      | Loss didn't drop!

[2025-02-25 03:07:41;INFO]best epoch: 59, best loss: 0.078763
[2025-02-25 03:07:41;INFO]----------------------------------------------------------------------------------------------------

[2025-02-25 03:07:41;INFO]Current Epoch: 65 / 500 | Learning Rate : 0.0010000000000000636
[2025-02-25 03:07:42;INFO]Train | Loss : 0.078850 | ACC : 3150/3150 (100.000%)
[2025-02-25 03:07:42;INFO]Valid | Loss : 0.072867 | ACC : 1349/1350 (99.926%)
[2025-02-25 03:07:42;INFO]      | Loss dropped from 0.078763 to 0.072867, model has been saved!

[2025-02-25 03:07:42;INFO]best epoch: 65, best loss: 0.072867
[2025-02-25 03:07:42;INFO]----------------------------------------------------------------------------------------------------

[2025-02-25 03:07:42;INFO]Current Epoch: 66 / 500 | Learning Rate : 0.0001464466094067769
[2025-02-25 03:07:44;INFO]Train | Loss : 0.078652 | ACC : 3150/3150 (100.000%)
[2025-02-25 03:07:44;INFO]Valid | Loss : 0.070340 | ACC : 1349/1350 (99.926%)
[2025-02-25 03:07:44;INFO]      | Loss dropped from 0.072867 to 0.070340, model has been saved!

[2025-02-25 03:07:44;INFO]best epoch: 66, best loss: 0.070340
[2025-02-25 03:07:44;INFO]----------------------------------------------------------------------------------------------------

[2025-02-25 03:07:44;INFO]Current Epoch: 67 / 500 | Learning Rate : 0.0005000000000001566
[2025-02-25 03:07:45;INFO]Train | Loss : 0.077395 | ACC : 3150/3150 (100.000%)
[2025-02-25 03:07:45;INFO]Valid | Loss : 0.173481 | ACC : 1342/1350 (99.407%)
[2025-02-25 03:07:45;INFO]      | Loss didn't drop!

[2025-02-25 03:07:45;INFO]best epoch: 66, best loss: 0.070340
[2025-02-25 03:07:45;INFO]----------------------------------------------------------------------------------------------------

[2025-02-25 03:07:45;INFO]Current Epoch: 68 / 500 | Learning Rate : 0.000853553390593194
[2025-02-25 03:07:46;INFO]Train | Loss : 0.075663 | ACC : 3150/3150 (100.000%)
[2025-02-25 03:07:47;INFO]Valid | Loss : 0.070058 | ACC : 1349/1350 (99.926%)
[2025-02-25 03:07:47;INFO]      | Loss dropped from 0.070340 to 0.070058, model has been saved!

[2025-02-25 03:07:47;INFO]best epoch: 68, best loss: 0.070058
[2025-02-25 03:07:47;INFO]----------------------------------------------------------------------------------------------------

[2025-02-25 03:07:47;INFO]Current Epoch: 69 / 500 | Learning Rate : 0.0
[2025-02-25 03:07:48;INFO]Train | Loss : 0.073701 | ACC : 3150/3150 (100.000%)
[2025-02-25 03:07:48;INFO]Valid | Loss : 0.065184 | ACC : 1349/1350 (99.926%)
[2025-02-25 03:07:48;INFO]      | Loss dropped from 0.070058 to 0.065184, model has been saved!

[2025-02-25 03:07:48;INFO]best epoch: 69, best loss: 0.065184
[2025-02-25 03:07:48;INFO]----------------------------------------------------------------------------------------------------

[2025-02-25 03:07:48;INFO]Current Epoch: 70 / 500 | Learning Rate : 0.0008535533905934297
[2025-02-25 03:07:49;INFO]Train | Loss : 0.073109 | ACC : 3150/3150 (100.000%)
[2025-02-25 03:07:49;INFO]Valid | Loss : 0.082571 | ACC : 1349/1350 (99.926%)
[2025-02-25 03:07:49;INFO]      | Loss didn't drop!

[2025-02-25 03:07:49;INFO]best epoch: 69, best loss: 0.065184
[2025-02-25 03:07:49;INFO]----------------------------------------------------------------------------------------------------

[2025-02-25 03:07:49;INFO]Current Epoch: 71 / 500 | Learning Rate : 0.0004999999999998388
[2025-02-25 03:07:50;INFO]Train | Loss : 0.072986 | ACC : 3150/3150 (100.000%)
[2025-02-25 03:07:51;INFO]Valid | Loss : 0.076850 | ACC : 1349/1350 (99.926%)
[2025-02-25 03:07:51;INFO]      | Loss didn't drop!

[2025-02-25 03:07:51;INFO]best epoch: 69, best loss: 0.065184
[2025-02-25 03:07:51;INFO]----------------------------------------------------------------------------------------------------

[2025-02-25 03:07:51;INFO]Current Epoch: 72 / 500 | Learning Rate : 0.00014644660940669072
[2025-02-25 03:07:52;INFO]Train | Loss : 0.070501 | ACC : 3150/3150 (100.000%)
[2025-02-25 03:07:52;INFO]Valid | Loss : 0.062285 | ACC : 1349/1350 (99.926%)
[2025-02-25 03:07:52;INFO]      | Loss dropped from 0.065184 to 0.062285, model has been saved!

[2025-02-25 03:07:52;INFO]best epoch: 72, best loss: 0.062285
[2025-02-25 03:07:52;INFO]----------------------------------------------------------------------------------------------------

[2025-02-25 03:07:52;INFO]Current Epoch: 73 / 500 | Learning Rate : 0.0009999999999999907
[2025-02-25 03:07:53;INFO]Train | Loss : 0.067709 | ACC : 3150/3150 (100.000%)
[2025-02-25 03:07:53;INFO]Valid | Loss : 0.066125 | ACC : 1349/1350 (99.926%)
[2025-02-25 03:07:53;INFO]      | Loss didn't drop!

[2025-02-25 03:07:53;INFO]best epoch: 72, best loss: 0.062285
[2025-02-25 03:07:53;INFO]----------------------------------------------------------------------------------------------------

[2025-02-25 03:07:53;INFO]Current Epoch: 74 / 500 | Learning Rate : 0.00014644660940676846
[2025-02-25 03:07:55;INFO]Train | Loss : 0.067783 | ACC : 3150/3150 (100.000%)
[2025-02-25 03:07:55;INFO]Valid | Loss : 0.068905 | ACC : 1349/1350 (99.926%)
[2025-02-25 03:07:55;INFO]      | Loss didn't drop!

[2025-02-25 03:07:55;INFO]best epoch: 72, best loss: 0.062285
[2025-02-25 03:07:55;INFO]----------------------------------------------------------------------------------------------------

[2025-02-25 03:07:55;INFO]Current Epoch: 75 / 500 | Learning Rate : 0.000500000000000146
[2025-02-25 03:07:56;INFO]Train | Loss : 0.067724 | ACC : 3150/3150 (100.000%)
[2025-02-25 03:07:56;INFO]Valid | Loss : 0.086748 | ACC : 1349/1350 (99.926%)
[2025-02-25 03:07:56;INFO]      | Loss didn't drop!

[2025-02-25 03:07:56;INFO]best epoch: 72, best loss: 0.062285
[2025-02-25 03:07:56;INFO]----------------------------------------------------------------------------------------------------

[2025-02-25 03:07:56;INFO]Current Epoch: 76 / 500 | Learning Rate : 0.0008535533905931065
[2025-02-25 03:07:57;INFO]Train | Loss : 0.066385 | ACC : 3150/3150 (100.000%)
[2025-02-25 03:07:58;INFO]Valid | Loss : 0.060922 | ACC : 1349/1350 (99.926%)
[2025-02-25 03:07:58;INFO]      | Loss dropped from 0.062285 to 0.060922, model has been saved!

[2025-02-25 03:07:58;INFO]best epoch: 76, best loss: 0.060922
[2025-02-25 03:07:58;INFO]----------------------------------------------------------------------------------------------------

[2025-02-25 03:07:58;INFO]Current Epoch: 77 / 500 | Learning Rate : 0.0
[2025-02-25 03:07:59;INFO]Train | Loss : 0.063734 | ACC : 3150/3150 (100.000%)
[2025-02-25 03:07:59;INFO]Valid | Loss : 0.064855 | ACC : 1349/1350 (99.926%)
[2025-02-25 03:07:59;INFO]      | Loss didn't drop!

[2025-02-25 03:07:59;INFO]best epoch: 76, best loss: 0.060922
[2025-02-25 03:07:59;INFO]----------------------------------------------------------------------------------------------------

[2025-02-25 03:07:59;INFO]Current Epoch: 78 / 500 | Learning Rate : 0.0008535533905933459
[2025-02-25 03:08:00;INFO]Train | Loss : 0.061763 | ACC : 3150/3150 (100.000%)
[2025-02-25 03:08:00;INFO]Valid | Loss : 0.064452 | ACC : 1349/1350 (99.926%)
[2025-02-25 03:08:00;INFO]      | Loss didn't drop!

[2025-02-25 03:08:00;INFO]best epoch: 76, best loss: 0.060922
[2025-02-25 03:08:00;INFO]----------------------------------------------------------------------------------------------------

[2025-02-25 03:08:00;INFO]Current Epoch: 79 / 500 | Learning Rate : 0.0005000000000001948
[2025-02-25 03:08:01;INFO]Train | Loss : 0.062211 | ACC : 3150/3150 (100.000%)
[2025-02-25 03:08:02;INFO]Valid | Loss : 0.060847 | ACC : 1349/1350 (99.926%)
[2025-02-25 03:08:02;INFO]      | Loss dropped from 0.060922 to 0.060847, model has been saved!

[2025-02-25 03:08:02;INFO]best epoch: 79, best loss: 0.060847
[2025-02-25 03:08:02;INFO]----------------------------------------------------------------------------------------------------

[2025-02-25 03:08:02;INFO]Current Epoch: 80 / 500 | Learning Rate : 0.00014644660940678372
[2025-02-25 03:08:03;INFO]Train | Loss : 0.062091 | ACC : 3150/3150 (100.000%)
[2025-02-25 03:08:03;INFO]Valid | Loss : 0.069712 | ACC : 1349/1350 (99.926%)
[2025-02-25 03:08:03;INFO]      | Loss didn't drop!

[2025-02-25 03:08:03;INFO]best epoch: 79, best loss: 0.060847
[2025-02-25 03:08:03;INFO]----------------------------------------------------------------------------------------------------

[2025-02-25 03:08:03;INFO]Current Epoch: 81 / 500 | Learning Rate : 0.0010000000000006406
[2025-02-25 03:08:04;INFO]Train | Loss : 0.061087 | ACC : 3150/3150 (100.000%)
[2025-02-25 03:08:04;INFO]Valid | Loss : 0.055160 | ACC : 1349/1350 (99.926%)
[2025-02-25 03:08:04;INFO]      | Loss dropped from 0.060847 to 0.055160, model has been saved!

[2025-02-25 03:08:04;INFO]best epoch: 81, best loss: 0.055160
[2025-02-25 03:08:04;INFO]----------------------------------------------------------------------------------------------------

[2025-02-25 03:08:04;INFO]Current Epoch: 82 / 500 | Learning Rate : 0.00014644660940673983
[2025-02-25 03:08:06;INFO]Train | Loss : 0.060535 | ACC : 3150/3150 (100.000%)
[2025-02-25 03:08:06;INFO]Valid | Loss : 0.063995 | ACC : 1349/1350 (99.926%)
[2025-02-25 03:08:06;INFO]      | Loss didn't drop!

[2025-02-25 03:08:06;INFO]best epoch: 81, best loss: 0.055160
[2025-02-25 03:08:06;INFO]----------------------------------------------------------------------------------------------------

[2025-02-25 03:08:06;INFO]Current Epoch: 83 / 500 | Learning Rate : 0.0005000000000001073
[2025-02-25 03:08:07;INFO]Train | Loss : 0.057043 | ACC : 3150/3150 (100.000%)
[2025-02-25 03:08:07;INFO]Valid | Loss : 0.058607 | ACC : 1349/1350 (99.926%)
[2025-02-25 03:08:07;INFO]      | Loss didn't drop!

[2025-02-25 03:08:07;INFO]best epoch: 81, best loss: 0.055160
[2025-02-25 03:08:07;INFO]----------------------------------------------------------------------------------------------------

[2025-02-25 03:08:07;INFO]Current Epoch: 84 / 500 | Learning Rate : 0.0008535533905936628
[2025-02-25 03:08:08;INFO]Train | Loss : 0.057711 | ACC : 3150/3150 (100.000%)
[2025-02-25 03:08:08;INFO]Valid | Loss : 0.056655 | ACC : 1349/1350 (99.926%)
[2025-02-25 03:08:08;INFO]      | Loss didn't drop!

[2025-02-25 03:08:08;INFO]best epoch: 81, best loss: 0.055160
[2025-02-25 03:08:08;INFO]----------------------------------------------------------------------------------------------------

[2025-02-25 03:08:08;INFO]Current Epoch: 85 / 500 | Learning Rate : 0.0
[2025-02-25 03:08:09;INFO]Train | Loss : 0.056920 | ACC : 3150/3150 (100.000%)
[2025-02-25 03:08:10;INFO]Valid | Loss : 0.069065 | ACC : 1349/1350 (99.926%)
[2025-02-25 03:08:10;INFO]      | Loss didn't drop!

[2025-02-25 03:08:10;INFO]best epoch: 81, best loss: 0.055160
[2025-02-25 03:08:10;INFO]----------------------------------------------------------------------------------------------------

[2025-02-25 03:08:10;INFO]Current Epoch: 86 / 500 | Learning Rate : 0.0008535533905932943
[2025-02-25 03:08:11;INFO]Train | Loss : 0.056150 | ACC : 3150/3150 (100.000%)
[2025-02-25 03:08:11;INFO]Valid | Loss : 0.055693 | ACC : 1349/1350 (99.926%)
[2025-02-25 03:08:11;INFO]      | Loss didn't drop!

[2025-02-25 03:08:11;INFO]best epoch: 81, best loss: 0.055160
[2025-02-25 03:08:11;INFO]----------------------------------------------------------------------------------------------------

[2025-02-25 03:08:11;INFO]Current Epoch: 87 / 500 | Learning Rate : 0.0005000000000001333
[2025-02-25 03:08:12;INFO]Train | Loss : 0.055889 | ACC : 3150/3150 (100.000%)
[2025-02-25 03:08:12;INFO]Valid | Loss : 0.054746 | ACC : 1349/1350 (99.926%)
[2025-02-25 03:08:12;INFO]      | Loss dropped from 0.055160 to 0.054746, model has been saved!

[2025-02-25 03:08:12;INFO]best epoch: 87, best loss: 0.054746
[2025-02-25 03:08:12;INFO]----------------------------------------------------------------------------------------------------

[2025-02-25 03:08:12;INFO]Current Epoch: 88 / 500 | Learning Rate : 0.00014644660940677106
[2025-02-25 03:08:13;INFO]Train | Loss : 0.054751 | ACC : 3150/3150 (100.000%)
[2025-02-25 03:08:13;INFO]Valid | Loss : 0.068019 | ACC : 1349/1350 (99.926%)
[2025-02-25 03:08:13;INFO]      | Loss didn't drop!

[2025-02-25 03:08:13;INFO]best epoch: 87, best loss: 0.054746
[2025-02-25 03:08:13;INFO]----------------------------------------------------------------------------------------------------

[2025-02-25 03:08:13;INFO]Current Epoch: 89 / 500 | Learning Rate : 0.000999999999999838
[2025-02-25 03:08:14;INFO]Train | Loss : 0.052085 | ACC : 3150/3150 (100.000%)
[2025-02-25 03:08:14;INFO]Valid | Loss : 0.050095 | ACC : 1349/1350 (99.926%)
[2025-02-25 03:08:14;INFO]      | Loss dropped from 0.054746 to 0.050095, model has been saved!

[2025-02-25 03:08:14;INFO]best epoch: 89, best loss: 0.050095
[2025-02-25 03:08:14;INFO]----------------------------------------------------------------------------------------------------

[2025-02-25 03:08:14;INFO]Current Epoch: 90 / 500 | Learning Rate : 0.0001464466094067515
[2025-02-25 03:08:15;INFO]Train | Loss : 0.052206 | ACC : 3150/3150 (100.000%)
[2025-02-25 03:08:15;INFO]Valid | Loss : 0.050226 | ACC : 1349/1350 (99.926%)
[2025-02-25 03:08:15;INFO]      | Loss didn't drop!

[2025-02-25 03:08:15;INFO]best epoch: 89, best loss: 0.050095
[2025-02-25 03:08:15;INFO]----------------------------------------------------------------------------------------------------

[2025-02-25 03:08:15;INFO]Current Epoch: 91 / 500 | Learning Rate : 0.0005000000000000683
[2025-02-25 03:08:16;INFO]Train | Loss : 0.051096 | ACC : 3150/3150 (100.000%)
[2025-02-25 03:08:17;INFO]Valid | Loss : 0.067879 | ACC : 1349/1350 (99.926%)
[2025-02-25 03:08:17;INFO]      | Loss didn't drop!

[2025-02-25 03:08:17;INFO]best epoch: 89, best loss: 0.050095
[2025-02-25 03:08:17;INFO]----------------------------------------------------------------------------------------------------

[2025-02-25 03:08:17;INFO]Current Epoch: 92 / 500 | Learning Rate : 0.0008535533905929878
[2025-02-25 03:08:17;INFO]Train | Loss : 0.052223 | ACC : 3150/3150 (100.000%)
[2025-02-25 03:08:18;INFO]Valid | Loss : 0.050716 | ACC : 1349/1350 (99.926%)
[2025-02-25 03:08:18;INFO]      | Loss didn't drop!

[2025-02-25 03:08:18;INFO]best epoch: 89, best loss: 0.050095
[2025-02-25 03:08:18;INFO]----------------------------------------------------------------------------------------------------

[2025-02-25 03:08:18;INFO]Current Epoch: 93 / 500 | Learning Rate : 0.0
[2025-02-25 03:08:19;INFO]Train | Loss : 0.048811 | ACC : 3150/3150 (100.000%)
[2025-02-25 03:08:19;INFO]Valid | Loss : 0.049191 | ACC : 1349/1350 (99.926%)
[2025-02-25 03:08:19;INFO]      | Loss dropped from 0.050095 to 0.049191, model has been saved!

[2025-02-25 03:08:19;INFO]best epoch: 93, best loss: 0.049191
[2025-02-25 03:08:19;INFO]----------------------------------------------------------------------------------------------------

[2025-02-25 03:08:19;INFO]Current Epoch: 94 / 500 | Learning Rate : 0.0008535533905932314
[2025-02-25 03:08:20;INFO]Train | Loss : 0.050614 | ACC : 3150/3150 (100.000%)
[2025-02-25 03:08:20;INFO]Valid | Loss : 0.050014 | ACC : 1349/1350 (99.926%)
[2025-02-25 03:08:20;INFO]      | Loss didn't drop!

[2025-02-25 03:08:20;INFO]best epoch: 93, best loss: 0.049191
[2025-02-25 03:08:20;INFO]----------------------------------------------------------------------------------------------------

[2025-02-25 03:08:20;INFO]Current Epoch: 95 / 500 | Learning Rate : 0.0005000000000001003
[2025-02-25 03:08:21;INFO]Train | Loss : 0.049433 | ACC : 3150/3150 (100.000%)
[2025-02-25 03:08:21;INFO]Valid | Loss : 0.043530 | ACC : 1349/1350 (99.926%)
[2025-02-25 03:08:21;INFO]      | Loss dropped from 0.049191 to 0.043530, model has been saved!

[2025-02-25 03:08:21;INFO]best epoch: 95, best loss: 0.043530
[2025-02-25 03:08:21;INFO]----------------------------------------------------------------------------------------------------

[2025-02-25 03:08:21;INFO]Current Epoch: 96 / 500 | Learning Rate : 0.00014644660940675837
[2025-02-25 03:08:22;INFO]Train | Loss : 0.047498 | ACC : 3150/3150 (100.000%)
[2025-02-25 03:08:22;INFO]Valid | Loss : 0.060427 | ACC : 1349/1350 (99.926%)
[2025-02-25 03:08:22;INFO]      | Loss didn't drop!

[2025-02-25 03:08:22;INFO]best epoch: 95, best loss: 0.043530
[2025-02-25 03:08:22;INFO]----------------------------------------------------------------------------------------------------

[2025-02-25 03:08:22;INFO]Current Epoch: 97 / 500 | Learning Rate : 0.0010000000000004873
[2025-02-25 03:08:23;INFO]Train | Loss : 0.046347 | ACC : 3150/3150 (100.000%)
[2025-02-25 03:08:23;INFO]Valid | Loss : 0.045102 | ACC : 1349/1350 (99.926%)
[2025-02-25 03:08:23;INFO]      | Loss didn't drop!

[2025-02-25 03:08:23;INFO]best epoch: 95, best loss: 0.043530
[2025-02-25 03:08:23;INFO]----------------------------------------------------------------------------------------------------

[2025-02-25 03:08:23;INFO]Current Epoch: 98 / 500 | Learning Rate : 0.00014644660940682722
[2025-02-25 03:08:24;INFO]Train | Loss : 0.046503 | ACC : 3150/3150 (100.000%)
[2025-02-25 03:08:25;INFO]Valid | Loss : 0.042004 | ACC : 1349/1350 (99.926%)
[2025-02-25 03:08:25;INFO]      | Loss dropped from 0.043530 to 0.042004, model has been saved!

[2025-02-25 03:08:25;INFO]best epoch: 98, best loss: 0.042004
[2025-02-25 03:08:25;INFO]----------------------------------------------------------------------------------------------------

[2025-02-25 03:08:25;INFO]Current Epoch: 99 / 500 | Learning Rate : 0.0005000000000003854
[2025-02-25 03:08:26;INFO]Train | Loss : 0.045115 | ACC : 3150/3150 (100.000%)
[2025-02-25 03:08:26;INFO]Valid | Loss : 0.050665 | ACC : 1349/1350 (99.926%)
[2025-02-25 03:08:26;INFO]      | Loss didn't drop!

[2025-02-25 03:08:26;INFO]best epoch: 98, best loss: 0.042004
[2025-02-25 03:08:26;INFO]----------------------------------------------------------------------------------------------------

[2025-02-25 03:08:26;INFO]Current Epoch: 100 / 500 | Learning Rate : 0.000853553390593544
[2025-02-25 03:08:27;INFO]Train | Loss : 0.045037 | ACC : 3150/3150 (100.000%)
[2025-02-25 03:08:27;INFO]Valid | Loss : 0.043115 | ACC : 1349/1350 (99.926%)
[2025-02-25 03:08:27;INFO]      | Loss didn't drop!

[2025-02-25 03:08:27;INFO]best epoch: 98, best loss: 0.042004
[2025-02-25 03:08:27;INFO]----------------------------------------------------------------------------------------------------

[2025-02-25 03:08:27;INFO]Current Epoch: 101 / 500 | Learning Rate : 0.0
[2025-02-25 03:08:28;INFO]Train | Loss : 0.045644 | ACC : 3150/3150 (100.000%)
[2025-02-25 03:08:28;INFO]Valid | Loss : 0.043386 | ACC : 1349/1350 (99.926%)
[2025-02-25 03:08:28;INFO]      | Loss didn't drop!

[2025-02-25 03:08:28;INFO]best epoch: 98, best loss: 0.042004
[2025-02-25 03:08:28;INFO]----------------------------------------------------------------------------------------------------

[2025-02-25 03:08:28;INFO]Current Epoch: 102 / 500 | Learning Rate : 0.000853553390593783
[2025-02-25 03:08:29;INFO]Train | Loss : 0.043796 | ACC : 3150/3150 (100.000%)
[2025-02-25 03:08:29;INFO]Valid | Loss : 0.045096 | ACC : 1349/1350 (99.926%)
[2025-02-25 03:08:29;INFO]      | Loss didn't drop!

[2025-02-25 03:08:29;INFO]best epoch: 98, best loss: 0.042004
[2025-02-25 03:08:29;INFO]----------------------------------------------------------------------------------------------------

[2025-02-25 03:08:29;INFO]Current Epoch: 103 / 500 | Learning Rate : 0.0005000000000000626
[2025-02-25 03:08:30;INFO]Train | Loss : 0.042010 | ACC : 3150/3150 (100.000%)
[2025-02-25 03:08:30;INFO]Valid | Loss : 0.041158 | ACC : 1349/1350 (99.926%)
[2025-02-25 03:08:30;INFO]      | Loss dropped from 0.042004 to 0.041158, model has been saved!

[2025-02-25 03:08:30;INFO]best epoch: 103, best loss: 0.041158
[2025-02-25 03:08:30;INFO]----------------------------------------------------------------------------------------------------

[2025-02-25 03:08:30;INFO]Current Epoch: 104 / 500 | Learning Rate : 0.00014644660940674444
[2025-02-25 03:08:31;INFO]Train | Loss : 0.042497 | ACC : 3150/3150 (100.000%)
[2025-02-25 03:08:32;INFO]Valid | Loss : 0.056167 | ACC : 1349/1350 (99.926%)
[2025-02-25 03:08:32;INFO]      | Loss didn't drop!

[2025-02-25 03:08:32;INFO]best epoch: 103, best loss: 0.041158
[2025-02-25 03:08:32;INFO]----------------------------------------------------------------------------------------------------

[2025-02-25 03:08:32;INFO]Current Epoch: 105 / 500 | Learning Rate : 0.001000000000000415
[2025-02-25 03:08:33;INFO]Train | Loss : 0.041136 | ACC : 3150/3150 (100.000%)
[2025-02-25 03:08:33;INFO]Valid | Loss : 0.039477 | ACC : 1349/1350 (99.926%)
[2025-02-25 03:08:33;INFO]      | Loss dropped from 0.041158 to 0.039477, model has been saved!

[2025-02-25 03:08:33;INFO]best epoch: 105, best loss: 0.039477
[2025-02-25 03:08:33;INFO]----------------------------------------------------------------------------------------------------

[2025-02-25 03:08:33;INFO]Current Epoch: 106 / 500 | Learning Rate : 0.00014644660940671305
[2025-02-25 03:08:34;INFO]Train | Loss : 0.041442 | ACC : 3150/3150 (100.000%)
[2025-02-25 03:08:34;INFO]Valid | Loss : 0.039761 | ACC : 1349/1350 (99.926%)
[2025-02-25 03:08:34;INFO]      | Loss didn't drop!

[2025-02-25 03:08:34;INFO]best epoch: 105, best loss: 0.039477
[2025-02-25 03:08:34;INFO]----------------------------------------------------------------------------------------------------

[2025-02-25 03:08:34;INFO]Current Epoch: 107 / 500 | Learning Rate : 0.0004999999999999858
[2025-02-25 03:08:35;INFO]Train | Loss : 0.040471 | ACC : 3150/3150 (100.000%)
[2025-02-25 03:08:35;INFO]Valid | Loss : 0.046888 | ACC : 1349/1350 (99.926%)
[2025-02-25 03:08:35;INFO]      | Loss didn't drop!

[2025-02-25 03:08:35;INFO]best epoch: 105, best loss: 0.039477
[2025-02-25 03:08:35;INFO]----------------------------------------------------------------------------------------------------

[2025-02-25 03:08:35;INFO]Current Epoch: 108 / 500 | Learning Rate : 0.0008535533905928404
[2025-02-25 03:08:36;INFO]Train | Loss : 0.039586 | ACC : 3150/3150 (100.000%)
[2025-02-25 03:08:36;INFO]Valid | Loss : 0.039417 | ACC : 1349/1350 (99.926%)
[2025-02-25 03:08:36;INFO]      | Loss dropped from 0.039477 to 0.039417, model has been saved!

[2025-02-25 03:08:36;INFO]best epoch: 108, best loss: 0.039417
[2025-02-25 03:08:36;INFO]----------------------------------------------------------------------------------------------------

[2025-02-25 03:08:36;INFO]Current Epoch: 109 / 500 | Learning Rate : 0.0
[2025-02-25 03:08:37;INFO]Train | Loss : 0.038891 | ACC : 3150/3150 (100.000%)
[2025-02-25 03:08:37;INFO]Valid | Loss : 0.056083 | ACC : 1349/1350 (99.926%)
[2025-02-25 03:08:37;INFO]      | Loss didn't drop!

[2025-02-25 03:08:37;INFO]best epoch: 108, best loss: 0.039417
[2025-02-25 03:08:37;INFO]----------------------------------------------------------------------------------------------------

[2025-02-25 03:08:37;INFO]Current Epoch: 110 / 500 | Learning Rate : 0.000853553390593719
[2025-02-25 03:08:38;INFO]Train | Loss : 0.038928 | ACC : 3150/3150 (100.000%)
[2025-02-25 03:08:38;INFO]Valid | Loss : 0.038318 | ACC : 1349/1350 (99.926%)
[2025-02-25 03:08:38;INFO]      | Loss dropped from 0.039417 to 0.038318, model has been saved!

[2025-02-25 03:08:38;INFO]best epoch: 110, best loss: 0.038318
[2025-02-25 03:08:38;INFO]----------------------------------------------------------------------------------------------------

[2025-02-25 03:08:38;INFO]Current Epoch: 111 / 500 | Learning Rate : 0.0005000000000000009
[2025-02-25 03:08:39;INFO]Train | Loss : 0.039245 | ACC : 3150/3150 (100.000%)
[2025-02-25 03:08:40;INFO]Valid | Loss : 0.038191 | ACC : 1349/1350 (99.926%)
[2025-02-25 03:08:40;INFO]      | Loss dropped from 0.038318 to 0.038191, model has been saved!

[2025-02-25 03:08:40;INFO]best epoch: 111, best loss: 0.038191
[2025-02-25 03:08:40;INFO]----------------------------------------------------------------------------------------------------

[2025-02-25 03:08:40;INFO]Current Epoch: 112 / 500 | Learning Rate : 0.0001464466094067317
[2025-02-25 03:08:41;INFO]Train | Loss : 0.037279 | ACC : 3150/3150 (100.000%)
[2025-02-25 03:08:41;INFO]Valid | Loss : 0.042403 | ACC : 1349/1350 (99.926%)
[2025-02-25 03:08:41;INFO]      | Loss didn't drop!

[2025-02-25 03:08:41;INFO]best epoch: 111, best loss: 0.038191
[2025-02-25 03:08:41;INFO]----------------------------------------------------------------------------------------------------

[2025-02-25 03:08:41;INFO]Current Epoch: 113 / 500 | Learning Rate : 0.0010000000000003333
[2025-02-25 03:08:42;INFO]Train | Loss : 0.037584 | ACC : 3150/3150 (100.000%)
[2025-02-25 03:08:42;INFO]Valid | Loss : 0.035830 | ACC : 1349/1350 (99.926%)
[2025-02-25 03:08:42;INFO]      | Loss dropped from 0.038191 to 0.035830, model has been saved!

[2025-02-25 03:08:42;INFO]best epoch: 113, best loss: 0.035830
[2025-02-25 03:08:42;INFO]----------------------------------------------------------------------------------------------------

[2025-02-25 03:08:42;INFO]Current Epoch: 114 / 500 | Learning Rate : 0.0001464466094067046
[2025-02-25 03:08:43;INFO]Train | Loss : 0.037851 | ACC : 3150/3150 (100.000%)
[2025-02-25 03:08:43;INFO]Valid | Loss : 0.038260 | ACC : 1349/1350 (99.926%)
[2025-02-25 03:08:43;INFO]      | Loss didn't drop!

[2025-02-25 03:08:43;INFO]best epoch: 113, best loss: 0.035830
[2025-02-25 03:08:43;INFO]----------------------------------------------------------------------------------------------------

[2025-02-25 03:08:43;INFO]Current Epoch: 115 / 500 | Learning Rate : 0.0004999999999999749
[2025-02-25 03:08:44;INFO]Train | Loss : 0.035586 | ACC : 3150/3150 (100.000%)
[2025-02-25 03:08:44;INFO]Valid | Loss : 0.039703 | ACC : 1349/1350 (99.926%)
[2025-02-25 03:08:44;INFO]      | Loss didn't drop!

[2025-02-25 03:08:44;INFO]best epoch: 113, best loss: 0.035830
[2025-02-25 03:08:44;INFO]----------------------------------------------------------------------------------------------------

[2025-02-25 03:08:44;INFO]Current Epoch: 116 / 500 | Learning Rate : 0.0008535533905940328
[2025-02-25 03:08:45;INFO]Train | Loss : 0.035661 | ACC : 3150/3150 (100.000%)
[2025-02-25 03:08:45;INFO]Valid | Loss : 0.036985 | ACC : 1349/1350 (99.926%)
[2025-02-25 03:08:45;INFO]      | Loss didn't drop!

[2025-02-25 03:08:45;INFO]best epoch: 113, best loss: 0.035830
[2025-02-25 03:08:45;INFO]----------------------------------------------------------------------------------------------------

[2025-02-25 03:08:45;INFO]Current Epoch: 117 / 500 | Learning Rate : 0.0
[2025-02-25 03:08:46;INFO]Train | Loss : 0.036334 | ACC : 3150/3150 (100.000%)
[2025-02-25 03:08:47;INFO]Valid | Loss : 0.037703 | ACC : 1349/1350 (99.926%)
[2025-02-25 03:08:47;INFO]      | Loss didn't drop!

[2025-02-25 03:08:47;INFO]best epoch: 113, best loss: 0.035830
[2025-02-25 03:08:47;INFO]----------------------------------------------------------------------------------------------------

[2025-02-25 03:08:47;INFO]Current Epoch: 118 / 500 | Learning Rate : 0.0008535533905936482
[2025-02-25 03:08:48;INFO]Train | Loss : 0.034307 | ACC : 3150/3150 (100.000%)
[2025-02-25 03:08:48;INFO]Valid | Loss : 0.037649 | ACC : 1349/1350 (99.926%)
[2025-02-25 03:08:48;INFO]      | Loss didn't drop!

[2025-02-25 03:08:48;INFO]best epoch: 113, best loss: 0.035830
[2025-02-25 03:08:48;INFO]----------------------------------------------------------------------------------------------------

[2025-02-25 03:08:48;INFO]Current Epoch: 119 / 500 | Learning Rate : 0.0004999999999999676
[2025-02-25 03:08:49;INFO]Train | Loss : 0.035305 | ACC : 3150/3150 (100.000%)
[2025-02-25 03:08:49;INFO]Valid | Loss : 0.035182 | ACC : 1349/1350 (99.926%)
[2025-02-25 03:08:49;INFO]      | Loss dropped from 0.035830 to 0.035182, model has been saved!

[2025-02-25 03:08:49;INFO]best epoch: 119, best loss: 0.035182
[2025-02-25 03:08:49;INFO]----------------------------------------------------------------------------------------------------

[2025-02-25 03:08:49;INFO]Current Epoch: 120 / 500 | Learning Rate : 0.00014644660940671913
[2025-02-25 03:08:50;INFO]Train | Loss : 0.033475 | ACC : 3150/3150 (100.000%)
[2025-02-25 03:08:50;INFO]Valid | Loss : 0.049552 | ACC : 1349/1350 (99.926%)
[2025-02-25 03:08:50;INFO]      | Loss didn't drop!

[2025-02-25 03:08:50;INFO]best epoch: 119, best loss: 0.035182
[2025-02-25 03:08:50;INFO]----------------------------------------------------------------------------------------------------

[2025-02-25 03:08:50;INFO]Current Epoch: 121 / 500 | Learning Rate : 0.00099999999999954
[2025-02-25 03:08:51;INFO]Train | Loss : 0.033586 | ACC : 3150/3150 (100.000%)
[2025-02-25 03:08:51;INFO]Valid | Loss : 0.031558 | ACC : 1349/1350 (99.926%)
[2025-02-25 03:08:51;INFO]      | Loss dropped from 0.035182 to 0.031558, model has been saved!

[2025-02-25 03:08:51;INFO]best epoch: 121, best loss: 0.031558
[2025-02-25 03:08:51;INFO]----------------------------------------------------------------------------------------------------

[2025-02-25 03:08:51;INFO]Current Epoch: 122 / 500 | Learning Rate : 0.0001464466094068205
[2025-02-25 03:08:52;INFO]Train | Loss : 0.043944 | ACC : 3141/3150 (99.714%)
[2025-02-25 03:08:52;INFO]Valid | Loss : 14.806225 | ACC : 216/1350 (16.000%)
[2025-02-25 03:08:52;INFO]      | Loss didn't drop!

[2025-02-25 03:08:52;INFO]best epoch: 121, best loss: 0.031558
[2025-02-25 03:08:52;INFO]----------------------------------------------------------------------------------------------------

[2025-02-25 03:08:52;INFO]Current Epoch: 123 / 500 | Learning Rate : 0.0005000000000002637
[2025-02-25 03:08:53;INFO]Train | Loss : 0.088333 | ACC : 3128/3150 (99.302%)
[2025-02-25 03:08:54;INFO]Valid | Loss : 13.845042 | ACC : 234/1350 (17.333%)
[2025-02-25 03:08:54;INFO]      | Loss didn't drop!

[2025-02-25 03:08:54;INFO]best epoch: 121, best loss: 0.031558
[2025-02-25 03:08:54;INFO]----------------------------------------------------------------------------------------------------

[2025-02-25 03:08:54;INFO]Current Epoch: 124 / 500 | Learning Rate : 0.0008535533905933374
[2025-02-25 03:08:55;INFO]Train | Loss : 0.058124 | ACC : 3142/3150 (99.746%)
[2025-02-25 03:08:55;INFO]Valid | Loss : 0.243437 | ACC : 1221/1350 (90.444%)
[2025-02-25 03:08:55;INFO]      | Loss didn't drop!

[2025-02-25 03:08:55;INFO]best epoch: 121, best loss: 0.031558
[2025-02-25 03:08:55;INFO]----------------------------------------------------------------------------------------------------

[2025-02-25 03:08:55;INFO]Current Epoch: 125 / 500 | Learning Rate : 0.0
[2025-02-25 03:08:56;INFO]Train | Loss : 0.050789 | ACC : 3147/3150 (99.905%)
[2025-02-25 03:08:56;INFO]Valid | Loss : 0.756671 | ACC : 901/1350 (66.741%)
[2025-02-25 03:08:56;INFO]      | Loss didn't drop!

[2025-02-25 03:08:56;INFO]best epoch: 121, best loss: 0.031558
[2025-02-25 03:08:56;INFO]----------------------------------------------------------------------------------------------------

[2025-02-25 03:08:56;INFO]Current Epoch: 126 / 500 | Learning Rate : 0.0008535533905929886
[2025-02-25 03:08:57;INFO]Train | Loss : 0.047747 | ACC : 3145/3150 (99.841%)
[2025-02-25 03:08:57;INFO]Valid | Loss : 0.056379 | ACC : 1348/1350 (99.852%)
[2025-02-25 03:08:57;INFO]      | Loss didn't drop!

[2025-02-25 03:08:57;INFO]best epoch: 121, best loss: 0.031558
[2025-02-25 03:08:57;INFO]----------------------------------------------------------------------------------------------------

[2025-02-25 03:08:57;INFO]Current Epoch: 127 / 500 | Learning Rate : 0.000500000000000324
[2025-02-25 03:08:58;INFO]Train | Loss : 0.042111 | ACC : 3148/3150 (99.937%)
[2025-02-25 03:08:58;INFO]Valid | Loss : 0.071041 | ACC : 1349/1350 (99.926%)
[2025-02-25 03:08:58;INFO]      | Loss didn't drop!

[2025-02-25 03:08:58;INFO]best epoch: 121, best loss: 0.031558
[2025-02-25 03:08:58;INFO]----------------------------------------------------------------------------------------------------

[2025-02-25 03:08:58;INFO]Current Epoch: 128 / 500 | Learning Rate : 0.0001464466094068323
[2025-02-25 03:08:59;INFO]Train | Loss : 0.036678 | ACC : 3150/3150 (100.000%)
[2025-02-25 03:08:59;INFO]Valid | Loss : 0.072544 | ACC : 1349/1350 (99.926%)
[2025-02-25 03:08:59;INFO]      | Loss didn't drop!

[2025-02-25 03:08:59;INFO]best epoch: 121, best loss: 0.031558
[2025-02-25 03:08:59;INFO]----------------------------------------------------------------------------------------------------

[2025-02-25 03:08:59;INFO]Current Epoch: 129 / 500 | Learning Rate : 0.0010000000000001893
[2025-02-25 03:09:00;INFO]Train | Loss : 0.034302 | ACC : 3150/3150 (100.000%)
[2025-02-25 03:09:00;INFO]Valid | Loss : 0.034716 | ACC : 1349/1350 (99.926%)
[2025-02-25 03:09:00;INFO]      | Loss didn't drop!

[2025-02-25 03:09:00;INFO]best epoch: 121, best loss: 0.031558
[2025-02-25 03:09:00;INFO]----------------------------------------------------------------------------------------------------

[2025-02-25 03:09:00;INFO]Current Epoch: 130 / 500 | Learning Rate : 0.00014644660940677187
[2025-02-25 03:09:01;INFO]Train | Loss : 0.031249 | ACC : 3150/3150 (100.000%)
[2025-02-25 03:09:02;INFO]Valid | Loss : 0.052201 | ACC : 1349/1350 (99.926%)
[2025-02-25 03:09:02;INFO]      | Loss didn't drop!

[2025-02-25 03:09:02;INFO]best epoch: 121, best loss: 0.031558
[2025-02-25 03:09:02;INFO]----------------------------------------------------------------------------------------------------

[2025-02-25 03:09:02;INFO]Current Epoch: 131 / 500 | Learning Rate : 0.0005000000000002247
[2025-02-25 03:09:03;INFO]Train | Loss : 0.034205 | ACC : 3150/3150 (100.000%)
[2025-02-25 03:09:03;INFO]Valid | Loss : 0.054562 | ACC : 1349/1350 (99.926%)
[2025-02-25 03:09:03;INFO]      | Loss didn't drop!

[2025-02-25 03:09:03;INFO]best epoch: 121, best loss: 0.031558
[2025-02-25 03:09:03;INFO]----------------------------------------------------------------------------------------------------

[2025-02-25 03:09:03;INFO]Current Epoch: 132 / 500 | Learning Rate : 0.0008535533905926543
[2025-02-25 03:09:04;INFO]Train | Loss : 0.032681 | ACC : 3150/3150 (100.000%)
[2025-02-25 03:09:04;INFO]Valid | Loss : 0.043212 | ACC : 1349/1350 (99.926%)
[2025-02-25 03:09:04;INFO]      | Loss didn't drop!

[2025-02-25 03:09:04;INFO]best epoch: 121, best loss: 0.031558
[2025-02-25 03:09:04;INFO]----------------------------------------------------------------------------------------------------

[2025-02-25 03:09:04;INFO]Current Epoch: 133 / 500 | Learning Rate : 0.0
[2025-02-25 03:09:05;INFO]Train | Loss : 0.031147 | ACC : 3150/3150 (100.000%)
[2025-02-25 03:09:05;INFO]Valid | Loss : 0.037070 | ACC : 1349/1350 (99.926%)
[2025-02-25 03:09:05;INFO]      | Loss didn't drop!

[2025-02-25 03:09:05;INFO]best epoch: 121, best loss: 0.031558
[2025-02-25 03:09:05;INFO]----------------------------------------------------------------------------------------------------

[2025-02-25 03:09:05;INFO]Current Epoch: 134 / 500 | Learning Rate : 0.0008535533905941366
[2025-02-25 03:09:06;INFO]Train | Loss : 0.030614 | ACC : 3150/3150 (100.000%)
[2025-02-25 03:09:06;INFO]Valid | Loss : 0.032947 | ACC : 1349/1350 (99.926%)
[2025-02-25 03:09:06;INFO]      | Loss didn't drop!

[2025-02-25 03:09:06;INFO]best epoch: 121, best loss: 0.031558
[2025-02-25 03:09:06;INFO]----------------------------------------------------------------------------------------------------

[2025-02-25 03:09:06;INFO]Current Epoch: 135 / 500 | Learning Rate : 0.000499999999999954
[2025-02-25 03:09:07;INFO]Train | Loss : 0.028761 | ACC : 3150/3150 (100.000%)
[2025-02-25 03:09:07;INFO]Valid | Loss : 0.034060 | ACC : 1349/1350 (99.926%)
[2025-02-25 03:09:07;INFO]      | Loss didn't drop!

[2025-02-25 03:09:07;INFO]best epoch: 121, best loss: 0.031558
[2025-02-25 03:09:07;INFO]----------------------------------------------------------------------------------------------------

[2025-02-25 03:09:07;INFO]Current Epoch: 136 / 500 | Learning Rate : 0.00014644660940669254
[2025-02-25 03:09:08;INFO]Train | Loss : 0.028761 | ACC : 3150/3150 (100.000%)
[2025-02-25 03:09:08;INFO]Valid | Loss : 0.045828 | ACC : 1349/1350 (99.926%)
[2025-02-25 03:09:08;INFO]      | Loss didn't drop!

[2025-02-25 03:09:08;INFO]best epoch: 121, best loss: 0.031558
[2025-02-25 03:09:08;INFO]----------------------------------------------------------------------------------------------------

[2025-02-25 03:09:08;INFO]Current Epoch: 137 / 500 | Learning Rate : 0.0010000000000001171
[2025-02-25 03:09:09;INFO]Train | Loss : 0.027851 | ACC : 3150/3150 (100.000%)
[2025-02-25 03:09:10;INFO]Valid | Loss : 0.027516 | ACC : 1349/1350 (99.926%)
[2025-02-25 03:09:10;INFO]      | Loss dropped from 0.031558 to 0.027516, model has been saved!

[2025-02-25 03:09:10;INFO]best epoch: 137, best loss: 0.027516
[2025-02-25 03:09:10;INFO]----------------------------------------------------------------------------------------------------

[2025-02-25 03:09:10;INFO]Current Epoch: 138 / 500 | Learning Rate : 0.00014644660940676333
[2025-02-25 03:09:11;INFO]Train | Loss : 0.027015 | ACC : 3150/3150 (100.000%)
[2025-02-25 03:09:11;INFO]Valid | Loss : 0.045994 | ACC : 1349/1350 (99.926%)
[2025-02-25 03:09:11;INFO]      | Loss didn't drop!

[2025-02-25 03:09:11;INFO]best epoch: 137, best loss: 0.027516
[2025-02-25 03:09:11;INFO]----------------------------------------------------------------------------------------------------

[2025-02-25 03:09:11;INFO]Current Epoch: 139 / 500 | Learning Rate : 0.0005000000000002425
[2025-02-25 03:09:12;INFO]Train | Loss : 0.027609 | ACC : 3150/3150 (100.000%)
[2025-02-25 03:09:12;INFO]Valid | Loss : 0.033652 | ACC : 1349/1350 (99.926%)
[2025-02-25 03:09:12;INFO]      | Loss didn't drop!

[2025-02-25 03:09:12;INFO]best epoch: 137, best loss: 0.027516
[2025-02-25 03:09:12;INFO]----------------------------------------------------------------------------------------------------

[2025-02-25 03:09:12;INFO]Current Epoch: 140 / 500 | Learning Rate : 0.0008535533905938267
[2025-02-25 03:09:13;INFO]Train | Loss : 0.026543 | ACC : 3150/3150 (100.000%)
[2025-02-25 03:09:13;INFO]Valid | Loss : 0.027672 | ACC : 1349/1350 (99.926%)
[2025-02-25 03:09:13;INFO]      | Loss didn't drop!

[2025-02-25 03:09:13;INFO]best epoch: 137, best loss: 0.027516
[2025-02-25 03:09:13;INFO]----------------------------------------------------------------------------------------------------

[2025-02-25 03:09:13;INFO]Current Epoch: 141 / 500 | Learning Rate : 0.0
[2025-02-25 03:09:14;INFO]Train | Loss : 0.025672 | ACC : 3150/3150 (100.000%)
[2025-02-25 03:09:14;INFO]Valid | Loss : 0.028724 | ACC : 1349/1350 (99.926%)
[2025-02-25 03:09:14;INFO]      | Loss didn't drop!

[2025-02-25 03:09:14;INFO]best epoch: 137, best loss: 0.027516
[2025-02-25 03:09:14;INFO]----------------------------------------------------------------------------------------------------

[2025-02-25 03:09:14;INFO]Current Epoch: 142 / 500 | Learning Rate : 0.0008535533905940727
[2025-02-25 03:09:15;INFO]Train | Loss : 0.025692 | ACC : 3150/3150 (100.000%)
[2025-02-25 03:09:15;INFO]Valid | Loss : 0.027928 | ACC : 1349/1350 (99.926%)
[2025-02-25 03:09:15;INFO]      | Loss didn't drop!

[2025-02-25 03:09:15;INFO]best epoch: 137, best loss: 0.027516
[2025-02-25 03:09:15;INFO]----------------------------------------------------------------------------------------------------

[2025-02-25 03:09:15;INFO]Current Epoch: 143 / 500 | Learning Rate : 0.000499999999999864
[2025-02-25 03:09:16;INFO]Train | Loss : 0.025476 | ACC : 3150/3150 (100.000%)
[2025-02-25 03:09:17;INFO]Valid | Loss : 0.025503 | ACC : 1349/1350 (99.926%)
[2025-02-25 03:09:17;INFO]      | Loss dropped from 0.027516 to 0.025503, model has been saved!

[2025-02-25 03:09:17;INFO]best epoch: 143, best loss: 0.025503
[2025-02-25 03:09:17;INFO]----------------------------------------------------------------------------------------------------

[2025-02-25 03:09:17;INFO]Current Epoch: 144 / 500 | Learning Rate : 0.00014644660940667988
[2025-02-25 03:09:18;INFO]Train | Loss : 0.025129 | ACC : 3150/3150 (100.000%)
[2025-02-25 03:09:18;INFO]Valid | Loss : 0.042325 | ACC : 1349/1350 (99.926%)
[2025-02-25 03:09:18;INFO]      | Loss didn't drop!

[2025-02-25 03:09:18;INFO]best epoch: 143, best loss: 0.025503
[2025-02-25 03:09:18;INFO]----------------------------------------------------------------------------------------------------

[2025-02-25 03:09:18;INFO]Current Epoch: 145 / 500 | Learning Rate : 0.0010000000000000362
[2025-02-25 03:09:19;INFO]Train | Loss : 0.024482 | ACC : 3150/3150 (100.000%)
[2025-02-25 03:09:19;INFO]Valid | Loss : 0.028285 | ACC : 1349/1350 (99.926%)
[2025-02-25 03:09:19;INFO]      | Loss didn't drop!

[2025-02-25 03:09:19;INFO]best epoch: 143, best loss: 0.025503
[2025-02-25 03:09:19;INFO]----------------------------------------------------------------------------------------------------

[2025-02-25 03:09:19;INFO]Current Epoch: 146 / 500 | Learning Rate : 0.0001464466094067951
[2025-02-25 03:09:20;INFO]Train | Loss : 0.024423 | ACC : 3150/3150 (100.000%)
[2025-02-25 03:09:20;INFO]Valid | Loss : 0.026457 | ACC : 1349/1350 (99.926%)
[2025-02-25 03:09:20;INFO]      | Loss didn't drop!

[2025-02-25 03:09:20;INFO]best epoch: 143, best loss: 0.025503
[2025-02-25 03:09:20;INFO]----------------------------------------------------------------------------------------------------

[2025-02-25 03:09:20;INFO]Current Epoch: 147 / 500 | Learning Rate : 0.0005000000000001469
[2025-02-25 03:09:21;INFO]Train | Loss : 0.023935 | ACC : 3150/3150 (100.000%)
[2025-02-25 03:09:21;INFO]Valid | Loss : 0.032267 | ACC : 1349/1350 (99.926%)
[2025-02-25 03:09:21;INFO]      | Loss didn't drop!

[2025-02-25 03:09:21;INFO]best epoch: 143, best loss: 0.025503
[2025-02-25 03:09:21;INFO]----------------------------------------------------------------------------------------------------

[2025-02-25 03:09:21;INFO]Current Epoch: 148 / 500 | Learning Rate : 0.0008535533905937675
[2025-02-25 03:09:22;INFO]Train | Loss : 0.024137 | ACC : 3150/3150 (100.000%)
[2025-02-25 03:09:22;INFO]Valid | Loss : 0.023569 | ACC : 1349/1350 (99.926%)
[2025-02-25 03:09:22;INFO]      | Loss dropped from 0.025503 to 0.023569, model has been saved!

[2025-02-25 03:09:22;INFO]best epoch: 148, best loss: 0.023569
[2025-02-25 03:09:22;INFO]----------------------------------------------------------------------------------------------------

[2025-02-25 03:09:22;INFO]Current Epoch: 149 / 500 | Learning Rate : 0.0
[2025-02-25 03:09:23;INFO]Train | Loss : 0.022639 | ACC : 3150/3150 (100.000%)
[2025-02-25 03:09:24;INFO]Valid | Loss : 0.026746 | ACC : 1349/1350 (99.926%)
[2025-02-25 03:09:24;INFO]      | Loss didn't drop!

[2025-02-25 03:09:24;INFO]best epoch: 148, best loss: 0.023569
[2025-02-25 03:09:24;INFO]----------------------------------------------------------------------------------------------------

[2025-02-25 03:09:24;INFO]Current Epoch: 150 / 500 | Learning Rate : 0.0008535533905928101
[2025-02-25 03:09:25;INFO]Train | Loss : 0.022592 | ACC : 3150/3150 (100.000%)
[2025-02-25 03:09:25;INFO]Valid | Loss : 0.023388 | ACC : 1349/1350 (99.926%)
[2025-02-25 03:09:25;INFO]      | Loss dropped from 0.023569 to 0.023388, model has been saved!

[2025-02-25 03:09:25;INFO]best epoch: 150, best loss: 0.023388
[2025-02-25 03:09:25;INFO]----------------------------------------------------------------------------------------------------

[2025-02-25 03:09:25;INFO]Current Epoch: 151 / 500 | Learning Rate : 0.0005000000000005524
[2025-02-25 03:09:26;INFO]Train | Loss : 0.022830 | ACC : 3150/3150 (100.000%)
[2025-02-25 03:09:26;INFO]Valid | Loss : 0.024090 | ACC : 1349/1350 (99.926%)
[2025-02-25 03:09:26;INFO]      | Loss didn't drop!

[2025-02-25 03:09:26;INFO]best epoch: 150, best loss: 0.023388
[2025-02-25 03:09:26;INFO]----------------------------------------------------------------------------------------------------

[2025-02-25 03:09:26;INFO]Current Epoch: 152 / 500 | Learning Rate : 0.00014644660940691886
[2025-02-25 03:09:27;INFO]Train | Loss : 0.021864 | ACC : 3150/3150 (100.000%)
[2025-02-25 03:09:27;INFO]Valid | Loss : 0.026223 | ACC : 1349/1350 (99.926%)
[2025-02-25 03:09:27;INFO]      | Loss didn't drop!

[2025-02-25 03:09:27;INFO]best epoch: 150, best loss: 0.023388
[2025-02-25 03:09:27;INFO]----------------------------------------------------------------------------------------------------

[2025-02-25 03:09:27;INFO]Current Epoch: 153 / 500 | Learning Rate : 0.000999999999999964
[2025-02-25 03:09:28;INFO]Train | Loss : 0.022274 | ACC : 3150/3150 (100.000%)
[2025-02-25 03:09:28;INFO]Valid | Loss : 0.022782 | ACC : 1349/1350 (99.926%)
[2025-02-25 03:09:28;INFO]      | Loss dropped from 0.023388 to 0.022782, model has been saved!

[2025-02-25 03:09:28;INFO]best epoch: 153, best loss: 0.022782
[2025-02-25 03:09:28;INFO]----------------------------------------------------------------------------------------------------

[2025-02-25 03:09:28;INFO]Current Epoch: 154 / 500 | Learning Rate : 0.00014644660940674504
[2025-02-25 03:09:29;INFO]Train | Loss : 0.021873 | ACC : 3150/3150 (100.000%)
[2025-02-25 03:09:29;INFO]Valid | Loss : 0.025748 | ACC : 1349/1350 (99.926%)
[2025-02-25 03:09:29;INFO]      | Loss didn't drop!

[2025-02-25 03:09:29;INFO]best epoch: 153, best loss: 0.022782
[2025-02-25 03:09:29;INFO]----------------------------------------------------------------------------------------------------

[2025-02-25 03:09:29;INFO]Current Epoch: 155 / 500 | Learning Rate : 0.0005000000000001031
[2025-02-25 03:09:30;INFO]Train | Loss : 0.021014 | ACC : 3150/3150 (100.000%)
[2025-02-25 03:09:30;INFO]Valid | Loss : 0.027804 | ACC : 1349/1350 (99.926%)
[2025-02-25 03:09:30;INFO]      | Loss didn't drop!

[2025-02-25 03:09:30;INFO]best epoch: 153, best loss: 0.022782
[2025-02-25 03:09:30;INFO]----------------------------------------------------------------------------------------------------

[2025-02-25 03:09:30;INFO]Current Epoch: 156 / 500 | Learning Rate : 0.0008535533905937077
[2025-02-25 03:09:31;INFO]Train | Loss : 0.021323 | ACC : 3150/3150 (100.000%)
[2025-02-25 03:09:32;INFO]Valid | Loss : 0.022841 | ACC : 1349/1350 (99.926%)
[2025-02-25 03:09:32;INFO]      | Loss didn't drop!

[2025-02-25 03:09:32;INFO]best epoch: 153, best loss: 0.022782
[2025-02-25 03:09:32;INFO]----------------------------------------------------------------------------------------------------

[2025-02-25 03:09:32;INFO]Current Epoch: 157 / 500 | Learning Rate : 0.0
[2025-02-25 03:09:33;INFO]Train | Loss : 0.020706 | ACC : 3150/3150 (100.000%)
[2025-02-25 03:09:33;INFO]Valid | Loss : 0.022362 | ACC : 1349/1350 (99.926%)
[2025-02-25 03:09:33;INFO]      | Loss dropped from 0.022782 to 0.022362, model has been saved!

[2025-02-25 03:09:33;INFO]best epoch: 157, best loss: 0.022362
[2025-02-25 03:09:33;INFO]----------------------------------------------------------------------------------------------------

[2025-02-25 03:09:33;INFO]Current Epoch: 158 / 500 | Learning Rate : 0.0008535533905939376
[2025-02-25 03:09:34;INFO]Train | Loss : 0.021095 | ACC : 3150/3150 (100.000%)
[2025-02-25 03:09:34;INFO]Valid | Loss : 0.024608 | ACC : 1349/1350 (99.926%)
[2025-02-25 03:09:34;INFO]      | Loss didn't drop!

[2025-02-25 03:09:34;INFO]best epoch: 157, best loss: 0.022362
[2025-02-25 03:09:34;INFO]----------------------------------------------------------------------------------------------------

[2025-02-25 03:09:34;INFO]Current Epoch: 159 / 500 | Learning Rate : 0.0005000000000005147
[2025-02-25 03:09:35;INFO]Train | Loss : 0.021113 | ACC : 3150/3150 (100.000%)
[2025-02-25 03:09:35;INFO]Valid | Loss : 0.021519 | ACC : 1349/1350 (99.926%)
[2025-02-25 03:09:35;INFO]      | Loss dropped from 0.022362 to 0.021519, model has been saved!

[2025-02-25 03:09:35;INFO]best epoch: 159, best loss: 0.021519
[2025-02-25 03:09:35;INFO]----------------------------------------------------------------------------------------------------

[2025-02-25 03:09:35;INFO]Current Epoch: 160 / 500 | Learning Rate : 0.0001464466094069048
[2025-02-25 03:09:36;INFO]Train | Loss : 0.020253 | ACC : 3150/3150 (100.000%)
[2025-02-25 03:09:36;INFO]Valid | Loss : 0.023333 | ACC : 1349/1350 (99.926%)
[2025-02-25 03:09:36;INFO]      | Loss didn't drop!

[2025-02-25 03:09:36;INFO]best epoch: 159, best loss: 0.021519
[2025-02-25 03:09:36;INFO]----------------------------------------------------------------------------------------------------

[2025-02-25 03:09:36;INFO]Current Epoch: 161 / 500 | Learning Rate : 0.0009999999999998918
[2025-02-25 03:09:37;INFO]Train | Loss : 0.019643 | ACC : 3150/3150 (100.000%)
[2025-02-25 03:09:37;INFO]Valid | Loss : 0.020507 | ACC : 1349/1350 (99.926%)
[2025-02-25 03:09:37;INFO]      | Loss dropped from 0.021519 to 0.020507, model has been saved!

[2025-02-25 03:09:37;INFO]best epoch: 161, best loss: 0.020507
[2025-02-25 03:09:37;INFO]----------------------------------------------------------------------------------------------------

[2025-02-25 03:09:37;INFO]Current Epoch: 162 / 500 | Learning Rate : 0.00014644660940673664
[2025-02-25 03:09:38;INFO]Train | Loss : 0.019651 | ACC : 3150/3150 (100.000%)
[2025-02-25 03:09:39;INFO]Valid | Loss : 0.024333 | ACC : 1349/1350 (99.926%)
[2025-02-25 03:09:39;INFO]      | Loss didn't drop!

[2025-02-25 03:09:39;INFO]best epoch: 161, best loss: 0.020507
[2025-02-25 03:09:39;INFO]----------------------------------------------------------------------------------------------------

[2025-02-25 03:09:39;INFO]Current Epoch: 163 / 500 | Learning Rate : 0.0005000000000001212
[2025-02-25 03:09:39;INFO]Train | Loss : 0.019315 | ACC : 3150/3150 (100.000%)
[2025-02-25 03:09:40;INFO]Valid | Loss : 0.024555 | ACC : 1349/1350 (99.926%)
[2025-02-25 03:09:40;INFO]      | Loss didn't drop!

[2025-02-25 03:09:40;INFO]best epoch: 161, best loss: 0.020507
[2025-02-25 03:09:40;INFO]----------------------------------------------------------------------------------------------------

[2025-02-25 03:09:40;INFO]Current Epoch: 164 / 500 | Learning Rate : 0.0008535533905936401
[2025-02-25 03:09:41;INFO]Train | Loss : 0.019550 | ACC : 3150/3150 (100.000%)
[2025-02-25 03:09:41;INFO]Valid | Loss : 0.020340 | ACC : 1349/1350 (99.926%)
[2025-02-25 03:09:41;INFO]      | Loss dropped from 0.020507 to 0.020340, model has been saved!

[2025-02-25 03:09:41;INFO]best epoch: 164, best loss: 0.020340
[2025-02-25 03:09:41;INFO]----------------------------------------------------------------------------------------------------

[2025-02-25 03:09:41;INFO]Current Epoch: 165 / 500 | Learning Rate : 0.0
[2025-02-25 03:09:42;INFO]Train | Loss : 0.019089 | ACC : 3150/3150 (100.000%)
[2025-02-25 03:09:42;INFO]Valid | Loss : 0.021026 | ACC : 1349/1350 (99.926%)
[2025-02-25 03:09:42;INFO]      | Loss didn't drop!

[2025-02-25 03:09:42;INFO]best epoch: 164, best loss: 0.020340
[2025-02-25 03:09:42;INFO]----------------------------------------------------------------------------------------------------

[2025-02-25 03:09:42;INFO]Current Epoch: 166 / 500 | Learning Rate : 0.0008535533905938744
[2025-02-25 03:09:43;INFO]Train | Loss : 0.018503 | ACC : 3150/3150 (100.000%)
[2025-02-25 03:09:43;INFO]Valid | Loss : 0.020623 | ACC : 1349/1350 (99.926%)
[2025-02-25 03:09:43;INFO]      | Loss didn't drop!

[2025-02-25 03:09:43;INFO]best epoch: 164, best loss: 0.020340
[2025-02-25 03:09:43;INFO]----------------------------------------------------------------------------------------------------

[2025-02-25 03:09:43;INFO]Current Epoch: 167 / 500 | Learning Rate : 0.0004999999999997599
[2025-02-25 03:09:44;INFO]Train | Loss : 0.018255 | ACC : 3150/3150 (100.000%)
[2025-02-25 03:09:44;INFO]Valid | Loss : 0.019067 | ACC : 1349/1350 (99.926%)
[2025-02-25 03:09:44;INFO]      | Loss dropped from 0.020340 to 0.019067, model has been saved!

[2025-02-25 03:09:44;INFO]best epoch: 167, best loss: 0.019067
[2025-02-25 03:09:44;INFO]----------------------------------------------------------------------------------------------------

[2025-02-25 03:09:44;INFO]Current Epoch: 168 / 500 | Learning Rate : 0.0001464466094066406
[2025-02-25 03:09:45;INFO]Train | Loss : 0.017959 | ACC : 3150/3150 (100.000%)
[2025-02-25 03:09:45;INFO]Valid | Loss : 0.019673 | ACC : 1349/1350 (99.926%)
[2025-02-25 03:09:45;INFO]      | Loss didn't drop!

[2025-02-25 03:09:45;INFO]best epoch: 167, best loss: 0.019067
[2025-02-25 03:09:45;INFO]----------------------------------------------------------------------------------------------------

[2025-02-25 03:09:45;INFO]Current Epoch: 169 / 500 | Learning Rate : 0.0009999999999998107
[2025-02-25 03:09:46;INFO]Train | Loss : 0.018476 | ACC : 3150/3150 (100.000%)
[2025-02-25 03:09:47;INFO]Valid | Loss : 0.019339 | ACC : 1349/1350 (99.926%)
[2025-02-25 03:09:47;INFO]      | Loss didn't drop!

[2025-02-25 03:09:47;INFO]best epoch: 167, best loss: 0.019067
[2025-02-25 03:09:47;INFO]----------------------------------------------------------------------------------------------------

[2025-02-25 03:09:47;INFO]Current Epoch: 170 / 500 | Learning Rate : 0.0001464466094067281
[2025-02-25 03:09:48;INFO]Train | Loss : 0.017734 | ACC : 3150/3150 (100.000%)
[2025-02-25 03:09:48;INFO]Valid | Loss : 0.017833 | ACC : 1349/1350 (99.926%)
[2025-02-25 03:09:48;INFO]      | Loss dropped from 0.019067 to 0.017833, model has been saved!

[2025-02-25 03:09:48;INFO]best epoch: 170, best loss: 0.017833
[2025-02-25 03:09:48;INFO]----------------------------------------------------------------------------------------------------

[2025-02-25 03:09:48;INFO]Current Epoch: 171 / 500 | Learning Rate : 0.0005000000000000823
[2025-02-25 03:09:49;INFO]Train | Loss : 0.017550 | ACC : 3150/3150 (100.000%)
[2025-02-25 03:09:49;INFO]Valid | Loss : 0.021758 | ACC : 1349/1350 (99.926%)
[2025-02-25 03:09:49;INFO]      | Loss didn't drop!

[2025-02-25 03:09:49;INFO]best epoch: 170, best loss: 0.017833
[2025-02-25 03:09:49;INFO]----------------------------------------------------------------------------------------------------

[2025-02-25 03:09:49;INFO]Current Epoch: 172 / 500 | Learning Rate : 0.0008535533905935405
[2025-02-25 03:09:50;INFO]Train | Loss : 0.017053 | ACC : 3150/3150 (100.000%)
[2025-02-25 03:09:50;INFO]Valid | Loss : 0.019134 | ACC : 1349/1350 (99.926%)
[2025-02-25 03:09:50;INFO]      | Loss didn't drop!

[2025-02-25 03:09:50;INFO]best epoch: 170, best loss: 0.017833
[2025-02-25 03:09:50;INFO]----------------------------------------------------------------------------------------------------

[2025-02-25 03:09:50;INFO]Current Epoch: 173 / 500 | Learning Rate : 0.0
[2025-02-25 03:09:51;INFO]Train | Loss : 0.016982 | ACC : 3150/3150 (100.000%)
[2025-02-25 03:09:51;INFO]Valid | Loss : 0.020597 | ACC : 1349/1350 (99.926%)
[2025-02-25 03:09:51;INFO]      | Loss didn't drop!

[2025-02-25 03:09:51;INFO]best epoch: 170, best loss: 0.017833
[2025-02-25 03:09:51;INFO]----------------------------------------------------------------------------------------------------

[2025-02-25 03:09:51;INFO]Current Epoch: 174 / 500 | Learning Rate : 0.0008535533905938505
[2025-02-25 03:09:52;INFO]Train | Loss : 0.016578 | ACC : 3150/3150 (100.000%)
[2025-02-25 03:09:52;INFO]Valid | Loss : 0.017944 | ACC : 1349/1350 (99.926%)
[2025-02-25 03:09:52;INFO]      | Loss didn't drop!

[2025-02-25 03:09:52;INFO]best epoch: 170, best loss: 0.017833
[2025-02-25 03:09:52;INFO]----------------------------------------------------------------------------------------------------

[2025-02-25 03:09:52;INFO]Current Epoch: 175 / 500 | Learning Rate : 0.0005000000000004482
[2025-02-25 03:09:53;INFO]Train | Loss : 0.016878 | ACC : 3150/3150 (100.000%)
[2025-02-25 03:09:54;INFO]Valid | Loss : 0.018888 | ACC : 1349/1350 (99.926%)
[2025-02-25 03:09:54;INFO]      | Loss didn't drop!

[2025-02-25 03:09:54;INFO]best epoch: 170, best loss: 0.017833
[2025-02-25 03:09:54;INFO]----------------------------------------------------------------------------------------------------

[2025-02-25 03:09:54;INFO]Current Epoch: 176 / 500 | Learning Rate : 0.00014644660940687945
[2025-02-25 03:09:54;INFO]Train | Loss : 0.016753 | ACC : 3150/3150 (100.000%)
[2025-02-25 03:09:55;INFO]Valid | Loss : 0.019102 | ACC : 1349/1350 (99.926%)
[2025-02-25 03:09:55;INFO]      | Loss didn't drop!

[2025-02-25 03:09:55;INFO]best epoch: 170, best loss: 0.017833
[2025-02-25 03:09:55;INFO]----------------------------------------------------------------------------------------------------

[2025-02-25 03:09:55;INFO]Current Epoch: 177 / 500 | Learning Rate : 0.001000000000001181
[2025-02-25 03:09:56;INFO]Train | Loss : 0.015556 | ACC : 3150/3150 (100.000%)
[2025-02-25 03:09:56;INFO]Valid | Loss : 0.017564 | ACC : 1349/1350 (99.926%)
[2025-02-25 03:09:56;INFO]      | Loss dropped from 0.017833 to 0.017564, model has been saved!

[2025-02-25 03:09:56;INFO]best epoch: 177, best loss: 0.017564
[2025-02-25 03:09:56;INFO]----------------------------------------------------------------------------------------------------

[2025-02-25 03:09:56;INFO]Current Epoch: 178 / 500 | Learning Rate : 0.00014644660940671834
[2025-02-25 03:09:57;INFO]Train | Loss : 0.015845 | ACC : 3150/3150 (100.000%)
[2025-02-25 03:09:57;INFO]Valid | Loss : 0.017918 | ACC : 1349/1350 (99.926%)
[2025-02-25 03:09:57;INFO]      | Loss didn't drop!

[2025-02-25 03:09:57;INFO]best epoch: 177, best loss: 0.017564
[2025-02-25 03:09:57;INFO]----------------------------------------------------------------------------------------------------

[2025-02-25 03:09:57;INFO]Current Epoch: 179 / 500 | Learning Rate : 0.0004999999999999818
[2025-02-25 03:09:58;INFO]Train | Loss : 0.015593 | ACC : 3150/3150 (100.000%)
[2025-02-25 03:09:58;INFO]Valid | Loss : 0.017358 | ACC : 1349/1350 (99.926%)
[2025-02-25 03:09:58;INFO]      | Loss dropped from 0.017564 to 0.017358, model has been saved!

[2025-02-25 03:09:58;INFO]best epoch: 179, best loss: 0.017358
[2025-02-25 03:09:58;INFO]----------------------------------------------------------------------------------------------------

[2025-02-25 03:09:58;INFO]Current Epoch: 180 / 500 | Learning Rate : 0.0008535533905935213
[2025-02-25 03:09:59;INFO]Train | Loss : 0.015180 | ACC : 3150/3150 (100.000%)
[2025-02-25 03:09:59;INFO]Valid | Loss : 0.017069 | ACC : 1349/1350 (99.926%)
[2025-02-25 03:09:59;INFO]      | Loss dropped from 0.017358 to 0.017069, model has been saved!

[2025-02-25 03:09:59;INFO]best epoch: 180, best loss: 0.017069
[2025-02-25 03:09:59;INFO]----------------------------------------------------------------------------------------------------

[2025-02-25 03:09:59;INFO]Current Epoch: 181 / 500 | Learning Rate : 0.0
[2025-02-25 03:10:00;INFO]Train | Loss : 0.015657 | ACC : 3150/3150 (100.000%)
[2025-02-25 03:10:00;INFO]Valid | Loss : 0.017783 | ACC : 1349/1350 (99.926%)
[2025-02-25 03:10:00;INFO]      | Loss didn't drop!

[2025-02-25 03:10:00;INFO]best epoch: 180, best loss: 0.017069
[2025-02-25 03:10:00;INFO]----------------------------------------------------------------------------------------------------

[2025-02-25 03:10:00;INFO]Current Epoch: 182 / 500 | Learning Rate : 0.0008535533905937797
[2025-02-25 03:10:01;INFO]Train | Loss : 0.015568 | ACC : 3150/3150 (100.000%)
[2025-02-25 03:10:02;INFO]Valid | Loss : 0.017551 | ACC : 1349/1350 (99.926%)
[2025-02-25 03:10:02;INFO]      | Loss didn't drop!

[2025-02-25 03:10:02;INFO]best epoch: 180, best loss: 0.017069
[2025-02-25 03:10:02;INFO]----------------------------------------------------------------------------------------------------

[2025-02-25 03:10:02;INFO]Current Epoch: 183 / 500 | Learning Rate : 0.000500000000000415
[2025-02-25 03:10:03;INFO]Train | Loss : 0.015148 | ACC : 3150/3150 (100.000%)
[2025-02-25 03:10:03;INFO]Valid | Loss : 0.016899 | ACC : 1349/1350 (99.926%)
[2025-02-25 03:10:03;INFO]      | Loss dropped from 0.017069 to 0.016899, model has been saved!

[2025-02-25 03:10:03;INFO]best epoch: 183, best loss: 0.016899
[2025-02-25 03:10:03;INFO]----------------------------------------------------------------------------------------------------

[2025-02-25 03:10:03;INFO]Current Epoch: 184 / 500 | Learning Rate : 0.00014644660940686682
[2025-02-25 03:10:04;INFO]Train | Loss : 0.014411 | ACC : 3150/3150 (100.000%)
[2025-02-25 03:10:04;INFO]Valid | Loss : 0.017085 | ACC : 1349/1350 (99.926%)
[2025-02-25 03:10:04;INFO]      | Loss didn't drop!

[2025-02-25 03:10:04;INFO]best epoch: 183, best loss: 0.016899
[2025-02-25 03:10:04;INFO]----------------------------------------------------------------------------------------------------

[2025-02-25 03:10:04;INFO]Current Epoch: 185 / 500 | Learning Rate : 0.0009999999999996665
[2025-02-25 03:10:05;INFO]Train | Loss : 0.014817 | ACC : 3150/3150 (100.000%)
[2025-02-25 03:10:05;INFO]Valid | Loss : 0.016794 | ACC : 1349/1350 (99.926%)
[2025-02-25 03:10:05;INFO]      | Loss dropped from 0.016899 to 0.016794, model has been saved!

[2025-02-25 03:10:05;INFO]best epoch: 185, best loss: 0.016794
[2025-02-25 03:10:05;INFO]----------------------------------------------------------------------------------------------------

[2025-02-25 03:10:05;INFO]Current Epoch: 186 / 500 | Learning Rate : 0.0001464466094067098
[2025-02-25 03:10:06;INFO]Train | Loss : 0.014439 | ACC : 3150/3150 (100.000%)
[2025-02-25 03:10:06;INFO]Valid | Loss : 0.016101 | ACC : 1349/1350 (99.926%)
[2025-02-25 03:10:06;INFO]      | Loss dropped from 0.016794 to 0.016101, model has been saved!

[2025-02-25 03:10:06;INFO]best epoch: 186, best loss: 0.016101
[2025-02-25 03:10:06;INFO]----------------------------------------------------------------------------------------------------

[2025-02-25 03:10:06;INFO]Current Epoch: 187 / 500 | Learning Rate : 0.0004999999999999995
[2025-02-25 03:10:07;INFO]Train | Loss : 0.014409 | ACC : 3150/3150 (100.000%)
[2025-02-25 03:10:07;INFO]Valid | Loss : 0.018963 | ACC : 1349/1350 (99.926%)
[2025-02-25 03:10:07;INFO]      | Loss didn't drop!

[2025-02-25 03:10:07;INFO]best epoch: 186, best loss: 0.016101
[2025-02-25 03:10:07;INFO]----------------------------------------------------------------------------------------------------

[2025-02-25 03:10:07;INFO]Current Epoch: 188 / 500 | Learning Rate : 0.0008535533905934617
[2025-02-25 03:10:08;INFO]Train | Loss : 0.014388 | ACC : 3150/3150 (100.000%)
[2025-02-25 03:10:09;INFO]Valid | Loss : 0.019252 | ACC : 1349/1350 (99.926%)
[2025-02-25 03:10:09;INFO]      | Loss didn't drop!

[2025-02-25 03:10:09;INFO]best epoch: 186, best loss: 0.016101
[2025-02-25 03:10:09;INFO]----------------------------------------------------------------------------------------------------

[2025-02-25 03:10:09;INFO]Current Epoch: 189 / 500 | Learning Rate : 0.0
[2025-02-25 03:10:09;INFO]Train | Loss : 0.013787 | ACC : 3150/3150 (100.000%)
[2025-02-25 03:10:10;INFO]Valid | Loss : 0.016504 | ACC : 1349/1350 (99.926%)
[2025-02-25 03:10:10;INFO]      | Loss didn't drop!

[2025-02-25 03:10:10;INFO]best epoch: 186, best loss: 0.016101
[2025-02-25 03:10:10;INFO]----------------------------------------------------------------------------------------------------

[2025-02-25 03:10:10;INFO]Current Epoch: 190 / 500 | Learning Rate : 0.0008535533905936753
[2025-02-25 03:10:11;INFO]Train | Loss : 0.013334 | ACC : 3150/3150 (100.000%)
[2025-02-25 03:10:11;INFO]Valid | Loss : 0.015282 | ACC : 1349/1350 (99.926%)
[2025-02-25 03:10:11;INFO]      | Loss dropped from 0.016101 to 0.015282, model has been saved!

[2025-02-25 03:10:11;INFO]best epoch: 190, best loss: 0.015282
[2025-02-25 03:10:11;INFO]----------------------------------------------------------------------------------------------------

[2025-02-25 03:10:11;INFO]Current Epoch: 191 / 500 | Learning Rate : 0.0005000000000003773
[2025-02-25 03:10:12;INFO]Train | Loss : 0.014213 | ACC : 3150/3150 (100.000%)
[2025-02-25 03:10:12;INFO]Valid | Loss : 0.016494 | ACC : 1349/1350 (99.926%)
[2025-02-25 03:10:12;INFO]      | Loss didn't drop!

[2025-02-25 03:10:12;INFO]best epoch: 190, best loss: 0.015282
[2025-02-25 03:10:12;INFO]----------------------------------------------------------------------------------------------------

[2025-02-25 03:10:12;INFO]Current Epoch: 192 / 500 | Learning Rate : 0.00014644660940685286
[2025-02-25 03:10:13;INFO]Train | Loss : 0.013032 | ACC : 3150/3150 (100.000%)
[2025-02-25 03:10:13;INFO]Valid | Loss : 0.015764 | ACC : 1349/1350 (99.926%)
[2025-02-25 03:10:13;INFO]      | Loss didn't drop!

[2025-02-25 03:10:13;INFO]best epoch: 190, best loss: 0.015282
[2025-02-25 03:10:13;INFO]----------------------------------------------------------------------------------------------------

[2025-02-25 03:10:13;INFO]Current Epoch: 193 / 500 | Learning Rate : 0.0009999999999995943
[2025-02-25 03:10:14;INFO]Train | Loss : 0.013345 | ACC : 3150/3150 (100.000%)
[2025-02-25 03:10:14;INFO]Valid | Loss : 0.015445 | ACC : 1349/1350 (99.926%)
[2025-02-25 03:10:14;INFO]      | Loss didn't drop!

[2025-02-25 03:10:14;INFO]best epoch: 190, best loss: 0.015282
[2025-02-25 03:10:14;INFO]----------------------------------------------------------------------------------------------------

[2025-02-25 03:10:14;INFO]Current Epoch: 194 / 500 | Learning Rate : 0.00014644660940691263
[2025-02-25 03:10:15;INFO]Train | Loss : 0.013312 | ACC : 3150/3150 (100.000%)
[2025-02-25 03:10:15;INFO]Valid | Loss : 0.015394 | ACC : 1349/1350 (99.926%)
[2025-02-25 03:10:15;INFO]      | Loss didn't drop!

[2025-02-25 03:10:15;INFO]best epoch: 190, best loss: 0.015282
[2025-02-25 03:10:15;INFO]----------------------------------------------------------------------------------------------------

[2025-02-25 03:10:15;INFO]Current Epoch: 195 / 500 | Learning Rate : 0.0005000000000006822
[2025-02-25 03:10:16;INFO]Train | Loss : 0.013144 | ACC : 3150/3150 (100.000%)
[2025-02-25 03:10:17;INFO]Valid | Loss : 0.015182 | ACC : 1349/1350 (99.926%)
[2025-02-25 03:10:17;INFO]      | Loss dropped from 0.015282 to 0.015182, model has been saved!

[2025-02-25 03:10:17;INFO]best epoch: 195, best loss: 0.015182
[2025-02-25 03:10:17;INFO]----------------------------------------------------------------------------------------------------

[2025-02-25 03:10:17;INFO]Current Epoch: 196 / 500 | Learning Rate : 0.0008535533905933947
[2025-02-25 03:10:18;INFO]Train | Loss : 0.012885 | ACC : 3150/3150 (100.000%)
[2025-02-25 03:10:18;INFO]Valid | Loss : 0.014351 | ACC : 1349/1350 (99.926%)
[2025-02-25 03:10:18;INFO]      | Loss dropped from 0.015182 to 0.014351, model has been saved!

[2025-02-25 03:10:18;INFO]best epoch: 196, best loss: 0.014351
[2025-02-25 03:10:18;INFO]----------------------------------------------------------------------------------------------------

[2025-02-25 03:10:18;INFO]Current Epoch: 197 / 500 | Learning Rate : 0.0
[2025-02-25 03:10:19;INFO]Train | Loss : 0.012684 | ACC : 3150/3150 (100.000%)
[2025-02-25 03:10:19;INFO]Valid | Loss : 0.017010 | ACC : 1349/1350 (99.926%)
[2025-02-25 03:10:19;INFO]      | Loss didn't drop!

[2025-02-25 03:10:19;INFO]best epoch: 196, best loss: 0.014351
[2025-02-25 03:10:19;INFO]----------------------------------------------------------------------------------------------------

[2025-02-25 03:10:19;INFO]Current Epoch: 198 / 500 | Learning Rate : 0.0008535533905936523
[2025-02-25 03:10:20;INFO]Train | Loss : 0.012787 | ACC : 3150/3150 (100.000%)
[2025-02-25 03:10:20;INFO]Valid | Loss : 0.018667 | ACC : 1349/1350 (99.926%)
[2025-02-25 03:10:20;INFO]      | Loss didn't drop!

[2025-02-25 03:10:20;INFO]best epoch: 196, best loss: 0.014351
[2025-02-25 03:10:20;INFO]----------------------------------------------------------------------------------------------------

[2025-02-25 03:10:20;INFO]Current Epoch: 199 / 500 | Learning Rate : 0.0004999999999996229
[2025-02-25 03:10:21;INFO]Train | Loss : 0.012696 | ACC : 3150/3150 (100.000%)
[2025-02-25 03:10:21;INFO]Valid | Loss : 0.014891 | ACC : 1349/1350 (99.926%)
[2025-02-25 03:10:21;INFO]      | Loss didn't drop!

[2025-02-25 03:10:21;INFO]best epoch: 196, best loss: 0.014351
[2025-02-25 03:10:21;INFO]----------------------------------------------------------------------------------------------------

[2025-02-25 03:10:21;INFO]Current Epoch: 200 / 500 | Learning Rate : 0.0001464466094066288
[2025-02-25 03:10:22;INFO]Train | Loss : 0.012039 | ACC : 3150/3150 (100.000%)
[2025-02-25 03:10:22;INFO]Valid | Loss : 0.015580 | ACC : 1349/1350 (99.926%)
[2025-02-25 03:10:22;INFO]      | Loss didn't drop!

[2025-02-25 03:10:22;INFO]best epoch: 196, best loss: 0.014351
[2025-02-25 03:10:22;INFO]----------------------------------------------------------------------------------------------------

[2025-02-25 03:10:22;INFO]Current Epoch: 201 / 500 | Learning Rate : 0.001000000000000956
[2025-02-25 03:10:23;INFO]Train | Loss : 0.013016 | ACC : 3150/3150 (100.000%)
[2025-02-25 03:10:24;INFO]Valid | Loss : 0.013996 | ACC : 1349/1350 (99.926%)
[2025-02-25 03:10:24;INFO]      | Loss dropped from 0.014351 to 0.013996, model has been saved!

[2025-02-25 03:10:24;INFO]best epoch: 201, best loss: 0.013996
[2025-02-25 03:10:24;INFO]----------------------------------------------------------------------------------------------------

[2025-02-25 03:10:24;INFO]Current Epoch: 202 / 500 | Learning Rate : 0.00014644660940669286
[2025-02-25 03:10:25;INFO]Train | Loss : 0.012227 | ACC : 3150/3150 (100.000%)
[2025-02-25 03:10:25;INFO]Valid | Loss : 0.012841 | ACC : 1349/1350 (99.926%)
[2025-02-25 03:10:25;INFO]      | Loss dropped from 0.013996 to 0.012841, model has been saved!

[2025-02-25 03:10:25;INFO]best epoch: 202, best loss: 0.012841
[2025-02-25 03:10:25;INFO]----------------------------------------------------------------------------------------------------

[2025-02-25 03:10:25;INFO]Current Epoch: 203 / 500 | Learning Rate : 0.0004999999999999215
[2025-02-25 03:10:26;INFO]Train | Loss : 0.011792 | ACC : 3150/3150 (100.000%)
[2025-02-25 03:10:26;INFO]Valid | Loss : 0.014598 | ACC : 1349/1350 (99.926%)
[2025-02-25 03:10:26;INFO]      | Loss didn't drop!

[2025-02-25 03:10:26;INFO]best epoch: 202, best loss: 0.012841
[2025-02-25 03:10:26;INFO]----------------------------------------------------------------------------------------------------

[2025-02-25 03:10:26;INFO]Current Epoch: 204 / 500 | Learning Rate : 0.0008535533905932949
[2025-02-25 03:10:27;INFO]Train | Loss : 0.011500 | ACC : 3150/3150 (100.000%)
[2025-02-25 03:10:27;INFO]Valid | Loss : 0.013638 | ACC : 1349/1350 (99.926%)
[2025-02-25 03:10:27;INFO]      | Loss didn't drop!

[2025-02-25 03:10:27;INFO]best epoch: 202, best loss: 0.012841
[2025-02-25 03:10:27;INFO]----------------------------------------------------------------------------------------------------

[2025-02-25 03:10:27;INFO]Current Epoch: 205 / 500 | Learning Rate : 0.0
[2025-02-25 03:10:28;INFO]Train | Loss : 0.011412 | ACC : 3150/3150 (100.000%)
[2025-02-25 03:10:28;INFO]Valid | Loss : 0.014373 | ACC : 1349/1350 (99.926%)
[2025-02-25 03:10:28;INFO]      | Loss didn't drop!

[2025-02-25 03:10:28;INFO]best epoch: 202, best loss: 0.012841
[2025-02-25 03:10:28;INFO]----------------------------------------------------------------------------------------------------

[2025-02-25 03:10:28;INFO]Current Epoch: 206 / 500 | Learning Rate : 0.0008535533905935807
[2025-02-25 03:10:29;INFO]Train | Loss : 0.011696 | ACC : 3150/3150 (100.000%)
[2025-02-25 03:10:29;INFO]Valid | Loss : 0.013195 | ACC : 1349/1350 (99.926%)
[2025-02-25 03:10:29;INFO]      | Loss didn't drop!

[2025-02-25 03:10:29;INFO]best epoch: 202, best loss: 0.012841
[2025-02-25 03:10:29;INFO]----------------------------------------------------------------------------------------------------

[2025-02-25 03:10:29;INFO]Current Epoch: 207 / 500 | Learning Rate : 0.0005000000000003113
[2025-02-25 03:10:30;INFO]Train | Loss : 0.011454 | ACC : 3150/3150 (100.000%)
[2025-02-25 03:10:30;INFO]Valid | Loss : 0.014451 | ACC : 1349/1350 (99.926%)
[2025-02-25 03:10:30;INFO]      | Loss didn't drop!

[2025-02-25 03:10:30;INFO]best epoch: 202, best loss: 0.012841
[2025-02-25 03:10:30;INFO]----------------------------------------------------------------------------------------------------

[2025-02-25 03:10:30;INFO]Current Epoch: 208 / 500 | Learning Rate : 0.00014644660940682755
[2025-02-25 03:10:31;INFO]Train | Loss : 0.011230 | ACC : 3150/3150 (100.000%)
[2025-02-25 03:10:32;INFO]Valid | Loss : 0.013439 | ACC : 1349/1350 (99.926%)
[2025-02-25 03:10:32;INFO]      | Loss didn't drop!

[2025-02-25 03:10:32;INFO]best epoch: 202, best loss: 0.012841
[2025-02-25 03:10:32;INFO]----------------------------------------------------------------------------------------------------

[2025-02-25 03:10:32;INFO]Current Epoch: 209 / 500 | Learning Rate : 0.0010000000000008834
[2025-02-25 03:10:33;INFO]Train | Loss : 0.010900 | ACC : 3150/3150 (100.000%)
[2025-02-25 03:10:33;INFO]Valid | Loss : 0.013582 | ACC : 1349/1350 (99.926%)
[2025-02-25 03:10:33;INFO]      | Loss didn't drop!

[2025-02-25 03:10:33;INFO]best epoch: 202, best loss: 0.012841
[2025-02-25 03:10:33;INFO]----------------------------------------------------------------------------------------------------

[2025-02-25 03:10:33;INFO]Current Epoch: 210 / 500 | Learning Rate : 0.00014644660940689433
[2025-02-25 03:10:34;INFO]Train | Loss : 0.010497 | ACC : 3150/3150 (100.000%)
[2025-02-25 03:10:34;INFO]Valid | Loss : 0.017932 | ACC : 1349/1350 (99.926%)
[2025-02-25 03:10:34;INFO]      | Loss didn't drop!

[2025-02-25 03:10:34;INFO]best epoch: 202, best loss: 0.012841
[2025-02-25 03:10:34;INFO]----------------------------------------------------------------------------------------------------

[2025-02-25 03:10:34;INFO]Current Epoch: 211 / 500 | Learning Rate : 0.0005000000000006001
[2025-02-25 03:10:35;INFO]Train | Loss : 0.010739 | ACC : 3150/3150 (100.000%)
[2025-02-25 03:10:35;INFO]Valid | Loss : 0.034777 | ACC : 1349/1350 (99.926%)
[2025-02-25 03:10:35;INFO]      | Loss didn't drop!

[2025-02-25 03:10:35;INFO]best epoch: 202, best loss: 0.012841
[2025-02-25 03:10:35;INFO]----------------------------------------------------------------------------------------------------

[2025-02-25 03:10:35;INFO]Current Epoch: 212 / 500 | Learning Rate : 0.0008535533905932359
[2025-02-25 03:10:36;INFO]Train | Loss : 0.013863 | ACC : 3149/3150 (99.968%)
[2025-02-25 03:10:36;INFO]Valid | Loss : 3.861210 | ACC : 393/1350 (29.111%)
[2025-02-25 03:10:36;INFO]      | Loss didn't drop!

[2025-02-25 03:10:36;INFO]best epoch: 202, best loss: 0.012841
[2025-02-25 03:10:36;INFO]----------------------------------------------------------------------------------------------------

[2025-02-25 03:10:36;INFO]Current Epoch: 213 / 500 | Learning Rate : 0.0
[2025-02-25 03:10:37;INFO]Train | Loss : 0.013474 | ACC : 3150/3150 (100.000%)
[2025-02-25 03:10:37;INFO]Valid | Loss : 0.561542 | ACC : 1005/1350 (74.444%)
[2025-02-25 03:10:37;INFO]      | Loss didn't drop!

[2025-02-25 03:10:37;INFO]best epoch: 202, best loss: 0.012841
[2025-02-25 03:10:37;INFO]----------------------------------------------------------------------------------------------------

[2025-02-25 03:10:37;INFO]Current Epoch: 214 / 500 | Learning Rate : 0.0008535533905935171
[2025-02-25 03:10:38;INFO]Train | Loss : 0.011882 | ACC : 3150/3150 (100.000%)
[2025-02-25 03:10:39;INFO]Valid | Loss : 0.031747 | ACC : 1349/1350 (99.926%)
[2025-02-25 03:10:39;INFO]      | Loss didn't drop!

[2025-02-25 03:10:39;INFO]best epoch: 202, best loss: 0.012841
[2025-02-25 03:10:39;INFO]----------------------------------------------------------------------------------------------------

[2025-02-25 03:10:39;INFO]Current Epoch: 215 / 500 | Learning Rate : 0.0005000000000009427
[2025-02-25 03:10:40;INFO]Train | Loss : 0.011376 | ACC : 3150/3150 (100.000%)
[2025-02-25 03:10:40;INFO]Valid | Loss : 0.017868 | ACC : 1349/1350 (99.926%)
[2025-02-25 03:10:40;INFO]      | Loss didn't drop!

[2025-02-25 03:10:40;INFO]best epoch: 202, best loss: 0.012841
[2025-02-25 03:10:40;INFO]----------------------------------------------------------------------------------------------------

[2025-02-25 03:10:40;INFO]Current Epoch: 216 / 500 | Learning Rate : 0.0001464466094070665
[2025-02-25 03:10:41;INFO]Train | Loss : 0.011057 | ACC : 3150/3150 (100.000%)
[2025-02-25 03:10:41;INFO]Valid | Loss : 0.021894 | ACC : 1349/1350 (99.926%)
[2025-02-25 03:10:41;INFO]      | Loss didn't drop!

[2025-02-25 03:10:41;INFO]best epoch: 202, best loss: 0.012841
[2025-02-25 03:10:41;INFO]----------------------------------------------------------------------------------------------------

[2025-02-25 03:10:41;INFO]Current Epoch: 217 / 500 | Learning Rate : 0.0009999999999993686
[2025-02-25 03:10:42;INFO]Train | Loss : 0.010759 | ACC : 3150/3150 (100.000%)
[2025-02-25 03:10:42;INFO]Valid | Loss : 0.013218 | ACC : 1349/1350 (99.926%)
[2025-02-25 03:10:42;INFO]      | Loss didn't drop!

[2025-02-25 03:10:42;INFO]best epoch: 202, best loss: 0.012841
[2025-02-25 03:10:42;INFO]----------------------------------------------------------------------------------------------------

[2025-02-25 03:10:42;INFO]Current Epoch: 218 / 500 | Learning Rate : 0.0001464466094068859
[2025-02-25 03:10:43;INFO]Train | Loss : 0.010274 | ACC : 3150/3150 (100.000%)
[2025-02-25 03:10:43;INFO]Valid | Loss : 0.015232 | ACC : 1349/1350 (99.926%)
[2025-02-25 03:10:43;INFO]      | Loss didn't drop!

[2025-02-25 03:10:43;INFO]best epoch: 202, best loss: 0.012841
[2025-02-25 03:10:43;INFO]----------------------------------------------------------------------------------------------------

[2025-02-25 03:10:43;INFO]Current Epoch: 219 / 500 | Learning Rate : 0.0005000000000005604
[2025-02-25 03:10:44;INFO]Train | Loss : 0.010139 | ACC : 3150/3150 (100.000%)
[2025-02-25 03:10:44;INFO]Valid | Loss : 0.012999 | ACC : 1349/1350 (99.926%)
[2025-02-25 03:10:44;INFO]      | Loss didn't drop!

[2025-02-25 03:10:44;INFO]best epoch: 202, best loss: 0.012841
[2025-02-25 03:10:44;INFO]----------------------------------------------------------------------------------------------------

[2025-02-25 03:10:44;INFO]Current Epoch: 220 / 500 | Learning Rate : 0.0008535533905931687
[2025-02-25 03:10:45;INFO]Train | Loss : 0.009640 | ACC : 3150/3150 (100.000%)
[2025-02-25 03:10:45;INFO]Valid | Loss : 0.012912 | ACC : 1349/1350 (99.926%)
[2025-02-25 03:10:45;INFO]      | Loss didn't drop!

[2025-02-25 03:10:45;INFO]best epoch: 202, best loss: 0.012841
[2025-02-25 03:10:45;INFO]----------------------------------------------------------------------------------------------------

[2025-02-25 03:10:45;INFO]Current Epoch: 221 / 500 | Learning Rate : 0.0
[2025-02-25 03:10:46;INFO]Train | Loss : 0.009808 | ACC : 3150/3150 (100.000%)
[2025-02-25 03:10:47;INFO]Valid | Loss : 0.013044 | ACC : 1349/1350 (99.926%)
[2025-02-25 03:10:47;INFO]      | Loss didn't drop!

[2025-02-25 03:10:47;INFO]best epoch: 202, best loss: 0.012841
[2025-02-25 03:10:47;INFO]----------------------------------------------------------------------------------------------------

[2025-02-25 03:10:47;INFO]Current Epoch: 222 / 500 | Learning Rate : 0.0008535533905934136
[2025-02-25 03:10:48;INFO]Train | Loss : 0.009488 | ACC : 3150/3150 (100.000%)
[2025-02-25 03:10:48;INFO]Valid | Loss : 0.012808 | ACC : 1349/1350 (99.926%)
[2025-02-25 03:10:48;INFO]      | Loss dropped from 0.012841 to 0.012808, model has been saved!

[2025-02-25 03:10:48;INFO]best epoch: 222, best loss: 0.012808
[2025-02-25 03:10:48;INFO]----------------------------------------------------------------------------------------------------

[2025-02-25 03:10:48;INFO]Current Epoch: 223 / 500 | Learning Rate : 0.0005000000000002405
[2025-02-25 03:10:49;INFO]Train | Loss : 0.009600 | ACC : 3150/3150 (100.000%)
[2025-02-25 03:10:49;INFO]Valid | Loss : 0.012542 | ACC : 1349/1350 (99.926%)
[2025-02-25 03:10:49;INFO]      | Loss dropped from 0.012808 to 0.012542, model has been saved!

[2025-02-25 03:10:49;INFO]best epoch: 223, best loss: 0.012542
[2025-02-25 03:10:49;INFO]----------------------------------------------------------------------------------------------------

[2025-02-25 03:10:49;INFO]Current Epoch: 224 / 500 | Learning Rate : 0.00014644660940680096
[2025-02-25 03:10:50;INFO]Train | Loss : 0.009357 | ACC : 3150/3150 (100.000%)
[2025-02-25 03:10:50;INFO]Valid | Loss : 0.013643 | ACC : 1349/1350 (99.926%)
[2025-02-25 03:10:50;INFO]      | Loss didn't drop!

[2025-02-25 03:10:50;INFO]best epoch: 223, best loss: 0.012542
[2025-02-25 03:10:50;INFO]----------------------------------------------------------------------------------------------------

[2025-02-25 03:10:50;INFO]Current Epoch: 225 / 500 | Learning Rate : 0.0009999999999992875
[2025-02-25 03:10:51;INFO]Train | Loss : 0.009145 | ACC : 3150/3150 (100.000%)
[2025-02-25 03:10:51;INFO]Valid | Loss : 0.012222 | ACC : 1349/1350 (99.926%)
[2025-02-25 03:10:51;INFO]      | Loss dropped from 0.012542 to 0.012222, model has been saved!

[2025-02-25 03:10:51;INFO]best epoch: 225, best loss: 0.012222
[2025-02-25 03:10:51;INFO]----------------------------------------------------------------------------------------------------

[2025-02-25 03:10:51;INFO]Current Epoch: 226 / 500 | Learning Rate : 0.00014644660940687736
[2025-02-25 03:10:52;INFO]Train | Loss : 0.009093 | ACC : 3150/3150 (100.000%)
[2025-02-25 03:10:52;INFO]Valid | Loss : 0.014760 | ACC : 1349/1350 (99.926%)
[2025-02-25 03:10:52;INFO]      | Loss didn't drop!

[2025-02-25 03:10:52;INFO]best epoch: 225, best loss: 0.012222
[2025-02-25 03:10:52;INFO]----------------------------------------------------------------------------------------------------

[2025-02-25 03:10:52;INFO]Current Epoch: 227 / 500 | Learning Rate : 0.0005000000000005216
[2025-02-25 03:10:53;INFO]Train | Loss : 0.009392 | ACC : 3150/3150 (100.000%)
[2025-02-25 03:10:53;INFO]Valid | Loss : 0.013082 | ACC : 1349/1350 (99.926%)
[2025-02-25 03:10:53;INFO]      | Loss didn't drop!

[2025-02-25 03:10:53;INFO]best epoch: 225, best loss: 0.012222
[2025-02-25 03:10:53;INFO]----------------------------------------------------------------------------------------------------

[2025-02-25 03:10:53;INFO]Current Epoch: 228 / 500 | Learning Rate : 0.0008535533905943401
[2025-02-25 03:10:54;INFO]Train | Loss : 0.008982 | ACC : 3150/3150 (100.000%)
[2025-02-25 03:10:55;INFO]Valid | Loss : 0.011455 | ACC : 1349/1350 (99.926%)
[2025-02-25 03:10:55;INFO]      | Loss dropped from 0.012222 to 0.011455, model has been saved!

[2025-02-25 03:10:55;INFO]best epoch: 228, best loss: 0.011455
[2025-02-25 03:10:55;INFO]----------------------------------------------------------------------------------------------------

[2025-02-25 03:10:55;INFO]Current Epoch: 229 / 500 | Learning Rate : 0.0
[2025-02-25 03:10:56;INFO]Train | Loss : 0.008452 | ACC : 3150/3150 (100.000%)
[2025-02-25 03:10:56;INFO]Valid | Loss : 0.012185 | ACC : 1349/1350 (99.926%)
[2025-02-25 03:10:56;INFO]      | Loss didn't drop!

[2025-02-25 03:10:56;INFO]best epoch: 228, best loss: 0.011455
[2025-02-25 03:10:56;INFO]----------------------------------------------------------------------------------------------------

[2025-02-25 03:10:56;INFO]Current Epoch: 230 / 500 | Learning Rate : 0.0008535533905933417
[2025-02-25 03:10:57;INFO]Train | Loss : 0.008592 | ACC : 3150/3150 (100.000%)
[2025-02-25 03:10:57;INFO]Valid | Loss : 0.012350 | ACC : 1349/1350 (99.926%)
[2025-02-25 03:10:57;INFO]      | Loss didn't drop!

[2025-02-25 03:10:57;INFO]best epoch: 228, best loss: 0.011455
[2025-02-25 03:10:57;INFO]----------------------------------------------------------------------------------------------------

[2025-02-25 03:10:57;INFO]Current Epoch: 231 / 500 | Learning Rate : 0.0005000000000002072
[2025-02-25 03:10:58;INFO]Train | Loss : 0.008426 | ACC : 3150/3150 (100.000%)
[2025-02-25 03:10:58;INFO]Valid | Loss : 0.011609 | ACC : 1349/1350 (99.926%)
[2025-02-25 03:10:58;INFO]      | Loss didn't drop!

[2025-02-25 03:10:58;INFO]best epoch: 228, best loss: 0.011455
[2025-02-25 03:10:58;INFO]----------------------------------------------------------------------------------------------------

[2025-02-25 03:10:58;INFO]Current Epoch: 232 / 500 | Learning Rate : 0.00014644660940678838
[2025-02-25 03:10:59;INFO]Train | Loss : 0.008253 | ACC : 3150/3150 (100.000%)
[2025-02-25 03:10:59;INFO]Valid | Loss : 0.010880 | ACC : 1349/1350 (99.926%)
[2025-02-25 03:10:59;INFO]      | Loss dropped from 0.011455 to 0.010880, model has been saved!

[2025-02-25 03:10:59;INFO]best epoch: 232, best loss: 0.010880
[2025-02-25 03:10:59;INFO]----------------------------------------------------------------------------------------------------

[2025-02-25 03:10:59;INFO]Current Epoch: 233 / 500 | Learning Rate : 0.0010000000000021006
[2025-02-25 03:11:00;INFO]Train | Loss : 0.008346 | ACC : 3150/3150 (100.000%)
[2025-02-25 03:11:00;INFO]Valid | Loss : 0.011629 | ACC : 1349/1350 (99.926%)
[2025-02-25 03:11:00;INFO]      | Loss didn't drop!

[2025-02-25 03:11:00;INFO]best epoch: 232, best loss: 0.010880
[2025-02-25 03:11:00;INFO]----------------------------------------------------------------------------------------------------

[2025-02-25 03:11:00;INFO]Current Epoch: 234 / 500 | Learning Rate : 0.00014644660940661607
[2025-02-25 03:11:01;INFO]Train | Loss : 0.008281 | ACC : 3150/3150 (100.000%)
[2025-02-25 03:11:02;INFO]Valid | Loss : 0.011541 | ACC : 1349/1350 (99.926%)
[2025-02-25 03:11:02;INFO]      | Loss didn't drop!

[2025-02-25 03:11:02;INFO]best epoch: 232, best loss: 0.010880
[2025-02-25 03:11:02;INFO]----------------------------------------------------------------------------------------------------

[2025-02-25 03:11:02;INFO]Current Epoch: 235 / 500 | Learning Rate : 0.0004999999999997563
[2025-02-25 03:11:03;INFO]Train | Loss : 0.007898 | ACC : 3150/3150 (100.000%)
[2025-02-25 03:11:03;INFO]Valid | Loss : 0.011488 | ACC : 1349/1350 (99.926%)
[2025-02-25 03:11:03;INFO]      | Loss didn't drop!

[2025-02-25 03:11:03;INFO]best epoch: 232, best loss: 0.010880
[2025-02-25 03:11:03;INFO]----------------------------------------------------------------------------------------------------

[2025-02-25 03:11:03;INFO]Current Epoch: 236 / 500 | Learning Rate : 0.0008535533905942809
[2025-02-25 03:11:04;INFO]Train | Loss : 0.008068 | ACC : 3150/3150 (100.000%)
[2025-02-25 03:11:04;INFO]Valid | Loss : 0.011089 | ACC : 1349/1350 (99.926%)
[2025-02-25 03:11:04;INFO]      | Loss didn't drop!

[2025-02-25 03:11:04;INFO]best epoch: 232, best loss: 0.010880
[2025-02-25 03:11:04;INFO]----------------------------------------------------------------------------------------------------

[2025-02-25 03:11:04;INFO]Current Epoch: 237 / 500 | Learning Rate : 0.0
[2025-02-25 03:11:05;INFO]Train | Loss : 0.008118 | ACC : 3150/3150 (100.000%)
[2025-02-25 03:11:05;INFO]Valid | Loss : 0.011734 | ACC : 1349/1350 (99.926%)
[2025-02-25 03:11:05;INFO]      | Loss didn't drop!

[2025-02-25 03:11:05;INFO]best epoch: 232, best loss: 0.010880
[2025-02-25 03:11:05;INFO]----------------------------------------------------------------------------------------------------

[2025-02-25 03:11:05;INFO]Current Epoch: 238 / 500 | Learning Rate : 0.0008535533905933593
[2025-02-25 03:11:06;INFO]Train | Loss : 0.007709 | ACC : 3150/3150 (100.000%)
[2025-02-25 03:11:06;INFO]Valid | Loss : 0.010981 | ACC : 1349/1350 (99.926%)
[2025-02-25 03:11:06;INFO]      | Loss didn't drop!

[2025-02-25 03:11:06;INFO]best epoch: 232, best loss: 0.010880
[2025-02-25 03:11:06;INFO]----------------------------------------------------------------------------------------------------

[2025-02-25 03:11:06;INFO]Current Epoch: 239 / 500 | Learning Rate : 0.0005000000000001742
[2025-02-25 03:11:07;INFO]Train | Loss : 0.007763 | ACC : 3150/3150 (100.000%)
[2025-02-25 03:11:07;INFO]Valid | Loss : 0.010591 | ACC : 1349/1350 (99.926%)
[2025-02-25 03:11:07;INFO]      | Loss dropped from 0.010880 to 0.010591, model has been saved!

[2025-02-25 03:11:07;INFO]best epoch: 239, best loss: 0.010591
[2025-02-25 03:11:07;INFO]----------------------------------------------------------------------------------------------------

[2025-02-25 03:11:07;INFO]Current Epoch: 240 / 500 | Learning Rate : 0.0001464466094067756
[2025-02-25 03:11:08;INFO]Train | Loss : 0.007778 | ACC : 3150/3150 (100.000%)
[2025-02-25 03:11:09;INFO]Valid | Loss : 0.011475 | ACC : 1349/1350 (99.926%)
[2025-02-25 03:11:09;INFO]      | Loss didn't drop!

[2025-02-25 03:11:09;INFO]best epoch: 239, best loss: 0.010591
[2025-02-25 03:11:09;INFO]----------------------------------------------------------------------------------------------------

[2025-02-25 03:11:09;INFO]Current Epoch: 241 / 500 | Learning Rate : 0.001000000000000586
[2025-02-25 03:11:09;INFO]Train | Loss : 0.007709 | ACC : 3150/3150 (100.000%)
[2025-02-25 03:11:10;INFO]Valid | Loss : 0.010606 | ACC : 1349/1350 (99.926%)
[2025-02-25 03:11:10;INFO]      | Loss didn't drop!

[2025-02-25 03:11:10;INFO]best epoch: 239, best loss: 0.010591
[2025-02-25 03:11:10;INFO]----------------------------------------------------------------------------------------------------

[2025-02-25 03:11:10;INFO]Current Epoch: 242 / 500 | Learning Rate : 0.0001464466094066076
[2025-02-25 03:11:11;INFO]Train | Loss : 0.007561 | ACC : 3150/3150 (100.000%)
[2025-02-25 03:11:11;INFO]Valid | Loss : 0.011118 | ACC : 1349/1350 (99.926%)
[2025-02-25 03:11:11;INFO]      | Loss didn't drop!

[2025-02-25 03:11:11;INFO]best epoch: 239, best loss: 0.010591
[2025-02-25 03:11:11;INFO]----------------------------------------------------------------------------------------------------

[2025-02-25 03:11:11;INFO]Current Epoch: 243 / 500 | Learning Rate : 0.0004999999999996604
[2025-02-25 03:11:12;INFO]Train | Loss : 0.007555 | ACC : 3150/3150 (100.000%)
[2025-02-25 03:11:12;INFO]Valid | Loss : 0.011083 | ACC : 1349/1350 (99.926%)
[2025-02-25 03:11:12;INFO]      | Loss didn't drop!

[2025-02-25 03:11:12;INFO]best epoch: 239, best loss: 0.010591
[2025-02-25 03:11:12;INFO]----------------------------------------------------------------------------------------------------

[2025-02-25 03:11:12;INFO]Current Epoch: 244 / 500 | Learning Rate : 0.0008535533905942619
[2025-02-25 03:11:13;INFO]Train | Loss : 0.007844 | ACC : 3150/3150 (100.000%)
[2025-02-25 03:11:13;INFO]Valid | Loss : 0.010756 | ACC : 1349/1350 (99.926%)
[2025-02-25 03:11:13;INFO]      | Loss didn't drop!

[2025-02-25 03:11:13;INFO]best epoch: 239, best loss: 0.010591
[2025-02-25 03:11:13;INFO]----------------------------------------------------------------------------------------------------

[2025-02-25 03:11:13;INFO]Current Epoch: 245 / 500 | Learning Rate : 0.0
[2025-02-25 03:11:14;INFO]Train | Loss : 0.007162 | ACC : 3150/3150 (100.000%)
[2025-02-25 03:11:14;INFO]Valid | Loss : 0.010206 | ACC : 1349/1350 (99.926%)
[2025-02-25 03:11:14;INFO]      | Loss dropped from 0.010591 to 0.010206, model has been saved!

[2025-02-25 03:11:14;INFO]best epoch: 245, best loss: 0.010206
[2025-02-25 03:11:14;INFO]----------------------------------------------------------------------------------------------------

[2025-02-25 03:11:14;INFO]Current Epoch: 246 / 500 | Learning Rate : 0.0008535533905944864
[2025-02-25 03:11:15;INFO]Train | Loss : 0.007280 | ACC : 3150/3150 (100.000%)
[2025-02-25 03:11:15;INFO]Valid | Loss : 0.010718 | ACC : 1349/1350 (99.926%)
[2025-02-25 03:11:15;INFO]      | Loss didn't drop!

[2025-02-25 03:11:15;INFO]best epoch: 245, best loss: 0.010206
[2025-02-25 03:11:15;INFO]----------------------------------------------------------------------------------------------------

[2025-02-25 03:11:15;INFO]Current Epoch: 247 / 500 | Learning Rate : 0.0005000000000000798
[2025-02-25 03:11:16;INFO]Train | Loss : 0.007160 | ACC : 3150/3150 (100.000%)
[2025-02-25 03:11:17;INFO]Valid | Loss : 0.014682 | ACC : 1349/1350 (99.926%)
[2025-02-25 03:11:17;INFO]      | Loss didn't drop!

[2025-02-25 03:11:17;INFO]best epoch: 245, best loss: 0.010206
[2025-02-25 03:11:17;INFO]----------------------------------------------------------------------------------------------------

[2025-02-25 03:11:17;INFO]Current Epoch: 248 / 500 | Learning Rate : 0.00014644660940676173
[2025-02-25 03:11:18;INFO]Train | Loss : 0.006842 | ACC : 3150/3150 (100.000%)
[2025-02-25 03:11:18;INFO]Valid | Loss : 0.013985 | ACC : 1349/1350 (99.926%)
[2025-02-25 03:11:18;INFO]      | Loss didn't drop!

[2025-02-25 03:11:18;INFO]best epoch: 245, best loss: 0.010206
[2025-02-25 03:11:18;INFO]----------------------------------------------------------------------------------------------------

[2025-02-25 03:11:18;INFO]Current Epoch: 249 / 500 | Learning Rate : 0.0010000000000005141
[2025-02-25 03:11:19;INFO]Train | Loss : 0.006942 | ACC : 3150/3150 (100.000%)
[2025-02-25 03:11:19;INFO]Valid | Loss : 0.010160 | ACC : 1349/1350 (99.926%)
[2025-02-25 03:11:19;INFO]      | Loss dropped from 0.010206 to 0.010160, model has been saved!

[2025-02-25 03:11:19;INFO]best epoch: 249, best loss: 0.010160
[2025-02-25 03:11:19;INFO]----------------------------------------------------------------------------------------------------

[2025-02-25 03:11:19;INFO]Current Epoch: 250 / 500 | Learning Rate : 0.00014644660940659913
[2025-02-25 03:11:20;INFO]Train | Loss : 0.006821 | ACC : 3150/3150 (100.000%)
[2025-02-25 03:11:20;INFO]Valid | Loss : 0.010899 | ACC : 1349/1350 (99.926%)
[2025-02-25 03:11:20;INFO]      | Loss didn't drop!

[2025-02-25 03:11:20;INFO]best epoch: 249, best loss: 0.010160
[2025-02-25 03:11:20;INFO]----------------------------------------------------------------------------------------------------

[2025-02-25 03:11:20;INFO]Current Epoch: 251 / 500 | Learning Rate : 0.0004999999999997352
[2025-02-25 03:11:21;INFO]Train | Loss : 0.006877 | ACC : 3150/3150 (100.000%)
[2025-02-25 03:11:21;INFO]Valid | Loss : 0.010839 | ACC : 1349/1350 (99.926%)
[2025-02-25 03:11:21;INFO]      | Loss didn't drop!

[2025-02-25 03:11:21;INFO]best epoch: 249, best loss: 0.010160
[2025-02-25 03:11:21;INFO]----------------------------------------------------------------------------------------------------

[2025-02-25 03:11:21;INFO]Current Epoch: 252 / 500 | Learning Rate : 0.0008535533905929625
[2025-02-25 03:11:22;INFO]Train | Loss : 0.006884 | ACC : 3150/3150 (100.000%)
[2025-02-25 03:11:22;INFO]Valid | Loss : 0.010245 | ACC : 1349/1350 (99.926%)
[2025-02-25 03:11:22;INFO]      | Loss didn't drop!

[2025-02-25 03:11:22;INFO]best epoch: 249, best loss: 0.010160
[2025-02-25 03:11:22;INFO]----------------------------------------------------------------------------------------------------

[2025-02-25 03:11:22;INFO]Current Epoch: 253 / 500 | Learning Rate : 0.0
[2025-02-25 03:11:23;INFO]Train | Loss : 0.006533 | ACC : 3150/3150 (100.000%)
[2025-02-25 03:11:24;INFO]Valid | Loss : 0.009584 | ACC : 1349/1350 (99.926%)
[2025-02-25 03:11:24;INFO]      | Loss dropped from 0.010160 to 0.009584, model has been saved!

[2025-02-25 03:11:24;INFO]best epoch: 253, best loss: 0.009584
[2025-02-25 03:11:24;INFO]----------------------------------------------------------------------------------------------------

[2025-02-25 03:11:24;INFO]Current Epoch: 254 / 500 | Learning Rate : 0.0008535533905944226
[2025-02-25 03:11:25;INFO]Train | Loss : 0.006521 | ACC : 3150/3150 (100.000%)
[2025-02-25 03:11:25;INFO]Valid | Loss : 0.010075 | ACC : 1349/1350 (99.926%)
[2025-02-25 03:11:25;INFO]      | Loss didn't drop!

[2025-02-25 03:11:25;INFO]best epoch: 253, best loss: 0.009584
[2025-02-25 03:11:25;INFO]----------------------------------------------------------------------------------------------------

[2025-02-25 03:11:25;INFO]Current Epoch: 255 / 500 | Learning Rate : 0.0005000000000000467
[2025-02-25 03:11:26;INFO]Train | Loss : 0.006244 | ACC : 3150/3150 (100.000%)
[2025-02-25 03:11:26;INFO]Valid | Loss : 0.009336 | ACC : 1349/1350 (99.926%)
[2025-02-25 03:11:26;INFO]      | Loss dropped from 0.009584 to 0.009336, model has been saved!

[2025-02-25 03:11:26;INFO]best epoch: 255, best loss: 0.009336
[2025-02-25 03:11:26;INFO]----------------------------------------------------------------------------------------------------

[2025-02-25 03:11:26;INFO]Current Epoch: 256 / 500 | Learning Rate : 0.00014644660940674908
[2025-02-25 03:11:27;INFO]Train | Loss : 0.006389 | ACC : 3150/3150 (100.000%)
[2025-02-25 03:11:27;INFO]Valid | Loss : 0.009840 | ACC : 1349/1350 (99.926%)
[2025-02-25 03:11:27;INFO]      | Loss didn't drop!

[2025-02-25 03:11:27;INFO]best epoch: 255, best loss: 0.009336
[2025-02-25 03:11:27;INFO]----------------------------------------------------------------------------------------------------

[2025-02-25 03:11:27;INFO]Current Epoch: 257 / 500 | Learning Rate : 0.0010000000000004328
[2025-02-25 03:11:28;INFO]Train | Loss : 0.006314 | ACC : 3150/3150 (100.000%)
[2025-02-25 03:11:28;INFO]Valid | Loss : 0.009710 | ACC : 1349/1350 (99.926%)
[2025-02-25 03:11:28;INFO]      | Loss didn't drop!

[2025-02-25 03:11:28;INFO]best epoch: 255, best loss: 0.009336
[2025-02-25 03:11:28;INFO]----------------------------------------------------------------------------------------------------

[2025-02-25 03:11:28;INFO]Current Epoch: 258 / 500 | Learning Rate : 0.00014644660940680188
[2025-02-25 03:11:29;INFO]Train | Loss : 0.006471 | ACC : 3150/3150 (100.000%)
[2025-02-25 03:11:29;INFO]Valid | Loss : 0.009846 | ACC : 1349/1350 (99.926%)
[2025-02-25 03:11:29;INFO]      | Loss didn't drop!

[2025-02-25 03:11:29;INFO]best epoch: 255, best loss: 0.009336
[2025-02-25 03:11:29;INFO]----------------------------------------------------------------------------------------------------

[2025-02-25 03:11:29;INFO]Current Epoch: 259 / 500 | Learning Rate : 0.0005000000000004176
[2025-02-25 03:11:30;INFO]Train | Loss : 0.006155 | ACC : 3150/3150 (100.000%)
[2025-02-25 03:11:30;INFO]Valid | Loss : 0.009556 | ACC : 1349/1350 (99.926%)
[2025-02-25 03:11:30;INFO]      | Loss didn't drop!

[2025-02-25 03:11:30;INFO]best epoch: 255, best loss: 0.009336
[2025-02-25 03:11:30;INFO]----------------------------------------------------------------------------------------------------

[2025-02-25 03:11:30;INFO]Current Epoch: 260 / 500 | Learning Rate : 0.000853553390592823
[2025-02-25 03:11:31;INFO]Train | Loss : 0.006244 | ACC : 3150/3150 (100.000%)
[2025-02-25 03:11:32;INFO]Valid | Loss : 0.009519 | ACC : 1349/1350 (99.926%)
[2025-02-25 03:11:32;INFO]      | Loss didn't drop!

[2025-02-25 03:11:32;INFO]best epoch: 255, best loss: 0.009336
[2025-02-25 03:11:32;INFO]----------------------------------------------------------------------------------------------------

[2025-02-25 03:11:32;INFO]Current Epoch: 261 / 500 | Learning Rate : 0.0
[2025-02-25 03:11:33;INFO]Train | Loss : 0.005858 | ACC : 3150/3150 (100.000%)
[2025-02-25 03:11:33;INFO]Valid | Loss : 0.009312 | ACC : 1349/1350 (99.926%)
[2025-02-25 03:11:33;INFO]      | Loss dropped from 0.009336 to 0.009312, model has been saved!

[2025-02-25 03:11:33;INFO]best epoch: 261, best loss: 0.009312
[2025-02-25 03:11:33;INFO]----------------------------------------------------------------------------------------------------

[2025-02-25 03:11:33;INFO]Current Epoch: 262 / 500 | Learning Rate : 0.0008535533905943588
[2025-02-25 03:11:34;INFO]Train | Loss : 0.006364 | ACC : 3150/3150 (100.000%)
[2025-02-25 03:11:34;INFO]Valid | Loss : 0.009385 | ACC : 1349/1350 (99.926%)
[2025-02-25 03:11:34;INFO]      | Loss didn't drop!

[2025-02-25 03:11:34;INFO]best epoch: 261, best loss: 0.009312
[2025-02-25 03:11:34;INFO]----------------------------------------------------------------------------------------------------

[2025-02-25 03:11:34;INFO]Current Epoch: 263 / 500 | Learning Rate : 0.0005000000000007349
[2025-02-25 03:11:35;INFO]Train | Loss : 0.005991 | ACC : 3150/3150 (100.000%)
[2025-02-25 03:11:35;INFO]Valid | Loss : 0.009665 | ACC : 1349/1350 (99.926%)
[2025-02-25 03:11:35;INFO]      | Loss didn't drop!

[2025-02-25 03:11:35;INFO]best epoch: 261, best loss: 0.009312
[2025-02-25 03:11:35;INFO]----------------------------------------------------------------------------------------------------

[2025-02-25 03:11:35;INFO]Current Epoch: 264 / 500 | Learning Rate : 0.00014644660940698795
[2025-02-25 03:11:36;INFO]Train | Loss : 0.005771 | ACC : 3150/3150 (100.000%)
[2025-02-25 03:11:36;INFO]Valid | Loss : 0.009157 | ACC : 1349/1350 (99.926%)
[2025-02-25 03:11:36;INFO]      | Loss dropped from 0.009312 to 0.009157, model has been saved!

[2025-02-25 03:11:36;INFO]best epoch: 264, best loss: 0.009157
[2025-02-25 03:11:36;INFO]----------------------------------------------------------------------------------------------------

[2025-02-25 03:11:36;INFO]Current Epoch: 265 / 500 | Learning Rate : 0.0009999999999989182
[2025-02-25 03:11:37;INFO]Train | Loss : 0.005844 | ACC : 3150/3150 (100.000%)
[2025-02-25 03:11:37;INFO]Valid | Loss : 0.009358 | ACC : 1349/1350 (99.926%)
[2025-02-25 03:11:37;INFO]      | Loss didn't drop!

[2025-02-25 03:11:37;INFO]best epoch: 264, best loss: 0.009157
[2025-02-25 03:11:37;INFO]----------------------------------------------------------------------------------------------------

[2025-02-25 03:11:37;INFO]Current Epoch: 266 / 500 | Learning Rate : 0.0001464466094070449
[2025-02-25 03:11:38;INFO]Train | Loss : 0.005864 | ACC : 3150/3150 (100.000%)
[2025-02-25 03:11:39;INFO]Valid | Loss : 0.009613 | ACC : 1349/1350 (99.926%)
[2025-02-25 03:11:39;INFO]      | Loss didn't drop!

[2025-02-25 03:11:39;INFO]best epoch: 264, best loss: 0.009157
[2025-02-25 03:11:39;INFO]----------------------------------------------------------------------------------------------------

[2025-02-25 03:11:39;INFO]Current Epoch: 267 / 500 | Learning Rate : 0.0005000000000010433
[2025-02-25 03:11:39;INFO]Train | Loss : 0.005690 | ACC : 3150/3150 (100.000%)
[2025-02-25 03:11:40;INFO]Valid | Loss : 0.009006 | ACC : 1349/1350 (99.926%)
[2025-02-25 03:11:40;INFO]      | Loss dropped from 0.009157 to 0.009006, model has been saved!

[2025-02-25 03:11:40;INFO]best epoch: 267, best loss: 0.009006
[2025-02-25 03:11:40;INFO]----------------------------------------------------------------------------------------------------

[2025-02-25 03:11:40;INFO]Current Epoch: 268 / 500 | Learning Rate : 0.000853553390592804
[2025-02-25 03:11:41;INFO]Train | Loss : 0.005542 | ACC : 3150/3150 (100.000%)
[2025-02-25 03:11:41;INFO]Valid | Loss : 0.009216 | ACC : 1349/1350 (99.926%)
[2025-02-25 03:11:41;INFO]      | Loss didn't drop!

[2025-02-25 03:11:41;INFO]best epoch: 267, best loss: 0.009006
[2025-02-25 03:11:41;INFO]----------------------------------------------------------------------------------------------------

[2025-02-25 03:11:41;INFO]Current Epoch: 269 / 500 | Learning Rate : 0.0
[2025-02-25 03:11:42;INFO]Train | Loss : 0.005515 | ACC : 3150/3150 (100.000%)
[2025-02-25 03:11:42;INFO]Valid | Loss : 0.010476 | ACC : 1349/1350 (99.926%)
[2025-02-25 03:11:42;INFO]      | Loss didn't drop!

[2025-02-25 03:11:42;INFO]best epoch: 267, best loss: 0.009006
[2025-02-25 03:11:42;INFO]----------------------------------------------------------------------------------------------------

[2025-02-25 03:11:42;INFO]Current Epoch: 270 / 500 | Learning Rate : 0.000853553390593016
[2025-02-25 03:11:43;INFO]Train | Loss : 0.005371 | ACC : 3150/3150 (100.000%)
[2025-02-25 03:11:43;INFO]Valid | Loss : 0.012206 | ACC : 1349/1350 (99.926%)
[2025-02-25 03:11:43;INFO]      | Loss didn't drop!

[2025-02-25 03:11:43;INFO]best epoch: 267, best loss: 0.009006
[2025-02-25 03:11:43;INFO]----------------------------------------------------------------------------------------------------

[2025-02-25 03:11:43;INFO]Current Epoch: 271 / 500 | Learning Rate : 0.0005000000000000328
[2025-02-25 03:11:44;INFO]Train | Loss : 0.005575 | ACC : 3150/3150 (100.000%)
[2025-02-25 03:11:44;INFO]Valid | Loss : 0.008831 | ACC : 1349/1350 (99.926%)
[2025-02-25 03:11:44;INFO]      | Loss dropped from 0.009006 to 0.008831, model has been saved!

[2025-02-25 03:11:44;INFO]best epoch: 271, best loss: 0.008831
[2025-02-25 03:11:44;INFO]----------------------------------------------------------------------------------------------------

[2025-02-25 03:11:44;INFO]Current Epoch: 272 / 500 | Learning Rate : 0.00014644660940672246
[2025-02-25 03:11:45;INFO]Train | Loss : 0.005622 | ACC : 3150/3150 (100.000%)
[2025-02-25 03:11:45;INFO]Valid | Loss : 0.009141 | ACC : 1349/1350 (99.926%)
[2025-02-25 03:11:45;INFO]      | Loss didn't drop!

[2025-02-25 03:11:45;INFO]best epoch: 271, best loss: 0.008831
[2025-02-25 03:11:45;INFO]----------------------------------------------------------------------------------------------------

[2025-02-25 03:11:45;INFO]Current Epoch: 273 / 500 | Learning Rate : 0.0010000000000002884
[2025-02-25 03:11:46;INFO]Train | Loss : 0.005302 | ACC : 3150/3150 (100.000%)
[2025-02-25 03:11:47;INFO]Valid | Loss : 0.008941 | ACC : 1349/1350 (99.926%)
[2025-02-25 03:11:47;INFO]      | Loss didn't drop!

[2025-02-25 03:11:47;INFO]best epoch: 271, best loss: 0.008831
[2025-02-25 03:11:47;INFO]----------------------------------------------------------------------------------------------------

[2025-02-25 03:11:47;INFO]Current Epoch: 274 / 500 | Learning Rate : 0.00014644660940678358
[2025-02-25 03:11:48;INFO]Train | Loss : 0.005330 | ACC : 3150/3150 (100.000%)
[2025-02-25 03:11:48;INFO]Valid | Loss : 0.008416 | ACC : 1349/1350 (99.926%)
[2025-02-25 03:11:48;INFO]      | Loss dropped from 0.008831 to 0.008416, model has been saved!

[2025-02-25 03:11:48;INFO]best epoch: 274, best loss: 0.008416
[2025-02-25 03:11:48;INFO]----------------------------------------------------------------------------------------------------

[2025-02-25 03:11:48;INFO]Current Epoch: 275 / 500 | Learning Rate : 0.0005000000000003351
[2025-02-25 03:11:49;INFO]Train | Loss : 0.005317 | ACC : 3150/3150 (100.000%)
[2025-02-25 03:11:49;INFO]Valid | Loss : 0.008750 | ACC : 1349/1350 (99.926%)
[2025-02-25 03:11:49;INFO]      | Loss didn't drop!

[2025-02-25 03:11:49;INFO]best epoch: 274, best loss: 0.008416
[2025-02-25 03:11:49;INFO]----------------------------------------------------------------------------------------------------

[2025-02-25 03:11:49;INFO]Current Epoch: 276 / 500 | Learning Rate : 0.0008535533905939354
[2025-02-25 03:11:50;INFO]Train | Loss : 0.005429 | ACC : 3150/3150 (100.000%)
[2025-02-25 03:11:50;INFO]Valid | Loss : 0.008535 | ACC : 1349/1350 (99.926%)
[2025-02-25 03:11:50;INFO]      | Loss didn't drop!

[2025-02-25 03:11:50;INFO]best epoch: 274, best loss: 0.008416
[2025-02-25 03:11:50;INFO]----------------------------------------------------------------------------------------------------

[2025-02-25 03:11:50;INFO]Current Epoch: 277 / 500 | Learning Rate : 0.0
[2025-02-25 03:11:51;INFO]Train | Loss : 0.005150 | ACC : 3150/3150 (100.000%)
[2025-02-25 03:11:51;INFO]Valid | Loss : 0.008663 | ACC : 1349/1350 (99.926%)
[2025-02-25 03:11:51;INFO]      | Loss didn't drop!

[2025-02-25 03:11:51;INFO]best epoch: 274, best loss: 0.008416
[2025-02-25 03:11:51;INFO]----------------------------------------------------------------------------------------------------

[2025-02-25 03:11:51;INFO]Current Epoch: 278 / 500 | Learning Rate : 0.0008535533905942238
[2025-02-25 03:11:52;INFO]Train | Loss : 0.005126 | ACC : 3150/3150 (100.000%)
[2025-02-25 03:11:52;INFO]Valid | Loss : 0.012990 | ACC : 1349/1350 (99.926%)
[2025-02-25 03:11:52;INFO]      | Loss didn't drop!

[2025-02-25 03:11:52;INFO]best epoch: 274, best loss: 0.008416
[2025-02-25 03:11:52;INFO]----------------------------------------------------------------------------------------------------

[2025-02-25 03:11:52;INFO]Current Epoch: 279 / 500 | Learning Rate : 0.0005000000000006641
[2025-02-25 03:11:53;INFO]Train | Loss : 0.005227 | ACC : 3150/3150 (100.000%)
[2025-02-25 03:11:54;INFO]Valid | Loss : 0.008642 | ACC : 1349/1350 (99.926%)
[2025-02-25 03:11:54;INFO]      | Loss didn't drop!

[2025-02-25 03:11:54;INFO]best epoch: 274, best loss: 0.008416
[2025-02-25 03:11:54;INFO]----------------------------------------------------------------------------------------------------

[2025-02-25 03:11:54;INFO]Current Epoch: 280 / 500 | Learning Rate : 0.00014644660940696125
[2025-02-25 03:11:55;INFO]Train | Loss : 0.004967 | ACC : 3150/3150 (100.000%)
[2025-02-25 03:11:55;INFO]Valid | Loss : 0.008856 | ACC : 1349/1350 (99.926%)
[2025-02-25 03:11:55;INFO]      | Loss didn't drop!

[2025-02-25 03:11:55;INFO]best epoch: 274, best loss: 0.008416
[2025-02-25 03:11:55;INFO]----------------------------------------------------------------------------------------------------

[2025-02-25 03:11:55;INFO]Current Epoch: 281 / 500 | Learning Rate : 0.0010000000000016593
[2025-02-25 03:11:56;INFO]Train | Loss : 0.004887 | ACC : 3150/3150 (100.000%)
[2025-02-25 03:11:56;INFO]Valid | Loss : 0.008345 | ACC : 1349/1350 (99.926%)
[2025-02-25 03:11:56;INFO]      | Loss dropped from 0.008416 to 0.008345, model has been saved!

[2025-02-25 03:11:56;INFO]best epoch: 281, best loss: 0.008345
[2025-02-25 03:11:56;INFO]----------------------------------------------------------------------------------------------------

[2025-02-25 03:11:56;INFO]Current Epoch: 282 / 500 | Learning Rate : 0.00014644660940652362
[2025-02-25 03:11:57;INFO]Train | Loss : 0.004785 | ACC : 3150/3150 (100.000%)
[2025-02-25 03:11:57;INFO]Valid | Loss : 0.008456 | ACC : 1349/1350 (99.926%)
[2025-02-25 03:11:57;INFO]      | Loss didn't drop!

[2025-02-25 03:11:57;INFO]best epoch: 281, best loss: 0.008345
[2025-02-25 03:11:57;INFO]----------------------------------------------------------------------------------------------------

[2025-02-25 03:11:57;INFO]Current Epoch: 283 / 500 | Learning Rate : 0.000499999999999518
[2025-02-25 03:11:58;INFO]Train | Loss : 0.004674 | ACC : 3150/3150 (100.000%)
[2025-02-25 03:11:58;INFO]Valid | Loss : 0.008491 | ACC : 1349/1350 (99.926%)
[2025-02-25 03:11:58;INFO]      | Loss didn't drop!

[2025-02-25 03:11:58;INFO]best epoch: 281, best loss: 0.008345
[2025-02-25 03:11:58;INFO]----------------------------------------------------------------------------------------------------

[2025-02-25 03:11:58;INFO]Current Epoch: 284 / 500 | Learning Rate : 0.0008535533905951398
[2025-02-25 03:11:59;INFO]Train | Loss : 0.004996 | ACC : 3150/3150 (100.000%)
[2025-02-25 03:11:59;INFO]Valid | Loss : 0.008733 | ACC : 1349/1350 (99.926%)
[2025-02-25 03:11:59;INFO]      | Loss didn't drop!

[2025-02-25 03:11:59;INFO]best epoch: 281, best loss: 0.008345
[2025-02-25 03:11:59;INFO]----------------------------------------------------------------------------------------------------

[2025-02-25 03:11:59;INFO]Current Epoch: 285 / 500 | Learning Rate : 0.0
[2025-02-25 03:12:00;INFO]Train | Loss : 0.005072 | ACC : 3150/3150 (100.000%)
[2025-02-25 03:12:00;INFO]Valid | Loss : 0.008128 | ACC : 1349/1350 (99.926%)
[2025-02-25 03:12:00;INFO]      | Loss dropped from 0.008345 to 0.008128, model has been saved!

[2025-02-25 03:12:00;INFO]best epoch: 285, best loss: 0.008128
[2025-02-25 03:12:00;INFO]----------------------------------------------------------------------------------------------------

[2025-02-25 03:12:00;INFO]Current Epoch: 286 / 500 | Learning Rate : 0.000853553390592961
[2025-02-25 03:12:01;INFO]Train | Loss : 0.004657 | ACC : 3150/3150 (100.000%)
[2025-02-25 03:12:02;INFO]Valid | Loss : 0.007952 | ACC : 1349/1350 (99.926%)
[2025-02-25 03:12:02;INFO]      | Loss dropped from 0.008128 to 0.007952, model has been saved!

[2025-02-25 03:12:02;INFO]best epoch: 286, best loss: 0.007952
[2025-02-25 03:12:02;INFO]----------------------------------------------------------------------------------------------------

[2025-02-25 03:12:02;INFO]Current Epoch: 287 / 500 | Learning Rate : 0.0004999999999999664
[2025-02-25 03:12:03;INFO]Train | Loss : 0.004673 | ACC : 3150/3150 (100.000%)
[2025-02-25 03:12:03;INFO]Valid | Loss : 0.008514 | ACC : 1349/1350 (99.926%)
[2025-02-25 03:12:03;INFO]      | Loss didn't drop!

[2025-02-25 03:12:03;INFO]best epoch: 286, best loss: 0.007952
[2025-02-25 03:12:03;INFO]----------------------------------------------------------------------------------------------------

[2025-02-25 03:12:03;INFO]Current Epoch: 288 / 500 | Learning Rate : 0.00014644660940669714
[2025-02-25 03:12:04;INFO]Train | Loss : 0.004534 | ACC : 3150/3150 (100.000%)
[2025-02-25 03:12:04;INFO]Valid | Loss : 0.008737 | ACC : 1349/1350 (99.926%)
[2025-02-25 03:12:04;INFO]      | Loss didn't drop!

[2025-02-25 03:12:04;INFO]best epoch: 286, best loss: 0.007952
[2025-02-25 03:12:04;INFO]----------------------------------------------------------------------------------------------------

[2025-02-25 03:12:04;INFO]Current Epoch: 289 / 500 | Learning Rate : 0.0010000000000001358
[2025-02-25 03:12:05;INFO]Train | Loss : 0.004406 | ACC : 3150/3150 (100.000%)
[2025-02-25 03:12:05;INFO]Valid | Loss : 0.007950 | ACC : 1349/1350 (99.926%)
[2025-02-25 03:12:05;INFO]      | Loss dropped from 0.007952 to 0.007950, model has been saved!

[2025-02-25 03:12:05;INFO]best epoch: 289, best loss: 0.007950
[2025-02-25 03:12:05;INFO]----------------------------------------------------------------------------------------------------

[2025-02-25 03:12:05;INFO]Current Epoch: 290 / 500 | Learning Rate : 0.00014644660940676664
[2025-02-25 03:12:06;INFO]Train | Loss : 0.004574 | ACC : 3150/3150 (100.000%)
[2025-02-25 03:12:06;INFO]Valid | Loss : 0.008436 | ACC : 1349/1350 (99.926%)
[2025-02-25 03:12:06;INFO]      | Loss didn't drop!

[2025-02-25 03:12:06;INFO]best epoch: 289, best loss: 0.007950
[2025-02-25 03:12:06;INFO]----------------------------------------------------------------------------------------------------

[2025-02-25 03:12:06;INFO]Current Epoch: 291 / 500 | Learning Rate : 0.0005000000000001432
[2025-02-25 03:12:07;INFO]Train | Loss : 0.004313 | ACC : 3150/3150 (100.000%)
[2025-02-25 03:12:07;INFO]Valid | Loss : 0.008306 | ACC : 1349/1350 (99.926%)
[2025-02-25 03:12:07;INFO]      | Loss didn't drop!

[2025-02-25 03:12:07;INFO]best epoch: 289, best loss: 0.007950
[2025-02-25 03:12:07;INFO]----------------------------------------------------------------------------------------------------

[2025-02-25 03:12:07;INFO]Current Epoch: 292 / 500 | Learning Rate : 0.0008535533905938892
[2025-02-25 03:12:08;INFO]Train | Loss : 0.004302 | ACC : 3150/3150 (100.000%)
[2025-02-25 03:12:09;INFO]Valid | Loss : 0.008019 | ACC : 1349/1350 (99.926%)
[2025-02-25 03:12:09;INFO]      | Loss didn't drop!

[2025-02-25 03:12:09;INFO]best epoch: 289, best loss: 0.007950
[2025-02-25 03:12:09;INFO]----------------------------------------------------------------------------------------------------

[2025-02-25 03:12:09;INFO]Current Epoch: 293 / 500 | Learning Rate : 0.0
[2025-02-25 03:12:10;INFO]Train | Loss : 0.004162 | ACC : 3150/3150 (100.000%)
[2025-02-25 03:12:10;INFO]Valid | Loss : 0.008569 | ACC : 1349/1350 (99.926%)
[2025-02-25 03:12:10;INFO]      | Loss didn't drop!

[2025-02-25 03:12:10;INFO]best epoch: 289, best loss: 0.007950
[2025-02-25 03:12:10;INFO]----------------------------------------------------------------------------------------------------

[2025-02-25 03:12:10;INFO]Current Epoch: 294 / 500 | Learning Rate : 0.0008535533905940888
[2025-02-25 03:12:11;INFO]Train | Loss : 0.004247 | ACC : 3150/3150 (100.000%)
[2025-02-25 03:12:11;INFO]Valid | Loss : 0.008146 | ACC : 1349/1350 (99.926%)
[2025-02-25 03:12:11;INFO]      | Loss didn't drop!

[2025-02-25 03:12:11;INFO]best epoch: 289, best loss: 0.007950
[2025-02-25 03:12:11;INFO]----------------------------------------------------------------------------------------------------

[2025-02-25 03:12:11;INFO]Current Epoch: 295 / 500 | Learning Rate : 0.0005000000000005978
[2025-02-25 03:12:12;INFO]Train | Loss : 0.004112 | ACC : 3150/3150 (100.000%)
[2025-02-25 03:12:12;INFO]Valid | Loss : 0.008123 | ACC : 1349/1350 (99.926%)
[2025-02-25 03:12:12;INFO]      | Loss didn't drop!

[2025-02-25 03:12:12;INFO]best epoch: 289, best loss: 0.007950
[2025-02-25 03:12:12;INFO]----------------------------------------------------------------------------------------------------

[2025-02-25 03:12:12;INFO]Current Epoch: 296 / 500 | Learning Rate : 0.000146446609406936
[2025-02-25 03:12:13;INFO]Train | Loss : 0.003906 | ACC : 3150/3150 (100.000%)
[2025-02-25 03:12:13;INFO]Valid | Loss : 0.008284 | ACC : 1349/1350 (99.926%)
[2025-02-25 03:12:13;INFO]      | Loss didn't drop!

[2025-02-25 03:12:13;INFO]best epoch: 289, best loss: 0.007950
[2025-02-25 03:12:13;INFO]----------------------------------------------------------------------------------------------------

[2025-02-25 03:12:13;INFO]Current Epoch: 297 / 500 | Learning Rate : 0.0010000000000015066
[2025-02-25 03:12:14;INFO]Train | Loss : 0.003979 | ACC : 3150/3150 (100.000%)
[2025-02-25 03:12:14;INFO]Valid | Loss : 0.007790 | ACC : 1349/1350 (99.926%)
[2025-02-25 03:12:14;INFO]      | Loss dropped from 0.007950 to 0.007790, model has been saved!

[2025-02-25 03:12:14;INFO]best epoch: 297, best loss: 0.007790
[2025-02-25 03:12:14;INFO]----------------------------------------------------------------------------------------------------

[2025-02-25 03:12:14;INFO]Current Epoch: 298 / 500 | Learning Rate : 0.00014644660940650532
[2025-02-25 03:12:15;INFO]Train | Loss : 0.004410 | ACC : 3150/3150 (100.000%)
[2025-02-25 03:12:16;INFO]Valid | Loss : 0.009938 | ACC : 1349/1350 (99.926%)
[2025-02-25 03:12:16;INFO]      | Loss didn't drop!

[2025-02-25 03:12:16;INFO]best epoch: 297, best loss: 0.007790
[2025-02-25 03:12:16;INFO]----------------------------------------------------------------------------------------------------

[2025-02-25 03:12:16;INFO]Current Epoch: 299 / 500 | Learning Rate : 0.0004999999999995491
[2025-02-25 03:12:16;INFO]Train | Loss : 0.004097 | ACC : 3150/3150 (100.000%)
[2025-02-25 03:12:17;INFO]Valid | Loss : 0.061498 | ACC : 1338/1350 (99.111%)
[2025-02-25 03:12:17;INFO]      | Loss didn't drop!

[2025-02-25 03:12:17;INFO]best epoch: 297, best loss: 0.007790
[2025-02-25 03:12:17;INFO]----------------------------------------------------------------------------------------------------

[2025-02-25 03:12:17;INFO]Current Epoch: 300 / 500 | Learning Rate : 0.0008535533905925578
[2025-02-25 03:12:18;INFO]Train | Loss : 0.004116 | ACC : 3150/3150 (100.000%)
[2025-02-25 03:12:18;INFO]Valid | Loss : 0.009172 | ACC : 1349/1350 (99.926%)
[2025-02-25 03:12:18;INFO]      | Loss didn't drop!

[2025-02-25 03:12:18;INFO]best epoch: 297, best loss: 0.007790
[2025-02-25 03:12:18;INFO]----------------------------------------------------------------------------------------------------

[2025-02-25 03:12:18;INFO]Current Epoch: 301 / 500 | Learning Rate : 0.0
[2025-02-25 03:12:19;INFO]Train | Loss : 0.004035 | ACC : 3150/3150 (100.000%)
[2025-02-25 03:12:19;INFO]Valid | Loss : 0.008220 | ACC : 1349/1350 (99.926%)
[2025-02-25 03:12:19;INFO]      | Loss didn't drop!

[2025-02-25 03:12:19;INFO]best epoch: 297, best loss: 0.007790
[2025-02-25 03:12:19;INFO]----------------------------------------------------------------------------------------------------

[2025-02-25 03:12:19;INFO]Current Epoch: 302 / 500 | Learning Rate : 0.0008535533905952973
[2025-02-25 03:12:20;INFO]Train | Loss : 0.003863 | ACC : 3150/3150 (100.000%)
[2025-02-25 03:12:20;INFO]Valid | Loss : 0.008064 | ACC : 1349/1350 (99.926%)
[2025-02-25 03:12:20;INFO]      | Loss didn't drop!

[2025-02-25 03:12:20;INFO]best epoch: 297, best loss: 0.007790
[2025-02-25 03:12:20;INFO]----------------------------------------------------------------------------------------------------

[2025-02-25 03:12:20;INFO]Current Epoch: 303 / 500 | Learning Rate : 0.0004999999999997821
[2025-02-25 03:12:21;INFO]Train | Loss : 0.003772 | ACC : 3150/3150 (100.000%)
[2025-02-25 03:12:21;INFO]Valid | Loss : 0.007725 | ACC : 1349/1350 (99.926%)
[2025-02-25 03:12:21;INFO]      | Loss dropped from 0.007790 to 0.007725, model has been saved!

[2025-02-25 03:12:21;INFO]best epoch: 303, best loss: 0.007725
[2025-02-25 03:12:21;INFO]----------------------------------------------------------------------------------------------------

[2025-02-25 03:12:21;INFO]Current Epoch: 304 / 500 | Learning Rate : 0.0001464466094066705
[2025-02-25 03:12:22;INFO]Train | Loss : 0.003738 | ACC : 3150/3150 (100.000%)
[2025-02-25 03:12:22;INFO]Valid | Loss : 0.007991 | ACC : 1349/1350 (99.926%)
[2025-02-25 03:12:22;INFO]      | Loss didn't drop!

[2025-02-25 03:12:22;INFO]best epoch: 303, best loss: 0.007725
[2025-02-25 03:12:22;INFO]----------------------------------------------------------------------------------------------------

[2025-02-25 03:12:22;INFO]Current Epoch: 305 / 500 | Learning Rate : 0.0009999999999999913
[2025-02-25 03:12:23;INFO]Train | Loss : 0.003681 | ACC : 3150/3150 (100.000%)
[2025-02-25 03:12:24;INFO]Valid | Loss : 0.007627 | ACC : 1349/1350 (99.926%)
[2025-02-25 03:12:24;INFO]      | Loss dropped from 0.007725 to 0.007627, model has been saved!

[2025-02-25 03:12:24;INFO]best epoch: 305, best loss: 0.007627
[2025-02-25 03:12:24;INFO]----------------------------------------------------------------------------------------------------

[2025-02-25 03:12:24;INFO]Current Epoch: 306 / 500 | Learning Rate : 0.00014644660940674837
[2025-02-25 03:12:25;INFO]Train | Loss : 0.003595 | ACC : 3150/3150 (100.000%)
[2025-02-25 03:12:25;INFO]Valid | Loss : 0.008290 | ACC : 1349/1350 (99.926%)
[2025-02-25 03:12:25;INFO]      | Loss didn't drop!

[2025-02-25 03:12:25;INFO]best epoch: 305, best loss: 0.007627
[2025-02-25 03:12:25;INFO]----------------------------------------------------------------------------------------------------

[2025-02-25 03:12:25;INFO]Current Epoch: 307 / 500 | Learning Rate : 0.0005000000000001748
[2025-02-25 03:12:26;INFO]Train | Loss : 0.003654 | ACC : 3150/3150 (100.000%)
[2025-02-25 03:12:26;INFO]Valid | Loss : 0.007933 | ACC : 1349/1350 (99.926%)
[2025-02-25 03:12:26;INFO]      | Loss didn't drop!

[2025-02-25 03:12:26;INFO]best epoch: 305, best loss: 0.007627
[2025-02-25 03:12:26;INFO]----------------------------------------------------------------------------------------------------

[2025-02-25 03:12:26;INFO]Current Epoch: 308 / 500 | Learning Rate : 0.0008535533905936823
[2025-02-25 03:12:27;INFO]Train | Loss : 0.003760 | ACC : 3150/3150 (100.000%)
[2025-02-25 03:12:27;INFO]Valid | Loss : 0.007902 | ACC : 1349/1350 (99.926%)
[2025-02-25 03:12:27;INFO]      | Loss didn't drop!

[2025-02-25 03:12:27;INFO]best epoch: 305, best loss: 0.007627
[2025-02-25 03:12:27;INFO]----------------------------------------------------------------------------------------------------

[2025-02-25 03:12:27;INFO]Current Epoch: 309 / 500 | Learning Rate : 0.0
[2025-02-25 03:12:28;INFO]Train | Loss : 0.003569 | ACC : 3150/3150 (100.000%)
[2025-02-25 03:12:28;INFO]Valid | Loss : 0.009908 | ACC : 1349/1350 (99.926%)
[2025-02-25 03:12:28;INFO]      | Loss didn't drop!

[2025-02-25 03:12:28;INFO]best epoch: 305, best loss: 0.007627
[2025-02-25 03:12:28;INFO]----------------------------------------------------------------------------------------------------

[2025-02-25 03:12:28;INFO]Current Epoch: 310 / 500 | Learning Rate : 0.0008535533905939615
[2025-02-25 03:12:29;INFO]Train | Loss : 0.003570 | ACC : 3150/3150 (100.000%)
[2025-02-25 03:12:29;INFO]Valid | Loss : 0.007831 | ACC : 1349/1350 (99.926%)
[2025-02-25 03:12:29;INFO]      | Loss didn't drop!

[2025-02-25 03:12:29;INFO]best epoch: 305, best loss: 0.007627
[2025-02-25 03:12:29;INFO]----------------------------------------------------------------------------------------------------

[2025-02-25 03:12:29;INFO]Current Epoch: 311 / 500 | Learning Rate : 0.0005000000000005271
[2025-02-25 03:12:30;INFO]Train | Loss : 0.003558 | ACC : 3150/3150 (100.000%)
[2025-02-25 03:12:31;INFO]Valid | Loss : 0.007391 | ACC : 1349/1350 (99.926%)
[2025-02-25 03:12:31;INFO]      | Loss dropped from 0.007627 to 0.007391, model has been saved!

[2025-02-25 03:12:31;INFO]best epoch: 311, best loss: 0.007391
[2025-02-25 03:12:31;INFO]----------------------------------------------------------------------------------------------------

[2025-02-25 03:12:31;INFO]Current Epoch: 312 / 500 | Learning Rate : 0.00014644660940690935
[2025-02-25 03:12:31;INFO]Train | Loss : 0.003542 | ACC : 3150/3150 (100.000%)
[2025-02-25 03:12:32;INFO]Valid | Loss : 0.007867 | ACC : 1349/1350 (99.926%)
[2025-02-25 03:12:32;INFO]      | Loss didn't drop!

[2025-02-25 03:12:32;INFO]best epoch: 311, best loss: 0.007391
[2025-02-25 03:12:32;INFO]----------------------------------------------------------------------------------------------------

[2025-02-25 03:12:32;INFO]Current Epoch: 313 / 500 | Learning Rate : 0.001000000000001362
[2025-02-25 03:12:33;INFO]Train | Loss : 0.003433 | ACC : 3150/3150 (100.000%)
[2025-02-25 03:12:33;INFO]Valid | Loss : 0.007671 | ACC : 1349/1350 (99.926%)
[2025-02-25 03:12:33;INFO]      | Loss didn't drop!

[2025-02-25 03:12:33;INFO]best epoch: 311, best loss: 0.007391
[2025-02-25 03:12:33;INFO]----------------------------------------------------------------------------------------------------

[2025-02-25 03:12:33;INFO]Current Epoch: 314 / 500 | Learning Rate : 0.00014644660940699134
[2025-02-25 03:12:34;INFO]Train | Loss : 0.003376 | ACC : 3150/3150 (100.000%)
[2025-02-25 03:12:34;INFO]Valid | Loss : 0.007255 | ACC : 1349/1350 (99.926%)
[2025-02-25 03:12:34;INFO]      | Loss dropped from 0.007391 to 0.007255, model has been saved!

[2025-02-25 03:12:34;INFO]best epoch: 314, best loss: 0.007255
[2025-02-25 03:12:34;INFO]----------------------------------------------------------------------------------------------------

[2025-02-25 03:12:34;INFO]Current Epoch: 315 / 500 | Learning Rate : 0.0005000000000008003
[2025-02-25 03:12:35;INFO]Train | Loss : 0.003227 | ACC : 3150/3150 (100.000%)
[2025-02-25 03:12:35;INFO]Valid | Loss : 0.007517 | ACC : 1349/1350 (99.926%)
[2025-02-25 03:12:35;INFO]      | Loss didn't drop!

[2025-02-25 03:12:35;INFO]best epoch: 314, best loss: 0.007255
[2025-02-25 03:12:35;INFO]----------------------------------------------------------------------------------------------------

[2025-02-25 03:12:35;INFO]Current Epoch: 316 / 500 | Learning Rate : 0.0008535533905924312
[2025-02-25 03:12:36;INFO]Train | Loss : 0.003467 | ACC : 3150/3150 (100.000%)
[2025-02-25 03:12:36;INFO]Valid | Loss : 0.007232 | ACC : 1349/1350 (99.926%)
[2025-02-25 03:12:36;INFO]      | Loss dropped from 0.007255 to 0.007232, model has been saved!

[2025-02-25 03:12:36;INFO]best epoch: 316, best loss: 0.007232
[2025-02-25 03:12:36;INFO]----------------------------------------------------------------------------------------------------

[2025-02-25 03:12:36;INFO]Current Epoch: 317 / 500 | Learning Rate : 0.0
[2025-02-25 03:12:37;INFO]Train | Loss : 0.003260 | ACC : 3150/3150 (100.000%)
[2025-02-25 03:12:37;INFO]Valid | Loss : 0.008416 | ACC : 1349/1350 (99.926%)
[2025-02-25 03:12:37;INFO]      | Loss didn't drop!

[2025-02-25 03:12:37;INFO]best epoch: 316, best loss: 0.007232
[2025-02-25 03:12:37;INFO]----------------------------------------------------------------------------------------------------

[2025-02-25 03:12:37;INFO]Current Epoch: 318 / 500 | Learning Rate : 0.000853553390592699
[2025-02-25 03:12:38;INFO]Train | Loss : 0.003222 | ACC : 3150/3150 (100.000%)
[2025-02-25 03:12:39;INFO]Valid | Loss : 0.007814 | ACC : 1349/1350 (99.926%)
[2025-02-25 03:12:39;INFO]      | Loss didn't drop!

[2025-02-25 03:12:39;INFO]best epoch: 316, best loss: 0.007232
[2025-02-25 03:12:39;INFO]----------------------------------------------------------------------------------------------------

[2025-02-25 03:12:39;INFO]Current Epoch: 319 / 500 | Learning Rate : 0.0005000000000011587
[2025-02-25 03:12:40;INFO]Train | Loss : 0.003182 | ACC : 3150/3150 (100.000%)
[2025-02-25 03:12:40;INFO]Valid | Loss : 0.010739 | ACC : 1349/1350 (99.926%)
[2025-02-25 03:12:40;INFO]      | Loss didn't drop!

[2025-02-25 03:12:40;INFO]best epoch: 316, best loss: 0.007232
[2025-02-25 03:12:40;INFO]----------------------------------------------------------------------------------------------------

[2025-02-25 03:12:40;INFO]Current Epoch: 320 / 500 | Learning Rate : 0.00014644660940714836
[2025-02-25 03:12:41;INFO]Train | Loss : 0.003170 | ACC : 3150/3150 (100.000%)
[2025-02-25 03:12:41;INFO]Valid | Loss : 0.007634 | ACC : 1349/1350 (99.926%)
[2025-02-25 03:12:41;INFO]      | Loss didn't drop!

[2025-02-25 03:12:41;INFO]best epoch: 316, best loss: 0.007232
[2025-02-25 03:12:41;INFO]----------------------------------------------------------------------------------------------------

[2025-02-25 03:12:41;INFO]Current Epoch: 321 / 500 | Learning Rate : 0.0009999999999998378
[2025-02-25 03:12:42;INFO]Train | Loss : 0.003173 | ACC : 3150/3150 (100.000%)
[2025-02-25 03:12:42;INFO]Valid | Loss : 0.007392 | ACC : 1349/1350 (99.926%)
[2025-02-25 03:12:42;INFO]      | Loss didn't drop!

[2025-02-25 03:12:42;INFO]best epoch: 316, best loss: 0.007232
[2025-02-25 03:12:42;INFO]----------------------------------------------------------------------------------------------------

[2025-02-25 03:12:42;INFO]Current Epoch: 322 / 500 | Learning Rate : 0.0001464466094067301
[2025-02-25 03:12:43;INFO]Train | Loss : 0.002968 | ACC : 3150/3150 (100.000%)
[2025-02-25 03:12:43;INFO]Valid | Loss : 0.006950 | ACC : 1349/1350 (99.926%)
[2025-02-25 03:12:43;INFO]      | Loss dropped from 0.007232 to 0.006950, model has been saved!

[2025-02-25 03:12:43;INFO]best epoch: 322, best loss: 0.006950
[2025-02-25 03:12:43;INFO]----------------------------------------------------------------------------------------------------

[2025-02-25 03:12:43;INFO]Current Epoch: 323 / 500 | Learning Rate : 0.0005000000000000924
[2025-02-25 03:12:44;INFO]Train | Loss : 0.003065 | ACC : 3150/3150 (100.000%)
[2025-02-25 03:12:44;INFO]Valid | Loss : 0.007392 | ACC : 1349/1350 (99.926%)
[2025-02-25 03:12:44;INFO]      | Loss didn't drop!

[2025-02-25 03:12:44;INFO]best epoch: 322, best loss: 0.006950
[2025-02-25 03:12:44;INFO]----------------------------------------------------------------------------------------------------

[2025-02-25 03:12:44;INFO]Current Epoch: 324 / 500 | Learning Rate : 0.0008535533905935632
[2025-02-25 03:12:45;INFO]Train | Loss : 0.003204 | ACC : 3150/3150 (100.000%)
[2025-02-25 03:12:46;INFO]Valid | Loss : 0.007684 | ACC : 1349/1350 (99.926%)
[2025-02-25 03:12:46;INFO]      | Loss didn't drop!

[2025-02-25 03:12:46;INFO]best epoch: 322, best loss: 0.006950
[2025-02-25 03:12:46;INFO]----------------------------------------------------------------------------------------------------

[2025-02-25 03:12:46;INFO]Current Epoch: 325 / 500 | Learning Rate : 0.0
[2025-02-25 03:12:47;INFO]Train | Loss : 0.002936 | ACC : 3150/3150 (100.000%)
[2025-02-25 03:12:47;INFO]Valid | Loss : 0.007697 | ACC : 1349/1350 (99.926%)
[2025-02-25 03:12:47;INFO]      | Loss didn't drop!

[2025-02-25 03:12:47;INFO]best epoch: 322, best loss: 0.006950
[2025-02-25 03:12:47;INFO]----------------------------------------------------------------------------------------------------

[2025-02-25 03:12:47;INFO]Current Epoch: 326 / 500 | Learning Rate : 0.000853553390593826
[2025-02-25 03:12:48;INFO]Train | Loss : 0.002901 | ACC : 3150/3150 (100.000%)
[2025-02-25 03:12:48;INFO]Valid | Loss : 0.007383 | ACC : 1349/1350 (99.926%)
[2025-02-25 03:12:48;INFO]      | Loss didn't drop!

[2025-02-25 03:12:48;INFO]best epoch: 322, best loss: 0.006950
[2025-02-25 03:12:48;INFO]----------------------------------------------------------------------------------------------------

[2025-02-25 03:12:48;INFO]Current Epoch: 327 / 500 | Learning Rate : 0.000500000000000461
[2025-02-25 03:12:49;INFO]Train | Loss : 0.002839 | ACC : 3150/3150 (100.000%)
[2025-02-25 03:12:49;INFO]Valid | Loss : 0.007157 | ACC : 1349/1350 (99.926%)
[2025-02-25 03:12:49;INFO]      | Loss didn't drop!

[2025-02-25 03:12:49;INFO]best epoch: 322, best loss: 0.006950
[2025-02-25 03:12:49;INFO]----------------------------------------------------------------------------------------------------

[2025-02-25 03:12:49;INFO]Current Epoch: 328 / 500 | Learning Rate : 0.00014644660940688414
[2025-02-25 03:12:50;INFO]Train | Loss : 0.002989 | ACC : 3150/3150 (100.000%)
[2025-02-25 03:12:50;INFO]Valid | Loss : 0.007375 | ACC : 1349/1350 (99.926%)
[2025-02-25 03:12:50;INFO]      | Loss didn't drop!

[2025-02-25 03:12:50;INFO]best epoch: 322, best loss: 0.006950
[2025-02-25 03:12:50;INFO]----------------------------------------------------------------------------------------------------

[2025-02-25 03:12:50;INFO]Current Epoch: 329 / 500 | Learning Rate : 0.0010000000000012087
[2025-02-25 03:12:51;INFO]Train | Loss : 0.002822 | ACC : 3150/3150 (100.000%)
[2025-02-25 03:12:51;INFO]Valid | Loss : 0.007501 | ACC : 1349/1350 (99.926%)
[2025-02-25 03:12:51;INFO]      | Loss didn't drop!

[2025-02-25 03:12:51;INFO]best epoch: 322, best loss: 0.006950
[2025-02-25 03:12:51;INFO]----------------------------------------------------------------------------------------------------

[2025-02-25 03:12:51;INFO]Current Epoch: 330 / 500 | Learning Rate : 0.00014644660940697307
[2025-02-25 03:12:52;INFO]Train | Loss : 0.002778 | ACC : 3150/3150 (100.000%)
[2025-02-25 03:12:52;INFO]Valid | Loss : 0.007369 | ACC : 1349/1350 (99.926%)
[2025-02-25 03:12:52;INFO]      | Loss didn't drop!

[2025-02-25 03:12:52;INFO]best epoch: 322, best loss: 0.006950
[2025-02-25 03:12:52;INFO]----------------------------------------------------------------------------------------------------

[2025-02-25 03:12:52;INFO]Current Epoch: 331 / 500 | Learning Rate : 0.0005000000000007178
[2025-02-25 03:12:53;INFO]Train | Loss : 0.002760 | ACC : 3150/3150 (100.000%)
[2025-02-25 03:12:54;INFO]Valid | Loss : 0.772654 | ACC : 1086/1350 (80.444%)
[2025-02-25 03:12:54;INFO]      | Loss didn't drop!

[2025-02-25 03:12:54;INFO]best epoch: 322, best loss: 0.006950
[2025-02-25 03:12:54;INFO]----------------------------------------------------------------------------------------------------

[2025-02-25 03:12:54;INFO]Current Epoch: 332 / 500 | Learning Rate : 0.0008535533905947759
[2025-02-25 03:12:55;INFO]Train | Loss : 0.315876 | ACC : 2868/3150 (91.048%)
[2025-02-25 03:12:55;INFO]Valid | Loss : 6.214827 | ACC : 621/1350 (46.000%)
[2025-02-25 03:12:55;INFO]      | Loss didn't drop!

[2025-02-25 03:12:55;INFO]best epoch: 322, best loss: 0.006950
[2025-02-25 03:12:55;INFO]----------------------------------------------------------------------------------------------------

[2025-02-25 03:12:55;INFO]Current Epoch: 333 / 500 | Learning Rate : 0.0
[2025-02-25 03:12:56;INFO]Train | Loss : 0.067135 | ACC : 3130/3150 (99.365%)
[2025-02-25 03:12:56;INFO]Valid | Loss : 0.189836 | ACC : 1292/1350 (95.704%)
[2025-02-25 03:12:56;INFO]      | Loss didn't drop!

[2025-02-25 03:12:56;INFO]best epoch: 322, best loss: 0.006950
[2025-02-25 03:12:56;INFO]----------------------------------------------------------------------------------------------------

[2025-02-25 03:12:56;INFO]Current Epoch: 334 / 500 | Learning Rate : 0.0008535533905925715
[2025-02-25 03:12:57;INFO]Train | Loss : 0.034979 | ACC : 3140/3150 (99.683%)
[2025-02-25 03:12:57;INFO]Valid | Loss : 0.053111 | ACC : 1335/1350 (98.889%)
[2025-02-25 03:12:57;INFO]      | Loss didn't drop!

[2025-02-25 03:12:57;INFO]best epoch: 322, best loss: 0.006950
[2025-02-25 03:12:57;INFO]----------------------------------------------------------------------------------------------------

[2025-02-25 03:12:57;INFO]Current Epoch: 335 / 500 | Learning Rate : 0.0004999999999997587
[2025-02-25 03:12:58;INFO]Train | Loss : 0.027070 | ACC : 3141/3150 (99.714%)
[2025-02-25 03:12:58;INFO]Valid | Loss : 0.054838 | ACC : 1347/1350 (99.778%)
[2025-02-25 03:12:58;INFO]      | Loss didn't drop!

[2025-02-25 03:12:58;INFO]best epoch: 322, best loss: 0.006950
[2025-02-25 03:12:58;INFO]----------------------------------------------------------------------------------------------------

[2025-02-25 03:12:58;INFO]Current Epoch: 336 / 500 | Learning Rate : 0.00014644660940661865
[2025-02-25 03:12:59;INFO]Train | Loss : 0.015608 | ACC : 3146/3150 (99.873%)
[2025-02-25 03:12:59;INFO]Valid | Loss : 0.025702 | ACC : 1349/1350 (99.926%)
[2025-02-25 03:12:59;INFO]      | Loss didn't drop!

[2025-02-25 03:12:59;INFO]best epoch: 322, best loss: 0.006950
[2025-02-25 03:12:59;INFO]----------------------------------------------------------------------------------------------------

[2025-02-25 03:12:59;INFO]Current Epoch: 337 / 500 | Learning Rate : 0.0010000000000025793
[2025-02-25 03:13:00;INFO]Train | Loss : 0.013405 | ACC : 3146/3150 (99.873%)
[2025-02-25 03:13:01;INFO]Valid | Loss : 0.012735 | ACC : 1348/1350 (99.852%)
[2025-02-25 03:13:01;INFO]      | Loss didn't drop!

[2025-02-25 03:13:01;INFO]best epoch: 322, best loss: 0.006950
[2025-02-25 03:13:01;INFO]----------------------------------------------------------------------------------------------------

[2025-02-25 03:13:01;INFO]Current Epoch: 338 / 500 | Learning Rate : 0.0001464466094067131
[2025-02-25 03:13:02;INFO]Train | Loss : 0.012463 | ACC : 3148/3150 (99.937%)
[2025-02-25 03:13:02;INFO]Valid | Loss : 0.015954 | ACC : 1349/1350 (99.926%)
[2025-02-25 03:13:02;INFO]      | Loss didn't drop!

[2025-02-25 03:13:02;INFO]best epoch: 322, best loss: 0.006950
[2025-02-25 03:13:02;INFO]----------------------------------------------------------------------------------------------------

[2025-02-25 03:13:02;INFO]Current Epoch: 339 / 500 | Learning Rate : 0.000500000000000014
[2025-02-25 03:13:03;INFO]Train | Loss : 0.009880 | ACC : 3148/3150 (99.937%)
[2025-02-25 03:13:03;INFO]Valid | Loss : 0.027658 | ACC : 1349/1350 (99.926%)
[2025-02-25 03:13:03;INFO]      | Loss didn't drop!

[2025-02-25 03:13:03;INFO]best epoch: 322, best loss: 0.006950
[2025-02-25 03:13:03;INFO]----------------------------------------------------------------------------------------------------

[2025-02-25 03:13:03;INFO]Current Epoch: 340 / 500 | Learning Rate : 0.0008535533905934365
[2025-02-25 03:13:04;INFO]Train | Loss : 0.009081 | ACC : 3148/3150 (99.937%)
[2025-02-25 03:13:04;INFO]Valid | Loss : 0.013249 | ACC : 1349/1350 (99.926%)
[2025-02-25 03:13:04;INFO]      | Loss didn't drop!

[2025-02-25 03:13:04;INFO]best epoch: 322, best loss: 0.006950
[2025-02-25 03:13:04;INFO]----------------------------------------------------------------------------------------------------

[2025-02-25 03:13:04;INFO]Current Epoch: 341 / 500 | Learning Rate : 0.0
[2025-02-25 03:13:05;INFO]Train | Loss : 0.008729 | ACC : 3149/3150 (99.968%)
[2025-02-25 03:13:05;INFO]Valid | Loss : 0.022644 | ACC : 1349/1350 (99.926%)
[2025-02-25 03:13:05;INFO]      | Loss didn't drop!

[2025-02-25 03:13:05;INFO]best epoch: 322, best loss: 0.006950
[2025-02-25 03:13:05;INFO]----------------------------------------------------------------------------------------------------

[2025-02-25 03:13:05;INFO]Current Epoch: 342 / 500 | Learning Rate : 0.0008535533905937795
[2025-02-25 03:13:06;INFO]Train | Loss : 0.007508 | ACC : 3150/3150 (100.000%)
[2025-02-25 03:13:06;INFO]Valid | Loss : 0.017446 | ACC : 1349/1350 (99.926%)
[2025-02-25 03:13:06;INFO]      | Loss didn't drop!

[2025-02-25 03:13:06;INFO]best epoch: 322, best loss: 0.006950
[2025-02-25 03:13:06;INFO]----------------------------------------------------------------------------------------------------

[2025-02-25 03:13:06;INFO]Current Epoch: 343 / 500 | Learning Rate : 0.0005000000000002764
[2025-02-25 03:13:07;INFO]Train | Loss : 0.007903 | ACC : 3149/3150 (99.968%)
[2025-02-25 03:13:08;INFO]Valid | Loss : 0.009479 | ACC : 1349/1350 (99.926%)
[2025-02-25 03:13:08;INFO]      | Loss didn't drop!

[2025-02-25 03:13:08;INFO]best epoch: 322, best loss: 0.006950
[2025-02-25 03:13:08;INFO]----------------------------------------------------------------------------------------------------

[2025-02-25 03:13:08;INFO]Current Epoch: 344 / 500 | Learning Rate : 0.00014644660940685742
[2025-02-25 03:13:08;INFO]Train | Loss : 0.006025 | ACC : 3150/3150 (100.000%)
[2025-02-25 03:13:09;INFO]Valid | Loss : 0.010744 | ACC : 1349/1350 (99.926%)
[2025-02-25 03:13:09;INFO]      | Loss didn't drop!

[2025-02-25 03:13:09;INFO]best epoch: 322, best loss: 0.006950
[2025-02-25 03:13:09;INFO]----------------------------------------------------------------------------------------------------

[2025-02-25 03:13:09;INFO]Current Epoch: 345 / 500 | Learning Rate : 0.001000000000001055
[2025-02-25 03:13:10;INFO]Train | Loss : 0.005697 | ACC : 3150/3150 (100.000%)
[2025-02-25 03:13:10;INFO]Valid | Loss : 0.008754 | ACC : 1349/1350 (99.926%)
[2025-02-25 03:13:10;INFO]      | Loss didn't drop!

[2025-02-25 03:13:10;INFO]best epoch: 322, best loss: 0.006950
[2025-02-25 03:13:10;INFO]----------------------------------------------------------------------------------------------------

[2025-02-25 03:13:10;INFO]Current Epoch: 346 / 500 | Learning Rate : 0.0001464466094064518
[2025-02-25 03:13:11;INFO]Train | Loss : 0.005123 | ACC : 3150/3150 (100.000%)
[2025-02-25 03:13:11;INFO]Valid | Loss : 0.009199 | ACC : 1349/1350 (99.926%)
[2025-02-25 03:13:11;INFO]      | Loss didn't drop!

[2025-02-25 03:13:11;INFO]best epoch: 322, best loss: 0.006950
[2025-02-25 03:13:11;INFO]----------------------------------------------------------------------------------------------------

[2025-02-25 03:13:11;INFO]Current Epoch: 347 / 500 | Learning Rate : 0.000499999999999306
[2025-02-25 03:13:12;INFO]Train | Loss : 0.005291 | ACC : 3150/3150 (100.000%)
[2025-02-25 03:13:12;INFO]Valid | Loss : 0.007811 | ACC : 1349/1350 (99.926%)
[2025-02-25 03:13:12;INFO]      | Loss didn't drop!

[2025-02-25 03:13:12;INFO]best epoch: 322, best loss: 0.006950
[2025-02-25 03:13:12;INFO]----------------------------------------------------------------------------------------------------

[2025-02-25 03:13:12;INFO]Current Epoch: 348 / 500 | Learning Rate : 0.0008535533905946488
[2025-02-25 03:13:13;INFO]Train | Loss : 0.006173 | ACC : 3149/3150 (99.968%)
[2025-02-25 03:13:13;INFO]Valid | Loss : 0.006890 | ACC : 1349/1350 (99.926%)
[2025-02-25 03:13:13;INFO]      | Loss dropped from 0.006950 to 0.006890, model has been saved!

[2025-02-25 03:13:13;INFO]best epoch: 348, best loss: 0.006890
[2025-02-25 03:13:13;INFO]----------------------------------------------------------------------------------------------------

[2025-02-25 03:13:13;INFO]Current Epoch: 349 / 500 | Learning Rate : 0.0
[2025-02-25 03:13:14;INFO]Train | Loss : 0.004845 | ACC : 3150/3150 (100.000%)
[2025-02-25 03:13:14;INFO]Valid | Loss : 0.015651 | ACC : 1349/1350 (99.926%)
[2025-02-25 03:13:14;INFO]      | Loss didn't drop!

[2025-02-25 03:13:14;INFO]best epoch: 348, best loss: 0.006890
[2025-02-25 03:13:14;INFO]----------------------------------------------------------------------------------------------------

[2025-02-25 03:13:14;INFO]Current Epoch: 350 / 500 | Learning Rate : 0.000853553390594907
[2025-02-25 03:13:15;INFO]Train | Loss : 0.006456 | ACC : 3149/3150 (99.968%)
[2025-02-25 03:13:16;INFO]Valid | Loss : 0.054205 | ACC : 1339/1350 (99.185%)
[2025-02-25 03:13:16;INFO]      | Loss didn't drop!

[2025-02-25 03:13:16;INFO]best epoch: 348, best loss: 0.006890
[2025-02-25 03:13:16;INFO]----------------------------------------------------------------------------------------------------

[2025-02-25 03:13:16;INFO]Current Epoch: 351 / 500 | Learning Rate : 0.0004999999999995787
[2025-02-25 03:13:17;INFO]Train | Loss : 0.006230 | ACC : 3149/3150 (99.968%)
[2025-02-25 03:13:17;INFO]Valid | Loss : 0.007457 | ACC : 1349/1350 (99.926%)
[2025-02-25 03:13:17;INFO]      | Loss didn't drop!

[2025-02-25 03:13:17;INFO]best epoch: 348, best loss: 0.006890
[2025-02-25 03:13:17;INFO]----------------------------------------------------------------------------------------------------

[2025-02-25 03:13:17;INFO]Current Epoch: 352 / 500 | Learning Rate : 0.0001464466094065933
[2025-02-25 03:13:18;INFO]Train | Loss : 0.004358 | ACC : 3150/3150 (100.000%)
[2025-02-25 03:13:18;INFO]Valid | Loss : 0.027791 | ACC : 1349/1350 (99.926%)
[2025-02-25 03:13:18;INFO]      | Loss didn't drop!

[2025-02-25 03:13:18;INFO]best epoch: 348, best loss: 0.006890
[2025-02-25 03:13:18;INFO]----------------------------------------------------------------------------------------------------

[2025-02-25 03:13:18;INFO]Current Epoch: 353 / 500 | Learning Rate : 0.00099999999999954
[2025-02-25 03:13:19;INFO]Train | Loss : 0.004112 | ACC : 3150/3150 (100.000%)
[2025-02-25 03:13:19;INFO]Valid | Loss : 0.009842 | ACC : 1349/1350 (99.926%)
[2025-02-25 03:13:19;INFO]      | Loss didn't drop!

[2025-02-25 03:13:19;INFO]best epoch: 348, best loss: 0.006890
[2025-02-25 03:13:19;INFO]----------------------------------------------------------------------------------------------------

[2025-02-25 03:13:19;INFO]Current Epoch: 354 / 500 | Learning Rate : 0.00014644660940711868
[2025-02-25 03:13:20;INFO]Train | Loss : 0.004331 | ACC : 3150/3150 (100.000%)
[2025-02-25 03:13:20;INFO]Valid | Loss : 0.014204 | ACC : 1349/1350 (99.926%)
[2025-02-25 03:13:20;INFO]      | Loss didn't drop!

[2025-02-25 03:13:20;INFO]best epoch: 348, best loss: 0.006890
[2025-02-25 03:13:20;INFO]----------------------------------------------------------------------------------------------------

[2025-02-25 03:13:20;INFO]Current Epoch: 355 / 500 | Learning Rate : 0.0005000000000013789
[2025-02-25 03:13:21;INFO]Train | Loss : 0.004093 | ACC : 3150/3150 (100.000%)
[2025-02-25 03:13:21;INFO]Valid | Loss : 0.008485 | ACC : 1349/1350 (99.926%)
[2025-02-25 03:13:21;INFO]      | Loss didn't drop!

[2025-02-25 03:13:21;INFO]best epoch: 348, best loss: 0.006890
[2025-02-25 03:13:21;INFO]----------------------------------------------------------------------------------------------------

[2025-02-25 03:13:21;INFO]Current Epoch: 356 / 500 | Learning Rate : 0.0008535533905933174
[2025-02-25 03:13:22;INFO]Train | Loss : 0.004178 | ACC : 3150/3150 (100.000%)
[2025-02-25 03:13:22;INFO]Valid | Loss : 0.006751 | ACC : 1349/1350 (99.926%)
[2025-02-25 03:13:22;INFO]      | Loss dropped from 0.006890 to 0.006751, model has been saved!

[2025-02-25 03:13:22;INFO]best epoch: 356, best loss: 0.006751
[2025-02-25 03:13:22;INFO]----------------------------------------------------------------------------------------------------

[2025-02-25 03:13:22;INFO]Current Epoch: 357 / 500 | Learning Rate : 0.0
[2025-02-25 03:13:23;INFO]Train | Loss : 0.004000 | ACC : 3150/3150 (100.000%)
[2025-02-25 03:13:24;INFO]Valid | Loss : 0.011157 | ACC : 1349/1350 (99.926%)
[2025-02-25 03:13:24;INFO]      | Loss didn't drop!

[2025-02-25 03:13:24;INFO]best epoch: 356, best loss: 0.006751
[2025-02-25 03:13:24;INFO]----------------------------------------------------------------------------------------------------

[2025-02-25 03:13:24;INFO]Current Epoch: 358 / 500 | Learning Rate : 0.0008535533905935641
[2025-02-25 03:13:25;INFO]Train | Loss : 0.003392 | ACC : 3150/3150 (100.000%)
[2025-02-25 03:13:25;INFO]Valid | Loss : 0.007266 | ACC : 1349/1350 (99.926%)
[2025-02-25 03:13:25;INFO]      | Loss didn't drop!

[2025-02-25 03:13:25;INFO]best epoch: 356, best loss: 0.006751
[2025-02-25 03:13:25;INFO]----------------------------------------------------------------------------------------------------

[2025-02-25 03:13:25;INFO]Current Epoch: 359 / 500 | Learning Rate : 0.0005000000000003191
[2025-02-25 03:13:26;INFO]Train | Loss : 0.003523 | ACC : 3150/3150 (100.000%)
[2025-02-25 03:13:26;INFO]Valid | Loss : 0.007453 | ACC : 1349/1350 (99.926%)
[2025-02-25 03:13:26;INFO]      | Loss didn't drop!

[2025-02-25 03:13:26;INFO]best epoch: 356, best loss: 0.006751
[2025-02-25 03:13:26;INFO]----------------------------------------------------------------------------------------------------

[2025-02-25 03:13:26;INFO]Current Epoch: 360 / 500 | Learning Rate : 0.00014644660940683077
[2025-02-25 03:13:27;INFO]Train | Loss : 0.003520 | ACC : 3150/3150 (100.000%)
[2025-02-25 03:13:27;INFO]Valid | Loss : 0.006288 | ACC : 1349/1350 (99.926%)
[2025-02-25 03:13:27;INFO]      | Loss dropped from 0.006751 to 0.006288, model has been saved!

[2025-02-25 03:13:27;INFO]best epoch: 360, best loss: 0.006288
[2025-02-25 03:13:27;INFO]----------------------------------------------------------------------------------------------------

[2025-02-25 03:13:27;INFO]Current Epoch: 361 / 500 | Learning Rate : 0.0010000000000009103
[2025-02-25 03:13:28;INFO]Train | Loss : 0.003974 | ACC : 3150/3150 (100.000%)
[2025-02-25 03:13:28;INFO]Valid | Loss : 0.005723 | ACC : 1349/1350 (99.926%)
[2025-02-25 03:13:28;INFO]      | Loss dropped from 0.006288 to 0.005723, model has been saved!

[2025-02-25 03:13:28;INFO]best epoch: 361, best loss: 0.005723
[2025-02-25 03:13:28;INFO]----------------------------------------------------------------------------------------------------

[2025-02-25 03:13:28;INFO]Current Epoch: 362 / 500 | Learning Rate : 0.00014644660940685742
[2025-02-25 03:13:29;INFO]Train | Loss : 0.003652 | ACC : 3150/3150 (100.000%)
[2025-02-25 03:13:29;INFO]Valid | Loss : 0.008099 | ACC : 1349/1350 (99.926%)
[2025-02-25 03:13:29;INFO]      | Loss didn't drop!

[2025-02-25 03:13:29;INFO]best epoch: 361, best loss: 0.005723
[2025-02-25 03:13:29;INFO]----------------------------------------------------------------------------------------------------

[2025-02-25 03:13:29;INFO]Current Epoch: 363 / 500 | Learning Rate : 0.0005000000000006705
[2025-02-25 03:13:30;INFO]Train | Loss : 0.003473 | ACC : 3150/3150 (100.000%)
[2025-02-25 03:13:31;INFO]Valid | Loss : 0.006579 | ACC : 1349/1350 (99.926%)
[2025-02-25 03:13:31;INFO]      | Loss didn't drop!

[2025-02-25 03:13:31;INFO]best epoch: 361, best loss: 0.005723
[2025-02-25 03:13:31;INFO]----------------------------------------------------------------------------------------------------

[2025-02-25 03:13:31;INFO]Current Epoch: 364 / 500 | Learning Rate : 0.0008535533905919786
[2025-02-25 03:13:32;INFO]Train | Loss : 0.003098 | ACC : 3150/3150 (100.000%)
[2025-02-25 03:13:32;INFO]Valid | Loss : 0.006733 | ACC : 1349/1350 (99.926%)
[2025-02-25 03:13:32;INFO]      | Loss didn't drop!

[2025-02-25 03:13:32;INFO]best epoch: 361, best loss: 0.005723
[2025-02-25 03:13:32;INFO]----------------------------------------------------------------------------------------------------

[2025-02-25 03:13:32;INFO]Current Epoch: 365 / 500 | Learning Rate : 0.0
[2025-02-25 03:13:33;INFO]Train | Loss : 0.003051 | ACC : 3150/3150 (100.000%)
[2025-02-25 03:13:33;INFO]Valid | Loss : 0.008536 | ACC : 1349/1350 (99.926%)
[2025-02-25 03:13:33;INFO]      | Loss didn't drop!

[2025-02-25 03:13:33;INFO]best epoch: 361, best loss: 0.005723
[2025-02-25 03:13:33;INFO]----------------------------------------------------------------------------------------------------

[2025-02-25 03:13:33;INFO]Current Epoch: 366 / 500 | Learning Rate : 0.0008535533905947727
[2025-02-25 03:13:34;INFO]Train | Loss : 0.003277 | ACC : 3150/3150 (100.000%)
[2025-02-25 03:13:34;INFO]Valid | Loss : 0.009351 | ACC : 1349/1350 (99.926%)
[2025-02-25 03:13:34;INFO]      | Loss didn't drop!

[2025-02-25 03:13:34;INFO]best epoch: 361, best loss: 0.005723
[2025-02-25 03:13:34;INFO]----------------------------------------------------------------------------------------------------

[2025-02-25 03:13:34;INFO]Current Epoch: 367 / 500 | Learning Rate : 0.0005000000000009507
[2025-02-25 03:13:35;INFO]Train | Loss : 0.003612 | ACC : 3149/3150 (99.968%)
[2025-02-25 03:13:35;INFO]Valid | Loss : 0.013459 | ACC : 1349/1350 (99.926%)
[2025-02-25 03:13:35;INFO]      | Loss didn't drop!

[2025-02-25 03:13:35;INFO]best epoch: 361, best loss: 0.005723
[2025-02-25 03:13:35;INFO]----------------------------------------------------------------------------------------------------

[2025-02-25 03:13:35;INFO]Current Epoch: 368 / 500 | Learning Rate : 0.0001464466094070698
[2025-02-25 03:13:36;INFO]Train | Loss : 0.003286 | ACC : 3150/3150 (100.000%)
[2025-02-25 03:13:36;INFO]Valid | Loss : 0.078192 | ACC : 1317/1350 (97.556%)
[2025-02-25 03:13:36;INFO]      | Loss didn't drop!

[2025-02-25 03:13:36;INFO]best epoch: 361, best loss: 0.005723
[2025-02-25 03:13:36;INFO]----------------------------------------------------------------------------------------------------

[2025-02-25 03:13:36;INFO]Current Epoch: 369 / 500 | Learning Rate : 0.000999999999999387
[2025-02-25 03:13:37;INFO]Train | Loss : 0.003330 | ACC : 3150/3150 (100.000%)
[2025-02-25 03:13:38;INFO]Valid | Loss : 0.005799 | ACC : 1349/1350 (99.926%)
[2025-02-25 03:13:38;INFO]      | Loss didn't drop!

[2025-02-25 03:13:38;INFO]best epoch: 361, best loss: 0.005723
[2025-02-25 03:13:38;INFO]----------------------------------------------------------------------------------------------------

[2025-02-25 03:13:38;INFO]Current Epoch: 370 / 500 | Learning Rate : 0.00014644660940667776
[2025-02-25 03:13:38;INFO]Train | Loss : 0.003285 | ACC : 3150/3150 (100.000%)
[2025-02-25 03:13:39;INFO]Valid | Loss : 0.007133 | ACC : 1349/1350 (99.926%)
[2025-02-25 03:13:39;INFO]      | Loss didn't drop!

[2025-02-25 03:13:39;INFO]best epoch: 361, best loss: 0.005723
[2025-02-25 03:13:39;INFO]----------------------------------------------------------------------------------------------------

[2025-02-25 03:13:39;INFO]Current Epoch: 371 / 500 | Learning Rate : 0.0004999999999998535
[2025-02-25 03:13:40;INFO]Train | Loss : 0.002858 | ACC : 3150/3150 (100.000%)
[2025-02-25 03:13:40;INFO]Valid | Loss : 0.013537 | ACC : 1349/1350 (99.926%)
[2025-02-25 03:13:40;INFO]      | Loss didn't drop!

[2025-02-25 03:13:40;INFO]best epoch: 361, best loss: 0.005723
[2025-02-25 03:13:40;INFO]----------------------------------------------------------------------------------------------------

[2025-02-25 03:13:40;INFO]Current Epoch: 372 / 500 | Learning Rate : 0.0008535533905956612
[2025-02-25 03:13:41;INFO]Train | Loss : 0.002895 | ACC : 3150/3150 (100.000%)
[2025-02-25 03:13:41;INFO]Valid | Loss : 0.005748 | ACC : 1349/1350 (99.926%)
[2025-02-25 03:13:41;INFO]      | Loss didn't drop!

[2025-02-25 03:13:41;INFO]best epoch: 361, best loss: 0.005723
[2025-02-25 03:13:41;INFO]----------------------------------------------------------------------------------------------------

[2025-02-25 03:13:41;INFO]Current Epoch: 373 / 500 | Learning Rate : 0.0
[2025-02-25 03:13:42;INFO]Train | Loss : 0.002844 | ACC : 3150/3150 (100.000%)
[2025-02-25 03:13:42;INFO]Valid | Loss : 0.005752 | ACC : 1349/1350 (99.926%)
[2025-02-25 03:13:42;INFO]      | Loss didn't drop!

[2025-02-25 03:13:42;INFO]best epoch: 361, best loss: 0.005723
[2025-02-25 03:13:42;INFO]----------------------------------------------------------------------------------------------------

[2025-02-25 03:13:42;INFO]Current Epoch: 374 / 500 | Learning Rate : 0.000853553390593437
[2025-02-25 03:13:43;INFO]Train | Loss : 0.003061 | ACC : 3150/3150 (100.000%)
[2025-02-25 03:13:43;INFO]Valid | Loss : 0.005968 | ACC : 1349/1350 (99.926%)
[2025-02-25 03:13:43;INFO]      | Loss didn't drop!

[2025-02-25 03:13:43;INFO]best epoch: 361, best loss: 0.005723
[2025-02-25 03:13:43;INFO]----------------------------------------------------------------------------------------------------

[2025-02-25 03:13:43;INFO]Current Epoch: 375 / 500 | Learning Rate : 0.0005000000000002532
[2025-02-25 03:13:44;INFO]Train | Loss : 0.003139 | ACC : 3150/3150 (100.000%)
[2025-02-25 03:13:44;INFO]Valid | Loss : 0.008229 | ACC : 1349/1350 (99.926%)
[2025-02-25 03:13:44;INFO]      | Loss didn't drop!

[2025-02-25 03:13:44;INFO]best epoch: 361, best loss: 0.005723
[2025-02-25 03:13:44;INFO]----------------------------------------------------------------------------------------------------

[2025-02-25 03:13:44;INFO]Current Epoch: 376 / 500 | Learning Rate : 0.00014644660940680564
[2025-02-25 03:13:45;INFO]Train | Loss : 0.002707 | ACC : 3150/3150 (100.000%)
[2025-02-25 03:13:46;INFO]Valid | Loss : 0.006041 | ACC : 1349/1350 (99.926%)
[2025-02-25 03:13:46;INFO]      | Loss didn't drop!

[2025-02-25 03:13:46;INFO]best epoch: 361, best loss: 0.005723
[2025-02-25 03:13:46;INFO]----------------------------------------------------------------------------------------------------

[2025-02-25 03:13:46;INFO]Current Epoch: 377 / 500 | Learning Rate : 0.0010000000000007566
[2025-02-25 03:13:47;INFO]Train | Loss : 0.002752 | ACC : 3150/3150 (100.000%)
[2025-02-25 03:13:47;INFO]Valid | Loss : 0.006097 | ACC : 1349/1350 (99.926%)
[2025-02-25 03:13:47;INFO]      | Loss didn't drop!

[2025-02-25 03:13:47;INFO]best epoch: 361, best loss: 0.005723
[2025-02-25 03:13:47;INFO]----------------------------------------------------------------------------------------------------

[2025-02-25 03:13:47;INFO]Current Epoch: 378 / 500 | Learning Rate : 0.00014644660940692084
[2025-02-25 03:13:48;INFO]Train | Loss : 0.002794 | ACC : 3150/3150 (100.000%)
[2025-02-25 03:13:48;INFO]Valid | Loss : 0.017619 | ACC : 1349/1350 (99.926%)
[2025-02-25 03:13:48;INFO]      | Loss didn't drop!

[2025-02-25 03:13:48;INFO]best epoch: 361, best loss: 0.005723
[2025-02-25 03:13:48;INFO]----------------------------------------------------------------------------------------------------

[2025-02-25 03:13:48;INFO]Current Epoch: 379 / 500 | Learning Rate : 0.0005000000000004788
[2025-02-25 03:13:49;INFO]Train | Loss : 0.002733 | ACC : 3150/3150 (100.000%)
[2025-02-25 03:13:49;INFO]Valid | Loss : 0.016571 | ACC : 1349/1350 (99.926%)
[2025-02-25 03:13:49;INFO]      | Loss didn't drop!

[2025-02-25 03:13:49;INFO]best epoch: 361, best loss: 0.005723
[2025-02-25 03:13:49;INFO]----------------------------------------------------------------------------------------------------

[2025-02-25 03:13:49;INFO]Current Epoch: 380 / 500 | Learning Rate : 0.0008535533905944025
[2025-02-25 03:13:50;INFO]Train | Loss : 0.003305 | ACC : 3150/3150 (100.000%)
[2025-02-25 03:13:50;INFO]Valid | Loss : 0.010030 | ACC : 1349/1350 (99.926%)
[2025-02-25 03:13:50;INFO]      | Loss didn't drop!

[2025-02-25 03:13:50;INFO]best epoch: 361, best loss: 0.005723
[2025-02-25 03:13:50;INFO]----------------------------------------------------------------------------------------------------

[2025-02-25 03:13:50;INFO]Current Epoch: 381 / 500 | Learning Rate : 0.0
[2025-02-25 03:13:51;INFO]Train | Loss : 0.002833 | ACC : 3150/3150 (100.000%)
[2025-02-25 03:13:51;INFO]Valid | Loss : 0.559600 | ACC : 1130/1350 (83.704%)
[2025-02-25 03:13:51;INFO]      | Loss didn't drop!

[2025-02-25 03:13:51;INFO]best epoch: 361, best loss: 0.005723
[2025-02-25 03:13:51;INFO]----------------------------------------------------------------------------------------------------

[2025-02-25 03:13:51;INFO]Current Epoch: 382 / 500 | Learning Rate : 0.000853553390592174
[2025-02-25 03:13:52;INFO]Train | Loss : 0.003051 | ACC : 3150/3150 (100.000%)
[2025-02-25 03:13:53;INFO]Valid | Loss : 0.015399 | ACC : 1349/1350 (99.926%)
[2025-02-25 03:13:53;INFO]      | Loss didn't drop!

[2025-02-25 03:13:53;INFO]best epoch: 361, best loss: 0.005723
[2025-02-25 03:13:53;INFO]----------------------------------------------------------------------------------------------------

[2025-02-25 03:13:53;INFO]Current Epoch: 383 / 500 | Learning Rate : 0.0005000000000008845
[2025-02-25 03:13:54;INFO]Train | Loss : 0.003597 | ACC : 3148/3150 (99.937%)
[2025-02-25 03:13:54;INFO]Valid | Loss : 0.023381 | ACC : 1349/1350 (99.926%)
[2025-02-25 03:13:54;INFO]      | Loss didn't drop!

[2025-02-25 03:13:54;INFO]best epoch: 361, best loss: 0.005723
[2025-02-25 03:13:54;INFO]----------------------------------------------------------------------------------------------------

[2025-02-25 03:13:54;INFO]Current Epoch: 384 / 500 | Learning Rate : 0.00014644660940704447
[2025-02-25 03:13:55;INFO]Train | Loss : 0.003015 | ACC : 3150/3150 (100.000%)
[2025-02-25 03:13:55;INFO]Valid | Loss : 0.007255 | ACC : 1349/1350 (99.926%)
[2025-02-25 03:13:55;INFO]      | Loss didn't drop!

[2025-02-25 03:13:55;INFO]best epoch: 361, best loss: 0.005723
[2025-02-25 03:13:55;INFO]----------------------------------------------------------------------------------------------------

[2025-02-25 03:13:55;INFO]Current Epoch: 385 / 500 | Learning Rate : 0.0010000000000021283
[2025-02-25 03:13:56;INFO]Train | Loss : 0.003085 | ACC : 3150/3150 (100.000%)
[2025-02-25 03:13:56;INFO]Valid | Loss : 0.005739 | ACC : 1349/1350 (99.926%)
[2025-02-25 03:13:56;INFO]      | Loss didn't drop!

[2025-02-25 03:13:56;INFO]best epoch: 361, best loss: 0.005723
[2025-02-25 03:13:56;INFO]----------------------------------------------------------------------------------------------------

[2025-02-25 03:13:56;INFO]Current Epoch: 386 / 500 | Learning Rate : 0.00014644660940657915
[2025-02-25 03:13:57;INFO]Train | Loss : 0.002909 | ACC : 3150/3150 (100.000%)
[2025-02-25 03:13:57;INFO]Valid | Loss : 0.073872 | ACC : 1338/1350 (99.111%)
[2025-02-25 03:13:57;INFO]      | Loss didn't drop!

[2025-02-25 03:13:57;INFO]best epoch: 361, best loss: 0.005723
[2025-02-25 03:13:57;INFO]----------------------------------------------------------------------------------------------------

[2025-02-25 03:13:57;INFO]Current Epoch: 387 / 500 | Learning Rate : 0.0004999999999997709
[2025-02-25 03:13:58;INFO]Train | Loss : 0.002437 | ACC : 3150/3150 (100.000%)
[2025-02-25 03:13:58;INFO]Valid | Loss : 0.006837 | ACC : 1349/1350 (99.926%)
[2025-02-25 03:13:58;INFO]      | Loss didn't drop!

[2025-02-25 03:13:58;INFO]best epoch: 361, best loss: 0.005723
[2025-02-25 03:13:58;INFO]----------------------------------------------------------------------------------------------------

[2025-02-25 03:13:58;INFO]Current Epoch: 388 / 500 | Learning Rate : 0.0008535533905930715
[2025-02-25 03:13:59;INFO]Train | Loss : 0.002286 | ACC : 3150/3150 (100.000%)
[2025-02-25 03:13:59;INFO]Valid | Loss : 0.005402 | ACC : 1349/1350 (99.926%)
[2025-02-25 03:13:59;INFO]      | Loss dropped from 0.005723 to 0.005402, model has been saved!

[2025-02-25 03:13:59;INFO]best epoch: 388, best loss: 0.005402
[2025-02-25 03:13:59;INFO]----------------------------------------------------------------------------------------------------

[2025-02-25 03:13:59;INFO]Current Epoch: 389 / 500 | Learning Rate : 0.0
[2025-02-25 03:14:00;INFO]Train | Loss : 0.002194 | ACC : 3150/3150 (100.000%)
[2025-02-25 03:14:01;INFO]Valid | Loss : 0.010718 | ACC : 1349/1350 (99.926%)
[2025-02-25 03:14:01;INFO]      | Loss didn't drop!

[2025-02-25 03:14:01;INFO]best epoch: 388, best loss: 0.005402
[2025-02-25 03:14:01;INFO]----------------------------------------------------------------------------------------------------

[2025-02-25 03:14:01;INFO]Current Epoch: 390 / 500 | Learning Rate : 0.0008535533905958454
[2025-02-25 03:14:02;INFO]Train | Loss : 0.002369 | ACC : 3150/3150 (100.000%)
[2025-02-25 03:14:02;INFO]Valid | Loss : 0.006277 | ACC : 1349/1350 (99.926%)
[2025-02-25 03:14:02;INFO]      | Loss didn't drop!

[2025-02-25 03:14:02;INFO]best epoch: 388, best loss: 0.005402
[2025-02-25 03:14:02;INFO]----------------------------------------------------------------------------------------------------

[2025-02-25 03:14:02;INFO]Current Epoch: 391 / 500 | Learning Rate : 0.0005000000000001823
[2025-02-25 03:14:03;INFO]Train | Loss : 0.002362 | ACC : 3150/3150 (100.000%)
[2025-02-25 03:14:03;INFO]Valid | Loss : 0.006264 | ACC : 1349/1350 (99.926%)
[2025-02-25 03:14:03;INFO]      | Loss didn't drop!

[2025-02-25 03:14:03;INFO]best epoch: 388, best loss: 0.005402
[2025-02-25 03:14:03;INFO]----------------------------------------------------------------------------------------------------

[2025-02-25 03:14:03;INFO]Current Epoch: 392 / 500 | Learning Rate : 0.000146446609406779
[2025-02-25 03:14:04;INFO]Train | Loss : 0.002176 | ACC : 3150/3150 (100.000%)
[2025-02-25 03:14:04;INFO]Valid | Loss : 0.005997 | ACC : 1349/1350 (99.926%)
[2025-02-25 03:14:04;INFO]      | Loss didn't drop!

[2025-02-25 03:14:04;INFO]best epoch: 388, best loss: 0.005402
[2025-02-25 03:14:04;INFO]----------------------------------------------------------------------------------------------------

[2025-02-25 03:14:04;INFO]Current Epoch: 393 / 500 | Learning Rate : 0.0010000000000006124
[2025-02-25 03:14:05;INFO]Train | Loss : 0.002173 | ACC : 3150/3150 (100.000%)
[2025-02-25 03:14:05;INFO]Valid | Loss : 0.005275 | ACC : 1349/1350 (99.926%)
[2025-02-25 03:14:05;INFO]      | Loss dropped from 0.005402 to 0.005275, model has been saved!

[2025-02-25 03:14:05;INFO]best epoch: 393, best loss: 0.005275
[2025-02-25 03:14:05;INFO]----------------------------------------------------------------------------------------------------

[2025-02-25 03:14:05;INFO]Current Epoch: 394 / 500 | Learning Rate : 0.00014644660940682215
[2025-02-25 03:14:06;INFO]Train | Loss : 0.002282 | ACC : 3150/3150 (100.000%)
[2025-02-25 03:14:06;INFO]Valid | Loss : 0.006719 | ACC : 1349/1350 (99.926%)
[2025-02-25 03:14:06;INFO]      | Loss didn't drop!

[2025-02-25 03:14:06;INFO]best epoch: 393, best loss: 0.005275
[2025-02-25 03:14:06;INFO]----------------------------------------------------------------------------------------------------

[2025-02-25 03:14:06;INFO]Current Epoch: 395 / 500 | Learning Rate : 0.0005000000000005102
[2025-02-25 03:14:07;INFO]Train | Loss : 0.002000 | ACC : 3150/3150 (100.000%)
[2025-02-25 03:14:08;INFO]Valid | Loss : 0.006574 | ACC : 1349/1350 (99.926%)
[2025-02-25 03:14:08;INFO]      | Loss didn't drop!

[2025-02-25 03:14:08;INFO]best epoch: 393, best loss: 0.005275
[2025-02-25 03:14:08;INFO]----------------------------------------------------------------------------------------------------

[2025-02-25 03:14:08;INFO]Current Epoch: 396 / 500 | Learning Rate : 0.0008535533905942766
[2025-02-25 03:14:09;INFO]Train | Loss : 0.001987 | ACC : 3150/3150 (100.000%)
[2025-02-25 03:14:09;INFO]Valid | Loss : 0.005582 | ACC : 1349/1350 (99.926%)
[2025-02-25 03:14:09;INFO]      | Loss didn't drop!

[2025-02-25 03:14:09;INFO]best epoch: 393, best loss: 0.005275
[2025-02-25 03:14:09;INFO]----------------------------------------------------------------------------------------------------

[2025-02-25 03:14:09;INFO]Current Epoch: 397 / 500 | Learning Rate : 0.0
[2025-02-25 03:14:10;INFO]Train | Loss : 0.002201 | ACC : 3150/3150 (100.000%)
[2025-02-25 03:14:10;INFO]Valid | Loss : 0.006295 | ACC : 1349/1350 (99.926%)
[2025-02-25 03:14:10;INFO]      | Loss didn't drop!

[2025-02-25 03:14:10;INFO]best epoch: 393, best loss: 0.005275
[2025-02-25 03:14:10;INFO]----------------------------------------------------------------------------------------------------

[2025-02-25 03:14:10;INFO]Current Epoch: 398 / 500 | Learning Rate : 0.0008535533905945106
[2025-02-25 03:14:11;INFO]Train | Loss : 0.002146 | ACC : 3150/3150 (100.000%)
[2025-02-25 03:14:11;INFO]Valid | Loss : 0.006026 | ACC : 1349/1350 (99.926%)
[2025-02-25 03:14:11;INFO]      | Loss didn't drop!

[2025-02-25 03:14:11;INFO]best epoch: 393, best loss: 0.005275
[2025-02-25 03:14:11;INFO]----------------------------------------------------------------------------------------------------

[2025-02-25 03:14:11;INFO]Current Epoch: 399 / 500 | Learning Rate : 0.0004999999999993707
[2025-02-25 03:14:12;INFO]Train | Loss : 0.002107 | ACC : 3150/3150 (100.000%)
[2025-02-25 03:14:12;INFO]Valid | Loss : 0.006769 | ACC : 1349/1350 (99.926%)
[2025-02-25 03:14:12;INFO]      | Loss didn't drop!

[2025-02-25 03:14:12;INFO]best epoch: 393, best loss: 0.005275
[2025-02-25 03:14:12;INFO]----------------------------------------------------------------------------------------------------

[2025-02-25 03:14:12;INFO]Current Epoch: 400 / 500 | Learning Rate : 0.00014644660940651475
[2025-02-25 03:14:13;INFO]Train | Loss : 0.002059 | ACC : 3150/3150 (100.000%)
[2025-02-25 03:14:13;INFO]Valid | Loss : 0.006129 | ACC : 1349/1350 (99.926%)
[2025-02-25 03:14:13;INFO]      | Loss didn't drop!

[2025-02-25 03:14:13;INFO]best epoch: 393, best loss: 0.005275
[2025-02-25 03:14:13;INFO]----------------------------------------------------------------------------------------------------

[2025-02-25 03:14:13;INFO]Current Epoch: 401 / 500 | Learning Rate : 0.001000000000001984
[2025-02-25 03:14:14;INFO]Train | Loss : 0.002038 | ACC : 3150/3150 (100.000%)
[2025-02-25 03:14:14;INFO]Valid | Loss : 0.005973 | ACC : 1349/1350 (99.926%)
[2025-02-25 03:14:14;INFO]      | Loss didn't drop!

[2025-02-25 03:14:14;INFO]best epoch: 393, best loss: 0.005275
[2025-02-25 03:14:14;INFO]----------------------------------------------------------------------------------------------------

[2025-02-25 03:14:14;INFO]Current Epoch: 402 / 500 | Learning Rate : 0.00014644660940706515
[2025-02-25 03:14:15;INFO]Train | Loss : 0.001863 | ACC : 3150/3150 (100.000%)
[2025-02-25 03:14:16;INFO]Valid | Loss : 0.005511 | ACC : 1349/1350 (99.926%)
[2025-02-25 03:14:16;INFO]      | Loss didn't drop!

[2025-02-25 03:14:16;INFO]best epoch: 393, best loss: 0.005275
[2025-02-25 03:14:16;INFO]----------------------------------------------------------------------------------------------------

[2025-02-25 03:14:16;INFO]Current Epoch: 403 / 500 | Learning Rate : 0.0005000000000011358
[2025-02-25 03:14:17;INFO]Train | Loss : 0.002097 | ACC : 3150/3150 (100.000%)
[2025-02-25 03:14:17;INFO]Valid | Loss : 0.215239 | ACC : 1154/1350 (85.481%)
[2025-02-25 03:14:17;INFO]      | Loss didn't drop!

[2025-02-25 03:14:17;INFO]best epoch: 393, best loss: 0.005275
[2025-02-25 03:14:17;INFO]----------------------------------------------------------------------------------------------------

[2025-02-25 03:14:17;INFO]Current Epoch: 404 / 500 | Learning Rate : 0.000853553390592945
[2025-02-25 03:14:18;INFO]Train | Loss : 0.002119 | ACC : 3150/3150 (100.000%)
[2025-02-25 03:14:18;INFO]Valid | Loss : 0.006105 | ACC : 1349/1350 (99.926%)
[2025-02-25 03:14:18;INFO]      | Loss didn't drop!

[2025-02-25 03:14:18;INFO]best epoch: 393, best loss: 0.005275
[2025-02-25 03:14:18;INFO]----------------------------------------------------------------------------------------------------

[2025-02-25 03:14:18;INFO]Current Epoch: 405 / 500 | Learning Rate : 0.0
[2025-02-25 03:14:19;INFO]Train | Loss : 0.001939 | ACC : 3150/3150 (100.000%)
[2025-02-25 03:14:19;INFO]Valid | Loss : 0.022125 | ACC : 1349/1350 (99.926%)
[2025-02-25 03:14:19;INFO]      | Loss didn't drop!

[2025-02-25 03:14:19;INFO]best epoch: 393, best loss: 0.005275
[2025-02-25 03:14:19;INFO]----------------------------------------------------------------------------------------------------

[2025-02-25 03:14:19;INFO]Current Epoch: 406 / 500 | Learning Rate : 0.000853553390593247
[2025-02-25 03:14:20;INFO]Train | Loss : 0.002162 | ACC : 3150/3150 (100.000%)
[2025-02-25 03:14:20;INFO]Valid | Loss : 0.005907 | ACC : 1349/1350 (99.926%)
[2025-02-25 03:14:20;INFO]      | Loss didn't drop!

[2025-02-25 03:14:20;INFO]best epoch: 393, best loss: 0.005275
[2025-02-25 03:14:20;INFO]----------------------------------------------------------------------------------------------------

[2025-02-25 03:14:20;INFO]Current Epoch: 407 / 500 | Learning Rate : 0.0005000000000014453
[2025-02-25 03:14:21;INFO]Train | Loss : 0.001931 | ACC : 3150/3150 (100.000%)
[2025-02-25 03:14:21;INFO]Valid | Loss : 0.005976 | ACC : 1349/1350 (99.926%)
[2025-02-25 03:14:21;INFO]      | Loss didn't drop!

[2025-02-25 03:14:21;INFO]best epoch: 393, best loss: 0.005275
[2025-02-25 03:14:21;INFO]----------------------------------------------------------------------------------------------------

[2025-02-25 03:14:21;INFO]Current Epoch: 408 / 500 | Learning Rate : 0.00014644660940725673
[2025-02-25 03:14:22;INFO]Train | Loss : 0.001843 | ACC : 3150/3150 (100.000%)
[2025-02-25 03:14:23;INFO]Valid | Loss : 0.007221 | ACC : 1349/1350 (99.926%)
[2025-02-25 03:14:23;INFO]      | Loss didn't drop!

[2025-02-25 03:14:23;INFO]best epoch: 393, best loss: 0.005275
[2025-02-25 03:14:23;INFO]----------------------------------------------------------------------------------------------------

[2025-02-25 03:14:23;INFO]Current Epoch: 409 / 500 | Learning Rate : 0.0010000000000004602
[2025-02-25 03:14:24;INFO]Train | Loss : 0.001880 | ACC : 3150/3150 (100.000%)
[2025-02-25 03:14:24;INFO]Valid | Loss : 0.005274 | ACC : 1349/1350 (99.926%)
[2025-02-25 03:14:24;INFO]      | Loss dropped from 0.005275 to 0.005274, model has been saved!

[2025-02-25 03:14:24;INFO]best epoch: 409, best loss: 0.005274
[2025-02-25 03:14:24;INFO]----------------------------------------------------------------------------------------------------

[2025-02-25 03:14:24;INFO]Current Epoch: 410 / 500 | Learning Rate : 0.00014644660940680518
[2025-02-25 03:14:25;INFO]Train | Loss : 0.001874 | ACC : 3150/3150 (100.000%)
[2025-02-25 03:14:25;INFO]Valid | Loss : 0.005829 | ACC : 1349/1350 (99.926%)
[2025-02-25 03:14:25;INFO]      | Loss didn't drop!

[2025-02-25 03:14:25;INFO]best epoch: 409, best loss: 0.005274
[2025-02-25 03:14:25;INFO]----------------------------------------------------------------------------------------------------

[2025-02-25 03:14:25;INFO]Current Epoch: 411 / 500 | Learning Rate : 0.0005000000000004322
[2025-02-25 03:14:26;INFO]Train | Loss : 0.001708 | ACC : 3150/3150 (100.000%)
[2025-02-25 03:14:26;INFO]Valid | Loss : 0.016321 | ACC : 1349/1350 (99.926%)
[2025-02-25 03:14:26;INFO]      | Loss didn't drop!

[2025-02-25 03:14:26;INFO]best epoch: 409, best loss: 0.005274
[2025-02-25 03:14:26;INFO]----------------------------------------------------------------------------------------------------

[2025-02-25 03:14:26;INFO]Current Epoch: 412 / 500 | Learning Rate : 0.0008535533905940766
[2025-02-25 03:14:27;INFO]Train | Loss : 0.001902 | ACC : 3150/3150 (100.000%)
[2025-02-25 03:14:27;INFO]Valid | Loss : 0.005249 | ACC : 1349/1350 (99.926%)
[2025-02-25 03:14:27;INFO]      | Loss dropped from 0.005274 to 0.005249, model has been saved!

[2025-02-25 03:14:27;INFO]best epoch: 412, best loss: 0.005249
[2025-02-25 03:14:27;INFO]----------------------------------------------------------------------------------------------------

[2025-02-25 03:14:27;INFO]Current Epoch: 413 / 500 | Learning Rate : 0.0
[2025-02-25 03:14:28;INFO]Train | Loss : 0.001723 | ACC : 3150/3150 (100.000%)
[2025-02-25 03:14:28;INFO]Valid | Loss : 0.006673 | ACC : 1349/1350 (99.926%)
[2025-02-25 03:14:28;INFO]      | Loss didn't drop!

[2025-02-25 03:14:28;INFO]best epoch: 412, best loss: 0.005249
[2025-02-25 03:14:28;INFO]----------------------------------------------------------------------------------------------------

[2025-02-25 03:14:28;INFO]Current Epoch: 414 / 500 | Learning Rate : 0.000853553390594375
[2025-02-25 03:14:29;INFO]Train | Loss : 0.001700 | ACC : 3150/3150 (100.000%)
[2025-02-25 03:14:30;INFO]Valid | Loss : 0.061187 | ACC : 1345/1350 (99.630%)
[2025-02-25 03:14:30;INFO]      | Loss didn't drop!

[2025-02-25 03:14:30;INFO]best epoch: 412, best loss: 0.005249
[2025-02-25 03:14:30;INFO]----------------------------------------------------------------------------------------------------

[2025-02-25 03:14:30;INFO]Current Epoch: 415 / 500 | Learning Rate : 0.0005000000000007472
[2025-02-25 03:14:30;INFO]Train | Loss : 0.001995 | ACC : 3150/3150 (100.000%)
[2025-02-25 03:14:31;INFO]Valid | Loss : 0.006006 | ACC : 1349/1350 (99.926%)
[2025-02-25 03:14:31;INFO]      | Loss didn't drop!

[2025-02-25 03:14:31;INFO]best epoch: 412, best loss: 0.005249
[2025-02-25 03:14:31;INFO]----------------------------------------------------------------------------------------------------

[2025-02-25 03:14:31;INFO]Current Epoch: 416 / 500 | Learning Rate : 0.00014644660940699248
[2025-02-25 03:14:32;INFO]Train | Loss : 0.001878 | ACC : 3150/3150 (100.000%)
[2025-02-25 03:14:32;INFO]Valid | Loss : 0.005733 | ACC : 1349/1350 (99.926%)
[2025-02-25 03:14:32;INFO]      | Loss didn't drop!

[2025-02-25 03:14:32;INFO]best epoch: 412, best loss: 0.005249
[2025-02-25 03:14:32;INFO]----------------------------------------------------------------------------------------------------

[2025-02-25 03:14:32;INFO]Current Epoch: 417 / 500 | Learning Rate : 0.0009999999999989444
[2025-02-25 03:14:33;INFO]Train | Loss : 0.001589 | ACC : 3150/3150 (100.000%)
[2025-02-25 03:14:33;INFO]Valid | Loss : 0.005878 | ACC : 1349/1350 (99.926%)
[2025-02-25 03:14:33;INFO]      | Loss didn't drop!

[2025-02-25 03:14:33;INFO]best epoch: 412, best loss: 0.005249
[2025-02-25 03:14:33;INFO]----------------------------------------------------------------------------------------------------

[2025-02-25 03:14:33;INFO]Current Epoch: 418 / 500 | Learning Rate : 0.00014644660940704685
[2025-02-25 03:14:34;INFO]Train | Loss : 0.001633 | ACC : 3150/3150 (100.000%)
[2025-02-25 03:14:34;INFO]Valid | Loss : 0.006195 | ACC : 1349/1350 (99.926%)
[2025-02-25 03:14:34;INFO]      | Loss didn't drop!

[2025-02-25 03:14:34;INFO]best epoch: 412, best loss: 0.005249
[2025-02-25 03:14:34;INFO]----------------------------------------------------------------------------------------------------

[2025-02-25 03:14:34;INFO]Current Epoch: 419 / 500 | Learning Rate : 0.0005000000000010531
[2025-02-25 03:14:35;INFO]Train | Loss : 0.001555 | ACC : 3150/3150 (100.000%)
[2025-02-25 03:14:35;INFO]Valid | Loss : 0.005777 | ACC : 1349/1350 (99.926%)
[2025-02-25 03:14:35;INFO]      | Loss didn't drop!

[2025-02-25 03:14:35;INFO]best epoch: 412, best loss: 0.005249
[2025-02-25 03:14:35;INFO]----------------------------------------------------------------------------------------------------

[2025-02-25 03:14:35;INFO]Current Epoch: 420 / 500 | Learning Rate : 0.0008535533905928986
[2025-02-25 03:14:36;INFO]Train | Loss : 0.001545 | ACC : 3150/3150 (100.000%)
[2025-02-25 03:14:36;INFO]Valid | Loss : 0.005826 | ACC : 1349/1350 (99.926%)
[2025-02-25 03:14:36;INFO]      | Loss didn't drop!

[2025-02-25 03:14:36;INFO]best epoch: 412, best loss: 0.005249
[2025-02-25 03:14:36;INFO]----------------------------------------------------------------------------------------------------

[2025-02-25 03:14:36;INFO]Current Epoch: 421 / 500 | Learning Rate : 0.0
[2025-02-25 03:14:37;INFO]Train | Loss : 0.001868 | ACC : 3150/3150 (100.000%)
[2025-02-25 03:14:38;INFO]Valid | Loss : 0.182583 | ACC : 1280/1350 (94.815%)
[2025-02-25 03:14:38;INFO]      | Loss didn't drop!

[2025-02-25 03:14:38;INFO]best epoch: 412, best loss: 0.005249
[2025-02-25 03:14:38;INFO]----------------------------------------------------------------------------------------------------

[2025-02-25 03:14:38;INFO]Current Epoch: 422 / 500 | Learning Rate : 0.0008535533905930394
[2025-02-25 03:14:39;INFO]Train | Loss : 0.026832 | ACC : 3141/3150 (99.714%)
[2025-02-25 03:14:39;INFO]Valid | Loss : 0.567759 | ACC : 1130/1350 (83.704%)
[2025-02-25 03:14:39;INFO]      | Loss didn't drop!

[2025-02-25 03:14:39;INFO]best epoch: 412, best loss: 0.005249
[2025-02-25 03:14:39;INFO]----------------------------------------------------------------------------------------------------

[2025-02-25 03:14:39;INFO]Current Epoch: 423 / 500 | Learning Rate : 0.0004999999999999315
[2025-02-25 03:14:40;INFO]Train | Loss : 0.015765 | ACC : 3144/3150 (99.810%)
[2025-02-25 03:14:40;INFO]Valid | Loss : 0.067974 | ACC : 1327/1350 (98.296%)
[2025-02-25 03:14:40;INFO]      | Loss didn't drop!

[2025-02-25 03:14:40;INFO]best epoch: 412, best loss: 0.005249
[2025-02-25 03:14:40;INFO]----------------------------------------------------------------------------------------------------

[2025-02-25 03:14:40;INFO]Current Epoch: 424 / 500 | Learning Rate : 0.00014644660940672712
[2025-02-25 03:14:41;INFO]Train | Loss : 0.009205 | ACC : 3147/3150 (99.905%)
[2025-02-25 03:14:41;INFO]Valid | Loss : 0.063404 | ACC : 1345/1350 (99.630%)
[2025-02-25 03:14:41;INFO]      | Loss didn't drop!

[2025-02-25 03:14:41;INFO]best epoch: 412, best loss: 0.005249
[2025-02-25 03:14:41;INFO]----------------------------------------------------------------------------------------------------

[2025-02-25 03:14:41;INFO]Current Epoch: 425 / 500 | Learning Rate : 0.001000000000003201
[2025-02-25 03:14:42;INFO]Train | Loss : 0.018659 | ACC : 3146/3150 (99.873%)
[2025-02-25 03:14:42;INFO]Valid | Loss : 0.022413 | ACC : 1348/1350 (99.852%)
[2025-02-25 03:14:42;INFO]      | Loss didn't drop!

[2025-02-25 03:14:42;INFO]best epoch: 412, best loss: 0.005249
[2025-02-25 03:14:42;INFO]----------------------------------------------------------------------------------------------------

[2025-02-25 03:14:42;INFO]Current Epoch: 426 / 500 | Learning Rate : 0.00014644660940720943
[2025-02-25 03:14:43;INFO]Train | Loss : 0.007018 | ACC : 3147/3150 (99.905%)
[2025-02-25 03:14:43;INFO]Valid | Loss : 0.014361 | ACC : 1348/1350 (99.852%)
[2025-02-25 03:14:43;INFO]      | Loss didn't drop!

[2025-02-25 03:14:43;INFO]best epoch: 412, best loss: 0.005249
[2025-02-25 03:14:43;INFO]----------------------------------------------------------------------------------------------------

[2025-02-25 03:14:43;INFO]Current Epoch: 427 / 500 | Learning Rate : 0.0005000000000017921
[2025-02-25 03:14:44;INFO]Train | Loss : 0.004429 | ACC : 3149/3150 (99.968%)
[2025-02-25 03:14:45;INFO]Valid | Loss : 0.042551 | ACC : 1343/1350 (99.481%)
[2025-02-25 03:14:45;INFO]      | Loss didn't drop!

[2025-02-25 03:14:45;INFO]best epoch: 412, best loss: 0.005249
[2025-02-25 03:14:45;INFO]----------------------------------------------------------------------------------------------------

[2025-02-25 03:14:45;INFO]Current Epoch: 428 / 500 | Learning Rate : 0.0008535533905914868
[2025-02-25 03:14:45;INFO]Train | Loss : 0.006046 | ACC : 3148/3150 (99.937%)
[2025-02-25 03:14:46;INFO]Valid | Loss : 0.010909 | ACC : 1349/1350 (99.926%)
[2025-02-25 03:14:46;INFO]      | Loss didn't drop!

[2025-02-25 03:14:46;INFO]best epoch: 412, best loss: 0.005249
[2025-02-25 03:14:46;INFO]----------------------------------------------------------------------------------------------------

[2025-02-25 03:14:46;INFO]Current Epoch: 429 / 500 | Learning Rate : 0.0
[2025-02-25 03:14:47;INFO]Train | Loss : 0.003225 | ACC : 3150/3150 (100.000%)
[2025-02-25 03:14:47;INFO]Valid | Loss : 0.015805 | ACC : 1349/1350 (99.926%)
[2025-02-25 03:14:47;INFO]      | Loss didn't drop!

[2025-02-25 03:14:47;INFO]best epoch: 412, best loss: 0.005249
[2025-02-25 03:14:47;INFO]----------------------------------------------------------------------------------------------------

[2025-02-25 03:14:47;INFO]Current Epoch: 430 / 500 | Learning Rate : 0.000853553390594248
[2025-02-25 03:14:48;INFO]Train | Loss : 0.002677 | ACC : 3150/3150 (100.000%)
[2025-02-25 03:14:48;INFO]Valid | Loss : 0.008324 | ACC : 1349/1350 (99.926%)
[2025-02-25 03:14:48;INFO]      | Loss didn't drop!

[2025-02-25 03:14:48;INFO]best epoch: 412, best loss: 0.005249
[2025-02-25 03:14:48;INFO]----------------------------------------------------------------------------------------------------

[2025-02-25 03:14:48;INFO]Current Epoch: 431 / 500 | Learning Rate : 0.000500000000000563
[2025-02-25 03:14:49;INFO]Train | Loss : 0.003473 | ACC : 3149/3150 (99.968%)
[2025-02-25 03:14:49;INFO]Valid | Loss : 0.009369 | ACC : 1349/1350 (99.926%)
[2025-02-25 03:14:49;INFO]      | Loss didn't drop!

[2025-02-25 03:14:49;INFO]best epoch: 412, best loss: 0.005249
[2025-02-25 03:14:49;INFO]----------------------------------------------------------------------------------------------------

[2025-02-25 03:14:49;INFO]Current Epoch: 432 / 500 | Learning Rate : 0.0001464466094069659
[2025-02-25 03:14:50;INFO]Train | Loss : 0.002703 | ACC : 3150/3150 (100.000%)
[2025-02-25 03:14:50;INFO]Valid | Loss : 0.009033 | ACC : 1349/1350 (99.926%)
[2025-02-25 03:14:50;INFO]      | Loss didn't drop!

[2025-02-25 03:14:50;INFO]best epoch: 412, best loss: 0.005249
[2025-02-25 03:14:50;INFO]----------------------------------------------------------------------------------------------------

[2025-02-25 03:14:50;INFO]Current Epoch: 433 / 500 | Learning Rate : 0.0010000000000016773
[2025-02-25 03:14:51;INFO]Train | Loss : 0.002064 | ACC : 3150/3150 (100.000%)
[2025-02-25 03:14:51;INFO]Valid | Loss : 0.008776 | ACC : 1349/1350 (99.926%)
[2025-02-25 03:14:51;INFO]      | Loss didn't drop!

[2025-02-25 03:14:51;INFO]best epoch: 412, best loss: 0.005249
[2025-02-25 03:14:51;INFO]----------------------------------------------------------------------------------------------------

[2025-02-25 03:14:51;INFO]Current Epoch: 434 / 500 | Learning Rate : 0.00014644660940694952
[2025-02-25 03:14:52;INFO]Train | Loss : 0.002245 | ACC : 3150/3150 (100.000%)
[2025-02-25 03:14:53;INFO]Valid | Loss : 0.009973 | ACC : 1349/1350 (99.926%)
[2025-02-25 03:14:53;INFO]      | Loss didn't drop!

[2025-02-25 03:14:53;INFO]best epoch: 412, best loss: 0.005249
[2025-02-25 03:14:53;INFO]----------------------------------------------------------------------------------------------------

[2025-02-25 03:14:53;INFO]Current Epoch: 435 / 500 | Learning Rate : 0.0005000000000009754
[2025-02-25 03:14:54;INFO]Train | Loss : 0.001889 | ACC : 3150/3150 (100.000%)
[2025-02-25 03:14:54;INFO]Valid | Loss : 0.009232 | ACC : 1349/1350 (99.926%)
[2025-02-25 03:14:54;INFO]      | Loss didn't drop!

[2025-02-25 03:14:54;INFO]best epoch: 412, best loss: 0.005249
[2025-02-25 03:14:54;INFO]----------------------------------------------------------------------------------------------------

[2025-02-25 03:14:54;INFO]Current Epoch: 436 / 500 | Learning Rate : 0.000853553390592619
[2025-02-25 03:14:55;INFO]Train | Loss : 0.001936 | ACC : 3150/3150 (100.000%)
[2025-02-25 03:14:55;INFO]Valid | Loss : 0.009221 | ACC : 1349/1350 (99.926%)
[2025-02-25 03:14:55;INFO]      | Loss didn't drop!

[2025-02-25 03:14:55;INFO]best epoch: 412, best loss: 0.005249
[2025-02-25 03:14:55;INFO]----------------------------------------------------------------------------------------------------

[2025-02-25 03:14:55;INFO]Current Epoch: 437 / 500 | Learning Rate : 0.0
[2025-02-25 03:14:56;INFO]Train | Loss : 0.001730 | ACC : 3150/3150 (100.000%)
[2025-02-25 03:14:56;INFO]Valid | Loss : 0.010419 | ACC : 1349/1350 (99.926%)
[2025-02-25 03:14:56;INFO]      | Loss didn't drop!

[2025-02-25 03:14:56;INFO]best epoch: 412, best loss: 0.005249
[2025-02-25 03:14:56;INFO]----------------------------------------------------------------------------------------------------

[2025-02-25 03:14:56;INFO]Current Epoch: 438 / 500 | Learning Rate : 0.0008535533905929044
[2025-02-25 03:14:57;INFO]Train | Loss : 0.001746 | ACC : 3150/3150 (100.000%)
[2025-02-25 03:14:57;INFO]Valid | Loss : 0.009229 | ACC : 1349/1350 (99.926%)
[2025-02-25 03:14:57;INFO]      | Loss didn't drop!

[2025-02-25 03:14:57;INFO]best epoch: 412, best loss: 0.005249
[2025-02-25 03:14:57;INFO]----------------------------------------------------------------------------------------------------

[2025-02-25 03:14:57;INFO]Current Epoch: 439 / 500 | Learning Rate : 0.0004999999999998652
[2025-02-25 03:14:58;INFO]Train | Loss : 0.001737 | ACC : 3150/3150 (100.000%)
[2025-02-25 03:14:58;INFO]Valid | Loss : 0.008786 | ACC : 1349/1350 (99.926%)
[2025-02-25 03:14:58;INFO]      | Loss didn't drop!

[2025-02-25 03:14:58;INFO]best epoch: 412, best loss: 0.005249
[2025-02-25 03:14:58;INFO]----------------------------------------------------------------------------------------------------

[2025-02-25 03:14:58;INFO]Current Epoch: 440 / 500 | Learning Rate : 0.00014644660940670175
[2025-02-25 03:14:59;INFO]Train | Loss : 0.001534 | ACC : 3150/3150 (100.000%)
[2025-02-25 03:15:00;INFO]Valid | Loss : 0.008680 | ACC : 1349/1350 (99.926%)
[2025-02-25 03:15:00;INFO]      | Loss didn't drop!

[2025-02-25 03:15:00;INFO]best epoch: 412, best loss: 0.005249
[2025-02-25 03:15:00;INFO]----------------------------------------------------------------------------------------------------

[2025-02-25 03:15:00;INFO]Current Epoch: 441 / 500 | Learning Rate : 0.0010000000000001624
[2025-02-25 03:15:01;INFO]Train | Loss : 0.001625 | ACC : 3150/3150 (100.000%)
[2025-02-25 03:15:01;INFO]Valid | Loss : 0.008732 | ACC : 1349/1350 (99.926%)
[2025-02-25 03:15:01;INFO]      | Loss didn't drop!

[2025-02-25 03:15:01;INFO]best epoch: 412, best loss: 0.005249
[2025-02-25 03:15:01;INFO]----------------------------------------------------------------------------------------------------

[2025-02-25 03:15:01;INFO]Current Epoch: 442 / 500 | Learning Rate : 0.0001464466094071925
[2025-02-25 03:15:02;INFO]Train | Loss : 0.001737 | ACC : 3150/3150 (100.000%)
[2025-02-25 03:15:02;INFO]Valid | Loss : 0.009520 | ACC : 1349/1350 (99.926%)
[2025-02-25 03:15:02;INFO]      | Loss didn't drop!

[2025-02-25 03:15:02;INFO]best epoch: 412, best loss: 0.005249
[2025-02-25 03:15:02;INFO]----------------------------------------------------------------------------------------------------

[2025-02-25 03:15:02;INFO]Current Epoch: 443 / 500 | Learning Rate : 0.0005000000000016008
[2025-02-25 03:15:03;INFO]Train | Loss : 0.001877 | ACC : 3150/3150 (100.000%)
[2025-02-25 03:15:03;INFO]Valid | Loss : 0.018280 | ACC : 1349/1350 (99.926%)
[2025-02-25 03:15:03;INFO]      | Loss didn't drop!

[2025-02-25 03:15:03;INFO]best epoch: 412, best loss: 0.005249
[2025-02-25 03:15:03;INFO]----------------------------------------------------------------------------------------------------

[2025-02-25 03:15:03;INFO]Current Epoch: 444 / 500 | Learning Rate : 0.0008535533905962943
[2025-02-25 03:15:04;INFO]Train | Loss : 0.001557 | ACC : 3150/3150 (100.000%)
[2025-02-25 03:15:04;INFO]Valid | Loss : 0.014881 | ACC : 1349/1350 (99.926%)
[2025-02-25 03:15:04;INFO]      | Loss didn't drop!

[2025-02-25 03:15:04;INFO]best epoch: 412, best loss: 0.005249
[2025-02-25 03:15:04;INFO]----------------------------------------------------------------------------------------------------

[2025-02-25 03:15:04;INFO]Current Epoch: 445 / 500 | Learning Rate : 0.0
[2025-02-25 03:15:05;INFO]Train | Loss : 0.001491 | ACC : 3150/3150 (100.000%)
[2025-02-25 03:15:05;INFO]Valid | Loss : 0.008872 | ACC : 1349/1350 (99.926%)
[2025-02-25 03:15:05;INFO]      | Loss didn't drop!

[2025-02-25 03:15:05;INFO]best epoch: 412, best loss: 0.005249
[2025-02-25 03:15:05;INFO]----------------------------------------------------------------------------------------------------

[2025-02-25 03:15:05;INFO]Current Epoch: 446 / 500 | Learning Rate : 0.0008535533905916495
[2025-02-25 03:15:06;INFO]Train | Loss : 0.001462 | ACC : 3150/3150 (100.000%)
[2025-02-25 03:15:06;INFO]Valid | Loss : 0.009022 | ACC : 1349/1350 (99.926%)
[2025-02-25 03:15:06;INFO]      | Loss didn't drop!

[2025-02-25 03:15:06;INFO]best epoch: 412, best loss: 0.005249
[2025-02-25 03:15:06;INFO]----------------------------------------------------------------------------------------------------

[2025-02-25 03:15:06;INFO]Current Epoch: 447 / 500 | Learning Rate : 0.0005000000000006105
[2025-02-25 03:15:07;INFO]Train | Loss : 0.001348 | ACC : 3150/3150 (100.000%)
[2025-02-25 03:15:08;INFO]Valid | Loss : 0.009366 | ACC : 1349/1350 (99.926%)
[2025-02-25 03:15:08;INFO]      | Loss didn't drop!

[2025-02-25 03:15:08;INFO]best epoch: 412, best loss: 0.005249
[2025-02-25 03:15:08;INFO]----------------------------------------------------------------------------------------------------

[2025-02-25 03:15:08;INFO]Current Epoch: 448 / 500 | Learning Rate : 0.0001464466094069407
[2025-02-25 03:15:09;INFO]Train | Loss : 0.001414 | ACC : 3150/3150 (100.000%)
[2025-02-25 03:15:09;INFO]Valid | Loss : 0.009928 | ACC : 1349/1350 (99.926%)
[2025-02-25 03:15:09;INFO]      | Loss didn't drop!

[2025-02-25 03:15:09;INFO]best epoch: 412, best loss: 0.005249
[2025-02-25 03:15:09;INFO]----------------------------------------------------------------------------------------------------

[2025-02-25 03:15:09;INFO]Current Epoch: 449 / 500 | Learning Rate : 0.0010000000000015329
[2025-02-25 03:15:10;INFO]Train | Loss : 0.001904 | ACC : 3150/3150 (100.000%)
[2025-02-25 03:15:10;INFO]Valid | Loss : 0.009359 | ACC : 1349/1350 (99.926%)
[2025-02-25 03:15:10;INFO]      | Loss didn't drop!

[2025-02-25 03:15:10;INFO]best epoch: 412, best loss: 0.005249
[2025-02-25 03:15:10;INFO]----------------------------------------------------------------------------------------------------

[2025-02-25 03:15:10;INFO]Current Epoch: 450 / 500 | Learning Rate : 0.00014644660940693122
[2025-02-25 03:15:11;INFO]Train | Loss : 0.001402 | ACC : 3150/3150 (100.000%)
[2025-02-25 03:15:11;INFO]Valid | Loss : 0.009478 | ACC : 1349/1350 (99.926%)
[2025-02-25 03:15:11;INFO]      | Loss didn't drop!

[2025-02-25 03:15:11;INFO]best epoch: 412, best loss: 0.005249
[2025-02-25 03:15:11;INFO]----------------------------------------------------------------------------------------------------

[2025-02-25 03:15:11;INFO]Current Epoch: 451 / 500 | Learning Rate : 0.0005000000000008926
[2025-02-25 03:15:12;INFO]Train | Loss : 0.001411 | ACC : 3150/3150 (100.000%)
[2025-02-25 03:15:12;INFO]Valid | Loss : 0.009994 | ACC : 1349/1350 (99.926%)
[2025-02-25 03:15:12;INFO]      | Loss didn't drop!

[2025-02-25 03:15:12;INFO]best epoch: 412, best loss: 0.005249
[2025-02-25 03:15:12;INFO]----------------------------------------------------------------------------------------------------

[2025-02-25 03:15:12;INFO]Current Epoch: 452 / 500 | Learning Rate : 0.0008535533905949631
[2025-02-25 03:15:13;INFO]Train | Loss : 0.001488 | ACC : 3150/3150 (100.000%)
[2025-02-25 03:15:14;INFO]Valid | Loss : 0.009470 | ACC : 1349/1350 (99.926%)
[2025-02-25 03:15:14;INFO]      | Loss didn't drop!

[2025-02-25 03:15:14;INFO]best epoch: 412, best loss: 0.005249
[2025-02-25 03:15:14;INFO]----------------------------------------------------------------------------------------------------

[2025-02-25 03:15:14;INFO]Current Epoch: 453 / 500 | Learning Rate : 0.0
[2025-02-25 03:15:15;INFO]Train | Loss : 0.001352 | ACC : 3150/3150 (100.000%)
[2025-02-25 03:15:15;INFO]Valid | Loss : 0.009439 | ACC : 1349/1350 (99.926%)
[2025-02-25 03:15:15;INFO]      | Loss didn't drop!

[2025-02-25 03:15:15;INFO]best epoch: 412, best loss: 0.005249
[2025-02-25 03:15:15;INFO]----------------------------------------------------------------------------------------------------

[2025-02-25 03:15:15;INFO]Current Epoch: 454 / 500 | Learning Rate : 0.0008535533905929385
[2025-02-25 03:15:16;INFO]Train | Loss : 0.001307 | ACC : 3150/3150 (100.000%)
[2025-02-25 03:15:16;INFO]Valid | Loss : 0.008934 | ACC : 1349/1350 (99.926%)
[2025-02-25 03:15:16;INFO]      | Loss didn't drop!

[2025-02-25 03:15:16;INFO]best epoch: 412, best loss: 0.005249
[2025-02-25 03:15:16;INFO]----------------------------------------------------------------------------------------------------

[2025-02-25 03:15:16;INFO]Current Epoch: 455 / 500 | Learning Rate : 0.0004999999999997947
[2025-02-25 03:15:17;INFO]Train | Loss : 0.001299 | ACC : 3150/3150 (100.000%)
[2025-02-25 03:15:17;INFO]Valid | Loss : 0.009430 | ACC : 1349/1350 (99.926%)
[2025-02-25 03:15:17;INFO]      | Loss didn't drop!

[2025-02-25 03:15:17;INFO]best epoch: 412, best loss: 0.005249
[2025-02-25 03:15:17;INFO]----------------------------------------------------------------------------------------------------

[2025-02-25 03:15:17;INFO]Current Epoch: 456 / 500 | Learning Rate : 0.0001464466094066752
[2025-02-25 03:15:18;INFO]Train | Loss : 0.001267 | ACC : 3150/3150 (100.000%)
[2025-02-25 03:15:18;INFO]Valid | Loss : 0.010197 | ACC : 1349/1350 (99.926%)
[2025-02-25 03:15:18;INFO]      | Loss didn't drop!

[2025-02-25 03:15:18;INFO]best epoch: 412, best loss: 0.005249
[2025-02-25 03:15:18;INFO]----------------------------------------------------------------------------------------------------

[2025-02-25 03:15:18;INFO]Current Epoch: 457 / 500 | Learning Rate : 0.0010000000000000087
[2025-02-25 03:15:19;INFO]Train | Loss : 0.001310 | ACC : 3150/3150 (100.000%)
[2025-02-25 03:15:19;INFO]Valid | Loss : 0.008929 | ACC : 1349/1350 (99.926%)
[2025-02-25 03:15:19;INFO]      | Loss didn't drop!

[2025-02-25 03:15:19;INFO]best epoch: 412, best loss: 0.005249
[2025-02-25 03:15:19;INFO]----------------------------------------------------------------------------------------------------

[2025-02-25 03:15:19;INFO]Current Epoch: 458 / 500 | Learning Rate : 0.00014644660940675157
[2025-02-25 03:15:20;INFO]Train | Loss : 0.001216 | ACC : 3150/3150 (100.000%)
[2025-02-25 03:15:21;INFO]Valid | Loss : 0.010018 | ACC : 1349/1350 (99.926%)
[2025-02-25 03:15:21;INFO]      | Loss didn't drop!

[2025-02-25 03:15:21;INFO]best epoch: 412, best loss: 0.005249
[2025-02-25 03:15:21;INFO]----------------------------------------------------------------------------------------------------

[2025-02-25 03:15:21;INFO]Current Epoch: 459 / 500 | Learning Rate : 0.0005000000000000751
[2025-02-25 03:15:22;INFO]Train | Loss : 0.001265 | ACC : 3150/3150 (100.000%)
[2025-02-25 03:15:22;INFO]Valid | Loss : 0.009413 | ACC : 1349/1350 (99.926%)
[2025-02-25 03:15:22;INFO]      | Loss didn't drop!

[2025-02-25 03:15:22;INFO]best epoch: 412, best loss: 0.005249
[2025-02-25 03:15:22;INFO]----------------------------------------------------------------------------------------------------

[2025-02-25 03:15:22;INFO]Current Epoch: 460 / 500 | Learning Rate : 0.0008535533905961748
[2025-02-25 03:15:23;INFO]Train | Loss : 0.001226 | ACC : 3150/3150 (100.000%)
[2025-02-25 03:15:23;INFO]Valid | Loss : 0.009224 | ACC : 1349/1350 (99.926%)
[2025-02-25 03:15:23;INFO]      | Loss didn't drop!

[2025-02-25 03:15:23;INFO]best epoch: 412, best loss: 0.005249
[2025-02-25 03:15:23;INFO]----------------------------------------------------------------------------------------------------

[2025-02-25 03:15:23;INFO]Current Epoch: 461 / 500 | Learning Rate : 0.0
[2025-02-25 03:15:24;INFO]Train | Loss : 0.001194 | ACC : 3150/3150 (100.000%)
[2025-02-25 03:15:24;INFO]Valid | Loss : 0.009165 | ACC : 1349/1350 (99.926%)
[2025-02-25 03:15:24;INFO]      | Loss didn't drop!

[2025-02-25 03:15:24;INFO]best epoch: 412, best loss: 0.005249
[2025-02-25 03:15:24;INFO]----------------------------------------------------------------------------------------------------

[2025-02-25 03:15:24;INFO]Current Epoch: 462 / 500 | Learning Rate : 0.0008535533905965286
[2025-02-25 03:15:25;INFO]Train | Loss : 0.001203 | ACC : 3150/3150 (100.000%)
[2025-02-25 03:15:25;INFO]Valid | Loss : 0.008733 | ACC : 1349/1350 (99.926%)
[2025-02-25 03:15:25;INFO]      | Loss didn't drop!

[2025-02-25 03:15:25;INFO]best epoch: 412, best loss: 0.005249
[2025-02-25 03:15:25;INFO]----------------------------------------------------------------------------------------------------

[2025-02-25 03:15:25;INFO]Current Epoch: 463 / 500 | Learning Rate : 0.000499999999999097
[2025-02-25 03:15:26;INFO]Train | Loss : 0.001070 | ACC : 3150/3150 (100.000%)
[2025-02-25 03:15:26;INFO]Valid | Loss : 0.009251 | ACC : 1349/1350 (99.926%)
[2025-02-25 03:15:26;INFO]      | Loss didn't drop!

[2025-02-25 03:15:26;INFO]best epoch: 412, best loss: 0.005249
[2025-02-25 03:15:26;INFO]----------------------------------------------------------------------------------------------------

[2025-02-25 03:15:26;INFO]Current Epoch: 464 / 500 | Learning Rate : 0.00014644660940641105
[2025-02-25 03:15:27;INFO]Train | Loss : 0.001137 | ACC : 3150/3150 (100.000%)
[2025-02-25 03:15:28;INFO]Valid | Loss : 0.009151 | ACC : 1349/1350 (99.926%)
[2025-02-25 03:15:28;INFO]      | Loss didn't drop!

[2025-02-25 03:15:28;INFO]best epoch: 412, best loss: 0.005249
[2025-02-25 03:15:28;INFO]----------------------------------------------------------------------------------------------------

[2025-02-25 03:15:28;INFO]Current Epoch: 465 / 500 | Learning Rate : 0.00100000000000138
[2025-02-25 03:15:29;INFO]Train | Loss : 0.001283 | ACC : 3150/3150 (100.000%)
[2025-02-25 03:15:29;INFO]Valid | Loss : 0.009097 | ACC : 1349/1350 (99.926%)
[2025-02-25 03:15:29;INFO]      | Loss didn't drop!

[2025-02-25 03:15:29;INFO]best epoch: 412, best loss: 0.005249
[2025-02-25 03:15:29;INFO]----------------------------------------------------------------------------------------------------

[2025-02-25 03:15:29;INFO]Current Epoch: 466 / 500 | Learning Rate : 0.00014644660940699465
[2025-02-25 03:15:30;INFO]Train | Loss : 0.001016 | ACC : 3150/3150 (100.000%)
[2025-02-25 03:15:30;INFO]Valid | Loss : 0.009062 | ACC : 1349/1350 (99.926%)
[2025-02-25 03:15:30;INFO]      | Loss didn't drop!

[2025-02-25 03:15:30;INFO]best epoch: 412, best loss: 0.005249
[2025-02-25 03:15:30;INFO]----------------------------------------------------------------------------------------------------

[2025-02-25 03:15:30;INFO]Current Epoch: 467 / 500 | Learning Rate : 0.0005000000000009285
[2025-02-25 03:15:31;INFO]Train | Loss : 0.001109 | ACC : 3150/3150 (100.000%)
[2025-02-25 03:15:31;INFO]Valid | Loss : 0.008949 | ACC : 1349/1350 (99.926%)
[2025-02-25 03:15:31;INFO]      | Loss didn't drop!

[2025-02-25 03:15:31;INFO]best epoch: 412, best loss: 0.005249
[2025-02-25 03:15:31;INFO]----------------------------------------------------------------------------------------------------

[2025-02-25 03:15:31;INFO]Current Epoch: 468 / 500 | Learning Rate : 0.0008535533905949166
[2025-02-25 03:15:32;INFO]Train | Loss : 0.001101 | ACC : 3150/3150 (100.000%)
[2025-02-25 03:15:32;INFO]Valid | Loss : 0.009047 | ACC : 1349/1350 (99.926%)
[2025-02-25 03:15:32;INFO]      | Loss didn't drop!

[2025-02-25 03:15:32;INFO]best epoch: 412, best loss: 0.005249
[2025-02-25 03:15:32;INFO]----------------------------------------------------------------------------------------------------

[2025-02-25 03:15:32;INFO]Current Epoch: 469 / 500 | Learning Rate : 0.0
[2025-02-25 03:15:33;INFO]Train | Loss : 0.001303 | ACC : 3150/3150 (100.000%)
[2025-02-25 03:15:33;INFO]Valid | Loss : 0.009116 | ACC : 1349/1350 (99.926%)
[2025-02-25 03:15:33;INFO]      | Loss didn't drop!

[2025-02-25 03:15:33;INFO]best epoch: 412, best loss: 0.005249
[2025-02-25 03:15:33;INFO]----------------------------------------------------------------------------------------------------

[2025-02-25 03:15:33;INFO]Current Epoch: 470 / 500 | Learning Rate : 0.0008535533905951854
[2025-02-25 03:15:34;INFO]Train | Loss : 0.001015 | ACC : 3150/3150 (100.000%)
[2025-02-25 03:15:35;INFO]Valid | Loss : 0.009261 | ACC : 1349/1350 (99.926%)
[2025-02-25 03:15:35;INFO]      | Loss didn't drop!

[2025-02-25 03:15:35;INFO]best epoch: 412, best loss: 0.005249
[2025-02-25 03:15:35;INFO]----------------------------------------------------------------------------------------------------

[2025-02-25 03:15:35;INFO]Current Epoch: 471 / 500 | Learning Rate : 0.000499999999999724
[2025-02-25 03:15:36;INFO]Train | Loss : 0.001126 | ACC : 3150/3150 (100.000%)
[2025-02-25 03:15:36;INFO]Valid | Loss : 0.009645 | ACC : 1349/1350 (99.926%)
[2025-02-25 03:15:36;INFO]      | Loss didn't drop!

[2025-02-25 03:15:36;INFO]best epoch: 412, best loss: 0.005249
[2025-02-25 03:15:36;INFO]----------------------------------------------------------------------------------------------------

[2025-02-25 03:15:36;INFO]Current Epoch: 472 / 500 | Learning Rate : 0.00014644660940664868
[2025-02-25 03:15:37;INFO]Train | Loss : 0.000920 | ACC : 3150/3150 (100.000%)
[2025-02-25 03:15:37;INFO]Valid | Loss : 0.009810 | ACC : 1349/1350 (99.926%)
[2025-02-25 03:15:37;INFO]      | Loss didn't drop!

[2025-02-25 03:15:37;INFO]best epoch: 412, best loss: 0.005249
[2025-02-25 03:15:37;INFO]----------------------------------------------------------------------------------------------------

[2025-02-25 03:15:37;INFO]Current Epoch: 473 / 500 | Learning Rate : 0.0009999999999998647
[2025-02-25 03:15:38;INFO]Train | Loss : 0.001012 | ACC : 3150/3150 (100.000%)
[2025-02-25 03:15:38;INFO]Valid | Loss : 0.009208 | ACC : 1349/1350 (99.926%)
[2025-02-25 03:15:38;INFO]      | Loss didn't drop!

[2025-02-25 03:15:38;INFO]best epoch: 412, best loss: 0.005249
[2025-02-25 03:15:38;INFO]----------------------------------------------------------------------------------------------------

[2025-02-25 03:15:38;INFO]Current Epoch: 474 / 500 | Learning Rate : 0.0001464466094067333
[2025-02-25 03:15:39;INFO]Train | Loss : 0.000946 | ACC : 3150/3150 (100.000%)
[2025-02-25 03:15:39;INFO]Valid | Loss : 0.009026 | ACC : 1349/1350 (99.926%)
[2025-02-25 03:15:39;INFO]      | Loss didn't drop!

[2025-02-25 03:15:39;INFO]best epoch: 412, best loss: 0.005249
[2025-02-25 03:15:39;INFO]----------------------------------------------------------------------------------------------------

[2025-02-25 03:15:39;INFO]Current Epoch: 475 / 500 | Learning Rate : 0.0005000000000002201
[2025-02-25 03:15:40;INFO]Train | Loss : 0.001013 | ACC : 3150/3150 (100.000%)
[2025-02-25 03:15:40;INFO]Valid | Loss : 0.008972 | ACC : 1349/1350 (99.926%)
[2025-02-25 03:15:40;INFO]      | Loss didn't drop!

[2025-02-25 03:15:40;INFO]best epoch: 412, best loss: 0.005249
[2025-02-25 03:15:40;INFO]----------------------------------------------------------------------------------------------------

[2025-02-25 03:15:40;INFO]Current Epoch: 476 / 500 | Learning Rate : 0.0008535533905935852
[2025-02-25 03:15:41;INFO]Train | Loss : 0.000996 | ACC : 3150/3150 (100.000%)
[2025-02-25 03:15:42;INFO]Valid | Loss : 0.009090 | ACC : 1349/1350 (99.926%)
[2025-02-25 03:15:42;INFO]      | Loss didn't drop!

[2025-02-25 03:15:42;INFO]best epoch: 412, best loss: 0.005249
[2025-02-25 03:15:42;INFO]----------------------------------------------------------------------------------------------------

[2025-02-25 03:15:42;INFO]Current Epoch: 477 / 500 | Learning Rate : 0.0
[2025-02-25 03:15:43;INFO]Train | Loss : 0.000975 | ACC : 3150/3150 (100.000%)
[2025-02-25 03:15:43;INFO]Valid | Loss : 0.009662 | ACC : 1349/1350 (99.926%)
[2025-02-25 03:15:43;INFO]      | Loss didn't drop!

[2025-02-25 03:15:43;INFO]best epoch: 412, best loss: 0.005249
[2025-02-25 03:15:43;INFO]----------------------------------------------------------------------------------------------------

[2025-02-25 03:15:43;INFO]Current Epoch: 478 / 500 | Learning Rate : 0.0008535533905963937
[2025-02-25 03:15:44;INFO]Train | Loss : 0.000968 | ACC : 3150/3150 (100.000%)
[2025-02-25 03:15:44;INFO]Valid | Loss : 0.009654 | ACC : 1349/1350 (99.926%)
[2025-02-25 03:15:44;INFO]      | Loss didn't drop!

[2025-02-25 03:15:44;INFO]best epoch: 412, best loss: 0.005249
[2025-02-25 03:15:44;INFO]----------------------------------------------------------------------------------------------------

[2025-02-25 03:15:44;INFO]Current Epoch: 479 / 500 | Learning Rate : 0.000499999999999026
[2025-02-25 03:15:45;INFO]Train | Loss : 0.000916 | ACC : 3150/3150 (100.000%)
[2025-02-25 03:15:45;INFO]Valid | Loss : 0.009658 | ACC : 1349/1350 (99.926%)
[2025-02-25 03:15:45;INFO]      | Loss didn't drop!

[2025-02-25 03:15:45;INFO]best epoch: 412, best loss: 0.005249
[2025-02-25 03:15:45;INFO]----------------------------------------------------------------------------------------------------

[2025-02-25 03:15:45;INFO]Current Epoch: 480 / 500 | Learning Rate : 0.0001464466094065452
[2025-02-25 03:15:46;INFO]Train | Loss : 0.000984 | ACC : 3150/3150 (100.000%)
[2025-02-25 03:15:46;INFO]Valid | Loss : 0.010020 | ACC : 1349/1350 (99.926%)
[2025-02-25 03:15:46;INFO]      | Loss didn't drop!

[2025-02-25 03:15:46;INFO]best epoch: 412, best loss: 0.005249
[2025-02-25 03:15:46;INFO]----------------------------------------------------------------------------------------------------

[2025-02-25 03:15:46;INFO]Current Epoch: 481 / 500 | Learning Rate : 0.0009999999999983408
[2025-02-25 03:15:47;INFO]Train | Loss : 0.000852 | ACC : 3150/3150 (100.000%)
[2025-02-25 03:15:47;INFO]Valid | Loss : 0.009331 | ACC : 1349/1350 (99.926%)
[2025-02-25 03:15:47;INFO]      | Loss didn't drop!

[2025-02-25 03:15:47;INFO]best epoch: 412, best loss: 0.005249
[2025-02-25 03:15:47;INFO]----------------------------------------------------------------------------------------------------

[2025-02-25 03:15:47;INFO]Current Epoch: 482 / 500 | Learning Rate : 0.00014644660940697635
[2025-02-25 03:15:48;INFO]Train | Loss : 0.000991 | ACC : 3150/3150 (100.000%)
[2025-02-25 03:15:49;INFO]Valid | Loss : 0.010157 | ACC : 1349/1350 (99.926%)
[2025-02-25 03:15:49;INFO]      | Loss didn't drop!

[2025-02-25 03:15:49;INFO]best epoch: 412, best loss: 0.005249
[2025-02-25 03:15:49;INFO]----------------------------------------------------------------------------------------------------

[2025-02-25 03:15:49;INFO]Current Epoch: 483 / 500 | Learning Rate : 0.0005000000000008458
[2025-02-25 03:15:50;INFO]Train | Loss : 0.000872 | ACC : 3150/3150 (100.000%)
[2025-02-25 03:15:50;INFO]Valid | Loss : 0.010051 | ACC : 1349/1350 (99.926%)
[2025-02-25 03:15:50;INFO]      | Loss didn't drop!

[2025-02-25 03:15:50;INFO]best epoch: 412, best loss: 0.005249
[2025-02-25 03:15:50;INFO]----------------------------------------------------------------------------------------------------

[2025-02-25 03:15:50;INFO]Current Epoch: 484 / 500 | Learning Rate : 0.0008535533905947983
[2025-02-25 03:15:51;INFO]Train | Loss : 0.000864 | ACC : 3150/3150 (100.000%)
[2025-02-25 03:15:51;INFO]Valid | Loss : 0.009401 | ACC : 1349/1350 (99.926%)
[2025-02-25 03:15:51;INFO]      | Loss didn't drop!

[2025-02-25 03:15:51;INFO]best epoch: 412, best loss: 0.005249
[2025-02-25 03:15:51;INFO]----------------------------------------------------------------------------------------------------

[2025-02-25 03:15:51;INFO]Current Epoch: 485 / 500 | Learning Rate : 0.0
[2025-02-25 03:15:52;INFO]Train | Loss : 0.000940 | ACC : 3150/3150 (100.000%)
[2025-02-25 03:15:52;INFO]Valid | Loss : 0.009143 | ACC : 1349/1350 (99.926%)
[2025-02-25 03:15:52;INFO]      | Loss didn't drop!

[2025-02-25 03:15:52;INFO]best epoch: 412, best loss: 0.005249
[2025-02-25 03:15:52;INFO]----------------------------------------------------------------------------------------------------

[2025-02-25 03:15:52;INFO]Current Epoch: 486 / 500 | Learning Rate : 0.0008535533905950582
[2025-02-25 03:15:53;INFO]Train | Loss : 0.000834 | ACC : 3150/3150 (100.000%)
[2025-02-25 03:15:53;INFO]Valid | Loss : 0.009360 | ACC : 1349/1350 (99.926%)
[2025-02-25 03:15:53;INFO]      | Loss didn't drop!

[2025-02-25 03:15:53;INFO]best epoch: 412, best loss: 0.005249
[2025-02-25 03:15:53;INFO]----------------------------------------------------------------------------------------------------

[2025-02-25 03:15:53;INFO]Current Epoch: 487 / 500 | Learning Rate : 0.0005000000000012141
[2025-02-25 03:15:54;INFO]Train | Loss : 0.000954 | ACC : 3150/3150 (100.000%)
[2025-02-25 03:15:54;INFO]Valid | Loss : 0.009124 | ACC : 1349/1350 (99.926%)
[2025-02-25 03:15:54;INFO]      | Loss didn't drop!

[2025-02-25 03:15:54;INFO]best epoch: 412, best loss: 0.005249
[2025-02-25 03:15:54;INFO]----------------------------------------------------------------------------------------------------

[2025-02-25 03:15:54;INFO]Current Epoch: 488 / 500 | Learning Rate : 0.00014644660940712627
[2025-02-25 03:15:55;INFO]Train | Loss : 0.000849 | ACC : 3150/3150 (100.000%)
[2025-02-25 03:15:56;INFO]Valid | Loss : 0.009692 | ACC : 1349/1350 (99.926%)
[2025-02-25 03:15:56;INFO]      | Loss didn't drop!

[2025-02-25 03:15:56;INFO]best epoch: 412, best loss: 0.005249
[2025-02-25 03:15:56;INFO]----------------------------------------------------------------------------------------------------

[2025-02-25 03:15:56;INFO]Current Epoch: 489 / 500 | Learning Rate : 0.0009999999999997112
[2025-02-25 03:15:57;INFO]Train | Loss : 0.000877 | ACC : 3150/3150 (100.000%)
[2025-02-25 03:15:57;INFO]Valid | Loss : 0.009416 | ACC : 1349/1350 (99.926%)
[2025-02-25 03:15:57;INFO]      | Loss didn't drop!

[2025-02-25 03:15:57;INFO]best epoch: 412, best loss: 0.005249
[2025-02-25 03:15:57;INFO]----------------------------------------------------------------------------------------------------

[2025-02-25 03:15:57;INFO]Current Epoch: 490 / 500 | Learning Rate : 0.00014644660940671633
[2025-02-25 03:15:58;INFO]Train | Loss : 0.000827 | ACC : 3150/3150 (100.000%)
[2025-02-25 03:15:58;INFO]Valid | Loss : 0.009178 | ACC : 1349/1350 (99.926%)
[2025-02-25 03:15:58;INFO]      | Loss didn't drop!

[2025-02-25 03:15:58;INFO]best epoch: 412, best loss: 0.005249
[2025-02-25 03:15:58;INFO]----------------------------------------------------------------------------------------------------

[2025-02-25 03:15:58;INFO]Current Epoch: 491 / 500 | Learning Rate : 0.0005000000000000286
[2025-02-25 03:15:59;INFO]Train | Loss : 0.000885 | ACC : 3150/3150 (100.000%)
[2025-02-25 03:15:59;INFO]Valid | Loss : 0.009346 | ACC : 1349/1350 (99.926%)
[2025-02-25 03:15:59;INFO]      | Loss didn't drop!

[2025-02-25 03:15:59;INFO]best epoch: 412, best loss: 0.005249
[2025-02-25 03:15:59;INFO]----------------------------------------------------------------------------------------------------

[2025-02-25 03:15:59;INFO]Current Epoch: 492 / 500 | Learning Rate : 0.0008535533905934587
[2025-02-25 03:16:00;INFO]Train | Loss : 0.000792 | ACC : 3150/3150 (100.000%)
[2025-02-25 03:16:00;INFO]Valid | Loss : 0.009370 | ACC : 1349/1350 (99.926%)
[2025-02-25 03:16:00;INFO]      | Loss didn't drop!

[2025-02-25 03:16:00;INFO]best epoch: 412, best loss: 0.005249
[2025-02-25 03:16:00;INFO]----------------------------------------------------------------------------------------------------

[2025-02-25 03:16:00;INFO]Current Epoch: 493 / 500 | Learning Rate : 0.0
[2025-02-25 03:16:01;INFO]Train | Loss : 0.000813 | ACC : 3150/3150 (100.000%)
[2025-02-25 03:16:02;INFO]Valid | Loss : 0.009252 | ACC : 1349/1350 (99.926%)
[2025-02-25 03:16:02;INFO]      | Loss didn't drop!

[2025-02-25 03:16:02;INFO]best epoch: 412, best loss: 0.005249
[2025-02-25 03:16:02;INFO]----------------------------------------------------------------------------------------------------

[2025-02-25 03:16:02;INFO]Current Epoch: 494 / 500 | Learning Rate : 0.0008535533905937962
[2025-02-25 03:16:02;INFO]Train | Loss : 0.000833 | ACC : 3150/3150 (100.000%)
[2025-02-25 03:16:03;INFO]Valid | Loss : 0.009237 | ACC : 1349/1350 (99.926%)
[2025-02-25 03:16:03;INFO]      | Loss didn't drop!

[2025-02-25 03:16:03;INFO]best epoch: 412, best loss: 0.005249
[2025-02-25 03:16:03;INFO]----------------------------------------------------------------------------------------------------

[2025-02-25 03:16:03;INFO]Current Epoch: 495 / 500 | Learning Rate : 0.0005000000000018454
[2025-02-25 03:16:04;INFO]Train | Loss : 0.000867 | ACC : 3150/3150 (100.000%)
[2025-02-25 03:16:04;INFO]Valid | Loss : 0.009718 | ACC : 1349/1350 (99.926%)
[2025-02-25 03:16:04;INFO]      | Loss didn't drop!

[2025-02-25 03:16:04;INFO]best epoch: 412, best loss: 0.005249
[2025-02-25 03:16:04;INFO]----------------------------------------------------------------------------------------------------

[2025-02-25 03:16:04;INFO]Current Epoch: 496 / 500 | Learning Rate : 0.0001464466094073651
[2025-02-25 03:16:05;INFO]Train | Loss : 0.000820 | ACC : 3150/3150 (100.000%)
[2025-02-25 03:16:05;INFO]Valid | Loss : 0.009333 | ACC : 1349/1350 (99.926%)
[2025-02-25 03:16:05;INFO]      | Loss didn't drop!

[2025-02-25 03:16:05;INFO]best epoch: 412, best loss: 0.005249
[2025-02-25 03:16:05;INFO]----------------------------------------------------------------------------------------------------

[2025-02-25 03:16:05;INFO]Current Epoch: 497 / 500 | Learning Rate : 0.0009999999999981966
[2025-02-25 03:16:06;INFO]Train | Loss : 0.000811 | ACC : 3150/3150 (100.000%)
[2025-02-25 03:16:06;INFO]Valid | Loss : 0.009373 | ACC : 1349/1350 (99.926%)
[2025-02-25 03:16:06;INFO]      | Loss didn't drop!

[2025-02-25 03:16:06;INFO]best epoch: 412, best loss: 0.005249
[2025-02-25 03:16:06;INFO]----------------------------------------------------------------------------------------------------

[2025-02-25 03:16:06;INFO]Current Epoch: 498 / 500 | Learning Rate : 0.0001464466094065355
[2025-02-25 03:16:07;INFO]Train | Loss : 0.000787 | ACC : 3150/3150 (100.000%)
[2025-02-25 03:16:07;INFO]Valid | Loss : 0.009679 | ACC : 1349/1350 (99.926%)
[2025-02-25 03:16:07;INFO]      | Loss didn't drop!

[2025-02-25 03:16:07;INFO]best epoch: 412, best loss: 0.005249
[2025-02-25 03:16:07;INFO]----------------------------------------------------------------------------------------------------

[2025-02-25 03:16:07;INFO]Current Epoch: 499 / 500 | Learning Rate : 0.0004999999999993205
[2025-02-25 03:16:08;INFO]Train | Loss : 0.000763 | ACC : 3150/3150 (100.000%)
[2025-02-25 03:16:09;INFO]Valid | Loss : 0.010778 | ACC : 1349/1350 (99.926%)
[2025-02-25 03:16:09;INFO]      | Loss didn't drop!

[2025-02-25 03:16:09;INFO]best epoch: 412, best loss: 0.005249
[2025-02-25 03:16:09;INFO]----------------------------------------------------------------------------------------------------

[2025-02-25 03:16:09;INFO]Current Epoch: 500 / 500 | Learning Rate : 0.000853553390594671
[2025-02-25 03:16:10;INFO]Train | Loss : 0.000786 | ACC : 3150/3150 (100.000%)
[2025-02-25 03:16:10;INFO]Valid | Loss : 0.009253 | ACC : 1349/1350 (99.926%)
[2025-02-25 03:16:10;INFO]      | Loss didn't drop!

[2025-02-25 03:16:10;INFO]best epoch: 412, best loss: 0.005249
[2025-02-25 03:16:10;INFO]----------------------------------------------------------------------------------------------------

[2025-02-25 03:16:10;INFO]Training finished! Best Epoch : 412 | Best Loss : 0.005249


[2025-02-25 03:16:10;INFO]Start testing ...
[2025-02-25 03:16:10;INFO]No. test samples: 1500
[2025-02-25 03:16:10;INFO]----------------------------------------------------------------------------------------------------

[2025-02-25 03:16:10;INFO]Testing finished! ACC : 1499/1500 (99.933%) *****


